date,open,close,high,low,volume
2005-02-23,1.043,1.037,1.044,1.025,12697425.42
2005-02-24,1.037,1.037,1.037,1.028,4516142.23
2005-02-25,1.038,1.042,1.05,1.036,5064606.95
2005-02-28,1.039,1.032,1.041,1.03,1879651.93
2005-03-01,1.03,1.026,1.034,1.024,2080944.56
2005-03-02,1.026,1.017,1.035,1.015,2492746.43
2005-03-03,1.016,1.017,1.019,1.011,1001532.2
2005-03-04,1.017,1.018,1.024,1.015,1298001.89
2005-03-07,1.018,1.021,1.024,1.018,1167896.45
2005-03-08,1.023,1.035,1.036,1.022,2985053.87
2005-03-09,1.035,1.034,1.039,1.029,2000063.04
2005-03-10,1.032,1.01,1.032,1.009,3338597.48
2005-03-11,1.01,1.012,1.013,1.006,1323445.47
2005-03-14,1.012,1.015,1.023,1.0,2335094.99
2005-03-15,1.013,0.998,1.013,0.997,2829616.31
2005-03-16,0.996,0.987,0.998,0.985,2194449.91
2005-03-17,0.987,0.98,0.991,0.979,1300625.34
2005-03-18,0.98,0.976,0.985,0.972,2277922.57
2005-03-21,0.976,0.976,0.978,0.972,1032730.02
2005-03-22,0.976,0.957,0.977,0.955,1622940.82
2005-03-23,0.955,0.952,0.96,0.947,1452955.1
2005-03-24,0.949,0.954,0.955,0.944,1183880.57
2005-03-25,0.954,0.953,0.958,0.949,1082233.65
2005-03-28,0.951,0.949,0.953,0.944,712663.2
2005-03-29,0.949,0.953,0.96,0.949,1440180.3
2005-03-30,0.952,0.939,0.952,0.936,1926594.45
2005-03-31,0.938,0.94,0.941,0.931,1287382.77
2005-04-01,0.939,0.981,0.987,0.935,5023906.01
2005-04-04,0.964,0.959,0.968,0.952,2329915.58
2005-04-05,0.957,0.953,0.963,0.949,1295870.51
2005-04-06,0.949,0.968,0.977,0.946,2613610.39
2005-04-07,0.968,0.976,0.993,0.965,3634517.93
2005-04-08,0.976,0.99,0.99,0.97,2432582.74
2005-04-11,0.986,0.983,0.996,0.979,1632058.41
2005-04-12,0.983,0.972,0.985,0.971,2114897.93
2005-04-13,0.984,0.994,0.997,0.983,4037055.35
2005-04-14,0.994,0.98,0.996,0.98,2077160.78
2005-04-15,0.979,0.968,0.979,0.967,2803011.12
2005-04-18,0.965,0.957,0.97,0.953,1651911.31
2005-04-19,0.957,0.96,0.961,0.952,814256.78
2005-04-20,0.959,0.944,0.959,0.942,2184902.95
2005-04-21,0.945,0.944,0.952,0.939,2385393.71
2005-04-22,0.946,0.945,0.949,0.941,2467110.82
2005-04-25,0.944,0.935,0.944,0.931,3168918.03
2005-04-26,0.935,0.939,0.942,0.933,2272327.16
2005-04-27,0.942,0.933,0.942,0.932,2235970.26
2005-04-28,0.932,0.944,0.945,0.927,3103258.39
2005-04-29,0.941,0.933,0.945,0.929,2258640.67
2005-05-09,0.947,0.923,0.948,0.922,3347309.97
2005-05-10,0.923,0.927,0.929,0.912,3161237.81
2005-05-11,0.926,0.92,0.928,0.919,2124927.75
2005-05-12,0.918,0.9,0.92,0.899,2692804.31
2005-05-13,0.897,0.902,0.91,0.894,1967271.42
2005-05-16,0.902,0.888,0.902,0.884,1481448.25
2005-05-17,0.888,0.893,0.9,0.883,1184261.7
2005-05-18,0.89,0.894,0.901,0.884,1444553.14
2005-05-19,0.893,0.894,0.899,0.883,1498215.63
2005-05-20,0.893,0.896,0.9,0.89,1476985.07
2005-05-23,0.891,0.88,0.891,0.878,2472999.69
2005-05-24,0.877,0.877,0.881,0.868,2452401.6
2005-05-25,0.876,0.88,0.887,0.873,1555312.16
2005-05-26,0.88,0.871,0.883,0.869,1244115.89
2005-05-27,0.87,0.864,0.875,0.862,1950855.85
2005-05-30,0.861,0.871,0.875,0.855,2206356.64
2005-05-31,0.871,0.874,0.878,0.868,1710550.59
2005-06-01,0.871,0.86,0.875,0.857,1554608.71
2005-06-02,0.857,0.837,0.858,0.833,3607568.8
2005-06-03,0.838,0.835,0.841,0.829,2799639.36
2005-06-06,0.833,0.852,0.854,0.829,4269577.59
2005-06-07,0.85,0.852,0.87,0.848,3543681.28
2005-06-08,0.855,0.925,0.928,0.855,9684174.19
2005-06-09,0.923,0.934,0.947,0.912,7380071.07
2005-06-10,0.932,0.918,0.932,0.912,4580717.41
2005-06-13,0.919,0.916,0.922,0.901,4002313.98
2005-06-14,0.916,0.909,0.925,0.908,2467613.2
2005-06-15,0.906,0.894,0.907,0.891,2203364.45
2005-06-16,0.891,0.907,0.908,0.891,1597232.34
2005-06-17,0.912,0.914,0.926,0.91,2897365.7
2005-06-20,0.929,0.952,0.953,0.92,5724950.08
2005-06-21,0.952,0.94,0.952,0.938,2799399.76
2005-06-22,0.938,0.945,0.946,0.934,2282934.83
2005-06-23,0.942,0.94,0.945,0.936,2715488.58
2005-06-24,0.936,0.94,0.941,0.931,1581394.3
2005-06-27,0.944,0.957,0.959,0.944,3753575.34
2005-06-28,0.952,0.949,0.952,0.941,2532612.54
2005-06-29,0.952,0.936,0.953,0.934,2410229.12
2005-06-30,0.935,0.91,0.935,0.908,2503000.13
2005-07-01,0.909,0.908,0.91,0.902,2699547.77
2005-07-04,0.905,0.901,0.905,0.893,1742102.48
2005-07-05,0.9,0.893,0.9,0.89,1004899.95
2005-07-06,0.893,0.888,0.899,0.887,1845639.99
2005-07-07,0.887,0.888,0.893,0.886,932639.39
2005-07-08,0.886,0.88,0.886,0.873,1558905.27
2005-07-11,0.889,0.877,0.905,0.876,2239093.0
2005-07-12,0.875,0.914,0.916,0.869,4059560.78
2005-07-13,0.909,0.906,0.912,0.9,2407278.9
2005-07-14,0.905,0.909,0.922,0.9,3502049.04
2005-07-15,0.912,0.907,0.916,0.903,1467683.28
2005-07-18,0.902,0.905,0.907,0.9,811560.39
2005-07-19,0.902,0.903,0.91,0.902,1549539.43
2005-07-20,0.905,0.914,0.916,0.903,1846836.8
2005-07-21,0.913,0.918,0.919,0.91,2384385.31
2005-07-22,0.923,0.932,0.941,0.916,4766704.19
2005-07-25,0.929,0.928,0.932,0.926,2302868.65
2005-07-26,0.928,0.942,0.948,0.927,4985370.08
2005-07-27,0.941,0.951,0.951,0.939,3738806.82
2005-07-28,0.951,0.946,0.954,0.942,4101618.83
2005-07-29,0.946,0.944,0.947,0.94,2739913.91
2005-08-01,0.944,0.945,0.953,0.942,1768262.36
2005-08-02,0.945,0.953,0.954,0.942,3446891.05
2005-08-03,0.953,0.955,0.963,0.952,5369015.94
2005-08-04,0.954,0.953,0.958,0.951,3860800.52
2005-08-05,0.953,0.979,0.979,0.953,6263020.33
2005-08-08,0.98,0.98,0.987,0.978,3639165.01
2005-08-09,0.98,0.981,0.983,0.973,2282686.79
2005-08-10,0.981,0.983,0.986,0.972,3593452.64
2005-08-11,0.984,0.994,0.997,0.983,4104760.27
2005-08-12,0.996,0.99,0.998,0.986,4419357.43
2005-08-15,0.997,1.011,1.012,0.992,7107787.13
2005-08-16,1.011,0.993,1.013,0.99,3632605.7
2005-08-17,0.994,1.006,1.006,0.984,5194377.5
2005-08-18,1.006,0.976,1.01,0.972,15053215.14
2005-08-19,0.973,0.983,0.987,0.973,3800705.97
2005-08-22,0.984,0.99,0.993,0.98,5892635.61
2005-08-23,0.99,0.983,0.992,0.978,4173861.11
2005-08-24,0.985,0.994,1.0,0.985,5714162.97
2005-08-25,0.993,0.994,0.999,0.989,2050951.75
2005-08-26,0.993,0.994,0.994,0.99,969189.79
2005-08-29,0.993,0.983,0.993,0.979,3129101.91
2005-08-30,0.98,0.978,0.984,0.978,761935.05
2005-08-31,0.977,0.989,0.989,0.977,1165932.19
2005-09-01,0.989,0.999,1.002,0.985,2801757.25
2005-09-02,1.0,1.0,1.003,0.996,1034851.48
2005-09-05,1.0,1.0,1.004,0.994,1224428.37
2005-09-06,1.0,0.987,1.0,0.986,1517433.85
2005-09-07,0.986,0.993,0.993,0.984,1436569.33
2005-09-08,0.993,0.996,1.0,0.992,3213993.66
2005-09-09,0.994,0.996,1.002,0.992,1750491.27
2005-09-12,0.993,0.994,0.997,0.991,738451.8
2005-09-13,0.994,1.0,1.002,0.992,1852523.46
2005-09-14,1.0,1.006,1.006,1.0,1855783.04
2005-09-15,1.006,1.004,1.007,1.003,1235436.16
2005-09-16,1.004,1.002,1.005,1.0,610825.87
2005-09-19,1.0,1.0,1.002,0.998,1615585.94
2005-09-20,1.0,0.993,1.003,0.993,1618875.99
2005-09-21,0.993,0.983,0.994,0.98,1612451.74
2005-09-22,0.98,0.963,0.981,0.958,3988741.23
2005-09-23,0.963,0.957,0.966,0.957,1763677.0
2005-09-26,0.957,0.961,0.961,0.955,440642.43
2005-09-27,0.96,0.947,0.963,0.946,1246739.44
2005-09-28,0.947,0.949,0.952,0.946,813192.34
2005-09-29,0.953,0.958,0.959,0.951,1010952.38
2005-09-30,0.958,0.957,0.958,0.953,452949.35
2005-10-10,0.955,0.946,0.955,0.945,1336578.2
2005-10-11,0.946,0.955,0.957,0.945,2348538.26
2005-10-12,0.955,0.954,0.958,0.951,4075308.5
2005-10-13,0.953,0.946,0.957,0.945,3932855.53
2005-10-14,0.945,0.928,0.948,0.928,2279323.15
2005-10-17,0.929,0.925,0.931,0.918,1456915.14
2005-10-18,0.923,0.926,0.931,0.923,1094245.57
2005-10-19,0.925,0.925,0.936,0.923,2181959.76
2005-10-20,0.923,0.935,0.936,0.922,2720243.56
2005-10-21,0.933,0.934,0.939,0.932,693777.12
2005-10-24,0.934,0.932,0.934,0.928,395119.07
2005-10-25,0.929,0.923,0.932,0.92,1186636.53
2005-10-26,0.923,0.903,0.923,0.902,1690799.45
2005-10-27,0.903,0.906,0.908,0.899,1651045.26
2005-10-28,0.905,0.9,0.91,0.897,1545072.75
2005-10-31,0.9,0.912,0.913,0.9,2557053.34
2005-11-01,0.909,0.908,0.91,0.899,3033942.3
2005-11-02,0.908,0.915,0.923,0.907,2972612.03
2005-11-03,0.914,0.907,0.92,0.905,2928508.69
2005-11-04,0.907,0.912,0.912,0.905,4081261.66
2005-11-07,0.909,0.907,0.91,0.9,1160177.87
2005-11-08,0.906,0.914,0.916,0.903,877776.25
2005-11-09,0.912,0.907,0.916,0.906,5398117.36
2005-11-10,0.905,0.894,0.909,0.893,4710164.68
2005-11-11,0.891,0.895,0.899,0.89,719269.42
2005-11-14,0.894,0.89,0.896,0.89,553013.59
2005-11-15,0.893,0.89,0.899,0.888,1032303.88
2005-11-16,0.89,0.894,0.895,0.883,1016369.95
2005-11-17,0.893,0.896,0.897,0.889,512595.88
2005-11-18,0.894,0.916,0.921,0.894,2012033.65
2005-11-21,0.915,0.918,0.918,0.91,1020940.47
2005-11-22,0.916,0.901,0.916,0.901,1320479.5
2005-11-23,0.897,0.907,0.909,0.897,818038.23
2005-11-24,0.906,0.919,0.925,0.905,1831164.02
2005-11-25,0.919,0.927,0.928,0.915,1413769.46
2005-11-28,0.927,0.921,0.931,0.918,1344166.39
2005-11-29,0.921,0.912,0.921,0.91,1030686.99
2005-11-30,0.91,0.916,0.916,0.908,961006.07
2005-12-01,0.915,0.915,0.922,0.914,945084.71
2005-12-02,0.918,0.914,0.92,0.909,1537278.45
2005-12-05,0.912,0.907,0.913,0.906,1518381.63
2005-12-06,0.906,0.918,0.92,0.906,3093247.67
2005-12-07,0.918,0.925,0.925,0.915,3905619.54
2005-12-08,0.925,0.922,0.931,0.919,4020335.94
2005-12-09,0.922,0.938,0.939,0.92,2489479.29
2005-12-12,0.938,0.935,0.939,0.932,953610.41
2005-12-13,0.933,0.933,0.935,0.927,1343130.75
2005-12-14,0.933,0.94,0.942,0.929,1698716.47
2005-12-15,0.939,0.94,0.946,0.939,3491845.09
2005-12-16,0.939,0.945,0.945,0.938,1051101.64
2005-12-19,0.942,0.945,0.946,0.94,1251721.63
2005-12-20,0.944,0.948,0.949,0.941,1720377.06
2005-12-21,0.947,0.949,0.955,0.947,2724237.07
2005-12-22,0.948,0.953,0.953,0.945,1034054.08
2005-12-23,0.951,0.959,0.959,0.951,1681470.14
2005-12-26,0.959,0.963,0.966,0.957,1177136.03
2005-12-27,0.964,0.958,0.964,0.957,1000330.13
2005-12-28,0.955,0.958,0.96,0.954,912228.3
2005-12-29,0.958,0.967,0.967,0.958,2026438.04
2005-12-30,0.968,0.961,0.972,0.96,1693864.65
2006-01-04,0.964,0.981,0.983,0.964,3380818.27
2006-01-05,0.981,1.004,1.004,0.981,6704145.68
2006-01-06,1.004,1.011,1.017,0.999,3044232.77
2006-01-09,1.01,1.016,1.018,1.007,1492336.73
2006-01-10,1.011,1.012,1.012,1.003,1731252.59
2006-01-11,1.011,1.004,1.017,1.003,1865080.61
2006-01-12,1.002,1.011,1.012,1.0,1497074.56
2006-01-13,1.011,1.002,1.015,0.999,2968114.79
2006-01-16,1.003,0.986,1.003,0.984,2562412.86
2006-01-17,0.984,0.993,0.996,0.984,875680.67
2006-01-18,0.992,1.013,1.016,0.989,2278802.47
2006-01-19,1.015,1.016,1.019,1.006,2687040.7
2006-01-20,1.016,1.013,1.021,1.011,1504278.72
2006-01-23,1.015,1.018,1.021,1.012,1259766.04
2006-01-24,1.017,1.011,1.018,1.006,1494117.35
2006-01-25,1.011,1.022,1.022,1.007,826125.88
2006-02-06,1.022,1.039,1.041,1.021,2595103.79
2006-02-07,1.038,1.034,1.042,1.025,1682225.48
2006-02-08,1.03,1.038,1.041,1.029,14759964.71
2006-02-09,1.039,1.024,1.039,1.023,1232433.14
2006-02-10,1.024,1.041,1.041,1.024,1370671.16
2006-02-13,1.038,1.037,1.039,1.029,996218.41
2006-02-14,1.036,1.038,1.038,1.032,554628.73
2006-02-15,1.039,1.048,1.05,1.039,1280568.71
2006-02-16,1.047,1.036,1.047,1.031,1098076.08
2006-02-17,1.03,1.036,1.042,1.03,1089473.68
2006-02-20,1.031,1.032,1.042,1.031,786040.23
2006-02-21,1.03,1.05,1.051,1.03,1330242.52
2006-02-22,1.051,1.044,1.055,1.039,10168796.15
2006-02-23,1.044,1.054,1.055,1.043,1553704.91
2006-02-24,1.055,1.063,1.063,1.051,2145325.99
2006-02-27,1.067,1.067,1.076,1.064,4623306.96
2006-02-28,1.067,1.079,1.08,1.058,2960956.36
2006-03-01,1.077,1.088,1.089,1.076,653154.53
2006-03-02,1.089,1.067,1.089,1.061,895296.78
2006-03-03,1.066,1.068,1.077,1.057,818035.77
2006-03-06,1.068,1.062,1.071,1.062,980920.07
2006-03-07,1.062,1.043,1.066,1.041,1390655.04
2006-03-08,1.042,1.038,1.044,1.034,1255148.32
2006-03-09,1.038,1.032,1.041,1.031,1153385.01
2006-03-10,1.031,1.035,1.039,1.031,1031427.64
2006-03-13,1.032,1.044,1.045,1.032,332602.74
2006-03-14,1.043,1.039,1.045,1.035,359967.73
2006-03-15,1.038,1.048,1.048,1.037,745607.51
2006-03-16,1.047,1.044,1.049,1.044,399046.76
2006-03-17,1.042,1.043,1.048,1.038,483436.26
2006-03-20,1.042,1.055,1.055,1.038,568668.27
2006-03-21,1.054,1.056,1.062,1.052,671441.05
2006-03-22,1.056,1.062,1.062,1.052,381638.66
2006-03-23,1.062,1.058,1.062,1.05,647283.83
2006-03-24,1.058,1.06,1.062,1.056,1955357.14
2006-03-27,1.058,1.062,1.066,1.051,1175850.02
2006-03-28,1.061,1.07,1.071,1.06,810884.57
2006-03-29,1.068,1.08,1.086,1.068,671128.97
2006-03-30,1.079,1.073,1.084,1.07,386376.82
2006-03-31,1.071,1.077,1.08,1.066,502797.51
2006-04-03,1.077,1.089,1.089,1.074,778161.13
2006-04-04,1.088,1.095,1.095,1.083,906905.2
2006-04-05,1.094,1.103,1.105,1.094,814620.11
2006-04-06,1.105,1.101,1.107,1.097,355952.66
2006-04-07,1.101,1.088,1.101,1.084,623301.12
2006-04-10,1.088,1.103,1.105,1.086,1668292.1
2006-04-11,1.105,1.108,1.119,1.101,455888.86
2006-04-12,1.107,1.105,1.11,1.101,437688.43
2006-04-13,1.101,1.089,1.108,1.088,743130.01
2006-04-14,1.087,1.11,1.112,1.087,658206.98
2006-04-17,1.101,1.121,1.124,1.1,1483824.55
2006-04-18,1.121,1.125,1.133,1.116,534734.79
2006-04-19,1.125,1.127,1.133,1.12,962210.44
2006-04-20,1.125,1.112,1.133,1.11,1054273.23
2006-04-21,1.112,1.139,1.14,1.112,1752676.66
2006-04-24,1.137,1.138,1.145,1.128,721515.8
2006-04-25,1.137,1.115,1.137,1.114,733476.41
2006-04-26,1.115,1.14,1.144,1.115,651179.83
2006-04-27,1.14,1.141,1.142,1.128,438902.59
2006-04-28,1.134,1.174,1.174,1.125,626055.94
2006-05-08,1.174,1.215,1.217,1.174,284418.67
2006-05-09,1.216,1.238,1.245,1.209,502137.67
2006-05-10,1.241,1.245,1.255,1.229,1001192.34
2006-05-11,1.243,1.235,1.267,1.23,673948.55
2006-05-12,1.229,1.279,1.279,1.224,1161769.84
2006-05-15,1.286,1.348,1.361,1.285,475311.72
2006-05-16,1.315,1.307,1.36,1.288,660686.57
2006-05-17,1.306,1.311,1.335,1.29,409673.61
2006-05-18,1.302,1.308,1.309,1.276,308645.34
2006-05-19,1.319,1.332,1.34,1.301,440477.45
2006-05-22,1.332,1.331,1.353,1.319,388477.36
2006-05-23,1.33,1.288,1.33,1.282,1578814.7
2006-05-24,1.289,1.29,1.325,1.267,519324.2
2006-05-25,1.287,1.289,1.308,1.274,286335.7
2006-05-26,1.295,1.319,1.32,1.294,474320.13
2006-05-29,1.315,1.34,1.347,1.309,450699.07
2006-05-30,1.34,1.347,1.358,1.338,350141.93
2006-05-31,1.343,1.343,1.363,1.337,345028.5
2006-06-01,1.34,1.376,1.378,1.338,356616.61
2006-06-02,1.379,1.374,1.38,1.353,495117.94
2006-06-05,1.36,1.359,1.371,1.331,591987.63
2006-06-06,1.357,1.357,1.371,1.343,257723.95
2006-06-07,1.357,1.299,1.358,1.295,1047598.41
2006-06-08,1.292,1.306,1.311,1.276,1290264.93
2006-06-09,1.306,1.285,1.313,1.285,994503.22
2006-06-12,1.273,1.285,1.298,1.271,521358.16
2006-06-13,1.283,1.281,1.3,1.276,379975.81
2006-06-14,1.281,1.274,1.281,1.26,658482.39
2006-06-15,1.27,1.275,1.282,1.27,167683.53
2006-06-16,1.276,1.302,1.303,1.276,375067.92
2006-06-19,1.295,1.311,1.318,1.285,498044.94
2006-06-20,1.307,1.316,1.32,1.302,608284.01
2006-06-21,1.315,1.315,1.331,1.299,586395.42
2006-06-22,1.321,1.312,1.326,1.295,395477.18
2006-06-23,1.307,1.321,1.325,1.303,420238.46
2006-06-26,1.321,1.351,1.353,1.321,731359.85
2006-06-27,1.353,1.351,1.354,1.34,901795.86
2006-06-28,1.348,1.351,1.352,1.34,612814.74
2006-06-29,1.354,1.376,1.376,1.351,1038187.04
2006-06-30,1.378,1.373,1.388,1.367,1137558.88
2006-07-03,1.378,1.403,1.406,1.378,667141.55
2006-07-04,1.409,1.39,1.411,1.376,901567.46
2006-07-05,1.399,1.358,1.399,1.276,557074.43
2006-07-06,1.353,1.378,1.379,1.353,355871.75
2006-07-07,1.378,1.364,1.38,1.358,227442.08
2006-07-10,1.354,1.363,1.366,1.352,173599.73
2006-07-11,1.363,1.366,1.369,1.356,119065.87
2006-07-12,1.366,1.369,1.377,1.363,132138.1
2006-07-13,1.369,1.313,1.369,1.308,968979.33
2006-07-14,1.306,1.32,1.327,1.301,516294.86
2006-07-17,1.316,1.327,1.33,1.308,764007.15
2006-07-18,1.324,1.324,1.325,1.314,601817.49
2006-07-19,1.32,1.295,1.324,1.292,381124.0
2006-07-20,1.301,1.302,1.307,1.294,106251.36
2006-07-21,1.302,1.316,1.319,1.302,104197.53
2006-07-24,1.312,1.316,1.318,1.295,176108.84
2006-07-25,1.316,1.331,1.335,1.316,216168.89
2006-07-26,1.335,1.331,1.337,1.327,202636.1
2006-07-27,1.331,1.321,1.341,1.314,237533.72
2006-07-28,1.316,1.307,1.325,1.3,174410.67
2006-07-31,1.3,1.274,1.301,1.274,302362.61
2006-08-01,1.273,1.263,1.283,1.261,1508319.41
2006-08-02,1.263,1.254,1.269,1.247,686456.6
2006-08-03,1.254,1.258,1.266,1.248,199634.99
2006-08-04,1.256,1.241,1.268,1.24,642238.09
2006-08-07,1.236,1.222,1.242,1.221,1076697.17
2006-08-08,1.224,1.241,1.244,1.224,1164564.73
2006-08-09,1.241,1.245,1.249,1.236,192531.56
2006-08-10,1.245,1.262,1.264,1.243,209183.02
2006-08-11,1.262,1.26,1.267,1.255,426919.51
2006-08-14,1.261,1.243,1.269,1.24,252036.44
2006-08-15,1.237,1.257,1.257,1.236,122890.27
2006-08-16,1.257,1.269,1.273,1.25,318178.84
2006-08-17,1.268,1.258,1.268,1.255,121792.08
2006-08-18,1.257,1.262,1.273,1.255,732245.32
2006-08-21,1.236,1.263,1.263,1.218,131073.11
2006-08-22,1.26,1.274,1.279,1.26,662818.8
2006-08-23,1.276,1.277,1.285,1.271,172972.7
2006-08-24,1.271,1.283,1.286,1.266,371944.01
2006-08-25,1.285,1.288,1.293,1.283,621478.15
2006-08-28,1.293,1.313,1.315,1.287,789034.47
2006-08-29,1.312,1.308,1.32,1.307,1083142.05
2006-08-30,1.303,1.305,1.308,1.3,723494.62
2006-08-31,1.305,1.303,1.311,1.301,525511.74
2006-09-01,1.305,1.288,1.306,1.287,712182.15
2006-09-04,1.288,1.302,1.303,1.288,526068.42
2006-09-05,1.302,1.308,1.318,1.3,637403.15
2006-09-06,1.309,1.319,1.32,1.307,626790.39
2006-09-07,1.321,1.305,1.321,1.3,519398.36
2006-09-08,1.302,1.308,1.313,1.299,191020.31
2006-09-11,1.309,1.315,1.316,1.305,323406.75
2006-09-12,1.315,1.332,1.334,1.315,1102859.98
2006-09-13,1.331,1.335,1.351,1.328,1573993.84
2006-09-14,1.328,1.333,1.348,1.324,576643.91
2006-09-15,1.334,1.366,1.371,1.334,607612.75
2006-09-18,1.369,1.388,1.39,1.369,488457.6
2006-09-19,1.378,1.37,1.386,1.369,640696.72
2006-09-20,1.37,1.365,1.374,1.359,499869.16
2006-09-21,1.365,1.383,1.385,1.365,843187.22
2006-09-22,1.383,1.369,1.393,1.366,465706.31
2006-09-25,1.369,1.363,1.374,1.356,230874.38
2006-09-26,1.366,1.347,1.366,1.343,166925.38
2006-09-27,1.341,1.36,1.36,1.341,148995.35
2006-09-28,1.36,1.38,1.383,1.354,293413.62
2006-09-29,1.38,1.397,1.399,1.38,790523.51
2006-10-09,1.405,1.432,1.432,1.405,555621.38
2006-10-10,1.434,1.438,1.444,1.423,1264892.42
2006-10-11,1.435,1.437,1.438,1.419,255380.16
2006-10-12,1.435,1.434,1.441,1.427,148844.48
2006-10-13,1.422,1.432,1.436,1.422,204888.54
2006-10-16,1.43,1.412,1.434,1.411,263294.92
2006-10-17,1.41,1.403,1.419,1.402,229902.74
2006-10-18,1.404,1.431,1.432,1.404,286575.2
2006-10-19,1.431,1.436,1.443,1.428,595028.86
2006-10-20,1.435,1.44,1.45,1.428,1212163.39
2006-10-23,1.44,1.417,1.442,1.412,1617919.51
2006-10-24,1.419,1.442,1.447,1.416,444330.41
2006-10-25,1.442,1.45,1.469,1.44,796950.24
2006-10-26,1.449,1.469,1.47,1.44,675208.61
2006-10-27,1.468,1.45,1.47,1.447,856722.39
2006-10-30,1.442,1.464,1.467,1.434,266146.11
2006-10-31,1.463,1.488,1.491,1.463,377481.36
2006-11-01,1.487,1.509,1.511,1.485,401008.14
2006-11-02,1.508,1.504,1.518,1.495,402408.76
2006-11-03,1.505,1.528,1.533,1.505,266418.25
2006-11-06,1.52,1.55,1.55,1.511,564101.58
2006-11-07,1.55,1.571,1.571,1.539,610984.73
2006-11-08,1.567,1.547,1.567,1.543,496638.72
2006-11-09,1.546,1.582,1.591,1.538,714352.21
2006-11-10,1.585,1.577,1.612,1.565,865167.49
2006-11-13,1.563,1.551,1.588,1.538,710696.12
2006-11-14,1.538,1.567,1.569,1.525,714044.86
2006-11-15,1.569,1.607,1.608,1.556,497628.31
2006-11-16,1.614,1.614,1.637,1.603,796402.87
2006-11-17,1.605,1.643,1.643,1.597,333950.81
2006-11-20,1.646,1.687,1.687,1.644,586218.93
2006-11-21,1.68,1.694,1.698,1.656,657989.55
2006-11-22,1.686,1.706,1.723,1.67,727059.96
2006-11-23,1.705,1.717,1.727,1.704,535892.01
2006-11-24,1.708,1.71,1.713,1.689,987746.41
2006-11-27,1.706,1.7,1.706,1.689,609162.69
2006-11-28,1.692,1.682,1.707,1.668,1075020.26
2006-11-29,1.655,1.706,1.713,1.652,957230.79
2006-11-30,1.712,1.749,1.751,1.71,2034660.73
2006-12-01,1.75,1.755,1.768,1.747,1016472.14
2006-12-04,1.755,1.826,1.828,1.755,723834.62
2006-12-05,1.831,1.833,1.854,1.823,895326.44
2006-12-06,1.83,1.828,1.854,1.771,1289302.75
2006-12-07,1.823,1.846,1.895,1.814,875333.88
2006-12-08,1.836,1.775,1.843,1.771,2125418.72
2006-12-11,1.771,1.872,1.872,1.768,651203.94
2006-12-12,1.878,1.88,1.893,1.848,1131299.46
2006-12-13,1.875,1.872,1.895,1.846,1033945.3
2006-12-14,1.866,1.904,1.905,1.866,575615.97
2006-12-15,1.907,1.936,1.938,1.901,820679.37
2006-12-18,1.938,1.976,1.978,1.938,979099.8
2006-12-19,1.99,1.984,2.004,1.951,968787.54
2006-12-20,1.957,2.015,2.02,1.955,622779.19
2006-12-21,2.009,1.987,2.01,1.981,1055058.33
2006-12-22,1.971,1.952,1.995,1.943,937140.22
2006-12-25,1.95,1.998,2.026,1.949,965901.12
2006-12-26,2.0,2.009,2.032,1.989,963404.92
2006-12-27,2.011,2.073,2.075,2.002,912289.4
2006-12-28,2.074,2.084,2.132,2.073,643166.7
2006-12-29,2.12,2.189,2.191,2.108,876447.85
2007-01-04,2.262,2.204,2.313,2.196,1906122.77
2007-01-05,2.168,2.175,2.226,2.157,2069807.45
2007-01-08,2.17,2.238,2.243,2.168,982592.26
2007-01-09,2.248,2.326,2.327,2.219,949403.63
2007-01-10,2.344,2.35,2.354,2.298,1370977.88
2007-01-11,2.345,2.319,2.368,2.31,1213079.76
2007-01-12,2.296,2.247,2.318,2.224,1200895.45
2007-01-15,2.229,2.342,2.343,2.229,1407428.24
2007-01-16,2.346,2.374,2.393,2.332,1252620.84
2007-01-17,2.372,2.333,2.427,2.31,1345619.64
2007-01-18,2.314,2.329,2.349,2.256,1101469.4
2007-01-19,2.33,2.402,2.404,2.329,1246961.59
2007-01-22,2.425,2.503,2.507,2.423,1044118.92
2007-01-23,2.522,2.541,2.546,2.443,1306146.27
2007-01-24,2.542,2.57,2.61,2.52,882772.08
2007-01-25,2.544,2.523,2.591,2.52,1267237.74
2007-01-26,2.475,2.619,2.7,2.44,1436282.47
2007-01-29,2.649,2.677,2.692,2.619,1359026.82
2007-01-30,2.689,2.649,2.712,2.636,1857345.65
2007-01-31,2.622,2.481,2.659,2.464,2130639.27
2007-02-01,2.443,2.47,2.492,2.393,1503808.38
2007-02-02,2.471,2.359,2.487,2.344,1391870.8
2007-02-05,2.332,2.303,2.368,2.299,1123803.26
2007-02-06,2.306,2.376,2.38,2.222,2120001.13
2007-02-07,2.382,2.425,2.458,2.372,2566966.87
2007-02-08,2.427,2.446,2.46,2.377,1483507.97
2007-02-09,2.446,2.416,2.453,2.403,1148828.06
2007-02-12,2.421,2.52,2.522,2.417,1210127.9
2007-02-13,2.532,2.541,2.555,2.512,1045973.89
2007-02-14,2.536,2.623,2.633,2.536,1415844.17
2007-02-15,2.666,2.698,2.7,2.652,2181272.57
2007-02-16,2.7,2.691,2.726,2.671,1903308.32
2007-02-26,2.677,2.694,2.7,2.635,1042102.32
2007-02-27,2.691,2.465,2.711,2.44,2053605.31
2007-02-28,2.441,2.528,2.536,2.436,1827944.83
2007-03-01,2.528,2.459,2.535,2.433,1351442.11
2007-03-02,2.458,2.491,2.517,2.448,1242403.49
2007-03-05,2.481,2.435,2.517,2.391,1700990.95
2007-03-06,2.423,2.5,2.535,2.404,1638344.78
2007-03-07,2.515,2.562,2.577,2.51,1433819.97
2007-03-08,2.558,2.574,2.58,2.535,1058098.63
2007-03-09,2.576,2.571,2.603,2.546,861600.38
2007-03-12,2.573,2.56,2.581,2.536,1048669.68
2007-03-13,2.561,2.57,2.58,2.548,817630.43
2007-03-14,2.524,2.519,2.552,2.483,799225.89
2007-03-15,2.513,2.567,2.57,2.513,848566.14
2007-03-16,2.57,2.528,2.588,2.511,776581.87
2007-03-19,2.475,2.62,2.64,2.299,1464772.45
2007-03-20,2.618,2.614,2.62,2.588,661932.45
2007-03-21,2.613,2.645,2.648,2.613,509341.51
2007-03-22,2.651,2.653,2.68,2.647,809986.03
2007-03-23,2.648,2.648,2.665,2.595,771270.04
2007-03-26,2.648,2.685,2.689,2.631,683496.04
2007-03-27,2.687,2.689,2.697,2.666,641926.07
2007-03-28,2.684,2.737,2.741,2.627,1442688.74
2007-03-29,2.75,2.764,2.82,2.738,1798374.23
2007-03-30,2.76,2.747,2.777,2.736,875991.16
2007-04-02,2.748,2.807,2.807,2.747,648445.22
2007-04-03,2.824,2.833,2.837,2.808,628748.61
2007-04-04,2.828,2.845,2.858,2.82,861676.75
2007-04-05,2.837,2.852,2.864,2.819,690163.75
2007-04-06,2.828,2.858,2.866,2.825,755683.48
2007-04-09,2.858,2.919,2.924,2.857,303465.67
2007-04-10,2.923,2.945,2.953,2.878,682451.35
2007-04-11,2.95,2.986,3.002,2.95,843215.78
2007-04-12,2.99,3.029,3.032,2.988,520659.39
2007-04-13,3.034,2.998,3.043,2.996,776252.79
2007-04-16,2.995,3.082,3.09,2.985,826731.65
2007-04-17,3.09,3.069,3.101,2.998,1191823.54
2007-04-18,3.063,3.05,3.077,3.009,805953.97
2007-04-19,2.988,2.928,3.051,2.831,1221138.42
2007-04-20,2.95,3.035,3.051,2.95,753561.38
2007-04-23,3.05,3.164,3.168,3.05,436381.13
2007-04-24,3.172,3.161,3.206,3.15,824314.81
2007-04-25,3.15,3.195,3.212,3.102,1396699.95
2007-04-26,3.201,3.217,3.227,3.175,760138.89
2007-04-27,3.209,3.192,3.218,3.157,1103830.63
2007-04-30,3.192,3.239,3.328,3.187,1424851.75
2007-05-08,3.34,3.343,3.352,3.269,470796.78
2007-05-09,3.328,3.369,3.381,3.269,923548.02
2007-05-10,3.374,3.399,3.423,3.334,1941699.28
2007-05-11,3.363,3.373,3.383,3.299,5407070.07
2007-05-14,3.328,3.412,3.456,3.304,1985590.9
2007-05-15,3.411,3.292,3.424,3.271,1491433.84
2007-05-16,3.28,3.349,3.35,3.243,1473334.61
2007-05-17,3.352,3.396,3.414,3.34,678416.65
2007-05-18,3.381,3.373,3.393,3.352,1332878.79
2007-05-21,3.269,3.379,3.396,3.258,1103545.57
2007-05-22,3.383,3.411,3.427,3.381,845394.1
2007-05-23,3.411,3.454,3.454,3.382,1193406.89
2007-05-24,3.494,3.423,3.494,3.391,1412053.87
2007-05-25,3.399,3.469,3.482,3.387,1392632.83
2007-05-28,3.49,3.536,3.547,3.446,1367645.14
2007-05-29,3.536,3.6,3.602,3.536,1306119.8
2007-05-30,3.425,3.312,3.604,3.29,1930957.45
2007-05-31,3.318,3.481,3.576,3.275,1198172.35
2007-06-01,3.482,3.457,3.618,3.388,1416595.11
2007-06-04,3.488,3.265,3.503,3.168,2582916.65
2007-06-05,3.198,3.288,3.307,2.982,2811166.35
2007-06-06,3.291,3.277,3.328,3.186,1573920.24
2007-06-07,3.304,3.374,3.386,3.292,1810176.94
2007-06-08,3.385,3.388,3.407,3.328,882899.11
2007-06-11,3.393,3.446,3.482,3.387,951888.29
2007-06-12,3.449,3.523,3.543,3.387,1099597.38
2007-06-13,3.541,3.623,3.624,3.541,1038372.67
2007-06-14,3.62,3.579,3.62,3.554,1027400.44
2007-06-15,3.52,3.605,3.612,3.509,456120.41
2007-06-18,3.657,3.718,3.733,3.649,749446.3
2007-06-19,3.685,3.702,3.73,3.683,864678.73
2007-06-20,3.683,3.651,3.726,3.623,693061.42
2007-06-21,3.636,3.681,3.69,3.616,1057994.46
2007-06-22,3.677,3.607,3.73,3.553,1034058.49
2007-06-25,3.619,3.526,3.67,3.518,973219.26
2007-06-26,3.501,3.553,3.557,3.454,1476772.98
2007-06-27,3.565,3.669,3.683,3.505,696372.4
2007-06-28,3.638,3.578,3.697,3.574,983143.65
2007-06-29,3.517,3.495,3.576,3.491,863634.03
2007-07-02,3.495,3.535,3.565,3.417,585896.92
2007-07-03,3.523,3.553,3.561,3.505,539237.66
2007-07-04,3.552,3.473,3.557,3.464,724391.03
2007-07-05,3.421,3.35,3.458,3.327,813741.62
2007-07-06,3.34,3.431,3.44,3.269,1364054.09
2007-07-09,3.436,3.541,3.55,3.436,792861.24
2007-07-10,3.535,3.522,3.588,3.518,918740.5
2007-07-11,3.522,3.524,3.541,3.483,674289.29
2007-07-12,3.524,3.569,3.582,3.517,418626.01
2007-07-13,3.579,3.574,3.581,3.527,290807.41
2007-07-16,3.553,3.458,3.569,3.434,399108.13
2007-07-17,3.437,3.556,3.571,3.436,307492.41
2007-07-18,3.541,3.574,3.624,3.518,566476.23
2007-07-19,3.576,3.561,3.597,3.553,333529.36
2007-07-20,3.557,3.729,3.736,3.557,842736.99
2007-07-23,3.801,3.863,3.871,3.766,1027803.79
2007-07-24,3.866,3.864,3.923,3.845,631286.51
2007-07-25,3.861,3.964,3.967,3.861,645419.79
2007-07-26,3.977,3.952,3.982,3.924,632489.45
2007-07-27,3.92,3.913,3.939,3.883,885509.8
2007-07-30,3.916,4.022,4.032,3.907,659709.61
2007-07-31,4.014,4.052,4.062,3.965,517851.63
2007-08-01,4.052,3.927,4.081,3.907,987305.0
2007-08-02,3.938,4.027,4.036,3.938,468193.84
2007-08-03,4.038,4.216,4.216,4.038,665894.69
2007-08-06,4.262,4.275,4.293,4.216,916748.79
2007-08-07,4.28,4.287,4.32,4.228,759788.2
2007-08-08,4.245,4.26,4.32,4.216,878896.95
2007-08-09,4.26,4.4,4.405,4.251,712241.45
2007-08-10,4.39,4.392,4.417,4.32,883590.64
2007-08-13,4.399,4.416,4.5,4.371,866830.77
2007-08-14,4.428,4.46,4.469,4.391,507143.88
2007-08-15,4.458,4.475,4.506,4.415,1080584.24
2007-08-16,4.462,4.383,4.469,4.352,1185885.47
2007-08-17,4.36,4.28,4.43,4.264,1319480.63
2007-08-20,4.387,4.559,4.568,4.37,1236092.32
2007-08-21,4.58,4.593,4.618,4.552,740593.64
2007-08-22,4.547,4.654,4.689,4.535,875380.13
2007-08-23,4.657,4.709,4.716,4.627,599360.35
2007-08-24,4.725,4.838,4.85,4.725,983243.44
2007-08-27,4.877,4.856,4.945,4.808,1158176.39
2007-08-28,4.828,4.855,4.873,4.748,1097661.14
2007-08-29,4.804,4.796,4.868,4.764,1030863.16
2007-08-30,4.821,4.831,4.867,4.791,619538.43
2007-08-31,4.831,4.879,4.885,4.796,682851.4
2007-09-03,4.904,4.991,4.993,4.904,871191.79
2007-09-05,4.911,4.906,4.95,4.808,946489.87
2007-09-06,4.911,4.957,4.99,4.906,713275.02
2007-09-07,4.938,4.879,4.956,4.873,732375.9
2007-09-10,4.808,4.938,4.94,4.776,1193623.91
2007-09-11,4.906,4.753,4.962,4.689,1078921.11
2007-09-12,4.758,4.767,4.816,4.689,1176512.08
2007-09-13,4.773,4.874,4.887,4.772,736750.18
2007-09-14,4.879,4.889,4.902,4.819,710878.18
2007-09-17,4.88,5.015,5.018,4.88,974353.05
2007-09-18,5.016,4.973,5.023,4.904,526470.67
2007-09-19,4.976,4.914,4.991,4.875,460145.04
2007-09-20,4.914,4.971,4.992,4.914,438499.66
2007-09-21,4.963,4.92,4.966,4.867,427972.38
2007-09-24,4.914,4.972,4.986,4.873,418021.98
2007-09-25,4.963,4.937,5.004,4.906,310599.27
2007-09-26,4.894,4.866,4.963,4.863,303969.8
2007-09-27,4.87,4.93,4.932,4.857,207457.03
2007-09-28,4.962,5.095,5.099,4.959,1002095.45
2007-10-08,5.202,5.157,5.202,5.056,886010.05
2007-10-09,5.151,5.179,5.198,5.113,344698.66
2007-10-10,5.192,5.224,5.317,5.181,575520.45
2007-10-11,5.226,5.37,5.375,5.213,490338.11
2007-10-12,5.382,5.349,5.405,5.166,1502230.21
2007-10-15,5.349,5.503,5.504,5.329,685205.62
2007-10-16,5.506,5.517,5.601,5.468,950452.23
2007-10-17,5.476,5.454,5.53,5.434,641018.53
2007-10-18,5.435,5.257,5.447,5.222,1450956.22
2007-10-19,5.289,5.22,5.352,5.208,816947.33
2007-10-22,5.139,5.11,5.205,5.092,607028.17
2007-10-23,5.11,5.234,5.237,5.082,940200.48
2007-10-24,5.249,5.286,5.329,5.214,840288.37
2007-10-25,5.228,5.092,5.288,5.066,1452806.52
2007-10-26,5.054,5.172,5.175,5.021,670930.77
2007-10-29,5.186,5.272,5.278,5.186,536496.62
2007-10-30,5.282,5.331,5.333,5.222,468735.68
2007-10-31,5.4,5.334,5.4,5.28,941232.57
2007-11-01,5.331,5.289,5.346,5.288,542713.53
2007-11-02,5.21,5.176,5.231,5.149,817791.96
2007-11-05,5.186,5.078,5.186,5.05,766084.31
2007-11-06,5.067,5.049,5.113,5.018,645594.85
2007-11-07,5.078,5.075,5.087,4.976,850941.75
2007-11-08,5.041,4.848,5.041,4.831,1456918.9
2007-11-09,4.793,4.806,4.864,4.737,940382.43
2007-11-12,4.69,4.751,4.802,4.63,1529254.94
2007-11-13,4.808,4.718,4.87,4.68,1669865.29
2007-11-14,4.808,4.935,4.944,4.719,1361823.78
2007-11-15,4.877,4.842,4.926,4.832,907800.31
2007-11-16,4.77,4.773,4.818,4.722,732560.85
2007-11-19,4.792,4.753,4.802,4.725,378051.55
2007-11-20,4.713,4.803,4.853,4.666,938424.74
2007-11-21,4.811,4.76,4.868,4.747,767303.28
2007-11-22,4.688,4.576,4.715,4.566,966676.02
2007-11-23,4.559,4.644,4.654,4.506,733804.27
2007-11-26,4.713,4.552,4.725,4.512,1034771.49
2007-11-27,4.529,4.54,4.623,4.529,612126.35
2007-11-28,4.565,4.479,4.58,4.473,957952.04
2007-11-29,4.526,4.705,4.707,4.494,1663399.01
2007-11-30,4.666,4.595,4.689,4.572,1753895.94
2007-12-03,4.564,4.637,4.671,4.553,687956.66
2007-12-04,4.638,4.677,4.743,4.637,1069226.84
2007-12-05,4.671,4.808,4.812,4.655,1390352.11
2007-12-06,4.808,4.79,4.823,4.777,997474.42
2007-12-07,4.806,4.879,4.894,4.784,950682.64
2007-12-10,4.805,4.943,4.954,4.793,1756730.94
2007-12-11,4.939,4.907,4.962,4.85,1254136.89
2007-12-12,4.867,4.811,4.87,4.785,1198494.37
2007-12-13,4.793,4.648,4.815,4.632,1313079.47
2007-12-14,4.608,4.739,4.74,4.596,949725.15
2007-12-17,4.745,4.617,4.745,4.613,915529.26
2007-12-18,4.605,4.583,4.641,4.566,846872.29
2007-12-19,4.637,4.69,4.713,4.628,1041608.93
2007-12-20,4.689,4.778,4.796,4.677,1034697.68
2007-12-21,4.77,4.84,4.843,4.725,1095134.92
2007-12-24,4.867,4.909,4.938,4.849,1299919.75
2007-12-25,4.906,4.905,4.938,4.888,859140.6
2007-12-26,4.908,4.932,4.957,4.877,882032.42
2007-12-27,4.949,5.025,5.028,4.904,1310493.1
2007-12-28,5.027,4.986,5.038,4.966,922317.8
2008-01-02,4.989,4.975,5.008,4.926,1016924.98
2008-01-03,4.951,4.992,4.995,4.886,906064.05
2008-01-04,4.989,5.048,5.068,4.97,1157594.06
2008-01-07,5.02,5.107,5.125,5.01,792273.6
2008-01-08,5.118,5.123,5.211,5.104,1052220.83
2008-01-09,5.092,5.196,5.198,5.082,552871.54
2008-01-10,5.201,5.214,5.239,5.17,486554.47
2008-01-11,5.216,5.284,5.293,5.216,840892.88
2008-01-14,5.294,5.325,5.352,5.281,575008.64
2008-01-15,5.325,5.246,5.343,5.234,928551.51
2008-01-16,5.209,5.086,5.209,5.078,1433235.92
2008-01-17,5.043,4.986,5.102,4.88,1522775.23
2008-01-18,4.946,5.003,5.021,4.93,827141.9
2008-01-21,4.985,4.771,5.001,4.759,1080038.04
2008-01-22,4.675,4.45,4.695,4.397,2024438.52
2008-01-23,4.565,4.624,4.628,4.452,1334058.22
2008-01-24,4.648,4.6,4.671,4.518,1066432.41
2008-01-25,4.578,4.667,4.7,4.515,1131513.91
2008-01-28,4.6,4.359,4.6,4.357,1012706.07
2008-01-29,4.429,4.376,4.452,4.318,1062000.18
2008-01-30,4.417,4.277,4.452,4.215,1334475.61
2008-01-31,4.262,4.23,4.335,4.219,668594.51
2008-02-01,4.251,4.217,4.287,4.119,1028203.83
2008-02-04,4.334,4.631,4.631,4.323,1742082.01
2008-02-05,4.571,4.544,4.612,4.51,1144795.47
2008-02-13,4.409,4.432,4.507,4.405,731137.56
2008-02-14,4.477,4.477,4.512,4.452,1068979.66
2008-02-15,4.429,4.397,4.441,4.348,816716.31
2008-02-18,4.464,4.47,4.508,4.437,701030.85
2008-02-19,4.477,4.568,4.571,4.456,685063.57
2008-02-20,4.568,4.445,4.595,4.441,1120598.54
2008-02-21,4.422,4.387,4.431,4.335,762438.54
2008-02-22,4.346,4.216,4.353,4.188,1184477.82
2008-02-25,4.216,4.078,4.231,4.051,1056822.23
2008-02-26,4.21,4.108,4.239,4.004,1626743.22
2008-02-27,4.109,4.207,4.23,4.078,1085862.65
2008-02-28,4.207,4.179,4.222,4.153,611142.35
2008-02-29,4.161,4.217,4.232,4.157,761627.14
2008-03-03,4.179,4.31,4.322,4.153,987329.04
2008-03-04,4.31,4.167,4.331,4.157,1164047.18
2008-03-05,4.154,4.125,4.18,4.059,1079525.36
2008-03-06,4.139,4.166,4.263,4.075,1193149.61
2008-03-07,4.115,4.122,4.184,4.103,677052.31
2008-03-10,4.082,3.972,4.084,3.945,1336293.43
2008-03-11,3.927,3.972,3.979,3.9,1072235.06
2008-03-12,4.085,3.869,4.085,3.863,1753676.19
2008-03-13,3.836,3.785,3.844,3.718,1506541.15
2008-03-14,3.761,3.76,3.8,3.707,1277612.91
2008-03-17,3.732,3.656,3.743,3.653,1820257.58
2008-03-18,3.647,3.52,3.683,3.479,3639916.08
2008-03-19,3.589,3.617,3.671,3.547,3203667.06
2008-03-20,3.541,3.685,3.736,3.423,4494772.18
2008-03-21,3.681,3.691,3.739,3.638,2052725.03
2008-03-24,3.726,3.522,3.733,3.518,2038983.43
2008-03-25,3.47,3.534,3.581,3.432,2217241.53
2008-03-26,3.546,3.553,3.636,3.529,1996664.78
2008-03-27,3.482,3.411,3.518,3.4,4066917.1
2008-03-28,3.366,3.574,3.585,3.359,4559853.98
2008-03-31,3.459,3.465,3.535,3.439,3161732.68
2008-04-01,3.447,3.343,3.484,3.315,3952004.92
2008-04-02,3.393,3.373,3.499,3.324,6001655.87
2008-04-03,3.357,3.472,3.476,3.298,7009467.86
2008-04-07,3.433,3.611,3.621,3.419,6663398.85
2008-04-08,3.6,3.602,3.653,3.565,4526082.35
2008-04-09,3.566,3.439,3.602,3.434,5427665.35
2008-04-10,3.404,3.473,3.477,3.369,3546990.36
2008-04-11,3.504,3.484,3.527,3.464,2551484.17
2008-04-14,3.414,3.29,3.428,3.286,4682719.54
2008-04-15,3.286,3.316,3.322,3.193,3736155.37
2008-04-16,3.312,3.245,3.316,3.241,3036787.55
2008-04-17,3.269,3.157,3.298,3.138,3021089.69
2008-04-18,3.125,3.078,3.156,3.051,3734741.21
2008-04-21,3.292,3.121,3.292,3.079,8260107.42
2008-04-22,3.053,3.162,3.175,3.009,5713495.4
2008-04-23,3.124,3.29,3.316,3.104,5918195.2
2008-04-24,3.517,3.612,3.612,3.47,12077206.96
2008-04-25,3.599,3.606,3.718,3.565,11366079.07
2008-04-28,3.517,3.52,3.574,3.507,5683246.74
2008-04-29,3.505,3.556,3.574,3.494,4549739.34
2008-04-30,3.578,3.755,3.773,3.576,10742438.37
2008-05-05,3.813,3.784,3.819,3.722,6982361.04
2008-05-06,3.742,3.727,3.788,3.701,6216158.84
2008-05-07,3.701,3.58,3.774,3.576,6212331.26
2008-05-08,3.54,3.647,3.647,3.529,4767396.01
2008-05-09,3.669,3.578,3.678,3.536,5184935.49
2008-05-12,3.505,3.592,3.645,3.491,4832791.01
2008-05-13,3.505,3.535,3.593,3.505,5143222.31
2008-05-14,3.518,3.64,3.647,3.518,6100919.11
2008-05-15,3.659,3.62,3.692,3.618,3294715.5
2008-05-16,3.62,3.612,3.653,3.586,2339685.28
2008-05-19,3.6,3.581,3.608,3.547,1921502.75
2008-05-20,3.581,3.43,3.624,3.423,4390610.13
2008-05-21,3.396,3.49,3.505,3.342,6317778.98
2008-05-22,3.424,3.436,3.498,3.412,3382218.54
2008-05-23,3.43,3.44,3.477,3.408,2626221.37
2008-05-26,3.411,3.338,3.417,3.333,2325031.3
2008-05-27,3.338,3.344,3.365,3.318,2269328.52
2008-05-28,3.352,3.433,3.464,3.335,3279241.35
2008-05-29,3.413,3.356,3.44,3.353,2348720.47
2008-05-30,3.387,3.395,3.417,3.344,1960886.75
2008-06-02,3.369,3.413,3.433,3.366,1806710.89
2008-06-03,3.425,3.4,3.436,3.376,1959181.97
2008-06-04,3.385,3.333,3.387,3.307,2363199.01
2008-06-05,3.315,3.298,3.327,3.278,1671064.08
2008-06-06,3.317,3.283,3.324,3.271,1426672.52
2008-06-10,3.156,3.011,3.177,2.97,4731190.69
2008-06-11,3.008,2.986,3.029,2.955,4349939.88
2008-06-12,2.973,2.921,2.99,2.895,3992987.67
2008-06-13,2.927,2.874,2.958,2.872,2856305.66
2008-06-16,2.887,2.877,2.912,2.831,3431953.95
2008-06-17,2.88,2.815,2.889,2.795,3241960.68
2008-06-18,2.796,2.923,2.955,2.758,6650649.61
2008-06-19,2.886,2.736,2.89,2.728,4710966.85
2008-06-20,2.771,2.831,2.91,2.696,6361814.25
2008-06-23,2.762,2.758,2.819,2.736,3239834.86
2008-06-24,2.755,2.802,2.821,2.738,3719350.87
2008-06-25,2.795,2.891,2.895,2.784,4139579.42
2008-06-26,2.884,2.887,2.913,2.845,4258484.36
2008-06-27,2.795,2.743,2.809,2.729,4217237.44
2008-06-30,2.726,2.715,2.762,2.68,2927546.33
2008-07-01,2.722,2.609,2.732,2.601,3182818.4
2008-07-02,2.619,2.597,2.646,2.57,2956745.73
2008-07-03,2.561,2.629,2.679,2.515,6183572.74
2008-07-04,2.613,2.606,2.646,2.586,3377862.75
2008-07-07,2.606,2.751,2.769,2.606,5338452.73
2008-07-08,2.757,2.75,2.802,2.703,5537598.14
2008-07-09,2.789,2.876,2.877,2.789,6430612.91
2008-07-10,2.831,2.838,2.9,2.807,5543317.42
2008-07-11,2.824,2.819,2.841,2.783,4358126.9
2008-07-14,2.801,2.832,2.857,2.789,3360014.29
2008-07-15,2.854,2.707,2.854,2.7,5491387.11
2008-07-16,2.674,2.626,2.694,2.594,4343745.24
2008-07-17,2.671,2.608,2.694,2.601,4163066.1
2008-07-18,2.647,2.722,2.735,2.602,4915575.45
2008-07-21,2.694,2.797,2.803,2.677,6376266.47
2008-07-22,2.789,2.782,2.799,2.769,3506875.17
2008-07-23,2.8,2.77,2.825,2.769,4543296.46
2008-07-24,2.79,2.868,2.876,2.79,5553165.95
2008-07-25,2.829,2.839,2.857,2.812,3718396.86
2008-07-28,2.853,2.854,2.897,2.841,3628463.28
2008-07-29,2.813,2.795,2.815,2.783,3109929.09
2008-07-30,2.833,2.789,2.844,2.769,3288991.52
2008-07-31,2.795,2.721,2.801,2.718,3310149.43
2008-08-01,2.704,2.763,2.797,2.674,3906535.56
2008-08-04,2.739,2.705,2.758,2.698,2201095.2
2008-08-05,2.718,2.665,2.729,2.659,2449644.29
2008-08-06,2.69,2.697,2.721,2.663,3148019.0
2008-08-07,2.698,2.7,2.719,2.661,2860842.78
2008-08-08,2.69,2.573,2.693,2.571,4679593.38
2008-08-11,2.562,2.488,2.594,2.478,4762362.73
2008-08-12,2.477,2.477,2.511,2.458,3581193.2
2008-08-13,2.466,2.462,2.487,2.407,4016720.6
2008-08-14,2.44,2.454,2.474,2.432,2521888.02
2008-08-15,2.452,2.472,2.502,2.438,2727794.18
2008-08-18,2.473,2.363,2.478,2.361,3133220.2
2008-08-19,2.339,2.385,2.412,2.332,3373841.3
2008-08-20,2.363,2.581,2.588,2.354,6767706.08
2008-08-21,2.531,2.498,2.571,2.487,6069271.41
2008-08-22,2.483,2.451,2.487,2.423,3635606.8
2008-08-25,2.453,2.465,2.507,2.436,2708337.39
2008-08-26,2.44,2.419,2.467,2.402,2870832.53
2008-08-27,2.42,2.426,2.464,2.397,3281373.98
2008-08-28,2.429,2.443,2.47,2.421,3453452.66
2008-08-29,2.458,2.485,2.516,2.447,4822678.03
2008-09-01,2.461,2.41,2.47,2.395,3174456.63
2008-09-02,2.394,2.378,2.404,2.368,2755774.19
2008-09-03,2.376,2.331,2.393,2.317,3725958.99
2008-09-04,2.327,2.333,2.349,2.299,2795785.72
2008-09-05,2.26,2.274,2.306,2.252,3064207.2
2008-09-08,2.282,2.241,2.296,2.235,3482166.37
2008-09-09,2.256,2.253,2.267,2.23,2993584.48
2008-09-10,2.235,2.249,2.29,2.213,3931151.25
2008-09-11,2.239,2.169,2.245,2.165,3764073.21
2008-09-12,2.171,2.172,2.196,2.159,2988569.23
2008-09-16,2.097,2.024,2.114,2.016,5578113.53
2008-09-17,2.029,1.968,2.05,1.96,4520890.58
2008-09-18,1.921,1.93,1.984,1.848,8985735.35
2008-09-19,2.116,2.116,2.116,2.086,6101460.77
2008-09-22,2.299,2.32,2.32,2.191,16057842.49
2008-09-23,2.215,2.176,2.245,2.171,11210674.47
2008-09-24,2.117,2.201,2.203,2.108,7064867.4
2008-09-25,2.206,2.288,2.326,2.182,14174139.3
2008-09-26,2.31,2.281,2.31,2.233,9015699.04
2008-10-06,2.209,2.158,2.245,2.156,6639022.14
2008-10-07,2.084,2.121,2.163,2.047,7781598.56
2008-10-08,2.047,2.026,2.09,2.003,6257269.67
2008-10-09,2.063,2.007,2.071,2.002,6477807.01
2008-10-10,1.917,1.933,1.97,1.91,7454858.25
2008-10-13,1.926,2.041,2.045,1.882,9646636.24
2008-10-14,2.12,1.981,2.127,1.972,10281391.6
2008-10-15,1.943,1.945,1.97,1.923,5251515.92
2008-10-16,1.872,1.852,1.902,1.848,5831459.33
2008-10-17,1.872,1.863,1.882,1.843,4601533.76
2008-10-20,1.85,1.929,1.932,1.831,6720321.92
2008-10-21,1.929,1.899,1.949,1.897,5751744.92
2008-10-22,1.872,1.85,1.91,1.849,4084252.3
2008-10-23,1.82,1.841,1.844,1.795,4846160.85
2008-10-24,1.842,1.784,1.844,1.771,4221812.1
2008-10-27,1.741,1.638,1.751,1.636,5781649.94
2008-10-28,1.602,1.717,1.726,1.602,9708901.19
2008-10-29,1.728,1.667,1.738,1.666,7534457.18
2008-10-30,1.678,1.719,1.749,1.653,8467493.14
2008-10-31,1.7,1.681,1.717,1.673,4430443.64
2008-11-03,1.67,1.682,1.714,1.656,3559338.01
2008-11-04,1.67,1.676,1.689,1.646,3343358.32
2008-11-05,1.693,1.747,1.776,1.688,7206332.99
2008-11-06,1.694,1.696,1.708,1.683,3791854.4
2008-11-07,1.672,1.728,1.749,1.665,5578520.38
2008-11-10,1.778,1.882,1.885,1.769,10805205.17
2008-11-11,1.848,1.837,1.875,1.834,8762809.01
2008-11-12,1.813,1.854,1.865,1.808,7328483.81
2008-11-13,1.824,1.912,1.931,1.814,11722088.63
2008-11-14,1.932,1.953,1.96,1.904,11564150.04
2008-11-17,1.942,1.969,1.971,1.926,10201256.0
2008-11-18,1.951,1.842,1.978,1.836,11361699.05
2008-11-19,1.849,1.96,1.969,1.824,11247095.27
2008-11-20,1.919,1.907,1.951,1.874,8614826.98
2008-11-21,1.848,1.901,1.951,1.817,12005016.23
2008-11-24,1.882,1.829,1.891,1.822,7180688.49
2008-11-25,1.863,1.824,1.869,1.795,6549297.66
2008-11-26,1.817,1.827,1.847,1.807,5434629.44
2008-11-27,1.944,1.857,1.958,1.854,13353383.64
2008-11-28,1.842,1.797,1.843,1.791,6925699.22
2008-12-01,1.797,1.815,1.817,1.771,5579956.19
2008-12-02,1.777,1.809,1.826,1.768,5742313.67
2008-12-03,1.829,1.891,1.895,1.822,8883690.05
2008-12-04,1.921,1.923,1.978,1.907,13117663.45
2008-12-05,1.916,1.943,1.945,1.908,7971368.62
2008-12-08,1.962,2.017,2.018,1.959,10931565.36
2008-12-09,2.016,1.964,2.021,1.962,10483938.7
2008-12-10,1.952,2.02,2.027,1.939,11462816.94
2008-12-11,1.996,1.97,2.023,1.964,9993173.99
2008-12-12,1.953,1.893,1.965,1.881,9422163.54
2008-12-15,1.923,1.902,1.937,1.881,7071255.68
2008-12-16,1.884,1.913,1.916,1.852,6102003.89
2008-12-17,1.921,1.912,1.934,1.904,6686846.16
2008-12-18,1.91,1.955,1.959,1.891,8212821.34
2008-12-19,1.942,1.952,1.984,1.937,7684586.32
2008-12-22,1.945,1.918,1.957,1.904,5121430.94
2008-12-23,1.917,1.841,1.917,1.839,6283721.73
2008-12-24,1.83,1.814,1.839,1.804,5065666.31
2008-12-25,1.817,1.799,1.828,1.784,4996016.29
2008-12-26,1.802,1.798,1.816,1.788,4094567.14
2008-12-29,1.79,1.79,1.797,1.765,3366723.47
2008-12-30,1.791,1.769,1.803,1.763,3949156.2
2008-12-31,1.773,1.759,1.783,1.758,3538791.03
2009-01-05,1.789,1.821,1.822,1.781,5396713.0
2009-01-06,1.813,1.868,1.88,1.809,7721119.65
2009-01-07,1.869,1.857,1.888,1.855,4635741.58
2009-01-08,1.834,1.809,1.835,1.798,4935569.07
2009-01-09,1.805,1.834,1.839,1.805,3846877.79
2009-01-12,1.824,1.824,1.852,1.818,3024485.25
2009-01-13,1.805,1.797,1.817,1.795,2749068.68
2009-01-14,1.797,1.872,1.872,1.797,4918519.47
2009-01-15,1.85,1.856,1.878,1.839,5063104.26
2009-01-16,1.862,1.906,1.938,1.862,8309865.43
2009-01-19,1.925,1.929,1.972,1.912,8706708.8
2009-01-20,1.918,1.94,1.943,1.901,4626336.43
2009-01-21,1.91,1.932,1.964,1.908,6425038.05
2009-01-22,1.95,1.95,1.957,1.921,5266793.13
2009-01-23,1.943,1.94,1.956,1.925,3786638.62
2009-02-02,1.951,1.943,1.956,1.93,2936899.9
2009-02-03,1.942,1.989,1.994,1.938,5683211.42
2009-02-04,1.997,2.045,2.046,1.997,6475666.0
2009-02-05,2.042,2.037,2.094,2.029,8590391.12
2009-02-06,2.048,2.118,2.12,2.048,8780202.32
2009-02-09,2.148,2.146,2.17,2.124,8249277.84
2009-02-10,2.137,2.152,2.156,2.11,7079243.58
2009-02-11,2.113,2.156,2.196,2.111,9895849.33
2009-02-12,2.152,2.126,2.166,2.087,8820437.74
2009-02-13,2.126,2.2,2.207,2.117,10537596.27
2009-02-16,2.214,2.265,2.267,2.21,9438028.04
2009-02-17,2.261,2.213,2.28,2.203,10784751.39
2009-02-18,2.172,2.118,2.183,2.108,12611674.98
2009-02-19,2.135,2.108,2.143,2.08,9124285.4
2009-02-20,2.106,2.131,2.133,2.082,6522033.62
2009-02-23,2.117,2.177,2.189,2.085,9209087.27
2009-02-24,2.144,2.072,2.165,2.059,9669282.45
2009-02-25,2.087,2.091,2.114,2.02,10135117.96
2009-02-26,2.078,2.029,2.127,2.017,11881628.26
2009-02-27,2.016,2.007,2.037,1.991,8027983.54
2009-03-02,2.004,2.009,2.028,1.965,6684935.15
2009-03-03,1.968,1.982,2.002,1.959,6075305.3
2009-03-04,1.99,2.121,2.126,1.99,11420810.41
2009-03-05,2.139,2.143,2.169,2.098,13226973.6
2009-03-06,2.104,2.127,2.153,2.1,8706467.56
2009-03-09,2.139,2.06,2.168,2.058,9002155.31
2009-03-10,2.045,2.086,2.088,2.027,6909302.77
2009-03-11,2.144,2.068,2.149,2.061,6572473.79
2009-03-12,2.061,2.066,2.074,2.024,6866504.88
2009-03-13,2.08,2.062,2.101,2.06,6430066.58
2009-03-16,2.052,2.106,2.114,2.04,7221356.22
2009-03-17,2.099,2.166,2.172,2.093,10659549.55
2009-03-18,2.174,2.161,2.189,2.155,9098595.63
2009-03-19,2.158,2.194,2.197,2.155,6581546.65
2009-03-20,2.195,2.187,2.208,2.159,6721790.64
2009-03-23,2.182,2.234,2.243,2.181,6078071.62
2009-03-24,2.262,2.243,2.285,2.234,8281438.47
2009-03-25,2.235,2.209,2.264,2.208,7348766.62
2009-03-26,2.214,2.296,2.298,2.204,8446106.31
2009-03-27,2.309,2.301,2.319,2.291,8712051.3
2009-03-30,2.299,2.292,2.316,2.284,6090817.77
2009-03-31,2.251,2.311,2.32,2.241,9179304.7
2009-04-01,2.32,2.333,2.35,2.313,8758417.28
2009-04-02,2.339,2.364,2.393,2.336,7967039.35
2009-04-03,2.39,2.38,2.415,2.367,8571096.79
2009-04-07,2.384,2.385,2.409,2.356,5308382.92
2009-04-08,2.37,2.293,2.382,2.292,8614060.65
2009-04-09,2.296,2.326,2.329,2.273,8174438.41
2009-04-10,2.346,2.382,2.385,2.337,8206418.5
2009-04-13,2.393,2.438,2.447,2.387,8188753.57
2009-04-14,2.427,2.442,2.452,2.417,6221760.82
2009-04-15,2.429,2.434,2.445,2.394,8416868.38
2009-04-16,2.436,2.432,2.452,2.4,9036056.0
2009-04-17,2.427,2.403,2.436,2.395,8735848.61
2009-04-20,2.391,2.448,2.453,2.388,8419705.76
2009-04-21,2.426,2.412,2.436,2.389,8750955.56
2009-04-22,2.429,2.354,2.457,2.341,11240583.45
2009-04-23,2.338,2.349,2.355,2.32,8309074.81
2009-04-24,2.364,2.331,2.369,2.327,5308541.4
2009-04-27,2.329,2.293,2.338,2.284,7919458.01
2009-04-28,2.286,2.292,2.306,2.273,6301276.79
2009-04-29,2.293,2.377,2.388,2.287,9355175.74
2009-04-30,2.384,2.377,2.396,2.365,6944976.36
2009-05-04,2.385,2.451,2.455,2.381,7187179.07
2009-05-05,2.459,2.455,2.483,2.443,7203650.96
2009-05-06,2.452,2.48,2.491,2.446,8843953.77
2009-05-07,2.493,2.488,2.52,2.464,7574338.0
2009-05-08,2.479,2.533,2.541,2.471,6873148.95
2009-05-11,2.549,2.499,2.594,2.494,9089584.92
2009-05-12,2.477,2.539,2.546,2.477,7838654.2
2009-05-13,2.535,2.562,2.569,2.522,7970206.07
2009-05-14,2.535,2.523,2.539,2.499,8168044.75
2009-05-15,2.53,2.528,2.545,2.51,4236903.65
2009-05-18,2.511,2.541,2.549,2.494,6194782.67
2009-05-19,2.567,2.568,2.582,2.558,6597558.41
2009-05-20,2.567,2.535,2.571,2.532,5004940.04
2009-05-21,2.515,2.474,2.532,2.47,7934658.76
2009-05-22,2.465,2.473,2.488,2.452,5516684.37
2009-05-25,2.445,2.481,2.493,2.427,6025199.31
2009-05-26,2.481,2.443,2.486,2.44,4044070.75
2009-05-27,2.458,2.499,2.513,2.454,7720533.28
2009-06-01,2.533,2.602,2.612,2.532,8892762.85
2009-06-02,2.615,2.597,2.634,2.595,8446640.63
2009-06-03,2.596,2.694,2.699,2.596,8022951.21
2009-06-04,2.677,2.711,2.725,2.664,13779883.95
2009-06-05,2.726,2.702,2.736,2.7,7158991.03
2009-06-08,2.7,2.725,2.76,2.678,8196234.31
2009-06-09,2.724,2.744,2.745,2.679,7365875.8
2009-06-10,2.745,2.764,2.777,2.739,6351955.54
2009-06-11,2.763,2.751,2.792,2.749,5996856.79
2009-06-12,2.749,2.703,2.77,2.689,7130601.7
2009-06-15,2.712,2.77,2.771,2.691,9647675.18
2009-06-16,2.742,2.752,2.779,2.734,8034266.13
2009-06-17,2.748,2.787,2.805,2.717,8568378.3
2009-06-18,2.789,2.844,2.847,2.783,8526393.05
2009-06-19,2.851,2.88,2.887,2.846,6089664.17
2009-06-22,2.913,2.885,2.924,2.88,6240395.87
2009-06-23,2.848,2.897,2.942,2.84,10687161.53
2009-06-24,2.884,2.904,2.91,2.866,7778426.07
2009-06-25,2.905,2.902,2.925,2.895,6789070.16
2009-06-26,2.908,2.909,2.925,2.897,4445594.6
2009-06-29,2.912,2.975,2.976,2.91,4647576.99
2009-06-30,2.986,2.96,2.988,2.957,6117506.86
2009-07-02,3.039,3.082,3.093,3.035,7396075.27
2009-07-03,3.073,3.116,3.116,3.06,9175357.01
2009-07-06,3.117,3.162,3.169,3.117,7034117.0
2009-07-07,3.156,3.118,3.175,3.111,8782811.77
2009-07-08,3.089,3.099,3.123,3.027,12992371.63
2009-07-09,3.093,3.14,3.142,3.076,8606120.03
2009-07-10,3.14,3.121,3.157,3.108,6410081.43
2009-07-13,3.104,3.065,3.111,3.064,5854460.88
2009-07-14,3.077,3.163,3.166,3.077,7843976.95
2009-07-15,3.175,3.193,3.202,3.175,5028944.2
2009-07-16,3.221,3.219,3.259,3.199,7456119.57
2009-07-17,3.224,3.234,3.246,3.205,4748932.11
2009-07-20,3.245,3.293,3.298,3.221,5511670.37
2009-07-21,3.302,3.246,3.322,3.244,9207254.03
2009-07-22,3.251,3.317,3.32,3.251,8192437.72
2009-07-23,3.317,3.359,3.367,3.298,6105306.9
2009-07-24,3.383,3.393,3.401,3.328,7934005.64
2009-07-27,3.401,3.469,3.47,3.401,6401251.85
2009-07-28,3.471,3.452,3.471,3.425,7839437.64
2009-07-29,3.446,3.296,3.495,3.189,16218116.18
2009-07-30,3.349,3.401,3.423,3.298,18691334.74
2009-07-31,3.44,3.481,3.484,3.398,11139162.86
2009-08-03,3.496,3.503,3.51,3.457,9448753.69
2009-08-04,3.515,3.472,3.517,3.424,9894975.28
2009-08-05,3.462,3.414,3.47,3.388,9687033.8
2009-08-06,3.387,3.34,3.412,3.292,10897122.97
2009-08-07,3.352,3.265,3.369,3.251,11092247.35
2009-08-10,3.296,3.243,3.316,3.198,11902368.13
2009-08-11,3.258,3.244,3.262,3.204,9333240.41
2009-08-12,3.233,3.095,3.24,3.067,14824795.41
2009-08-13,3.109,3.141,3.156,3.051,13750788.47
2009-08-14,3.132,3.074,3.149,3.048,13390751.81
2009-08-17,3.02,2.912,3.058,2.903,19650951.85
2009-08-18,2.905,2.923,2.938,2.852,16894182.5
2009-08-19,2.925,2.795,2.942,2.763,16380558.0
2009-08-20,2.813,2.918,2.922,2.803,15457209.56
2009-08-21,2.917,2.953,2.986,2.892,16271664.31
2009-08-24,2.975,2.956,2.985,2.928,8031724.95
2009-08-25,2.937,2.831,2.938,2.749,12758568.98
2009-08-26,2.801,2.872,2.904,2.79,11535788.18
2009-08-27,2.848,2.848,2.898,2.818,15641601.11
2009-08-28,2.854,2.755,2.866,2.742,12839042.6
2009-08-31,2.706,2.564,2.712,2.557,11956721.84
2009-09-01,2.57,2.616,2.664,2.564,14582195.7
2009-09-02,2.594,2.671,2.683,2.582,12014648.18
2009-09-03,2.677,2.803,2.813,2.664,12773831.54
2009-09-04,2.795,2.803,2.834,2.781,12620296.14
2009-09-07,2.831,2.818,2.87,2.805,11496505.93
2009-09-08,2.805,2.874,2.877,2.774,11322595.69
2009-09-09,2.884,2.878,2.904,2.841,8531673.21
2009-09-10,2.866,2.85,2.887,2.841,6221025.55
2009-09-11,2.85,2.938,2.95,2.85,10618089.58
2009-09-14,2.95,2.967,2.974,2.927,7734602.12
2009-09-15,2.968,2.967,2.992,2.942,8445224.84
2009-09-16,2.949,2.916,2.973,2.889,9838157.53
2009-09-17,2.938,2.969,2.976,2.938,9179435.32
2009-09-18,2.969,2.866,2.975,2.851,10401903.24
2009-09-21,2.845,2.867,2.872,2.783,12815805.95
2009-09-22,2.847,2.797,2.891,2.795,9996097.5
2009-09-23,2.815,2.763,2.834,2.751,8304953.37
2009-09-24,2.747,2.796,2.829,2.726,10919304.13
2009-09-25,2.781,2.792,2.813,2.757,8303913.68
2009-09-28,2.805,2.718,2.813,2.711,5995097.58
2009-09-29,2.731,2.734,2.758,2.7,8615093.09
2009-09-30,2.748,2.763,2.786,2.736,6959203.91
2009-10-09,2.829,2.896,2.9,2.813,6567602.74
2009-10-12,2.903,2.871,2.922,2.866,6340133.18
2009-10-13,2.866,2.919,2.922,2.863,5769040.1
2009-10-14,2.925,2.935,2.985,2.917,8688422.07
2009-10-15,2.973,2.951,2.995,2.938,7615148.34
2009-10-16,2.962,2.949,2.974,2.902,7144068.96
2009-10-19,2.934,3.019,3.022,2.928,7236687.84
2009-10-20,3.038,3.056,3.063,3.026,9958862.04
2009-10-21,3.044,3.052,3.088,3.04,7020209.78
2009-10-22,3.051,3.026,3.059,3.02,6788279.23
2009-10-23,3.043,3.083,3.105,3.037,8372314.92
2009-10-26,3.089,3.09,3.103,3.07,6537836.83
2009-10-27,3.067,3.006,3.069,3.003,7364178.09
2009-10-28,2.996,2.998,3.018,2.941,10596915.95
2009-10-29,2.948,2.928,2.968,2.919,7607583.57
2009-10-30,2.98,2.96,3.008,2.956,7575535.58
2009-11-02,2.895,3.065,3.07,2.889,10960187.58
2009-11-03,3.065,3.093,3.112,3.059,8436729.55
2009-11-04,3.096,3.11,3.134,3.076,7660856.11
2009-11-05,3.111,3.117,3.13,3.091,6197405.65
2009-11-06,3.15,3.124,3.156,3.121,6889436.73
2009-11-09,3.127,3.132,3.135,3.095,5882493.65
2009-11-10,3.151,3.142,3.17,3.135,5801720.02
2009-11-11,3.132,3.123,3.14,3.105,5984211.92
2009-11-12,3.132,3.114,3.151,3.108,5226289.57
2009-11-13,3.104,3.138,3.142,3.073,7528457.15
2009-11-16,3.156,3.231,3.232,3.156,8385176.95
2009-11-17,3.246,3.231,3.258,3.225,6987284.43
2009-11-18,3.235,3.228,3.251,3.221,5241288.16
2009-11-19,3.237,3.23,3.253,3.198,8719656.79
2009-11-20,3.209,3.202,3.225,3.177,5629131.97
2009-11-23,3.206,3.217,3.219,3.189,4392946.99
2009-11-24,3.23,3.14,3.244,3.127,10613763.05
2009-11-25,3.14,3.183,3.186,3.097,10768356.99
2009-11-26,3.186,3.057,3.194,3.052,12830511.0
2009-11-27,3.032,2.979,3.048,2.964,11004704.53
2009-11-30,3.018,3.069,3.072,2.999,10279400.17
2009-12-01,3.06,3.095,3.103,3.033,9577832.82
2009-12-02,3.112,3.122,3.137,3.104,8101695.41
2009-12-03,3.124,3.103,3.124,3.078,5948841.6
2009-12-04,3.091,3.214,3.227,3.083,17656609.59
2009-12-07,3.207,3.217,3.234,3.198,11798832.51
2009-12-08,3.218,3.162,3.226,3.141,8987808.33
2009-12-09,3.125,3.098,3.143,3.091,8251290.24
2009-12-10,3.124,3.118,3.138,3.091,6967642.32
2009-12-11,3.124,3.118,3.15,3.115,6981986.16
2009-12-14,3.11,3.172,3.186,3.056,14189546.44
2009-12-15,3.146,3.132,3.174,3.127,7649092.08
2009-12-16,3.117,3.117,3.162,3.115,7551297.18
2009-12-17,3.134,3.065,3.15,3.056,8122791.07
2009-12-18,3.037,3.02,3.056,3.008,6959523.12
2009-12-21,3.021,3.002,3.032,2.973,6971908.67
2009-12-22,3.009,2.945,3.008,2.925,6770688.35
2009-12-23,2.941,2.954,2.961,2.925,6340410.54
2009-12-24,2.963,3.026,3.032,2.949,9199755.55
2009-12-25,3.02,2.994,3.02,2.996,4968935.4
2009-12-28,3.005,3.045,3.067,3.008,6343780.6
2009-12-29,3.044,3.073,3.079,3.032,5005694.08
2009-12-30,3.073,3.153,3.174,3.067,12122046.3
2009-12-31,3.156,3.173,3.186,3.15,9266964.32
2010-01-04,3.185,3.117,3.186,3.115,7864332.06
2010-01-05,3.132,3.155,3.174,3.091,10998787.55
2010-01-06,3.149,3.117,3.162,3.115,5465724.97
2010-01-07,3.118,3.058,3.138,3.044,8942675.14
2010-01-08,3.053,3.058,3.067,3.02,8854760.13
2010-01-11,3.221,3.071,3.221,3.056,13548809.94
2010-01-12,3.058,3.109,3.115,3.02,12172625.81
2010-01-13,3.046,2.977,3.056,2.973,14207432.27
2010-01-14,2.996,3.003,3.008,2.961,8782125.18
2010-01-15,3.003,3.011,3.032,2.985,6523284.51
2010-01-18,2.999,3.002,3.008,2.985,5088502.26
2010-01-19,3.009,3.021,3.044,3.008,9716637.74
2010-01-20,3.026,2.932,3.032,2.925,7692516.44
2010-01-21,2.938,2.956,2.973,2.925,11077709.79
2010-01-22,2.925,2.957,2.985,2.89,11702915.93
2010-01-25,2.928,2.931,2.973,2.925,7971761.04
2010-01-26,2.932,2.877,2.937,2.866,9614014.28
2010-01-27,2.882,2.821,2.89,2.819,10101134.45
2010-01-28,2.822,2.807,2.831,2.783,5968602.59
2010-01-29,2.793,2.8,2.842,2.783,6200918.49
2010-02-01,2.796,2.757,2.795,2.736,7001223.48
2010-02-02,2.777,2.767,2.831,2.76,6565432.87
2010-02-03,2.78,2.845,2.842,2.736,10953975.2
2010-02-04,2.82,2.825,2.842,2.807,7284769.51
2010-02-05,2.777,2.77,2.783,2.76,6526724.33
2010-02-08,2.771,2.762,2.783,2.748,3499845.98
2010-02-09,2.757,2.781,2.795,2.748,4088552.83
2010-02-10,2.802,2.822,2.819,2.795,3489611.22
2010-02-11,2.821,2.828,2.842,2.819,2220589.06
2010-02-12,2.837,2.851,2.854,2.831,2296410.32
2010-02-22,2.851,2.832,2.854,2.831,3950442.99
2010-02-23,2.82,2.783,2.831,2.76,5768024.3
2010-02-24,2.776,2.809,2.807,2.76,4036906.39
2010-02-25,2.813,2.851,2.854,2.807,6789958.99
2010-02-26,2.841,2.842,2.854,2.842,3368786.7
2010-03-01,2.841,2.887,2.89,2.842,4262416.93
2010-03-02,2.89,2.879,2.902,2.878,4053307.36
2010-03-03,2.879,2.891,2.89,2.854,2974660.88
2010-03-04,2.889,2.829,2.89,2.831,5517074.14
2010-03-05,2.833,2.834,2.854,2.831,2679585.33
2010-03-08,2.841,2.854,2.866,2.831,2459069.66
2010-03-09,2.854,2.873,2.89,2.831,4175418.25
2010-03-10,2.873,2.861,2.89,2.854,3431831.81
2010-03-11,2.866,2.871,2.89,2.842,5778845.75
2010-03-12,2.868,2.84,2.878,2.831,4314374.39
2010-03-15,2.835,2.794,2.842,2.783,6464220.76
2010-03-16,2.792,2.818,2.819,2.795,3490585.73
2010-03-17,2.825,2.873,2.878,2.819,5761976.31
2010-03-18,2.873,2.859,2.89,2.854,4719135.49
2010-03-19,2.858,2.883,2.89,2.842,4398742.48
2010-03-22,2.883,2.884,2.902,2.878,4953433.86
2010-03-23,2.886,2.853,2.89,2.854,3725643.04
2010-03-24,2.865,2.855,2.878,2.854,4030026.46
2010-03-25,2.847,2.815,2.842,2.807,3738758.19
2010-03-26,2.814,2.861,2.878,2.807,4746791.63
2010-03-29,2.878,2.944,2.949,2.878,9674775.68
2010-03-30,2.944,2.949,2.949,2.925,4539974.65
2010-03-31,2.947,2.925,2.949,2.913,4416231.55
2010-04-01,2.925,2.953,2.961,2.925,4932458.38
2010-04-02,2.958,2.955,2.961,2.949,3605144.86
2010-04-06,2.969,2.954,2.996,2.949,5626045.41
2010-04-07,2.951,2.936,2.961,2.925,5117094.71
2010-04-08,2.93,2.891,2.925,2.878,4439933.52
2010-04-09,2.896,2.916,2.925,2.89,3462424.26
2010-04-12,2.925,2.883,2.937,2.866,4241253.92
2010-04-13,2.883,2.94,2.944,2.882,10363195.72
2010-04-14,2.941,2.95,2.961,2.925,4036563.8
2010-04-15,2.953,2.943,2.949,2.913,4925177.7
2010-04-16,2.925,2.902,2.937,2.902,4909038.02
2010-04-19,2.872,2.76,2.878,2.748,12279319.7
2010-04-20,2.764,2.75,2.771,2.724,7301047.13
2010-04-21,2.749,2.787,2.795,2.736,6779411.25
2010-04-22,2.77,2.726,2.771,2.724,7096894.13
2010-04-23,2.731,2.71,2.748,2.7,7228109.87
2010-04-26,2.718,2.689,2.724,2.689,7998153.73
2010-04-27,2.68,2.642,2.677,2.606,7358024.76
2010-04-28,2.62,2.635,2.641,2.606,5240455.26
2010-04-29,2.648,2.627,2.665,2.629,5727070.53
2010-04-30,2.636,2.666,2.665,2.629,7141076.95
2010-05-04,2.634,2.632,2.653,2.629,5475072.01
2010-05-05,2.612,2.638,2.641,2.57,7239961.04
2010-05-06,2.619,2.522,2.618,2.523,8399427.82
2010-05-07,2.481,2.494,2.535,2.464,8559356.08
2010-05-10,2.507,2.526,2.535,2.487,8147783.06
2010-05-11,2.576,2.48,2.582,2.464,10151441.41
2010-05-12,2.475,2.522,2.523,2.452,10455751.51
2010-05-13,2.52,2.567,2.57,2.511,10015077.86
2010-05-14,2.544,2.542,2.558,2.535,5556543.27
2010-05-17,2.511,2.434,2.511,2.428,7717251.43
2010-05-18,2.441,2.484,2.499,2.428,9411959.22
2010-05-19,2.47,2.471,2.511,2.44,8406457.65
2010-05-20,2.454,2.43,2.487,2.428,6790226.84
2010-05-21,2.37,2.454,2.464,2.369,8029839.23
2010-05-24,2.471,2.53,2.546,2.475,8959631.24
2010-05-25,2.511,2.467,2.511,2.464,5155455.48
2010-05-26,2.474,2.468,2.499,2.464,4141656.28
2010-05-27,2.466,2.504,2.511,2.44,6145954.62
2010-05-28,2.529,2.491,2.535,2.487,7091725.56
2010-05-31,2.48,2.44,2.499,2.428,5936731.01
2010-06-01,2.427,2.417,2.452,2.393,5975662.23
2010-06-02,2.414,2.414,2.428,2.381,4181174.66
2010-06-03,2.423,2.401,2.44,2.404,5628330.69
2010-06-04,2.396,2.4,2.404,2.381,3146902.46
2010-06-07,2.361,2.354,2.381,2.345,3998485.17
2010-06-08,2.355,2.344,2.369,2.333,3306224.11
2010-06-09,2.357,2.417,2.428,2.322,9092637.47
2010-06-10,2.395,2.381,2.404,2.381,5079873.22
2010-06-11,2.391,2.389,2.416,2.381,4269637.45
2010-06-17,2.406,2.388,2.416,2.393,3385910.94
2010-06-18,2.384,2.369,2.416,2.369,3589891.17
2010-06-21,2.382,2.449,2.464,2.381,7588459.28
2010-06-22,2.44,2.446,2.452,2.44,3130345.85
2010-06-23,2.435,2.423,2.452,2.404,3327786.14
2010-06-24,2.423,2.436,2.452,2.416,3456186.73
2010-06-25,2.421,2.429,2.44,2.416,3782429.18
2010-06-28,2.426,2.43,2.452,2.428,3040911.29
2010-06-29,2.434,2.337,2.44,2.333,5879085.68
2010-06-30,2.326,2.316,2.333,2.31,4879007.62
2010-07-01,2.312,2.301,2.333,2.298,3836843.6
2010-07-02,2.303,2.318,2.322,2.262,5960439.58
2010-07-05,2.296,2.297,2.322,2.274,5157921.63
2010-07-06,2.292,2.332,2.333,2.286,5923918.16
2010-07-07,2.331,2.333,2.333,2.31,3791664.04
2010-07-08,2.345,2.339,2.357,2.333,3744394.26
2010-07-09,2.341,2.389,2.404,2.322,5154950.48
2010-07-12,2.385,2.402,2.416,2.374,4189544.0
2010-07-13,2.378,2.368,2.381,2.357,3881148.29
2010-07-14,2.375,2.382,2.404,2.369,4075068.51
2010-07-15,2.387,2.346,2.404,2.345,4081152.01
2010-07-16,2.338,2.343,2.345,2.322,3003036.97
2010-07-19,2.329,2.395,2.404,2.322,4859904.43
2010-07-20,2.399,2.435,2.44,2.393,5083045.65
2010-07-21,2.435,2.435,2.452,2.428,4208853.67
2010-07-22,2.428,2.462,2.464,2.428,3914225.34
2010-07-23,2.465,2.477,2.487,2.464,4630919.0
2010-07-26,2.478,2.48,2.487,2.464,3225914.12
2010-07-27,2.471,2.466,2.475,2.464,2589743.87
2010-07-28,2.465,2.532,2.535,2.464,6033573.36
2010-07-29,2.531,2.536,2.546,2.523,4638185.61
2010-07-30,2.53,2.53,2.535,2.511,3020849.19
2010-08-02,2.53,2.569,2.57,2.535,4743555.76
2010-08-03,2.569,2.517,2.57,2.511,5456084.91
2010-08-04,2.519,2.525,2.535,2.487,6292554.71
2010-08-05,2.52,2.491,2.523,2.475,3699459.49
2010-08-06,2.485,2.528,2.535,2.475,4582828.37
2010-08-09,2.517,2.53,2.541,2.51,3961396.0
2010-08-10,2.53,2.471,2.535,2.475,4932371.19
2010-08-11,2.472,2.473,2.487,2.464,3717748.57
2010-08-12,2.458,2.446,2.475,2.44,3137138.16
2010-08-13,2.445,2.465,2.475,2.428,3547661.68
2010-08-16,2.455,2.516,2.523,2.452,4092732.02
2010-08-17,2.518,2.528,2.535,2.511,4167304.14
2010-08-18,2.528,2.517,2.558,2.511,4031660.51
2010-08-19,2.518,2.542,2.558,2.511,4763681.75
2010-08-20,2.533,2.509,2.546,2.511,4672866.03
2010-08-23,2.503,2.503,2.535,2.487,3008668.61
2010-08-24,2.497,2.499,2.535,2.475,4344020.21
2010-08-25,2.483,2.451,2.498,2.445,3958701.62
2010-08-26,2.458,2.445,2.467,2.438,3584089.0
2010-08-27,2.442,2.449,2.453,2.435,2215790.0
2010-08-30,2.465,2.48,2.491,2.459,3780903.0
2010-08-31,2.468,2.458,2.472,2.451,2582987.0
2010-09-01,2.461,2.449,2.491,2.435,4482849.0
2010-09-02,2.477,2.472,2.481,2.464,3791904.0
2010-09-03,2.474,2.462,2.477,2.446,3622649.0
2010-09-06,2.477,2.523,2.524,2.474,5202582.0
2010-09-07,2.523,2.516,2.531,2.503,2992689.0
2010-09-08,2.503,2.497,2.509,2.483,2489716.0
2010-09-09,2.496,2.453,2.497,2.442,3124799.0
2010-09-10,2.452,2.448,2.461,2.428,3310231.0
2010-09-13,2.446,2.459,2.475,2.438,3809717.0
2010-09-14,2.468,2.459,2.477,2.453,3240119.0
2010-09-15,2.459,2.42,2.459,2.416,2973526.0
2010-09-16,2.419,2.384,2.425,2.365,3875978.0
2010-09-17,2.389,2.382,2.396,2.378,1971986.0
2010-09-20,2.383,2.389,2.401,2.369,2302257.0
2010-09-21,2.396,2.39,2.402,2.382,1387218.0
2010-09-27,2.399,2.409,2.416,2.393,1959700.0
2010-09-28,2.403,2.389,2.41,2.388,4365711.0
2010-09-29,2.385,2.396,2.422,2.383,2527330.0
2010-09-30,2.385,2.449,2.451,2.381,3317030.0
2010-10-08,2.474,2.542,2.555,2.468,8761856.0
2010-10-11,2.555,2.631,2.655,2.555,10767735.0
2010-10-12,2.627,2.66,2.663,2.61,5517757.0
2010-10-13,2.666,2.7,2.703,2.654,6973333.0
2010-10-14,2.73,2.735,2.787,2.726,9774964.0
2010-10-15,2.724,2.84,2.866,2.722,12955627.0
2010-10-18,2.865,2.824,2.925,2.821,15229469.0
2010-10-19,2.821,2.874,2.877,2.801,10732691.0
2010-10-20,2.851,2.873,2.918,2.821,15253882.0
2010-10-21,2.879,2.828,2.89,2.809,7822056.0
2010-10-22,2.821,2.814,2.845,2.79,5660443.0
2010-10-25,2.814,2.895,2.896,2.787,6524032.0
2010-10-26,2.902,2.859,2.909,2.842,6253113.0
2010-10-27,2.842,2.802,2.887,2.8,6983420.0
2010-10-28,2.799,2.803,2.825,2.783,4927050.0
2010-10-29,2.806,2.764,2.813,2.752,6139576.0
2010-11-01,2.773,2.828,2.831,2.773,5778768.0
2010-11-02,2.828,2.814,2.857,2.789,5427896.0
2010-11-03,2.814,2.808,2.848,2.784,8851912.0
2010-11-04,2.809,2.841,2.85,2.809,6315725.0
2010-11-05,2.897,2.87,2.925,2.848,4815341.0
2010-11-08,2.876,2.879,2.891,2.855,5078203.0
2010-11-09,2.877,2.84,2.878,2.827,4824500.0
2010-11-10,2.822,2.8,2.826,2.786,5822104.0
2010-11-11,2.807,2.834,2.868,2.797,7660028.0
2010-11-12,2.819,2.689,2.832,2.687,9968926.0
2010-11-15,2.7,2.678,2.71,2.638,7739761.0
2010-11-16,2.663,2.565,2.667,2.562,6790646.0
2010-11-17,2.544,2.543,2.582,2.525,8127281.0
2010-11-18,2.567,2.57,2.584,2.542,5598051.0
2010-11-19,2.582,2.574,2.584,2.5,5777401.0
2010-11-22,2.552,2.548,2.57,2.536,5395525.0
2010-11-23,2.532,2.499,2.536,2.468,6781645.0
2010-11-24,2.499,2.548,2.563,2.499,5847707.0
2010-11-25,2.56,2.583,2.586,2.535,5961879.0
2010-11-26,2.573,2.557,2.586,2.548,4368199.0
2010-11-29,2.554,2.55,2.563,2.531,3271618.0
2010-11-30,2.549,2.515,2.56,2.471,6600923.0
2010-12-01,2.505,2.516,2.528,2.498,3355812.0
2010-12-02,2.554,2.533,2.56,2.529,3747387.0
2010-12-03,2.539,2.543,2.552,2.529,3854803.0
2010-12-06,2.554,2.574,2.58,2.549,4843421.0
2010-12-07,2.567,2.587,2.605,2.535,4651442.0
2010-12-08,2.581,2.557,2.596,2.555,3497617.0
2010-12-09,2.546,2.532,2.564,2.528,2855650.0
2010-12-10,2.519,2.56,2.568,2.518,3421433.0
2010-12-13,2.568,2.625,2.627,2.564,4420587.0
2010-12-14,2.632,2.616,2.636,2.612,3154333.0
2010-12-15,2.618,2.601,2.625,2.599,2778846.0
2010-12-16,2.599,2.578,2.605,2.577,2421549.0
2010-12-17,2.578,2.574,2.583,2.565,1854486.0
2010-12-20,2.581,2.533,2.59,2.5,4483724.0
2010-12-21,2.538,2.594,2.606,2.532,5629472.0
2010-12-22,2.597,2.56,2.603,2.55,2848363.0
2010-12-23,2.563,2.556,2.593,2.549,3540567.0
2010-12-24,2.542,2.55,2.567,2.53,4346177.0
2010-12-27,2.568,2.509,2.59,2.504,3835405.0
2010-12-28,2.505,2.48,2.511,2.479,3974093.0
2010-12-29,2.483,2.48,2.486,2.462,2460023.0
2010-12-30,2.481,2.467,2.485,2.449,2865501.0
2010-12-31,2.472,2.504,2.505,2.471,3404700.0
2011-01-04,2.526,2.552,2.563,2.516,3270052.0
2011-01-05,2.538,2.533,2.549,2.529,2975378.0
2011-01-06,2.536,2.518,2.548,2.51,2769546.0
2011-01-07,2.518,2.542,2.578,2.502,5507308.0
2011-01-10,2.539,2.51,2.558,2.507,3589159.0
2011-01-11,2.505,2.535,2.539,2.5,3460248.0
2011-01-12,2.541,2.554,2.561,2.523,3240602.0
2011-01-13,2.562,2.551,2.565,2.545,2468333.0
2011-01-14,2.542,2.513,2.545,2.512,2663104.0
2011-01-17,2.502,2.438,2.512,2.432,5518198.0
2011-01-18,2.434,2.447,2.453,2.427,3063260.0
2011-01-19,2.448,2.48,2.481,2.435,2692448.0
2011-01-20,2.473,2.415,2.473,2.413,3191707.0
2011-01-21,2.412,2.445,2.487,2.412,5069162.0
2011-01-24,2.448,2.429,2.462,2.427,3182100.0
2011-01-25,2.429,2.432,2.445,2.42,3276598.0
2011-01-26,2.434,2.451,2.453,2.43,2182242.0
2011-01-27,2.433,2.474,2.483,2.42,3897825.0
2011-01-28,2.471,2.468,2.477,2.453,2487978.0
2011-01-31,2.467,2.49,2.493,2.466,2098646.0
2011-02-01,2.493,2.499,2.503,2.486,1849888.0
2011-02-09,2.483,2.466,2.506,2.465,2800716.0
2011-02-10,2.467,2.505,2.509,2.458,3241989.0
2011-02-11,2.499,2.504,2.513,2.494,2323059.0
2011-02-14,2.506,2.59,2.6,2.506,6377369.0
2011-02-15,2.595,2.587,2.619,2.582,5365600.0
2011-02-16,2.584,2.593,2.594,2.564,2620096.0
2011-02-17,2.597,2.589,2.612,2.573,2909423.0
2011-02-18,2.582,2.569,2.588,2.562,2670631.0
2011-02-21,2.556,2.59,2.591,2.556,2652855.0
2011-02-22,2.59,2.525,2.593,2.523,5125313.0
2011-02-23,2.518,2.525,2.53,2.513,2960572.0
2011-02-24,2.523,2.533,2.542,2.516,2083827.0
2011-02-25,2.535,2.538,2.552,2.516,3198576.0
2011-02-28,2.538,2.554,2.56,2.519,2728981.0
2011-03-01,2.554,2.57,2.588,2.551,3512534.0
2011-03-02,2.558,2.578,2.59,2.555,4121846.0
2011-03-03,2.582,2.591,2.631,2.58,6256426.0
2011-03-04,2.594,2.629,2.632,2.589,3608093.0
2011-03-07,2.634,2.677,2.686,2.634,5494813.0
2011-03-08,2.673,2.673,2.69,2.659,3048962.0
2011-03-09,2.68,2.671,2.694,2.665,3087730.0
2011-03-10,2.661,2.618,2.663,2.614,3698803.0
2011-03-11,2.61,2.587,2.621,2.58,3377053.0
2011-03-14,2.587,2.591,2.599,2.576,3262411.0
2011-03-15,2.578,2.551,2.59,2.518,4482528.0
2011-03-16,2.558,2.588,2.594,2.555,3408120.0
2011-03-17,2.565,2.557,2.586,2.545,2921769.0
2011-03-18,2.578,2.571,2.587,2.565,2309983.0
2011-03-21,2.582,2.573,2.59,2.563,2614457.0
2011-03-22,2.582,2.596,2.601,2.554,3583402.0
2011-03-23,2.591,2.627,2.628,2.586,3272440.0
2011-03-24,2.626,2.608,2.627,2.605,1854775.0
2011-03-25,2.616,2.647,2.659,2.61,6830342.0
2011-03-28,2.658,2.651,2.68,2.648,3559783.0
2011-03-29,2.649,2.644,2.681,2.641,4641498.0
2011-03-30,2.644,2.649,2.66,2.631,4159637.0
2011-03-31,2.651,2.629,2.657,2.621,2689862.0
2011-04-01,2.629,2.68,2.681,2.629,3712828.0
2011-04-06,2.679,2.735,2.742,2.678,5596152.0
2011-04-07,2.738,2.734,2.752,2.725,2871106.0
2011-04-08,2.735,2.749,2.751,2.726,2788411.0
2011-04-11,2.755,2.736,2.78,2.734,3597690.0
2011-04-12,2.728,2.721,2.741,2.71,2864755.0
2011-04-13,2.709,2.767,2.769,2.702,3709388.0
2011-04-14,2.768,2.75,2.775,2.747,3886085.0
2011-04-15,2.743,2.766,2.784,2.737,5754661.0
2011-04-18,2.749,2.764,2.78,2.747,4606942.0
2011-04-19,2.751,2.707,2.752,2.705,3868357.0
2011-04-20,2.711,2.699,2.722,2.69,2511599.0
2011-04-21,2.716,2.717,2.734,2.707,2112787.0
2011-04-22,2.717,2.71,2.73,2.7,1659568.0
2011-04-25,2.706,2.679,2.706,2.677,4224040.0
2011-04-26,2.674,2.671,2.69,2.664,3061206.0
2011-04-27,2.681,2.664,2.693,2.648,4031562.0
2011-04-28,2.678,2.67,2.707,2.661,5120982.0
2011-04-29,2.667,2.664,2.67,2.632,4859718.0
2011-05-03,2.66,2.663,2.666,2.638,3745780.0
2011-05-04,2.648,2.591,2.652,2.589,4196392.0
2011-05-05,2.588,2.586,2.594,2.57,3331552.0
2011-05-06,2.565,2.571,2.59,2.558,3332765.0
2011-05-09,2.577,2.569,2.588,2.561,1602935.0
2011-05-10,2.573,2.594,2.595,2.567,2361397.0
2011-05-11,2.593,2.586,2.601,2.577,1782825.0
2011-05-12,2.571,2.551,2.581,2.55,2291256.0
2011-05-13,2.56,2.578,2.58,2.542,4036686.0
2011-05-16,2.565,2.548,2.582,2.548,2324891.0
2011-05-17,2.549,2.568,2.583,2.541,3246608.0
2011-05-18,2.563,2.59,2.596,2.56,3017268.0
2011-05-19,2.594,2.581,2.603,2.58,1862852.0
2011-05-20,2.578,2.588,2.597,2.578,1608604.0
2011-05-23,2.583,2.519,2.584,2.516,3594129.0
2011-05-24,2.519,2.52,2.528,2.515,2463750.0
2011-05-25,2.518,2.496,2.524,2.493,1874155.0
2011-05-26,2.511,2.5,2.517,2.498,2307239.0
2011-05-27,2.504,2.504,2.523,2.499,3353594.0
2011-05-30,2.499,2.506,2.518,2.487,2969728.0
2011-05-31,2.506,2.539,2.542,2.503,3484381.0
2011-06-01,2.532,2.53,2.535,2.523,2749798.0
2011-06-02,2.517,2.484,2.518,2.465,3341204.0
2011-06-03,2.483,2.502,2.505,2.478,2462273.0
2011-06-07,2.494,2.51,2.512,2.491,1737026.0
2011-06-08,2.512,2.507,2.513,2.479,1822315.0
2011-06-09,2.502,2.473,2.505,2.471,1796970.0
2011-06-10,2.473,2.479,2.484,2.455,2301401.0
2011-06-13,2.465,2.472,2.48,2.452,2301005.0
2011-06-14,2.466,2.502,2.511,2.466,2682365.0
2011-06-15,2.5,2.486,2.506,2.485,1639751.0
2011-06-16,2.472,2.459,2.475,2.458,1808399.0
2011-06-17,2.458,2.443,2.468,2.442,2633882.0
2011-06-20,2.441,2.434,2.446,2.423,2579290.0
2011-06-21,2.44,2.453,2.454,2.436,2517652.0
2011-06-22,2.454,2.452,2.474,2.443,2411586.0
2011-06-23,2.447,2.49,2.5,2.445,2993370.0
2011-06-24,2.487,2.543,2.561,2.481,4985093.0
2011-06-27,2.538,2.538,2.556,2.53,2247320.0
2011-06-28,2.545,2.538,2.546,2.52,2390127.0
2011-06-29,2.538,2.499,2.539,2.498,1961966.0
2011-06-30,2.504,2.539,2.554,2.504,3746783.0
2011-07-01,2.543,2.536,2.555,2.528,1882240.0
2011-07-04,2.55,2.599,2.6,2.55,4154892.0
2011-07-05,2.596,2.588,2.601,2.578,2152954.0
2011-07-06,2.584,2.573,2.584,2.555,2145618.0
2011-07-07,2.589,2.563,2.601,2.561,2740925.0
2011-07-08,2.565,2.574,2.586,2.558,2566631.0
2011-07-11,2.564,2.567,2.574,2.554,1728510.0
2011-07-12,2.556,2.518,2.556,2.517,2322503.0
2011-07-13,2.523,2.552,2.56,2.523,3035411.0
2011-07-14,2.556,2.561,2.571,2.549,1428670.0
2011-07-15,2.558,2.567,2.573,2.543,1700338.0
2011-07-18,2.568,2.558,2.574,2.551,1315131.0
2011-07-19,2.549,2.542,2.551,2.537,1372164.0
2011-07-20,2.555,2.536,2.556,2.528,1729563.0
2011-07-21,2.538,2.51,2.546,2.509,2520797.0
2011-07-22,2.513,2.513,2.526,2.51,1300353.0
2011-07-25,2.502,2.451,2.504,2.445,2229284.0
2011-07-26,2.449,2.455,2.461,2.446,1283007.0
2011-07-27,2.446,2.46,2.462,2.439,1964964.0
2011-07-28,2.438,2.439,2.448,2.426,1439337.0
2011-07-29,2.443,2.453,2.473,2.423,2853193.0
2011-08-01,2.452,2.454,2.464,2.44,1132155.0
2011-08-02,2.436,2.434,2.439,2.413,2620447.0
2011-08-03,2.415,2.432,2.443,2.413,1529581.0
2011-08-04,2.438,2.433,2.455,2.432,913953.0
2011-08-05,2.383,2.385,2.397,2.376,3099408.0
2011-08-08,2.371,2.316,2.382,2.288,4679573.0
2011-08-09,2.269,2.325,2.333,2.252,5060305.0
2011-08-10,2.355,2.339,2.364,2.331,2876933.0
2011-08-11,2.306,2.369,2.372,2.304,3004736.0
2011-08-12,2.374,2.362,2.38,2.359,2604183.0
2011-08-15,2.368,2.41,2.413,2.359,3205416.0
2011-08-16,2.4,2.394,2.423,2.389,2165192.0
2011-08-17,2.397,2.385,2.409,2.385,1825158.0
2011-08-18,2.39,2.346,2.391,2.343,2800574.0
2011-08-19,2.314,2.329,2.335,2.31,3027936.0
2011-08-22,2.33,2.309,2.344,2.303,2127554.0
2011-08-23,2.316,2.346,2.351,2.309,2389465.0
2011-08-24,2.349,2.33,2.359,2.326,1424266.0
2011-08-25,2.338,2.414,2.416,2.333,4833156.0
2011-08-26,2.407,2.409,2.415,2.388,3583961.0
2011-08-29,2.382,2.365,2.388,2.362,2493361.0
2011-08-30,2.377,2.359,2.409,2.357,3332636.0
2011-08-31,2.361,2.37,2.378,2.356,2337441.0
2011-09-01,2.376,2.368,2.394,2.364,2740929.0
2011-09-02,2.362,2.345,2.371,2.336,2619526.0
2011-09-05,2.332,2.31,2.332,2.307,2473921.0
2011-09-06,2.3,2.299,2.311,2.29,2594906.0
2011-09-07,2.306,2.337,2.342,2.304,3545849.0
2011-09-08,2.345,2.323,2.348,2.323,1823337.0
2011-09-09,2.326,2.322,2.357,2.314,2798094.0
2011-09-13,2.296,2.301,2.306,2.287,2208081.0
2011-09-14,2.309,2.305,2.314,2.269,3100825.0
2011-09-15,2.305,2.297,2.323,2.296,2603255.0
2011-09-16,2.311,2.301,2.319,2.299,1835693.0
2011-09-19,2.29,2.265,2.291,2.265,1911679.0
2011-09-20,2.265,2.273,2.282,2.255,2817831.0
2011-09-21,2.269,2.331,2.339,2.26,4853174.0
2011-09-22,2.312,2.268,2.318,2.264,3302137.0
2011-09-23,2.236,2.252,2.26,2.221,5806967.0
2011-09-26,2.233,2.191,2.255,2.189,4466763.0
2011-09-27,2.213,2.219,2.229,2.2,3150240.0
2011-09-28,2.228,2.198,2.233,2.193,2663323.0
2011-09-29,2.188,2.195,2.208,2.182,3798578.0
2011-09-30,2.197,2.19,2.209,2.18,3861283.0
2011-10-10,2.195,2.17,2.197,2.169,2550316.0
2011-10-11,2.228,2.174,2.23,2.161,5258885.0
2011-10-12,2.159,2.252,2.254,2.155,8461923.0
2011-10-13,2.24,2.258,2.266,2.234,4317915.0
2011-10-14,2.253,2.259,2.262,2.235,3017239.0
2011-10-17,2.261,2.275,2.288,2.258,4646444.0
2011-10-18,2.258,2.214,2.261,2.21,4848410.0
2011-10-19,2.222,2.215,2.239,2.213,3429121.0
2011-10-20,2.202,2.171,2.206,2.157,4054878.0
2011-10-21,2.176,2.177,2.194,2.168,3755127.0
2011-10-24,2.187,2.238,2.247,2.178,6169298.0
2011-10-25,2.236,2.267,2.275,2.222,5715338.0
2011-10-26,2.261,2.281,2.304,2.254,5777281.0
2011-10-27,2.284,2.29,2.298,2.279,3458928.0
2011-10-28,2.319,2.333,2.357,2.317,6196203.0
2011-10-31,2.329,2.311,2.329,2.303,3863417.0
2011-11-01,2.299,2.318,2.344,2.293,4780558.0
2011-11-02,2.292,2.356,2.359,2.284,6206446.0
2011-11-03,2.359,2.344,2.371,2.342,5793664.0
2011-11-04,2.364,2.362,2.375,2.348,3347697.0
2011-11-07,2.344,2.332,2.357,2.33,3011455.0
2011-11-08,2.335,2.336,2.351,2.331,3309190.0
2011-11-09,2.343,2.35,2.355,2.319,3881039.0
2011-11-10,2.333,2.303,2.333,2.3,4365370.0
2011-11-11,2.312,2.299,2.313,2.292,3022853.0
2011-11-14,2.316,2.339,2.346,2.311,4707303.0
2011-11-15,2.335,2.327,2.342,2.323,2711034.0
2011-11-16,2.329,2.268,2.33,2.26,5599945.0
2011-11-17,2.271,2.26,2.279,2.258,2861742.0
2011-11-18,2.249,2.228,2.255,2.223,3627004.0
2011-11-21,2.23,2.228,2.23,2.213,2918447.0
2011-11-22,2.216,2.228,2.232,2.21,3360847.0
2011-11-23,2.229,2.207,2.232,2.2,4272667.0
2011-11-24,2.195,2.208,2.222,2.187,3738403.0
2011-11-25,2.206,2.191,2.213,2.185,3034898.0
2011-11-28,2.197,2.198,2.21,2.188,4355043.0
2011-11-29,2.213,2.22,2.223,2.201,4182038.0
2011-11-30,2.215,2.158,2.216,2.153,5982847.0
2011-12-01,2.217,2.219,2.258,2.211,9234948.0
2011-12-02,2.221,2.208,2.221,2.196,3581720.0
2011-12-05,2.207,2.197,2.216,2.191,4804044.0
2011-12-06,2.193,2.191,2.201,2.182,3254516.0
2011-12-07,2.191,2.207,2.213,2.189,3372716.0
2011-12-08,2.204,2.206,2.226,2.188,3586190.0
2011-12-09,2.193,2.196,2.208,2.191,2836082.0
2011-12-12,2.19,2.182,2.196,2.18,3066528.0
2011-12-13,2.175,2.157,2.177,2.155,2703512.0
2011-12-14,2.138,2.135,2.148,2.132,2604204.0
2011-12-15,2.121,2.097,2.126,2.093,4422125.0
2011-12-16,2.085,2.117,2.119,2.079,6177531.0
2011-12-19,2.1,2.112,2.116,2.068,5803096.0
2011-12-20,2.104,2.113,2.14,2.103,5250046.0
2011-12-21,2.129,2.088,2.137,2.088,4289260.0
2011-12-22,2.08,2.092,2.104,2.067,5763332.0
2011-12-23,2.087,2.106,2.124,2.085,5438050.0
2011-12-26,2.093,2.087,2.113,2.084,2422535.0
2011-12-27,2.085,2.075,2.101,2.015,4670962.0
2011-12-28,2.068,2.077,2.079,2.052,3423260.0
2011-12-29,2.069,2.079,2.09,2.067,2729434.0
2011-12-30,2.086,2.103,2.108,2.085,2960920.0
2012-01-04,2.117,2.08,2.119,2.079,3178954.0
2012-01-05,2.074,2.081,2.11,2.072,6173941.0
2012-01-06,2.079,2.093,2.094,2.073,4135368.0
2012-01-09,2.098,2.159,2.161,2.081,5824854.0
2012-01-10,2.153,2.211,2.214,2.153,7247760.0
2012-01-11,2.208,2.2,2.217,2.188,4084707.0
2012-01-12,2.191,2.207,2.227,2.19,3722841.0
2012-01-13,2.206,2.187,2.215,2.168,3896868.0
2012-01-16,2.177,2.159,2.193,2.157,2903249.0
2012-01-17,2.163,2.254,2.255,2.144,7444750.0
2012-01-18,2.249,2.221,2.265,2.216,4555136.0
2012-01-19,2.224,2.267,2.273,2.222,6033836.0
2012-01-20,2.274,2.298,2.301,2.262,4136222.0
2012-01-30,2.299,2.26,2.301,2.258,4320130.0
2012-01-31,2.26,2.255,2.272,2.245,2868483.0
2012-02-01,2.252,2.22,2.266,2.214,2989165.0
2012-02-02,2.226,2.278,2.278,2.223,4750874.0
2012-02-03,2.269,2.287,2.3,2.262,4273086.0
2012-02-06,2.291,2.284,2.304,2.266,3352512.0
2012-02-07,2.272,2.241,2.272,2.234,4716025.0
2012-02-08,2.241,2.304,2.317,2.24,5446172.0
2012-02-09,2.3,2.296,2.309,2.287,5152789.0
2012-02-10,2.29,2.297,2.325,2.288,3638847.0
2012-02-13,2.275,2.284,2.307,2.265,4279099.0
2012-02-14,2.284,2.272,2.285,2.26,3235444.0
2012-02-15,2.268,2.29,2.305,2.265,4084928.0
2012-02-16,2.291,2.275,2.296,2.265,3535735.0
2012-02-17,2.286,2.281,2.299,2.269,3271093.0
2012-02-20,2.312,2.286,2.313,2.285,3647525.0
2012-02-21,2.287,2.297,2.298,2.271,3355491.0
2012-02-22,2.297,2.314,2.317,2.29,3393550.0
2012-02-23,2.314,2.319,2.327,2.309,4826160.0
2012-02-24,2.319,2.354,2.356,2.317,4463463.0
2012-02-27,2.361,2.357,2.381,2.355,4227858.0
2012-02-28,2.355,2.37,2.374,2.355,4492727.0
2012-02-29,2.365,2.348,2.372,2.346,3163936.0
2012-03-01,2.342,2.345,2.365,2.339,1957357.0
2012-03-02,2.348,2.371,2.372,2.343,4122398.0
2012-03-05,2.376,2.357,2.38,2.35,2778412.0
2012-03-06,2.354,2.316,2.354,2.314,5038971.0
2012-03-07,2.301,2.293,2.313,2.291,4067957.0
2012-03-08,2.299,2.317,2.326,2.299,3554177.0
2012-03-09,2.325,2.332,2.333,2.314,3656377.0
2012-03-12,2.332,2.314,2.333,2.306,2295915.0
2012-03-13,2.318,2.335,2.336,2.312,3617100.0
2012-03-14,2.346,2.296,2.358,2.287,6645142.0
2012-03-15,2.297,2.278,2.3,2.274,4652085.0
2012-03-16,2.281,2.293,2.294,2.265,3341347.0
2012-03-19,2.284,2.294,2.296,2.271,3429503.0
2012-03-20,2.291,2.265,2.291,2.264,3607295.0
2012-03-21,2.28,2.271,2.288,2.264,5114453.0
2012-03-22,2.271,2.274,2.287,2.26,2672020.0
2012-03-23,2.266,2.256,2.273,2.252,2851855.0
2012-03-26,2.256,2.261,2.265,2.253,1800451.0
2012-03-27,2.267,2.261,2.272,2.259,2144571.0
2012-03-28,2.256,2.216,2.258,2.21,4058289.0
2012-03-29,2.209,2.191,2.21,2.183,4089596.0
2012-03-30,2.194,2.209,2.21,2.193,4780235.0
2012-04-05,2.206,2.24,2.246,2.19,4927679.0
2012-04-06,2.236,2.245,2.247,2.23,2653768.0
2012-04-09,2.234,2.228,2.241,2.223,1743095.0
2012-04-10,2.224,2.242,2.243,2.206,2873471.0
2012-04-11,2.223,2.24,2.256,2.223,2474998.0
2012-04-12,2.242,2.285,2.286,2.238,3884945.0
2012-04-13,2.286,2.292,2.301,2.28,4355286.0
2012-04-16,2.281,2.281,2.292,2.274,2916856.0
2012-04-17,2.28,2.258,2.286,2.255,2912269.0
2012-04-18,2.261,2.305,2.306,2.261,3391036.0
2012-04-19,2.301,2.304,2.313,2.299,2037529.0
2012-04-20,2.301,2.336,2.337,2.299,3740992.0
2012-04-23,2.335,2.319,2.339,2.314,2475631.0
2012-04-24,2.314,2.327,2.357,2.294,7045765.0
2012-04-25,2.326,2.338,2.343,2.318,4016817.0
2012-04-26,2.345,2.344,2.354,2.332,2774176.0
2012-04-27,2.345,2.346,2.354,2.342,3030583.0
2012-05-02,2.372,2.396,2.406,2.361,5207014.0
2012-05-03,2.391,2.396,2.399,2.384,3270917.0
2012-05-04,2.396,2.407,2.407,2.38,3626696.0
2012-05-07,2.4,2.396,2.402,2.385,3748753.0
2012-05-08,2.395,2.39,2.399,2.372,4624673.0
2012-05-09,2.375,2.355,2.375,2.354,3444840.0
2012-05-10,2.354,2.354,2.361,2.349,2474362.0
2012-05-11,2.352,2.339,2.362,2.339,3101503.0
2012-05-14,2.35,2.322,2.355,2.317,4036728.0
2012-05-15,2.309,2.318,2.322,2.305,2659146.0
2012-05-16,2.32,2.288,2.32,2.287,2997840.0
2012-05-17,2.292,2.322,2.326,2.29,3060486.0
2012-05-18,2.307,2.292,2.311,2.288,2078689.0
2012-05-21,2.296,2.301,2.316,2.287,2412331.0
2012-05-22,2.31,2.333,2.335,2.309,3126589.0
2012-05-23,2.329,2.322,2.339,2.311,1853090.0
2012-05-24,2.32,2.31,2.335,2.3,2573506.0
2012-05-25,2.31,2.291,2.314,2.286,2809192.0
2012-05-28,2.282,2.322,2.323,2.279,3244675.0
2012-05-29,2.32,2.352,2.355,2.317,3861171.0
2012-05-30,2.349,2.338,2.35,2.335,1776036.0
2012-05-31,2.333,2.327,2.339,2.323,1574330.0
2012-06-01,2.329,2.332,2.348,2.326,1700547.0
2012-06-04,2.316,2.279,2.317,2.277,3293363.0
2012-06-05,2.282,2.279,2.29,2.273,1976879.0
2012-06-06,2.282,2.285,2.297,2.281,1337817.0
2012-06-07,2.307,2.278,2.309,2.273,2451373.0
2012-06-08,2.288,2.258,2.29,2.256,2378189.0
2012-06-11,2.264,2.28,2.29,2.262,2602243.0
2012-06-12,2.275,2.267,2.28,2.259,1917325.0
2012-06-13,2.273,2.298,2.303,2.271,1886581.0
2012-06-14,2.293,2.286,2.303,2.284,1300685.0
2012-06-15,2.292,2.306,2.31,2.284,2606801.0
2012-06-18,2.32,2.307,2.323,2.306,1317964.0
2012-06-19,2.305,2.298,2.31,2.294,1067942.0
2012-06-20,2.3,2.301,2.313,2.298,1050937.0
2012-06-21,2.298,2.267,2.298,2.26,2254886.0
2012-06-25,2.261,2.227,2.264,2.223,2638313.0
2012-06-26,2.219,2.234,2.242,2.219,2508339.0
2012-06-27,2.234,2.227,2.247,2.224,3563608.0
2012-06-28,2.233,2.215,2.235,2.214,1379369.0
2012-06-29,2.209,2.241,2.245,2.207,2264713.0
2012-07-02,2.251,2.238,2.253,2.229,1473670.0
2012-07-03,2.239,2.243,2.26,2.235,1958119.0
2012-07-04,2.248,2.245,2.258,2.24,1422930.0
2012-07-05,2.241,2.228,2.241,2.222,1640602.0
2012-07-06,2.229,2.248,2.255,2.215,2399829.0
2012-07-09,2.238,2.198,2.243,2.197,2615725.0
2012-07-10,2.2,2.196,2.21,2.191,1824050.0
2012-07-11,2.196,2.203,2.207,2.19,1819137.0
2012-07-12,2.2,2.214,2.226,2.182,3163029.0
2012-07-13,2.21,2.219,2.235,2.208,2298737.0
2012-07-16,2.221,2.191,2.223,2.19,2473642.0
2012-07-17,2.188,2.201,2.208,2.187,1670450.0
2012-07-18,2.196,2.195,2.204,2.17,1962937.0
2012-07-19,2.191,2.207,2.224,2.19,2496740.0
2012-07-20,2.207,2.191,2.207,2.188,1703791.0
2012-07-23,2.18,2.157,2.18,2.152,2042951.0
2012-07-24,2.152,2.159,2.172,2.15,1704602.0
2012-07-25,2.153,2.155,2.169,2.152,2034402.0
2012-07-26,2.157,2.152,2.17,2.15,2332885.0
2012-07-27,2.157,2.161,2.17,2.152,2575094.0
2012-07-30,2.162,2.157,2.175,2.155,1827054.0
2012-07-31,2.158,2.164,2.174,2.156,1858419.0
2012-08-01,2.165,2.175,2.181,2.164,2394076.0
2012-08-02,2.171,2.168,2.178,2.158,1476090.0
2012-08-03,2.168,2.174,2.175,2.159,1596223.0
2012-08-06,2.17,2.19,2.195,2.166,2039534.0
2012-08-07,2.191,2.19,2.197,2.187,1691146.0
2012-08-08,2.194,2.197,2.208,2.193,2383216.0
2012-08-09,2.198,2.209,2.209,2.188,1843730.0
2012-08-10,2.208,2.202,2.215,2.201,1136240.0
2012-08-13,2.2,2.165,2.2,2.163,2480919.0
2012-08-14,2.163,2.161,2.169,2.145,2098189.0
2012-08-15,2.159,2.136,2.159,2.132,1839180.0
2012-08-16,2.133,2.132,2.14,2.129,1337106.0
2012-08-17,2.13,2.132,2.136,2.119,1765876.0
2012-08-20,2.119,2.117,2.123,2.105,1375424.0
2012-08-21,2.119,2.121,2.137,2.116,1912656.0
2012-08-22,2.125,2.111,2.125,2.106,1002977.0
2012-08-23,2.113,2.119,2.126,2.11,1431228.0
2012-08-24,2.116,2.111,2.12,2.11,1022875.0
2012-08-27,2.107,2.073,2.107,2.069,2232960.0
2012-08-28,2.075,2.087,2.1,2.068,2303337.0
2012-08-29,2.08,2.069,2.087,2.068,1305724.0
2012-08-30,2.062,2.072,2.08,2.058,2145588.0
2012-08-31,2.067,2.072,2.081,2.066,1383239.0
2012-09-03,2.068,2.078,2.086,2.062,1765362.0
2012-09-04,2.082,2.062,2.085,2.059,1103750.0
2012-09-05,2.06,2.049,2.062,2.042,1494734.0
2012-09-06,2.05,2.066,2.068,2.05,1677278.0
2012-09-07,2.079,2.153,2.168,2.077,6468646.0
2012-09-10,2.155,2.152,2.161,2.145,2781868.0
2012-09-11,2.142,2.137,2.142,2.12,2282965.0
2012-09-12,2.146,2.138,2.155,2.124,2353805.0
2012-09-13,2.135,2.125,2.14,2.125,2055987.0
2012-09-14,2.145,2.143,2.157,2.131,3417131.0
2012-09-17,2.138,2.108,2.145,2.107,2511090.0
2012-09-18,2.099,2.087,2.1,2.08,2195766.0
2012-09-19,2.086,2.088,2.092,2.079,1648873.0
2012-09-20,2.085,2.058,2.085,2.053,1984111.0
2012-09-21,2.053,2.062,2.074,2.049,1784046.0
2012-09-24,2.049,2.069,2.08,2.042,2233079.0
2012-09-25,2.065,2.071,2.08,2.062,1554316.0
2012-09-26,2.069,2.056,2.08,2.052,1639898.0
2012-09-27,2.058,2.106,2.2,2.058,6612596.0
2012-09-28,2.099,2.143,2.146,2.095,4758222.0
2012-10-08,2.14,2.123,2.152,2.112,1727356.0
2012-10-09,2.132,2.159,2.169,2.132,4048375.0
2012-10-10,2.157,2.156,2.158,2.144,1799976.0
2012-10-11,2.152,2.146,2.156,2.139,1681877.0
2012-10-12,2.152,2.146,2.169,2.135,2396435.0
2012-10-15,2.152,2.14,2.152,2.133,1392617.0
2012-10-16,2.14,2.142,2.156,2.136,1994814.0
2012-10-17,2.151,2.148,2.156,2.132,2076807.0
2012-10-18,2.152,2.174,2.178,2.149,4091804.0
2012-10-19,2.171,2.172,2.178,2.169,2242289.0
2012-10-22,2.168,2.18,2.187,2.158,2176980.0
2012-10-23,2.178,2.159,2.181,2.157,1753488.0
2012-10-24,2.152,2.156,2.165,2.151,1753995.0
2012-10-25,2.157,2.142,2.164,2.139,1890137.0
2012-10-26,2.144,2.104,2.145,2.097,2124757.0
2012-10-29,2.101,2.09,2.105,2.084,1497583.0
2012-10-30,2.092,2.094,2.11,2.086,1716732.0
2012-10-31,2.098,2.111,2.112,2.092,1451923.0
2012-11-01,2.112,2.146,2.157,2.112,2080361.0
2012-11-02,2.146,2.157,2.159,2.136,2150896.0
2012-11-05,2.152,2.152,2.168,2.144,1486052.0
2012-11-06,2.153,2.146,2.157,2.12,1558784.0
2012-11-07,2.142,2.146,2.157,2.135,1426563.0
2012-11-08,2.132,2.116,2.136,2.114,1634462.0
2012-11-09,2.11,2.113,2.123,2.11,1200185.0
2012-11-12,2.118,2.124,2.125,2.11,1198795.0
2012-11-13,2.127,2.098,2.127,2.093,1677281.0
2012-11-14,2.097,2.105,2.111,2.09,3691503.0
2012-11-15,2.097,2.082,2.1,2.081,1469875.0
2012-11-16,2.08,2.066,2.08,2.059,1620632.0
2012-11-19,2.066,2.063,2.066,2.046,1904986.0
2012-11-20,2.069,2.054,2.072,2.053,1374191.0
2012-11-21,2.055,2.079,2.08,2.048,2405158.0
2012-11-22,2.068,2.073,2.074,2.06,2040361.0
2012-11-23,2.078,2.085,2.094,2.071,2320904.0
2012-11-26,2.084,2.08,2.087,2.073,1456291.0
2012-11-27,2.074,2.069,2.08,2.067,1138233.0
2012-11-28,2.063,2.056,2.065,2.053,1798135.0
2012-11-29,2.058,2.049,2.063,2.048,1516976.0
2012-11-30,2.048,2.059,2.061,2.042,1854801.0
2012-12-03,2.058,2.046,2.072,2.043,1472994.0
2012-12-04,2.042,2.062,2.063,2.04,2105376.0
2012-12-05,2.06,2.124,2.132,2.058,4673376.0
2012-12-06,2.125,2.124,2.132,2.114,2715224.0
2012-12-07,2.125,2.164,2.169,2.123,4275733.0
2012-12-10,2.169,2.184,2.193,2.169,5495281.0
2012-12-11,2.177,2.177,2.191,2.174,1849545.0
2012-12-12,2.18,2.193,2.193,2.174,2996277.0
2012-12-13,2.184,2.17,2.187,2.169,2686652.0
2012-12-14,2.17,2.273,2.277,2.17,6508684.0
2012-12-17,2.278,2.286,2.299,2.278,5182749.0
2012-12-18,2.281,2.292,2.32,2.274,4900370.0
2012-12-19,2.288,2.291,2.309,2.285,3203018.0
2012-12-20,2.285,2.3,2.309,2.273,3477058.0
2012-12-21,2.304,2.285,2.324,2.284,3270796.0
2012-12-24,2.282,2.299,2.312,2.281,2991594.0
2012-12-25,2.288,2.354,2.37,2.284,5890460.0
2012-12-26,2.354,2.361,2.367,2.351,3010511.0
2012-12-27,2.372,2.345,2.378,2.344,3549448.0
2012-12-28,2.344,2.378,2.382,2.343,3613363.0
2012-12-31,2.384,2.426,2.427,2.384,3663139.0
2013-01-04,2.457,2.441,2.475,2.417,5793368.0
2013-01-07,2.43,2.452,2.464,2.425,3167598.0
2013-01-08,2.451,2.425,2.454,2.413,3261195.0
2013-01-09,2.419,2.419,2.43,2.403,2636745.0
2013-01-10,2.419,2.42,2.446,2.408,2668491.0
2013-01-11,2.422,2.382,2.432,2.372,3678670.0
2013-01-14,2.374,2.464,2.473,2.37,7662939.0
2013-01-15,2.464,2.472,2.483,2.459,4217446.0
2013-01-16,2.472,2.446,2.472,2.415,3497449.0
2013-01-17,2.445,2.423,2.446,2.409,3660641.0
2013-01-18,2.434,2.459,2.472,2.421,3521371.0
2013-01-21,2.462,2.471,2.472,2.434,4531565.0
2013-01-22,2.468,2.472,2.493,2.449,3130024.0
2013-01-23,2.467,2.481,2.486,2.459,3322561.0
2013-01-24,2.484,2.474,2.546,2.459,6176969.0
2013-01-25,2.474,2.462,2.48,2.452,2844112.0
2013-01-28,2.464,2.538,2.538,2.464,4912061.0
2013-01-29,2.539,2.569,2.582,2.533,4600171.0
2013-01-30,2.575,2.576,2.581,2.555,2897104.0
2013-01-31,2.578,2.583,2.588,2.565,3707282.0
2013-02-01,2.573,2.655,2.659,2.569,5198870.0
2013-02-04,2.666,2.664,2.692,2.652,7212737.0
2013-02-05,2.652,2.668,2.681,2.634,4297021.0
2013-02-06,2.667,2.684,2.705,2.667,2692461.0
2013-02-07,2.681,2.653,2.684,2.608,4487042.0
2013-02-08,2.658,2.64,2.661,2.62,3639864.0
2013-02-18,2.652,2.612,2.655,2.61,4169070.0
2013-02-19,2.606,2.573,2.615,2.562,3465846.0
2013-02-20,2.57,2.567,2.575,2.531,4411764.0
2013-02-21,2.543,2.472,2.543,2.448,8590292.0
2013-02-22,2.471,2.457,2.479,2.451,2684023.0
2013-02-25,2.465,2.466,2.494,2.453,2332136.0
2013-02-26,2.457,2.435,2.499,2.434,5196126.0
2013-02-27,2.445,2.462,2.486,2.443,4908965.0
2013-02-28,2.486,2.542,2.545,2.461,6155534.0
2013-03-01,2.543,2.532,2.551,2.494,4269924.0
2013-03-04,2.492,2.41,2.504,2.397,7116791.0
2013-03-05,2.415,2.496,2.498,2.412,7855285.0
2013-03-06,2.51,2.518,2.53,2.485,4623435.0
2013-03-07,2.507,2.479,2.522,2.457,5064373.0
2013-03-08,2.488,2.48,2.499,2.468,3084470.0
2013-03-11,2.47,2.455,2.478,2.441,2640337.0
2013-03-12,2.452,2.425,2.475,2.404,4103522.0
2013-03-13,2.416,2.402,2.432,2.395,3135446.0
2013-03-14,2.399,2.408,2.421,2.387,2512665.0
2013-03-15,2.408,2.415,2.472,2.382,5772256.0
2013-03-18,2.403,2.376,2.412,2.376,3666686.0
2013-03-19,2.378,2.397,2.407,2.37,4037703.0
2013-03-20,2.399,2.484,2.485,2.399,9211037.0
2013-03-21,2.487,2.481,2.493,2.47,3064761.0
2013-03-22,2.484,2.484,2.494,2.472,2414012.0
2013-03-25,2.492,2.481,2.512,2.475,3181198.0
2013-03-26,2.473,2.433,2.473,2.425,3269546.0
2013-03-27,2.436,2.439,2.47,2.425,3499394.0
2013-03-28,2.402,2.348,2.402,2.326,5900670.0
2013-03-29,2.352,2.348,2.359,2.332,3460331.0
2013-04-01,2.343,2.342,2.358,2.335,3583351.0
2013-04-02,2.343,2.345,2.368,2.33,3991813.0
2013-04-03,2.35,2.348,2.37,2.338,3684051.0
2013-04-08,2.318,2.326,2.336,2.303,4090205.0
2013-04-09,2.332,2.346,2.363,2.332,4414264.0
2013-04-10,2.346,2.348,2.354,2.333,2675976.0
2013-04-11,2.367,2.346,2.372,2.344,2275646.0
2013-04-12,2.345,2.333,2.355,2.331,1993700.0
2013-04-15,2.33,2.317,2.336,2.31,3369395.0
2013-04-16,2.305,2.326,2.329,2.293,4435028.0
2013-04-17,2.324,2.316,2.33,2.3,2639603.0
2013-04-18,2.303,2.322,2.331,2.293,4027129.0
2013-04-19,2.33,2.393,2.403,2.329,7341442.0
2013-04-22,2.391,2.389,2.396,2.381,3416637.0
2013-04-23,2.393,2.318,2.393,2.316,5289899.0
2013-04-24,2.32,2.35,2.371,2.311,6329424.0
2013-04-25,2.344,2.335,2.362,2.317,5219814.0
2013-04-26,2.342,2.32,2.356,2.311,3760263.0
2013-05-02,2.314,2.32,2.322,2.298,2692066.0
2013-05-03,2.327,2.357,2.385,2.325,5924783.0
2013-05-06,2.363,2.377,2.393,2.363,4378822.0
2013-05-07,2.375,2.382,2.389,2.362,3197692.0
2013-05-08,2.393,2.388,2.415,2.381,4310440.0
2013-05-09,2.387,2.371,2.393,2.352,2883170.0
2013-05-10,2.362,2.384,2.389,2.361,3440873.0
2013-05-13,2.387,2.372,2.389,2.362,2581899.0
2013-05-14,2.368,2.344,2.371,2.327,3091746.0
2013-05-15,2.345,2.345,2.354,2.337,2139798.0
2013-05-16,2.338,2.384,2.385,2.327,5275166.0
2013-05-17,2.384,2.413,2.42,2.374,4704391.0
2013-05-20,2.414,2.434,2.453,2.413,4812296.0
2013-05-21,2.43,2.423,2.436,2.412,3369000.0
2013-05-22,2.422,2.428,2.434,2.416,2746688.0
2013-05-23,2.416,2.389,2.427,2.388,3989651.0
2013-05-24,2.399,2.396,2.416,2.377,3569874.0
2013-05-27,2.394,2.391,2.407,2.385,2418481.0
2013-05-28,2.394,2.446,2.447,2.383,5283254.0
2013-05-29,2.447,2.434,2.459,2.432,4256919.0
2013-05-30,2.428,2.427,2.44,2.421,3130205.0
2013-05-31,2.43,2.409,2.44,2.404,3598356.0
2013-06-03,2.413,2.414,2.435,2.41,3485591.0
2013-06-04,2.412,2.393,2.415,2.387,4675908.0
2013-06-05,2.394,2.377,2.395,2.372,2333140.0
2013-06-06,2.375,2.355,2.378,2.351,3147987.0
2013-06-07,2.357,2.326,2.365,2.318,3519143.0
2013-06-13,2.301,2.273,2.301,2.245,13363752.0
2013-06-14,2.273,2.274,2.278,2.258,7908635.0
2013-06-17,2.278,2.256,2.281,2.254,2673970.0
2013-06-18,2.267,2.269,2.279,2.249,3322665.0
2013-06-19,2.261,2.252,2.262,2.229,3736725.0
2013-06-20,2.243,2.188,2.243,2.184,3413414.0
2013-06-21,2.161,2.184,2.202,2.151,4668074.0
2013-06-24,2.178,2.06,2.178,2.055,6970357.0
2013-06-25,2.045,2.066,2.069,1.936,18893236.0
2013-06-26,2.067,2.041,2.068,2.018,5544870.0
2013-06-27,2.049,2.048,2.073,2.037,4874509.0
2013-06-28,2.048,2.101,2.116,2.028,5119651.0
2013-07-01,2.085,2.095,2.099,2.069,2868539.0
2013-07-02,2.105,2.087,2.106,2.066,3496046.0
2013-07-03,2.078,2.071,2.079,2.046,3250117.0
2013-07-04,2.06,2.085,2.105,2.05,4297493.0
2013-07-05,2.093,2.094,2.114,2.09,3513754.0
2013-07-08,2.077,2.06,2.085,2.048,4895334.0
2013-07-09,2.06,2.055,2.066,2.047,2762051.0
2013-07-10,2.055,2.106,2.107,2.052,4223703.0
2013-07-11,2.119,2.224,2.251,2.119,9182256.0
2013-07-12,2.217,2.163,2.22,2.155,4768627.0
2013-07-15,2.174,2.182,2.217,2.156,5932003.0
2013-07-16,2.175,2.182,2.183,2.15,3295387.0
2013-07-17,2.178,2.157,2.194,2.156,4308715.0
2013-07-18,2.149,2.117,2.157,2.114,2959370.0
2013-07-19,2.121,2.072,2.127,2.066,3394982.0
2013-07-22,2.048,2.074,2.078,2.046,2993559.0
2013-07-23,2.084,2.125,2.146,2.077,8050020.0
2013-07-24,2.113,2.101,2.121,2.074,3710438.0
2013-07-25,2.105,2.1,2.123,2.088,4232010.0
2013-07-26,2.084,2.09,2.099,2.078,2951037.0
2013-07-29,2.073,2.045,2.073,2.039,2745653.0
2013-07-30,2.049,2.065,2.095,2.046,4295098.0
2013-07-31,2.084,2.067,2.108,2.063,3167112.0
2013-08-01,2.079,2.111,2.119,2.075,5326852.0
2013-08-02,2.125,2.108,2.137,2.104,3864141.0
2013-08-05,2.112,2.129,2.13,2.103,2864974.0
2013-08-06,2.12,2.131,2.144,2.103,3534317.0
2013-08-07,2.129,2.123,2.155,2.12,4423175.0
2013-08-08,2.12,2.119,2.14,2.11,3402683.0
2013-08-09,2.132,2.13,2.14,2.103,4263692.0
2013-08-12,2.143,2.2,2.202,2.136,8241874.0
2013-08-13,2.2,2.208,2.213,2.19,4002428.0
2013-08-14,2.211,2.2,2.24,2.194,4943930.0
2013-08-15,2.211,2.18,2.215,2.176,3126047.0
2013-08-16,2.174,2.18,2.306,2.151,17637683.0
2013-08-19,2.159,2.193,2.207,2.151,4951342.0
2013-08-20,2.191,2.18,2.22,2.171,4451458.0
2013-08-21,2.182,2.171,2.193,2.155,3303941.0
2013-08-22,2.166,2.165,2.195,2.162,4302756.0
2013-08-23,2.176,2.146,2.184,2.116,4639134.0
2013-08-26,2.153,2.19,2.193,2.143,5671564.0
2013-08-27,2.187,2.188,2.197,2.172,3622080.0
2013-08-28,2.175,2.181,2.195,2.155,4416945.0
2013-08-29,2.194,2.174,2.197,2.164,3693067.0
2013-08-30,2.17,2.178,2.19,2.157,2894460.0
2013-09-02,2.184,2.182,2.19,2.165,2582897.0
2013-09-03,2.185,2.206,2.209,2.182,4146918.0
2013-09-04,2.202,2.208,2.213,2.2,2729286.0
2013-09-05,2.206,2.202,2.208,2.196,2570083.0
2013-09-06,2.197,2.223,2.224,2.197,4073991.0
2013-09-09,2.241,2.329,2.338,2.241,8713139.0
2013-09-10,2.336,2.361,2.362,2.324,6338441.0
2013-09-11,2.375,2.365,2.393,2.358,7404069.0
2013-09-12,2.365,2.401,2.436,2.349,7681614.0
2013-09-13,2.399,2.375,2.407,2.37,4306520.0
2013-09-16,2.384,2.358,2.394,2.339,4744114.0
2013-09-17,2.363,2.311,2.369,2.309,4457711.0
2013-09-18,2.31,2.313,2.32,2.286,3434698.0
2013-09-23,2.32,2.325,2.332,2.306,3442428.0
2013-09-24,2.325,2.28,2.325,2.265,4821856.0
2013-09-25,2.274,2.264,2.296,2.261,3184800.0
2013-09-26,2.261,2.23,2.261,2.223,5724788.0
2013-09-27,2.226,2.238,2.239,2.22,3083861.0
2013-09-30,2.246,2.24,2.259,2.232,2844491.0
2013-10-08,2.232,2.264,2.269,2.219,3673802.0
2013-10-09,2.254,2.271,2.278,2.248,3340601.0
2013-10-10,2.273,2.236,2.279,2.233,4407376.0
2013-10-11,2.249,2.273,2.277,2.242,5457408.0
2013-10-14,2.274,2.265,2.278,2.259,2715075.0
2013-10-15,2.266,2.255,2.271,2.243,3283594.0
2013-10-16,2.249,2.23,2.252,2.222,3641258.0
2013-10-17,2.24,2.221,2.243,2.219,3465983.0
2013-10-18,2.223,2.235,2.247,2.222,2583411.0
2013-10-21,2.238,2.26,2.262,2.222,4010413.0
2013-10-22,2.256,2.236,2.256,2.229,3346514.0
2013-10-23,2.248,2.235,2.271,2.229,5849336.0
2013-10-24,2.232,2.213,2.238,2.21,4391624.0
2013-10-25,2.214,2.2,2.23,2.189,6091154.0
2013-10-28,2.203,2.202,2.209,2.19,2932963.0
2013-10-29,2.206,2.227,2.255,2.2,6355496.0
2013-10-30,2.229,2.253,2.253,2.217,6517093.0
2013-10-31,2.243,2.226,2.246,2.223,3415105.0
2013-11-01,2.228,2.243,2.249,2.221,3966941.0
2013-11-04,2.252,2.235,2.262,2.229,3014417.0
2013-11-05,2.223,2.228,2.242,2.204,3824800.0
2013-11-06,2.219,2.207,2.224,2.203,3642740.0
2013-11-07,2.207,2.201,2.21,2.193,2897196.0
2013-11-08,2.195,2.171,2.206,2.169,4553673.0
2013-11-11,2.17,2.174,2.181,2.162,2685295.0
2013-11-12,2.18,2.2,2.2,2.18,3438378.0
2013-11-13,2.185,2.15,2.185,2.15,4441567.0
2013-11-14,2.15,2.151,2.158,2.138,3666974.0
2013-11-15,2.153,2.188,2.211,2.153,6134833.0
2013-11-18,2.206,2.277,2.278,2.197,6959422.0
2013-11-19,2.277,2.254,2.277,2.251,4140401.0
2013-11-20,2.268,2.259,2.277,2.246,4265765.0
2013-11-21,2.247,2.24,2.247,2.217,4664271.0
2013-11-22,2.243,2.234,2.248,2.23,4024621.0
2013-11-25,2.222,2.223,2.253,2.219,5046943.0
2013-11-26,2.222,2.22,2.233,2.215,3472308.0
2013-11-27,2.22,2.239,2.253,2.216,4649279.0
2013-11-28,2.245,2.258,2.278,2.241,5134174.0
2013-11-29,2.265,2.254,2.266,2.249,3133980.0
2013-12-02,2.259,2.277,2.294,2.248,7755329.0
2013-12-03,2.267,2.278,2.285,2.258,4617677.0
2013-12-04,2.278,2.301,2.316,2.273,5426295.0
2013-12-05,2.298,2.294,2.304,2.291,3386945.0
2013-12-06,2.287,2.273,2.29,2.267,4331330.0
2013-12-09,2.279,2.266,2.288,2.262,3632472.0
2013-12-10,2.271,2.268,2.278,2.261,3684467.0
2013-12-11,2.26,2.234,2.26,2.223,4130368.0
2013-12-12,2.228,2.222,2.234,2.221,3477851.0
2013-12-13,2.209,2.22,2.224,2.202,3723472.0
2013-12-16,2.228,2.191,2.23,2.189,3915109.0
2013-12-17,2.194,2.182,2.196,2.18,4039941.0
2013-12-18,2.184,2.187,2.196,2.181,3815256.0
2013-12-19,2.194,2.165,2.197,2.164,4439090.0
2013-12-20,2.166,2.12,2.169,2.116,6320849.0
2013-12-23,2.123,2.119,2.133,2.105,5115435.0
2013-12-24,2.126,2.117,2.138,2.105,4632617.0
2013-12-25,2.119,2.124,2.126,2.11,4537799.0
2013-12-26,2.121,2.101,2.123,2.094,4355160.0
2013-12-27,2.104,2.127,2.14,2.099,4430149.0
2013-12-30,2.137,2.126,2.138,2.12,3949542.0
2013-12-31,2.123,2.153,2.159,2.114,6141166.0
2014-01-02,2.148,2.138,2.149,2.131,2877847.0
2014-01-03,2.131,2.111,2.132,2.106,4162933.0
2014-01-06,2.108,2.085,2.108,2.069,4929123.0
2014-01-07,2.073,2.084,2.087,2.068,3139118.0
2014-01-08,2.084,2.085,2.1,2.073,4312025.0
2014-01-09,2.079,2.073,2.098,2.071,5113506.0
2014-01-10,2.072,2.066,2.078,2.061,4213321.0
2014-01-13,2.067,2.059,2.078,2.056,6403832.0
2014-01-14,2.06,2.063,2.072,2.047,4698598.0
2014-01-15,2.063,2.054,2.063,2.043,3077824.0
2014-01-16,2.054,2.058,2.071,2.047,3245636.0
2014-01-17,2.052,2.037,2.055,2.034,3544058.0
2014-01-20,2.037,2.028,2.039,2.02,3412053.0
2014-01-21,2.03,2.039,2.053,2.029,3690792.0
2014-01-22,2.045,2.085,2.087,2.041,5214838.0
2014-01-23,2.081,2.068,2.084,2.063,2897897.0
2014-01-24,2.059,2.068,2.086,2.058,4043453.0
2014-01-27,2.058,2.043,2.06,2.04,3108915.0
2014-01-28,2.046,2.053,2.059,2.042,2622874.0
2014-01-29,2.058,2.06,2.063,2.054,1877287.0
2014-01-30,2.058,2.04,2.058,2.04,2186096.0
2014-02-07,2.028,2.036,2.037,2.021,2454968.0
2014-02-10,2.042,2.071,2.073,2.042,4603912.0
2014-02-11,2.069,2.1,2.108,2.065,6230256.0
2014-02-12,2.103,2.095,2.111,2.092,4017306.0
2014-02-13,2.093,2.101,2.123,2.088,4563957.0
2014-02-14,2.098,2.105,2.107,2.097,2669877.0
2014-02-17,2.123,2.11,2.124,2.1,3874853.0
2014-02-18,2.107,2.077,2.107,2.071,5157693.0
2014-02-19,2.075,2.104,2.117,2.071,6633206.0
2014-02-20,2.11,2.091,2.133,2.088,6239637.0
2014-02-21,2.087,2.072,2.094,2.065,3284835.0
2014-02-24,2.055,2.03,2.055,2.02,4687325.0
2014-02-25,2.03,1.998,2.039,1.994,4580144.0
2014-02-26,1.989,1.998,2.005,1.985,3870572.0
2014-02-27,2.003,2.011,2.022,1.99,4557632.0
2014-02-28,2.009,2.023,2.028,1.989,4640179.0
2014-03-03,2.02,2.02,2.028,2.01,3197736.0
2014-03-04,2.014,2.021,2.028,2.007,3325702.0
2014-03-05,2.024,2.003,2.027,2.003,2546669.0
2014-03-06,2.002,2.017,2.026,1.991,4218938.0
2014-03-07,2.016,2.013,2.034,2.009,3196403.0
2014-03-10,2.002,1.96,2.003,1.958,4328309.0
2014-03-11,1.96,1.963,1.976,1.953,4331396.0
2014-03-12,1.959,1.968,1.984,1.953,4192628.0
2014-03-13,1.981,1.991,2.009,1.972,4577672.0
2014-03-14,1.985,1.977,1.994,1.97,1962094.0
2014-03-17,1.99,1.991,1.995,1.977,2509462.0
2014-03-18,1.991,1.981,1.995,1.979,2455165.0
2014-03-19,1.978,1.974,1.978,1.958,3318661.0
2014-03-20,1.965,1.96,1.991,1.959,3794437.0
2014-03-21,1.958,2.026,2.032,1.955,8254679.0
2014-03-24,2.029,2.041,2.052,2.022,6411341.0
2014-03-25,2.034,2.028,2.048,2.026,3833506.0
2014-03-26,2.036,2.026,2.042,2.022,3233694.0
2014-03-27,2.022,2.027,2.052,2.01,5460162.0
2014-03-28,2.027,2.035,2.047,2.024,5642557.0
2014-03-31,2.04,2.027,2.041,2.015,3644099.0
2014-04-01,2.027,2.033,2.045,2.021,4460239.0
2014-04-02,2.035,2.055,2.059,2.034,6191253.0
2014-04-03,2.063,2.04,2.072,2.04,5573768.0
2014-04-04,2.037,2.055,2.056,2.029,4910833.0
2014-04-08,2.052,2.107,2.117,2.052,8637537.0
2014-04-09,2.11,2.103,2.112,2.098,3995242.0
2014-04-10,2.104,2.149,2.17,2.092,8763528.0
2014-04-11,2.149,2.142,2.155,2.13,5840372.0
2014-04-14,2.14,2.131,2.146,2.123,4031417.0
2014-04-15,2.126,2.095,2.126,2.09,5013758.0
2014-04-16,2.088,2.095,2.11,2.084,4328777.0
2014-04-17,2.104,2.088,2.105,2.085,3279157.0
2014-04-18,2.081,2.087,2.094,2.068,4687651.0
2014-04-21,2.074,2.056,2.097,2.055,4504412.0
2014-04-22,2.055,2.075,2.079,2.052,4867626.0
2014-04-23,2.069,2.074,2.085,2.067,3784821.0
2014-04-24,2.074,2.08,2.094,2.069,3633213.0
2014-04-25,2.085,2.069,2.092,2.068,3972646.0
2014-04-28,2.067,2.049,2.071,2.046,3768563.0
2014-04-29,2.049,2.061,2.063,2.042,4756283.0
2014-04-30,2.06,2.06,2.063,2.054,2827066.0
2014-05-05,2.056,2.049,2.058,2.035,3203506.0
2014-05-06,2.045,2.047,2.063,2.043,3533225.0
2014-05-07,2.043,2.037,2.047,2.035,3156536.0
2014-05-08,2.035,2.041,2.065,2.033,5251619.0
2014-05-09,2.045,2.041,2.047,2.035,4112182.0
2014-05-12,2.054,2.073,2.078,2.043,6320713.0
2014-05-13,2.072,2.065,2.075,2.063,2885662.0
2014-05-14,2.066,2.067,2.077,2.063,2438005.0
2014-05-15,2.066,2.05,2.067,2.05,3172921.0
2014-05-16,2.05,2.047,2.056,2.043,2890555.0
2014-05-19,2.042,2.018,2.042,2.011,4041801.0
2014-05-20,2.024,2.016,2.028,2.014,2625125.0
2014-05-21,2.014,2.033,2.035,2.002,3804168.0
2014-05-22,2.032,2.029,2.058,2.028,4592448.0
2014-05-23,2.03,2.046,2.048,2.03,3675580.0
2014-05-26,2.053,2.048,2.063,2.042,3509401.0
2014-05-27,2.049,2.043,2.053,2.041,3024604.0
2014-05-28,2.043,2.055,2.058,2.034,3661352.0
2014-05-29,2.056,2.048,2.061,2.047,3611753.0
2014-05-30,2.047,2.042,2.052,2.039,2964683.0
2014-06-03,2.043,2.037,2.055,2.037,2742544.0
2014-06-04,2.037,2.027,2.039,2.02,2650250.0
2014-06-05,2.026,2.047,2.048,2.022,2766425.0
2014-06-06,2.047,2.033,2.047,2.023,2864390.0
2014-06-09,2.026,2.036,2.055,2.023,4343781.0
2014-06-10,2.042,2.058,2.058,2.035,4639913.0
2014-06-11,2.05,2.05,2.055,2.046,3248522.0
2014-06-12,2.049,2.047,2.054,2.046,2629872.0
2014-06-13,2.046,2.069,2.077,2.045,4944423.0
2014-06-16,2.069,2.088,2.093,2.067,6208406.0
2014-06-17,2.084,2.072,2.084,2.071,4307938.0
2014-06-18,2.072,2.065,2.075,2.063,3898768.0
2014-06-19,2.065,2.043,2.071,2.039,4540675.0
2014-06-20,2.045,2.052,2.054,2.043,3901800.0
2014-06-23,2.053,2.046,2.061,2.045,3176789.0
2014-06-24,2.046,2.056,2.058,2.045,2648539.0
2014-06-25,2.058,2.048,2.058,2.046,2297509.0
2014-06-26,2.05,2.058,2.06,2.049,2975574.0
2014-06-27,2.056,2.053,2.063,2.049,3004422.0
2014-06-30,2.054,2.066,2.069,2.054,4287608.0
2014-07-01,2.074,2.061,2.075,2.056,2898023.0
2014-07-02,2.063,2.071,2.072,2.059,3963056.0
2014-07-03,2.069,2.075,2.08,2.066,4199946.0
2014-07-04,2.074,2.081,2.084,2.074,3513339.0
2014-07-07,2.081,2.082,2.086,2.077,2738883.0
2014-07-08,2.081,2.079,2.082,2.071,2856359.0
2014-07-09,2.079,2.06,2.08,2.06,3796375.0
2014-07-10,2.06,2.059,2.065,2.054,2553578.0
2014-07-11,2.058,2.067,2.073,2.058,2428328.0
2014-07-14,2.068,2.082,2.084,2.065,2707445.0
2014-07-15,2.082,2.085,2.088,2.079,2405861.0
2014-07-16,2.085,2.084,2.093,2.082,2958836.0
2014-07-17,2.081,2.078,2.085,2.074,2342090.0
2014-07-18,2.077,2.088,2.095,2.074,3263895.0
2014-07-21,2.088,2.087,2.094,2.084,2114341.0
2014-07-22,2.084,2.108,2.113,2.082,4232612.0
2014-07-23,2.108,2.123,2.129,2.107,4589875.0
2014-07-24,2.123,2.164,2.169,2.123,7566260.0
2014-07-25,2.168,2.183,2.183,2.161,5656655.0
2014-07-28,2.19,2.243,2.254,2.19,10050610.0
2014-07-29,2.245,2.247,2.256,2.236,5268521.0
2014-07-30,2.243,2.238,2.26,2.236,4601455.0
2014-07-31,2.238,2.266,2.267,2.234,4589033.0
2014-08-01,2.259,2.246,2.285,2.245,8262845.0
2014-08-04,2.254,2.288,2.291,2.248,7339842.0
2014-08-05,2.29,2.273,2.291,2.262,6029995.0
2014-08-06,2.26,2.256,2.269,2.239,6131152.0
2014-08-07,2.258,2.227,2.262,2.224,5552148.0
2014-08-08,2.23,2.232,2.239,2.221,3649712.0
2014-08-11,2.24,2.258,2.264,2.235,4941204.0
2014-08-12,2.254,2.243,2.254,2.238,3174612.0
2014-08-13,2.246,2.248,2.26,2.232,3789121.0
2014-08-14,2.249,2.232,2.253,2.232,3585141.0
2014-08-15,2.233,2.251,2.256,2.229,5165035.0
2014-08-18,2.253,2.252,2.264,2.245,4595618.0
2014-08-19,2.254,2.246,2.258,2.236,3869391.0
2014-08-20,2.242,2.241,2.245,2.235,3324182.0
2014-08-21,2.235,2.222,2.24,2.211,4067967.0
2014-08-22,2.22,2.229,2.236,2.216,3622208.0
2014-08-25,2.232,2.211,2.234,2.209,4147209.0
2014-08-26,2.209,2.208,2.219,2.202,4464261.0
2014-08-27,2.208,2.206,2.213,2.203,3190482.0
2014-08-28,2.207,2.202,2.214,2.198,4454642.0
2014-08-29,2.202,2.215,2.216,2.2,4675793.0
2014-09-01,2.214,2.219,2.221,2.207,5784079.0
2014-09-02,2.222,2.246,2.249,2.213,6967210.0
2014-09-03,2.253,2.267,2.272,2.249,6670508.0
2014-09-04,2.269,2.281,2.284,2.262,5516804.0
2014-09-05,2.288,2.305,2.309,2.285,5650914.0
2014-09-09,2.305,2.288,2.309,2.287,4845904.0
2014-09-10,2.281,2.272,2.281,2.267,4882190.0
2014-09-11,2.272,2.266,2.297,2.259,5793290.0
2014-09-12,2.26,2.277,2.278,2.255,3814788.0
2014-09-15,2.262,2.269,2.273,2.254,3921540.0
2014-09-16,2.271,2.24,2.273,2.238,5269966.0
2014-09-17,2.248,2.245,2.252,2.235,5191992.0
2014-09-18,2.242,2.249,2.259,2.235,4833382.0
2014-09-19,2.249,2.265,2.267,2.245,3946775.0
2014-09-22,2.255,2.221,2.255,2.215,4186043.0
2014-09-23,2.221,2.235,2.236,2.22,6210011.0
2014-09-24,2.227,2.273,2.274,2.221,6405437.0
2014-09-25,2.282,2.26,2.285,2.259,4993065.0
2014-09-26,2.258,2.261,2.264,2.246,3564025.0
2014-09-29,2.265,2.267,2.271,2.254,6536694.0
2014-09-30,2.267,2.266,2.268,2.259,2919366.0
2014-10-08,2.268,2.278,2.278,2.259,3875550.0
2014-10-09,2.279,2.279,2.285,2.269,3705997.0
2014-10-10,2.267,2.264,2.275,2.26,3543252.0
2014-10-13,2.259,2.251,2.259,2.236,3841915.0
2014-10-14,2.245,2.239,2.259,2.234,3465731.0
2014-10-15,2.24,2.259,2.26,2.232,3795353.0
2014-10-16,2.248,2.253,2.274,2.242,4434016.0
2014-10-17,2.254,2.247,2.26,2.234,4858931.0
2014-10-20,2.254,2.253,2.258,2.246,3309492.0
2014-10-21,2.253,2.242,2.258,2.241,3482981.0
2014-10-22,2.242,2.24,2.256,2.238,4046643.0
2014-10-23,2.239,2.226,2.246,2.224,4219692.0
2014-10-24,2.227,2.222,2.232,2.22,3660862.0
2014-10-27,2.21,2.193,2.21,2.19,4368666.0
2014-10-28,2.196,2.222,2.224,2.195,4512520.0
2014-10-29,2.23,2.248,2.26,2.224,4288524.0
2014-10-30,2.248,2.262,2.271,2.242,3677725.0
2014-10-31,2.269,2.312,2.324,2.269,6673713.0
2014-11-03,2.313,2.3,2.318,2.298,4810800.0
2014-11-04,2.296,2.294,2.301,2.29,4357220.0
2014-11-05,2.296,2.288,2.298,2.281,4160845.0
2014-11-06,2.291,2.285,2.298,2.275,4687573.0
2014-11-07,2.285,2.291,2.325,2.281,5830390.0
2014-11-10,2.324,2.348,2.35,2.311,5689841.0
2014-11-11,2.362,2.374,2.41,2.355,8497231.0
2014-11-12,2.364,2.396,2.399,2.357,5134096.0
2014-11-13,2.401,2.395,2.422,2.387,5819074.0
2014-11-14,2.389,2.394,2.395,2.372,4877671.0
2014-11-17,2.432,2.368,2.438,2.367,4279456.0
2014-11-18,2.37,2.338,2.375,2.335,3831727.0
2014-11-19,2.337,2.327,2.341,2.322,4272706.0
2014-11-20,2.322,2.331,2.341,2.316,4492058.0
2014-11-21,2.333,2.381,2.384,2.325,5940909.0
2014-11-24,2.39,2.427,2.452,2.389,7643415.0
2014-11-25,2.425,2.445,2.452,2.421,7574337.0
2014-11-26,2.454,2.494,2.494,2.454,6305776.0
2014-11-27,2.509,2.536,2.537,2.505,7166362.0
2014-11-28,2.536,2.608,2.615,2.526,8946556.0
2014-12-01,2.633,2.615,2.668,2.612,9803680.0
2014-12-02,2.602,2.739,2.763,2.601,11910518.0
2014-12-03,2.755,2.751,2.84,2.712,12225523.0
2014-12-04,2.766,2.924,2.925,2.748,11110291.0
2014-12-05,2.956,2.944,3.016,2.85,16028495.0
2014-12-08,2.919,3.082,3.102,2.882,12162508.0
2014-12-09,3.044,2.912,3.186,2.872,15903645.0
2014-12-10,2.932,2.995,3.005,2.832,15965274.0
2014-12-11,2.969,2.928,3.008,2.919,12329542.0
2014-12-12,2.928,2.928,2.989,2.903,9403561.0
2014-12-15,2.922,2.93,2.943,2.859,9456132.0
2014-12-16,2.935,3.045,3.047,2.923,13292428.0
2014-12-17,3.067,3.134,3.149,3.044,13505754.0
2014-12-18,3.136,3.112,3.172,3.092,11147140.0
2014-12-19,3.116,3.148,3.163,3.047,13030564.0
2014-12-22,3.15,3.192,3.253,3.132,14107198.0
2014-12-23,3.16,3.13,3.233,3.103,10310055.0
2014-12-24,3.134,3.015,3.142,2.982,12316173.0
2014-12-25,3.044,3.119,3.121,3.011,10771861.0
2014-12-26,3.121,3.247,3.251,3.116,13761033.0
2014-12-29,3.316,3.256,3.344,3.209,14977118.0
2014-12-30,3.256,3.295,3.328,3.233,18539511.0
2014-12-31,3.303,3.366,3.378,3.282,17180509.0
2015-01-05,3.399,3.449,3.488,3.369,15964692.0
2015-01-06,3.423,3.413,3.483,3.376,15561867.0
2015-01-07,3.393,3.408,3.449,3.373,8887969.0
2015-01-08,3.421,3.325,3.434,3.316,7936624.0
2015-01-09,3.316,3.333,3.475,3.299,11561504.0
2015-01-12,3.367,3.304,3.369,3.254,15146453.0
2015-01-13,3.304,3.286,3.333,3.27,8537998.0
2015-01-14,3.298,3.297,3.34,3.264,12076945.0
2015-01-15,3.297,3.406,3.411,3.275,19402258.0
2015-01-16,3.42,3.427,3.463,3.4,16932152.0
2015-01-19,3.221,3.119,3.263,3.119,18004159.0
2015-01-20,3.116,3.14,3.186,3.086,18381170.0
2015-01-21,3.169,3.308,3.324,3.153,16442956.0
2015-01-22,3.316,3.303,3.322,3.259,16531088.0
2015-01-23,3.321,3.333,3.386,3.303,19467750.0
2015-01-26,3.341,3.327,3.341,3.286,10965950.0
2015-01-27,3.338,3.278,3.342,3.228,13883846.0
2015-01-28,3.247,3.235,3.296,3.227,14169616.0
2015-01-29,3.189,3.186,3.212,3.161,9797907.0
2015-01-30,3.204,3.147,3.225,3.136,11434916.0
2015-02-02,3.069,3.066,3.117,3.059,11763677.0
2015-02-03,3.102,3.147,3.16,3.067,12359149.0
2015-02-04,3.156,3.108,3.191,3.104,12441323.0
2015-02-05,3.209,3.086,3.217,3.083,15494609.0
2015-02-06,3.08,3.057,3.106,3.032,14633780.0
2015-02-09,3.057,3.104,3.137,3.044,16392674.0
2015-02-10,3.104,3.149,3.155,3.092,14049515.0
2015-02-11,3.151,3.162,3.172,3.137,9498342.0
2015-02-12,3.161,3.167,3.175,3.128,7281668.0
2015-02-13,3.174,3.174,3.22,3.164,10730073.0
2015-02-16,3.174,3.179,3.189,3.161,6561740.0
2015-02-17,3.187,3.199,3.22,3.187,7073138.0
2015-02-25,3.199,3.15,3.199,3.137,6214187.0
2015-02-26,3.148,3.245,3.247,3.124,12779198.0
2015-02-27,3.241,3.231,3.263,3.219,8649075.0
2015-03-02,3.252,3.234,3.257,3.214,11234642.0
2015-03-03,3.218,3.143,3.218,3.138,10905397.0
2015-03-04,3.148,3.141,3.163,3.117,10776613.0
2015-03-05,3.121,3.108,3.128,3.082,11686131.0
2015-03-06,3.109,3.114,3.14,3.106,12732966.0
2015-03-09,3.067,3.182,3.198,3.054,16164937.0
2015-03-10,3.163,3.137,3.173,3.132,11403392.0
2015-03-11,3.142,3.155,3.198,3.141,10765567.0
2015-03-12,3.191,3.243,3.271,3.172,15312058.0
2015-03-13,3.254,3.251,3.298,3.233,12204913.0
2015-03-16,3.271,3.316,3.32,3.246,11598021.0
2015-03-17,3.348,3.355,3.362,3.327,10004521.0
2015-03-18,3.363,3.436,3.439,3.363,11406668.0
2015-03-19,3.427,3.407,3.434,3.393,12699599.0
2015-03-20,3.421,3.464,3.503,3.394,11945986.0
2015-03-23,3.489,3.513,3.521,3.478,10152759.0
2015-03-24,3.513,3.468,3.515,3.432,11945935.0
2015-03-25,3.458,3.427,3.481,3.401,9765797.0
2015-03-26,3.411,3.473,3.509,3.395,10830227.0
2015-03-27,3.482,3.481,3.509,3.447,6965789.15
2015-03-30,3.51,3.588,3.602,3.495,12115191.0
2015-03-31,3.639,3.549,3.677,3.541,11518648.0
2015-04-01,3.556,3.604,3.62,3.553,9343896.0
2015-04-02,3.636,3.587,3.64,3.546,7676121.0
2015-04-03,3.572,3.627,3.631,3.569,9358703.0
2015-04-07,3.658,3.709,3.715,3.645,10304750.0
2015-04-08,3.724,3.775,3.791,3.695,17220497.0
2015-04-09,3.791,3.75,3.87,3.739,16182811.0
2015-04-10,3.752,3.82,3.835,3.739,10013618.0
2015-04-13,3.884,3.885,3.907,3.855,11757054.0
2015-04-14,3.885,3.895,3.924,3.856,13417888.0
2015-04-15,3.895,3.909,3.988,3.881,15032584.0
2015-04-16,3.923,4.068,4.07,3.875,34711171.0
2015-04-17,4.18,4.115,4.187,4.082,30992134.0
2015-04-20,4.136,4.018,4.171,4.003,31337397.0
2015-04-21,4.026,4.063,4.074,3.99,15347536.0
2015-04-22,4.099,4.181,4.19,4.07,36471407.0
2015-04-23,4.192,4.147,4.199,4.115,18920252.0
2015-04-24,4.1,4.099,4.123,4.018,19187186.0
2015-04-27,4.136,4.198,4.204,4.127,18274853.0
2015-04-28,4.192,4.166,4.26,4.132,23581236.0
2015-04-29,4.157,4.157,4.187,4.117,15862078.0
2015-04-30,4.174,4.13,4.191,4.128,9605573.0
2015-05-04,4.133,4.146,4.153,4.074,11673041.0
2015-05-05,4.143,4.01,4.146,3.994,15107108.0
2015-05-06,4.026,3.994,4.119,3.959,17619166.0
2015-05-07,3.991,3.949,4.003,3.943,15346729.0
2015-05-08,3.98,3.961,3.988,3.885,14426576.0
2015-05-11,3.961,4.026,4.033,3.92,13744906.0
2015-05-12,4.018,4.049,4.065,3.99,14619613.0
2015-05-13,4.049,3.996,4.056,3.975,12618065.0
2015-05-14,3.987,3.982,4.013,3.961,13294763.0
2015-05-15,3.982,3.903,3.982,3.89,18375722.0
2015-05-18,3.872,3.832,3.895,3.831,13291300.0
2015-05-19,3.832,3.974,3.982,3.825,17438830.0
2015-05-20,3.996,3.974,4.046,3.956,24367021.0
2015-05-21,4.001,4.019,4.031,3.973,10626025.0
2015-05-22,4.061,4.132,4.134,4.036,23736404.0
2015-05-25,4.177,4.255,4.258,4.152,23304790.0
2015-05-26,4.284,4.275,4.307,4.205,18773643.0
2015-05-27,4.291,4.233,4.312,4.211,19038462.0
2015-05-28,4.233,3.99,4.251,3.955,22654285.0
2015-05-29,3.992,3.974,4.031,3.891,18680007.0
2015-06-01,3.974,4.13,4.145,3.933,14196628.0
2015-06-02,4.126,4.143,4.155,4.072,12345328.0
2015-06-03,4.139,4.122,4.148,4.07,10001942.0
2015-06-04,4.122,4.203,4.224,3.955,21038487.0
2015-06-05,4.299,4.197,4.31,4.119,18668723.0
2015-06-08,4.228,4.402,4.426,4.199,32458810.0
2015-06-09,4.439,4.323,4.447,4.282,33119585.0
2015-06-10,4.27,4.275,4.34,4.241,17449128.0
2015-06-11,4.291,4.251,4.304,4.216,22170885.0
2015-06-12,4.278,4.267,4.296,4.216,17253161.0
2015-06-15,4.291,4.152,4.309,4.145,28420111.0
2015-06-16,4.132,4.071,4.179,4.027,25005972.0
2015-06-17,4.085,4.103,4.121,4.031,24495889.0
2015-06-18,4.082,3.946,4.082,3.932,15537653.0
2015-06-19,3.926,3.747,3.943,3.736,21222148.0
2015-06-23,3.769,3.868,3.883,3.659,25737114.0
2015-06-24,3.884,3.917,3.932,3.801,22696737.0
2015-06-25,3.953,3.8,3.967,3.785,22398613.0
2015-06-26,3.73,3.524,3.814,3.464,40919972.0
2015-06-29,3.626,3.494,3.658,3.282,77379370.0
2015-06-30,3.494,3.72,3.724,3.424,68023663.0
2015-07-01,3.671,3.574,3.718,3.528,44334031.0
2015-07-02,3.647,3.522,3.651,3.399,58652951.0
2015-07-03,3.49,3.398,3.574,3.304,44648720.0
2015-07-06,3.703,3.591,3.703,3.464,91468314.0
2015-07-07,3.52,3.647,3.683,3.431,66501031.0
2015-07-08,3.423,3.427,3.608,3.317,70549862.0
2015-07-09,3.338,3.65,3.726,3.277,38934413.0
2015-07-10,3.584,3.784,3.908,3.553,41525733.0
2015-07-13,3.707,3.733,3.836,3.653,29219060.0
2015-07-14,3.665,3.614,3.705,3.56,22167415.0
2015-07-15,3.578,3.599,3.632,3.499,29629602.0
2015-07-16,3.6,3.588,3.633,3.541,23305909.0
2015-07-17,3.607,3.663,3.701,3.567,17912399.0
2015-07-20,3.652,3.632,3.674,3.61,13690408.0
2015-07-21,3.578,3.621,3.659,3.578,10213248.0
2015-07-22,3.606,3.585,3.624,3.565,8541650.0
2015-07-23,3.585,3.652,3.655,3.585,13379611.0
2015-07-24,3.649,3.594,3.665,3.581,10920952.0
2015-07-27,3.566,3.297,3.567,3.292,13794270.0
2015-07-28,3.238,3.285,3.341,3.193,26121821.0
2015-07-29,3.304,3.344,3.352,3.259,10930436.0
2015-07-30,3.333,3.267,3.361,3.257,9086653.0
2015-07-31,3.257,3.259,3.299,3.228,9267302.0
2015-08-03,3.233,3.278,3.279,3.209,7280003.0
2015-08-04,3.29,3.352,3.354,3.265,6892335.0
2015-08-05,3.338,3.293,3.346,3.291,6474482.0
2015-08-06,3.264,3.27,3.314,3.246,6547838.0
2015-08-07,3.295,3.309,3.33,3.28,7024853.0
2015-08-10,3.33,3.441,3.458,3.322,7033249.0
2015-08-11,3.444,3.411,3.445,3.395,4580237.0
2015-08-12,3.385,3.38,3.423,3.37,5478430.0
2015-08-13,3.376,3.394,3.405,3.331,6611362.0
2015-08-14,3.405,3.393,3.412,3.38,5615007.0
2015-08-17,3.375,3.361,3.376,3.333,4837135.0
2015-08-18,3.363,3.198,3.388,3.174,8578147.0
2015-08-19,3.182,3.218,3.233,3.101,14513427.0
2015-08-20,3.187,3.14,3.209,3.138,7011993.0
2015-08-21,3.106,3.037,3.141,3.028,10205282.0
2015-08-24,2.968,2.768,2.968,2.768,10185733.0
2015-08-25,2.644,2.577,2.771,2.557,19637012.0
2015-08-26,2.64,2.648,2.752,2.569,24642772.0
2015-08-27,2.71,2.842,2.854,2.667,17054224.0
2015-08-28,2.878,2.911,2.918,2.827,17883659.0
2015-08-31,2.874,2.96,2.964,2.802,12536076.0
2015-09-01,2.892,2.982,3.001,2.834,17867861.0
2015-09-02,2.884,2.992,3.005,2.88,17751740.0
2015-09-07,2.968,2.878,3.014,2.87,7018018.0
2015-09-08,2.854,2.922,2.935,2.813,8826626.0
2015-09-09,2.945,2.96,2.982,2.923,7774865.0
2015-09-10,2.928,2.956,2.971,2.923,6383745.0
2015-09-11,2.955,2.941,2.973,2.93,4208978.0
2015-09-14,2.961,2.976,2.979,2.857,8682753.0
2015-09-15,2.925,2.91,2.936,2.885,7421049.0
2015-09-16,2.912,2.999,3.05,2.882,6239540.0
2015-09-17,2.975,2.947,3.019,2.944,7234522.0
2015-09-18,2.961,2.947,2.979,2.938,4984416.0
2015-09-21,2.937,2.963,2.974,2.923,3054092.0
2015-09-22,2.961,2.993,3.019,2.961,4157248.0
2015-09-23,2.942,2.925,2.973,2.922,2901948.0
2015-09-24,2.94,2.934,2.948,2.916,1769072.0
2015-09-25,2.93,2.915,2.934,2.884,2731276.0
2015-09-28,2.911,2.918,2.925,2.886,1577215.0
2015-09-29,2.892,2.863,2.895,2.853,1238566.0
2015-09-30,2.877,2.886,2.912,2.876,1117961.0
2015-10-08,2.998,2.944,3.0,2.941,1831017.0
2015-10-09,2.955,2.974,2.982,2.947,1791459.0
2015-10-12,2.99,3.053,3.088,2.98,2915809.0
2015-10-13,3.028,3.043,3.05,3.027,2575451.0
2015-10-14,3.024,3.018,3.053,3.015,1882636.0
2015-10-15,3.021,3.072,3.076,3.013,3044261.0
2015-10-16,3.079,3.093,3.106,3.074,3448540.0
2015-10-19,3.095,3.091,3.121,3.065,2869684.0
2015-10-20,3.083,3.116,3.118,3.067,2314235.0
2015-10-21,3.111,3.091,3.148,3.033,4480909.0
2015-10-22,3.097,3.106,3.112,3.067,3204967.0
2015-10-23,3.111,3.127,3.132,3.091,2816927.0
2015-10-26,3.162,3.127,3.168,3.104,3189778.0
2015-10-27,3.112,3.124,3.138,3.071,3688488.0
2015-10-28,3.112,3.077,3.116,3.073,3351762.0
2015-10-29,3.082,3.08,3.096,3.061,2210768.0
2015-10-30,3.073,3.079,3.11,3.065,2298145.0
2015-11-02,3.057,3.047,3.084,3.045,2335515.0
2015-11-03,3.053,3.034,3.064,3.025,2240547.0
2015-11-04,3.04,3.169,3.173,3.04,6242068.0
2015-11-05,3.156,3.239,3.322,3.149,7980961.0
2015-11-06,3.234,3.303,3.311,3.212,5376889.0
2015-11-09,3.304,3.342,3.41,3.301,7129335.0
2015-11-10,3.317,3.329,3.368,3.304,4001710.0
2015-11-11,3.324,3.309,3.329,3.266,3550867.0
2015-11-12,3.316,3.269,3.323,3.258,2718884.0
2015-11-13,3.245,3.238,3.277,3.231,2817521.0
2015-11-16,3.191,3.244,3.25,3.189,2121028.0
2015-11-17,3.257,3.245,3.318,3.239,3474785.0
2015-11-18,3.246,3.231,3.269,3.222,2628234.0
2015-11-19,3.234,3.27,3.275,3.226,2482182.0
2015-11-20,3.267,3.256,3.28,3.249,2392857.0
2015-11-23,3.254,3.245,3.282,3.209,2273019.0
2015-11-24,3.239,3.238,3.239,3.206,2498985.0
2015-11-25,3.227,3.25,3.256,3.213,3903089.0
2015-11-26,3.269,3.241,3.278,3.237,2908015.0
2015-11-27,3.227,3.089,3.232,3.063,4906738.0
2015-11-30,3.098,3.102,3.121,3.05,3545086.0
2015-12-01,3.103,3.114,3.147,3.078,2875615.0
2015-12-02,3.109,3.259,3.266,3.105,6575116.0
2015-12-03,3.247,3.257,3.276,3.211,4932606.0
2015-12-04,3.226,3.183,3.237,3.17,3904298.0
2015-12-07,3.182,3.174,3.199,3.157,2874676.0
2015-12-08,3.156,3.146,3.174,3.128,3401550.0
2015-12-09,3.14,3.149,3.169,3.13,3177739.0
2015-12-10,3.153,3.132,3.192,3.123,3142619.0
2015-12-11,3.117,3.119,3.136,3.092,2490440.0
2015-12-14,3.095,3.204,3.209,3.09,3719823.0
2015-12-15,3.189,3.164,3.196,3.149,3147911.0
2015-12-16,3.169,3.153,3.179,3.146,2422531.0
2015-12-17,3.167,3.187,3.215,3.166,3806959.0
2015-12-18,3.181,3.212,3.254,3.177,4619023.0
2015-12-21,3.194,3.303,3.317,3.192,6689579.0
2015-12-22,3.299,3.292,3.308,3.271,3163661.0
2015-12-23,3.292,3.303,3.357,3.286,7109971.0
2015-12-24,3.299,3.278,3.303,3.245,3871870.0
2015-12-25,3.28,3.288,3.296,3.269,1735857.0
2015-12-28,3.289,3.2,3.298,3.195,2740406.0
2015-12-29,3.199,3.224,3.226,3.193,2969462.0
2015-12-30,3.225,3.214,3.226,3.18,2753570.0
2015-12-31,3.207,3.205,3.226,3.192,3458720.0
2016-01-04,3.199,3.043,3.201,3.033,2985469.0
2016-01-05,3.02,3.051,3.08,2.985,6456995.0
2016-01-06,3.056,3.088,3.091,3.038,4009534.0
2016-01-07,3.051,2.922,3.051,2.908,891669.0
2016-01-08,2.992,2.971,3.019,2.897,5766769.0
2016-01-11,2.925,2.86,2.954,2.858,6332308.0
2016-01-12,2.878,2.867,2.896,2.851,4518035.0
2016-01-13,2.893,2.845,2.908,2.842,5630807.0
2016-01-14,2.801,2.867,2.877,2.783,6241159.0
2016-01-15,2.854,2.795,2.867,2.783,5071113.0
2016-01-18,2.76,2.795,2.826,2.756,3894069.0
2016-01-19,2.795,2.866,2.88,2.784,5158725.0
2016-01-20,2.851,2.82,2.86,2.797,3494118.0
2016-01-21,2.801,2.763,2.851,2.76,3438259.0
2016-01-22,2.789,2.792,2.806,2.749,3583318.0
2016-01-25,2.795,2.789,2.805,2.776,1971928.0
2016-01-26,2.774,2.663,2.779,2.653,4167637.0
2016-01-27,2.671,2.661,2.683,2.615,5166376.0
2016-01-28,2.645,2.612,2.674,2.601,3889436.0
2016-01-29,2.615,2.683,2.706,2.615,4292173.0
2016-02-01,2.681,2.644,2.685,2.623,2164566.0
2016-02-02,2.644,2.683,2.692,2.64,2590861.0
2016-02-03,2.659,2.657,2.667,2.632,2402730.0
2016-02-04,2.67,2.686,2.694,2.665,2943647.0
2016-02-05,2.685,2.674,2.691,2.671,2783073.0
2016-02-15,2.623,2.652,2.664,2.616,2458719.0
2016-02-16,2.66,2.713,2.719,2.659,2937698.0
2016-02-17,2.711,2.728,2.737,2.706,2718905.0
2016-02-18,2.739,2.725,2.754,2.722,2101384.0
2016-02-19,2.722,2.719,2.731,2.705,2029129.0
2016-02-22,2.741,2.776,2.789,2.73,3946413.0
2016-02-23,2.774,2.748,2.775,2.731,2233689.0
2016-02-24,2.741,2.758,2.763,2.723,2961720.0
2016-02-25,2.751,2.636,2.755,2.61,3761393.0
2016-02-26,2.648,2.66,2.672,2.629,4191622.0
2016-02-29,2.649,2.638,2.659,2.582,4246989.0
2016-03-01,2.641,2.678,2.702,2.628,3402613.0
2016-03-02,2.681,2.77,2.779,2.681,4373685.0
2016-03-03,2.764,2.775,2.784,2.754,3456580.0
2016-03-04,2.767,2.857,2.866,2.76,6550957.0
2016-03-07,2.854,2.844,2.878,2.826,4325792.0
2016-03-08,2.835,2.848,2.851,2.754,4214339.0
2016-03-09,2.797,2.839,2.842,2.774,4519536.0
2016-03-10,2.812,2.782,2.838,2.777,2962009.0
2016-03-11,2.762,2.79,2.796,2.758,3466691.0
2016-03-14,2.808,2.802,2.854,2.797,3263170.0
2016-03-15,2.801,2.828,2.835,2.777,4111974.0
2016-03-16,2.813,2.872,2.879,2.809,4941515.0
2016-03-17,2.867,2.868,2.9,2.844,3819977.0
2016-03-18,2.872,2.878,2.91,2.867,5378710.0
2016-03-21,2.902,2.94,2.967,2.895,7063211.0
2016-03-22,2.931,2.912,2.941,2.908,4337330.0
2016-03-23,2.906,2.915,2.932,2.895,5923528.0
2016-03-24,2.903,2.878,2.903,2.873,3390856.0
2016-03-25,2.876,2.884,2.898,2.872,3952447.0
2016-03-28,2.892,2.855,2.911,2.851,3292481.0
2016-03-29,2.86,2.835,2.873,2.828,4026092.0
2016-03-30,2.855,2.899,2.904,2.855,3516452.0
2016-03-31,2.906,2.897,2.915,2.885,2462077.0
2016-04-01,2.892,2.908,2.909,2.85,3467697.0
2016-04-05,2.892,2.919,2.936,2.885,4033006.0
2016-04-06,2.911,2.908,2.919,2.898,2193315.0
2016-04-07,2.913,2.877,2.922,2.873,2350029.0
2016-04-08,2.864,2.859,2.871,2.845,2713618.0
2016-04-11,2.877,2.883,2.909,2.877,2882288.0
2016-04-12,2.883,2.88,2.889,2.87,1774047.0
2016-04-13,2.895,2.911,2.945,2.895,5480353.0
2016-04-14,2.924,2.918,2.937,2.906,3061830.0
2016-04-15,2.923,2.923,2.932,2.913,3050963.0
2016-04-18,2.905,2.895,2.915,2.89,2191771.0
2016-04-19,2.91,2.903,2.913,2.893,2058694.0
2016-04-20,2.906,2.887,2.912,2.822,5753600.0
2016-04-21,2.871,2.885,2.912,2.865,3490579.0
2016-04-22,2.87,2.897,2.9,2.855,2487581.0
2016-04-25,2.889,2.884,2.895,2.854,1898352.0
2016-04-26,2.882,2.892,2.905,2.874,1749271.0
2016-04-27,2.893,2.883,2.897,2.878,1482272.0
2016-04-28,2.884,2.88,2.895,2.867,1717320.0
2016-04-29,2.87,2.872,2.883,2.868,1248875.0
2016-05-03,2.874,2.9,2.911,2.863,2528151.0
2016-05-04,2.892,2.893,2.899,2.884,1244277.0
2016-05-05,2.884,2.891,2.892,2.882,1031108.0
2016-05-06,2.891,2.834,2.893,2.831,2658437.0
2016-05-09,2.827,2.796,2.832,2.788,3442924.0
2016-05-10,2.792,2.795,2.81,2.788,1560353.0
2016-05-11,2.802,2.803,2.819,2.792,1441010.0
2016-05-12,2.794,2.81,2.818,2.779,1336796.0
2016-05-13,2.795,2.806,2.818,2.795,941263.0
2016-05-16,2.793,2.808,2.813,2.786,1261020.0
2016-05-17,2.809,2.803,2.815,2.794,1091505.0
2016-05-18,2.795,2.805,2.81,2.774,3188517.0
2016-05-19,2.796,2.797,2.813,2.794,827861.0
2016-05-20,2.789,2.81,2.812,2.789,946322.0
2016-05-23,2.812,2.812,2.829,2.806,1206061.0
2016-05-24,2.808,2.794,2.808,2.79,1744282.0
2016-05-25,2.802,2.8,2.813,2.796,1182057.0
2016-05-26,2.802,2.8,2.814,2.786,1151169.0
2016-05-27,2.801,2.805,2.812,2.795,1124549.0
2016-05-30,2.802,2.818,2.824,2.789,1591087.0
2016-05-31,2.82,2.902,2.903,2.82,5842395.0
2016-06-01,2.902,2.88,2.904,2.88,2625484.0
2016-06-02,2.878,2.878,2.889,2.867,1487011.0
2016-06-03,2.88,2.895,2.899,2.874,2080395.0
2016-06-06,2.895,2.879,2.899,2.874,1351637.0
2016-06-07,2.884,2.882,2.89,2.878,1182076.0
2016-06-08,2.882,2.877,2.885,2.866,917264.0
2016-06-13,2.858,2.816,2.861,2.815,2547582.0
2016-06-14,2.815,2.832,2.835,2.814,1234242.0
2016-06-15,2.807,2.841,2.857,2.803,2028556.0
2016-06-16,2.831,2.833,2.842,2.827,1243704.0
2016-06-17,2.839,2.841,2.86,2.838,2166510.0
2016-06-20,2.848,2.847,2.852,2.833,1212975.0
2016-06-21,2.853,2.845,2.879,2.842,1611718.0
2016-06-22,2.842,2.859,2.861,2.838,1748766.0
2016-06-23,2.861,2.85,2.863,2.839,1000646.0
2016-06-24,2.846,2.819,2.863,2.793,2138533.0
2016-06-27,2.819,2.844,2.845,2.815,1943116.0
2016-06-28,2.838,2.851,2.853,2.828,1449451.0
2016-06-29,2.853,2.872,2.876,2.853,1905644.0
2016-06-30,2.878,2.873,2.885,2.873,1254970.0
2016-07-01,2.88,2.88,2.889,2.879,1144361.0
2016-07-04,2.879,2.922,2.932,2.874,2056830.0
2016-07-05,2.919,2.931,2.941,2.919,1729523.0
2016-07-06,2.922,2.93,2.932,2.91,1664278.0
2016-07-07,2.928,2.936,2.944,2.918,1194146.0
2016-07-08,2.93,2.922,2.934,2.921,983801.0
2016-07-11,2.927,2.935,2.958,2.927,1321293.0
2016-07-12,2.935,2.988,2.99,2.935,2940528.0
2016-07-13,2.993,2.992,3.027,2.988,4764777.0
2016-07-14,2.993,2.988,2.995,2.973,2473531.0
2016-07-15,2.99,2.992,2.999,2.981,3047614.0
2016-07-18,2.99,2.982,3.005,2.981,2190945.0
2016-07-19,2.98,2.968,2.99,2.955,1971320.0
2016-07-20,2.968,2.96,2.975,2.957,1319933.0
2016-07-21,2.962,2.973,2.982,2.962,1429531.0
2016-07-22,2.97,2.949,2.975,2.948,1017700.0
2016-07-25,2.948,2.95,2.961,2.945,1008017.0
2016-07-26,2.95,2.981,2.983,2.945,1914550.0
2016-07-27,2.982,2.967,2.987,2.916,2926171.0
2016-07-28,2.953,2.962,2.97,2.941,1235216.0
2016-07-29,2.96,2.95,2.963,2.943,855808.0
2016-08-01,2.948,2.937,2.949,2.928,1451769.0
2016-08-02,2.938,2.937,2.947,2.928,877795.0
2016-08-03,2.935,2.935,2.941,2.927,901834.0
2016-08-04,2.934,2.932,2.936,2.916,994114.0
2016-08-05,2.932,2.943,2.955,2.927,1112996.0
2016-08-08,2.944,2.954,2.956,2.931,880394.0
2016-08-09,2.95,2.974,2.976,2.95,1118268.0
2016-08-10,2.975,2.968,2.976,2.964,1338665.0
2016-08-11,2.968,2.976,3.015,2.963,2626153.0
2016-08-12,2.976,3.034,3.035,2.975,2974616.0
2016-08-15,3.039,3.11,3.148,3.035,5412527.0
2016-08-16,3.115,3.074,3.129,3.072,5259624.0
2016-08-17,3.077,3.067,3.092,3.057,2314969.0
2016-08-18,3.069,3.056,3.093,3.047,2289851.0
2016-08-19,3.054,3.069,3.073,3.045,1559685.0
2016-08-22,3.067,3.052,3.072,3.047,1500541.0
2016-08-23,3.053,3.056,3.076,3.046,2340447.0
2016-08-24,3.058,3.044,3.069,3.037,2091216.0
2016-08-25,3.038,3.031,3.038,3.013,1869078.0
2016-08-26,3.034,3.028,3.046,3.026,1549018.0
2016-08-29,3.028,3.026,3.031,3.013,1196589.0
2016-08-30,3.027,3.039,3.046,3.027,1486517.0
2016-08-31,3.038,3.048,3.054,3.032,1942188.0
2016-09-01,3.048,3.029,3.051,3.028,1331148.0
2016-09-02,3.029,3.043,3.044,3.026,1711015.0
2016-09-05,3.045,3.044,3.063,3.041,1713722.0
2016-09-06,3.044,3.051,3.061,3.028,1692879.0
2016-09-07,3.051,3.056,3.067,3.05,2938161.0
2016-09-08,3.052,3.056,3.058,3.048,1191994.0
2016-09-09,3.053,3.044,3.059,3.038,1081196.0
2016-09-12,3.005,3.008,3.014,2.985,3454826.0
2016-09-13,3.006,2.999,3.008,2.994,1424014.0
2016-09-14,2.989,2.983,2.994,2.979,1506998.0
2016-09-19,2.983,2.999,3.002,2.982,1063911.0
2016-09-20,2.998,2.995,3.0,2.989,804570.0
2016-09-21,2.993,3.0,3.002,2.992,1107122.0
2016-09-22,3.007,3.014,3.027,3.006,1405734.0
2016-09-23,3.014,3.007,3.018,3.006,1042780.0
2016-09-26,3.002,2.975,3.003,2.973,2170055.0
2016-09-27,2.973,2.983,2.989,2.971,988029.0
2016-09-28,2.986,2.971,2.987,2.97,1195647.0
2016-09-29,2.977,2.985,2.995,2.977,1010064.0
2016-09-30,2.979,2.99,2.994,2.979,1274905.0
2016-10-10,3.003,3.022,3.028,3.0,1141358.0
2016-10-11,3.022,3.026,3.029,3.018,1331115.0
2016-10-12,3.02,3.016,3.021,3.013,1030107.0
2016-10-13,3.013,3.016,3.024,3.013,784097.0
2016-10-14,3.016,3.027,3.033,3.009,1144170.0
2016-10-17,3.031,3.008,3.031,3.003,1215437.0
2016-10-18,3.005,3.046,3.048,3.003,1689088.0
2016-10-19,3.046,3.043,3.053,3.039,1109992.0
2016-10-20,3.041,3.044,3.05,3.039,1035051.0
2016-10-21,3.044,3.061,3.07,3.038,1777797.0
2016-10-24,3.06,3.096,3.118,3.06,3893178.0
2016-10-25,3.097,3.09,3.101,3.085,2463381.0
2016-10-26,3.09,3.08,3.093,3.078,1934679.0
2016-10-27,3.079,3.073,3.08,3.067,1739054.0
2016-10-28,3.073,3.076,3.102,3.073,3028056.0
2016-10-31,3.074,3.073,3.076,3.054,1240292.0
2016-11-01,3.072,3.086,3.086,3.069,1399906.0
2016-11-02,3.08,3.067,3.082,3.065,1459249.0
2016-11-03,3.064,3.099,3.114,3.06,2594712.0
2016-11-04,3.097,3.096,3.114,3.092,1310305.0
2016-11-07,3.096,3.103,3.108,3.092,943443.0
2016-11-08,3.11,3.112,3.128,3.103,1458718.0
2016-11-09,3.111,3.091,3.111,3.066,2622338.0
2016-11-10,3.105,3.119,3.128,3.105,1742958.0
2016-11-11,3.114,3.142,3.151,3.111,3591485.0
2016-11-14,3.136,3.155,3.18,3.134,3284321.0
2016-11-15,3.15,3.146,3.155,3.14,1339446.0
2016-11-16,3.147,3.14,3.15,3.136,1349158.0
2016-11-17,3.138,3.149,3.15,3.127,1252760.0
2016-11-18,3.15,3.142,3.16,3.136,1437971.0
2016-11-21,3.137,3.174,3.193,3.137,3171603.0
2016-11-22,3.172,3.195,3.2,3.17,2669513.0
2016-11-23,3.196,3.204,3.222,3.191,2154154.0
2016-11-24,3.199,3.215,3.228,3.196,2144528.0
2016-11-25,3.215,3.246,3.249,3.198,2797375.0
2016-11-28,3.257,3.257,3.286,3.251,2694263.0
2016-11-29,3.252,3.303,3.318,3.244,3430981.0
2016-11-30,3.295,3.271,3.307,3.262,5571959.0
2016-12-01,3.277,3.288,3.308,3.27,3458103.0
2016-12-02,3.286,3.267,3.288,3.252,3598342.0
2016-12-05,3.239,3.217,3.24,3.206,4557022.0
2016-12-06,3.215,3.211,3.228,3.209,2033863.0
2016-12-07,3.211,3.219,3.22,3.202,2104626.0
2016-12-08,3.224,3.225,3.234,3.219,2303045.0
2016-12-09,3.222,3.264,3.273,3.215,3626518.0
2016-12-12,3.263,3.232,3.279,3.208,5934859.0
2016-12-13,3.221,3.214,3.227,3.201,3478672.0
2016-12-14,3.215,3.201,3.231,3.2,2541497.0
2016-12-15,3.193,3.14,3.195,3.098,4081803.0
2016-12-16,3.138,3.131,3.15,3.13,2069360.0
2016-12-19,3.129,3.122,3.136,3.116,2027300.0
2016-12-20,3.122,3.108,3.125,3.086,2181082.0
2016-12-21,3.111,3.128,3.138,3.111,3288750.0
2016-12-22,3.127,3.121,3.129,3.109,1293380.0
2016-12-23,3.118,3.105,3.122,3.098,1589925.0
2016-12-26,3.09,3.128,3.131,3.078,3005143.0
2016-12-27,3.127,3.117,3.135,3.115,1829392.0
2016-12-28,3.115,3.104,3.122,3.097,2137651.0
2016-12-29,3.101,3.104,3.115,3.092,2142421.0
2016-12-30,3.103,3.115,3.118,3.102,2386427.0
2017-01-03,3.112,3.138,3.147,3.112,2716432.0
2017-01-04,3.135,3.16,3.16,3.135,2243780.0
2017-01-05,3.157,3.156,3.163,3.15,1653052.0
2017-01-06,3.156,3.147,3.161,3.144,1093260.0
2017-01-09,3.144,3.153,3.159,3.14,1460191.0
2017-01-10,3.148,3.146,3.156,3.142,1182091.0
2017-01-11,3.147,3.134,3.153,3.131,1804038.0
2017-01-12,3.131,3.125,3.142,3.124,1581768.0
2017-01-13,3.124,3.142,3.15,3.122,1652974.0
2017-01-16,3.14,3.176,3.182,3.114,4368298.0
2017-01-17,3.164,3.164,3.172,3.156,1401623.0
2017-01-18,3.163,3.182,3.192,3.163,1859741.0
2017-01-19,3.179,3.17,3.192,3.168,2441889.0
2017-01-20,3.172,3.188,3.193,3.17,1844401.0
2017-01-23,3.189,3.187,3.202,3.181,3139089.0
2017-01-24,3.188,3.194,3.196,3.183,1769305.0
2017-01-25,3.191,3.198,3.201,3.183,1647286.0
2017-01-26,3.202,3.208,3.215,3.2,1961230.0
2017-02-03,3.209,3.18,3.213,3.176,1455852.0
2017-02-06,3.183,3.181,3.191,3.173,1548299.0
2017-02-07,3.181,3.172,3.186,3.167,1408960.0
2017-02-08,3.172,3.187,3.188,3.159,1684464.0
2017-02-09,3.187,3.194,3.207,3.18,2331212.0
2017-02-10,3.196,3.208,3.215,3.195,2733694.0
2017-02-13,3.209,3.222,3.226,3.209,2488312.0
2017-02-14,3.221,3.213,3.224,3.209,1415678.0
2017-02-15,3.213,3.212,3.227,3.211,1377216.0
2017-02-16,3.212,3.215,3.22,3.208,1157874.0
2017-02-17,3.219,3.202,3.232,3.201,1968658.0
2017-02-20,3.204,3.243,3.244,3.204,4045643.0
2017-02-21,3.243,3.24,3.257,3.237,2494719.0
2017-02-22,3.24,3.244,3.246,3.234,2137838.0
2017-02-23,3.243,3.233,3.249,3.225,1483924.0
2017-02-24,3.232,3.231,3.232,3.218,2544948.0
2017-02-27,3.228,3.209,3.23,3.205,1819209.0
2017-02-28,3.208,3.211,3.221,3.204,1632510.0
2017-03-01,3.213,3.211,3.226,3.208,2103578.0
2017-03-02,3.217,3.193,3.224,3.191,1443827.0
2017-03-03,3.189,3.181,3.189,3.176,1382678.0
2017-03-06,3.182,3.188,3.194,3.179,1559258.0
2017-03-07,3.185,3.194,3.194,3.183,1412334.0
2017-03-08,3.193,3.195,3.201,3.188,1131251.0
2017-03-09,3.191,3.181,3.192,3.168,1477523.0
2017-03-10,3.179,3.172,3.182,3.172,950259.0
2017-03-13,3.17,3.195,3.196,3.162,1606165.0
2017-03-14,3.195,3.191,3.198,3.186,778545.0
2017-03-15,3.187,3.194,3.195,3.182,1037653.0
2017-03-16,3.202,3.212,3.22,3.201,1887140.0
2017-03-17,3.214,3.181,3.215,3.175,2173504.0
2017-03-20,3.187,3.186,3.193,3.175,997252.0
2017-03-21,3.186,3.193,3.195,3.183,1873622.0
2017-03-22,3.183,3.173,3.188,3.164,2182631.0
2017-03-23,3.172,3.182,3.193,3.17,1361271.0
2017-03-24,3.185,3.206,3.214,3.179,1946965.0
2017-03-27,3.206,3.201,3.221,3.199,1740014.0
2017-03-28,3.205,3.194,3.208,3.192,1670864.0
2017-03-29,3.196,3.192,3.202,3.186,1392728.0
2017-03-30,3.191,3.181,3.196,3.172,2658567.0
2017-03-31,3.179,3.196,3.199,3.179,1710043.0
2017-04-05,3.208,3.227,3.228,3.205,1852731.0
2017-04-06,3.228,3.23,3.237,3.215,2820088.0
2017-04-07,3.231,3.23,3.237,3.219,1548983.0
2017-04-10,3.23,3.221,3.234,3.221,1296305.0
2017-04-11,3.218,3.222,3.228,3.194,2574388.0
2017-04-12,3.219,3.218,3.227,3.202,1530671.0
2017-04-13,3.213,3.209,3.219,3.207,1756562.0
2017-04-14,3.208,3.189,3.209,3.183,2096911.0
2017-04-17,3.187,3.193,3.196,3.174,2794262.0
2017-04-18,3.189,3.175,3.191,3.173,1423344.0
2017-04-19,3.169,3.156,3.172,3.146,3465282.0
2017-04-20,3.154,3.167,3.169,3.154,1851907.0
2017-04-21,3.168,3.179,3.185,3.166,2031211.0
2017-04-24,3.18,3.173,3.181,3.157,2487214.0
2017-04-25,3.17,3.18,3.182,3.17,1745779.0
2017-04-26,3.18,3.176,3.196,3.176,2282894.0
2017-04-27,3.173,3.182,3.186,3.161,1543849.0
2017-04-28,3.181,3.177,3.182,3.166,1834581.0
2017-05-02,3.175,3.168,3.183,3.168,820257.0
2017-05-03,3.168,3.16,3.175,3.159,1594104.0
2017-05-04,3.159,3.154,3.166,3.147,1792657.0
2017-05-05,3.15,3.146,3.151,3.125,2671015.0
2017-05-08,3.138,3.151,3.154,3.128,3890832.0
2017-05-09,3.144,3.148,3.153,3.142,1456514.0
2017-05-10,3.149,3.155,3.168,3.149,2566048.0
2017-05-11,3.149,3.17,3.174,3.148,2921606.0
2017-05-12,3.167,3.213,3.213,3.167,5479669.0
2017-05-15,3.218,3.218,3.235,3.215,1804525.0
2017-05-16,3.211,3.224,3.224,3.201,1872077.0
2017-05-17,3.219,3.199,3.222,3.198,1570248.0
2017-05-18,3.186,3.189,3.198,3.182,1901212.0
2017-05-19,3.188,3.195,3.198,3.186,1394331.0
2017-05-22,3.196,3.217,3.221,3.194,2710722.0
2017-05-23,3.213,3.252,3.253,3.213,4897236.0
2017-05-24,3.25,3.247,3.256,3.224,2836901.0
2017-05-25,3.241,3.331,3.34,3.24,4586789.0
2017-05-26,3.324,3.327,3.344,3.312,2042687.0
2017-05-31,3.333,3.337,3.367,3.314,2429730.0
2017-06-01,3.334,3.355,3.359,3.317,1880518.0
2017-06-02,3.355,3.331,3.36,3.327,2081019.0
2017-06-05,3.32,3.298,3.33,3.295,2236129.0
2017-06-06,3.295,3.316,3.322,3.295,2596411.0
2017-06-07,3.32,3.343,3.355,3.316,2287067.0
2017-06-08,3.341,3.368,3.374,3.333,2505981.0
2017-06-09,3.367,3.387,3.406,3.367,3358548.0
2017-06-12,3.38,3.383,3.415,3.375,2400504.0
2017-06-13,3.379,3.381,3.383,3.359,2253672.0
2017-06-14,3.379,3.346,3.379,3.342,2865079.0
2017-06-15,3.342,3.325,3.354,3.318,3417638.0
2017-06-16,3.325,3.32,3.34,3.314,2421800.0
2017-06-19,3.321,3.363,3.366,3.321,2588611.0
2017-06-20,3.367,3.347,3.374,3.341,1787608.0
2017-06-21,3.365,3.378,3.379,3.338,3144251.0
2017-06-22,3.372,3.395,3.432,3.359,5262391.0
2017-06-23,3.389,3.418,3.419,3.376,2881168.0
2017-06-26,3.419,3.431,3.45,3.417,3383752.0
2017-06-27,3.426,3.443,3.447,3.415,3131230.0
2017-06-28,3.436,3.424,3.45,3.423,2585744.0
2017-06-29,3.427,3.444,3.445,3.419,1889145.0
2017-06-30,3.428,3.436,3.443,3.423,1796644.0
2017-07-03,3.44,3.418,3.441,3.406,1763846.0
2017-07-04,3.415,3.391,3.421,3.388,2422040.0
2017-07-05,3.389,3.441,3.445,3.388,2455481.0
2017-07-06,3.434,3.446,3.459,3.425,2155174.0
2017-07-07,3.441,3.439,3.449,3.427,2380477.0
2017-07-10,3.437,3.456,3.464,3.431,2457108.0
2017-07-11,3.453,3.49,3.515,3.452,3741320.0
2017-07-12,3.486,3.482,3.528,3.471,3300303.0
2017-07-13,3.486,3.53,3.531,3.482,3178567.0
2017-07-14,3.533,3.562,3.563,3.522,2483724.0
2017-07-17,3.566,3.567,3.61,3.529,7414212.0
2017-07-18,3.557,3.555,3.58,3.527,5012166.0
2017-07-19,3.556,3.606,3.607,3.555,4137178.0
2017-07-20,3.601,3.616,3.617,3.588,4311090.0
2017-07-21,3.604,3.58,3.608,3.575,3724236.0
2017-07-24,3.573,3.604,3.616,3.573,3115064.0
2017-07-25,3.604,3.584,3.616,3.581,3742524.0
2017-07-26,3.582,3.576,3.61,3.556,4600481.0
2017-07-27,3.572,3.576,3.586,3.552,2331159.0
2017-07-28,3.572,3.58,3.587,3.562,1610682.0
2017-07-31,3.578,3.582,3.594,3.569,2307538.0
2017-08-01,3.585,3.632,3.633,3.581,3144038.0
2017-08-02,3.633,3.637,3.653,3.627,3308423.0
2017-08-03,3.632,3.591,3.647,3.591,4339767.0
2017-08-04,3.588,3.569,3.602,3.568,2245588.0
2017-08-07,3.565,3.579,3.591,3.555,1938120.0
2017-08-08,3.579,3.582,3.587,3.563,1451225.0
2017-08-09,3.578,3.561,3.58,3.559,2038579.0
2017-08-10,3.56,3.55,3.582,3.528,3478412.0
2017-08-11,3.531,3.501,3.541,3.497,3271999.0
2017-08-14,3.507,3.527,3.537,3.501,3423437.0
2017-08-15,3.53,3.546,3.566,3.527,3522193.0
2017-08-16,3.54,3.533,3.543,3.522,1779781.0
2017-08-17,3.536,3.547,3.55,3.529,1425335.0
2017-08-18,3.537,3.561,3.568,3.534,2771559.0
2017-08-21,3.563,3.56,3.579,3.552,2303134.0
2017-08-22,3.566,3.591,3.592,3.56,3995656.0
2017-08-23,3.591,3.613,3.629,3.587,3033890.0
2017-08-24,3.614,3.601,3.632,3.592,2450098.0
2017-08-25,3.6,3.671,3.674,3.598,4899013.0
2017-08-28,3.681,3.708,3.743,3.681,5554768.0
2017-08-29,3.705,3.709,3.718,3.695,3519969.0
2017-08-30,3.708,3.691,3.737,3.688,3649440.0
2017-08-31,3.696,3.682,3.707,3.666,5842383.0
2017-09-01,3.681,3.675,3.704,3.665,4044970.0
2017-09-04,3.672,3.679,3.682,3.657,2968715.0
2017-09-05,3.678,3.701,3.714,3.678,3175202.0
2017-09-06,3.692,3.679,3.696,3.671,3091919.0
2017-09-07,3.683,3.655,3.689,3.651,2675442.0
2017-09-08,3.656,3.649,3.666,3.639,1906751.0
2017-09-11,3.656,3.639,3.677,3.634,3864359.0
2017-09-12,3.645,3.658,3.662,3.634,3787961.0
2017-09-13,3.656,3.65,3.658,3.639,3070605.0
2017-09-14,3.651,3.63,3.658,3.621,2794696.0
2017-09-15,3.629,3.63,3.638,3.617,2610550.0
2017-09-18,3.632,3.638,3.659,3.632,3199706.0
2017-09-19,3.64,3.627,3.649,3.616,3095470.0
2017-09-20,3.625,3.624,3.636,3.618,2210194.0
2017-09-21,3.623,3.637,3.655,3.618,2760949.0
2017-09-22,3.631,3.638,3.647,3.62,2745850.0
2017-09-25,3.63,3.638,3.643,3.624,3447473.0
2017-09-26,3.636,3.64,3.645,3.632,2489844.0
2017-09-27,3.639,3.617,3.639,3.616,6482281.0
2017-09-28,3.617,3.621,3.623,3.608,2659988.0
2017-09-29,3.624,3.634,3.645,3.623,4708403.0
2017-10-09,3.708,3.663,3.721,3.655,5753671.0
2017-10-10,3.662,3.658,3.679,3.637,5950614.0
2017-10-11,3.659,3.677,3.684,3.658,3333772.0
2017-10-12,3.675,3.69,3.695,3.668,2035754.0
2017-10-13,3.689,3.688,3.692,3.682,1618771.0
2017-10-16,3.687,3.7,3.714,3.687,3127203.0
2017-10-17,3.698,3.697,3.705,3.689,2424663.0
2017-10-18,3.697,3.724,3.728,3.695,6735698.0
2017-10-19,3.723,3.729,3.73,3.718,3276864.0
2017-10-20,3.722,3.71,3.722,3.708,1827301.0
2017-10-23,3.716,3.711,3.72,3.702,2383304.0
2017-10-24,3.704,3.729,3.737,3.704,5566144.0
2017-10-25,3.728,3.724,3.733,3.72,3599678.0
2017-10-26,3.732,3.754,3.773,3.727,5212543.0
2017-10-27,3.754,3.808,3.81,3.749,3332629.0
2017-10-30,3.806,3.794,3.812,3.763,5200350.0
2017-10-31,3.784,3.782,3.784,3.769,2181659.0
2017-11-01,3.782,3.772,3.805,3.765,3781253.0
2017-11-02,3.767,3.778,3.779,3.754,4102266.0
2017-11-03,3.774,3.782,3.787,3.753,5519149.0
2017-11-06,3.777,3.773,3.779,3.758,2854825.0
2017-11-07,3.773,3.811,3.82,3.773,6218318.0
2017-11-08,3.81,3.81,3.839,3.801,5710532.0
2017-11-09,3.806,3.823,3.824,3.799,4269429.0
2017-11-10,3.82,3.862,3.866,3.817,6372702.0
2017-11-13,3.865,3.874,3.887,3.862,2990331.0
2017-11-14,3.875,3.856,3.882,3.852,4718732.0
2017-11-15,3.848,3.842,3.861,3.836,5185719.0
2017-11-16,3.835,3.878,3.882,3.832,4311724.0
2017-11-17,3.87,3.947,3.951,3.868,9210089.0
2017-11-20,3.932,3.954,3.954,3.903,5980591.0
2017-11-21,3.941,4.013,4.043,3.936,8072463.0
2017-11-22,4.024,4.038,4.07,4.013,6521079.0
2017-11-23,4.032,3.948,4.049,3.921,10107565.0
2017-11-24,3.943,3.947,3.964,3.915,5941973.0
2017-11-27,3.939,3.919,3.946,3.887,6937885.0
2017-11-28,3.915,3.9,3.916,3.876,5085750.0
2017-11-29,3.908,3.893,3.922,3.855,4044882.0
2017-11-30,3.881,3.855,3.902,3.845,6357419.0
2017-12-01,3.857,3.831,3.865,3.824,4639455.0
2017-12-04,3.819,3.855,3.866,3.81,2938001.0
2017-12-05,3.845,3.914,3.928,3.842,8923698.0
2017-12-06,3.903,3.87,3.903,3.837,4660555.0
2017-12-07,3.869,3.838,3.877,3.817,5970121.0
2017-12-08,3.832,3.863,3.874,3.824,4890595.0
2017-12-11,3.863,3.902,3.903,3.852,3870458.0
2017-12-12,3.9,3.84,3.907,3.839,3941618.0
2017-12-13,3.845,3.869,3.878,3.829,5433994.0
2017-12-14,3.869,3.845,3.878,3.836,4566913.0
2017-12-15,3.837,3.805,3.843,3.803,4522940.0
2017-12-18,3.804,3.819,3.837,3.804,4561371.0
2017-12-19,3.82,3.869,3.87,3.819,5188905.0
2017-12-20,3.869,3.876,3.887,3.858,4072171.0
2017-12-21,3.869,3.896,3.914,3.857,5742876.0
2017-12-22,3.889,3.878,3.902,3.874,4101170.0
2017-12-25,3.877,3.876,3.921,3.864,5042697.0
2017-12-26,3.877,3.896,3.901,3.864,4927680.0
2017-12-27,3.89,3.826,3.896,3.818,8582376.0
2017-12-28,3.831,3.851,3.869,3.82,4516756.0
2017-12-29,3.855,3.855,3.874,3.843,2741056.0
2018-01-02,3.862,3.913,3.915,3.859,4776970.0
2018-01-03,3.915,3.919,3.958,3.911,5708742.0
2018-01-04,3.92,3.927,3.942,3.915,3084130.0
2018-01-05,3.929,3.943,3.949,3.923,3220088.0
2018-01-08,3.936,3.956,3.965,3.934,3125530.0
2018-01-09,3.954,3.987,3.987,3.953,3097112.0
2018-01-10,3.984,4.016,4.018,3.975,4779056.0
2018-01-11,4.009,4.012,4.029,3.998,3227392.0
2018-01-12,4.012,4.044,4.046,4.012,3187761.0
2018-01-15,4.048,4.074,4.1,4.044,5852667.0
2018-01-16,4.065,4.099,4.1,4.063,4702502.0
2018-01-17,4.099,4.107,4.173,4.088,8383916.0
2018-01-18,4.129,4.148,4.167,4.12,6123523.0
2018-01-19,4.16,4.157,4.188,4.136,7679212.0
2018-01-22,4.145,4.175,4.187,4.132,6080782.0
2018-01-23,4.185,4.228,4.23,4.185,9355638.0
2018-01-24,4.241,4.226,4.254,4.196,8496426.0
2018-01-25,4.218,4.2,4.225,4.166,6424868.0
2018-01-26,4.194,4.225,4.254,4.19,5974380.0
2018-01-29,4.237,4.158,4.251,4.145,7415258.0
2018-01-30,4.148,4.112,4.17,4.108,4501058.0
2018-01-31,4.099,4.157,4.161,4.096,5737693.0
2018-02-01,4.159,4.181,4.184,4.136,7010665.0
2018-02-02,4.153,4.194,4.198,4.113,7292157.0
2018-02-05,4.148,4.236,4.237,4.14,8264981.0
2018-02-06,4.178,4.153,4.196,4.128,17298860.0
2018-02-07,4.191,4.05,4.215,4.038,13889274.0
2018-02-08,4.023,3.951,4.042,3.913,12060134.0
2018-02-09,3.846,3.79,3.878,3.683,18486013.0
2018-02-12,3.787,3.786,3.812,3.75,7828896.0
2018-02-13,3.82,3.843,3.885,3.819,6035503.0
2018-02-14,3.852,3.864,3.872,3.83,2596548.0
2018-02-22,3.913,3.934,3.951,3.897,3632410.0
2018-02-23,3.945,3.969,3.978,3.933,3510744.0
2018-02-26,3.987,3.981,4.01,3.936,6511913.0
2018-02-27,3.991,3.928,3.994,3.919,6385342.0
2018-02-28,3.902,3.87,3.907,3.855,6043608.0
2018-03-01,3.848,3.885,3.909,3.844,4505127.0
2018-03-02,3.859,3.852,3.885,3.84,3424885.0
2018-03-05,3.855,3.851,3.891,3.83,4844539.0
2018-03-06,3.875,3.89,3.891,3.821,5321614.0
2018-03-07,3.89,3.87,3.924,3.856,6929035.0
2018-03-08,3.872,3.896,3.902,3.857,3382254.0
2018-03-09,3.904,3.908,3.92,3.887,4157863.0
2018-03-12,3.923,3.91,3.932,3.897,5242508.0
2018-03-13,3.911,3.872,3.923,3.868,6110263.0
2018-03-14,3.862,3.861,3.874,3.849,3079108.0
2018-03-15,3.852,3.893,3.894,3.848,3327447.0
2018-03-16,3.894,3.859,3.91,3.858,4296440.0
2018-03-19,3.861,3.895,3.896,3.845,4183281.0
2018-03-20,3.876,3.898,3.906,3.87,3095612.0
2018-03-21,3.928,3.885,3.933,3.87,4386752.0
2018-03-22,3.887,3.853,3.902,3.836,4467999.0
2018-03-23,3.762,3.763,3.779,3.718,6577138.0
2018-03-26,3.743,3.708,3.748,3.67,6158116.0
2018-03-27,3.745,3.714,3.755,3.688,5944176.0
2018-03-28,3.679,3.653,3.715,3.642,6802531.0
2018-03-29,3.658,3.708,3.73,3.61,7055855.0
2018-03-30,3.707,3.683,3.709,3.677,5197398.0
2018-04-02,3.679,3.67,3.728,3.662,5701730.0
2018-04-03,3.646,3.659,3.677,3.639,4126589.0
2018-04-04,3.67,3.66,3.697,3.653,4260190.0
2018-04-09,3.665,3.681,3.687,3.647,4457497.0
2018-04-10,3.683,3.756,3.758,3.674,6981827.0
2018-04-11,3.756,3.756,3.78,3.74,7025353.0
2018-04-12,3.756,3.717,3.76,3.715,4629887.0
2018-04-13,3.733,3.688,3.743,3.684,4384862.0
2018-04-16,3.677,3.614,3.689,3.608,6860905.0
2018-04-17,3.621,3.58,3.642,3.575,7427396.0
2018-04-18,3.618,3.6,3.623,3.571,8331652.0
2018-04-19,3.611,3.639,3.653,3.604,5487971.0
2018-04-20,3.626,3.593,3.636,3.578,7326092.0
2018-04-23,3.579,3.618,3.626,3.579,5832207.0
2018-04-24,3.624,3.689,3.705,3.624,10363734.0
2018-04-25,3.671,3.659,3.682,3.656,5765261.0
2018-04-26,3.672,3.614,3.681,3.601,5129491.0
2018-04-27,3.626,3.599,3.63,3.553,8263366.0
2018-05-02,3.611,3.604,3.623,3.584,5254244.0
2018-05-03,3.595,3.613,3.627,3.569,4991656.0
2018-05-04,3.606,3.589,3.621,3.587,4249559.0
2018-05-07,3.599,3.637,3.643,3.582,5610542.0
2018-05-08,3.638,3.684,3.7,3.636,7808507.0
2018-05-09,3.682,3.681,3.688,3.664,3486344.0
2018-05-10,3.687,3.695,3.708,3.67,5215803.0
2018-05-11,3.702,3.687,3.707,3.683,4103602.0
2018-05-14,3.697,3.721,3.732,3.697,5675991.0
2018-05-15,3.729,3.715,3.732,3.694,3967040.0
2018-05-16,3.705,3.674,3.709,3.67,6786815.0
2018-05-17,3.681,3.655,3.685,3.653,3661169.0
2018-05-18,3.656,3.707,3.708,3.646,6539614.0
2018-05-21,3.728,3.71,3.736,3.701,6719152.0
2018-05-22,3.71,3.688,3.711,3.668,6090915.0
2018-05-23,3.681,3.634,3.681,3.632,7872361.0
2018-05-24,3.636,3.614,3.647,3.613,3345195.0
2018-05-25,3.618,3.613,3.638,3.601,3615520.0
2018-05-28,3.618,3.63,3.644,3.606,5349198.0
2018-05-29,3.627,3.614,3.633,3.591,5280081.0
2018-05-30,3.586,3.55,3.587,3.549,6091947.0
2018-05-31,3.573,3.61,3.617,3.569,5139408.0
2018-06-01,3.601,3.6,3.618,3.587,3435158.0
2018-06-04,3.617,3.651,3.655,3.606,4922161.0
2018-06-05,3.65,3.663,3.671,3.636,3718050.0
2018-06-06,3.658,3.651,3.662,3.646,2749741.0
2018-06-07,3.663,3.66,3.688,3.657,4520974.0
2018-06-08,3.658,3.611,3.658,3.598,4472014.0
2018-06-11,3.604,3.624,3.631,3.594,3768374.0
2018-06-12,3.624,3.653,3.663,3.612,4969068.0
2018-06-13,3.647,3.634,3.652,3.629,3181872.0
2018-06-14,3.621,3.638,3.664,3.621,5035938.0
2018-06-15,3.639,3.642,3.656,3.63,4369380.0
2018-06-19,3.614,3.563,3.623,3.529,8671085.0
2018-06-20,3.552,3.561,3.574,3.53,4734112.0
2018-06-21,3.562,3.54,3.598,3.539,6144921.0
2018-06-22,3.531,3.547,3.555,3.515,5145070.0
2018-06-25,3.557,3.488,3.566,3.485,5451130.0
2018-06-26,3.473,3.454,3.473,3.411,6896945.0
2018-06-27,3.449,3.389,3.466,3.373,7526618.0
2018-06-28,3.373,3.361,3.407,3.352,4680164.0
2018-06-29,3.373,3.425,3.431,3.369,5735634.0
2018-07-02,3.419,3.315,3.419,3.297,7882834.0
2018-07-03,3.327,3.324,3.333,3.254,7498297.0
2018-07-04,3.317,3.301,3.34,3.293,4279748.0
2018-07-05,3.301,3.302,3.335,3.278,4806742.0
2018-07-06,3.311,3.342,3.366,3.277,7491591.0
2018-07-09,3.355,3.426,3.427,3.354,6107861.0
2018-07-10,3.425,3.423,3.432,3.398,4163678.0
2018-07-11,3.366,3.376,3.389,3.347,5042944.0
2018-07-12,3.374,3.437,3.458,3.374,5398262.0
2018-07-13,3.446,3.441,3.451,3.428,3347763.0
2018-07-16,3.44,3.419,3.459,3.405,3981412.0
2018-07-17,3.418,3.401,3.421,3.382,4208749.0
2018-07-18,3.408,3.387,3.437,3.385,5627098.0
2018-07-19,3.4,3.4,3.431,3.387,3966762.0
2018-07-20,3.4,3.478,3.494,3.374,9077772.0
2018-07-23,3.463,3.513,3.524,3.46,7761373.0
2018-07-24,3.521,3.561,3.58,3.521,6654713.0
2018-07-25,3.572,3.56,3.574,3.547,3908850.0
2018-07-26,3.566,3.52,3.579,3.517,3793583.0
2018-07-27,3.52,3.52,3.539,3.505,4064616.0
2018-07-30,3.511,3.534,3.561,3.508,5541798.0
2018-07-31,3.53,3.543,3.556,3.517,4770616.0
2018-08-01,3.557,3.475,3.574,3.47,6281027.0
2018-08-02,3.464,3.412,3.472,3.383,7211972.0
2018-08-03,3.412,3.38,3.43,3.379,4492235.0
2018-08-06,3.381,3.378,3.424,3.357,6107523.0
2018-08-07,3.386,3.466,3.468,3.378,6747789.0
2018-08-08,3.46,3.424,3.466,3.417,5046803.0
2018-08-09,3.414,3.491,3.501,3.411,5629503.0
2018-08-10,3.491,3.491,3.51,3.47,5303562.0
2018-08-13,3.465,3.462,3.476,3.419,5088586.0
2018-08-14,3.458,3.452,3.469,3.433,4013338.0
2018-08-15,3.45,3.376,3.45,3.37,5204053.0
2018-08-16,3.349,3.375,3.408,3.323,7376080.0
2018-08-17,3.401,3.336,3.405,3.329,6223785.0
2018-08-20,3.344,3.381,3.383,3.334,5971887.0
2018-08-21,3.383,3.426,3.443,3.379,7343200.0
2018-08-22,3.441,3.43,3.441,3.411,5712116.0
2018-08-23,3.431,3.441,3.458,3.41,4828294.0
2018-08-24,3.431,3.458,3.485,3.413,4602932.0
2018-08-27,3.471,3.515,3.516,3.466,4604967.0
2018-08-28,3.52,3.502,3.529,3.494,2902311.0
2018-08-29,3.498,3.494,3.507,3.489,2354116.0
2018-08-30,3.497,3.47,3.514,3.464,3425790.0
2018-08-31,3.443,3.456,3.478,3.434,5658302.0
2018-09-03,3.44,3.445,3.454,3.421,3499668.0
2018-09-04,3.447,3.49,3.499,3.43,5871698.0
2018-09-05,3.475,3.415,3.482,3.413,6162962.0
2018-09-06,3.412,3.391,3.433,3.381,4450224.0
2018-09-07,3.4,3.42,3.443,3.391,4721382.0
2018-09-10,3.413,3.391,3.425,3.388,5473959.0
2018-09-11,3.388,3.37,3.402,3.36,7483562.0
2018-09-12,3.365,3.35,3.373,3.343,5386638.0
2018-09-13,3.386,3.391,3.396,3.353,7191134.0
2018-09-14,3.394,3.401,3.414,3.383,4774951.0
2018-09-17,3.383,3.374,3.394,3.37,3587507.0
2018-09-18,3.365,3.446,3.449,3.361,6257165.0
2018-09-19,3.439,3.476,3.498,3.433,11346627.0
2018-09-20,3.479,3.479,3.496,3.472,5630914.0
2018-09-21,3.485,3.587,3.593,3.478,12526019.0
2018-09-25,3.55,3.549,3.563,3.537,8793921.0
2018-09-26,3.559,3.594,3.626,3.557,12509340.0
2018-09-27,3.585,3.582,3.595,3.568,7091972.0
2018-09-28,3.589,3.619,3.637,3.589,9357883.0
2018-10-08,3.549,3.47,3.561,3.466,13812960.0
2018-10-09,3.473,3.484,3.501,3.463,6857269.0
2018-10-10,3.488,3.484,3.513,3.457,9237275.0
2018-10-11,3.389,3.359,3.427,3.33,17201447.0
2018-10-12,3.367,3.424,3.437,3.362,11914450.0
2018-10-15,3.428,3.387,3.43,3.382,7111627.0
2018-10-16,3.391,3.392,3.443,3.375,10289539.0
2018-10-17,3.43,3.404,3.438,3.349,15095397.0
2018-10-18,3.383,3.335,3.388,3.333,8560992.0
2018-10-19,3.31,3.42,3.431,3.305,14075977.0
2018-10-22,3.466,3.548,3.574,3.444,21739074.0
2018-10-23,3.54,3.444,3.548,3.428,17429975.0
2018-10-24,3.438,3.46,3.524,3.438,17119307.0
2018-10-25,3.395,3.468,3.475,3.385,10730785.0
2018-10-26,3.475,3.45,3.49,3.421,9156340.0
2018-10-29,3.443,3.349,3.46,3.337,13053057.0
2018-10-30,3.341,3.387,3.426,3.338,13959948.0
2018-10-31,3.398,3.426,3.44,3.381,11289132.0
2018-11-01,3.454,3.439,3.488,3.433,10972874.0
2018-11-02,3.514,3.542,3.544,3.473,17200345.0
2018-11-05,3.517,3.499,3.517,3.477,7506374.0
2018-11-06,3.494,3.485,3.499,3.463,7271512.0
2018-11-07,3.49,3.464,3.515,3.459,7524801.0
2018-11-08,3.491,3.475,3.503,3.466,6577376.0
2018-11-09,3.454,3.407,3.454,3.407,12441089.0
2018-11-12,3.404,3.419,3.425,3.392,7608103.0
2018-11-13,3.385,3.441,3.459,3.381,9301776.0
2018-11-14,3.439,3.401,3.44,3.396,6731566.0
2018-11-15,3.401,3.437,3.438,3.4,6636932.0
2018-11-16,3.438,3.439,3.466,3.418,8651753.0
2018-11-19,3.444,3.478,3.478,3.444,8821221.0
2018-11-20,3.458,3.428,3.469,3.42,7450939.0
2018-11-21,3.407,3.427,3.434,3.402,6759450.0
2018-11-22,3.432,3.411,3.436,3.395,6037057.0
2018-11-23,3.41,3.362,3.418,3.357,7557891.0
2018-11-26,3.375,3.372,3.395,3.356,9171852.0
2018-11-27,3.375,3.359,3.386,3.35,7923000.0
2018-11-28,3.36,3.391,3.398,3.359,9237852.0
2018-11-29,3.406,3.375,3.414,3.373,5094377.0
2018-11-30,3.372,3.4,3.406,3.369,6303394.0
2018-12-03,3.477,3.468,3.482,3.445,7429891.0
2018-12-04,3.468,3.477,3.484,3.459,5166924.0
2018-12-05,3.449,3.464,3.476,3.446,6437242.0
2018-12-06,3.436,3.41,3.441,3.407,10326016.0
2018-12-07,3.418,3.4,3.421,3.4,7015264.0
2018-12-10,3.385,3.38,3.399,3.368,8166439.0
2018-12-11,3.38,3.386,3.391,3.375,7180797.0
2018-12-12,3.404,3.393,3.407,3.385,6210199.0
2018-12-13,3.395,3.433,3.446,3.395,8958024.0
2018-12-14,3.424,3.398,3.424,3.396,6044367.0
2018-12-17,3.392,3.394,3.404,3.379,9597185.0
2018-12-18,3.38,3.36,3.398,3.354,8157812.0
2018-12-19,3.363,3.329,3.368,3.322,6794289.0
2018-12-20,3.323,3.289,3.334,3.266,8889662.0
2018-12-21,3.278,3.254,3.282,3.232,7960322.0
2018-12-24,3.239,3.257,3.264,3.23,8199044.0
2018-12-25,3.232,3.243,3.259,3.194,16703674.0
2018-12-26,3.239,3.222,3.249,3.218,11515722.0
2018-12-27,3.257,3.222,3.263,3.214,6936089.0
2018-12-28,3.225,3.235,3.256,3.221,9505151.0
2019-01-02,3.241,3.199,3.245,3.188,7570764.0
2019-01-03,3.199,3.206,3.233,3.193,6237331.0
2019-01-04,3.191,3.264,3.266,3.188,10940849.0
2019-01-07,3.276,3.26,3.282,3.251,5897834.0
2019-01-08,3.26,3.252,3.26,3.245,3908305.0
2019-01-09,3.267,3.282,3.315,3.265,10274108.0
2019-01-10,3.282,3.285,3.299,3.269,5419559.0
2019-01-11,3.289,3.308,3.317,3.285,6140104.0
2019-01-14,3.302,3.282,3.307,3.28,4351588.0
2019-01-15,3.288,3.335,3.337,3.285,11551682.0
2019-01-16,3.333,3.34,3.343,3.32,4770962.0
2019-01-17,3.344,3.329,3.36,3.325,3965942.0
2019-01-18,3.341,3.381,3.387,3.338,6251104.0
2019-01-21,3.379,3.399,3.414,3.378,5361803.0
2019-01-22,3.398,3.366,3.398,3.359,6184660.0
2019-01-23,3.357,3.361,3.38,3.352,5503876.0
2019-01-24,3.365,3.374,3.379,3.343,5484315.0
2019-01-25,3.385,3.41,3.424,3.379,8426651.0
2019-01-28,3.426,3.406,3.447,3.395,4639326.0
2019-01-29,3.401,3.427,3.434,3.391,5789639.0
2019-01-30,3.412,3.414,3.436,3.407,4510495.0
2019-01-31,3.426,3.458,3.463,3.421,7068258.0
2019-02-01,3.477,3.479,3.482,3.452,5071088.0
2019-02-11,3.468,3.508,3.51,3.459,6242696.0
2019-02-12,3.509,3.517,3.523,3.496,4140549.0
2019-02-13,3.518,3.573,3.585,3.511,7008007.0
2019-02-14,3.566,3.568,3.581,3.556,7113019.0
2019-02-15,3.56,3.502,3.562,3.495,8525067.0
2019-02-18,3.523,3.573,3.575,3.523,11739115.0
2019-02-19,3.578,3.568,3.612,3.556,10788713.0
2019-02-20,3.585,3.58,3.593,3.56,4916327.0
2019-02-21,3.578,3.567,3.612,3.557,10241011.0
2019-02-22,3.562,3.629,3.631,3.543,8409185.0
2019-02-25,3.66,3.863,3.878,3.655,18873596.0
2019-02-26,3.844,3.759,3.844,3.746,17951760.0
2019-02-27,3.76,3.768,3.823,3.734,13528106.0
2019-02-28,3.768,3.768,3.794,3.754,7281764.0
2019-03-01,3.785,3.846,3.851,3.765,10116501.0
2019-03-04,3.869,3.862,3.959,3.842,15570769.0
2019-03-05,3.858,3.859,3.87,3.833,8937557.0
2019-03-06,3.858,3.868,3.882,3.817,12809075.0
2019-03-07,3.857,3.812,3.859,3.792,10880304.0
2019-03-08,3.756,3.696,3.773,3.691,11442307.0
2019-03-11,3.694,3.714,3.727,3.672,10446343.0
2019-03-12,3.743,3.727,3.778,3.71,13231733.0
2019-03-13,3.741,3.733,3.765,3.704,13146828.0
2019-03-14,3.727,3.737,3.768,3.724,10705055.0
2019-03-15,3.746,3.773,3.805,3.746,12821664.0
2019-03-18,3.777,3.858,3.861,3.766,13311526.0
2019-03-19,3.862,3.832,3.877,3.824,8228645.0
2019-03-20,3.825,3.837,3.864,3.808,10519820.0
2019-03-21,3.843,3.825,3.852,3.821,8080939.0
2019-03-22,3.825,3.817,3.842,3.788,7409310.0
2019-03-25,3.771,3.728,3.785,3.723,13741667.0
2019-03-26,3.749,3.716,3.754,3.702,8927310.0
2019-03-27,3.728,3.753,3.765,3.726,10458999.0
2019-03-28,3.741,3.747,3.756,3.715,5925132.0
2019-03-29,3.758,3.866,3.881,3.758,13937175.0
2019-04-01,3.891,3.932,3.956,3.891,12038079.0
2019-04-02,3.939,3.929,3.949,3.916,9152982.0
2019-04-03,3.911,3.964,3.975,3.903,8106146.0
2019-04-04,3.977,4.009,4.016,3.962,7566706.0
2019-04-08,4.033,4.013,4.074,3.985,9342055.0
2019-04-09,4.018,4.02,4.04,3.997,9051297.0
2019-04-10,4.01,4.038,4.059,3.987,11926745.0
2019-04-11,4.036,3.977,4.064,3.964,7894175.0
2019-04-12,3.965,3.969,3.985,3.951,7515562.0
2019-04-15,4.027,3.969,4.059,3.967,13319602.0
2019-04-16,3.96,4.09,4.091,3.953,13926162.0
2019-04-17,4.088,4.077,4.107,4.054,10581546.0
2019-04-18,4.075,4.065,4.083,4.054,6078747.0
2019-04-19,4.077,4.109,4.117,4.045,15202930.0
2019-04-22,4.114,4.031,4.121,4.012,14598093.0
2019-04-23,4.022,4.037,4.07,4.022,9439500.0
2019-04-24,4.046,4.031,4.059,3.979,10072455.0
2019-04-25,4.016,3.978,4.031,3.975,12397526.0
2019-04-26,3.962,3.939,3.984,3.934,11620134.0
2019-04-29,3.948,3.987,4.024,3.947,10222883.0
2019-04-30,3.986,3.996,4.007,3.966,6827256.0
2019-05-06,3.891,3.829,3.911,3.787,19548520.0
2019-05-07,3.844,3.832,3.864,3.799,12061676.0
2019-05-08,3.779,3.779,3.823,3.768,9503394.0
2019-05-09,3.765,3.709,3.769,3.689,12329123.0
2019-05-10,3.747,3.817,3.824,3.701,25998999.0
2019-05-13,3.779,3.755,3.785,3.748,7508046.0
2019-05-14,3.73,3.735,3.78,3.726,11686212.0
2019-05-15,3.759,3.803,3.82,3.756,10954325.0
2019-05-16,3.795,3.813,3.817,3.786,6532119.0
2019-05-17,3.812,3.753,3.818,3.743,13740253.0
2019-05-20,3.743,3.724,3.767,3.704,13070781.0
2019-05-21,3.727,3.752,3.784,3.724,14452587.0
2019-05-22,3.753,3.736,3.759,3.722,9612715.0
2019-05-23,3.724,3.698,3.733,3.688,8240925.0
2019-05-24,3.709,3.715,3.743,3.703,6255478.0
2019-05-27,3.71,3.742,3.755,3.677,7983517.0
2019-05-28,3.74,3.765,3.786,3.735,11145186.0
2019-05-29,3.75,3.782,3.814,3.745,7000035.0
2019-05-30,3.775,3.769,3.78,3.746,4434905.0
2019-05-31,3.763,3.759,3.797,3.754,4533678.0
2019-06-03,3.769,3.773,3.799,3.752,6299664.0
2019-06-04,3.772,3.752,3.781,3.741,5823471.0
2019-06-05,3.773,3.747,3.781,3.742,5269694.0
2019-06-06,3.749,3.73,3.759,3.728,4593769.0
2019-06-10,3.747,3.772,3.782,3.737,9330960.0
2019-06-11,3.785,3.861,3.864,3.782,11738006.0
2019-06-12,3.852,3.846,3.855,3.838,5692177.0
2019-06-13,3.843,3.839,3.856,3.817,6094716.0
2019-06-14,3.844,3.832,3.866,3.826,4515758.0
2019-06-17,3.83,3.843,3.862,3.83,3913233.0
2019-06-18,3.845,3.856,3.858,3.831,4759329.0
2019-06-19,3.938,3.91,3.954,3.907,8213251.0
2019-06-20,3.908,4.026,4.048,3.908,17341152.0
2019-06-21,4.026,4.025,4.045,4.013,11402715.0
2019-06-24,4.025,4.032,4.045,4.014,5417402.0
2019-06-25,4.031,3.985,4.032,3.948,15273855.0
2019-06-26,3.972,3.981,3.994,3.964,5756242.0
2019-06-27,3.992,4.027,4.039,3.992,6098190.0
2019-06-28,4.024,4.024,4.025,3.999,7428596.0
2019-07-01,4.081,4.104,4.116,4.075,13218484.0
2019-07-02,4.099,4.1,4.106,4.087,4508130.0
2019-07-03,4.089,4.065,4.093,4.054,8101843.0
2019-07-04,4.063,4.052,4.078,4.035,7114962.0
2019-07-05,4.049,4.065,4.072,4.039,6411849.0
2019-07-08,4.05,3.991,4.05,3.966,7758014.0
2019-07-09,3.987,3.979,4.003,3.967,5660119.0
2019-07-10,3.993,3.977,3.998,3.964,4265334.0
2019-07-11,3.993,3.988,4.025,3.975,5123220.0
2019-07-12,3.985,4.013,4.026,3.982,7320785.0
2019-07-15,3.998,4.012,4.039,3.948,9622977.0
2019-07-16,4.009,3.992,4.02,3.99,5231551.0
2019-07-17,3.979,3.981,4.001,3.968,3804581.0
2019-07-18,3.972,3.968,3.98,3.96,4467545.0
2019-07-19,3.981,4.01,4.019,3.981,6509143.0
2019-07-22,4.005,3.988,4.02,3.975,6672655.0
2019-07-23,3.991,3.99,4.0,3.98,8425271.0
2019-07-24,4.006,4.024,4.043,4.006,10018078.0
2019-07-25,4.024,4.054,4.055,4.019,5528144.0
2019-07-26,4.038,4.059,4.068,4.036,4163229.0
2019-07-29,4.056,4.055,4.061,4.042,3145172.0
2019-07-30,4.057,4.067,4.083,4.057,3979921.0
2019-07-31,4.055,4.033,4.056,4.026,6560646.0
2019-08-01,4.016,4.004,4.029,3.991,5023138.0
2019-08-02,3.935,3.951,3.959,3.932,7014542.0
2019-08-05,3.93,3.885,3.934,3.881,7522352.0
2019-08-06,3.829,3.85,3.861,3.804,11694177.0
2019-08-07,3.858,3.833,3.863,3.832,7350606.0
2019-08-08,3.859,3.881,3.885,3.857,5916576.0
2019-08-09,3.897,3.868,3.901,3.861,3138770.0
2019-08-12,3.878,3.926,3.928,3.877,3958124.0
2019-08-13,3.903,3.891,3.913,3.884,3207579.0
2019-08-14,3.933,3.902,3.938,3.901,3482212.0
2019-08-15,3.85,3.913,3.92,3.845,5062099.0
2019-08-16,3.92,3.927,3.953,3.904,4357908.0
2019-08-19,3.949,3.994,3.996,3.93,5579018.0
2019-08-20,3.986,3.987,3.998,3.979,4436124.0
2019-08-21,3.985,3.985,3.991,3.978,2688651.0
2019-08-22,3.99,3.99,3.996,3.971,2809424.0
2019-08-23,3.99,4.037,4.045,3.986,7074216.0
2019-08-26,3.996,3.979,4.001,3.968,7964338.0
2019-08-27,3.997,4.003,4.036,3.993,7415284.0
2019-08-28,3.991,3.977,4.005,3.972,8625730.0
2019-08-29,3.977,3.964,3.981,3.946,4889349.0
2019-08-30,3.99,3.981,4.001,3.962,5494816.0
2019-09-02,3.979,4.01,4.02,3.973,4084594.0
2019-09-03,4.01,4.009,4.016,3.993,2824525.0
2019-09-04,4.007,4.049,4.052,4.006,4794114.0
2019-09-05,4.065,4.085,4.133,4.065,6385133.0
2019-09-06,4.108,4.125,4.127,4.091,4527298.0
2019-09-09,4.152,4.119,4.158,4.113,4750557.0
2019-09-10,4.119,4.106,4.13,4.094,6416862.0
2019-09-11,4.117,4.089,4.12,4.078,8706491.0
2019-09-12,4.097,4.136,4.143,4.097,4951925.0
2019-09-16,4.14,4.121,4.145,4.103,4111851.0
2019-09-17,4.112,4.065,4.114,4.052,7859068.0
2019-09-18,4.074,4.084,4.1,4.072,7980787.0
2019-09-19,4.094,4.089,4.099,4.068,3941838.0
2019-09-20,4.1,4.096,4.104,4.089,3830080.0
2019-09-23,4.082,4.058,4.084,4.044,5560055.0
2019-09-24,4.061,4.065,4.084,4.056,5994304.0
2019-09-25,4.056,4.054,4.07,4.045,6326637.0
2019-09-26,4.065,4.055,4.081,4.05,4586257.0
2019-09-27,4.054,4.055,4.061,4.04,3387130.0
2019-09-30,4.051,4.016,4.059,4.014,4467307.0
2019-10-08,4.016,4.043,4.064,4.014,6003259.0
2019-10-09,4.031,4.046,4.056,4.013,4298707.0
2019-10-10,4.046,4.065,4.071,4.032,2951435.0
2019-10-11,4.08,4.119,4.128,4.072,5686825.0
2019-10-14,4.142,4.153,4.186,4.134,4739749.0
2019-10-15,4.149,4.154,4.161,4.146,2656609.0
2019-10-16,4.157,4.141,4.192,4.134,4102418.0
2019-10-17,4.145,4.151,4.162,4.138,3398641.0
2019-10-18,4.158,4.097,4.171,4.091,5141967.0
2019-10-21,4.091,4.1,4.107,4.081,3413732.0
2019-10-22,4.109,4.103,4.115,4.088,3486246.0
2019-10-23,4.101,4.081,4.112,4.07,4353895.0
2019-10-24,4.085,4.09,4.108,4.072,3803104.0
2019-10-25,4.085,4.097,4.104,4.059,5081514.0
2019-10-28,4.102,4.114,4.123,4.093,3674721.0
2019-10-29,4.116,4.1,4.116,4.099,2263788.0
2019-10-30,4.095,4.08,4.107,4.074,2951602.0
2019-10-31,4.089,4.084,4.095,4.076,2619587.0
2019-11-01,4.081,4.142,4.143,4.074,5038628.0
2019-11-04,4.148,4.162,4.166,4.147,4387744.0
2019-11-05,4.162,4.183,4.219,4.153,6570568.0
2019-11-06,4.175,4.174,4.19,4.165,3540065.0
2019-11-07,4.17,4.174,4.194,4.162,3692108.0
2019-11-08,4.198,4.152,4.2,4.151,3540707.0
2019-11-11,4.135,4.096,4.135,4.091,7559566.0
2019-11-12,4.104,4.101,4.11,4.082,3935588.0
2019-11-13,4.093,4.099,4.106,4.082,3217677.0
2019-11-14,4.102,4.096,4.112,4.094,3014513.0
2019-11-15,4.104,4.084,4.11,4.082,3839506.0
2019-11-18,4.084,4.113,4.122,4.078,3569864.0
2019-11-19,4.109,4.135,4.136,4.103,4246236.0
2019-11-20,4.133,4.096,4.133,4.088,3575295.0
2019-11-21,4.084,4.075,4.088,4.067,5816018.0
2019-11-22,4.08,4.042,4.099,4.03,7535545.0
2019-11-25,4.045,4.074,4.077,4.045,4084737.0
2019-11-26,4.083,4.072,4.093,4.067,5726171.0
2019-11-27,4.07,4.067,4.078,4.054,4464692.0
2019-11-28,4.068,4.055,4.077,4.046,3420941.0
2019-11-29,4.045,4.007,4.051,3.994,7572518.0
2019-12-02,4.012,4.014,4.029,4.01,2864324.0
2019-12-03,4.007,4.026,4.027,3.988,2723413.0
2019-12-04,4.014,4.019,4.022,4.0,2502162.0
2019-12-05,4.027,4.04,4.049,4.027,4077374.0
2019-12-06,4.049,4.061,4.062,4.042,2904019.0
2019-12-09,4.065,4.055,4.068,4.045,3558123.0
2019-12-10,4.046,4.057,4.059,4.043,2334625.0
2019-12-11,4.069,4.074,4.077,4.052,4215219.0
2019-12-12,4.074,4.062,4.08,4.058,3473981.0
2019-12-13,4.093,4.136,4.142,4.093,6262289.0
2019-12-16,4.135,4.128,4.136,4.113,7394984.0
2019-12-17,4.129,4.166,4.196,4.122,6935913.0
2019-12-18,4.161,4.157,4.181,4.155,4853617.0
2019-12-19,4.161,4.148,4.164,4.143,3793251.0
2019-12-20,4.151,4.142,4.167,4.139,4723815.0
2019-12-23,4.14,4.112,4.159,4.107,5536351.0
2019-12-24,4.113,4.122,4.127,4.107,3596866.0
2019-12-25,4.117,4.113,4.119,4.097,4978454.0
2019-12-26,4.113,4.139,4.142,4.112,5075314.0
2019-12-27,4.142,4.147,4.184,4.139,6153843.0
2019-12-30,4.142,4.197,4.205,4.135,5714000.0
2019-12-31,4.191,4.205,4.207,4.181,4343767.0
2020-01-02,4.22,4.232,4.255,4.219,5154329.0
2020-01-03,4.241,4.217,4.243,4.212,3359493.0
2020-01-06,4.199,4.196,4.233,4.171,5843985.0
2020-01-07,4.203,4.21,4.224,4.197,3964978.0
2020-01-08,4.196,4.175,4.199,4.165,4421800.0
2020-01-09,4.197,4.204,4.211,4.191,3100534.0
2020-01-10,4.216,4.209,4.22,4.198,2455257.0
2020-01-13,4.211,4.231,4.232,4.19,3616240.0
2020-01-14,4.237,4.226,4.255,4.218,3768132.0
2020-01-15,4.223,4.191,4.23,4.19,4097596.0
2020-01-16,4.202,4.179,4.205,4.168,3868719.0
2020-01-17,4.185,4.186,4.211,4.175,5698299.0
2020-01-20,4.203,4.205,4.207,4.19,4597681.0
2020-01-21,4.184,4.145,4.187,4.141,5742114.0
2020-01-22,4.136,4.143,4.152,4.084,7377273.0
2020-01-23,4.115,4.048,4.122,4.023,7676312.0
2020-02-03,3.775,3.79,3.845,3.742,15627325.0
2020-02-04,3.799,3.882,3.884,3.793,8178730.0
2020-02-05,3.888,3.901,3.927,3.864,6744510.0
2020-02-06,3.915,3.949,3.971,3.9,4796258.0
2020-02-07,3.93,3.948,3.949,3.913,3829747.0
2020-02-10,3.92,3.946,3.952,3.911,4670017.0
2020-02-11,3.956,3.982,3.998,3.951,3629418.0
2020-02-12,3.979,3.998,4.003,3.961,2661449.0
2020-02-13,3.998,3.981,4.016,3.973,2443407.0
2020-02-14,3.972,4.0,4.006,3.972,3298031.0
2020-02-17,4.004,4.064,4.067,4.001,4378669.0
2020-02-18,4.055,4.033,4.057,4.022,3601766.0
2020-02-19,4.029,4.033,4.055,4.024,3565495.0
2020-02-20,4.039,4.097,4.101,4.025,6843243.0
2020-02-21,4.083,4.087,4.116,4.076,3668062.0
2020-02-24,4.067,4.046,4.072,4.029,4382139.0
2020-02-25,4.012,4.017,4.024,3.973,6583575.0
2020-02-26,3.98,4.011,4.04,3.972,7132264.0
2020-02-27,4.011,4.016,4.035,4.009,3810776.0
2020-02-28,3.959,3.916,3.99,3.907,6958786.0
2020-03-02,3.934,4.017,4.036,3.934,5700194.0
2020-03-03,4.054,4.026,4.067,4.018,5648109.0
2020-03-04,4.024,4.064,4.065,4.022,3945323.0
2020-03-05,4.083,4.141,4.153,4.072,7928070.0
2020-03-06,4.11,4.078,4.123,4.077,4933352.0
2020-03-09,4.023,3.972,4.026,3.966,7865402.0
2020-03-10,3.971,4.031,4.049,3.948,9551269.0
2020-03-11,4.031,3.987,4.037,3.986,5469558.0
2020-03-12,3.953,3.942,3.966,3.919,6014655.0
2020-03-13,3.81,3.895,3.921,3.782,8597762.0
2020-03-16,3.882,3.766,3.882,3.759,7285986.0
2020-03-17,3.781,3.752,3.816,3.69,8883950.0
2020-03-18,3.766,3.684,3.797,3.681,7663966.0
2020-03-19,3.674,3.62,3.708,3.55,11665556.0
2020-03-20,3.644,3.691,3.697,3.63,10753990.0
2020-03-23,3.593,3.607,3.639,3.587,7636468.0
2020-03-24,3.663,3.695,3.7,3.642,10163562.0
2020-03-25,3.766,3.766,3.779,3.743,11965469.0
2020-03-26,3.742,3.754,3.788,3.736,4460332.0
2020-03-27,3.792,3.772,3.811,3.769,5194138.0
2020-03-30,3.733,3.758,3.763,3.724,4587443.0
2020-03-31,3.781,3.752,3.79,3.746,4571934.0
2020-04-01,3.747,3.747,3.793,3.741,4784450.0
2020-04-02,3.729,3.788,3.791,3.724,3645416.0
2020-04-03,3.779,3.774,3.791,3.763,3308723.0
2020-04-07,3.829,3.832,3.84,3.818,4249028.0
2020-04-08,3.817,3.817,3.83,3.808,2619263.0
2020-04-09,3.829,3.827,3.836,3.823,2510024.0
2020-04-10,3.827,3.826,3.868,3.818,4257052.0
2020-04-13,3.818,3.812,3.823,3.804,2683957.0
2020-04-14,3.832,3.865,3.865,3.821,3425699.0
2020-04-15,3.859,3.842,3.87,3.84,3031442.0
2020-04-16,3.831,3.844,3.849,3.829,2345026.0
2020-04-17,3.87,3.891,3.913,3.861,5300096.0
2020-04-20,3.896,3.903,3.908,3.881,2891719.0
2020-04-21,3.896,3.865,3.897,3.848,2966626.0
2020-04-22,3.856,3.888,3.889,3.846,3434283.0
2020-04-23,3.894,3.884,3.908,3.878,2661707.0
2020-04-24,3.87,3.858,3.871,3.851,2567856.0
2020-04-27,3.862,3.888,3.904,3.862,4702763.0
2020-04-28,3.896,3.911,3.92,3.862,3156900.0
2020-04-29,3.904,3.934,3.943,3.901,3204384.0
2020-04-30,3.945,3.961,3.982,3.939,2623122.0
2020-05-06,3.923,3.956,3.962,3.913,3094268.0
2020-05-07,3.953,3.951,3.959,3.939,2174516.0
2020-05-08,3.968,3.974,3.99,3.96,2590227.0
2020-05-11,3.977,3.974,4.006,3.966,3178491.0
2020-05-12,3.971,3.971,3.985,3.959,2760440.0
2020-05-13,3.961,3.971,3.974,3.946,1293508.0
2020-05-14,3.959,3.936,3.959,3.933,2381014.0
2020-05-15,3.941,3.914,3.952,3.911,3609347.0
2020-05-18,3.911,3.939,3.949,3.911,3245524.0
2020-05-19,3.965,3.961,3.977,3.955,2615125.0
2020-05-20,3.961,3.958,3.969,3.951,2649678.0
2020-05-21,3.964,3.945,3.971,3.942,2664747.0
2020-05-22,3.935,3.862,3.938,3.859,5263931.0
2020-05-25,3.864,3.876,3.878,3.848,2751893.0
2020-05-26,3.891,3.902,3.903,3.884,4514929.0
2020-05-27,3.903,3.89,3.909,3.881,2447970.0
2020-05-28,3.888,3.901,3.93,3.872,3448193.0
2020-05-29,3.876,3.902,3.91,3.876,2499406.0
2020-06-01,3.935,3.975,3.981,3.933,3600437.0
2020-06-02,3.969,3.993,4.004,3.967,2591344.0
2020-06-03,4.012,3.999,4.04,3.998,3965363.0
2020-06-04,4.014,3.992,4.016,3.986,1903741.0
2020-06-05,3.994,4.009,4.012,3.979,1625445.0
2020-06-08,4.014,4.024,4.042,4.014,2661521.0
2020-06-09,4.027,4.045,4.049,4.02,2348825.0
2020-06-10,4.045,4.027,4.045,4.023,1458401.0
2020-06-11,4.018,3.992,4.03,3.982,2271380.0
2020-06-12,3.955,4.007,4.01,3.948,2073558.0
2020-06-15,3.98,3.955,3.99,3.948,2175223.0
2020-06-16,3.979,3.991,3.993,3.973,2322299.0
2020-06-17,3.99,3.996,3.997,3.974,2193334.0
2020-06-18,3.985,4.012,4.013,3.971,3308401.0
2020-06-19,4.009,4.05,4.063,4.006,3432001.0
2020-06-22,4.05,4.046,4.077,4.035,2950887.0
2020-06-23,4.037,4.054,4.056,4.022,2152153.0
2020-06-24,4.063,4.087,4.091,4.055,3295400.0
2020-06-29,4.076,4.062,4.084,4.042,3767727.0
2020-06-30,4.071,4.084,4.099,4.07,4288447.0
2020-07-01,4.093,4.168,4.17,4.084,4644233.0
2020-07-02,4.159,4.258,4.271,4.159,6876463.0
2020-07-03,4.274,4.358,4.361,4.274,7871747.0
2020-07-06,4.409,4.692,4.706,4.409,23390531.0
2020-07-07,4.759,4.612,4.774,4.61,18197282.0
2020-07-08,4.606,4.666,4.715,4.599,9885358.0
2020-07-09,4.664,4.68,4.695,4.634,7593484.0
2020-07-10,4.64,4.578,4.657,4.563,7842484.0
2020-07-13,4.568,4.629,4.679,4.555,8411746.0
2020-07-14,4.619,4.586,4.644,4.54,7472006.0
2020-07-15,4.613,4.551,4.63,4.541,6739059.0
2020-07-16,4.558,4.38,4.574,4.373,12694687.0
2020-07-17,4.397,4.407,4.451,4.367,6933967.0
2020-07-20,4.444,4.528,4.539,4.413,7563956.0
2020-07-21,4.54,4.526,4.546,4.506,7052254.0
2020-07-22,4.524,4.532,4.618,4.509,9219312.0
2020-07-23,4.5,4.528,4.554,4.454,6347686.0
2020-07-24,4.513,4.373,4.514,4.351,7695369.0
2020-07-27,4.394,4.386,4.426,4.357,4216718.0
2020-07-28,4.418,4.41,4.435,4.39,4208788.0
2020-07-29,4.406,4.481,4.489,4.392,4833085.0
2020-07-30,4.488,4.464,4.506,4.463,3622184.0
2020-07-31,4.465,4.486,4.535,4.425,8726229.0
2020-08-03,4.507,4.525,4.538,4.49,4360640.0
2020-08-04,4.535,4.561,4.586,4.525,8436093.0
2020-08-05,4.55,4.534,4.55,4.492,6562667.0
2020-08-06,4.545,4.537,4.566,4.476,6136403.0
2020-08-07,4.515,4.501,4.537,4.45,4505419.0
2020-08-10,4.487,4.531,4.56,4.462,4561279.0
2020-08-11,4.528,4.5,4.59,4.493,7647643.0
2020-08-12,4.495,4.488,4.512,4.426,6780604.0
2020-08-13,4.496,4.475,4.502,4.463,3652431.0
2020-08-14,4.474,4.542,4.546,4.464,4830476.0
2020-08-17,4.553,4.631,4.67,4.548,9985613.0
2020-08-18,4.635,4.625,4.642,4.603,6166006.0
2020-08-19,4.624,4.552,4.629,4.55,6255113.0
2020-08-20,4.527,4.506,4.532,4.486,4645923.0
2020-08-21,4.531,4.534,4.553,4.501,4017356.0
2020-08-24,4.55,4.546,4.578,4.537,6758766.0
2020-08-25,4.559,4.561,4.592,4.546,4199785.0
2020-08-26,4.557,4.519,4.58,4.507,4217441.0
2020-08-27,4.524,4.541,4.542,4.496,2243945.0
2020-08-28,4.535,4.638,4.643,4.528,5176502.0
2020-08-31,4.651,4.604,4.683,4.597,5224509.0
2020-09-01,4.592,4.615,4.616,4.585,3134691.0
2020-09-02,4.627,4.604,4.636,4.566,5577170.0
2020-09-03,4.603,4.595,4.641,4.576,2937892.0
2020-09-04,4.547,4.558,4.568,4.531,3062897.0
2020-09-07,4.55,4.493,4.58,4.483,3417793.0
2020-09-08,4.51,4.534,4.544,4.492,4017689.0
2020-09-09,4.495,4.474,4.512,4.442,4345712.0
2020-09-10,4.499,4.487,4.515,4.479,4083386.0
2020-09-11,4.473,4.507,4.515,4.468,2699128.0
2020-09-14,4.524,4.54,4.545,4.519,2803365.0
2020-09-15,4.541,4.571,4.576,4.522,3398045.0
2020-09-16,4.566,4.546,4.577,4.535,2500424.0
2020-09-17,4.54,4.508,4.54,4.5,2546803.0
2020-09-18,4.51,4.617,4.621,4.508,7194799.0
2020-09-21,4.623,4.565,4.632,4.563,4823922.0
2020-09-22,4.541,4.518,4.574,4.502,5400558.0
2020-09-23,4.518,4.521,4.532,4.497,4096352.0
2020-09-24,4.497,4.457,4.508,4.454,2947134.0
2020-09-25,4.469,4.47,4.487,4.452,3203182.0
2020-09-28,4.481,4.494,4.514,4.479,2285238.0
2020-09-29,4.515,4.486,4.519,4.484,2870126.0
2020-09-30,4.503,4.469,4.516,4.45,3880257.0
2020-10-09,4.524,4.535,4.551,4.521,4696781.0
2020-10-12,4.551,4.66,4.662,4.551,5449691.0
2020-10-13,4.643,4.654,4.663,4.629,2719943.0
2020-10-14,4.647,4.638,4.647,4.624,2284716.0
2020-10-15,4.632,4.64,4.668,4.627,4949409.0
2020-10-16,4.64,4.648,4.675,4.619,3936866.0
2020-10-19,4.673,4.621,4.712,4.606,5359320.0
2020-10-20,4.608,4.624,4.627,4.603,4263964.0
2020-10-21,4.632,4.649,4.65,4.613,4332577.0
2020-10-22,4.637,4.634,4.649,4.586,4383331.0
2020-10-23,4.634,4.619,4.668,4.612,5342279.0
2020-10-26,4.586,4.555,4.592,4.539,5355543.0
2020-10-27,4.55,4.546,4.555,4.528,3377189.0
2020-10-28,4.546,4.567,4.577,4.534,6329509.0
2020-10-29,4.533,4.59,4.613,4.526,4713226.0
2020-10-30,4.58,4.526,4.59,4.516,3857781.0
2020-11-02,4.531,4.512,4.552,4.494,3944026.0
2020-11-03,4.528,4.557,4.58,4.527,3894588.0
2020-11-04,4.563,4.586,4.604,4.55,3767623.0
2020-11-05,4.631,4.631,4.657,4.604,5484980.0
2020-11-06,4.643,4.619,4.644,4.595,3842345.0
2020-11-09,4.651,4.69,4.707,4.651,4699124.0
2020-11-10,4.718,4.688,4.719,4.67,4290955.0
2020-11-11,4.683,4.686,4.711,4.681,2617442.0
2020-11-12,4.687,4.666,4.696,4.653,2964678.0
2020-11-13,4.647,4.596,4.647,4.576,5438522.0
2020-11-16,4.622,4.644,4.647,4.604,3862604.0
2020-11-17,4.64,4.645,4.653,4.625,3236188.0
2020-11-18,4.645,4.651,4.679,4.634,6266481.0
2020-11-19,4.638,4.681,4.69,4.634,4119329.0
2020-11-20,4.683,4.687,4.69,4.663,3522044.0
2020-11-23,4.695,4.753,4.776,4.694,7562164.0
2020-11-24,4.753,4.72,4.763,4.718,7239994.0
2020-11-25,4.734,4.69,4.758,4.689,5957756.0
2020-11-26,4.69,4.725,4.727,4.687,3071636.0
2020-11-27,4.726,4.796,4.801,4.722,8436767.0
2020-11-30,4.808,4.757,4.877,4.756,14674649.0
2020-12-01,4.76,4.856,4.863,4.76,8116321.0
2020-12-02,4.857,4.842,4.875,4.818,5415498.0
2020-12-03,4.841,4.834,4.85,4.814,5452708.0
2020-12-04,4.83,4.84,4.847,4.79,4427164.0
2020-12-07,4.841,4.802,4.847,4.779,4863094.0
2020-12-08,4.883,4.788,4.883,4.774,4369838.0
2020-12-09,4.797,4.753,4.812,4.747,5122861.0
2020-12-10,4.743,4.737,4.761,4.716,4583334.0
2020-12-11,4.752,4.705,4.763,4.674,5406707.0
2020-12-14,4.712,4.743,4.748,4.706,3034085.0
2020-12-15,4.739,4.746,4.754,4.714,3004024.0
2020-12-16,4.752,4.767,4.773,4.745,3823266.0
2020-12-17,4.773,4.832,4.836,4.767,6318998.0
2020-12-18,4.821,4.795,4.831,4.773,7269892.0
2020-12-21,4.796,4.804,4.822,4.756,5387367.0
2020-12-22,4.798,4.746,4.809,4.739,8216575.0
2020-12-23,4.751,4.778,4.801,4.751,7784277.0
2020-12-24,4.783,4.771,4.803,4.753,3420272.0
2020-12-25,4.756,4.799,4.803,4.743,5077381.0
2020-12-28,4.797,4.811,4.835,4.783,4370314.0
2020-12-29,4.821,4.803,4.832,4.796,2881878.0
2020-12-30,4.799,4.863,4.867,4.793,5351685.0
2020-12-31,4.873,4.947,4.958,4.873,6681955.0
2021-01-04,4.95,4.945,4.972,4.905,5707598.0
2021-01-05,4.937,4.991,4.996,4.917,8449437.0
2021-01-06,4.993,5.056,5.059,4.979,6515232.0
2021-01-07,5.069,5.147,5.152,5.051,5888201.0
2021-01-08,5.156,5.123,5.178,5.079,8143312.0
2021-01-11,5.12,5.102,5.192,5.085,6193083.0
2021-01-12,5.095,5.261,5.267,5.091,7146980.0
2021-01-13,5.274,5.217,5.291,5.185,6485911.0
2021-01-14,5.21,5.146,5.211,5.133,5627248.0
2021-01-15,5.162,5.15,5.211,5.114,6997194.0
2021-01-18,5.136,5.188,5.222,5.13,5510651.0
2021-01-19,5.198,5.14,5.204,5.12,4324575.0
2021-01-20,5.14,5.144,5.176,5.113,4850053.0
2021-01-21,5.164,5.191,5.224,5.145,5326731.0
2021-01-22,5.186,5.183,5.204,5.156,4624178.0
2021-01-25,5.179,5.25,5.255,5.159,10488274.0
2021-01-26,5.229,5.144,5.231,5.14,6646731.0
2021-01-27,5.144,5.151,5.169,5.121,7666242.0
2021-01-28,5.099,5.062,5.106,5.04,7312267.0
2021-01-29,5.081,5.03,5.091,4.979,6573387.0
2021-02-01,5.034,5.062,5.065,5.016,5094767.0
2021-02-02,5.074,5.087,5.092,5.053,6414960.0
2021-02-03,5.087,5.101,5.123,5.062,3808282.0
2021-02-04,5.08,5.128,5.153,5.08,4979277.0
2021-02-05,5.149,5.184,5.22,5.143,3567667.0
2021-02-08,5.201,5.233,5.243,5.168,4587740.0
2021-02-09,5.247,5.308,5.31,5.211,3470316.0
2021-02-10,5.321,5.395,5.416,5.315,3821689.0
2021-02-18,5.487,5.389,5.498,5.358,5796035.0
2021-02-19,5.371,5.378,5.39,5.318,7424466.0
2021-02-22,5.383,5.23,5.387,5.222,8536319.0
2021-02-23,5.202,5.246,5.294,5.197,5945696.0
2021-02-24,5.247,5.13,5.257,5.087,8597551.0
2021-02-25,5.172,5.195,5.217,5.149,5403721.0
2021-02-26,5.117,5.076,5.153,5.074,7698324.0
2021-03-01,5.117,5.112,5.12,5.069,4006001.0
2021-03-02,5.138,5.034,5.139,4.992,6433687.0
2021-03-03,5.025,5.149,5.151,5.023,5171484.0
2021-03-04,5.102,5.023,5.111,4.998,7159517.0
2021-03-05,4.966,4.999,5.04,4.926,6257017.0
2021-03-08,5.023,4.861,5.046,4.855,7918259.0
2021-03-09,4.861,4.795,4.889,4.769,11187524.0
2021-03-10,4.844,4.816,4.862,4.805,4454560.0
2021-03-11,4.835,4.924,4.927,4.834,5001663.0
2021-03-12,4.944,4.927,4.945,4.887,7292955.0
2021-03-15,4.908,4.857,4.926,4.819,3968066.0
2021-03-16,4.867,4.886,4.902,4.84,4202981.0
2021-03-17,4.879,4.879,4.912,4.829,3481777.0
2021-03-18,4.883,4.896,4.911,4.877,3219355.0
2021-03-19,4.849,4.784,4.86,4.767,7532107.0
2021-03-22,4.778,4.816,4.848,4.778,4118975.0
2021-03-23,4.817,4.793,4.83,4.75,4841983.0
2021-03-24,4.774,4.734,4.81,4.719,6435809.0
2021-03-25,4.719,4.732,4.751,4.705,3139494.0
2021-03-26,4.747,4.805,4.818,4.747,4668440.0
2021-03-29,4.818,4.814,4.843,4.788,4673773.0
2021-03-30,4.815,4.861,4.867,4.812,2955229.0
2021-03-31,4.859,4.821,4.859,4.791,1551816.0
2021-04-01,4.834,4.868,4.877,4.827,2788295.0
2021-04-02,4.886,4.908,4.911,4.867,2686632.0
2021-04-06,4.912,4.881,4.915,4.867,2483615.0
2021-04-07,4.883,4.838,4.886,4.819,1573202.0
2021-04-08,4.829,4.857,4.872,4.806,2201077.0
2021-04-09,4.846,4.796,4.846,4.78,2229002.0
2021-04-12,4.783,4.751,4.799,4.734,7420601.0
2021-04-13,4.744,4.729,4.777,4.713,6497564.0
2021-04-14,4.732,4.737,4.757,4.705,6393460.0
2021-04-15,4.727,4.693,4.727,4.654,3856935.0
2021-04-16,4.698,4.711,4.724,4.666,4576248.0
2021-04-19,4.706,4.789,4.793,4.686,5628666.0
2021-04-20,4.767,4.779,4.808,4.757,3975612.0
2021-04-21,4.757,4.786,4.798,4.757,5760989.0
2021-04-22,4.798,4.766,4.812,4.751,4743191.0
2021-04-23,4.757,4.805,4.815,4.757,5280406.0
2021-04-26,4.817,4.739,4.84,4.731,7306014.0
2021-04-27,4.737,4.748,4.759,4.722,4757119.0
2021-04-28,4.729,4.75,4.753,4.709,6837571.0
2021-04-29,4.76,4.804,4.806,4.745,5186874.0
2021-04-30,4.801,4.767,4.809,4.741,7126829.0
2021-05-06,4.744,4.722,4.798,4.708,6658387.0
2021-05-07,4.735,4.669,4.741,4.658,4522384.0
2021-05-10,4.69,4.669,4.69,4.625,4780906.0
2021-05-11,4.636,4.705,4.715,4.631,4896054.0
2021-05-12,4.694,4.72,4.729,4.685,3181942.0
2021-05-13,4.689,4.679,4.706,4.654,4846685.0
2021-05-14,4.69,4.786,4.789,4.673,6030581.0
2021-05-17,4.789,4.824,4.85,4.783,5660637.0
2021-05-18,4.834,4.822,4.84,4.803,2521705.0
2021-05-19,4.81,4.793,4.812,4.782,4830062.0
2021-05-20,4.792,4.808,4.819,4.771,3019163.0
2021-05-21,4.816,4.759,4.836,4.746,5344154.0
2021-05-24,4.758,4.776,4.777,4.727,3253458.0
2021-05-25,4.78,4.949,4.954,4.78,12063078.0
2021-05-26,4.964,4.964,4.993,4.949,6844583.0
2021-05-27,4.959,4.976,5.034,4.93,5694289.0
2021-05-28,4.975,4.967,5.008,4.928,4919406.0
2021-05-31,4.962,4.953,4.962,4.912,5449671.0
2021-06-01,4.946,4.954,4.959,4.902,4678284.0
2021-06-02,4.963,4.922,4.972,4.9,4764274.0
2021-06-03,4.917,4.888,4.944,4.881,3714268.0
2021-06-04,4.873,4.908,4.966,4.866,7254103.0
2021-06-07,4.912,4.899,4.914,4.872,3147772.0
2021-06-08,4.896,4.874,4.943,4.848,7481746.0
2021-06-09,4.872,4.886,4.895,4.862,4359964.0
2021-06-10,4.886,4.908,4.943,4.88,4947300.0
2021-06-11,4.918,4.873,4.922,4.867,4873567.0
2021-06-15,4.876,4.815,4.88,4.796,4386086.0
2021-06-16,4.814,4.772,4.819,4.758,5696719.0
2021-06-17,4.769,4.764,4.79,4.748,3756375.0
2021-06-18,4.765,4.735,4.779,4.707,6476357.0
2021-06-21,4.722,4.712,4.74,4.685,5877131.0
2021-06-22,4.722,4.746,4.752,4.713,6999304.0
2021-06-23,4.753,4.752,4.784,4.739,9861379.0
2021-06-24,4.757,4.774,4.776,4.739,3926033.0
2021-06-25,4.776,4.837,4.855,4.776,6163500.0
2021-06-28,4.844,4.821,4.848,4.801,4792933.0
2021-06-29,4.819,4.785,4.819,4.771,3783342.0
2021-06-30,4.786,4.806,4.812,4.784,5351239.0
2021-07-01,4.819,4.846,4.847,4.778,9123834.0
2021-07-02,4.809,4.698,4.824,4.69,6095497.0
2021-07-05,4.693,4.694,4.712,4.662,4262802.0
2021-07-06,4.694,4.707,4.708,4.658,6623367.0
2021-07-07,4.688,4.72,4.737,4.679,4999011.0
2021-07-08,4.724,4.664,4.733,4.65,5741556.0
2021-07-09,4.651,4.649,4.667,4.61,5418213.0
2021-07-12,4.673,4.682,4.714,4.649,4998143.0
2021-07-13,4.687,4.695,4.722,4.679,3746908.0
2021-07-14,4.694,4.632,4.694,4.618,6082605.0
2021-07-15,4.632,4.718,4.722,4.628,6771683.0
2021-07-16,4.715,4.674,4.724,4.667,5995457.0
2021-07-19,4.658,4.689,4.699,4.613,8230500.0
2021-07-20,4.661,4.68,4.688,4.658,4165823.0
2021-07-21,4.688,4.695,4.727,4.677,6145453.0
2021-07-22,4.7,4.7,4.726,4.69,4738041.0
2021-07-23,4.7,4.656,4.702,4.653,4865659.0
2021-07-26,4.636,4.503,4.64,4.463,10778223.0
2021-07-27,4.503,4.381,4.52,4.368,9163955.0
2021-07-28,4.377,4.413,4.434,4.346,13753784.0
2021-07-29,4.468,4.448,4.471,4.421,10272351.0
2021-07-30,4.422,4.39,4.422,4.37,5258982.0
2021-08-02,4.374,4.483,4.493,4.339,11704019.0
2021-08-03,4.467,4.497,4.514,4.449,5563126.0
2021-08-04,4.489,4.509,4.521,4.482,5784079.0
2021-08-05,4.489,4.502,4.551,4.474,2869718.0
2021-08-06,4.493,4.471,4.494,4.455,2753680.0
2021-08-09,4.445,4.514,4.54,4.437,3864420.0
2021-08-10,4.506,4.578,4.584,4.468,4239448.0
2021-08-11,4.567,4.546,4.591,4.546,3279591.0
2021-08-12,4.539,4.506,4.548,4.502,2303367.0
2021-08-13,4.493,4.497,4.528,4.475,2916916.0
2021-08-16,4.499,4.507,4.534,4.481,3349983.0
2021-08-17,4.505,4.412,4.528,4.406,6649099.0
2021-08-18,4.412,4.462,4.486,4.403,6467781.0
2021-08-19,4.457,4.407,4.457,4.391,5841188.0
2021-08-20,4.385,4.325,4.391,4.293,14932458.0
2021-08-23,4.341,4.358,4.373,4.326,10476526.0
2021-08-24,4.37,4.416,4.435,4.367,9800871.0
2021-08-25,4.423,4.43,4.447,4.403,8397187.0
2021-08-26,4.43,4.348,4.432,4.346,4294177.0
2021-08-27,4.345,4.385,4.418,4.345,5823994.0
2021-08-30,4.404,4.373,4.41,4.346,3875927.0
2021-08-31,4.358,4.36,4.391,4.306,7111205.0
2021-09-01,4.349,4.442,4.464,4.32,11547774.0
2021-09-02,4.447,4.438,4.47,4.418,6500143.0
2021-09-03,4.444,4.448,4.487,4.406,7923823.0
2021-09-06,4.449,4.489,4.516,4.441,7513479.0
2021-09-07,4.492,4.533,4.552,4.465,5601951.0
2021-09-08,4.532,4.492,4.546,4.482,4996303.0
2021-09-09,4.475,4.481,4.49,4.46,3858459.0
2021-09-10,4.476,4.542,4.559,4.474,6362379.0
2021-09-13,4.529,4.529,4.565,4.503,3896884.0
2021-09-14,4.526,4.467,4.55,4.454,5913182.0
2021-09-15,4.463,4.417,4.464,4.393,6611020.0
2021-09-16,4.415,4.394,4.43,4.372,7943086.0
2021-09-17,4.394,4.432,4.434,4.367,8161527.0
2021-09-22,4.372,4.384,4.396,4.358,9519875.0
2021-09-23,4.407,4.391,4.434,4.377,5466898.0
2021-09-24,4.386,4.417,4.443,4.385,6658228.0
2021-09-27,4.434,4.489,4.496,4.431,12530361.0
2021-09-28,4.484,4.489,4.51,4.451,5073992.0
2021-09-29,4.463,4.49,4.505,4.428,7670535.0
2021-09-30,4.49,4.47,4.493,4.46,5210971.0
2021-10-08,4.507,4.546,4.552,4.502,7346013.0
2021-10-11,4.563,4.566,4.615,4.559,8819092.0
2021-10-12,4.552,4.546,4.578,4.518,7035999.0
2021-10-13,4.542,4.584,4.603,4.528,7005946.0
2021-10-14,4.578,4.559,4.602,4.551,6328674.0
2021-10-15,4.554,4.59,4.599,4.54,5404179.0
2021-10-18,4.592,4.514,4.592,4.493,11655450.0
2021-10-19,4.508,4.541,4.552,4.508,8207056.0
2021-10-20,4.552,4.544,4.576,4.526,3418181.0
2021-10-21,4.552,4.568,4.591,4.54,4259644.0
2021-10-22,4.579,4.613,4.64,4.578,5547887.0
2021-10-25,4.596,4.611,4.619,4.586,5182925.0
2021-10-26,4.618,4.586,4.636,4.576,6561115.0
2021-10-27,4.572,4.537,4.572,4.525,6986262.0
2021-10-28,4.528,4.535,4.545,4.51,5816316.0
2021-10-29,4.539,4.557,4.558,4.529,6162197.0
2021-11-01,4.533,4.539,4.557,4.514,7367837.0
2021-11-02,4.539,4.493,4.561,4.467,7570410.0
2021-11-03,4.493,4.456,4.503,4.448,4594099.0
2021-11-04,4.471,4.487,4.495,4.465,5195861.0
2021-11-05,4.479,4.484,4.513,4.467,4460833.0
2021-11-08,4.481,4.47,4.501,4.46,5804083.0
2021-11-09,4.488,4.462,4.499,4.447,4889214.0
2021-11-10,4.461,4.441,4.461,4.387,6387808.0
2021-11-11,4.434,4.522,4.525,4.434,5664819.0
2021-11-12,4.528,4.507,4.533,4.5,6323865.0
2021-11-15,4.514,4.509,4.534,4.493,5215510.0
2021-11-16,4.512,4.509,4.532,4.489,5581139.0
2021-11-17,4.5,4.486,4.513,4.479,6808522.0
2021-11-18,4.477,4.447,4.479,4.437,5282352.0
2021-11-19,4.442,4.493,4.505,4.439,6281706.0
2021-11-22,4.5,4.49,4.51,4.487,5176126.0
2021-11-23,4.484,4.506,4.52,4.481,7160765.0
2021-11-24,4.506,4.52,4.539,4.494,5692304.0
2021-11-25,4.525,4.497,4.527,4.493,3645998.0
2021-11-26,4.489,4.461,4.492,4.455,5314869.0
2021-11-29,4.452,4.461,4.467,4.435,5194489.0
2021-11-30,4.464,4.439,4.476,4.422,3981696.0
2021-12-01,4.439,4.454,4.461,4.438,3066781.0
2021-12-02,4.449,4.468,4.48,4.436,3474921.0
2021-12-03,4.473,4.5,4.501,4.465,5020281.0
2021-12-06,4.506,4.512,4.542,4.506,6139751.0
2021-12-07,4.534,4.542,4.554,4.522,5499133.0
2021-12-08,4.552,4.602,4.608,4.532,5948250.0
2021-12-09,4.61,4.662,4.711,4.606,14026512.0
2021-12-10,4.648,4.658,4.663,4.64,9110159.0
2021-12-13,4.689,4.664,4.741,4.662,8111711.0
2021-12-14,4.649,4.644,4.671,4.634,8132457.0
2021-12-15,4.638,4.605,4.655,4.604,4197778.0
2021-12-16,4.605,4.618,4.621,4.591,6516535.0
2021-12-17,4.615,4.559,4.621,4.557,8302089.0
2021-12-20,4.546,4.533,4.577,4.521,8456816.0
2021-12-21,4.528,4.551,4.557,4.528,5295563.0
2021-12-22,4.555,4.534,4.567,4.531,8855835.0
2021-12-23,4.542,4.571,4.573,4.522,5418192.0
2021-12-24,4.571,4.568,4.587,4.554,6470591.0
2021-12-27,4.567,4.563,4.579,4.542,9130879.0
2021-12-28,4.566,4.584,4.593,4.56,8957357.0
2021-12-29,4.585,4.512,4.591,4.509,6936835.0
2021-12-30,4.512,4.538,4.555,4.507,4602357.0
2021-12-31,4.547,4.548,4.564,4.539,4782451.0
2022-01-04,4.565,4.538,4.565,4.488,5552644.0
2022-01-05,4.532,4.531,4.573,4.513,6293084.0
2022-01-06,4.516,4.474,4.527,4.458,7819094.0
2022-01-07,4.481,4.49,4.509,4.481,5467260.0
2022-01-10,4.492,4.501,4.509,4.464,4806253.0
2022-01-11,4.501,4.477,4.521,4.473,5504840.0
2022-01-12,4.489,4.506,4.518,4.48,5313753.0
2022-01-13,4.513,4.442,4.522,4.439,7917416.0
2022-01-14,4.435,4.387,4.437,4.386,7288700.0
2022-01-17,4.385,4.4,4.415,4.384,5644914.0
2022-01-18,4.4,4.445,4.461,4.387,11338388.0
2022-01-19,4.454,4.445,4.465,4.43,4869957.0
2022-01-20,4.444,4.499,4.526,4.444,7415491.0
2022-01-21,4.495,4.489,4.506,4.469,6242966.0
2022-01-24,4.473,4.476,4.486,4.441,6965073.0
2022-01-25,4.457,4.398,4.46,4.393,7431757.0
2022-01-26,4.406,4.416,4.425,4.379,8433656.0
2022-01-27,4.417,4.372,4.417,4.361,9698176.0
2022-01-28,4.384,4.288,4.393,4.28,11994193.0
2022-02-07,4.342,4.358,4.377,4.333,7404357.0
2022-02-08,4.36,4.361,4.367,4.293,6533423.0
2022-02-09,4.364,4.387,4.398,4.352,8159284.0
2022-02-10,4.39,4.397,4.398,4.371,5020394.0
2022-02-11,4.386,4.391,4.429,4.378,5477671.0
2022-02-14,4.381,4.349,4.385,4.336,5255438.0
2022-02-15,4.346,4.364,4.376,4.34,4198539.0
2022-02-16,4.38,4.383,4.399,4.374,4279681.0
2022-02-17,4.378,4.386,4.411,4.378,4117646.0
2022-02-18,4.376,4.416,4.419,4.366,3962131.0
2022-02-21,4.41,4.399,4.411,4.374,5170776.0
2022-02-22,4.364,4.341,4.366,4.32,6400698.0
2022-02-23,4.351,4.364,4.365,4.331,5288408.0
2022-02-24,4.345,4.296,4.345,4.271,6452423.0
2022-02-25,4.31,4.312,4.349,4.301,6904135.0
2022-02-28,4.308,4.318,4.321,4.282,3183379.0
2022-03-01,4.332,4.37,4.378,4.332,5458821.0
2022-03-02,4.354,4.349,4.358,4.34,3233351.0
2022-03-03,4.365,4.338,4.374,4.327,3603684.0
2022-03-04,4.304,4.3,4.316,4.282,5981769.0
2022-03-07,4.276,4.192,4.278,4.181,7475232.0
2022-03-08,4.204,4.145,4.228,4.126,12366473.0
2022-03-09,4.161,4.112,4.18,3.997,12421484.0
2022-03-10,4.177,4.142,4.184,4.138,10781328.0
2022-03-11,4.104,4.153,4.161,4.046,10361809.0
2022-03-14,4.103,4.046,4.128,4.044,9301741.0
2022-03-15,4.009,3.875,4.024,3.87,15065340.0
2022-03-16,3.914,4.02,4.035,3.858,16251020.0
2022-03-17,4.087,4.076,4.126,4.057,10791913.0
2022-03-18,4.063,4.116,4.139,4.051,8830876.0
2022-03-21,4.125,4.096,4.126,4.067,8743420.0
2022-03-22,4.085,4.106,4.134,4.083,4903377.0
2022-03-23,4.117,4.126,4.138,4.095,6275030.0
2022-03-24,4.103,4.108,4.129,4.09,2915790.0
2022-03-25,4.103,4.054,4.122,4.051,4257995.0
2022-03-28,4.025,4.051,4.069,3.986,6760074.0
2022-03-29,4.058,4.036,4.075,4.032,3495069.0
2022-03-30,4.058,4.125,4.126,4.058,7433086.0
2022-03-31,4.115,4.104,4.122,4.1,5492683.0
2022-04-01,4.083,4.154,4.173,4.077,7765688.0
2022-04-06,4.132,4.14,4.152,4.114,8255950.0
2022-04-07,4.126,4.108,4.162,4.102,5322914.0
2022-04-08,4.109,4.138,4.145,4.095,5358440.0
2022-04-11,4.123,4.046,4.123,4.036,7152072.0
2022-04-12,4.046,4.099,4.101,4.023,8341405.0
2022-04-13,4.081,4.087,4.121,4.075,5107813.0
2022-04-14,4.115,4.14,4.16,4.104,7633662.0
2022-04-15,4.121,4.143,4.16,4.115,8478055.0
2022-04-18,4.114,4.093,4.115,4.075,6604405.0
2022-04-19,4.089,4.061,4.106,4.036,6117139.0
2022-04-20,4.063,4.027,4.067,4.02,5419703.0
2022-04-21,4.013,3.985,4.043,3.965,8308242.0
2022-04-22,3.959,4.003,4.018,3.951,6094221.0
2022-04-25,3.938,3.845,3.959,3.843,12434371.0
2022-04-26,3.843,3.848,3.906,3.831,12322149.0
2022-04-27,3.845,3.907,3.911,3.84,13866748.0
2022-04-28,3.897,3.948,3.954,3.894,10805321.0
2022-04-29,3.962,4.0,4.017,3.92,8757637.0
2022-05-05,4.0,3.986,4.023,3.986,7757036.0
2022-05-06,3.941,3.894,3.947,3.887,9768213.0
2022-05-09,3.875,3.863,3.889,3.844,6909343.0
2022-05-10,3.83,3.891,3.914,3.805,8519659.0
2022-05-11,3.884,3.916,3.951,3.884,9274502.0
2022-05-12,3.902,3.893,3.916,3.885,5188620.0
2022-05-13,3.914,3.924,3.941,3.903,3986973.0
2022-05-16,3.943,3.893,3.946,3.879,5922819.0
2022-05-17,3.903,3.934,3.935,3.9,4675288.0
2022-05-18,3.946,3.923,3.946,3.893,5689127.0
2022-05-19,3.889,3.921,3.93,3.885,4461152.0
2022-05-20,3.94,4.0,4.003,3.938,8922726.0
2022-05-23,4.006,3.965,4.006,3.951,7093710.0
2022-05-24,3.966,3.914,3.972,3.909,7121113.0
2022-05-25,3.915,3.92,3.93,3.903,6089973.0
2022-05-26,3.926,3.92,3.953,3.888,5458059.0
2022-05-27,3.946,3.942,3.977,3.932,5396187.0
2022-05-30,3.967,3.959,3.977,3.949,6310445.0
2022-05-31,3.959,3.999,4.01,3.952,5362546.0
2022-06-01,4.003,3.987,4.003,3.968,5126843.0
2022-06-02,3.969,3.981,3.984,3.96,3672027.0
2022-06-06,3.982,4.02,4.02,3.945,5443270.0
2022-06-07,4.018,4.043,4.069,4.009,5776689.0
2022-06-08,4.052,4.083,4.097,4.049,5626272.0
2022-06-09,4.08,4.071,4.103,4.062,5398185.0
2022-06-10,4.05,4.11,4.121,4.043,4702392.0
2022-06-13,4.072,4.05,4.08,4.027,5931108.0
2022-06-14,4.019,4.096,4.099,4.007,7755881.0
2022-06-15,4.094,4.142,4.202,4.093,12271224.0
2022-06-16,4.153,4.11,4.161,4.103,4639964.0
2022-06-17,4.095,4.161,4.17,4.093,7152977.0
2022-06-20,4.166,4.154,4.191,4.129,6990889.0
2022-06-21,4.155,4.161,4.187,4.134,5710038.0
2022-06-22,4.165,4.125,4.168,4.122,3973503.0
2022-06-23,4.128,4.173,4.18,4.127,4486795.0
2022-06-24,4.188,4.219,4.233,4.181,5401597.0
2022-06-27,4.235,4.264,4.293,4.235,7580648.0
2022-06-28,4.265,4.296,4.365,4.243,4321871.0
2022-06-29,4.28,4.267,4.31,4.255,4558015.0
2022-06-30,4.265,4.327,4.364,4.265,5664875.0
2022-07-01,4.338,4.314,4.345,4.299,4184348.0
2022-07-04,4.299,4.32,4.322,4.27,3057820.0
2022-07-05,4.335,4.32,4.359,4.277,5602186.0
2022-07-06,4.31,4.258,4.313,4.238,4426048.0
2022-07-07,4.248,4.248,4.269,4.225,3829754.0
2022-07-08,4.271,4.252,4.291,4.25,2920431.0
2022-07-11,4.233,4.199,4.235,4.186,4341076.0
2022-07-12,4.193,4.179,4.216,4.167,4125209.0
2022-07-13,4.179,4.168,4.19,4.155,2916523.0
2022-07-14,4.164,4.145,4.172,4.129,4185122.0
2022-07-15,4.14,4.094,4.185,4.093,8027839.0
2022-07-18,4.101,4.14,4.149,4.084,4859841.0
2022-07-19,4.134,4.126,4.139,4.093,4961419.0
2022-07-20,4.145,4.136,4.153,4.127,4356377.0
2022-07-21,4.126,4.096,4.134,4.094,4332892.0
2022-07-22,4.104,4.112,4.141,4.085,6894781.0
2022-07-25,4.107,4.101,4.112,4.089,3948924.0
2022-07-26,4.106,4.116,4.132,4.106,3970741.0
2022-07-27,4.108,4.088,4.112,4.082,6246511.0
2022-07-28,4.102,4.087,4.133,4.084,8118063.0
2022-07-29,4.093,4.042,4.119,4.035,6098265.0
2022-08-01,4.033,4.03,4.046,4.011,4256154.0
2022-08-02,4.004,3.973,4.004,3.943,5940224.0
2022-08-03,3.98,3.949,4.0,3.942,5733683.0
2022-08-04,3.966,3.981,3.991,3.956,8675552.0
2022-08-05,3.994,4.026,4.032,3.979,6175030.0
2022-08-08,4.014,4.009,4.025,3.996,4133079.0
2022-08-09,4.007,4.01,4.017,3.998,3291964.0
2022-08-10,4.005,3.971,4.017,3.959,4344090.0
2022-08-11,3.986,4.039,4.043,3.978,6835070.0
2022-08-12,4.035,4.051,4.059,4.027,4601065.0
2022-08-15,4.037,4.032,4.071,4.03,2984686.0
2022-08-16,4.037,4.017,4.05,4.011,3147018.0
2022-08-17,4.017,4.036,4.046,3.994,3779948.0
2022-08-18,4.032,4.005,4.036,3.996,3829147.0
2022-08-19,3.999,3.999,4.023,3.994,3939699.0
2022-08-22,3.99,4.0,4.018,3.982,6197564.0
2022-08-23,4.001,3.978,4.009,3.968,5022697.0
2022-08-24,3.984,3.945,3.999,3.941,7685177.0
2022-08-25,3.953,4.0,4.007,3.946,7955267.0
2022-08-26,4.003,4.001,4.016,3.994,4635611.0
2022-08-29,3.972,3.975,3.986,3.961,3635049.0
2022-08-30,3.979,3.971,3.986,3.943,3630781.0
2022-08-31,3.956,4.01,4.036,3.954,7917504.0
2022-09-01,4.001,3.979,4.011,3.973,5907740.0
2022-09-02,3.984,3.952,3.988,3.934,8083528.0
2022-09-05,3.941,3.939,3.946,3.909,5031000.0
2022-09-06,3.943,3.966,3.969,3.941,5909974.0
2022-09-07,3.952,3.954,3.962,3.943,4643492.0
2022-09-08,3.958,3.947,3.969,3.946,4341481.0
2022-09-09,3.955,4.009,4.016,3.954,6878768.0
2022-09-13,4.019,4.018,4.037,4.0,6487625.0
2022-09-14,3.988,3.994,4.013,3.985,9081889.0
2022-09-15,4.001,3.99,4.02,3.974,12024532.0
2022-09-16,3.978,3.919,3.986,3.916,15936291.0
2022-09-19,3.91,3.913,3.932,3.902,8049654.0
2022-09-20,3.926,3.907,3.929,3.897,6232720.0
2022-09-21,3.896,3.879,3.906,3.868,5623311.0
2022-09-22,3.865,3.855,3.877,3.848,6582474.0
2022-09-23,3.85,3.857,3.879,3.842,6224873.0
2022-09-26,3.842,3.836,3.878,3.832,7749392.0
2022-09-27,3.839,3.868,3.872,3.829,7418856.0
2022-09-28,3.853,3.832,3.862,3.829,7378432.0
2022-09-29,3.852,3.832,3.87,3.814,7329518.0
2022-09-30,3.836,3.831,3.859,3.827,7514908.0
2022-10-10,3.831,3.755,3.835,3.748,7781606.0
2022-10-11,3.758,3.746,3.763,3.739,5033068.0
2022-10-12,3.748,3.765,3.769,3.675,8093946.0
2022-10-13,3.743,3.729,3.75,3.718,6414022.0
2022-10-14,3.755,3.801,3.816,3.75,10523433.0
2022-10-17,3.79,3.799,3.803,3.774,5228933.0
2022-10-18,3.814,3.781,3.82,3.777,4904993.0
2022-10-19,3.779,3.721,3.788,3.72,6385676.0
2022-10-20,3.703,3.705,3.746,3.694,7296327.0
2022-10-21,3.713,3.685,3.72,3.669,6320970.0
2022-10-24,3.677,3.581,3.697,3.563,17748113.0
2022-10-25,3.567,3.572,3.619,3.555,10930381.0
2022-10-26,3.572,3.581,3.629,3.571,13450190.0
2022-10-27,3.595,3.557,3.623,3.556,10885377.0
2022-10-28,3.539,3.494,3.557,3.488,11179536.0
2022-10-31,3.469,3.456,3.494,3.441,12195804.0
2022-11-01,3.466,3.578,3.58,3.466,13770242.0
2022-11-02,3.561,3.601,3.625,3.553,15672545.0
2022-11-03,3.58,3.565,3.591,3.549,9722300.0
2022-11-04,3.561,3.66,3.676,3.561,13133777.0
2022-11-07,3.64,3.671,3.69,3.637,11106737.0
2022-11-08,3.672,3.65,3.682,3.632,6605712.0
2022-11-09,3.65,3.627,3.666,3.62,6643329.0
2022-11-10,3.611,3.632,3.645,3.598,11678145.0
2022-11-11,3.713,3.718,3.759,3.678,16973693.0
2022-11-14,3.772,3.743,3.793,3.736,15486306.0
2022-11-15,3.733,3.801,3.813,3.729,12226143.0
2022-11-16,3.795,3.79,3.816,3.781,7806404.0
2022-11-17,3.777,3.772,3.784,3.737,10278700.0
2022-11-18,3.778,3.76,3.788,3.75,7524799.0
2022-11-21,3.734,3.721,3.736,3.684,8268059.0
2022-11-22,3.718,3.736,3.771,3.708,9408623.0
2022-11-23,3.732,3.742,3.766,3.724,9330573.0
2022-11-24,3.758,3.722,3.775,3.716,7119700.0
2022-11-25,3.718,3.754,3.766,3.715,6312891.0
2022-11-28,3.697,3.701,3.71,3.651,10288461.0
2022-11-29,3.732,3.829,3.831,3.732,14043227.0
2022-11-30,3.817,3.825,3.846,3.812,7005994.0
2022-12-01,3.887,3.853,3.916,3.852,7735662.0
2022-12-02,3.851,3.836,3.858,3.831,8205385.0
2022-12-05,3.872,3.91,3.911,3.857,10830216.0
2022-12-06,3.902,3.92,3.942,3.889,8166305.0
2022-12-07,3.91,3.9,3.946,3.889,9127565.0
2022-12-08,3.896,3.907,3.916,3.891,4527157.0
2022-12-09,3.909,3.943,3.953,3.891,7896590.0
2022-12-12,3.921,3.906,3.935,3.9,4831705.0
2022-12-13,3.907,3.909,3.924,3.901,3551560.0
2022-12-14,3.909,3.929,3.94,3.896,7044531.0
2022-12-15,3.927,3.913,3.942,3.896,5400836.0
2022-12-16,3.902,3.926,3.932,3.898,5504957.0
2022-12-19,3.93,3.878,3.94,3.866,7931807.0
2022-12-20,3.868,3.824,3.872,3.798,8140172.0
2022-12-21,3.825,3.83,3.842,3.824,5486897.0
2022-12-22,3.853,3.85,3.876,3.832,5840745.0
2022-12-23,3.832,3.842,3.859,3.821,7678328.0
2022-12-26,3.843,3.83,3.855,3.825,4623437.0
2022-12-27,3.862,3.865,3.875,3.846,7312860.0
2022-12-28,3.861,3.874,3.882,3.85,7116068.0
2022-12-29,3.856,3.857,3.862,3.831,6529419.0
2022-12-30,3.87,3.874,3.887,3.866,5732132.0
2023-01-03,3.863,3.876,3.885,3.833,6994091.0
2023-01-04,3.877,3.887,3.896,3.87,6811505.0
2023-01-05,3.91,3.946,3.952,3.906,7673493.0
2023-01-06,3.948,3.964,3.971,3.945,5207344.0
2023-01-09,3.974,3.993,4.003,3.971,5767041.0
2023-01-10,3.993,3.984,4.003,3.981,3703964.0
2023-01-11,3.988,3.991,4.017,3.984,5501241.0
2023-01-12,4.001,3.998,4.006,3.984,3760025.0
2023-01-13,4.007,4.051,4.052,4.003,6211516.0
2023-01-16,4.054,4.108,4.148,4.052,14942685.0
2023-01-17,4.106,4.097,4.112,4.081,7745356.0
2023-01-18,4.099,4.075,4.112,4.071,4374145.0
2023-01-19,4.065,4.087,4.089,4.045,10608961.0
2023-01-20,4.097,4.109,4.121,4.089,5153371.0
2023-01-30,4.171,4.11,4.177,4.103,7222290.0
2023-01-31,4.112,4.075,4.129,4.069,10023087.0
2023-02-01,4.083,4.088,4.089,4.037,8801468.0
2023-02-02,4.099,4.081,4.1,4.058,6050659.0
2023-02-03,4.059,4.032,4.07,4.005,7186050.0
2023-02-06,4.0,3.98,4.001,3.962,8026408.0
2023-02-07,3.991,3.99,4.004,3.978,5385890.0
2023-02-08,3.993,3.981,4.016,3.977,4116146.0
2023-02-09,3.977,4.016,4.024,3.974,7419446.0
2023-02-10,4.007,4.001,4.011,3.988,4470684.0
2023-02-13,3.988,4.023,4.027,3.979,6914539.0
2023-02-14,4.024,4.036,4.037,4.013,3698114.0
2023-02-15,4.035,4.005,4.042,3.999,4629191.0
2023-02-16,4.01,3.993,4.049,3.971,9284073.0
2023-02-17,3.987,3.959,4.013,3.955,8286179.0
2023-02-20,3.968,4.05,4.054,3.96,16163012.0
2023-02-21,4.049,4.067,4.071,4.038,12571254.0
2023-02-22,4.05,4.023,4.058,4.019,9068767.0
2023-02-23,4.026,4.022,4.049,4.007,5492708.0
2023-02-24,4.02,3.977,4.02,3.966,5845899.0
2023-02-27,3.961,3.973,3.987,3.956,3753529.0
2023-02-28,3.98,3.988,3.992,3.943,5747270.0
2023-03-01,3.986,4.025,4.043,3.978,10752492.0
2023-03-02,4.019,4.024,4.04,4.013,4911639.0
2023-03-03,4.035,4.027,4.043,4.009,5105758.0
2023-03-06,4.027,3.992,4.029,3.981,6715824.0
2023-03-07,3.986,3.955,4.013,3.952,8496081.0
2023-03-08,3.943,3.93,3.946,3.916,6506472.0
2023-03-09,3.932,3.908,3.935,3.891,9251809.0
2023-03-10,3.888,3.865,3.903,3.863,7825452.0
2023-03-13,3.863,3.897,3.909,3.863,5792902.0
2023-03-14,3.894,3.876,3.894,3.855,6653105.0
2023-03-15,3.898,3.877,3.909,3.876,6798532.0
2023-03-16,3.859,3.848,3.881,3.845,6448527.0
2023-03-17,3.87,3.859,3.91,3.843,11076690.0
2023-03-20,3.863,3.839,3.876,3.837,5590149.0
2023-03-21,3.851,3.871,3.877,3.849,8774690.0
2023-03-22,3.879,3.882,3.9,3.871,7796569.0
2023-03-23,3.871,3.902,3.903,3.871,4218210.0
2023-03-24,3.897,3.887,3.9,3.878,4224136.0
2023-03-27,3.881,3.866,3.889,3.855,4972088.0
2023-03-28,3.874,3.868,3.883,3.859,4814232.0
2023-03-29,3.887,3.863,3.891,3.858,4370344.0
2023-03-30,3.863,3.901,3.902,3.855,5811136.0
2023-03-31,3.904,3.897,3.92,3.89,5827104.0
2023-04-03,3.897,3.901,3.91,3.884,5775600.0
2023-04-04,3.904,3.913,3.914,3.89,5277525.0
2023-04-06,3.9,3.898,3.909,3.889,5102223.0
2023-04-07,3.898,3.921,3.933,3.897,4394099.0
2023-04-10,3.927,3.922,3.93,3.907,4274875.0
2023-04-11,3.924,3.915,3.933,3.903,5134756.0
2023-04-12,3.917,3.897,3.92,3.895,3529873.0
2023-04-13,3.89,3.902,3.91,3.882,4260967.0
2023-04-14,3.91,3.915,3.929,3.903,3758752.0
2023-04-17,3.915,3.979,3.98,3.91,8260096.0
2023-04-18,3.975,3.991,4.0,3.971,6840900.0
2023-04-19,3.992,3.962,3.997,3.959,7059403.0
2023-04-20,3.962,3.941,3.965,3.933,9927785.0
2023-04-21,3.943,3.885,3.945,3.881,6940428.0
2023-04-24,3.884,3.843,3.889,3.831,6537842.0
2023-04-25,3.846,3.842,3.853,3.817,6843514.0
2023-04-26,3.842,3.838,3.851,3.829,9901829.0
2023-04-27,3.838,3.882,3.891,3.836,6106726.0
2023-04-28,3.882,3.91,3.919,3.882,5385948.0
2023-05-04,3.898,3.928,3.932,3.883,8033274.0
2023-05-05,3.933,3.919,3.942,3.904,4276098.0
2023-05-08,3.922,3.962,3.969,3.919,7718973.0
2023-05-09,3.967,3.941,3.996,3.94,9460392.0
2023-05-10,3.936,3.903,3.948,3.902,12671442.0
2023-05-11,3.914,3.896,3.922,3.891,3414709.0
2023-05-12,3.893,3.852,3.902,3.851,8381463.0
2023-05-15,3.851,3.91,3.911,3.843,7365413.0
2023-05-16,3.913,3.903,3.92,3.891,4139537.0
2023-05-17,3.9,3.874,3.907,3.866,6463838.0
2023-05-18,3.881,3.869,3.896,3.857,5001811.0
2023-05-19,3.859,3.856,3.879,3.832,4895589.0
2023-05-22,3.853,3.885,3.902,3.851,6057546.0
2023-05-23,3.89,3.836,3.893,3.835,5679884.0
2023-05-24,3.831,3.788,3.835,3.787,10255726.0
2023-05-25,3.784,3.774,3.787,3.749,5672705.0
2023-05-26,3.772,3.772,3.785,3.741,4895198.0
2023-05-29,3.78,3.759,3.786,3.746,4874390.0
2023-05-30,3.758,3.746,3.768,3.71,7733127.0
2023-05-31,3.73,3.697,3.733,3.69,8220069.0
2023-06-01,3.691,3.703,3.734,3.691,7441608.0
2023-06-02,3.721,3.754,3.762,3.718,6348895.0
2023-06-05,3.747,3.74,3.755,3.729,3673219.0
2023-06-06,3.739,3.724,3.779,3.722,6088878.0
2023-06-07,3.736,3.723,3.75,3.71,4196962.0
2023-06-08,3.718,3.753,3.766,3.71,6065365.0
2023-06-09,3.756,3.762,3.769,3.75,6736898.0
2023-06-12,3.761,3.762,3.778,3.74,6983175.0
2023-06-13,3.758,3.773,3.777,3.746,3495467.0
2023-06-14,3.774,3.772,3.799,3.771,6419380.0
2023-06-15,3.78,3.818,3.819,3.779,4757356.0
2023-06-16,3.82,3.845,3.852,3.819,5528363.0
2023-06-19,3.842,3.807,3.842,3.803,3904649.0
2023-06-20,3.803,3.793,3.813,3.787,3313576.0
2023-06-21,3.786,3.761,3.797,3.759,5095436.0
2023-06-26,3.745,3.728,3.746,3.72,8211922.0
2023-06-27,3.728,3.746,3.754,3.717,6029772.0
2023-06-28,3.739,3.756,3.758,3.729,7991543.0
2023-06-29,3.752,3.739,3.759,3.732,3358439.0
2023-06-30,3.737,3.747,3.765,3.732,4238520.0
2023-07-03,3.754,3.792,3.797,3.75,5354347.0
2023-07-04,3.792,3.797,3.798,3.784,2348901.0
2023-07-05,3.792,3.779,3.799,3.773,2908181.0
2023-07-06,3.771,3.756,3.786,3.75,2755416.0
2023-07-07,3.749,3.743,3.755,3.735,3569697.0
2023-07-10,3.758,3.759,3.781,3.749,3498717.0
2023-07-11,3.772,3.779,3.784,3.762,3773715.0
2023-07-12,3.782,3.778,3.794,3.771,3521039.0
2023-07-13,3.794,3.826,3.826,3.792,5388172.0
2023-07-14,3.832,3.826,3.837,3.82,3647546.0
2023-07-17,3.819,3.797,3.819,3.786,5906522.0
2023-07-18,3.8,3.793,3.805,3.782,2838368.0
2023-07-19,3.786,3.804,3.805,3.785,3540793.0
2023-07-20,3.807,3.787,3.826,3.784,4706573.0
2023-07-21,3.79,3.799,3.817,3.78,7338594.0
2023-07-24,3.778,3.784,3.797,3.772,3874085.0
2023-07-25,3.826,3.881,3.881,3.826,15317271.0
2023-07-26,3.875,3.877,3.882,3.865,4870458.0
2023-07-27,3.882,3.878,3.9,3.865,7878832.0
2023-07-28,3.859,3.966,3.977,3.859,11175666.0
2023-07-31,3.988,3.971,4.032,3.961,9765852.0
2023-08-01,3.966,3.961,3.993,3.953,7118587.0
2023-08-02,3.955,3.932,3.971,3.922,8588072.0
2023-08-03,3.929,3.961,3.964,3.922,8015844.0
2023-08-04,3.991,3.964,4.01,3.961,9632960.0
2023-08-07,3.947,3.951,3.954,3.935,9506790.0
2023-08-08,3.94,3.945,3.965,3.922,8158148.0
2023-08-09,3.934,3.945,3.955,3.932,9569187.0
2023-08-10,3.939,3.941,3.948,3.917,6707250.0
2023-08-11,3.941,3.865,3.943,3.863,13165393.0
2023-08-14,3.833,3.842,3.849,3.817,7019116.0
2023-08-15,3.839,3.843,3.853,3.812,7496054.0
2023-08-16,3.825,3.82,3.846,3.819,6914164.0
2023-08-17,3.808,3.827,3.837,3.795,8036682.0
2023-08-18,3.827,3.792,3.84,3.791,10098946.0
2023-08-21,3.788,3.753,3.797,3.753,7743154.0
2023-08-22,3.762,3.777,3.791,3.74,9507972.0
2023-08-23,3.767,3.739,3.779,3.732,9881186.0
2023-08-24,3.743,3.76,3.782,3.742,6658206.0
2023-08-25,3.75,3.772,3.792,3.747,7899690.0
2023-08-28,3.941,3.811,3.946,3.795,18693566.0
2023-08-29,3.804,3.823,3.846,3.8,10784132.0
2023-08-30,3.827,3.814,3.836,3.81,6663610.0
2023-08-31,3.816,3.804,3.826,3.794,5513696.0
2023-09-01,3.817,3.827,3.844,3.816,8072719.0
2023-09-04,3.855,3.884,3.889,3.844,9662526.0
2023-09-05,3.874,3.864,3.875,3.858,4896198.0
2023-09-06,3.852,3.859,3.865,3.843,4522422.0
2023-09-07,3.852,3.829,3.855,3.823,4488510.0
2023-09-08,3.819,3.811,3.826,3.803,5168458.0
2023-09-11,3.811,3.831,3.85,3.808,4845495.0
2023-09-12,3.827,3.826,3.833,3.82,3086228.0
2023-09-13,3.825,3.817,3.839,3.797,6615026.0
2023-09-14,3.82,3.825,3.836,3.808,5656313.0
2023-09-15,3.833,3.811,3.845,3.799,11259270.0
2023-09-18,3.805,3.827,3.829,3.792,5115627.0
2023-09-19,3.825,3.826,3.831,3.808,4086633.0
2023-09-20,3.823,3.812,3.825,3.811,5407676.0
2023-09-21,3.804,3.782,3.814,3.781,6361265.0
2023-09-22,3.78,3.856,3.857,3.775,12486141.0
2023-09-25,3.848,3.826,3.849,3.821,6306563.0
2023-09-26,3.824,3.806,3.831,3.804,5389943.0
2023-09-27,3.805,3.82,3.835,3.805,7877179.0
2023-09-28,3.826,3.795,3.83,3.792,9018754.0
2023-10-09,3.79,3.786,3.793,3.758,7094741.0
2023-10-10,3.798,3.767,3.81,3.765,6393301.0
2023-10-11,3.784,3.777,3.792,3.771,4995536.0
2023-10-12,3.806,3.805,3.819,3.792,6471168.0
2023-10-13,3.784,3.775,3.786,3.768,6273821.0
2023-10-16,3.778,3.748,3.78,3.74,5455743.0
2023-10-17,3.754,3.76,3.763,3.742,5123652.0
2023-10-18,3.756,3.748,3.763,3.743,6448572.0
2023-10-19,3.733,3.666,3.733,3.663,15488621.0
2023-10-20,3.655,3.65,3.666,3.639,9673340.0
2023-10-23,3.644,3.627,3.652,3.604,11724096.0
2023-10-24,3.634,3.637,3.645,3.611,8044666.0
2023-10-25,3.668,3.651,3.681,3.646,11670341.0
2023-10-26,3.64,3.662,3.665,3.638,5877751.0
2023-10-27,3.653,3.69,3.702,3.646,6742575.0
2023-10-30,3.679,3.688,3.696,3.674,5615286.0
2023-10-31,3.682,3.683,3.688,3.669,6983907.0
2023-11-01,3.73,3.694,3.733,3.687,10050692.0
2023-11-02,3.701,3.689,3.717,3.688,4396058.0
2023-11-03,3.694,3.713,3.721,3.691,4454147.0
2023-11-06,3.73,3.736,3.742,3.722,5701929.0
2023-11-07,3.73,3.723,3.732,3.714,5112930.0
2023-11-08,3.715,3.714,3.729,3.698,4980410.0
2023-11-09,3.705,3.714,3.723,3.703,5394368.0
2023-11-10,3.703,3.685,3.705,3.679,5938621.0
2023-11-13,3.69,3.678,3.694,3.663,4960145.0
2023-11-14,3.683,3.676,3.692,3.664,5508289.0
2023-11-15,3.697,3.701,3.708,3.69,7149495.0
2023-11-16,3.698,3.671,3.698,3.669,7976905.0
2023-11-17,3.665,3.666,3.671,3.642,28054255.0
2023-11-20,3.664,3.674,3.684,3.647,7063421.0
2023-11-21,3.682,3.688,3.708,3.679,8004787.0
2023-11-22,3.679,3.663,3.685,3.662,6009052.0
2023-11-23,3.662,3.674,3.678,3.65,5408029.0
2023-11-24,3.668,3.658,3.671,3.653,6429471.0
2023-11-27,3.656,3.633,3.657,3.614,6475224.0
2023-11-28,3.629,3.632,3.636,3.619,5105589.0
2023-11-29,3.633,3.619,3.638,3.606,14102669.0
2023-11-30,3.617,3.626,3.632,3.613,5498243.0
2023-12-01,3.625,3.607,3.625,3.585,16372300.0
2023-12-04,3.611,3.586,3.611,3.585,6021258.0
2023-12-05,3.58,3.529,3.581,3.527,9668267.0
2023-12-06,3.524,3.527,3.544,3.514,7242915.0
2023-12-07,3.522,3.515,3.527,3.497,8458436.0
2023-12-08,3.516,3.523,3.534,3.51,5784336.0
2023-12-11,3.507,3.535,3.547,3.479,13889477.0
2023-12-12,3.528,3.55,3.554,3.523,12710683.0
2023-12-13,3.542,3.496,3.543,3.495,9165594.0
2023-12-14,3.511,3.483,3.521,3.481,7997255.0
2023-12-15,3.496,3.484,3.524,3.476,11945294.0
2023-12-18,3.471,3.486,3.497,3.457,7464831.0
2023-12-19,3.483,3.49,3.503,3.471,7834450.0
2023-12-20,3.496,3.475,3.501,3.472,7118853.0
2023-12-21,3.463,3.505,3.513,3.463,14034940.0
2023-12-22,3.503,3.515,3.531,3.491,17711173.0
2023-12-25,3.514,3.516,3.523,3.507,8254433.0
2023-12-26,3.516,3.505,3.517,3.496,10013610.0
2023-12-27,3.505,3.509,3.516,3.489,11402150.0
2023-12-28,3.507,3.571,3.578,3.504,13067198.0
2023-12-29,3.566,3.572,3.584,3.56,9174642.0
2024-01-02,3.573,3.539,3.573,3.537,7873101.0
2024-01-03,3.535,3.544,3.549,3.53,6276761.0
2024-01-04,3.543,3.523,3.544,3.501,9061636.0
2024-01-05,3.516,3.51,3.544,3.495,10194159.0
2024-01-08,3.507,3.481,3.517,3.476,8887650.0
2024-01-09,3.484,3.483,3.49,3.47,8539230.0
2024-01-10,3.477,3.471,3.498,3.466,8002375.0
2024-01-11,3.47,3.477,3.491,3.46,7518734.0
2024-01-12,3.469,3.473,3.491,3.464,5938060.0
2024-01-15,3.463,3.473,3.498,3.459,5665875.0
2024-01-16,3.469,3.488,3.489,3.456,11365268.0
2024-01-17,3.477,3.428,3.479,3.426,12722519.0
2024-01-18,3.418,3.476,3.481,3.383,48256572.0
2024-01-19,3.458,3.485,3.491,3.447,37844813.0
2024-01-22,3.476,3.46,3.497,3.433,28731502.0
2024-01-23,3.453,3.457,3.476,3.431,14307000.0
2024-01-24,3.47,3.501,3.507,3.44,16299793.0
2024-01-25,3.502,3.562,3.568,3.496,15457903.0
2024-01-26,3.554,3.566,3.576,3.544,24310874.0
2024-01-29,3.566,3.556,3.581,3.553,11633523.0
2024-01-30,3.542,3.514,3.552,3.511,12781779.0
2024-01-31,3.504,3.497,3.517,3.478,19494492.0
2024-02-01,3.484,3.486,3.513,3.475,20151254.0
2024-02-02,3.488,3.469,3.505,3.404,21091627.0
2024-02-05,3.451,3.494,3.51,3.428,16359863.0
2024-02-06,3.484,3.567,3.576,3.482,23857265.0
2024-02-07,3.572,3.601,3.602,3.552,29994877.0
2024-02-08,3.612,3.607,3.619,3.585,32903829.0
2024-02-19,3.623,3.629,3.63,3.604,17493531.0
2024-02-20,3.624,3.627,3.632,3.61,9881649.0
2024-02-21,3.619,3.677,3.714,3.614,19576886.0
2024-02-22,3.672,3.703,3.707,3.67,8735502.0
2024-02-23,3.703,3.704,3.723,3.695,10611448.0
2024-02-26,3.701,3.656,3.702,3.65,19025108.0
2024-02-27,3.646,3.67,3.671,3.644,12488100.0
2024-02-28,3.67,3.653,3.689,3.651,17928480.0
2024-02-29,3.645,3.677,3.682,3.645,12861036.0
2024-03-01,3.672,3.682,3.691,3.662,11914239.0
2024-03-04,3.677,3.685,3.694,3.67,12735646.0
2024-03-05,3.675,3.721,3.728,3.671,24326536.0
2024-03-06,3.717,3.705,3.726,3.704,15001291.0
2024-03-07,3.703,3.696,3.721,3.685,9681971.0
2024-03-08,3.696,3.696,3.707,3.676,8131796.0
2024-03-11,3.696,3.718,3.72,3.685,10377410.0
2024-03-12,3.718,3.726,3.736,3.71,16067259.0
2024-03-13,3.721,3.702,3.722,3.688,10131920.0
2024-03-14,3.701,3.695,3.721,3.683,8526481.0
2024-03-15,3.685,3.697,3.703,3.675,10234260.0
2024-03-18,3.695,3.709,3.714,3.689,8959254.0
2024-03-19,3.703,3.689,3.715,3.683,9932093.0
2024-03-20,3.681,3.696,3.704,3.675,8084708.0
2024-03-21,3.702,3.696,3.716,3.695,6084785.0
2024-03-22,3.69,3.67,3.692,3.649,14666309.0
2024-03-25,3.664,3.669,3.688,3.658,7060301.0
2024-03-26,3.671,3.679,3.684,3.664,7279260.0
2024-03-27,3.674,3.664,3.691,3.663,8445248.0
2024-03-28,3.662,3.67,3.695,3.649,11681462.0
2024-03-29,3.666,3.683,3.688,3.665,6343347.0
2024-04-01,3.69,3.714,3.726,3.69,9645423.0
2024-04-02,3.715,3.709,3.721,3.7,6630532.0
2024-04-03,3.71,3.7,3.713,3.692,5966107.0
2024-04-08,3.691,3.684,3.702,3.672,9452898.0
2024-04-09,3.683,3.669,3.688,3.664,6621908.0
2024-04-10,3.671,3.662,3.678,3.65,8470106.0
2024-04-11,3.652,3.659,3.669,3.639,6501972.0
2024-04-12,3.658,3.634,3.665,3.626,7555349.0
2024-04-15,3.632,3.694,3.696,3.631,14488230.0
2024-04-16,3.688,3.682,3.701,3.66,10738001.0
2024-04-17,3.677,3.711,3.714,3.662,10021600.0
2024-04-18,3.703,3.72,3.748,3.701,11747951.0
2024-04-19,3.708,3.701,3.72,3.692,8419503.0
2024-04-22,3.702,3.696,3.727,3.691,8092445.0
2024-04-23,3.692,3.681,3.698,3.678,5461993.0
2024-04-24,3.689,3.692,3.698,3.672,6679206.0
2024-04-25,3.688,3.703,3.71,3.678,5467004.0
2024-04-26,3.705,3.739,3.748,3.705,10252533.0
2024-04-29,3.736,3.756,3.779,3.73,12745864.0
2024-04-30,3.753,3.743,3.766,3.741,6102266.0
2024-05-06,3.777,3.779,3.792,3.767,10292529.0
2024-05-07,3.778,3.785,3.788,3.772,5575827.0
2024-05-08,3.78,3.767,3.781,3.765,5025894.0
2024-05-09,3.766,3.786,3.792,3.766,4806423.0
2024-05-10,3.793,3.794,3.803,3.773,9575303.0
2024-05-13,3.785,3.791,3.799,3.767,8365878.0
2024-05-14,3.79,3.78,3.795,3.773,5615916.0
2024-05-15,3.778,3.759,3.785,3.753,6855137.0
2024-05-16,3.763,3.771,3.781,3.754,7740598.0
2024-05-17,3.771,3.816,3.818,3.768,9433886.0
2024-05-20,3.817,3.823,3.838,3.811,6527969.0
2024-05-21,3.817,3.817,3.821,3.804,4955627.0
2024-05-22,3.812,3.818,3.825,3.807,5769511.0
2024-05-23,3.808,3.787,3.811,3.779,10148166.0
2024-05-24,3.778,3.753,3.79,3.75,9265578.0
2024-05-27,3.758,3.78,3.782,3.758,8532848.0
2024-05-28,3.78,3.772,3.79,3.767,4946235.0
2024-05-29,3.769,3.773,3.797,3.768,5478518.0
2024-05-30,3.769,3.753,3.785,3.746,6922247.0
2024-05-31,3.758,3.742,3.769,3.74,5260071.0
2024-06-03,3.739,3.746,3.754,3.729,6104775.0
2024-06-04,3.743,3.762,3.771,3.74,6874873.0
2024-06-05,3.761,3.749,3.766,3.748,6055816.0
2024-06-06,3.755,3.75,3.777,3.741,7178145.0
2024-06-07,3.758,3.737,3.762,3.723,7205760.0
2024-06-11,3.729,3.702,3.732,3.691,9922437.0
2024-06-12,3.697,3.698,3.704,3.688,6958130.0
2024-06-13,3.703,3.687,3.703,3.678,7129564.0
2024-06-14,3.682,3.707,3.713,3.674,8970682.0
2024-06-17,3.688,3.689,3.697,3.684,9911370.0
2024-06-18,3.688,3.689,3.702,3.682,6218496.0
2024-06-19,3.69,3.694,3.698,3.682,5918251.0
2024-06-20,3.69,3.685,3.703,3.682,7609007.0
2024-06-21,3.683,3.679,3.69,3.658,16365973.0
2024-06-24,3.66,3.679,3.698,3.657,12784610.0
2024-06-25,3.679,3.669,3.687,3.653,10331747.0
2024-06-26,3.663,3.674,3.682,3.656,8626790.0
2024-06-27,3.668,3.665,3.671,3.65,9311183.0
2024-06-28,3.658,3.674,3.688,3.656,7429559.0
2024-07-01,3.672,3.684,3.69,3.663,6621932.0
2024-07-02,3.681,3.698,3.705,3.679,9290694.0
2024-07-03,3.7,3.698,3.703,3.688,3773520.0
2024-07-04,3.701,3.689,3.714,3.688,6321292.0
2024-07-05,3.689,3.665,3.695,3.64,11938359.0
2024-07-08,3.656,3.651,3.669,3.644,6944250.0
2024-07-09,3.65,3.677,3.688,3.631,10059165.0
2024-07-10,3.672,3.672,3.685,3.67,5067294.0
2024-07-11,3.688,3.703,3.707,3.678,6476890.0
2024-07-12,3.705,3.721,3.724,3.704,10995092.0
2024-07-15,3.717,3.733,3.736,3.714,11447504.0
2024-07-16,3.73,3.743,3.748,3.721,12088254.0
2024-07-17,3.741,3.755,3.763,3.739,11333481.0
2024-07-18,3.749,3.769,3.774,3.742,13175566.0
2024-07-19,3.761,3.79,3.8,3.745,29955500.0
2024-07-22,3.787,3.761,3.788,3.742,10696968.0
2024-07-23,3.754,3.723,3.762,3.718,7002163.0
2024-07-24,3.715,3.713,3.73,3.7,9856988.0
2024-07-25,3.702,3.684,3.709,3.67,13277874.0
2024-07-26,3.685,3.677,3.69,3.659,13986516.0
2024-07-29,3.674,3.666,3.679,3.662,5652227.0
2024-07-30,3.66,3.651,3.663,3.634,15775588.0
2024-07-31,3.65,3.7,3.704,3.649,10156080.0
2024-08-01,3.696,3.682,3.702,3.678,6009496.0
2024-08-02,3.669,3.664,3.681,3.655,9324298.0
2024-08-05,3.655,3.645,3.685,3.64,22994509.0
2024-08-06,3.657,3.626,3.666,3.601,13266939.0
2024-08-07,3.62,3.624,3.643,3.617,7888451.0
2024-08-08,3.623,3.632,3.65,3.614,5420832.0
2024-08-09,3.645,3.629,3.655,3.627,7108425.0
2024-08-12,3.629,3.63,3.638,3.623,3785181.0
2024-08-13,3.629,3.629,3.633,3.613,4829871.0
2024-08-14,3.63,3.613,3.63,3.612,5535233.0
2024-08-15,3.608,3.651,3.663,3.604,11877681.0
2024-08-16,3.65,3.665,3.67,3.645,12210098.0
2024-08-19,3.665,3.678,3.694,3.665,4569783.0
2024-08-20,3.683,3.67,3.683,3.656,10826380.0
2024-08-21,3.663,3.656,3.668,3.639,8675947.0
2024-08-22,3.658,3.66,3.665,3.647,9491853.0
2024-08-23,3.66,3.678,3.683,3.658,5248149.0
2024-08-26,3.681,3.675,3.688,3.662,4942720.0
2024-08-27,3.674,3.677,3.683,3.665,7653493.0
2024-08-28,3.672,3.657,3.676,3.645,10675309.0
2024-08-29,3.65,3.633,3.655,3.631,4836324.0
2024-08-30,3.627,3.659,3.681,3.626,10847342.0
2024-09-02,3.644,3.613,3.647,3.61,7392893.0
2024-09-03,3.612,3.6,3.616,3.595,9377083.0
2024-09-04,3.587,3.576,3.6,3.572,7137825.0
2024-09-05,3.578,3.58,3.591,3.572,6894338.0
2024-09-06,3.582,3.567,3.6,3.565,8562679.0
2024-09-09,3.557,3.53,3.561,3.521,10023801.0
2024-09-10,3.529,3.531,3.54,3.516,8205770.0
2024-09-11,3.526,3.515,3.528,3.507,9266640.0
2024-09-12,3.516,3.503,3.526,3.501,6991983.0
2024-09-13,3.503,3.497,3.521,3.496,7015425.0
2024-09-18,3.497,3.513,3.523,3.495,9862960.0
2024-09-19,3.516,3.529,3.542,3.489,10390874.0
2024-09-20,3.524,3.534,3.542,3.505,18929667.0
2024-09-23,3.531,3.542,3.557,3.529,6102424.0
2024-09-24,3.573,3.684,3.684,3.56,19945356.0
2024-09-25,3.726,3.72,3.772,3.713,16106077.0
2024-09-26,3.716,3.883,3.885,3.716,23766597.0
2024-09-27,3.934,4.009,4.12,3.871,15153691.0
2024-09-30,4.1,4.228,4.269,4.006,35718685.0
2024-10-08,4.572,4.309,4.572,4.228,37580843.0
2024-10-09,4.23,4.055,4.264,4.049,22327071.0
2024-10-10,4.082,4.16,4.241,4.074,22507431.0
2024-10-11,4.147,4.091,4.155,4.045,19952232.0
2024-10-14,4.104,4.13,4.152,4.072,18874594.0
2024-10-15,4.115,4.049,4.138,4.046,15630305.0
2024-10-16,4.026,4.044,4.078,4.019,11896819.0
2024-10-17,4.063,3.994,4.08,3.993,15459338.0
2024-10-18,3.998,4.093,4.172,3.968,20674267.0
2024-10-21,4.095,4.087,4.112,4.059,13690328.0
2024-10-22,4.085,4.1,4.119,4.077,12676923.0
2024-10-23,4.1,4.119,4.146,4.088,14522924.0
2024-10-24,4.103,4.085,4.109,4.071,10727306.0
2024-10-25,4.085,4.09,4.117,4.072,9443247.0
2024-10-28,4.089,4.093,4.094,4.056,8204625.0
2024-10-29,4.096,4.074,4.127,4.065,11055290.0
2024-10-30,4.062,4.031,4.08,4.017,10150427.0
2024-10-31,4.031,4.029,4.055,4.005,10689799.0
2024-11-01,4.022,4.054,4.078,4.022,13807559.0
2024-11-04,4.057,4.081,4.083,4.029,7106926.0
2024-11-05,4.072,4.147,4.148,4.061,15474295.0
2024-11-06,4.146,4.12,4.166,4.099,13287261.0
2024-11-07,4.095,4.246,4.25,4.094,19703699.0
2024-11-08,4.26,4.196,4.276,4.179,18561411.0
2024-11-11,4.165,4.174,4.179,4.123,12060510.0
2024-11-12,4.167,4.125,4.21,4.109,13409688.0
2024-11-13,4.109,4.143,4.157,4.107,11543369.0
2024-11-14,4.133,4.115,4.165,4.108,12772062.0
2024-11-15,4.108,4.072,4.123,4.071,13944189.0
2024-11-18,4.085,4.087,4.14,4.07,11996198.0
2024-11-19,4.082,4.072,4.09,4.031,9194689.0
2024-11-20,4.065,4.08,4.091,4.056,8549799.0
2024-11-21,4.075,4.088,4.093,4.065,7389827.0
2024-11-22,4.083,3.992,4.089,3.985,13130656.0
2024-11-25,3.994,3.965,4.012,3.947,13224316.0
2024-11-26,3.953,3.977,3.997,3.952,8399711.0
2024-11-27,3.977,4.014,4.017,3.965,11047126.0
2024-11-28,4.017,3.999,4.023,3.981,9132828.0
2024-11-29,4.0,4.018,4.059,3.999,11626312.0
2024-12-02,4.019,4.031,4.042,4.001,7992803.0
2024-12-03,4.031,4.048,4.057,4.016,8012046.0
2024-12-04,4.044,4.044,4.059,4.03,9249462.0
2024-12-05,4.033,4.03,4.045,4.02,4138205.0
2024-12-06,4.031,4.064,4.088,4.023,9679321.0
2024-12-09,4.061,4.068,4.093,4.054,6695835.0
2024-12-10,4.162,4.097,4.175,4.087,12984448.0
2024-12-11,4.089,4.076,4.101,4.071,6737849.0
2024-12-12,4.078,4.113,4.114,4.069,8735536.0
2024-12-13,4.094,4.033,4.095,4.024,17176953.0
2024-12-16,4.033,4.029,4.038,4.022,8353765.0
2024-12-17,4.024,4.045,4.071,4.024,10871029.0
2024-12-18,4.056,4.068,4.078,4.056,8432093.0
2024-12-19,4.045,4.056,4.068,4.03,5620155.0
2024-12-20,4.051,4.046,4.071,4.039,9487539.0
2024-12-23,4.046,4.074,4.094,4.046,14460434.0
2024-12-24,4.078,4.108,4.115,4.065,8582619.0
2024-12-25,4.116,4.121,4.138,4.108,10273263.0
2024-12-26,4.12,4.113,4.122,4.102,6313202.0
2024-12-27,4.109,4.109,4.127,4.093,6117459.0
2024-12-30,4.109,4.132,4.138,4.109,7772449.0
2024-12-31,4.13,4.09,4.139,4.088,15603911.0
2025-01-02,4.084,4.006,4.09,3.98,12402833.0
2025-01-03,4.001,3.975,4.012,3.961,9348973.0
2025-01-06,3.975,3.962,3.981,3.935,10737270.0
2025-01-07,3.961,3.98,3.984,3.951,6570023.0
2025-01-08,3.977,3.987,4.006,3.949,12182753.0
2025-01-09,3.985,3.972,3.987,3.959,7736789.0
2025-01-10,3.969,3.945,3.987,3.942,9300707.0
2025-01-13,3.93,3.935,3.946,3.91,7230674.0
2025-01-14,3.94,3.988,4.0,3.932,11877053.0
2025-01-15,3.981,3.981,3.998,3.974,6509676.0
2025-01-16,3.988,3.971,4.011,3.956,8949630.0
2025-01-17,3.962,3.971,3.987,3.946,6186776.0
2025-01-20,3.986,3.978,4.004,3.971,6491374.0
2025-01-21,3.988,3.974,3.991,3.965,4747302.0
2025-01-22,3.973,3.935,3.974,3.923,11475867.0
2025-01-23,3.954,3.954,4.003,3.948,13289416.0
2025-01-24,3.953,3.972,3.991,3.948,9747169.0
2025-01-27,3.977,3.978,3.992,3.972,11620837.0
2025-02-05,3.992,3.949,3.996,3.942,11290191.0
2025-02-06,3.949,3.972,3.98,3.941,8921698.0
2025-02-07,3.969,4.007,4.027,3.959,13450502.0
2025-02-10,4.007,4.019,4.03,4.003,6044639.0
2025-02-11,4.025,4.011,4.026,4.003,7720638.0
2025-02-12,4.01,4.043,4.05,4.004,7175887.0
2025-02-13,4.04,4.048,4.074,4.036,9275064.0
2025-02-14,4.043,4.068,4.072,4.037,9345724.0
2025-02-17,4.075,4.072,4.083,4.05,10702113.0
2025-02-18,4.069,4.061,4.09,4.048,10415171.0
2025-02-19,4.054,4.071,4.085,4.045,6717841.0
2025-02-20,4.068,4.055,4.068,4.044,5718533.0
2025-02-21,4.064,4.097,4.102,4.054,9607078.0
2025-02-24,4.093,4.082,4.104,4.067,10676691.0
2025-02-25,4.067,4.049,4.071,4.038,7562659.0
2025-02-26,4.054,4.076,4.078,4.049,6829191.0
2025-02-27,4.075,4.093,4.095,4.062,7267979.0
2025-02-28,4.083,4.051,4.104,4.044,9990513.0
2025-03-03,4.05,4.029,4.063,4.018,7660951.0
2025-03-04,4.016,4.019,4.029,4.004,5336225.0
2025-03-05,4.02,4.042,4.048,4.016,7279974.0
2025-03-06,4.056,4.093,4.104,4.055,11925746.0
2025-03-07,4.09,4.091,4.109,4.084,7012406.0
2025-03-10,4.091,4.077,4.094,4.056,12763713.0
2025-03-11,4.057,4.091,4.093,4.051,6161943.0
2025-03-12,4.091,4.081,4.1,4.074,5463028.0
2025-03-13,4.08,4.072,4.095,4.059,5724652.0
2025-03-14,4.078,4.167,4.174,4.078,15514683.0
2025-03-17,4.178,4.161,4.185,4.155,6493563.0
2025-03-18,4.172,4.164,4.179,4.16,4533660.0
2025-03-19,4.16,4.174,4.186,4.157,6219571.0
2025-03-20,4.175,4.139,4.177,4.13,7753116.0
2025-03-21,4.13,4.085,4.142,4.076,10133600.0
2025-03-24,4.084,4.107,4.11,4.083,6366811.0
2025-03-25,4.11,4.107,4.114,4.099,5959960.0
2025-03-26,4.106,4.088,4.113,4.084,7912873.0
2025-03-27,4.087,4.104,4.122,4.083,6780263.0
2025-03-28,4.103,4.09,4.108,4.081,5455546.0
2025-03-31,4.084,4.075,4.107,4.064,8421435.0
2025-04-01,4.076,4.07,4.087,4.067,4572423.0
2025-04-02,4.067,4.064,4.08,4.058,3759598.0
2025-04-03,4.04,4.069,4.082,4.037,6896073.0
2025-04-07,3.951,3.893,3.998,3.797,37040801.0
2025-04-08,3.893,3.96,3.961,3.884,35563153.0
2025-04-09,3.939,3.984,3.99,3.92,15037226.0
2025-04-10,4.016,4.012,4.02,3.984,8769246.0
2025-04-11,3.999,4.018,4.022,3.988,11058711.0
2025-04-14,4.02,4.027,4.037,4.009,4601982.0
2025-04-15,4.023,4.035,4.04,4.011,10207057.0
2025-04-16,4.033,4.063,4.07,4.013,23126580.0
2025-04-17,4.048,4.067,4.1,4.044,11663309.0
2025-04-18,4.057,4.069,4.077,4.051,13018067.0
2025-04-21,4.063,4.058,4.083,4.058,6303513.0
2025-04-22,4.057,4.064,4.077,4.056,6106662.0
2025-04-23,4.072,4.055,4.076,4.05,4951600.0
2025-04-24,4.055,4.063,4.076,4.054,5941611.0
2025-04-25,4.065,4.057,4.074,4.048,6653659.0
2025-04-28,4.051,4.058,4.067,4.038,5199593.0
2025-04-29,4.057,4.052,4.063,4.045,3846837.0
2025-04-30,4.052,4.037,4.061,4.036,5568278.0
2025-05-06,4.056,4.054,4.057,4.038,5058295.0
2025-05-07,4.091,4.082,4.099,4.063,12209317.0
2025-05-08,4.074,4.095,4.113,4.07,7976006.0
2025-05-09,4.09,4.097,4.104,4.089,5120432.0
2025-05-12,4.104,4.12,4.133,4.097,7264181.0
2025-05-13,4.133,4.127,4.133,4.119,5758009.0
2025-05-14,4.129,4.184,4.202,4.127,12546489.0
2025-05-15,4.179,4.167,4.188,4.161,8112795.0
2025-05-16,4.161,4.138,4.168,4.125,6900619.0
2025-05-19,4.128,4.127,4.138,4.119,4655272.0
2025-05-20,4.128,4.14,4.155,4.127,3666608.0
2025-05-21,4.14,4.155,4.168,4.14,4281720.0
2025-05-22,4.149,4.159,4.166,4.141,2470538.0
2025-05-23,4.157,4.134,4.172,4.132,5058543.0
2025-05-26,4.128,4.121,4.146,4.112,4736762.0
2025-05-27,4.12,4.104,4.129,4.101,4171257.0
2025-05-28,4.104,4.101,4.109,4.096,3341957.0
2025-05-29,4.102,4.109,4.127,4.094,8820875.0
2025-05-30,4.108,4.103,4.114,4.081,8849951.0
2025-06-03,4.093,4.102,4.117,4.085,5012603.0
2025-06-04,4.106,4.11,4.121,4.102,3180233.0
2025-06-05,4.116,4.109,4.117,4.099,4164795.0
2025-06-06,4.114,4.112,4.126,4.106,5067367.0
2025-06-09,4.114,4.112,4.125,4.101,7097882.0
2025-06-10,4.114,4.095,4.125,4.087,9179435.0
2025-06-11,4.095,4.119,4.135,4.094,5850728.0
2025-06-12,4.114,4.116,4.123,4.094,3926503.0
2025-06-13,4.11,4.1,4.116,4.088,6512013.0
2025-06-16,4.089,4.108,4.113,4.087,5788284.0
2025-06-17,4.107,4.108,4.112,4.093,5712680.0
2025-06-18,4.107,4.104,4.116,4.091,4276770.0
2025-06-19,4.1,4.084,4.102,4.077,8062187.0
2025-06-20,4.087,4.103,4.11,4.085,7882260.0
2025-06-23,4.096,4.119,4.129,4.084,7550156.0
2025-06-24,4.119,4.154,4.175,4.117,9588477.0
2025-06-25,4.157,4.202,4.204,4.149,9741270.0
2025-06-26,4.199,4.194,4.204,4.19,5915427.0
2025-06-27,4.198,4.158,4.21,4.154,7351361.0
2025-06-30,4.158,4.172,4.174,4.148,7893734.0
2025-07-01,4.171,4.175,4.181,4.164,4388174.0
2025-07-02,4.177,4.183,4.191,4.168,4130994.0
2025-07-03,4.185,4.187,4.191,4.173,2259457.0
2025-07-04,4.185,4.206,4.232,4.174,5631235.0
2025-07-07,4.2,4.197,4.203,4.187,2882050.0
2025-07-08,4.196,4.217,4.223,4.196,4582411.0
2025-07-09,4.219,4.213,4.231,4.207,4053707.0
2025-07-10,4.21,4.232,4.257,4.209,5590829.0
2025-07-11,4.235,4.248,4.303,4.232,12511232.0
2025-07-14,4.246,4.245,4.263,4.243,5217903.0
2025-07-15,4.245,4.229,4.254,4.21,6323674.0
2025-07-16,4.229,4.223,4.242,4.21,4466359.0
2025-07-17,4.222,4.233,4.235,4.217,3816978.0
2025-07-18,4.239,4.263,4.269,4.237,6767310.0
2025-07-21,4.267,4.27,4.277,4.258,5735454.0
2025-07-22,4.273,4.299,4.301,4.257,6589763.0
2025-07-23,4.3,4.307,4.336,4.299,7262294.0
2025-07-24,4.307,4.321,4.332,4.297,5381465.0
2025-07-25,4.321,4.301,4.321,4.29,5725561.0
2025-07-28,4.302,4.316,4.321,4.291,6102850.0
2025-07-29,4.312,4.322,4.327,4.301,5208200.0
2025-07-30,4.318,4.333,4.363,4.309,8261651.0
2025-07-31,4.322,4.281,4.322,4.268,9464200.0
2025-08-01,4.274,4.254,4.284,4.245,8235140.0
2025-08-04,4.244,4.27,4.271,4.243,4798952.0
2025-08-05,4.27,4.296,4.301,4.268,7243018.0
2025-08-06,4.294,4.303,4.309,4.29,3287829.0
2025-08-07,4.306,4.307,4.319,4.291,4043735.0
2025-08-08,4.301,4.294,4.309,4.288,2938309.0
2025-08-11,4.296,4.296,4.31,4.288,6412172.0
2025-08-12,4.297,4.32,4.329,4.297,6136004.0
2025-08-13,4.32,4.329,4.346,4.318,7414554.0
2025-08-14,4.333,4.346,4.379,4.332,9297514.0
2025-08-15,4.339,4.359,4.373,4.327,13530609.0
2025-08-18,4.365,4.366,4.391,4.348,10996324.0
2025-08-19,4.364,4.326,4.383,4.323,8026990.0
2025-08-20,4.322,4.371,4.372,4.307,10037507.0
2025-08-21,4.376,4.389,4.399,4.372,8740236.0
2025-08-22,4.391,4.479,4.48,4.391,12658649.0
2025-08-25,4.494,4.547,4.552,4.488,11883797.0
2025-08-26,4.544,4.52,4.544,4.512,7274856.0
2025-08-27,4.522,4.461,4.538,4.456,9928063.0
2025-08-28,4.455,4.513,4.515,4.442,11513666.0
2025-08-29,4.501,4.533,4.545,4.496,12427409.0
2025-09-01,4.537,4.534,4.545,4.514,9471059.0
2025-09-02,4.537,4.552,4.567,4.519,7797980.0
2025-09-03,4.552,4.503,4.563,4.476,11190358.0
2025-09-04,4.499,4.441,4.502,4.404,14957114.0
2025-09-05,4.439,4.486,4.495,4.432,6499236.0
2025-09-08,4.483,4.48,4.499,4.461,5352385.0
2025-09-09,4.471,4.47,4.495,4.452,8518875.0
2025-09-10,4.467,4.486,4.505,4.464,4603634.0
2025-09-11,4.471,4.545,4.547,4.455,13086003.0
2025-09-12,4.547,4.524,4.561,4.515,6949719.0
2025-09-15,4.529,4.515,4.54,4.506,5423224.0
2025-09-16,4.519,4.497,4.528,4.489,6450472.0
2025-09-17,4.493,4.505,4.512,4.48,5797480.0
2025-09-18,4.509,4.457,4.528,4.424,13048575.0
2025-09-19,4.448,4.454,4.477,4.445,6556660.0
2025-09-22,4.452,4.464,4.473,4.438,6331045.0
2025-09-23,4.462,4.464,4.483,4.428,11085926.0
2025-09-24,4.452,4.486,4.492,4.45,8089784.0
2025-09-25,4.488,4.503,4.515,4.486,5579762.0
2025-09-26,4.492,4.492,4.514,4.486,4655693.0
2025-09-29,4.486,4.529,4.564,4.464,12640895.0
2025-09-30,4.539,4.55,4.552,4.533,5536347.0
2025-10-09,4.563,4.591,4.6,4.544,6753908.0
2025-10-10,4.572,4.533,4.577,4.521,9312346.0
2025-10-13,4.461,4.52,4.528,4.461,5377148.0
2025-10-14,4.537,4.519,4.557,4.502,11351224.0
2025-10-15,4.521,4.564,4.57,4.512,8039212.0
2025-10-16,4.559,4.589,4.599,4.554,8492969.0
2025-10-17,4.587,4.531,4.593,4.516,10476012.0
2025-10-20,4.544,4.532,4.559,4.522,9068140.0
2025-10-21,4.54,4.571,4.58,4.535,8524248.0
2025-10-22,4.551,4.576,4.582,4.545,7930701.0
2025-10-23,4.572,4.598,4.604,4.544,5765693.0
2025-10-24,4.608,4.628,4.636,4.603,6810618.0
2025-10-27,4.647,4.656,4.667,4.637,9466972.0
2025-10-28,4.651,4.632,4.664,4.625,7843015.0
2025-10-29,4.635,4.649,4.651,4.63,6303459.0
2025-10-30,4.643,4.629,4.664,4.623,9869086.0
2025-10-31,4.63,4.59,4.634,4.585,10606639.0
2025-11-03,4.582,4.591,4.595,4.557,10062007.0
2025-11-04,4.59,4.585,4.605,4.567,9918416.0
2025-11-05,4.558,4.578,4.595,4.548,5728688.0
2025-11-06,4.587,4.625,4.631,4.583,6410614.0
2025-11-07,4.617,4.621,4.632,4.615,4454563.0
2025-11-10,4.624,4.638,4.641,4.606,4411218.0
2025-11-11,4.643,4.613,4.647,4.6,5112493.0
2025-11-12,4.611,4.634,4.644,4.611,5535944.0
2025-11-13,4.627,4.662,4.667,4.625,5012237.0
2025-11-14,4.649,4.617,4.664,4.616,4273872.0
2025-11-17,4.616,4.589,4.617,4.573,7648816.0
2025-11-18,4.58,4.578,4.599,4.565,6626141.0
2025-11-19,4.573,4.596,4.611,4.573,7117605.0
2025-11-20,4.61,4.585,4.621,4.578,3863730.0
2025-11-21,4.563,4.52,4.605,4.513,7926387.0
2025-11-24,4.525,4.512,4.531,4.502,6183482.0
2025-11-25,4.524,4.531,4.54,4.514,5700565.0
2025-11-26,4.534,4.535,4.696,4.532,4655892.0
2025-11-27,4.54,4.533,4.559,4.529,6512394.0
2025-11-28,4.532,4.534,4.54,4.515,5891902.0
2025-12-01,4.539,4.563,4.564,4.535,7558124.0
2025-12-02,4.563,4.545,4.564,4.537,4791261.0
2025-12-03,4.542,4.528,4.552,4.519,4778345.0
2025-12-04,4.533,4.538,4.548,4.521,4306399.0
2025-12-05,4.538,4.572,4.587,4.534,6637137.0
2025-12-08,4.58,4.595,4.611,4.579,7894104.0
2025-12-09,4.59,4.568,4.592,4.56,5570294.0
2025-12-10,4.564,4.557,4.568,4.534,5522261.0
2025-12-11,4.563,4.542,4.568,4.529,4920669.0
2025-12-12,4.548,4.559,4.565,4.531,6310280.0
2025-12-15,4.55,4.558,4.593,4.545,5200073.0
2025-12-16,4.555,4.522,4.557,4.506,7878038.0
2025-12-17,4.525,4.564,4.583,4.512,8863131.0
2025-12-18,4.558,4.571,4.577,4.55,3775788.0
2025-12-19,4.572,4.587,4.602,4.564,8660722.0
2025-12-22,4.593,4.604,4.613,4.592,5439508.0
2025-12-23,4.609,4.611,4.629,4.6,7227072.0
2025-12-24,4.61,4.612,4.619,4.595,6620371.0
2025-12-25,4.609,4.622,4.629,4.602,4466238.0
2025-12-26,4.623,4.637,4.654,4.621,7161973.0
2025-12-29,4.637,4.624,4.649,4.615,4870165.0
2025-12-30,4.613,4.623,4.641,4.606,5242576.0
2025-12-31,4.625,4.619,4.642,4.61,9114747.0
2026-01-05,4.632,4.701,4.711,4.632,7992179.0
2026-01-06,4.708,4.773,4.774,4.705,6444102.0
2026-01-07,4.774,4.756,4.777,4.739,6129682.0
2026-01-08,4.746,4.729,4.753,4.711,5125429.0
2026-01-09,4.728,4.743,4.759,4.718,6013761.0
2026-01-12,4.75,4.753,4.761,4.732,5443025.0
2026-01-13,4.759,4.748,4.798,4.732,9151140.0
2026-01-14,4.751,4.716,4.79,4.707,11870164.0
2026-01-15,4.708,4.708,4.738,4.696,36385077.0
2026-01-16,4.724,4.685,4.74,4.663,34763667.0
2026-01-19,4.676,4.676,4.701,4.663,22693188.0
2026-01-20,4.675,4.673,4.693,4.655,24576446.0
2026-01-21,4.669,4.667,4.702,4.656,53658762.0
2026-01-22,4.676,4.65,4.692,4.642,28467854.0
2026-01-23,4.655,4.621,4.662,4.606,39699812.0
2026-01-26,4.631,4.648,4.692,4.627,53619427.0
2026-01-27,4.649,4.65,4.682,4.641,28902465.0
2026-01-28,4.662,4.658,4.675,4.641,68470665.0
2026-01-29,4.667,4.727,4.735,4.647,36935945.0
2026-01-30,4.702,4.669,4.715,4.632,11439162.0
2026-02-02,4.649,4.59,4.677,4.579,16930653.0
2026-02-03,4.611,4.623,4.627,4.57,9719698.0
2026-02-04,4.622,4.669,4.67,4.617,7163199.0
2026-02-05,4.648,4.657,4.667,4.621,7105427.0
2026-02-06,4.625,4.631,4.655,4.604,7068558.0
2026-02-09,4.661,4.686,4.687,4.655,6225056.0
2026-02-10,4.69,4.696,4.698,4.683,4426210.0
2026-02-11,4.69,4.696,4.701,4.68,3693565.0
2026-02-12,4.698,4.686,4.703,4.682,2559036.0
2026-02-13,4.671,4.63,4.673,4.627,9338776.0
2026-02-24,4.673,4.636,4.677,4.635,4165786.0
2026-02-25,4.638,4.654,4.687,4.638,8470643.0
2026-02-26,4.656,4.631,4.661,4.615,4776386.0
2026-02-27,4.623,4.641,4.647,4.618,5581606.0
2026-03-02,4.629,4.643,4.65,4.597,10925052.0
2026-03-03,4.64,4.609,4.657,4.6,8676074.0
2026-03-04,4.578,4.555,4.586,4.531,6620919.0
2026-03-05,4.573,4.573,4.587,4.559,5806391.0
2026-03-06,4.56,4.576,4.589,4.551,6014140.0
2026-03-09,4.542,4.544,4.554,4.501,8632089.0
2026-03-10,4.551,4.566,4.571,4.551,4393113.0
2026-03-11,4.566,4.568,4.573,4.552,3983936.0
2026-03-12,4.564,4.551,4.567,4.531,5331609.0
2026-03-13,4.54,4.537,4.56,4.527,4469639.0
2026-03-16,4.531,4.528,4.533,4.499,6431454.0
2026-03-17,4.531,4.541,4.58,4.528,7016996.0
2026-03-18,4.548,4.537,4.554,4.513,5913833.0
2026-03-19,4.507,4.487,4.516,4.475,7664708.0
2026-03-20,4.483,4.444,4.496,4.442,9070530.0
2026-03-23,4.405,4.339,4.413,4.319,13985705.0
2026-03-24,4.353,4.377,4.379,4.332,9756823.0
2026-03-25,4.39,4.412,4.418,4.389,11941220.0
2026-03-26,4.409,4.373,4.418,4.365,4154586.0
2026-03-27,4.349,4.387,4.399,4.348,6506352.0
2026-03-30,4.36,4.383,4.386,4.347,5452618.0
2026-03-31,4.391,4.379,4.423,4.377,6016877.0
2026-04-01,4.412,4.437,4.444,4.411,4575115.0
2026-04-02,4.43,4.407,4.432,4.39,4193380.0
2026-04-03,4.412,4.378,4.415,4.374,2830257.0
2026-04-07,4.378,4.377,4.394,4.371,4016673.0
2026-04-08,4.424,4.469,4.474,4.422,8465137.0
2026-04-09,4.452,4.445,4.452,4.436,3756177.0
2026-04-10,4.456,4.462,4.482,4.455,4850042.0
2026-04-13,4.455,4.462,4.465,4.443,2694993.0
2026-04-14,4.481,4.492,4.494,4.462,4224665.0
2026-04-15,4.505,4.505,4.527,4.501,3957364.0
2026-04-16,4.507,4.512,4.524,4.5,5217587.0
2026-04-17,4.494,4.474,4.5,4.471,8270499.0
2026-04-20,4.474,4.503,4.508,4.473,6487534.0
2026-04-21,4.502,4.502,4.507,4.486,6901859.0
2026-04-22,4.493,4.501,4.507,4.49,9780069.0
2026-04-23,4.502,4.496,4.512,4.476,13105053.0
2026-04-24,4.489,4.516,4.524,4.479,9899961.0
2026-04-27,4.513,4.51,4.532,4.503,10157245.0
2026-04-28,4.505,4.524,4.539,4.502,12383674.0
2026-04-29,4.518,4.544,4.55,4.512,12870056.0
2026-04-30,4.545,4.568,4.572,4.539,17512075.0
2026-05-06,4.589,4.613,4.632,4.586,18737284.0
2026-05-07,4.622,4.617,4.631,4.606,16135513.0
2026-05-08,4.604,4.584,4.605,4.567,18079093.0
2026-05-11,4.602,4.632,4.641,4.591,17761779.0
2026-05-12,4.632,4.636,4.65,4.623,11788729.0
2026-05-13,4.622,4.641,4.645,4.605,13770469.0
2026-05-14,4.65,4.583,4.653,4.58,10422841.0
2026-05-15,4.572,4.537,4.585,4.516,11090662.0
2026-05-18,4.519,4.505,4.531,4.486,8709846.0
2026-05-19,4.501,4.526,4.528,4.483,16453482.0
2026-05-20,4.509,4.529,4.539,4.507,12820188.0
2026-05-21,4.546,4.488,4.58,4.486,9552675.0
2026-05-22,4.501,4.489,4.507,4.474,12521537.0
2026-05-25,4.499,4.541,4.544,4.495,13538492.0
2026-05-26,4.534,4.55,4.553,4.518,8749755.0
2026-05-27,4.545,4.505,4.555,4.487,9816737.0
2026-05-28,4.495,4.477,4.499,4.455,4935068.0
2026-05-29,4.481,4.492,4.51,4.476,6306753.0
2026-06-01,4.494,4.457,4.494,4.449,7982425.0
2026-06-02,4.46,4.487,4.505,4.455,7719412.0
2026-06-03,4.486,4.49,4.512,4.473,9154496.0
2026-06-04,4.471,4.452,4.487,4.444,6368816.0
2026-06-05,4.445,4.424,4.477,4.417,6817209.0
2026-06-08,4.387,4.378,4.404,4.354,7951719.0
2026-06-09,4.381,4.397,4.398,4.363,8253141.0
2026-06-10,4.381,4.413,4.425,4.381,3569803.0
2026-06-11,4.409,4.41,4.418,4.389,4614147.0
2026-06-12,4.43,4.474,4.487,4.419,13228899.0
2026-06-15,4.497,4.524,4.537,4.494,15562193.0
2026-06-16,4.521,4.487,4.521,4.476,6528255.0
2026-06-17,4.481,4.513,4.514,4.475,11308652.0
2026-06-18,4.501,4.515,4.538,4.499,8261911.0
2026-06-22,4.512,4.61,4.611,4.493,14175084.0
2026-06-23,4.6,4.501,4.617,4.486,10473136.0
2026-06-24,4.493,4.524,4.527,4.493,12936197.0
2026-06-25,4.522,4.565,4.582,4.516,6576048.0
2026-06-26,4.544,4.495,4.56,4.468,7121559.0
2026-06-29,4.489,4.593,4.593,4.487,6504278.0
2026-06-30,4.578,4.593,4.598,4.559,4254838.0
2026-07-01,4.583,4.583,4.624,4.561,5737066.0
2026-07-02,4.54,4.499,4.558,4.488,6241756.0
2026-07-03,4.499,4.522,4.552,4.499,5363395.0
2026-07-06,4.539,4.55,4.563,4.509,4848336.0
2026-07-07,4.525,4.509,4.547,4.495,4564755.0
2026-07-08,4.515,4.506,4.551,4.502,4786479.0
2026-07-09,4.512,4.6,4.606,4.509,6779282.0
2026-07-10,4.599,4.563,4.643,4.558,5718796.0
2026-07-13,4.545,4.508,4.555,4.495,7193570.0
2026-07-14,4.505,4.564,4.564,4.46,9663966.0
2026-07-15,4.547,4.571,4.597,4.547,9273028.0
2026-07-16,4.531,4.5,4.555,4.483,12335551.0
2026-07-17,4.477,4.413,4.49,4.396,14525750.0
2026-07-20,4.443,4.503,4.509,4.443,15227807.0
2026-07-21,4.555,4.589,4.589,4.505,15795278.0
2026-07-22,4.563,4.597,4.635,4.561,9490967.0
2026-07-23,4.618,4.595,4.622,4.583,5858331.0
2026-07-24,4.578,4.554,4.587,4.55,9522707.0
2026-07-27,4.576,4.559,4.612,4.526,5970036.0
2026-07-28,4.525,4.521,4.538,4.501,7648186.0
2026-07-29,4.534,4.522,4.552,4.484,10223781.0
2026-07-30,4.502,4.526,4.541,4.48,7719877.0
2026-07-31,4.554,4.534,4.565,4.526,6725761.0
2026-08-03,4.516,4.483,4.529,4.471,6244411.0
2026-08-04,4.494,4.475,4.495,4.465,5244435.0
2026-08-05,4.471,4.529,4.541,4.47,8503263.0
2026-08-06,4.514,4.529,4.533,4.512,4980732.0
2026-08-07,4.52,4.573,4.574,4.516,5134712.0
2026-08-10,4.577,4.584,4.599,4.57,3211808.0
2026-08-11,4.573,4.541,4.589,4.538,3779044.0
2026-08-12,4.538,4.546,4.555,4.534,3498742.0
2026-08-13,4.552,4.539,4.574,4.535,4173045.0
2026-08-14,4.546,4.52,4.546,4.51,3692160.0
2026-08-17,4.518,4.557,4.558,4.512,4315708.0
2026-08-18,4.553,4.551,4.557,4.524,4514902.0
2026-08-19,4.531,4.494,4.531,4.474,5977939.0
2026-08-20,4.501,4.481,4.515,4.47,6777120.0
2026-08-21,4.474,4.487,4.499,4.47,4234804.0
2026-08-24,4.484,4.47,4.492,4.455,6945110.0
2026-08-25,4.457,4.474,4.486,4.457,3869397.0
2026-08-26,4.474,4.51,4.526,4.47,9003145.0
2026-08-27,4.519,4.542,4.545,4.513,5140019.0
2026-08-28,4.534,4.539,4.547,4.527,2947698.0
2026-08-31,4.507,4.544,4.548,4.499,4074580.0
2026-09-01,4.545,4.56,4.566,4.538,4585227.0
2026-09-02,4.544,4.525,4.546,4.512,4057456.0
2026-09-03,4.533,4.532,4.552,4.518,3147244.0
2026-09-04,4.542,4.539,4.578,4.525,5468500.0
