date,open,close,high,low,volume
2012-05-28,0.946,0.966,0.967,0.944,12775187.0
2012-05-29,0.965,0.981,0.987,0.965,7149490.0
2012-05-30,0.98,0.978,0.982,0.977,2658871.0
2012-05-31,0.972,0.976,0.981,0.969,1781559.0
2012-06-01,0.975,0.976,0.987,0.972,1793500.0
2012-06-04,0.965,0.949,0.966,0.948,5460742.0
2012-06-05,0.95,0.95,0.954,0.948,1271674.0
2012-06-06,0.951,0.949,0.955,0.945,1369227.0
2012-06-07,0.956,0.943,0.958,0.941,3364240.0
2012-06-08,0.949,0.94,0.95,0.939,2101822.0
2012-06-11,0.943,0.951,0.956,0.941,2254555.0
2012-06-12,0.946,0.945,0.95,0.942,1577237.0
2012-06-13,0.95,0.959,0.96,0.946,1881335.0
2012-06-14,0.957,0.955,0.964,0.954,1525546.0
2012-06-15,0.958,0.959,0.962,0.949,1598352.0
2012-06-18,0.96,0.962,0.967,0.96,1321265.0
2012-06-19,0.961,0.955,0.961,0.954,1050116.0
2012-06-20,0.957,0.953,0.96,0.953,1192773.0
2012-06-21,0.951,0.939,0.951,0.934,1792241.0
2012-06-25,0.937,0.92,0.937,0.919,2314811.0
2012-06-26,0.917,0.92,0.922,0.913,1852289.0
2012-06-27,0.919,0.917,0.925,0.916,1513657.0
2012-06-28,0.92,0.911,0.922,0.911,1695739.0
2012-06-29,0.909,0.922,0.923,0.908,1972042.0
2012-07-02,0.926,0.922,0.926,0.919,1862222.0
2012-07-03,0.923,0.923,0.933,0.921,1469031.0
2012-07-04,0.925,0.923,0.929,0.921,1103364.0
2012-07-05,0.92,0.913,0.92,0.91,2087739.0
2012-07-06,0.915,0.928,0.932,0.91,1757978.0
2012-07-09,0.923,0.909,0.927,0.908,1648643.0
2012-07-10,0.909,0.906,0.91,0.904,2041959.0
2012-07-11,0.904,0.91,0.912,0.903,1692976.0
2012-07-12,0.907,0.918,0.923,0.904,2660444.0
2012-07-13,0.917,0.919,0.926,0.917,1778904.0
2012-07-16,0.92,0.904,0.921,0.904,2273611.0
2012-07-17,0.904,0.906,0.909,0.902,2585328.0
2012-07-18,0.906,0.906,0.909,0.893,3152959.0
2012-07-19,0.906,0.909,0.917,0.904,3380439.0
2012-07-20,0.907,0.903,0.909,0.9,2702978.0
2012-07-23,0.894,0.891,0.894,0.887,1856885.0
2012-07-24,0.889,0.893,0.899,0.888,2304236.0
2012-07-25,0.89,0.888,0.896,0.887,1389067.0
2012-07-26,0.888,0.884,0.893,0.883,2548959.0
2012-07-27,0.886,0.885,0.889,0.882,3724685.0
2012-07-30,0.886,0.882,0.89,0.88,2303206.0
2012-07-31,0.882,0.88,0.885,0.878,4214983.0
2012-08-01,0.88,0.886,0.891,0.88,2615555.0
2012-08-02,0.885,0.88,0.886,0.875,2087258.0
2012-08-03,0.881,0.885,0.885,0.878,1737366.0
2012-08-06,0.884,0.896,0.898,0.884,3144257.0
2012-08-07,0.896,0.897,0.898,0.895,2584403.0
2012-08-08,0.899,0.898,0.904,0.896,2329502.0
2012-08-09,0.898,0.907,0.908,0.895,2010003.0
2012-08-10,0.908,0.904,0.908,0.903,1118701.0
2012-08-13,0.902,0.887,0.902,0.886,2959366.0
2012-08-14,0.888,0.886,0.889,0.875,3226022.0
2012-08-15,0.884,0.878,0.884,0.877,1910109.0
2012-08-16,0.878,0.875,0.879,0.874,1228662.0
2012-08-17,0.875,0.871,0.875,0.866,1757265.0
2012-08-20,0.865,0.867,0.869,0.832,1705061.0
2012-08-21,0.867,0.87,0.878,0.865,2348894.0
2012-08-22,0.871,0.864,0.871,0.862,1298019.0
2012-08-23,0.865,0.868,0.871,0.861,1670546.0
2012-08-24,0.864,0.859,0.865,0.858,1584418.0
2012-08-27,0.855,0.841,0.855,0.841,3143233.0
2012-08-28,0.84,0.841,0.847,0.838,2176241.0
2012-08-29,0.839,0.836,0.844,0.835,2133281.0
2012-08-30,0.833,0.832,0.837,0.826,2326744.0
2012-08-31,0.831,0.832,0.835,0.83,2031862.0
2012-09-03,0.83,0.837,0.842,0.828,2388425.0
2012-09-04,0.839,0.828,0.841,0.828,2247647.0
2012-09-05,0.828,0.828,0.831,0.825,2181559.0
2012-09-06,0.829,0.836,0.836,0.828,1696507.0
2012-09-07,0.841,0.874,0.885,0.841,5589337.0
2012-09-10,0.875,0.877,0.879,0.873,2390915.0
2012-09-11,0.871,0.871,0.872,0.865,2863742.0
2012-09-12,0.877,0.875,0.882,0.866,2773826.0
2012-09-13,0.873,0.867,0.877,0.866,2056526.0
2012-09-14,0.873,0.873,0.879,0.866,3237676.0
2012-09-17,0.87,0.852,0.871,0.851,2706171.0
2012-09-18,0.847,0.842,0.848,0.839,2229305.0
2012-09-19,0.842,0.845,0.847,0.839,2784850.0
2012-09-20,0.843,0.827,0.843,0.826,4082695.0
2012-09-21,0.824,0.827,0.835,0.823,2770521.0
2012-09-24,0.821,0.834,0.84,0.818,3142901.0
2012-09-25,0.831,0.833,0.837,0.829,1721810.0
2012-09-26,0.832,0.824,0.835,0.823,1629607.0
2012-09-27,0.825,0.848,0.867,0.825,4791727.0
2012-09-28,0.842,0.867,0.868,0.84,5021109.0
2012-10-08,0.866,0.854,0.868,0.85,1904078.0
2012-10-09,0.859,0.874,0.878,0.859,3686399.0
2012-10-10,0.871,0.874,0.875,0.868,1927380.0
2012-10-11,0.871,0.868,0.874,0.866,2362345.0
2012-10-12,0.871,0.867,0.878,0.861,2837152.0
2012-10-15,0.87,0.864,0.87,0.859,1733319.0
2012-10-16,0.864,0.865,0.873,0.861,3033133.0
2012-10-17,0.869,0.868,0.871,0.86,2331499.0
2012-10-18,0.87,0.879,0.881,0.87,2827927.0
2012-10-19,0.878,0.879,0.881,0.877,1633135.0
2012-10-22,0.875,0.882,0.884,0.873,2331994.0
2012-10-23,0.882,0.872,0.883,0.871,2618563.0
2012-10-24,0.87,0.871,0.875,0.869,2154703.0
2012-10-25,0.871,0.864,0.874,0.863,2435806.0
2012-10-26,0.864,0.844,0.865,0.841,3059710.0
2012-10-29,0.843,0.84,0.845,0.838,2383104.0
2012-10-30,0.841,0.842,0.849,0.84,3304971.0
2012-10-31,0.843,0.848,0.849,0.84,2433534.0
2012-11-01,0.85,0.866,0.87,0.848,3381281.0
2012-11-02,0.866,0.868,0.869,0.86,2662089.0
2012-11-05,0.867,0.865,0.874,0.862,2417404.0
2012-11-06,0.867,0.862,0.868,0.85,3118478.0
2012-11-07,0.861,0.861,0.867,0.857,3100630.0
2012-11-08,0.856,0.846,0.857,0.845,3506991.0
2012-11-09,0.844,0.844,0.848,0.842,3025110.0
2012-11-12,0.844,0.847,0.849,0.84,3249623.0
2012-11-13,0.847,0.834,0.847,0.832,3892473.0
2012-11-14,0.835,0.836,0.837,0.832,3216383.0
2012-11-15,0.832,0.826,0.837,0.825,4147741.0
2012-11-16,0.825,0.818,0.825,0.815,4158326.0
2012-11-19,0.818,0.818,0.819,0.81,3386253.0
2012-11-20,0.82,0.816,0.822,0.814,3023697.0
2012-11-21,0.816,0.826,0.827,0.811,4892438.0
2012-11-22,0.821,0.821,0.822,0.816,2998818.0
2012-11-23,0.822,0.825,0.829,0.821,4164643.0
2012-11-26,0.824,0.82,0.824,0.817,3380703.0
2012-11-27,0.817,0.811,0.818,0.811,3698311.0
2012-11-28,0.809,0.802,0.809,0.801,3551281.0
2012-11-29,0.804,0.799,0.806,0.799,3790226.0
2012-11-30,0.798,0.803,0.806,0.796,4168374.0
2012-12-03,0.804,0.796,0.809,0.795,3061587.0
2012-12-04,0.794,0.802,0.804,0.793,3993001.0
2012-12-05,0.802,0.83,0.835,0.801,6195195.0
2012-12-06,0.831,0.829,0.833,0.826,4236821.0
2012-12-07,0.829,0.846,0.848,0.828,5774855.0
2012-12-10,0.851,0.854,0.856,0.848,4975709.0
2012-12-11,0.85,0.851,0.855,0.849,3256954.0
2012-12-12,0.852,0.853,0.855,0.848,4694800.0
2012-12-13,0.85,0.846,0.852,0.845,3332026.0
2012-12-14,0.845,0.889,0.89,0.845,5740475.0
2012-12-17,0.89,0.891,0.893,0.887,4750981.0
2012-12-18,0.891,0.89,0.905,0.884,4463113.0
2012-12-19,0.89,0.892,0.898,0.888,3245530.0
2012-12-20,0.889,0.898,0.902,0.885,4912790.0
2012-12-21,0.901,0.894,0.907,0.89,4193594.0
2012-12-24,0.894,0.895,0.902,0.892,5083167.0
2012-12-25,0.892,0.92,0.924,0.891,4771781.0
2012-12-26,0.918,0.922,0.923,0.918,3720029.0
2012-12-27,0.927,0.92,0.933,0.92,4017302.0
2012-12-28,0.923,0.934,0.934,0.92,5157085.0
2012-12-31,0.937,0.949,0.95,0.937,7702944.0
2013-01-04,0.96,0.951,0.962,0.939,5364707.0
2013-01-07,0.948,0.952,0.956,0.946,4148279.0
2013-01-08,0.952,0.948,0.954,0.941,4000972.0
2013-01-09,0.947,0.947,0.952,0.941,4399883.0
2013-01-10,0.948,0.95,0.959,0.943,4556250.0
2013-01-11,0.952,0.936,0.955,0.932,5847044.0
2013-01-14,0.936,0.968,0.972,0.933,7471833.0
2013-01-15,0.969,0.974,0.978,0.969,4902077.0
2013-01-16,0.973,0.967,0.975,0.953,4960657.0
2013-01-17,0.965,0.961,0.967,0.953,4390935.0
2013-01-18,0.967,0.975,0.98,0.959,4614400.0
2013-01-21,0.977,0.978,0.98,0.969,4112879.0
2013-01-22,0.976,0.977,0.983,0.968,7695141.0
2013-01-23,0.976,0.979,0.98,0.969,4179259.0
2013-01-24,0.979,0.972,1.001,0.965,7873514.0
2013-01-25,0.972,0.968,0.973,0.967,5722447.0
2013-01-28,0.97,0.994,0.994,0.97,5635543.0
2013-01-29,0.995,1.001,1.006,0.993,7826804.0
2013-01-30,1.004,1.007,1.008,0.999,5385049.0
2013-01-31,1.011,1.009,1.013,1.003,6927571.0
2013-02-01,1.006,1.029,1.031,1.003,5398153.0
2013-02-04,1.032,1.031,1.037,1.026,4247564.0
2013-02-05,1.026,1.038,1.044,1.025,7356517.0
2013-02-06,1.039,1.041,1.044,1.038,4626880.0
2013-02-07,1.04,1.036,1.041,1.023,6087426.0
2013-02-08,1.039,1.039,1.046,1.032,6296267.0
2013-02-18,1.042,1.024,1.043,1.022,6967875.0
2013-02-19,1.025,1.008,1.027,1.003,5411521.0
2013-02-20,1.008,1.012,1.013,1.002,4610176.0
2013-02-21,1.003,0.977,1.003,0.968,7321565.0
2013-02-22,0.978,0.974,0.981,0.972,4107547.0
2013-02-25,0.976,0.975,0.986,0.97,5475509.0
2013-02-26,0.969,0.961,0.986,0.959,7929723.0
2013-02-27,0.965,0.97,0.98,0.964,4683230.0
2013-02-28,0.979,1.002,1.004,0.973,6133326.0
2013-03-01,1.002,1.001,1.005,0.984,4276796.0
2013-03-04,0.989,0.955,0.989,0.95,7400084.0
2013-03-05,0.956,0.982,0.983,0.955,5414035.0
2013-03-06,0.988,0.992,0.998,0.982,5958096.0
2013-03-07,0.988,0.98,0.995,0.971,7909465.0
2013-03-08,0.986,0.979,0.988,0.976,5495201.0
2013-03-11,0.972,0.972,0.979,0.965,3553997.0
2013-03-12,0.972,0.958,0.982,0.949,5303135.0
2013-03-13,0.957,0.948,0.958,0.943,4421041.0
2013-03-14,0.943,0.95,0.955,0.942,4439762.0
2013-03-15,0.952,0.95,0.978,0.94,5027987.0
2013-03-18,0.948,0.94,0.956,0.94,4252109.0
2013-03-19,0.942,0.949,0.952,0.936,4337150.0
2013-03-20,0.949,0.977,0.978,0.949,5888569.0
2013-03-21,0.979,0.98,0.985,0.975,3606871.0
2013-03-22,0.98,0.982,0.986,0.976,3630827.0
2013-03-25,0.986,0.981,0.991,0.977,3428520.0
2013-03-26,0.976,0.965,0.978,0.956,5746422.0
2013-03-27,0.966,0.967,0.98,0.962,4445452.0
2013-03-28,0.953,0.937,0.953,0.936,4066694.0
2013-03-29,0.94,0.935,0.942,0.932,3232432.0
2013-04-01,0.932,0.933,0.942,0.931,3309090.0
2013-04-02,0.936,0.935,0.948,0.929,3725639.0
2013-04-03,0.938,0.933,0.943,0.929,3168155.0
2013-04-08,0.921,0.929,0.93,0.915,3319435.0
2013-04-09,0.931,0.934,0.943,0.931,4870228.0
2013-04-10,0.934,0.934,0.936,0.928,2322471.0
2013-04-11,0.943,0.93,0.944,0.93,2170251.0
2013-04-12,0.931,0.927,0.934,0.926,2090345.0
2013-04-15,0.925,0.918,0.927,0.915,2735599.0
2013-04-16,0.913,0.923,0.925,0.91,4082437.0
2013-04-17,0.923,0.926,0.926,0.917,4156771.0
2013-04-18,0.917,0.927,0.934,0.917,4113051.0
2013-04-19,0.929,0.953,0.957,0.929,5905394.0
2013-04-22,0.953,0.95,0.955,0.947,2310740.0
2013-04-23,0.95,0.922,0.95,0.92,3106698.0
2013-04-24,0.922,0.937,0.945,0.92,3133921.0
2013-04-25,0.933,0.928,0.943,0.923,2978324.0
2013-04-26,0.932,0.919,0.935,0.915,1865287.0
2013-05-02,0.913,0.92,0.921,0.909,2140702.0
2013-05-03,0.924,0.936,0.949,0.922,3344747.0
2013-05-06,0.94,0.947,0.952,0.939,2359820.0
2013-05-07,0.946,0.949,0.954,0.941,2855262.0
2013-05-08,0.956,0.955,0.965,0.951,2997252.0
2013-05-09,0.954,0.95,0.956,0.943,1895550.0
2013-05-10,0.946,0.954,0.957,0.946,2832553.0
2013-05-13,0.955,0.95,0.958,0.944,1987403.0
2013-05-14,0.949,0.937,0.95,0.93,2646563.0
2013-05-15,0.937,0.941,0.942,0.936,1927893.0
2013-05-16,0.939,0.96,0.96,0.935,4129314.0
2013-05-17,0.96,0.976,0.978,0.957,4774811.0
2013-05-20,0.979,0.982,0.989,0.975,2825607.0
2013-05-21,0.982,0.982,0.984,0.976,2034481.0
2013-05-22,0.983,0.983,0.988,0.979,1936315.0
2013-05-23,0.977,0.973,0.987,0.969,2900756.0
2013-05-24,0.977,0.978,0.983,0.966,4073632.0
2013-05-27,0.976,0.976,0.981,0.972,2916019.0
2013-05-28,0.976,0.996,0.996,0.972,3491582.0
2013-05-29,0.998,0.992,1.002,0.992,3895438.0
2013-05-30,0.992,0.99,0.994,0.985,5674699.0
2013-05-31,0.99,0.979,0.993,0.977,5440863.0
2013-06-03,0.98,0.98,0.989,0.978,3199071.0
2013-06-04,0.979,0.966,0.98,0.963,4436294.0
2013-06-05,0.966,0.964,0.968,0.96,2254500.0
2013-06-06,0.961,0.955,0.965,0.954,2638058.0
2013-06-07,0.955,0.937,0.957,0.933,3947621.0
2013-06-13,0.924,0.909,0.924,0.899,6174687.0
2013-06-14,0.911,0.915,0.918,0.907,3912454.0
2013-06-17,0.919,0.91,0.92,0.908,3077433.0
2013-06-18,0.912,0.916,0.918,0.906,3738954.0
2013-06-19,0.912,0.91,0.912,0.897,2864449.0
2013-06-20,0.904,0.882,0.905,0.88,3712644.0
2013-06-21,0.868,0.878,0.883,0.863,3579532.0
2013-06-24,0.873,0.825,0.874,0.822,7667555.0
2013-06-25,0.815,0.825,0.826,0.769,9678250.0
2013-06-26,0.825,0.824,0.828,0.811,5090008.0
2013-06-27,0.829,0.824,0.838,0.822,4750804.0
2013-06-28,0.831,0.839,0.851,0.817,4976379.0
2013-07-01,0.83,0.842,0.844,0.825,2225312.0
2013-07-02,0.842,0.845,0.847,0.834,4514809.0
2013-07-03,0.842,0.843,0.843,0.827,3017410.0
2013-07-04,0.837,0.849,0.858,0.831,2991884.0
2013-07-05,0.851,0.852,0.86,0.848,1874797.0
2013-07-08,0.84,0.829,0.844,0.827,1660162.0
2013-07-09,0.828,0.827,0.832,0.824,4259903.0
2013-07-10,0.827,0.85,0.85,0.825,2528365.0
2013-07-11,0.858,0.892,0.907,0.856,4163258.0
2013-07-12,0.891,0.87,0.894,0.87,5941637.0
2013-07-15,0.875,0.882,0.896,0.871,4048451.0
2013-07-16,0.879,0.887,0.888,0.873,4723110.0
2013-07-17,0.885,0.874,0.892,0.873,3068787.0
2013-07-18,0.871,0.861,0.874,0.857,3601863.0
2013-07-19,0.861,0.838,0.866,0.837,4124883.0
2013-07-22,0.828,0.843,0.845,0.822,3737519.0
2013-07-23,0.846,0.869,0.875,0.846,3892940.0
2013-07-24,0.867,0.863,0.868,0.85,3726980.0
2013-07-25,0.867,0.86,0.873,0.855,3240231.0
2013-07-26,0.854,0.852,0.86,0.847,2351804.0
2013-07-29,0.845,0.836,0.845,0.834,3077217.0
2013-07-30,0.842,0.841,0.855,0.833,2436356.0
2013-07-31,0.848,0.843,0.86,0.84,2474481.0
2013-08-01,0.851,0.865,0.865,0.847,3144439.0
2013-08-02,0.874,0.863,0.876,0.861,2824115.0
2013-08-05,0.865,0.875,0.876,0.861,2275330.0
2013-08-06,0.871,0.881,0.886,0.865,3002480.0
2013-08-07,0.88,0.875,0.89,0.873,2567649.0
2013-08-08,0.875,0.875,0.884,0.871,3007778.0
2013-08-09,0.88,0.879,0.885,0.866,2875774.0
2013-08-12,0.887,0.905,0.906,0.882,5206173.0
2013-08-13,0.905,0.905,0.906,0.899,3349543.0
2013-08-14,0.907,0.903,0.917,0.899,3988343.0
2013-08-15,0.903,0.893,0.907,0.891,2973782.0
2013-08-16,0.89,0.887,0.923,0.881,6019936.0
2013-08-19,0.883,0.894,0.9,0.878,3923917.0
2013-08-20,0.893,0.888,0.903,0.884,4416315.0
2013-08-21,0.891,0.888,0.894,0.879,2680073.0
2013-08-22,0.886,0.885,0.896,0.884,3156205.0
2013-08-23,0.89,0.879,0.893,0.866,4276942.0
2013-08-26,0.881,0.898,0.899,0.878,4385999.0
2013-08-27,0.897,0.898,0.901,0.891,4062534.0
2013-08-28,0.892,0.894,0.901,0.885,3317215.0
2013-08-29,0.899,0.892,0.9,0.886,2969749.0
2013-08-30,0.89,0.89,0.897,0.884,3279187.0
2013-09-02,0.892,0.891,0.895,0.884,3840557.0
2013-09-03,0.893,0.904,0.904,0.893,3079873.0
2013-09-04,0.903,0.904,0.905,0.901,3695617.0
2013-09-05,0.904,0.9,0.904,0.897,2763756.0
2013-09-06,0.898,0.906,0.907,0.898,3928209.0
2013-09-09,0.91,0.939,0.941,0.91,4642993.0
2013-09-10,0.939,0.951,0.953,0.937,3997592.0
2013-09-11,0.956,0.955,0.96,0.951,3801874.0
2013-09-12,0.954,0.964,0.971,0.95,4560582.0
2013-09-13,0.963,0.957,0.966,0.954,2681877.0
2013-09-16,0.962,0.952,0.963,0.949,3715187.0
2013-09-17,0.952,0.934,0.953,0.933,3053840.0
2013-09-18,0.934,0.935,0.936,0.925,2512067.0
2013-09-23,0.936,0.948,0.95,0.936,3926610.0
2013-09-24,0.948,0.939,0.948,0.929,3125181.0
2013-09-25,0.938,0.933,0.943,0.932,2211582.0
2013-09-26,0.93,0.918,0.931,0.916,2794751.0
2013-09-27,0.917,0.921,0.923,0.916,2248896.0
2013-09-30,0.924,0.927,0.935,0.922,2088410.0
2013-10-08,0.918,0.94,0.941,0.918,3137910.0
2013-10-09,0.936,0.942,0.942,0.934,2725497.0
2013-10-10,0.943,0.933,0.943,0.932,2755380.0
2013-10-11,0.937,0.948,0.95,0.937,3498972.0
2013-10-14,0.95,0.949,0.952,0.946,3536378.0
2013-10-15,0.95,0.947,0.951,0.94,2412414.0
2013-10-16,0.944,0.931,0.945,0.927,2719204.0
2013-10-17,0.936,0.926,0.937,0.926,1984921.0
2013-10-18,0.927,0.931,0.935,0.926,2550712.0
2013-10-21,0.933,0.95,0.952,0.93,3419880.0
2013-10-22,0.95,0.94,0.95,0.937,2876840.0
2013-10-23,0.941,0.93,0.951,0.927,3043314.0
2013-10-24,0.929,0.923,0.931,0.921,2305747.0
2013-10-25,0.923,0.908,0.926,0.903,2488843.0
2013-10-28,0.911,0.909,0.914,0.904,2092769.0
2013-10-29,0.911,0.91,0.924,0.896,4750693.0
2013-10-30,0.911,0.923,0.924,0.909,3245840.0
2013-10-31,0.921,0.914,0.921,0.911,1753139.0
2013-11-01,0.915,0.918,0.921,0.91,2826247.0
2013-11-04,0.921,0.915,0.925,0.913,2000607.0
2013-11-05,0.912,0.915,0.917,0.901,2825303.0
2013-11-06,0.912,0.905,0.916,0.903,2289483.0
2013-11-07,0.905,0.901,0.906,0.896,2052677.0
2013-11-08,0.898,0.888,0.901,0.886,2656413.0
2013-11-11,0.887,0.889,0.892,0.881,2122232.0
2013-11-12,0.892,0.898,0.9,0.89,2565124.0
2013-11-13,0.893,0.881,0.893,0.881,2478247.0
2013-11-14,0.881,0.884,0.885,0.877,2382375.0
2013-11-15,0.887,0.902,0.913,0.887,5462143.0
2013-11-18,0.909,0.931,0.932,0.906,3787733.0
2013-11-19,0.93,0.927,0.932,0.925,2654410.0
2013-11-20,0.934,0.931,0.936,0.924,3702883.0
2013-11-21,0.927,0.927,0.929,0.917,3391181.0
2013-11-22,0.928,0.921,0.93,0.919,3555561.0
2013-11-25,0.917,0.917,0.929,0.914,3914382.0
2013-11-26,0.917,0.916,0.921,0.913,2609521.0
2013-11-27,0.916,0.927,0.932,0.914,4380607.0
2013-11-28,0.929,0.936,0.946,0.929,4348594.0
2013-11-29,0.937,0.937,0.94,0.934,2455758.0
2013-12-02,0.934,0.929,0.946,0.921,5338789.0
2013-12-03,0.927,0.937,0.94,0.926,3994628.0
2013-12-04,0.938,0.949,0.954,0.936,5593421.0
2013-12-05,0.949,0.949,0.951,0.945,3567310.0
2013-12-06,0.947,0.942,0.947,0.939,4617587.0
2013-12-09,0.946,0.942,0.949,0.94,3990465.0
2013-12-10,0.943,0.942,0.947,0.939,3323144.0
2013-12-11,0.937,0.927,0.937,0.921,4144818.0
2013-12-12,0.927,0.925,0.93,0.924,2974763.0
2013-12-13,0.917,0.925,0.929,0.915,3112769.0
2013-12-16,0.926,0.91,0.927,0.909,3608669.0
2013-12-17,0.91,0.904,0.911,0.903,3966720.0
2013-12-18,0.905,0.905,0.909,0.904,3015111.0
2013-12-19,0.908,0.897,0.91,0.896,4290503.0
2013-12-20,0.897,0.878,0.898,0.875,4594765.0
2013-12-23,0.878,0.878,0.882,0.868,2598022.0
2013-12-24,0.881,0.879,0.889,0.87,2634764.0
2013-12-25,0.88,0.883,0.887,0.877,3246848.0
2013-12-26,0.882,0.871,0.883,0.869,1922186.0
2013-12-27,0.872,0.883,0.89,0.871,3564712.0
2013-12-30,0.888,0.884,0.888,0.88,1999413.0
2013-12-31,0.878,0.894,0.895,0.877,3527363.0
2014-01-02,0.891,0.891,0.893,0.886,1877797.0
2014-01-03,0.887,0.881,0.888,0.875,4404445.0
2014-01-06,0.878,0.86,0.878,0.858,4834089.0
2014-01-07,0.854,0.861,0.864,0.852,1525888.0
2014-01-08,0.861,0.86,0.869,0.855,2050543.0
2014-01-09,0.858,0.855,0.868,0.854,3371288.0
2014-01-10,0.854,0.849,0.855,0.847,3701781.0
2014-01-13,0.849,0.843,0.854,0.84,4884821.0
2014-01-14,0.843,0.848,0.851,0.838,2509259.0
2014-01-15,0.848,0.848,0.85,0.841,3339884.0
2014-01-16,0.847,0.849,0.855,0.845,2001024.0
2014-01-17,0.846,0.837,0.848,0.837,2523919.0
2014-01-20,0.837,0.833,0.838,0.829,2296621.0
2014-01-21,0.835,0.84,0.844,0.834,2902637.0
2014-01-22,0.841,0.862,0.862,0.84,3794402.0
2014-01-23,0.861,0.857,0.862,0.855,2536862.0
2014-01-24,0.854,0.862,0.867,0.854,2700642.0
2014-01-27,0.856,0.851,0.857,0.848,2731127.0
2014-01-28,0.854,0.852,0.858,0.847,2401396.0
2014-01-29,0.854,0.854,0.856,0.852,1701587.0
2014-01-30,0.853,0.843,0.854,0.842,2744494.0
2014-02-07,0.836,0.848,0.848,0.835,3417277.0
2014-02-10,0.852,0.872,0.873,0.852,6386221.0
2014-02-11,0.87,0.876,0.88,0.867,2883879.0
2014-02-12,0.876,0.877,0.88,0.873,2525284.0
2014-02-13,0.875,0.875,0.883,0.874,2815558.0
2014-02-14,0.876,0.878,0.878,0.873,1647132.0
2014-02-17,0.886,0.884,0.888,0.879,1971993.0
2014-02-18,0.884,0.874,0.884,0.872,2936986.0
2014-02-19,0.873,0.885,0.888,0.872,3371678.0
2014-02-20,0.887,0.878,0.893,0.877,2017748.0
2014-02-21,0.877,0.868,0.879,0.864,2603374.0
2014-02-24,0.857,0.849,0.86,0.842,2691035.0
2014-02-25,0.85,0.828,0.853,0.827,3435203.0
2014-02-26,0.824,0.829,0.83,0.821,4173650.0
2014-02-27,0.831,0.827,0.835,0.827,3264826.0
2014-02-28,0.827,0.835,0.838,0.818,3394211.0
2014-03-03,0.834,0.838,0.842,0.831,2663613.0
2014-03-04,0.837,0.837,0.838,0.831,1879749.0
2014-03-05,0.839,0.829,0.84,0.828,3938169.0
2014-03-06,0.829,0.834,0.836,0.82,4127699.0
2014-03-07,0.833,0.831,0.839,0.829,2439539.0
2014-03-10,0.824,0.806,0.824,0.805,2703461.0
2014-03-11,0.806,0.809,0.816,0.803,2862876.0
2014-03-12,0.806,0.81,0.817,0.805,2646605.0
2014-03-13,0.813,0.822,0.824,0.811,2247717.0
2014-03-14,0.817,0.816,0.821,0.812,1126162.0
2014-03-17,0.822,0.822,0.824,0.815,1372904.0
2014-03-18,0.822,0.821,0.826,0.82,946710.0
2014-03-19,0.818,0.816,0.818,0.808,1518427.0
2014-03-20,0.816,0.802,0.821,0.802,2852527.0
2014-03-21,0.802,0.831,0.832,0.799,4046807.0
2014-03-24,0.83,0.835,0.839,0.825,3081317.0
2014-03-25,0.832,0.834,0.842,0.831,2641547.0
2014-03-26,0.836,0.834,0.838,0.831,1587732.0
2014-03-27,0.831,0.828,0.84,0.824,3566803.0
2014-03-28,0.828,0.828,0.834,0.824,2004820.0
2014-03-31,0.829,0.824,0.832,0.819,2376535.0
2014-04-01,0.824,0.829,0.835,0.822,1706956.0
2014-04-02,0.83,0.835,0.837,0.829,1623971.0
2014-04-03,0.839,0.829,0.842,0.829,3269472.0
2014-04-04,0.828,0.839,0.839,0.827,1885587.0
2014-04-08,0.837,0.858,0.861,0.836,3717930.0
2014-04-09,0.86,0.857,0.861,0.855,2688656.0
2014-04-10,0.858,0.87,0.878,0.854,4754513.0
2014-04-11,0.871,0.87,0.874,0.866,3067077.0
2014-04-14,0.87,0.87,0.872,0.865,2134907.0
2014-04-15,0.866,0.855,0.866,0.853,2262150.0
2014-04-16,0.855,0.855,0.861,0.851,3070273.0
2014-04-17,0.857,0.853,0.859,0.851,1966073.0
2014-04-18,0.85,0.852,0.855,0.843,3439955.0
2014-04-21,0.846,0.837,0.855,0.837,3798473.0
2014-04-22,0.837,0.842,0.843,0.831,4551193.0
2014-04-23,0.839,0.841,0.844,0.838,3305189.0
2014-04-24,0.84,0.842,0.847,0.839,3374683.0
2014-04-25,0.844,0.832,0.844,0.831,4353856.0
2014-04-28,0.831,0.821,0.834,0.82,5070553.0
2014-04-29,0.821,0.828,0.829,0.819,4387669.0
2014-04-30,0.827,0.827,0.829,0.825,2976963.0
2014-05-05,0.825,0.828,0.831,0.817,4780497.0
2014-05-06,0.827,0.827,0.835,0.824,4025842.0
2014-05-07,0.825,0.821,0.827,0.821,2808434.0
2014-05-08,0.82,0.82,0.834,0.819,3038288.0
2014-05-09,0.822,0.819,0.824,0.815,3148898.0
2014-05-12,0.825,0.835,0.838,0.822,3896263.0
2014-05-13,0.835,0.833,0.837,0.831,2396768.0
2014-05-14,0.834,0.833,0.838,0.832,2676012.0
2014-05-15,0.833,0.824,0.834,0.824,3704599.0
2014-05-16,0.824,0.824,0.827,0.821,5072993.0
2014-05-19,0.822,0.813,0.822,0.809,5314496.0
2014-05-20,0.817,0.812,0.819,0.811,2911718.0
2014-05-21,0.811,0.82,0.822,0.806,5292158.0
2014-05-22,0.82,0.818,0.831,0.817,4562228.0
2014-05-23,0.819,0.827,0.827,0.818,3598523.0
2014-05-26,0.831,0.829,0.835,0.825,4659010.0
2014-05-27,0.828,0.827,0.831,0.825,3877246.0
2014-05-28,0.827,0.835,0.835,0.823,4454642.0
2014-05-29,0.836,0.83,0.838,0.83,3954068.0
2014-05-30,0.83,0.829,0.834,0.826,4536523.0
2014-06-03,0.83,0.827,0.834,0.827,3880030.0
2014-06-04,0.827,0.819,0.827,0.816,4080484.0
2014-06-05,0.819,0.829,0.829,0.819,4302066.0
2014-06-06,0.828,0.822,0.828,0.817,4490880.0
2014-06-09,0.82,0.821,0.83,0.818,4674114.0
2014-06-10,0.825,0.832,0.832,0.822,6639836.0
2014-06-11,0.831,0.831,0.832,0.828,3218439.0
2014-06-12,0.829,0.83,0.832,0.828,2515414.0
2014-06-13,0.829,0.839,0.842,0.829,6213266.0
2014-06-16,0.839,0.844,0.847,0.839,6881177.0
2014-06-17,0.842,0.837,0.842,0.837,6756314.0
2014-06-18,0.837,0.834,0.839,0.833,7097536.0
2014-06-19,0.834,0.822,0.836,0.819,6884162.0
2014-06-20,0.822,0.825,0.827,0.821,6533089.0
2014-06-23,0.826,0.824,0.83,0.824,5523417.0
2014-06-24,0.824,0.831,0.831,0.824,4436853.0
2014-06-25,0.83,0.828,0.83,0.824,3202631.0
2014-06-26,0.828,0.832,0.834,0.828,4077076.0
2014-06-27,0.83,0.833,0.838,0.829,4702265.0
2014-06-30,0.835,0.838,0.841,0.835,5286535.0
2014-07-01,0.842,0.839,0.842,0.836,2669586.0
2014-07-02,0.839,0.842,0.842,0.836,3432223.0
2014-07-03,0.842,0.845,0.848,0.841,3632747.0
2014-07-04,0.845,0.845,0.847,0.843,3259942.0
2014-07-07,0.845,0.845,0.848,0.842,3058048.0
2014-07-08,0.843,0.846,0.846,0.84,3291169.0
2014-07-09,0.845,0.835,0.846,0.835,3637034.0
2014-07-10,0.836,0.835,0.837,0.833,3337756.0
2014-07-11,0.835,0.837,0.841,0.834,3890224.0
2014-07-14,0.839,0.848,0.848,0.837,5707724.0
2014-07-15,0.847,0.847,0.848,0.845,3536152.0
2014-07-16,0.847,0.847,0.851,0.846,4748280.0
2014-07-17,0.847,0.843,0.847,0.84,3624173.0
2014-07-18,0.842,0.847,0.851,0.841,3685581.0
2014-07-21,0.847,0.847,0.849,0.844,3228193.0
2014-07-22,0.846,0.857,0.86,0.845,6256008.0
2014-07-23,0.857,0.858,0.864,0.856,5186599.0
2014-07-24,0.86,0.876,0.876,0.86,5738975.0
2014-07-25,0.878,0.886,0.886,0.876,4877040.0
2014-07-28,0.887,0.909,0.913,0.887,8375148.0
2014-07-29,0.909,0.911,0.916,0.905,4265830.0
2014-07-30,0.907,0.908,0.914,0.907,6079403.0
2014-07-31,0.908,0.92,0.92,0.906,4861899.0
2014-08-01,0.917,0.909,0.928,0.909,7790077.0
2014-08-04,0.913,0.928,0.929,0.912,6360271.0
2014-08-05,0.928,0.925,0.929,0.919,6128304.0
2014-08-06,0.919,0.92,0.924,0.911,6313654.0
2014-08-07,0.922,0.91,0.923,0.909,5575378.0
2014-08-08,0.91,0.91,0.915,0.907,4976759.0
2014-08-11,0.914,0.923,0.925,0.912,4944974.0
2014-08-12,0.92,0.919,0.92,0.915,5253015.0
2014-08-13,0.921,0.921,0.925,0.912,5660159.0
2014-08-14,0.921,0.911,0.923,0.911,5364936.0
2014-08-15,0.912,0.922,0.926,0.911,5759061.0
2014-08-18,0.923,0.925,0.929,0.921,6385631.0
2014-08-19,0.926,0.926,0.927,0.919,4951745.0
2014-08-20,0.925,0.922,0.927,0.921,5345229.0
2014-08-21,0.922,0.919,0.923,0.913,5065403.0
2014-08-22,0.919,0.923,0.925,0.918,4913119.0
2014-08-25,0.924,0.916,0.925,0.914,4375767.0
2014-08-26,0.913,0.91,0.918,0.906,4553470.0
2014-08-27,0.909,0.91,0.913,0.909,4512459.0
2014-08-28,0.91,0.906,0.911,0.904,5478509.0
2014-08-29,0.906,0.914,0.915,0.906,4426938.0
2014-09-01,0.914,0.918,0.919,0.913,5255470.0
2014-09-02,0.919,0.932,0.934,0.917,7328855.0
2014-09-03,0.934,0.94,0.943,0.934,5170650.0
2014-09-04,0.941,0.949,0.949,0.939,4312598.0
2014-09-05,0.952,0.957,0.959,0.949,6407412.0
2014-09-09,0.958,0.955,0.958,0.952,3962325.0
2014-09-10,0.949,0.949,0.95,0.945,5310511.0
2014-09-11,0.949,0.944,0.963,0.942,7222657.0
2014-09-12,0.944,0.952,0.952,0.941,5116385.0
2014-09-15,0.946,0.949,0.951,0.943,6564734.0
2014-09-16,0.952,0.933,0.954,0.932,6259853.0
2014-09-17,0.937,0.936,0.939,0.931,5165643.0
2014-09-18,0.935,0.94,0.942,0.932,8462794.0
2014-09-19,0.94,0.947,0.95,0.939,7218656.0
2014-09-22,0.944,0.928,0.944,0.926,6310351.0
2014-09-23,0.929,0.937,0.939,0.929,6642956.0
2014-09-24,0.933,0.955,0.956,0.931,10530459.0
2014-09-25,0.957,0.95,0.963,0.947,11766577.0
2014-09-26,0.95,0.95,0.952,0.943,7014042.0
2014-09-29,0.95,0.954,0.955,0.948,7302410.0
2014-09-30,0.954,0.954,0.957,0.951,5853168.0
2014-10-08,0.957,0.964,0.965,0.952,8155297.0
2014-10-09,0.966,0.965,0.968,0.959,6124161.0
2014-10-10,0.96,0.96,0.965,0.956,6974427.0
2014-10-13,0.956,0.955,0.957,0.945,6893526.0
2014-10-14,0.954,0.952,0.959,0.949,7137540.0
2014-10-15,0.951,0.957,0.959,0.947,5035690.0
2014-10-16,0.953,0.954,0.965,0.95,5907807.0
2014-10-17,0.954,0.95,0.956,0.941,7260138.0
2014-10-20,0.952,0.954,0.955,0.95,5267683.0
2014-10-21,0.954,0.948,0.957,0.947,5479022.0
2014-10-22,0.948,0.943,0.952,0.943,6098876.0
2014-10-23,0.943,0.933,0.944,0.933,7750311.0
2014-10-24,0.934,0.933,0.937,0.932,5816379.0
2014-10-27,0.929,0.924,0.929,0.92,6444636.0
2014-10-28,0.926,0.942,0.942,0.925,7081639.0
2014-10-29,0.944,0.953,0.959,0.941,9098717.0
2014-10-30,0.953,0.959,0.961,0.952,8426431.0
2014-10-31,0.962,0.978,0.979,0.961,7323906.0
2014-11-03,0.978,0.976,0.98,0.973,6135850.0
2014-11-04,0.973,0.975,0.977,0.972,5776701.0
2014-11-05,0.978,0.974,0.98,0.971,5502652.0
2014-11-06,0.975,0.974,0.977,0.965,7252257.0
2014-11-07,0.975,0.972,0.988,0.967,8261054.0
2014-11-10,0.976,0.999,0.999,0.976,6772235.0
2014-11-11,1.0,0.992,1.009,0.985,8693650.0
2014-11-12,0.991,1.006,1.007,0.988,5575938.0
2014-11-13,1.006,1.001,1.009,0.998,11701384.0
2014-11-14,0.998,1.002,1.002,0.993,5247875.0
2014-11-17,1.013,0.998,1.016,0.998,6877927.0
2014-11-18,0.998,0.988,0.998,0.985,5918560.0
2014-11-19,0.987,0.985,0.989,0.982,6915317.0
2014-11-20,0.982,0.986,0.988,0.978,5993677.0
2014-11-21,0.986,1.004,1.005,0.983,10309707.0
2014-11-24,1.013,1.032,1.039,1.012,13277666.0
2014-11-25,1.031,1.042,1.044,1.029,12741722.0
2014-11-26,1.044,1.054,1.054,1.044,11842240.0
2014-11-27,1.057,1.063,1.064,1.052,14180399.0
2014-11-28,1.059,1.087,1.095,1.059,13651346.0
2014-12-01,1.091,1.088,1.098,1.085,8192861.0
2014-12-02,1.087,1.13,1.143,1.083,14079458.0
2014-12-03,1.133,1.142,1.167,1.125,18562139.0
2014-12-04,1.154,1.21,1.211,1.146,17863904.0
2014-12-05,1.213,1.203,1.232,1.165,19759233.0
2014-12-08,1.193,1.259,1.263,1.183,16625137.0
2014-12-09,1.24,1.191,1.304,1.143,16196280.0
2014-12-10,1.216,1.233,1.245,1.177,23570021.0
2014-12-11,1.217,1.22,1.246,1.208,19211225.0
2014-12-12,1.226,1.224,1.246,1.215,13442354.0
2014-12-15,1.224,1.238,1.242,1.209,11291791.0
2014-12-16,1.237,1.266,1.268,1.232,16418864.0
2014-12-17,1.271,1.287,1.289,1.258,20043030.0
2014-12-18,1.288,1.285,1.304,1.278,22410690.0
2014-12-19,1.287,1.304,1.307,1.258,21429541.0
2014-12-22,1.304,1.295,1.322,1.291,18691135.0
2014-12-23,1.286,1.269,1.311,1.266,19073574.0
2014-12-24,1.269,1.235,1.279,1.218,20900443.0
2014-12-25,1.242,1.279,1.28,1.241,17610132.0
2014-12-26,1.279,1.327,1.33,1.276,17964517.0
2014-12-29,1.354,1.321,1.364,1.301,24745093.0
2014-12-30,1.322,1.321,1.338,1.31,13477504.0
2014-12-31,1.324,1.356,1.36,1.322,14748614.0
2015-01-05,1.367,1.398,1.416,1.361,30758984.0
2015-01-06,1.39,1.389,1.406,1.37,16023424.0
2015-01-07,1.382,1.389,1.399,1.375,17043221.0
2015-01-08,1.392,1.359,1.396,1.354,12361365.0
2015-01-09,1.355,1.349,1.412,1.344,20780562.0
2015-01-12,1.35,1.345,1.358,1.324,13826504.0
2015-01-13,1.344,1.343,1.357,1.333,9697400.0
2015-01-14,1.345,1.34,1.355,1.325,9631631.0
2015-01-15,1.34,1.377,1.379,1.33,13119280.0
2015-01-16,1.381,1.389,1.397,1.378,13133958.0
2015-01-19,1.317,1.253,1.328,1.253,12765272.0
2015-01-20,1.271,1.298,1.309,1.268,17005137.0
2015-01-21,1.302,1.355,1.362,1.301,13881855.0
2015-01-22,1.357,1.357,1.367,1.342,9941913.0
2015-01-23,1.367,1.364,1.383,1.353,9745623.0
2015-01-26,1.371,1.376,1.378,1.357,8802064.0
2015-01-27,1.379,1.363,1.381,1.336,12312449.0
2015-01-28,1.353,1.342,1.367,1.337,9584008.0
2015-01-29,1.325,1.328,1.337,1.316,9530566.0
2015-01-30,1.335,1.312,1.343,1.307,11179817.0
2015-02-02,1.289,1.284,1.304,1.279,8583404.0
2015-02-03,1.298,1.313,1.317,1.287,8725036.0
2015-02-04,1.319,1.298,1.33,1.297,10930569.0
2015-02-05,1.332,1.284,1.334,1.282,14647722.0
2015-02-06,1.284,1.265,1.29,1.256,13323765.0
2015-02-09,1.265,1.279,1.293,1.264,12518566.0
2015-02-10,1.281,1.304,1.305,1.279,13935345.0
2015-02-11,1.305,1.312,1.317,1.305,11911260.0
2015-02-12,1.312,1.317,1.321,1.302,7785122.0
2015-02-13,1.32,1.325,1.343,1.32,10813775.0
2015-02-16,1.325,1.336,1.34,1.323,8421547.0
2015-02-17,1.342,1.348,1.352,1.341,8973060.0
2015-02-25,1.347,1.328,1.347,1.321,13779805.0
2015-02-26,1.327,1.366,1.367,1.321,12517040.0
2015-02-27,1.365,1.363,1.373,1.357,10331788.0
2015-03-02,1.372,1.374,1.378,1.36,11512422.0
2015-03-03,1.365,1.337,1.365,1.336,11965033.0
2015-03-04,1.342,1.348,1.353,1.333,8696866.0
2015-03-05,1.34,1.337,1.344,1.323,10619007.0
2015-03-06,1.336,1.329,1.342,1.325,9184233.0
2015-03-09,1.316,1.354,1.358,1.305,14989497.0
2015-03-10,1.349,1.345,1.355,1.34,10614478.0
2015-03-11,1.345,1.347,1.366,1.34,14136149.0
2015-03-12,1.355,1.37,1.377,1.351,14385133.0
2015-03-13,1.373,1.378,1.388,1.368,9200028.0
2015-03-16,1.386,1.411,1.413,1.379,12419541.0
2015-03-17,1.421,1.428,1.431,1.416,13772577.0
2015-03-18,1.431,1.465,1.467,1.431,13322043.0
2015-03-19,1.459,1.458,1.465,1.45,13747984.0
2015-03-20,1.462,1.478,1.488,1.456,12711220.0
2015-03-23,1.492,1.506,1.519,1.491,9506119.0
2015-03-24,1.509,1.505,1.513,1.478,16266947.0
2015-03-25,1.499,1.496,1.509,1.483,12189714.0
2015-03-26,1.49,1.497,1.514,1.475,12752408.0
2015-03-27,1.5,1.508,1.516,1.493,8845228.19
2015-03-30,1.521,1.555,1.56,1.518,12802761.0
2015-03-31,1.577,1.538,1.583,1.518,27410138.0
2015-04-01,1.54,1.563,1.573,1.537,14824100.0
2015-04-02,1.574,1.561,1.578,1.54,20198227.0
2015-04-03,1.558,1.585,1.587,1.554,10549230.0
2015-04-07,1.595,1.612,1.612,1.585,12398463.0
2015-04-08,1.616,1.625,1.63,1.596,9368158.0
2015-04-09,1.631,1.613,1.637,1.598,11668331.0
2015-04-10,1.613,1.65,1.653,1.606,10284434.0
2015-04-13,1.659,1.677,1.684,1.653,8257742.0
2015-04-14,1.673,1.677,1.697,1.664,9848463.0
2015-04-15,1.677,1.664,1.694,1.662,11917793.0
2015-04-16,1.664,1.717,1.719,1.647,10711659.0
2015-04-17,1.723,1.746,1.761,1.723,12126834.0
2015-04-20,1.746,1.709,1.768,1.701,12638763.0
2015-04-21,1.71,1.744,1.745,1.707,13299154.0
2015-04-22,1.749,1.79,1.793,1.749,12169515.0
2015-04-23,1.8,1.788,1.805,1.774,9725637.0
2015-04-24,1.775,1.782,1.787,1.746,8708712.0
2015-04-27,1.8,1.818,1.822,1.787,11266967.0
2015-04-28,1.812,1.795,1.825,1.779,12519068.0
2015-04-29,1.795,1.805,1.814,1.779,8027906.0
2015-04-30,1.809,1.801,1.823,1.8,7658200.0
2015-05-04,1.801,1.811,1.813,1.782,7988415.0
2015-05-05,1.809,1.744,1.809,1.732,9813952.0
2015-05-06,1.746,1.726,1.778,1.711,18782493.0
2015-05-07,1.716,1.696,1.723,1.691,25005675.0
2015-05-08,1.709,1.722,1.723,1.683,13094727.0
2015-05-11,1.731,1.777,1.779,1.715,27020156.0
2015-05-12,1.777,1.797,1.798,1.765,7819125.0
2015-05-13,1.8,1.781,1.8,1.77,6823684.0
2015-05-14,1.781,1.777,1.789,1.769,6155977.0
2015-05-15,1.775,1.745,1.775,1.737,8241200.0
2015-05-18,1.739,1.732,1.748,1.725,7372686.0
2015-05-19,1.732,1.791,1.797,1.73,15114416.0
2015-05-20,1.8,1.799,1.836,1.785,20741770.0
2015-05-21,1.803,1.835,1.836,1.798,11635718.0
2015-05-22,1.848,1.873,1.875,1.842,12159245.0
2015-05-25,1.871,1.931,1.932,1.869,11365784.0
2015-05-26,1.935,1.959,1.965,1.912,11309206.0
2015-05-27,1.966,1.959,1.976,1.934,15048546.0
2015-05-28,1.957,1.829,1.965,1.807,15097912.0
2015-05-29,1.835,1.83,1.859,1.764,20550189.0
2015-06-01,1.83,1.924,1.928,1.824,17542104.0
2015-06-02,1.924,1.956,1.958,1.899,15123215.0
2015-06-03,1.956,1.94,1.959,1.907,14301795.0
2015-06-04,1.94,1.961,1.965,1.79,21827335.0
2015-06-05,1.972,1.964,1.991,1.917,14405085.0
2015-06-08,1.97,2.011,2.028,1.947,25233080.0
2015-06-09,2.015,1.995,2.018,1.971,17623198.0
2015-06-10,1.985,1.994,2.027,1.971,7031789.0
2015-06-11,1.994,1.994,2.009,1.974,7340937.0
2015-06-12,2.002,2.008,2.019,1.985,8205332.0
2015-06-15,2.014,1.961,2.021,1.956,8778392.0
2015-06-16,1.953,1.911,1.959,1.89,9127585.0
2015-06-17,1.912,1.939,1.949,1.874,10940242.0
2015-06-18,1.927,1.864,1.931,1.859,8722978.0
2015-06-19,1.84,1.751,1.857,1.746,10840079.0
2015-06-23,1.755,1.811,1.818,1.692,17606865.0
2015-06-24,1.82,1.85,1.852,1.779,13416412.0
2015-06-25,1.858,1.785,1.866,1.772,6760862.0
2015-06-26,1.746,1.655,1.771,1.612,9893036.0
2015-06-29,1.691,1.594,1.692,1.512,17347939.0
2015-06-30,1.597,1.706,1.707,1.525,27653175.0
2015-07-01,1.68,1.6,1.724,1.59,13863663.0
2015-07-02,1.631,1.567,1.646,1.512,22616373.0
2015-07-03,1.567,1.497,1.596,1.447,35819537.0
2015-07-06,1.641,1.536,1.641,1.464,49183037.0
2015-07-07,1.497,1.47,1.52,1.441,33833890.0
2015-07-08,1.36,1.328,1.416,1.328,16586074.0
2015-07-09,1.312,1.456,1.456,1.308,13925565.0
2015-07-10,1.501,1.597,1.597,1.476,12497600.0
2015-07-13,1.583,1.614,1.644,1.564,10322504.0
2015-07-14,1.588,1.584,1.637,1.561,9097319.0
2015-07-15,1.561,1.506,1.578,1.49,6006835.0
2015-07-16,1.501,1.54,1.565,1.486,6337549.0
2015-07-17,1.553,1.601,1.612,1.535,7336477.0
2015-07-20,1.595,1.597,1.621,1.577,6895961.0
2015-07-21,1.577,1.606,1.617,1.566,4712593.0
2015-07-22,1.601,1.599,1.61,1.577,3665737.0
2015-07-23,1.601,1.641,1.646,1.594,5204889.0
2015-07-24,1.639,1.608,1.652,1.598,4200409.0
2015-07-27,1.577,1.454,1.6,1.451,5086913.0
2015-07-28,1.424,1.47,1.497,1.403,7616118.0
2015-07-29,1.483,1.522,1.525,1.456,5245456.0
2015-07-30,1.508,1.472,1.531,1.467,3901715.0
2015-07-31,1.468,1.472,1.493,1.455,3505091.0
2015-08-03,1.45,1.472,1.475,1.44,2193440.0
2015-08-04,1.475,1.529,1.531,1.467,2827401.0
2015-08-05,1.522,1.496,1.525,1.481,3735916.0
2015-08-06,1.473,1.48,1.501,1.467,2958714.0
2015-08-07,1.49,1.509,1.519,1.49,6858932.0
2015-08-10,1.519,1.582,1.588,1.512,3991595.0
2015-08-11,1.577,1.564,1.582,1.557,3004252.0
2015-08-12,1.548,1.548,1.574,1.545,3885215.0
2015-08-13,1.548,1.568,1.57,1.527,4652587.0
2015-08-14,1.574,1.565,1.581,1.561,5458428.0
2015-08-17,1.557,1.567,1.57,1.544,3455986.0
2015-08-18,1.568,1.463,1.577,1.46,4606012.0
2015-08-19,1.451,1.495,1.503,1.416,5919634.0
2015-08-20,1.48,1.458,1.495,1.453,2333264.0
2015-08-21,1.453,1.388,1.458,1.384,6931379.0
2015-08-24,1.345,1.253,1.347,1.253,5422396.0
2015-08-25,1.195,1.15,1.241,1.146,7105358.0
2015-08-26,1.182,1.181,1.238,1.151,7356206.0
2015-08-27,1.202,1.251,1.256,1.18,7086962.0
2015-08-28,1.259,1.305,1.312,1.243,5682560.0
2015-08-31,1.275,1.302,1.305,1.247,3136290.0
2015-09-01,1.268,1.298,1.304,1.237,2274113.0
2015-09-02,1.259,1.294,1.312,1.242,2444088.0
2015-09-07,1.293,1.263,1.331,1.259,1785874.0
2015-09-08,1.249,1.296,1.302,1.226,2032500.0
2015-09-09,1.304,1.32,1.33,1.294,1883864.0
2015-09-10,1.303,1.297,1.322,1.295,1016279.0
2015-09-11,1.3,1.3,1.32,1.289,2550799.0
2015-09-14,1.304,1.256,1.307,1.23,1980071.0
2015-09-15,1.244,1.22,1.259,1.216,2166237.0
2015-09-16,1.224,1.284,1.302,1.215,5723573.0
2015-09-17,1.268,1.26,1.297,1.258,4197731.0
2015-09-18,1.267,1.259,1.272,1.252,2581483.0
2015-09-21,1.249,1.282,1.289,1.242,2525744.0
2015-09-22,1.281,1.291,1.309,1.278,2116112.0
2015-09-23,1.267,1.262,1.286,1.26,873019.0
2015-09-24,1.275,1.273,1.279,1.26,772058.0
2015-09-25,1.268,1.246,1.272,1.239,1123987.0
2015-09-28,1.248,1.253,1.258,1.239,1018359.0
2015-09-29,1.239,1.23,1.242,1.223,732166.0
2015-09-30,1.235,1.238,1.249,1.234,502082.0
2015-10-08,1.288,1.281,1.29,1.281,1102589.0
2015-10-09,1.278,1.297,1.304,1.278,972618.0
2015-10-12,1.297,1.349,1.358,1.297,1969043.0
2015-10-13,1.335,1.34,1.343,1.328,1443107.0
2015-10-14,1.333,1.325,1.344,1.325,1138425.0
2015-10-15,1.322,1.358,1.359,1.319,1263222.0
2015-10-16,1.364,1.377,1.378,1.358,2075699.0
2015-10-19,1.377,1.374,1.387,1.365,1203407.0
2015-10-20,1.374,1.392,1.393,1.365,795328.0
2015-10-21,1.393,1.351,1.396,1.331,1658596.0
2015-10-22,1.341,1.368,1.371,1.341,973251.0
2015-10-23,1.368,1.391,1.394,1.367,1197798.0
2015-10-26,1.403,1.394,1.405,1.386,1803183.0
2015-10-27,1.391,1.394,1.4,1.355,1322360.0
2015-10-28,1.387,1.371,1.396,1.367,1744483.0
2015-10-29,1.372,1.373,1.386,1.363,1213244.0
2015-10-30,1.37,1.373,1.388,1.358,995648.0
2015-11-02,1.361,1.351,1.376,1.347,2680803.0
2015-11-03,1.353,1.341,1.356,1.334,2212780.0
2015-11-04,1.344,1.419,1.421,1.344,2712068.0
2015-11-05,1.414,1.44,1.473,1.405,2727443.0
2015-11-06,1.44,1.474,1.478,1.436,2646076.0
2015-11-09,1.471,1.489,1.505,1.471,2517805.0
2015-11-10,1.475,1.485,1.498,1.475,1401064.0
2015-11-11,1.484,1.483,1.488,1.464,1765150.0
2015-11-12,1.484,1.468,1.486,1.458,1444702.0
2015-11-13,1.459,1.454,1.468,1.446,1474506.0
2015-11-16,1.437,1.462,1.464,1.43,1374760.0
2015-11-17,1.469,1.457,1.496,1.453,1486758.0
2015-11-18,1.458,1.445,1.463,1.415,1370454.0
2015-11-19,1.446,1.466,1.467,1.44,1001048.0
2015-11-20,1.466,1.462,1.471,1.457,1190018.0
2015-11-23,1.46,1.455,1.476,1.453,877202.0
2015-11-24,1.45,1.456,1.456,1.434,1253068.0
2015-11-25,1.453,1.465,1.466,1.448,1485888.0
2015-11-26,1.473,1.458,1.474,1.453,1267994.0
2015-11-27,1.453,1.381,1.453,1.373,1851805.0
2015-11-30,1.384,1.382,1.393,1.345,2035672.0
2015-12-01,1.38,1.392,1.402,1.371,2790143.0
2015-12-02,1.391,1.45,1.453,1.385,1869803.0
2015-12-03,1.446,1.453,1.459,1.434,1456643.0
2015-12-04,1.446,1.426,1.446,1.421,1394298.0
2015-12-07,1.427,1.429,1.438,1.418,785126.0
2015-12-08,1.42,1.409,1.422,1.402,949081.0
2015-12-09,1.408,1.41,1.419,1.401,942590.0
2015-12-10,1.414,1.408,1.428,1.399,2103556.0
2015-12-11,1.401,1.401,1.411,1.391,1507339.0
2015-12-14,1.393,1.443,1.443,1.389,1989950.0
2015-12-15,1.442,1.429,1.442,1.425,1409126.0
2015-12-16,1.435,1.43,1.441,1.427,971984.0
2015-12-17,1.437,1.456,1.46,1.437,1571513.0
2015-12-18,1.456,1.461,1.473,1.452,1489845.0
2015-12-21,1.456,1.498,1.508,1.453,1594825.0
2015-12-22,1.5,1.5,1.502,1.483,1541484.0
2015-12-23,1.5,1.498,1.519,1.494,2892636.0
2015-12-24,1.496,1.481,1.498,1.469,1982188.0
2015-12-25,1.484,1.488,1.489,1.475,1475444.0
2015-12-28,1.484,1.445,1.489,1.443,1661648.0
2015-12-29,1.442,1.458,1.458,1.44,1529129.0
2015-12-30,1.458,1.457,1.459,1.446,1391575.0
2015-12-31,1.453,1.445,1.463,1.444,1270700.0
2016-01-04,1.444,1.353,1.444,1.352,3108539.0
2016-01-05,1.329,1.351,1.37,1.315,4268877.0
2016-01-06,1.351,1.372,1.376,1.349,1752465.0
2016-01-07,1.356,1.335,1.356,1.305,750405.0
2016-01-08,1.336,1.307,1.336,1.264,4083360.0
2016-01-11,1.284,1.242,1.299,1.241,4612187.0
2016-01-12,1.252,1.251,1.265,1.238,2766902.0
2016-01-13,1.261,1.234,1.268,1.226,2500409.0
2016-01-14,1.206,1.254,1.257,1.203,3469088.0
2016-01-15,1.247,1.219,1.252,1.21,3014651.0
2016-01-18,1.204,1.219,1.233,1.2,3142912.0
2016-01-19,1.219,1.253,1.258,1.215,2523184.0
2016-01-20,1.249,1.238,1.255,1.229,2565343.0
2016-01-21,1.226,1.204,1.249,1.201,2733316.0
2016-01-22,1.216,1.215,1.223,1.193,2439672.0
2016-01-25,1.225,1.219,1.229,1.209,1795483.0
2016-01-26,1.203,1.154,1.213,1.149,2987120.0
2016-01-27,1.156,1.142,1.167,1.115,5350877.0
2016-01-28,1.137,1.119,1.15,1.114,2435148.0
2016-01-29,1.119,1.149,1.16,1.118,3053497.0
2016-02-01,1.148,1.137,1.152,1.123,1669836.0
2016-02-02,1.135,1.16,1.162,1.135,2210159.0
2016-02-03,1.149,1.155,1.157,1.138,2278307.0
2016-02-04,1.158,1.169,1.173,1.157,4273606.0
2016-02-05,1.169,1.156,1.169,1.156,4766111.0
2016-02-15,1.137,1.152,1.158,1.132,2216572.0
2016-02-16,1.157,1.183,1.187,1.156,2719884.0
2016-02-17,1.183,1.195,1.196,1.18,2351820.0
2016-02-18,1.203,1.193,1.208,1.19,2211639.0
2016-02-19,1.192,1.19,1.199,1.184,2113775.0
2016-02-22,1.207,1.213,1.218,1.198,7328682.0
2016-02-23,1.213,1.205,1.214,1.194,2300797.0
2016-02-24,1.202,1.213,1.215,1.191,2805922.0
2016-02-25,1.211,1.14,1.211,1.132,3757682.0
2016-02-26,1.147,1.15,1.158,1.137,4618957.0
2016-02-29,1.146,1.124,1.149,1.105,3940303.0
2016-03-01,1.127,1.144,1.153,1.104,2345625.0
2016-03-02,1.146,1.193,1.196,1.146,4514134.0
2016-03-03,1.193,1.19,1.207,1.187,2388758.0
2016-03-04,1.19,1.204,1.21,1.183,4606083.0
2016-03-07,1.209,1.213,1.241,1.201,3423065.0
2016-03-08,1.207,1.209,1.21,1.174,2890422.0
2016-03-09,1.191,1.192,1.195,1.177,2647694.0
2016-03-10,1.19,1.177,1.201,1.175,1373433.0
2016-03-11,1.167,1.174,1.182,1.16,1589932.0
2016-03-14,1.185,1.199,1.214,1.185,5780534.0
2016-03-15,1.196,1.195,1.199,1.182,2931010.0
2016-03-16,1.19,1.202,1.212,1.19,2877220.0
2016-03-17,1.204,1.221,1.23,1.198,4099649.0
2016-03-18,1.221,1.237,1.248,1.221,9687665.0
2016-03-21,1.246,1.263,1.272,1.246,3885501.0
2016-03-22,1.256,1.255,1.264,1.253,1688627.0
2016-03-23,1.254,1.257,1.263,1.245,2526467.0
2016-03-24,1.249,1.239,1.253,1.238,3537115.0
2016-03-25,1.239,1.243,1.249,1.236,2554327.0
2016-03-28,1.248,1.232,1.259,1.23,2537084.0
2016-03-29,1.233,1.223,1.237,1.216,5106344.0
2016-03-30,1.23,1.255,1.256,1.23,3213459.0
2016-03-31,1.258,1.252,1.261,1.247,2677769.0
2016-04-01,1.249,1.256,1.256,1.232,2554756.0
2016-04-05,1.251,1.268,1.275,1.248,3410879.0
2016-04-06,1.263,1.265,1.27,1.261,2822235.0
2016-04-07,1.269,1.251,1.273,1.248,2359795.0
2016-04-08,1.242,1.241,1.251,1.23,2876953.0
2016-04-11,1.25,1.253,1.267,1.25,2939344.0
2016-04-12,1.254,1.252,1.256,1.245,4237926.0
2016-04-13,1.259,1.267,1.282,1.259,6647237.0
2016-04-14,1.272,1.272,1.277,1.264,1963763.0
2016-04-15,1.274,1.273,1.276,1.268,1908464.0
2016-04-18,1.265,1.256,1.265,1.253,2255223.0
2016-04-19,1.26,1.257,1.266,1.252,2768542.0
2016-04-20,1.262,1.236,1.263,1.208,4679624.0
2016-04-21,1.229,1.231,1.247,1.225,2547429.0
2016-04-22,1.227,1.236,1.238,1.223,1534014.0
2016-04-25,1.235,1.232,1.235,1.216,1560969.0
2016-04-26,1.232,1.239,1.241,1.226,1301659.0
2016-04-27,1.239,1.233,1.241,1.23,1447533.0
2016-04-28,1.234,1.233,1.236,1.222,1445679.0
2016-04-29,1.23,1.231,1.236,1.228,1135890.0
2016-05-03,1.233,1.254,1.256,1.226,2341180.0
2016-05-04,1.248,1.249,1.256,1.244,1844622.0
2016-05-05,1.248,1.249,1.252,1.244,1320283.0
2016-05-06,1.25,1.222,1.252,1.222,2155428.0
2016-05-09,1.219,1.199,1.219,1.195,3272033.0
2016-05-10,1.197,1.197,1.203,1.195,1135479.0
2016-05-11,1.201,1.202,1.21,1.197,994515.0
2016-05-12,1.197,1.206,1.208,1.187,1195078.0
2016-05-13,1.202,1.202,1.212,1.197,908964.0
2016-05-16,1.2,1.206,1.207,1.19,1102906.0
2016-05-17,1.207,1.205,1.211,1.198,961064.0
2016-05-18,1.202,1.197,1.202,1.186,1192441.0
2016-05-19,1.196,1.195,1.206,1.193,1112604.0
2016-05-20,1.193,1.202,1.203,1.189,1390692.0
2016-05-23,1.204,1.204,1.212,1.2,1078091.0
2016-05-24,1.204,1.197,1.204,1.193,967809.0
2016-05-25,1.199,1.196,1.207,1.195,837863.0
2016-05-26,1.196,1.196,1.202,1.184,1424764.0
2016-05-27,1.196,1.197,1.2,1.192,856851.0
2016-05-30,1.196,1.198,1.202,1.185,792382.0
2016-05-31,1.198,1.238,1.239,1.198,4945933.0
2016-06-01,1.238,1.233,1.24,1.231,1713478.0
2016-06-02,1.233,1.234,1.235,1.228,923857.0
2016-06-03,1.235,1.248,1.251,1.233,1777932.0
2016-06-06,1.246,1.241,1.251,1.239,816479.0
2016-06-07,1.242,1.241,1.243,1.238,576210.0
2016-06-08,1.239,1.239,1.242,1.231,726250.0
2016-06-13,1.23,1.2,1.23,1.199,3299624.0
2016-06-14,1.199,1.205,1.206,1.198,1750902.0
2016-06-15,1.197,1.22,1.231,1.193,1945951.0
2016-06-16,1.22,1.213,1.22,1.21,877244.0
2016-06-17,1.214,1.218,1.227,1.214,2013080.0
2016-06-20,1.219,1.219,1.223,1.211,821084.0
2016-06-21,1.223,1.216,1.237,1.212,1445445.0
2016-06-22,1.215,1.223,1.225,1.211,1172913.0
2016-06-23,1.223,1.219,1.224,1.212,993872.0
2016-06-24,1.219,1.207,1.226,1.19,1543955.0
2016-06-27,1.205,1.222,1.222,1.203,1355577.0
2016-06-28,1.218,1.228,1.229,1.212,1814889.0
2016-06-29,1.229,1.233,1.236,1.228,1195419.0
2016-06-30,1.233,1.235,1.238,1.231,928512.0
2016-07-01,1.235,1.233,1.241,1.232,937666.0
2016-07-04,1.232,1.253,1.258,1.228,1378107.0
2016-07-05,1.253,1.256,1.26,1.252,1607143.0
2016-07-06,1.255,1.262,1.263,1.251,2780687.0
2016-07-07,1.261,1.264,1.268,1.255,1856771.0
2016-07-08,1.262,1.259,1.262,1.257,1680194.0
2016-07-11,1.261,1.262,1.277,1.261,1079600.0
2016-07-12,1.261,1.292,1.293,1.261,1723628.0
2016-07-13,1.294,1.295,1.304,1.292,2498416.0
2016-07-14,1.295,1.293,1.295,1.288,1304280.0
2016-07-15,1.296,1.295,1.297,1.291,916969.0
2016-07-18,1.293,1.29,1.295,1.286,1384781.0
2016-07-19,1.289,1.284,1.291,1.278,1169010.0
2016-07-20,1.282,1.281,1.287,1.28,648020.0
2016-07-21,1.281,1.288,1.295,1.281,1073903.0
2016-07-22,1.285,1.277,1.288,1.276,1152247.0
2016-07-25,1.276,1.277,1.285,1.275,950112.0
2016-07-26,1.277,1.292,1.293,1.277,1080209.0
2016-07-27,1.293,1.27,1.295,1.251,2287308.0
2016-07-28,1.266,1.273,1.28,1.265,2122106.0
2016-07-29,1.273,1.269,1.276,1.265,1267244.0
2016-08-01,1.266,1.259,1.268,1.253,1333762.0
2016-08-02,1.259,1.262,1.267,1.256,1164915.0
2016-08-03,1.26,1.264,1.266,1.258,2018836.0
2016-08-04,1.263,1.267,1.268,1.256,930974.0
2016-08-05,1.268,1.272,1.278,1.265,1014150.0
2016-08-08,1.272,1.282,1.282,1.264,849697.0
2016-08-09,1.28,1.288,1.29,1.279,2312882.0
2016-08-10,1.288,1.284,1.291,1.283,1765682.0
2016-08-11,1.283,1.282,1.297,1.281,1265069.0
2016-08-12,1.279,1.304,1.306,1.279,2173901.0
2016-08-15,1.307,1.341,1.354,1.306,3925780.0
2016-08-16,1.344,1.337,1.351,1.335,2741304.0
2016-08-17,1.335,1.334,1.341,1.329,1188311.0
2016-08-18,1.336,1.332,1.341,1.326,953905.0
2016-08-19,1.331,1.331,1.333,1.321,1322039.0
2016-08-22,1.331,1.322,1.335,1.321,1053783.0
2016-08-23,1.322,1.322,1.329,1.315,2416251.0
2016-08-24,1.322,1.317,1.324,1.315,1542670.0
2016-08-25,1.311,1.311,1.314,1.299,1262291.0
2016-08-26,1.311,1.309,1.321,1.308,791422.0
2016-08-29,1.307,1.309,1.312,1.305,778727.0
2016-08-30,1.31,1.314,1.318,1.308,1034445.0
2016-08-31,1.313,1.319,1.322,1.308,1120571.0
2016-09-01,1.319,1.306,1.319,1.305,923902.0
2016-09-02,1.305,1.311,1.315,1.305,988755.0
2016-09-05,1.314,1.314,1.324,1.312,1592257.0
2016-09-06,1.315,1.325,1.327,1.305,1428755.0
2016-09-07,1.326,1.325,1.332,1.324,1969668.0
2016-09-08,1.324,1.324,1.325,1.321,748924.0
2016-09-09,1.324,1.317,1.326,1.317,1204615.0
2016-09-12,1.301,1.292,1.302,1.285,2064725.0
2016-09-13,1.293,1.292,1.296,1.29,954381.0
2016-09-14,1.289,1.285,1.291,1.284,719668.0
2016-09-19,1.285,1.293,1.294,1.285,1007976.0
2016-09-20,1.294,1.291,1.295,1.289,706943.0
2016-09-21,1.291,1.296,1.298,1.29,680127.0
2016-09-22,1.301,1.304,1.31,1.299,989000.0
2016-09-23,1.305,1.301,1.307,1.3,673587.0
2016-09-26,1.3,1.281,1.3,1.28,1633492.0
2016-09-27,1.281,1.287,1.288,1.279,1068961.0
2016-09-28,1.287,1.285,1.288,1.283,471316.0
2016-09-29,1.287,1.291,1.294,1.287,1111320.0
2016-09-30,1.288,1.294,1.296,1.288,1096255.0
2016-10-10,1.297,1.308,1.311,1.294,1563660.0
2016-10-11,1.309,1.311,1.312,1.306,1019210.0
2016-10-12,1.308,1.308,1.31,1.305,689821.0
2016-10-13,1.31,1.308,1.312,1.306,950245.0
2016-10-14,1.308,1.312,1.313,1.302,1169801.0
2016-10-17,1.312,1.301,1.313,1.29,1169468.0
2016-10-18,1.301,1.316,1.317,1.299,1854193.0
2016-10-19,1.317,1.315,1.321,1.313,1334998.0
2016-10-20,1.315,1.314,1.317,1.312,1087664.0
2016-10-21,1.314,1.32,1.322,1.311,1529253.0
2016-10-24,1.32,1.335,1.341,1.319,2065991.0
2016-10-25,1.335,1.332,1.335,1.329,1881782.0
2016-10-26,1.331,1.328,1.332,1.326,1426709.0
2016-10-27,1.327,1.326,1.328,1.321,892224.0
2016-10-28,1.325,1.324,1.337,1.324,1492268.0
2016-10-31,1.324,1.322,1.324,1.313,891945.0
2016-11-01,1.321,1.33,1.331,1.32,866924.0
2016-11-02,1.328,1.321,1.328,1.32,852540.0
2016-11-03,1.317,1.331,1.337,1.317,2258266.0
2016-11-04,1.33,1.327,1.336,1.325,1114074.0
2016-11-07,1.327,1.328,1.331,1.324,1008059.0
2016-11-08,1.33,1.334,1.34,1.33,1422438.0
2016-11-09,1.334,1.33,1.334,1.314,1960762.0
2016-11-10,1.333,1.343,1.346,1.333,1448274.0
2016-11-11,1.341,1.354,1.355,1.338,1734271.0
2016-11-14,1.351,1.355,1.364,1.348,2619852.0
2016-11-15,1.355,1.354,1.357,1.35,1363919.0
2016-11-16,1.355,1.354,1.358,1.351,1439264.0
2016-11-17,1.353,1.357,1.358,1.348,1314599.0
2016-11-18,1.358,1.353,1.36,1.351,1097434.0
2016-11-21,1.351,1.359,1.37,1.35,1362852.0
2016-11-22,1.36,1.372,1.373,1.36,1721437.0
2016-11-23,1.374,1.374,1.38,1.371,911253.0
2016-11-24,1.373,1.378,1.386,1.371,1755186.0
2016-11-25,1.378,1.392,1.393,1.368,1347871.0
2016-11-28,1.395,1.398,1.405,1.395,1483483.0
2016-11-29,1.394,1.409,1.415,1.39,1591360.0
2016-11-30,1.405,1.396,1.409,1.394,1660676.0
2016-12-01,1.397,1.409,1.413,1.397,1128864.0
2016-12-02,1.408,1.394,1.408,1.391,938826.0
2016-12-05,1.377,1.367,1.382,1.366,2228656.0
2016-12-06,1.368,1.365,1.373,1.365,1268854.0
2016-12-07,1.366,1.371,1.373,1.361,1113534.0
2016-12-08,1.375,1.374,1.379,1.371,2079600.0
2016-12-09,1.371,1.381,1.386,1.37,1113083.0
2016-12-12,1.381,1.347,1.381,1.345,1479028.0
2016-12-13,1.343,1.345,1.351,1.334,1611875.0
2016-12-14,1.342,1.336,1.348,1.335,1013558.0
2016-12-15,1.329,1.321,1.335,1.316,2297927.0
2016-12-16,1.32,1.321,1.328,1.318,1422497.0
2016-12-19,1.321,1.318,1.322,1.315,870418.0
2016-12-20,1.316,1.308,1.317,1.301,1674659.0
2016-12-21,1.31,1.322,1.322,1.31,1291631.0
2016-12-22,1.321,1.32,1.321,1.314,1035923.0
2016-12-23,1.317,1.31,1.319,1.307,802605.0
2016-12-26,1.306,1.314,1.315,1.295,1452620.0
2016-12-27,1.312,1.312,1.317,1.31,1132960.0
2016-12-28,1.311,1.306,1.314,1.302,1049116.0
2016-12-29,1.304,1.307,1.311,1.301,848783.0
2016-12-30,1.306,1.308,1.311,1.305,960788.0
2017-01-03,1.309,1.322,1.325,1.309,1058679.0
2017-01-04,1.321,1.333,1.333,1.318,1134839.0
2017-01-05,1.332,1.33,1.334,1.327,656748.0
2017-01-06,1.329,1.326,1.332,1.324,778859.0
2017-01-09,1.324,1.331,1.332,1.323,775128.0
2017-01-10,1.33,1.327,1.333,1.326,697214.0
2017-01-11,1.325,1.318,1.331,1.318,947053.0
2017-01-12,1.318,1.312,1.321,1.311,840009.0
2017-01-13,1.311,1.314,1.321,1.309,974975.0
2017-01-16,1.311,1.312,1.313,1.292,1469151.0
2017-01-17,1.308,1.314,1.317,1.304,864949.0
2017-01-18,1.312,1.322,1.327,1.312,1138662.0
2017-01-19,1.319,1.318,1.325,1.316,1060346.0
2017-01-20,1.316,1.329,1.329,1.315,2063693.0
2017-01-23,1.329,1.329,1.338,1.328,1421798.0
2017-01-24,1.329,1.33,1.332,1.326,842962.0
2017-01-25,1.329,1.334,1.334,1.325,670239.0
2017-01-26,1.334,1.339,1.343,1.334,661762.0
2017-02-03,1.339,1.331,1.34,1.328,1120450.0
2017-02-06,1.332,1.331,1.335,1.327,1011688.0
2017-02-07,1.33,1.329,1.333,1.325,919571.0
2017-02-08,1.328,1.337,1.34,1.322,951701.0
2017-02-09,1.336,1.342,1.347,1.335,983411.0
2017-02-10,1.343,1.348,1.351,1.341,1061427.0
2017-02-13,1.348,1.355,1.357,1.348,1225064.0
2017-02-14,1.355,1.357,1.357,1.353,774969.0
2017-02-15,1.356,1.352,1.361,1.35,1245321.0
2017-02-16,1.352,1.358,1.358,1.35,905007.0
2017-02-17,1.358,1.35,1.364,1.35,1253715.0
2017-02-20,1.35,1.371,1.375,1.35,1382844.0
2017-02-21,1.371,1.371,1.376,1.37,1118515.0
2017-02-22,1.372,1.375,1.376,1.37,951852.0
2017-02-23,1.374,1.37,1.376,1.366,1028588.0
2017-02-24,1.37,1.368,1.37,1.364,897411.0
2017-02-27,1.369,1.358,1.369,1.355,735681.0
2017-02-28,1.357,1.36,1.365,1.357,950733.0
2017-03-01,1.361,1.362,1.37,1.359,1355897.0
2017-03-02,1.364,1.357,1.382,1.354,955485.0
2017-03-03,1.354,1.353,1.354,1.346,778375.0
2017-03-06,1.353,1.359,1.36,1.35,999939.0
2017-03-07,1.358,1.361,1.361,1.356,761854.0
2017-03-08,1.36,1.362,1.363,1.358,1101721.0
2017-03-09,1.36,1.351,1.36,1.348,809001.0
2017-03-10,1.35,1.352,1.355,1.35,825743.0
2017-03-13,1.35,1.366,1.366,1.346,1236681.0
2017-03-14,1.364,1.363,1.366,1.361,680534.0
2017-03-15,1.36,1.365,1.366,1.359,576086.0
2017-03-16,1.368,1.373,1.378,1.368,934775.0
2017-03-17,1.373,1.358,1.374,1.357,1037742.0
2017-03-20,1.358,1.359,1.361,1.354,889350.0
2017-03-21,1.359,1.368,1.368,1.357,1077074.0
2017-03-22,1.363,1.361,1.366,1.354,628258.0
2017-03-23,1.362,1.365,1.368,1.355,853839.0
2017-03-24,1.365,1.377,1.381,1.364,1283551.0
2017-03-27,1.377,1.371,1.38,1.37,867856.0
2017-03-28,1.371,1.369,1.374,1.366,669608.0
2017-03-29,1.369,1.367,1.373,1.362,790107.0
2017-03-30,1.364,1.354,1.367,1.35,1197410.0
2017-03-31,1.354,1.364,1.364,1.354,886199.0
2017-04-05,1.371,1.385,1.385,1.37,1351355.0
2017-04-06,1.384,1.383,1.385,1.377,960783.0
2017-04-07,1.384,1.386,1.39,1.381,755353.0
2017-04-10,1.387,1.383,1.387,1.382,821129.0
2017-04-11,1.382,1.386,1.387,1.368,1057268.0
2017-04-12,1.385,1.381,1.387,1.378,988676.0
2017-04-13,1.38,1.386,1.388,1.378,784438.0
2017-04-14,1.386,1.375,1.386,1.373,860763.0
2017-04-17,1.373,1.371,1.374,1.364,1357762.0
2017-04-18,1.369,1.368,1.375,1.367,832006.0
2017-04-19,1.365,1.358,1.365,1.352,2120401.0
2017-04-20,1.357,1.365,1.367,1.357,1158008.0
2017-04-21,1.366,1.366,1.37,1.36,814365.0
2017-04-24,1.363,1.352,1.364,1.346,1700779.0
2017-04-25,1.355,1.356,1.36,1.353,983835.0
2017-04-26,1.356,1.359,1.367,1.356,876264.0
2017-04-27,1.358,1.36,1.362,1.344,2097326.0
2017-04-28,1.359,1.355,1.359,1.35,715289.0
2017-05-02,1.353,1.353,1.355,1.349,920826.0
2017-05-03,1.352,1.347,1.355,1.345,821768.0
2017-05-04,1.346,1.342,1.351,1.341,1043228.0
2017-05-05,1.34,1.334,1.341,1.33,1465209.0
2017-05-08,1.332,1.323,1.334,1.32,1643938.0
2017-05-09,1.321,1.324,1.327,1.317,1400235.0
2017-05-10,1.325,1.32,1.33,1.319,1670224.0
2017-05-11,1.317,1.326,1.329,1.312,2181884.0
2017-05-12,1.325,1.336,1.338,1.324,1451197.0
2017-05-15,1.34,1.341,1.345,1.338,1024391.0
2017-05-16,1.34,1.356,1.357,1.335,1033131.0
2017-05-17,1.355,1.348,1.355,1.347,1097918.0
2017-05-18,1.343,1.342,1.348,1.34,974236.0
2017-05-19,1.342,1.344,1.346,1.342,715944.0
2017-05-22,1.345,1.345,1.352,1.34,863365.0
2017-05-23,1.345,1.351,1.356,1.344,1514699.0
2017-05-24,1.349,1.351,1.351,1.34,1404383.0
2017-05-25,1.35,1.378,1.38,1.347,2489525.0
2017-05-26,1.376,1.376,1.382,1.373,2032029.0
2017-05-31,1.38,1.377,1.388,1.371,1480334.0
2017-06-01,1.374,1.38,1.38,1.373,907181.0
2017-06-02,1.379,1.376,1.38,1.369,1315412.0
2017-06-05,1.373,1.368,1.377,1.367,1101787.0
2017-06-06,1.368,1.378,1.378,1.367,959068.0
2017-06-07,1.379,1.396,1.396,1.377,1667237.0
2017-06-08,1.395,1.405,1.407,1.393,1460939.0
2017-06-09,1.404,1.413,1.416,1.404,1512315.0
2017-06-12,1.41,1.41,1.42,1.407,1240740.0
2017-06-13,1.407,1.413,1.416,1.406,1316253.0
2017-06-14,1.412,1.4,1.412,1.397,1425761.0
2017-06-15,1.399,1.395,1.403,1.39,1208419.0
2017-06-16,1.395,1.393,1.401,1.391,1023956.0
2017-06-19,1.394,1.408,1.409,1.394,1413142.0
2017-06-20,1.409,1.404,1.412,1.401,1298320.0
2017-06-21,1.412,1.42,1.421,1.404,2026660.0
2017-06-22,1.418,1.422,1.437,1.417,1900073.0
2017-06-23,1.421,1.435,1.436,1.415,979933.0
2017-06-26,1.435,1.452,1.453,1.435,1073945.0
2017-06-27,1.451,1.452,1.455,1.444,806651.0
2017-06-28,1.451,1.443,1.451,1.441,792487.0
2017-06-29,1.443,1.451,1.453,1.443,868377.0
2017-06-30,1.447,1.449,1.453,1.442,824750.0
2017-07-03,1.449,1.443,1.45,1.437,965188.0
2017-07-04,1.443,1.432,1.443,1.429,1352154.0
2017-07-05,1.431,1.449,1.452,1.431,1333338.0
2017-07-06,1.449,1.448,1.451,1.439,1618320.0
2017-07-07,1.446,1.447,1.449,1.44,826426.0
2017-07-10,1.447,1.449,1.455,1.446,950921.0
2017-07-11,1.447,1.46,1.471,1.447,1314196.0
2017-07-12,1.458,1.452,1.465,1.446,1174760.0
2017-07-13,1.452,1.466,1.467,1.452,1112379.0
2017-07-14,1.466,1.475,1.477,1.462,855766.0
2017-07-17,1.474,1.456,1.478,1.446,1942105.0
2017-07-18,1.454,1.457,1.459,1.445,1608456.0
2017-07-19,1.457,1.486,1.488,1.455,1741180.0
2017-07-20,1.485,1.492,1.493,1.482,976975.0
2017-07-21,1.489,1.485,1.493,1.481,977614.0
2017-07-24,1.484,1.492,1.495,1.481,642642.0
2017-07-25,1.492,1.482,1.493,1.479,969983.0
2017-07-26,1.482,1.474,1.488,1.468,1542540.0
2017-07-27,1.474,1.478,1.481,1.465,1463574.0
2017-07-28,1.476,1.483,1.485,1.473,741486.0
2017-07-31,1.483,1.488,1.493,1.48,1194636.0
2017-08-01,1.488,1.499,1.501,1.488,1224510.0
2017-08-02,1.5,1.499,1.507,1.497,1180979.0
2017-08-03,1.497,1.485,1.501,1.482,1072928.0
2017-08-04,1.485,1.477,1.491,1.476,1040716.0
2017-08-07,1.474,1.485,1.488,1.473,1062490.0
2017-08-08,1.486,1.486,1.489,1.482,1211295.0
2017-08-09,1.485,1.485,1.489,1.48,961916.0
2017-08-10,1.482,1.482,1.492,1.471,1386799.0
2017-08-11,1.473,1.455,1.476,1.453,1816643.0
2017-08-14,1.455,1.472,1.475,1.455,1489558.0
2017-08-15,1.472,1.476,1.481,1.47,2386280.0
2017-08-16,1.474,1.473,1.476,1.466,881399.0
2017-08-17,1.476,1.484,1.485,1.475,703318.0
2017-08-18,1.48,1.485,1.488,1.475,724997.0
2017-08-21,1.489,1.491,1.494,1.485,490788.0
2017-08-22,1.491,1.493,1.496,1.487,723347.0
2017-08-23,1.493,1.497,1.503,1.491,563945.0
2017-08-24,1.497,1.489,1.5,1.488,764001.0
2017-08-25,1.489,1.514,1.514,1.489,2023895.0
2017-08-28,1.515,1.53,1.539,1.515,2297449.0
2017-08-29,1.531,1.527,1.532,1.525,1218355.0
2017-08-30,1.527,1.526,1.534,1.525,837834.0
2017-08-31,1.526,1.523,1.529,1.515,1166771.0
2017-09-01,1.523,1.525,1.53,1.52,900118.0
2017-09-04,1.525,1.53,1.531,1.518,1280226.0
2017-09-05,1.53,1.535,1.538,1.529,703198.0
2017-09-06,1.532,1.531,1.536,1.526,787843.0
2017-09-07,1.532,1.525,1.537,1.524,513055.0
2017-09-08,1.525,1.523,1.531,1.517,586515.0
2017-09-11,1.525,1.525,1.535,1.522,760060.0
2017-09-12,1.529,1.529,1.534,1.523,623236.0
2017-09-13,1.53,1.53,1.532,1.524,593111.0
2017-09-14,1.529,1.525,1.535,1.522,625454.0
2017-09-15,1.525,1.528,1.529,1.521,926836.0
2017-09-18,1.527,1.533,1.54,1.525,1107037.0
2017-09-19,1.534,1.524,1.535,1.519,887575.0
2017-09-20,1.523,1.531,1.532,1.522,697777.0
2017-09-21,1.531,1.531,1.535,1.526,1208402.0
2017-09-22,1.525,1.527,1.529,1.52,747234.0
2017-09-25,1.525,1.521,1.526,1.518,845460.0
2017-09-26,1.519,1.522,1.522,1.518,605663.0
2017-09-27,1.521,1.523,1.527,1.519,548811.0
2017-09-28,1.523,1.525,1.527,1.519,496638.0
2017-09-29,1.525,1.53,1.536,1.525,887625.0
2017-10-09,1.556,1.545,1.561,1.544,1653136.0
2017-10-10,1.544,1.547,1.55,1.537,1417638.0
2017-10-11,1.547,1.552,1.555,1.544,1082136.0
2017-10-12,1.552,1.559,1.559,1.55,1102176.0
2017-10-13,1.555,1.562,1.562,1.555,548574.0
2017-10-16,1.562,1.557,1.567,1.556,1052853.0
2017-10-17,1.557,1.556,1.56,1.552,734482.0
2017-10-18,1.555,1.565,1.567,1.555,955523.0
2017-10-19,1.565,1.561,1.565,1.559,956388.0
2017-10-20,1.56,1.56,1.561,1.556,516507.0
2017-10-23,1.561,1.564,1.565,1.557,884069.0
2017-10-24,1.561,1.574,1.574,1.56,939317.0
2017-10-25,1.572,1.579,1.581,1.57,640827.0
2017-10-26,1.579,1.59,1.595,1.576,1403180.0
2017-10-27,1.588,1.597,1.597,1.587,699861.0
2017-10-30,1.598,1.59,1.6,1.573,1557691.0
2017-10-31,1.585,1.589,1.591,1.582,676835.0
2017-11-01,1.589,1.584,1.599,1.583,1298294.0
2017-11-02,1.584,1.587,1.587,1.578,982106.0
2017-11-03,1.585,1.583,1.588,1.573,1125905.0
2017-11-06,1.58,1.596,1.597,1.578,608521.0
2017-11-07,1.596,1.611,1.614,1.595,1032092.0
2017-11-08,1.609,1.607,1.624,1.604,994467.0
2017-11-09,1.606,1.619,1.619,1.604,1217573.0
2017-11-10,1.616,1.633,1.635,1.613,1260335.0
2017-11-13,1.633,1.636,1.64,1.632,889665.0
2017-11-14,1.637,1.624,1.638,1.623,1327241.0
2017-11-15,1.621,1.613,1.625,1.61,2554123.0
2017-11-16,1.613,1.627,1.629,1.611,1933054.0
2017-11-17,1.625,1.629,1.631,1.619,1888910.0
2017-11-20,1.625,1.641,1.642,1.612,1403474.0
2017-11-21,1.639,1.672,1.673,1.637,1728882.0
2017-11-22,1.673,1.672,1.687,1.659,1549476.0
2017-11-23,1.67,1.621,1.67,1.618,2992733.0
2017-11-24,1.618,1.623,1.63,1.609,2160149.0
2017-11-27,1.618,1.598,1.621,1.597,2731052.0
2017-11-28,1.596,1.605,1.607,1.592,1048320.0
2017-11-29,1.607,1.604,1.611,1.585,1191682.0
2017-11-30,1.602,1.586,1.606,1.583,1176151.0
2017-12-01,1.586,1.587,1.598,1.581,847132.0
2017-12-04,1.586,1.594,1.6,1.58,778886.0
2017-12-05,1.59,1.603,1.606,1.59,818564.0
2017-12-06,1.6,1.591,1.6,1.576,908335.0
2017-12-07,1.59,1.574,1.594,1.569,897478.0
2017-12-08,1.574,1.589,1.593,1.573,941707.0
2017-12-11,1.588,1.614,1.614,1.588,921277.0
2017-12-12,1.612,1.59,1.612,1.589,1094854.0
2017-12-13,1.59,1.6,1.604,1.587,1159791.0
2017-12-14,1.601,1.596,1.605,1.59,1559101.0
2017-12-15,1.591,1.575,1.592,1.574,925487.0
2017-12-18,1.577,1.576,1.587,1.571,1028030.0
2017-12-19,1.577,1.596,1.596,1.577,1052969.0
2017-12-20,1.594,1.592,1.599,1.589,930046.0
2017-12-21,1.589,1.611,1.616,1.588,2415533.0
2017-12-22,1.61,1.604,1.612,1.602,1297648.0
2017-12-25,1.605,1.597,1.617,1.593,1702341.0
2017-12-26,1.598,1.601,1.605,1.59,2089951.0
2017-12-27,1.601,1.576,1.603,1.574,2084858.0
2017-12-28,1.578,1.59,1.595,1.574,1939509.0
2017-12-29,1.591,1.594,1.597,1.586,1083159.0
2018-01-02,1.598,1.617,1.617,1.597,1688765.0
2018-01-03,1.617,1.625,1.635,1.615,1267933.0
2018-01-04,1.625,1.63,1.633,1.622,922207.0
2018-01-05,1.633,1.636,1.639,1.627,1271316.0
2018-01-08,1.635,1.642,1.646,1.63,1056967.0
2018-01-09,1.642,1.654,1.656,1.639,1079460.0
2018-01-10,1.653,1.661,1.663,1.648,1449656.0
2018-01-11,1.659,1.659,1.661,1.652,984750.0
2018-01-12,1.659,1.667,1.669,1.657,1035749.0
2018-01-15,1.667,1.664,1.681,1.663,1573647.0
2018-01-16,1.664,1.68,1.682,1.663,1231839.0
2018-01-17,1.681,1.676,1.687,1.67,1589397.0
2018-01-18,1.678,1.686,1.691,1.677,1250863.0
2018-01-19,1.687,1.69,1.702,1.686,2185064.0
2018-01-22,1.686,1.711,1.712,1.686,1398733.0
2018-01-23,1.714,1.727,1.728,1.713,1584662.0
2018-01-24,1.727,1.728,1.732,1.715,1613457.0
2018-01-25,1.727,1.718,1.728,1.71,1548719.0
2018-01-26,1.713,1.726,1.737,1.711,984131.0
2018-01-29,1.73,1.695,1.732,1.691,2140531.0
2018-01-30,1.692,1.679,1.698,1.678,1616871.0
2018-01-31,1.675,1.684,1.689,1.672,1667368.0
2018-02-01,1.683,1.673,1.69,1.663,4390735.0
2018-02-02,1.661,1.682,1.685,1.653,2127961.0
2018-02-05,1.668,1.681,1.683,1.661,2308395.0
2018-02-06,1.657,1.636,1.662,1.634,3131731.0
2018-02-07,1.657,1.6,1.661,1.598,3395178.0
2018-02-08,1.598,1.588,1.61,1.576,3123485.0
2018-02-09,1.548,1.519,1.554,1.496,4168371.0
2018-02-12,1.522,1.539,1.548,1.518,1935588.0
2018-02-13,1.552,1.557,1.576,1.552,1624624.0
2018-02-14,1.561,1.57,1.573,1.556,930356.0
2018-02-22,1.589,1.6,1.603,1.584,1890640.0
2018-02-23,1.603,1.608,1.612,1.596,1576572.0
2018-02-26,1.62,1.628,1.633,1.602,2027722.0
2018-02-27,1.631,1.606,1.631,1.604,2118232.0
2018-02-28,1.594,1.591,1.604,1.581,2392245.0
2018-03-01,1.583,1.601,1.608,1.581,1186369.0
2018-03-02,1.591,1.591,1.599,1.586,906146.0
2018-03-05,1.593,1.588,1.601,1.58,960124.0
2018-03-06,1.599,1.61,1.611,1.582,1335938.0
2018-03-07,1.609,1.598,1.618,1.595,1397285.0
2018-03-08,1.599,1.613,1.614,1.595,932075.0
2018-03-09,1.616,1.624,1.627,1.611,1116871.0
2018-03-12,1.632,1.629,1.638,1.627,2949891.0
2018-03-13,1.628,1.613,1.63,1.612,1435127.0
2018-03-14,1.609,1.607,1.615,1.606,1209033.0
2018-03-15,1.606,1.619,1.62,1.603,1000794.0
2018-03-16,1.617,1.602,1.622,1.601,883232.0
2018-03-19,1.601,1.61,1.611,1.594,809020.0
2018-03-20,1.605,1.609,1.614,1.596,754936.0
2018-03-21,1.615,1.601,1.626,1.598,1291002.0
2018-03-22,1.604,1.588,1.609,1.584,984440.0
2018-03-23,1.546,1.544,1.555,1.518,2789760.0
2018-03-26,1.532,1.537,1.541,1.519,2339575.0
2018-03-27,1.554,1.55,1.557,1.541,1437933.0
2018-03-28,1.537,1.521,1.548,1.52,1350991.0
2018-03-29,1.527,1.547,1.553,1.506,1934539.0
2018-03-30,1.547,1.545,1.552,1.538,923031.0
2018-04-02,1.545,1.54,1.56,1.539,1775059.0
2018-04-03,1.531,1.531,1.538,1.523,1409852.0
2018-04-04,1.534,1.527,1.545,1.525,1028784.0
2018-04-09,1.528,1.529,1.537,1.519,1191991.0
2018-04-10,1.53,1.557,1.557,1.529,1590734.0
2018-04-11,1.56,1.558,1.567,1.556,1364955.0
2018-04-12,1.558,1.543,1.56,1.543,967303.0
2018-04-13,1.552,1.533,1.556,1.531,1212467.0
2018-04-16,1.531,1.511,1.535,1.506,1141596.0
2018-04-17,1.515,1.49,1.516,1.489,1382998.0
2018-04-18,1.502,1.493,1.507,1.476,2125676.0
2018-04-19,1.496,1.512,1.516,1.496,1714951.0
2018-04-20,1.508,1.491,1.513,1.488,1631785.0
2018-04-23,1.488,1.496,1.505,1.483,1064099.0
2018-04-24,1.499,1.526,1.529,1.499,1794867.0
2018-04-25,1.52,1.517,1.523,1.514,1072139.0
2018-04-26,1.519,1.489,1.522,1.487,1279568.0
2018-04-27,1.496,1.492,1.498,1.476,1178761.0
2018-05-02,1.498,1.496,1.505,1.487,1130980.0
2018-05-03,1.493,1.505,1.51,1.483,1500874.0
2018-05-04,1.504,1.498,1.509,1.496,1112293.0
2018-05-07,1.5,1.521,1.522,1.498,1519752.0
2018-05-08,1.522,1.539,1.543,1.52,1882643.0
2018-05-09,1.539,1.535,1.539,1.529,872673.0
2018-05-10,1.539,1.545,1.545,1.532,994891.0
2018-05-11,1.547,1.536,1.55,1.535,850967.0
2018-05-14,1.539,1.549,1.552,1.539,1809287.0
2018-05-15,1.552,1.554,1.554,1.54,1444888.0
2018-05-16,1.549,1.542,1.552,1.539,878034.0
2018-05-17,1.543,1.53,1.545,1.53,835910.0
2018-05-18,1.532,1.546,1.548,1.525,1916792.0
2018-05-21,1.555,1.553,1.562,1.548,1582573.0
2018-05-22,1.553,1.547,1.553,1.538,846887.0
2018-05-23,1.543,1.528,1.544,1.528,1100044.0
2018-05-24,1.528,1.516,1.531,1.515,1216399.0
2018-05-25,1.516,1.513,1.524,1.509,1031684.0
2018-05-28,1.516,1.522,1.528,1.509,916134.0
2018-05-29,1.52,1.509,1.524,1.508,1263855.0
2018-05-30,1.495,1.482,1.497,1.482,1440322.0
2018-05-31,1.49,1.51,1.511,1.488,1701936.0
2018-06-01,1.504,1.501,1.509,1.494,1210254.0
2018-06-04,1.508,1.514,1.516,1.503,1260796.0
2018-06-05,1.513,1.526,1.528,1.51,1048859.0
2018-06-06,1.524,1.524,1.527,1.521,835028.0
2018-06-07,1.529,1.523,1.535,1.521,1098143.0
2018-06-08,1.52,1.504,1.52,1.497,1353332.0
2018-06-11,1.498,1.508,1.511,1.498,768349.0
2018-06-12,1.508,1.522,1.527,1.501,1221683.0
2018-06-13,1.517,1.508,1.519,1.505,1148816.0
2018-06-14,1.504,1.504,1.517,1.5,1372525.0
2018-06-15,1.502,1.502,1.51,1.494,1303403.0
2018-06-19,1.492,1.453,1.492,1.439,3515761.0
2018-06-20,1.449,1.453,1.46,1.437,2490302.0
2018-06-21,1.454,1.442,1.47,1.44,3337199.0
2018-06-22,1.439,1.448,1.449,1.424,1542609.0
2018-06-25,1.453,1.429,1.455,1.429,1154244.0
2018-06-26,1.417,1.416,1.424,1.4,2023401.0
2018-06-27,1.417,1.385,1.42,1.382,2008945.0
2018-06-28,1.379,1.378,1.397,1.376,1625310.0
2018-06-29,1.379,1.412,1.414,1.379,1706049.0
2018-07-02,1.409,1.377,1.411,1.363,2121981.0
2018-07-03,1.376,1.372,1.38,1.342,3615524.0
2018-07-04,1.369,1.358,1.376,1.357,1268908.0
2018-07-05,1.359,1.348,1.371,1.346,1726212.0
2018-07-06,1.35,1.359,1.372,1.335,2354378.0
2018-07-09,1.364,1.396,1.397,1.364,2299572.0
2018-07-10,1.398,1.399,1.4,1.386,1457344.0
2018-07-11,1.376,1.377,1.383,1.36,1954317.0
2018-07-12,1.377,1.408,1.415,1.376,2089339.0
2018-07-13,1.409,1.41,1.414,1.404,1327475.0
2018-07-16,1.409,1.405,1.42,1.4,1265179.0
2018-07-17,1.403,1.397,1.405,1.387,1215373.0
2018-07-18,1.399,1.391,1.411,1.39,1276136.0
2018-07-19,1.397,1.391,1.406,1.386,1419531.0
2018-07-20,1.391,1.416,1.422,1.381,1934021.0
2018-07-23,1.409,1.425,1.428,1.405,1737761.0
2018-07-24,1.428,1.449,1.456,1.428,2602805.0
2018-07-25,1.45,1.449,1.452,1.443,2022573.0
2018-07-26,1.448,1.432,1.453,1.428,1554862.0
2018-07-27,1.43,1.428,1.436,1.424,876624.0
2018-07-30,1.428,1.421,1.437,1.414,1599820.0
2018-07-31,1.419,1.426,1.433,1.417,1057737.0
2018-08-01,1.433,1.396,1.438,1.396,2696107.0
2018-08-02,1.392,1.367,1.393,1.353,2706062.0
2018-08-03,1.367,1.349,1.372,1.349,1675735.0
2018-08-06,1.349,1.336,1.361,1.328,2222049.0
2018-08-07,1.338,1.371,1.371,1.332,2250980.0
2018-08-08,1.368,1.352,1.369,1.347,1975636.0
2018-08-09,1.351,1.382,1.386,1.347,2292219.0
2018-08-10,1.38,1.384,1.391,1.374,1376743.0
2018-08-13,1.372,1.379,1.382,1.358,1707540.0
2018-08-14,1.378,1.373,1.38,1.365,971810.0
2018-08-15,1.373,1.343,1.373,1.34,1514897.0
2018-08-16,1.335,1.338,1.352,1.321,2077489.0
2018-08-17,1.347,1.319,1.348,1.315,1801104.0
2018-08-20,1.322,1.332,1.333,1.312,2046795.0
2018-08-21,1.331,1.353,1.359,1.331,2322492.0
2018-08-22,1.355,1.351,1.355,1.344,1165533.0
2018-08-23,1.351,1.354,1.362,1.34,2450655.0
2018-08-24,1.352,1.356,1.367,1.342,2031330.0
2018-08-27,1.359,1.388,1.388,1.359,2241291.0
2018-08-28,1.388,1.384,1.392,1.38,1432062.0
2018-08-29,1.383,1.379,1.384,1.376,1323573.0
2018-08-30,1.379,1.367,1.386,1.364,1629236.0
2018-08-31,1.361,1.357,1.37,1.35,1491240.0
2018-09-03,1.355,1.354,1.359,1.343,1405627.0
2018-09-04,1.354,1.369,1.375,1.35,1749978.0
2018-09-05,1.364,1.343,1.367,1.343,1952639.0
2018-09-06,1.343,1.332,1.353,1.329,2133340.0
2018-09-07,1.336,1.341,1.355,1.328,1850577.0
2018-09-10,1.336,1.323,1.34,1.321,1603305.0
2018-09-11,1.323,1.318,1.329,1.314,2253782.0
2018-09-12,1.318,1.31,1.32,1.308,2061822.0
2018-09-13,1.322,1.323,1.329,1.308,2597714.0
2018-09-14,1.324,1.325,1.329,1.319,1756240.0
2018-09-17,1.318,1.313,1.32,1.31,1156508.0
2018-09-18,1.309,1.337,1.338,1.309,2367468.0
2018-09-19,1.335,1.353,1.363,1.332,4463292.0
2018-09-20,1.353,1.353,1.366,1.35,2440904.0
2018-09-21,1.356,1.392,1.393,1.352,4773660.0
2018-09-25,1.378,1.379,1.382,1.372,2089806.0
2018-09-26,1.379,1.393,1.404,1.378,3015784.0
2018-09-27,1.389,1.387,1.393,1.383,2312028.0
2018-09-28,1.389,1.401,1.402,1.388,3022668.0
2018-10-08,1.372,1.339,1.373,1.338,4299047.0
2018-10-09,1.341,1.341,1.35,1.337,1965700.0
2018-10-10,1.343,1.341,1.353,1.329,2636640.0
2018-10-11,1.305,1.277,1.313,1.268,6675568.0
2018-10-12,1.278,1.299,1.305,1.272,5007325.0
2018-10-15,1.301,1.281,1.302,1.28,2926292.0
2018-10-16,1.283,1.274,1.297,1.269,4938840.0
2018-10-17,1.288,1.278,1.292,1.259,6437365.0
2018-10-18,1.27,1.252,1.274,1.251,5932914.0
2018-10-19,1.246,1.281,1.287,1.239,6731053.0
2018-10-22,1.305,1.343,1.35,1.287,9341863.0
2018-10-23,1.342,1.301,1.343,1.295,8599759.0
2018-10-24,1.3,1.303,1.327,1.297,5306689.0
2018-10-25,1.275,1.309,1.311,1.272,5283845.0
2018-10-26,1.312,1.297,1.318,1.288,4499657.0
2018-10-29,1.294,1.261,1.296,1.253,4083248.0
2018-10-30,1.257,1.275,1.287,1.252,5465880.0
2018-10-31,1.277,1.288,1.299,1.273,3798124.0
2018-11-01,1.302,1.297,1.316,1.295,5178410.0
2018-11-02,1.342,1.347,1.353,1.317,8571833.0
2018-11-05,1.338,1.331,1.34,1.318,4511809.0
2018-11-06,1.327,1.323,1.329,1.311,3370718.0
2018-11-07,1.324,1.313,1.337,1.312,3920487.0
2018-11-08,1.325,1.312,1.328,1.311,3121866.0
2018-11-09,1.305,1.297,1.306,1.296,3006413.0
2018-11-12,1.294,1.31,1.312,1.292,3474718.0
2018-11-13,1.297,1.323,1.33,1.295,4499381.0
2018-11-14,1.319,1.308,1.322,1.305,3412692.0
2018-11-15,1.308,1.324,1.324,1.307,3344245.0
2018-11-16,1.326,1.328,1.34,1.315,4153067.0
2018-11-19,1.327,1.341,1.342,1.325,3650422.0
2018-11-20,1.333,1.314,1.336,1.31,3825191.0
2018-11-21,1.303,1.315,1.318,1.302,2891170.0
2018-11-22,1.318,1.312,1.319,1.304,3222327.0
2018-11-23,1.31,1.281,1.311,1.279,3672487.0
2018-11-26,1.284,1.282,1.294,1.277,4260560.0
2018-11-27,1.287,1.281,1.291,1.278,2798289.0
2018-11-28,1.282,1.299,1.301,1.279,2517277.0
2018-11-29,1.305,1.287,1.309,1.287,2037879.0
2018-11-30,1.287,1.299,1.3,1.283,2691270.0
2018-12-03,1.334,1.331,1.338,1.321,5925490.0
2018-12-04,1.329,1.332,1.334,1.324,2204018.0
2018-12-05,1.319,1.327,1.334,1.318,2694282.0
2018-12-06,1.317,1.302,1.317,1.3,4354709.0
2018-12-07,1.303,1.299,1.305,1.299,1924266.0
2018-12-10,1.291,1.288,1.298,1.284,2601286.0
2018-12-11,1.291,1.293,1.294,1.287,1518318.0
2018-12-12,1.299,1.297,1.304,1.293,2090476.0
2018-12-13,1.299,1.318,1.323,1.298,4177232.0
2018-12-14,1.314,1.297,1.314,1.295,3001484.0
2018-12-17,1.294,1.295,1.299,1.285,3507314.0
2018-12-18,1.289,1.28,1.298,1.275,3278632.0
2018-12-19,1.281,1.268,1.284,1.265,2910277.0
2018-12-20,1.265,1.259,1.27,1.251,3465180.0
2018-12-21,1.256,1.245,1.257,1.238,3864981.0
2018-12-24,1.241,1.248,1.249,1.237,2414407.0
2018-12-25,1.237,1.241,1.246,1.222,4031315.0
2018-12-26,1.237,1.234,1.244,1.231,2164598.0
2018-12-27,1.248,1.232,1.25,1.229,2353475.0
2018-12-28,1.234,1.234,1.245,1.229,3892666.0
2019-01-02,1.238,1.219,1.238,1.216,3509348.0
2019-01-03,1.218,1.219,1.235,1.216,2681762.0
2019-01-04,1.213,1.247,1.248,1.211,4798477.0
2019-01-07,1.253,1.252,1.256,1.246,4168316.0
2019-01-08,1.252,1.252,1.253,1.247,1970848.0
2019-01-09,1.256,1.261,1.279,1.256,4396881.0
2019-01-10,1.26,1.262,1.269,1.255,2476923.0
2019-01-11,1.261,1.27,1.274,1.26,2513682.0
2019-01-14,1.27,1.26,1.27,1.258,2039120.0
2019-01-15,1.262,1.282,1.283,1.259,3518301.0
2019-01-16,1.283,1.282,1.283,1.276,1877281.0
2019-01-17,1.282,1.276,1.288,1.275,2381766.0
2019-01-18,1.279,1.296,1.299,1.279,3889859.0
2019-01-21,1.296,1.302,1.308,1.295,2851848.0
2019-01-22,1.3,1.287,1.3,1.284,2543107.0
2019-01-23,1.284,1.284,1.294,1.281,2255126.0
2019-01-24,1.286,1.293,1.296,1.278,2543769.0
2019-01-25,1.294,1.302,1.309,1.294,2722859.0
2019-01-28,1.307,1.301,1.319,1.298,2966955.0
2019-01-29,1.298,1.306,1.309,1.29,3587900.0
2019-01-30,1.3,1.298,1.309,1.297,2129268.0
2019-01-31,1.302,1.309,1.314,1.3,3342948.0
2019-02-01,1.315,1.329,1.33,1.309,3512648.0
2019-02-11,1.325,1.345,1.347,1.32,3872537.0
2019-02-12,1.345,1.354,1.357,1.343,3728810.0
2019-02-13,1.356,1.38,1.386,1.354,4278016.0
2019-02-14,1.378,1.381,1.388,1.375,3797560.0
2019-02-15,1.376,1.361,1.381,1.359,4479468.0
2019-02-18,1.369,1.397,1.397,1.369,4711063.0
2019-02-19,1.399,1.393,1.409,1.387,6782305.0
2019-02-20,1.396,1.397,1.402,1.388,6116144.0
2019-02-21,1.397,1.395,1.415,1.389,6352929.0
2019-02-22,1.393,1.429,1.43,1.386,5921217.0
2019-02-25,1.449,1.522,1.524,1.442,11513198.0
2019-02-26,1.51,1.49,1.515,1.484,7820035.0
2019-02-27,1.49,1.483,1.502,1.468,5994358.0
2019-02-28,1.482,1.48,1.489,1.473,4628979.0
2019-03-01,1.49,1.508,1.512,1.478,6527375.0
2019-03-04,1.52,1.522,1.56,1.512,6603305.0
2019-03-05,1.521,1.534,1.536,1.516,4431034.0
2019-03-06,1.534,1.544,1.55,1.521,5804959.0
2019-03-07,1.542,1.528,1.544,1.517,6184209.0
2019-03-08,1.499,1.479,1.516,1.476,5360776.0
2019-03-11,1.479,1.498,1.502,1.474,4523059.0
2019-03-12,1.508,1.507,1.528,1.497,5307450.0
2019-03-13,1.508,1.499,1.512,1.491,4832336.0
2019-03-14,1.496,1.489,1.505,1.482,3621079.0
2019-03-15,1.492,1.507,1.523,1.492,3870055.0
2019-03-18,1.507,1.55,1.55,1.503,5714156.0
2019-03-19,1.55,1.539,1.554,1.533,3970864.0
2019-03-20,1.538,1.539,1.548,1.524,3278933.0
2019-03-21,1.541,1.54,1.551,1.535,3800127.0
2019-03-22,1.539,1.542,1.545,1.521,3023844.0
2019-03-25,1.519,1.506,1.529,1.504,4359508.0
2019-03-26,1.512,1.492,1.515,1.486,3201400.0
2019-03-27,1.497,1.504,1.508,1.494,3507393.0
2019-03-28,1.499,1.5,1.51,1.493,2568844.0
2019-03-29,1.503,1.557,1.56,1.503,6344016.0
2019-04-01,1.566,1.594,1.595,1.566,6910356.0
2019-04-02,1.594,1.591,1.601,1.585,3839400.0
2019-04-03,1.583,1.611,1.616,1.581,5420179.0
2019-04-04,1.615,1.628,1.632,1.608,5213701.0
2019-04-08,1.641,1.619,1.653,1.606,7639483.0
2019-04-09,1.621,1.627,1.633,1.613,3712237.0
2019-04-10,1.621,1.63,1.644,1.611,3859946.0
2019-04-11,1.63,1.604,1.636,1.595,5021041.0
2019-04-12,1.599,1.598,1.604,1.588,2823988.0
2019-04-15,1.621,1.589,1.633,1.589,7225803.0
2019-04-16,1.582,1.634,1.634,1.581,6690852.0
2019-04-17,1.633,1.63,1.641,1.621,4181515.0
2019-04-18,1.63,1.627,1.635,1.622,3569518.0
2019-04-19,1.629,1.65,1.65,1.616,4578385.0
2019-04-22,1.65,1.611,1.65,1.605,5775086.0
2019-04-23,1.607,1.609,1.624,1.603,3532000.0
2019-04-24,1.612,1.611,1.617,1.588,4631226.0
2019-04-25,1.605,1.58,1.609,1.58,3785555.0
2019-04-26,1.575,1.56,1.582,1.557,6288098.0
2019-04-29,1.564,1.566,1.585,1.557,5593755.0
2019-04-30,1.564,1.567,1.572,1.56,3992608.0
2019-05-06,1.523,1.484,1.527,1.472,12145227.0
2019-05-07,1.489,1.496,1.505,1.482,4835996.0
2019-05-08,1.478,1.479,1.5,1.473,4753727.0
2019-05-09,1.47,1.459,1.476,1.445,5540530.0
2019-05-10,1.47,1.501,1.504,1.447,6719964.0
2019-05-13,1.488,1.476,1.489,1.472,4257770.0
2019-05-14,1.468,1.469,1.485,1.465,2900685.0
2019-05-15,1.48,1.498,1.509,1.48,3575137.0
2019-05-16,1.496,1.505,1.507,1.491,2474374.0
2019-05-17,1.505,1.474,1.506,1.468,3153907.0
2019-05-20,1.469,1.459,1.473,1.448,3882247.0
2019-05-21,1.459,1.476,1.488,1.458,3503829.0
2019-05-22,1.477,1.472,1.48,1.464,2835080.0
2019-05-23,1.466,1.451,1.469,1.449,3106083.0
2019-05-24,1.452,1.453,1.465,1.447,2994092.0
2019-05-27,1.453,1.469,1.475,1.44,4351010.0
2019-05-28,1.467,1.475,1.486,1.466,3850672.0
2019-05-29,1.472,1.476,1.49,1.469,2928526.0
2019-05-30,1.474,1.475,1.477,1.459,3054263.0
2019-05-31,1.472,1.469,1.485,1.468,2760300.0
2019-06-03,1.473,1.472,1.487,1.462,3308130.0
2019-06-04,1.47,1.459,1.473,1.454,3263229.0
2019-06-05,1.469,1.456,1.472,1.455,3285644.0
2019-06-06,1.456,1.445,1.46,1.445,3660674.0
2019-06-10,1.449,1.462,1.47,1.448,3354975.0
2019-06-11,1.464,1.504,1.507,1.464,4667963.0
2019-06-12,1.502,1.493,1.502,1.491,2597249.0
2019-06-13,1.492,1.491,1.498,1.479,3012291.0
2019-06-14,1.492,1.483,1.5,1.478,3445139.0
2019-06-17,1.481,1.484,1.493,1.479,2352061.0
2019-06-18,1.486,1.487,1.491,1.474,2653705.0
2019-06-19,1.521,1.507,1.534,1.506,6289014.0
2019-06-20,1.506,1.547,1.559,1.506,6609284.0
2019-06-21,1.551,1.55,1.561,1.543,4219551.0
2019-06-24,1.551,1.552,1.557,1.543,3074540.0
2019-06-25,1.551,1.537,1.551,1.52,5057034.0
2019-06-26,1.529,1.538,1.542,1.527,2402084.0
2019-06-27,1.538,1.553,1.561,1.538,4730768.0
2019-06-28,1.553,1.553,1.553,1.542,3862690.0
2019-07-01,1.576,1.588,1.592,1.572,5102660.0
2019-07-02,1.588,1.59,1.593,1.582,3338435.0
2019-07-03,1.587,1.578,1.587,1.573,2518385.0
2019-07-04,1.575,1.568,1.583,1.56,3860217.0
2019-07-05,1.568,1.576,1.579,1.564,2362039.0
2019-07-08,1.569,1.542,1.569,1.531,4225313.0
2019-07-09,1.544,1.539,1.547,1.533,2183460.0
2019-07-10,1.544,1.539,1.549,1.535,1744793.0
2019-07-11,1.545,1.54,1.558,1.535,2345244.0
2019-07-12,1.539,1.551,1.557,1.538,2460107.0
2019-07-15,1.546,1.557,1.568,1.527,4484611.0
2019-07-16,1.554,1.551,1.559,1.548,1828874.0
2019-07-17,1.547,1.548,1.555,1.541,2199668.0
2019-07-18,1.544,1.539,1.545,1.538,2305494.0
2019-07-19,1.543,1.554,1.562,1.543,3199381.0
2019-07-22,1.554,1.543,1.558,1.535,3088632.0
2019-07-23,1.544,1.546,1.548,1.539,1670290.0
2019-07-24,1.551,1.558,1.568,1.55,2974453.0
2019-07-25,1.557,1.571,1.571,1.555,2336295.0
2019-07-26,1.564,1.573,1.576,1.563,2857908.0
2019-07-29,1.572,1.57,1.573,1.565,2471021.0
2019-07-30,1.572,1.577,1.586,1.571,2396548.0
2019-07-31,1.572,1.567,1.573,1.563,2164228.0
2019-08-01,1.56,1.553,1.564,1.548,3124656.0
2019-08-02,1.527,1.531,1.535,1.521,4906139.0
2019-08-05,1.525,1.507,1.528,1.505,3542146.0
2019-08-06,1.485,1.492,1.495,1.47,5837026.0
2019-08-07,1.496,1.483,1.498,1.482,2785811.0
2019-08-08,1.492,1.504,1.505,1.492,2809849.0
2019-08-09,1.508,1.493,1.511,1.49,2109639.0
2019-08-12,1.497,1.515,1.515,1.494,1801155.0
2019-08-13,1.504,1.503,1.509,1.498,1553489.0
2019-08-14,1.519,1.508,1.521,1.508,1937005.0
2019-08-15,1.486,1.514,1.516,1.485,2443061.0
2019-08-16,1.513,1.519,1.529,1.509,2574125.0
2019-08-19,1.53,1.553,1.553,1.524,3279432.0
2019-08-20,1.55,1.547,1.555,1.546,2069120.0
2019-08-21,1.546,1.547,1.55,1.544,2422452.0
2019-08-22,1.55,1.55,1.551,1.542,2647785.0
2019-08-23,1.551,1.56,1.565,1.547,2856820.0
2019-08-26,1.539,1.544,1.548,1.537,2674902.0
2019-08-27,1.549,1.558,1.573,1.548,3661760.0
2019-08-28,1.558,1.554,1.562,1.551,1739579.0
2019-08-29,1.556,1.55,1.557,1.541,2339282.0
2019-08-30,1.559,1.554,1.567,1.544,2762817.0
2019-09-02,1.553,1.57,1.577,1.552,3019441.0
2019-09-03,1.572,1.571,1.573,1.565,2313452.0
2019-09-04,1.571,1.589,1.59,1.571,2937605.0
2019-09-05,1.594,1.603,1.623,1.594,5274016.0
2019-09-06,1.608,1.613,1.614,1.602,2640293.0
2019-09-09,1.623,1.619,1.626,1.611,2828454.0
2019-09-10,1.618,1.615,1.62,1.607,1686928.0
2019-09-11,1.619,1.604,1.62,1.603,3041955.0
2019-09-12,1.609,1.619,1.623,1.607,2172055.0
2019-09-16,1.622,1.614,1.623,1.607,1818498.0
2019-09-17,1.612,1.587,1.612,1.583,3810790.0
2019-09-18,1.593,1.593,1.6,1.59,2010310.0
2019-09-19,1.599,1.6,1.601,1.589,2421778.0
2019-09-20,1.603,1.603,1.607,1.6,2325043.0
2019-09-23,1.598,1.59,1.599,1.581,2898921.0
2019-09-24,1.59,1.591,1.604,1.588,2114820.0
2019-09-25,1.588,1.581,1.59,1.58,2349764.0
2019-09-26,1.586,1.571,1.59,1.57,3170949.0
2019-09-27,1.573,1.574,1.577,1.568,2677340.0
2019-09-30,1.572,1.557,1.575,1.555,2632883.0
2019-10-08,1.558,1.566,1.576,1.558,3234238.0
2019-10-09,1.562,1.57,1.571,1.554,2507896.0
2019-10-10,1.569,1.58,1.583,1.564,2363352.0
2019-10-11,1.583,1.598,1.603,1.578,3060200.0
2019-10-14,1.606,1.609,1.624,1.604,3956546.0
2019-10-15,1.608,1.604,1.61,1.603,2950005.0
2019-10-16,1.606,1.599,1.617,1.598,3143663.0
2019-10-17,1.6,1.601,1.606,1.597,1936427.0
2019-10-18,1.602,1.58,1.607,1.576,3081430.0
2019-10-21,1.576,1.583,1.584,1.574,1849392.0
2019-10-22,1.586,1.588,1.592,1.579,1641342.0
2019-10-23,1.589,1.581,1.591,1.576,1478262.0
2019-10-24,1.581,1.583,1.588,1.573,2021671.0
2019-10-25,1.58,1.591,1.593,1.571,2502907.0
2019-10-28,1.594,1.6,1.602,1.591,2674342.0
2019-10-29,1.601,1.595,1.601,1.594,2095535.0
2019-10-30,1.593,1.585,1.594,1.583,2628461.0
2019-10-31,1.589,1.585,1.592,1.581,1927827.0
2019-11-01,1.583,1.615,1.615,1.581,3206513.0
2019-11-04,1.614,1.62,1.623,1.614,2359682.0
2019-11-05,1.62,1.628,1.643,1.617,3529356.0
2019-11-06,1.627,1.622,1.63,1.617,2059389.0
2019-11-07,1.622,1.624,1.633,1.617,2377225.0
2019-11-08,1.635,1.618,1.636,1.616,2972162.0
2019-11-11,1.61,1.593,1.61,1.59,3470689.0
2019-11-12,1.591,1.591,1.597,1.582,3300546.0
2019-11-13,1.589,1.59,1.592,1.584,2020165.0
2019-11-14,1.59,1.591,1.596,1.587,2385877.0
2019-11-15,1.591,1.584,1.597,1.583,1877914.0
2019-11-18,1.583,1.594,1.597,1.58,2408752.0
2019-11-19,1.594,1.609,1.61,1.591,2378889.0
2019-11-20,1.609,1.594,1.609,1.59,2166102.0
2019-11-21,1.59,1.587,1.593,1.582,2448406.0
2019-11-22,1.59,1.571,1.6,1.566,3547071.0
2019-11-25,1.574,1.581,1.582,1.569,2524576.0
2019-11-26,1.585,1.584,1.589,1.577,2858215.0
2019-11-27,1.583,1.581,1.588,1.576,2112391.0
2019-11-28,1.581,1.579,1.587,1.574,1694809.0
2019-11-29,1.576,1.563,1.578,1.556,3029171.0
2019-12-02,1.565,1.566,1.572,1.563,1743557.0
2019-12-03,1.563,1.572,1.573,1.557,1985519.0
2019-12-04,1.568,1.573,1.573,1.564,1589396.0
2019-12-05,1.576,1.584,1.586,1.575,2192064.0
2019-12-06,1.584,1.593,1.593,1.583,2130769.0
2019-12-09,1.593,1.588,1.596,1.584,2322208.0
2019-12-10,1.585,1.589,1.591,1.583,1869954.0
2019-12-11,1.592,1.591,1.593,1.585,1704989.0
2019-12-12,1.591,1.587,1.593,1.585,1371519.0
2019-12-13,1.6,1.616,1.619,1.6,4360829.0
2019-12-16,1.616,1.621,1.624,1.61,3028483.0
2019-12-17,1.62,1.644,1.653,1.619,5256304.0
2019-12-18,1.644,1.638,1.649,1.636,3631176.0
2019-12-19,1.639,1.636,1.64,1.633,2641920.0
2019-12-20,1.635,1.634,1.645,1.633,3287798.0
2019-12-23,1.634,1.615,1.64,1.614,4471447.0
2019-12-24,1.615,1.623,1.626,1.615,3127921.0
2019-12-25,1.623,1.625,1.627,1.618,3105784.0
2019-12-26,1.624,1.636,1.638,1.623,3322559.0
2019-12-27,1.637,1.634,1.653,1.634,4368130.0
2019-12-30,1.63,1.656,1.661,1.628,5423814.0
2019-12-31,1.654,1.664,1.665,1.651,3521859.0
2020-01-02,1.673,1.683,1.693,1.672,6276236.0
2020-01-03,1.686,1.68,1.688,1.677,4696737.0
2020-01-06,1.675,1.674,1.692,1.663,6665047.0
2020-01-07,1.678,1.686,1.687,1.676,4649595.0
2020-01-08,1.678,1.67,1.683,1.664,5628520.0
2020-01-09,1.679,1.687,1.689,1.678,3944317.0
2020-01-10,1.689,1.686,1.693,1.682,3795550.0
2020-01-13,1.686,1.703,1.704,1.68,3736391.0
2020-01-14,1.703,1.696,1.71,1.695,4099628.0
2020-01-15,1.696,1.685,1.699,1.682,3196074.0
2020-01-16,1.687,1.682,1.689,1.678,4162978.0
2020-01-17,1.685,1.684,1.693,1.679,3216273.0
2020-01-20,1.686,1.695,1.696,1.681,3534882.0
2020-01-21,1.689,1.667,1.689,1.665,6182946.0
2020-01-22,1.661,1.672,1.677,1.641,9073932.0
2020-01-23,1.658,1.627,1.662,1.612,7535834.0
2020-02-03,1.528,1.502,1.53,1.493,14710757.0
2020-02-04,1.498,1.543,1.545,1.498,7358437.0
2020-02-05,1.548,1.557,1.574,1.542,5532874.0
2020-02-06,1.562,1.59,1.596,1.553,5279652.0
2020-02-07,1.58,1.587,1.588,1.57,3469890.0
2020-02-10,1.579,1.591,1.595,1.573,3985191.0
2020-02-11,1.594,1.607,1.613,1.594,4222588.0
2020-02-12,1.606,1.617,1.62,1.602,2907834.0
2020-02-13,1.617,1.61,1.623,1.605,3259610.0
2020-02-14,1.608,1.62,1.626,1.607,3139793.0
2020-02-17,1.623,1.652,1.654,1.623,5811400.0
2020-02-18,1.649,1.643,1.651,1.633,7099509.0
2020-02-19,1.641,1.643,1.654,1.639,4403772.0
2020-02-20,1.649,1.677,1.682,1.643,6052410.0
2020-02-21,1.674,1.682,1.694,1.672,4444701.0
2020-02-24,1.674,1.67,1.679,1.659,3727272.0
2020-02-25,1.647,1.667,1.671,1.633,6038307.0
2020-02-26,1.652,1.654,1.672,1.646,6417933.0
2020-02-27,1.659,1.654,1.664,1.651,4753305.0
2020-02-28,1.632,1.603,1.635,1.6,5600710.0
2020-03-02,1.609,1.656,1.662,1.609,4266837.0
2020-03-03,1.672,1.655,1.68,1.649,4087760.0
2020-03-04,1.652,1.666,1.667,1.646,2954532.0
2020-03-05,1.684,1.702,1.705,1.669,5478312.0
2020-03-06,1.69,1.673,1.691,1.672,2499877.0
2020-03-09,1.653,1.624,1.653,1.621,4236423.0
2020-03-10,1.625,1.657,1.661,1.607,8596481.0
2020-03-11,1.657,1.632,1.657,1.631,7032694.0
2020-03-12,1.618,1.609,1.619,1.598,3881192.0
2020-03-13,1.566,1.587,1.602,1.535,7178929.0
2020-03-16,1.585,1.527,1.585,1.523,5710801.0
2020-03-17,1.539,1.514,1.55,1.485,9852558.0
2020-03-18,1.519,1.491,1.54,1.489,7833048.0
2020-03-19,1.492,1.478,1.497,1.44,12481638.0
2020-03-20,1.484,1.496,1.501,1.473,6786895.0
2020-03-23,1.458,1.452,1.473,1.447,8072781.0
2020-03-24,1.476,1.484,1.488,1.456,8328985.0
2020-03-25,1.514,1.519,1.525,1.506,10100836.0
2020-03-26,1.511,1.511,1.525,1.506,3556542.0
2020-03-27,1.528,1.517,1.537,1.516,4915443.0
2020-03-30,1.502,1.504,1.511,1.491,4971344.0
2020-03-31,1.518,1.505,1.519,1.502,3740030.0
2020-04-01,1.504,1.507,1.525,1.5,3554389.0
2020-04-02,1.501,1.525,1.527,1.495,4630489.0
2020-04-03,1.521,1.516,1.526,1.511,3247170.0
2020-04-07,1.539,1.547,1.551,1.538,5467405.0
2020-04-08,1.541,1.541,1.546,1.536,2219175.0
2020-04-09,1.547,1.545,1.55,1.543,3285436.0
2020-04-10,1.545,1.541,1.558,1.534,4642472.0
2020-04-13,1.535,1.533,1.538,1.529,2466969.0
2020-04-14,1.539,1.556,1.557,1.537,3761248.0
2020-04-15,1.556,1.548,1.559,1.547,2392008.0
2020-04-16,1.543,1.548,1.553,1.541,2273172.0
2020-04-17,1.559,1.561,1.571,1.558,5704809.0
2020-04-20,1.564,1.567,1.567,1.559,3822960.0
2020-04-21,1.561,1.552,1.563,1.543,2927572.0
2020-04-22,1.546,1.565,1.565,1.544,3456710.0
2020-04-23,1.566,1.562,1.57,1.558,2015207.0
2020-04-24,1.557,1.55,1.558,1.546,3058295.0
2020-04-27,1.551,1.557,1.566,1.549,3094609.0
2020-04-28,1.561,1.565,1.57,1.538,4228655.0
2020-04-29,1.564,1.573,1.578,1.562,2778349.0
2020-04-30,1.578,1.594,1.597,1.577,5279981.0
2020-05-06,1.578,1.598,1.601,1.576,3834535.0
2020-05-07,1.598,1.595,1.6,1.591,2746388.0
2020-05-08,1.602,1.611,1.618,1.601,3706743.0
2020-05-11,1.613,1.608,1.625,1.604,4123096.0
2020-05-12,1.608,1.608,1.613,1.597,5866052.0
2020-05-13,1.603,1.611,1.613,1.598,2783969.0
2020-05-14,1.606,1.599,1.606,1.597,3001796.0
2020-05-15,1.601,1.592,1.606,1.591,5435703.0
2020-05-18,1.591,1.596,1.605,1.588,3020530.0
2020-05-19,1.61,1.607,1.612,1.603,2781211.0
2020-05-20,1.606,1.601,1.607,1.598,1975618.0
2020-05-21,1.603,1.591,1.606,1.591,2365234.0
2020-05-22,1.59,1.56,1.59,1.559,5328616.0
2020-05-25,1.558,1.56,1.565,1.553,2505597.0
2020-05-26,1.567,1.577,1.578,1.567,4751108.0
2020-05-27,1.577,1.571,1.578,1.566,2311996.0
2020-05-28,1.571,1.573,1.585,1.56,2840731.0
2020-05-29,1.565,1.578,1.58,1.562,2509198.0
2020-06-01,1.59,1.616,1.619,1.589,3509289.0
2020-06-02,1.616,1.62,1.624,1.613,1628382.0
2020-06-03,1.627,1.62,1.636,1.619,3657525.0
2020-06-04,1.625,1.621,1.626,1.615,2813844.0
2020-06-05,1.62,1.629,1.63,1.615,2013596.0
2020-06-08,1.636,1.636,1.646,1.633,2856037.0
2020-06-09,1.637,1.646,1.647,1.633,2944925.0
2020-06-10,1.645,1.643,1.645,1.638,3183572.0
2020-06-11,1.64,1.629,1.647,1.622,3051933.0
2020-06-12,1.614,1.633,1.637,1.607,3090733.0
2020-06-15,1.621,1.612,1.631,1.611,2805261.0
2020-06-16,1.626,1.635,1.635,1.625,2476953.0
2020-06-17,1.636,1.636,1.637,1.627,2790256.0
2020-06-18,1.633,1.648,1.649,1.63,3430027.0
2020-06-19,1.647,1.667,1.675,1.647,3695636.0
2020-06-22,1.667,1.669,1.68,1.664,5212442.0
2020-06-23,1.665,1.676,1.677,1.66,3981678.0
2020-06-24,1.679,1.689,1.69,1.679,4579422.0
2020-06-29,1.684,1.676,1.687,1.667,2126550.0
2020-06-30,1.683,1.694,1.699,1.682,5424685.0
2020-07-01,1.698,1.729,1.731,1.696,5740641.0
2020-07-02,1.728,1.765,1.767,1.726,5504378.0
2020-07-03,1.771,1.798,1.8,1.765,5867687.0
2020-07-06,1.824,1.919,1.925,1.817,9293175.0
2020-07-07,1.933,1.901,1.943,1.897,10745019.0
2020-07-08,1.9,1.924,1.939,1.891,9034869.0
2020-07-09,1.923,1.952,1.956,1.91,6424342.0
2020-07-10,1.939,1.919,1.946,1.911,5644168.0
2020-07-13,1.918,1.956,1.972,1.916,8243783.0
2020-07-14,1.953,1.94,1.962,1.912,7376414.0
2020-07-15,1.947,1.919,1.96,1.912,6624029.0
2020-07-16,1.921,1.834,1.935,1.832,12899181.0
2020-07-17,1.84,1.853,1.871,1.829,9042923.0
2020-07-20,1.868,1.898,1.903,1.845,7249762.0
2020-07-21,1.906,1.902,1.912,1.892,4653507.0
2020-07-22,1.9,1.922,1.946,1.898,7054372.0
2020-07-23,1.903,1.912,1.921,1.874,4305771.0
2020-07-24,1.897,1.834,1.903,1.824,6482820.0
2020-07-27,1.844,1.844,1.857,1.827,3111014.0
2020-07-28,1.856,1.857,1.866,1.846,3742573.0
2020-07-29,1.853,1.906,1.907,1.85,4883854.0
2020-07-30,1.906,1.893,1.909,1.891,2974744.0
2020-07-31,1.892,1.906,1.928,1.877,5185247.0
2020-08-03,1.921,1.934,1.936,1.915,4343933.0
2020-08-04,1.943,1.936,1.948,1.926,3114025.0
2020-08-05,1.933,1.936,1.942,1.91,3006974.0
2020-08-06,1.936,1.93,1.944,1.905,2246670.0
2020-08-07,1.926,1.912,1.927,1.888,3430551.0
2020-08-10,1.9,1.918,1.932,1.886,2404258.0
2020-08-11,1.919,1.9,1.944,1.897,2480529.0
2020-08-12,1.897,1.889,1.903,1.859,4240605.0
2020-08-13,1.893,1.883,1.897,1.88,1978058.0
2020-08-14,1.883,1.917,1.917,1.877,4221856.0
2020-08-17,1.924,1.953,1.966,1.919,5634750.0
2020-08-18,1.955,1.951,1.959,1.941,3493118.0
2020-08-19,1.95,1.923,1.951,1.922,4058191.0
2020-08-20,1.914,1.904,1.918,1.896,3442808.0
2020-08-21,1.913,1.919,1.928,1.904,2893291.0
2020-08-24,1.927,1.93,1.936,1.917,4159345.0
2020-08-25,1.935,1.933,1.951,1.926,2161333.0
2020-08-26,1.932,1.911,1.943,1.905,3349817.0
2020-08-27,1.913,1.925,1.925,1.903,2074315.0
2020-08-28,1.922,1.968,1.971,1.917,5549965.0
2020-08-31,1.979,1.952,1.987,1.951,4886972.0
2020-09-01,1.949,1.965,1.966,1.947,2405330.0
2020-09-02,1.969,1.963,1.971,1.945,3859047.0
2020-09-03,1.961,1.956,1.977,1.948,2298303.0
2020-09-04,1.929,1.936,1.942,1.922,3751025.0
2020-09-07,1.932,1.9,1.945,1.892,4457466.0
2020-09-08,1.903,1.909,1.914,1.889,4858203.0
2020-09-09,1.888,1.867,1.892,1.856,5154947.0
2020-09-10,1.882,1.869,1.89,1.863,4235369.0
2020-09-11,1.862,1.882,1.885,1.861,2799463.0
2020-09-14,1.89,1.892,1.897,1.882,2635947.0
2020-09-15,1.89,1.905,1.908,1.886,2928606.0
2020-09-16,1.905,1.895,1.906,1.889,1889127.0
2020-09-17,1.889,1.884,1.901,1.876,4081454.0
2020-09-18,1.886,1.929,1.93,1.885,8735178.0
2020-09-21,1.93,1.909,1.943,1.906,3816204.0
2020-09-22,1.897,1.887,1.916,1.88,5785134.0
2020-09-23,1.889,1.893,1.899,1.882,4660062.0
2020-09-24,1.882,1.864,1.886,1.86,3445023.0
2020-09-25,1.867,1.865,1.875,1.859,3253692.0
2020-09-28,1.866,1.869,1.881,1.864,3046796.0
2020-09-29,1.877,1.873,1.883,1.87,3158810.0
2020-09-30,1.878,1.868,1.886,1.858,4549102.0
2020-10-09,1.896,1.902,1.912,1.895,3596667.0
2020-10-12,1.912,1.957,1.959,1.911,3609528.0
2020-10-13,1.958,1.963,1.967,1.947,3200439.0
2020-10-14,1.958,1.954,1.961,1.948,2789483.0
2020-10-15,1.952,1.95,1.962,1.946,3305283.0
2020-10-16,1.949,1.945,1.959,1.934,2835707.0
2020-10-19,1.955,1.933,1.969,1.926,6019252.0
2020-10-20,1.929,1.944,1.945,1.928,2739130.0
2020-10-21,1.945,1.946,1.949,1.932,3488947.0
2020-10-22,1.941,1.94,1.947,1.922,2571483.0
2020-10-23,1.937,1.92,1.95,1.918,7768057.0
2020-10-26,1.909,1.906,1.916,1.89,5071474.0
2020-10-27,1.902,1.912,1.914,1.9,2993488.0
2020-10-28,1.911,1.926,1.932,1.905,4828291.0
2020-10-29,1.91,1.943,1.951,1.907,3710248.0
2020-10-30,1.939,1.909,1.942,1.906,3845878.0
2020-11-02,1.91,1.919,1.926,1.91,2001660.0
2020-11-03,1.925,1.938,1.948,1.925,3561129.0
2020-11-04,1.942,1.952,1.96,1.936,3447388.0
2020-11-05,1.969,1.98,1.982,1.962,3758944.0
2020-11-06,1.984,1.981,1.985,1.965,3541237.0
2020-11-09,1.992,2.017,2.027,1.992,5979880.0
2020-11-10,2.021,2.007,2.022,1.996,3847847.0
2020-11-11,2.002,1.989,2.009,1.988,3940726.0
2020-11-12,1.992,1.988,1.997,1.983,2580329.0
2020-11-13,1.981,1.969,1.982,1.957,4329279.0
2020-11-16,1.979,1.989,1.99,1.966,2851087.0
2020-11-17,1.987,1.986,1.988,1.975,2987696.0
2020-11-18,1.984,1.983,1.992,1.975,3606987.0
2020-11-19,1.979,1.999,2.004,1.976,2700795.0
2020-11-20,1.999,2.004,2.007,1.994,2845033.0
2020-11-23,2.01,2.026,2.038,2.002,5211471.0
2020-11-24,2.025,2.014,2.027,2.011,3461421.0
2020-11-25,2.019,1.991,2.028,1.99,4251960.0
2020-11-26,1.99,1.994,1.995,1.976,3958386.0
2020-11-27,1.994,2.02,2.021,1.991,3787808.0
2020-11-30,2.025,2.011,2.047,2.009,5351157.0
2020-12-01,2.009,2.052,2.055,2.009,4752837.0
2020-12-02,2.053,2.048,2.06,2.039,2929469.0
2020-12-03,2.046,2.047,2.054,2.037,2489868.0
2020-12-04,2.044,2.051,2.054,2.029,3301548.0
2020-12-07,2.051,2.035,2.052,2.028,3593753.0
2020-12-08,2.035,2.029,2.044,2.026,3612519.0
2020-12-09,2.034,2.007,2.039,2.003,5685506.0
2020-12-10,2.003,2.003,2.011,1.996,3189474.0
2020-12-11,2.007,1.982,2.012,1.969,4030120.0
2020-12-14,1.984,1.998,2.0,1.98,2518877.0
2020-12-15,1.998,2.004,2.007,1.986,2844127.0
2020-12-16,2.007,2.008,2.01,2.001,2840815.0
2020-12-17,2.007,2.034,2.035,2.004,4662309.0
2020-12-18,2.032,2.023,2.034,2.015,4607113.0
2020-12-21,2.022,2.04,2.044,2.012,4458961.0
2020-12-22,2.036,2.011,2.042,2.009,5153970.0
2020-12-23,2.014,2.027,2.035,2.013,3386872.0
2020-12-24,2.027,2.027,2.035,2.018,3833767.0
2020-12-25,2.019,2.042,2.043,2.015,4033561.0
2020-12-28,2.041,2.047,2.058,2.037,4471300.0
2020-12-29,2.05,2.041,2.055,2.038,3427179.0
2020-12-30,2.04,2.065,2.066,2.039,3406715.0
2020-12-31,2.069,2.106,2.108,2.068,8617992.0
2021-01-04,2.103,2.123,2.135,2.096,5067056.0
2021-01-05,2.118,2.16,2.164,2.112,6228308.0
2021-01-06,2.165,2.178,2.19,2.154,3749451.0
2021-01-07,2.181,2.221,2.222,2.178,4706592.0
2021-01-08,2.225,2.211,2.233,2.192,6975648.0
2021-01-11,2.211,2.188,2.229,2.176,6359652.0
2021-01-12,2.183,2.247,2.248,2.182,5962808.0
2021-01-13,2.253,2.239,2.264,2.225,5524344.0
2021-01-14,2.239,2.201,2.239,2.199,6960480.0
2021-01-15,2.201,2.194,2.213,2.17,7090492.0
2021-01-18,2.193,2.216,2.229,2.18,3967686.0
2021-01-19,2.218,2.188,2.222,2.18,4170097.0
2021-01-20,2.188,2.199,2.209,2.185,4223858.0
2021-01-21,2.205,2.234,2.244,2.205,5116203.0
2021-01-22,2.232,2.235,2.237,2.214,5543093.0
2021-01-25,2.235,2.26,2.267,2.223,4501772.0
2021-01-26,2.251,2.215,2.252,2.212,3927450.0
2021-01-27,2.213,2.219,2.223,2.193,5915416.0
2021-01-28,2.196,2.169,2.196,2.161,4699518.0
2021-01-29,2.177,2.155,2.183,2.13,6221139.0
2021-02-01,2.155,2.178,2.179,2.154,4362881.0
2021-02-02,2.182,2.208,2.209,2.178,5731569.0
2021-02-03,2.208,2.206,2.221,2.198,2819695.0
2021-02-04,2.196,2.202,2.215,2.18,3000842.0
2021-02-05,2.206,2.205,2.229,2.202,5600005.0
2021-02-08,2.219,2.231,2.238,2.205,4750134.0
2021-02-09,2.239,2.282,2.283,2.23,4182998.0
2021-02-10,2.288,2.325,2.335,2.284,3419099.0
2021-02-18,2.368,2.309,2.372,2.303,4707657.0
2021-02-19,2.301,2.321,2.323,2.275,7090647.0
2021-02-22,2.317,2.244,2.317,2.242,7760760.0
2021-02-23,2.23,2.239,2.262,2.229,5912504.0
2021-02-24,2.244,2.184,2.248,2.163,10112690.0
2021-02-25,2.204,2.203,2.22,2.19,6693054.0
2021-02-26,2.17,2.148,2.182,2.145,8370703.0
2021-03-01,2.167,2.181,2.182,2.155,5582085.0
2021-03-02,2.191,2.155,2.193,2.14,4338598.0
2021-03-03,2.149,2.194,2.196,2.143,3611546.0
2021-03-04,2.174,2.132,2.174,2.122,6449816.0
2021-03-05,2.101,2.124,2.141,2.092,5936329.0
2021-03-08,2.137,2.055,2.146,2.052,5637220.0
2021-03-09,2.054,2.018,2.061,1.998,9317191.0
2021-03-10,2.04,2.026,2.048,2.019,6365358.0
2021-03-11,2.035,2.074,2.075,2.031,6206769.0
2021-03-12,2.08,2.078,2.082,2.055,4482015.0
2021-03-15,2.07,2.041,2.07,2.023,3865724.0
2021-03-16,2.041,2.053,2.058,2.03,3232361.0
2021-03-17,2.048,2.061,2.071,2.031,3062946.0
2021-03-18,2.066,2.076,2.085,2.065,3196101.0
2021-03-19,2.053,2.025,2.058,2.019,4921956.0
2021-03-22,2.024,2.046,2.053,2.022,4234868.0
2021-03-23,2.044,2.029,2.047,2.014,4916388.0
2021-03-24,2.021,2.001,2.037,1.993,7550529.0
2021-03-25,1.991,1.999,2.008,1.984,2849086.0
2021-03-26,2.007,2.038,2.047,2.006,5565350.0
2021-03-29,2.042,2.042,2.055,2.028,6392568.0
2021-03-30,2.041,2.058,2.064,2.037,2682839.0
2021-03-31,2.057,2.044,2.057,2.031,2308127.0
2021-04-01,2.047,2.067,2.07,2.045,3229964.0
2021-04-02,2.074,2.086,2.087,2.066,2803346.0
2021-04-06,2.09,2.075,2.091,2.07,2346355.0
2021-04-07,2.077,2.062,2.078,2.051,1752173.0
2021-04-08,2.056,2.066,2.074,2.047,1407559.0
2021-04-09,2.061,2.04,2.061,2.035,2223298.0
2021-04-12,2.035,2.009,2.044,2.002,6639382.0
2021-04-13,2.006,2.006,2.024,1.999,4535452.0
2021-04-14,2.008,2.017,2.022,2.005,5271842.0
2021-04-15,2.011,2.006,2.013,1.986,4935407.0
2021-04-16,2.011,2.012,2.017,1.995,4998940.0
2021-04-19,2.011,2.059,2.062,2.002,5673692.0
2021-04-20,2.052,2.056,2.069,2.049,3698516.0
2021-04-21,2.044,2.06,2.066,2.043,4143214.0
2021-04-22,2.063,2.059,2.07,2.05,4483992.0
2021-04-23,2.056,2.078,2.081,2.056,3229926.0
2021-04-26,2.082,2.054,2.097,2.052,5380616.0
2021-04-27,2.055,2.059,2.062,2.045,3177926.0
2021-04-28,2.052,2.073,2.074,2.047,3012460.0
2021-04-29,2.073,2.09,2.093,2.07,3809845.0
2021-04-30,2.086,2.073,2.09,2.061,4042413.0
2021-05-06,2.066,2.048,2.078,2.039,4075746.0
2021-05-07,2.053,2.026,2.062,2.024,3382892.0
2021-05-10,2.027,2.025,2.035,2.009,3691991.0
2021-05-11,2.014,2.035,2.042,2.001,3979265.0
2021-05-12,2.031,2.047,2.049,2.024,2539712.0
2021-05-13,2.032,2.026,2.036,2.017,4725439.0
2021-05-14,2.033,2.073,2.074,2.023,8489630.0
2021-05-17,2.071,2.096,2.106,2.069,6672555.0
2021-05-18,2.1,2.096,2.104,2.088,2834588.0
2021-05-19,2.093,2.091,2.099,2.083,3933595.0
2021-05-20,2.09,2.096,2.102,2.082,2701391.0
2021-05-21,2.099,2.076,2.11,2.071,5410635.0
2021-05-24,2.076,2.086,2.087,2.061,3496128.0
2021-05-25,2.086,2.147,2.151,2.086,15361601.0
2021-05-26,2.149,2.147,2.157,2.143,4868611.0
2021-05-27,2.145,2.155,2.172,2.136,5307535.0
2021-05-28,2.154,2.149,2.164,2.137,3456219.0
2021-05-31,2.148,2.151,2.152,2.133,3286030.0
2021-06-01,2.149,2.154,2.156,2.126,4544228.0
2021-06-02,2.156,2.138,2.158,2.128,5776071.0
2021-06-03,2.137,2.123,2.146,2.122,4432764.0
2021-06-04,2.119,2.135,2.156,2.112,5581178.0
2021-06-07,2.135,2.133,2.136,2.119,2652774.0
2021-06-08,2.133,2.117,2.152,2.105,4542037.0
2021-06-09,2.112,2.12,2.124,2.111,2595132.0
2021-06-10,2.118,2.133,2.146,2.118,4041126.0
2021-06-11,2.134,2.115,2.14,2.113,3375558.0
2021-06-15,2.115,2.093,2.119,2.083,4312366.0
2021-06-16,2.091,2.067,2.094,2.061,5573017.0
2021-06-17,2.063,2.071,2.079,2.062,3422105.0
2021-06-18,2.07,2.073,2.083,2.059,5237657.0
2021-06-21,2.066,2.07,2.083,2.058,4492631.0
2021-06-22,2.078,2.08,2.082,2.067,6783142.0
2021-06-23,2.082,2.091,2.101,2.076,5864652.0
2021-06-24,2.093,2.096,2.096,2.083,2175097.0
2021-06-25,2.097,2.126,2.133,2.097,6192587.0
2021-06-28,2.129,2.129,2.133,2.121,4454965.0
2021-06-29,2.129,2.109,2.129,2.106,2901856.0
2021-06-30,2.11,2.121,2.125,2.109,3711710.0
2021-07-01,2.127,2.12,2.131,2.108,5643739.0
2021-07-02,2.107,2.068,2.108,2.067,4422360.0
2021-07-05,2.068,2.07,2.075,2.059,2575703.0
2021-07-06,2.07,2.073,2.074,2.052,3816887.0
2021-07-07,2.065,2.093,2.101,2.062,3494651.0
2021-07-08,2.096,2.076,2.099,2.071,3280350.0
2021-07-09,2.07,2.067,2.073,2.047,4262319.0
2021-07-12,2.081,2.093,2.103,2.071,5966929.0
2021-07-13,2.092,2.099,2.105,2.088,3464404.0
2021-07-14,2.097,2.077,2.097,2.073,3824693.0
2021-07-15,2.074,2.103,2.105,2.072,3552867.0
2021-07-16,2.1,2.084,2.102,2.082,3702351.0
2021-07-19,2.08,2.092,2.096,2.065,3320462.0
2021-07-20,2.078,2.087,2.092,2.074,3066793.0
2021-07-21,2.093,2.101,2.109,2.09,5784303.0
2021-07-22,2.102,2.103,2.112,2.099,2696841.0
2021-07-23,2.104,2.084,2.104,2.08,2681441.0
2021-07-26,2.077,2.019,2.077,1.997,9152734.0
2021-07-27,2.018,1.955,2.026,1.953,8072052.0
2021-07-28,1.953,1.959,1.968,1.928,9133473.0
2021-07-29,1.988,1.991,1.995,1.973,6402064.0
2021-07-30,1.982,1.978,1.983,1.959,2258702.0
2021-08-02,1.972,2.023,2.027,1.961,3752039.0
2021-08-03,2.015,2.024,2.033,2.009,2330098.0
2021-08-04,2.02,2.04,2.041,2.019,2486453.0
2021-08-05,2.027,2.029,2.047,2.019,2098716.0
2021-08-06,2.026,2.023,2.028,2.012,1126992.0
2021-08-09,2.015,2.044,2.051,2.008,2290906.0
2021-08-10,2.039,2.065,2.066,2.027,3241224.0
2021-08-11,2.062,2.055,2.072,2.054,2391296.0
2021-08-12,2.048,2.043,2.056,2.039,1339717.0
2021-08-13,2.038,2.033,2.05,2.022,2025664.0
2021-08-16,2.031,2.032,2.042,2.026,1862036.0
2021-08-17,2.03,1.99,2.041,1.987,3523009.0
2021-08-18,1.99,2.01,2.021,1.986,3847710.0
2021-08-19,2.004,1.997,2.01,1.989,2403110.0
2021-08-20,1.993,1.964,1.994,1.947,4184413.0
2021-08-23,1.968,1.991,1.993,1.966,3529613.0
2021-08-24,1.992,2.01,2.018,1.992,3177054.0
2021-08-25,2.013,2.015,2.016,2.003,2076564.0
2021-08-26,2.014,1.984,2.014,1.978,1948403.0
2021-08-27,1.981,1.988,2.005,1.98,2322364.0
2021-08-30,1.993,1.982,1.997,1.973,2155322.0
2021-08-31,1.982,1.981,1.988,1.955,2450326.0
2021-09-01,1.981,2.007,2.021,1.966,3865183.0
2021-09-02,2.011,2.005,2.014,1.996,2240048.0
2021-09-03,2.005,1.995,2.014,1.992,3483673.0
2021-09-06,1.995,2.027,2.032,1.994,4945359.0
2021-09-07,2.026,2.05,2.059,2.021,4574956.0
2021-09-08,2.051,2.042,2.06,2.036,2369431.0
2021-09-09,2.037,2.041,2.042,2.027,1825452.0
2021-09-10,2.04,2.06,2.073,2.038,3893350.0
2021-09-13,2.057,2.05,2.066,2.039,3200157.0
2021-09-14,2.05,2.025,2.056,2.017,3277120.0
2021-09-15,2.022,2.005,2.022,1.995,2707359.0
2021-09-16,2.005,1.985,2.009,1.982,4293484.0
2021-09-17,1.984,1.999,2.001,1.977,5139927.0
2021-09-22,1.974,1.987,1.993,1.971,4916296.0
2021-09-23,1.995,1.998,2.009,1.991,2869733.0
2021-09-24,1.999,2.0,2.017,1.995,4647712.0
2021-09-27,2.005,2.012,2.025,1.996,3598936.0
2021-09-28,2.009,2.009,2.018,1.998,2636353.0
2021-09-29,1.997,1.996,2.007,1.981,5922611.0
2021-09-30,1.997,2.002,2.008,1.996,3129597.0
2021-10-08,2.018,2.028,2.031,2.015,2446241.0
2021-10-11,2.031,2.028,2.048,2.026,2603224.0
2021-10-12,2.021,2.008,2.025,1.994,3306068.0
2021-10-13,2.005,2.029,2.035,2.005,2535737.0
2021-10-14,2.027,2.019,2.036,2.015,1998087.0
2021-10-15,2.018,2.028,2.032,2.011,2179701.0
2021-10-18,2.027,2.007,2.027,1.995,2512605.0
2021-10-19,2.004,2.024,2.026,2.002,2884698.0
2021-10-20,2.026,2.019,2.034,2.015,1566963.0
2021-10-21,2.018,2.027,2.036,2.012,2240855.0
2021-10-22,2.03,2.039,2.053,2.03,3345973.0
2021-10-25,2.034,2.045,2.048,2.03,2653745.0
2021-10-26,2.046,2.039,2.058,2.034,2479095.0
2021-10-27,2.035,2.015,2.035,2.01,2781043.0
2021-10-28,2.011,2.007,2.017,1.998,4413412.0
2021-10-29,2.006,2.019,2.019,2.001,4264847.0
2021-11-01,2.01,2.013,2.021,2.003,1950023.0
2021-11-02,2.012,1.994,2.024,1.979,4294135.0
2021-11-03,1.992,1.986,2.002,1.981,3406351.0
2021-11-04,1.994,2.004,2.008,1.993,2844233.0
2021-11-05,2.0,1.997,2.014,1.997,2656008.0
2021-11-08,1.996,1.996,2.007,1.989,3124852.0
2021-11-09,2.002,1.995,2.008,1.986,2628400.0
2021-11-10,1.994,1.986,1.994,1.961,4894264.0
2021-11-11,1.982,2.015,2.017,1.981,3523650.0
2021-11-12,2.017,2.015,2.022,2.009,2729067.0
2021-11-15,2.016,2.012,2.022,2.005,3359154.0
2021-11-16,2.013,2.011,2.024,2.007,3518703.0
2021-11-17,2.008,2.011,2.016,2.004,2269818.0
2021-11-18,2.006,1.994,2.008,1.989,3606012.0
2021-11-19,1.992,2.015,2.017,1.991,2759206.0
2021-11-22,2.016,2.019,2.024,2.014,3536475.0
2021-11-23,2.017,2.021,2.026,2.013,3172672.0
2021-11-24,2.021,2.025,2.032,2.016,1785947.0
2021-11-25,2.025,2.018,2.025,2.015,1372600.0
2021-11-26,2.013,2.002,2.013,1.999,2046378.0
2021-11-29,1.989,1.999,2.003,1.989,2338560.0
2021-11-30,2.001,1.993,2.007,1.984,1836800.0
2021-12-01,1.993,1.998,1.999,1.991,2116262.0
2021-12-02,1.996,2.001,2.005,1.99,1610351.0
2021-12-03,2.001,2.018,2.018,1.998,2196321.0
2021-12-06,2.019,2.016,2.032,2.014,3328991.0
2021-12-07,2.024,2.027,2.029,2.018,2124268.0
2021-12-08,2.028,2.053,2.055,2.022,3411917.0
2021-12-09,2.055,2.084,2.101,2.054,6332212.0
2021-12-10,2.079,2.079,2.081,2.071,3961260.0
2021-12-13,2.088,2.084,2.11,2.081,4290338.0
2021-12-14,2.077,2.072,2.083,2.068,3626878.0
2021-12-15,2.07,2.055,2.076,2.054,2035832.0
2021-12-16,2.056,2.065,2.065,2.05,3773043.0
2021-12-17,2.062,2.038,2.063,2.037,6226189.0
2021-12-20,2.033,2.01,2.044,2.006,8518253.0
2021-12-21,2.008,2.018,2.023,2.007,5171335.0
2021-12-22,2.023,2.019,2.027,2.015,6660462.0
2021-12-23,2.023,2.033,2.035,2.018,3023053.0
2021-12-24,2.035,2.025,2.038,2.018,2603961.0
2021-12-27,2.025,2.026,2.032,2.015,5044913.0
2021-12-28,2.026,2.036,2.04,2.023,6399142.0
2021-12-29,2.035,2.011,2.037,2.011,4038656.0
2021-12-30,2.011,2.024,2.032,2.009,4744980.0
2021-12-31,2.03,2.029,2.037,2.024,3514166.0
2022-01-04,2.035,2.022,2.036,2.004,4863553.0
2022-01-05,2.018,2.005,2.023,1.998,4640731.0
2022-01-06,1.997,1.984,2.001,1.973,5172728.0
2022-01-07,1.989,1.988,2.0,1.986,4785197.0
2022-01-10,1.984,1.993,1.997,1.973,4911223.0
2022-01-11,1.993,1.976,1.998,1.975,4122189.0
2022-01-12,1.983,1.996,2.001,1.983,5113326.0
2022-01-13,2.0,1.966,2.001,1.965,4882723.0
2022-01-14,1.961,1.949,1.966,1.948,4100290.0
2022-01-17,1.951,1.965,1.971,1.951,4983491.0
2022-01-18,1.963,1.982,1.988,1.957,6241671.0
2022-01-19,1.985,1.972,1.994,1.963,5224393.0
2022-01-20,1.97,1.986,1.997,1.97,5412785.0
2022-01-21,1.983,1.973,1.985,1.966,7814370.0
2022-01-24,1.965,1.974,1.979,1.96,4605740.0
2022-01-25,1.965,1.935,1.971,1.933,5952709.0
2022-01-26,1.94,1.945,1.946,1.924,5218421.0
2022-01-27,1.94,1.915,1.942,1.911,6076217.0
2022-01-28,1.919,1.888,1.927,1.887,8583917.0
2022-02-07,1.915,1.915,1.929,1.907,4845868.0
2022-02-08,1.915,1.907,1.915,1.874,4481413.0
2022-02-09,1.907,1.921,1.925,1.902,4589381.0
2022-02-10,1.924,1.917,1.925,1.907,4953831.0
2022-02-11,1.91,1.904,1.927,1.903,4617436.0
2022-02-14,1.898,1.886,1.903,1.878,3299679.0
2022-02-15,1.886,1.901,1.903,1.885,6043144.0
2022-02-16,1.909,1.909,1.918,1.905,4498005.0
2022-02-17,1.907,1.913,1.922,1.905,6290407.0
2022-02-18,1.905,1.922,1.922,1.903,3041052.0
2022-02-21,1.919,1.915,1.919,1.907,3241951.0
2022-02-22,1.902,1.893,1.904,1.886,3153168.0
2022-02-23,1.898,1.911,1.912,1.894,4469039.0
2022-02-24,1.902,1.879,1.906,1.864,5912365.0
2022-02-25,1.888,1.892,1.909,1.888,3844661.0
2022-02-28,1.891,1.894,1.895,1.876,2693171.0
2022-03-01,1.901,1.909,1.912,1.895,3261629.0
2022-03-02,1.901,1.896,1.902,1.887,1946013.0
2022-03-03,1.902,1.885,1.905,1.881,2006899.0
2022-03-04,1.87,1.866,1.881,1.861,4053766.0
2022-03-07,1.853,1.811,1.853,1.804,5831130.0
2022-03-08,1.811,1.781,1.82,1.775,6917081.0
2022-03-09,1.784,1.766,1.792,1.709,7867488.0
2022-03-10,1.794,1.788,1.804,1.787,5528465.0
2022-03-11,1.767,1.798,1.801,1.748,3973422.0
2022-03-14,1.775,1.746,1.784,1.746,4331004.0
2022-03-15,1.733,1.673,1.744,1.671,10444778.0
2022-03-16,1.696,1.737,1.746,1.661,13251385.0
2022-03-17,1.765,1.768,1.792,1.759,11475616.0
2022-03-18,1.761,1.778,1.785,1.753,4030217.0
2022-03-21,1.78,1.776,1.787,1.761,3720164.0
2022-03-22,1.769,1.775,1.787,1.768,2504225.0
2022-03-23,1.778,1.784,1.789,1.772,3082447.0
2022-03-24,1.775,1.774,1.783,1.762,2206418.0
2022-03-25,1.774,1.745,1.777,1.745,3568083.0
2022-03-28,1.732,1.736,1.747,1.713,4155938.0
2022-03-29,1.74,1.729,1.747,1.727,2310331.0
2022-03-30,1.74,1.775,1.776,1.74,5002575.0
2022-03-31,1.771,1.764,1.773,1.761,4242790.0
2022-04-01,1.752,1.782,1.79,1.751,3752472.0
2022-04-06,1.773,1.778,1.782,1.767,3398938.0
2022-04-07,1.771,1.759,1.782,1.758,2783984.0
2022-04-08,1.76,1.769,1.77,1.748,3202713.0
2022-04-11,1.759,1.72,1.759,1.715,5800585.0
2022-04-12,1.721,1.746,1.748,1.711,8064759.0
2022-04-13,1.739,1.734,1.752,1.733,3872602.0
2022-04-14,1.748,1.751,1.761,1.739,5736892.0
2022-04-15,1.742,1.75,1.759,1.738,5322380.0
2022-04-18,1.736,1.742,1.744,1.726,2797093.0
2022-04-19,1.742,1.732,1.752,1.723,3139962.0
2022-04-20,1.732,1.706,1.734,1.704,3903434.0
2022-04-21,1.702,1.681,1.713,1.673,7925085.0
2022-04-22,1.67,1.685,1.696,1.665,6173784.0
2022-04-25,1.662,1.613,1.667,1.611,16542843.0
2022-04-26,1.614,1.602,1.636,1.599,15437597.0
2022-04-27,1.598,1.641,1.642,1.594,13725839.0
2022-04-28,1.635,1.651,1.659,1.634,10729261.0
2022-04-29,1.656,1.688,1.69,1.643,7631212.0
2022-05-05,1.675,1.683,1.694,1.672,7360954.0
2022-05-06,1.655,1.647,1.662,1.646,5206697.0
2022-05-09,1.637,1.635,1.648,1.627,3187006.0
2022-05-10,1.621,1.652,1.658,1.611,5474672.0
2022-05-11,1.649,1.672,1.692,1.649,6290116.0
2022-05-12,1.666,1.664,1.675,1.658,3071058.0
2022-05-13,1.678,1.676,1.682,1.665,2799732.0
2022-05-16,1.683,1.664,1.688,1.66,4425843.0
2022-05-17,1.668,1.683,1.683,1.664,3008496.0
2022-05-18,1.685,1.677,1.689,1.668,2640173.0
2022-05-19,1.663,1.681,1.682,1.659,3249620.0
2022-05-20,1.69,1.712,1.712,1.686,6004614.0
2022-05-23,1.712,1.7,1.712,1.69,5120913.0
2022-05-24,1.7,1.67,1.701,1.668,4156645.0
2022-05-25,1.668,1.676,1.677,1.663,4576841.0
2022-05-26,1.676,1.68,1.69,1.657,4816141.0
2022-05-27,1.691,1.683,1.704,1.677,5532972.0
2022-05-30,1.69,1.692,1.699,1.685,4505319.0
2022-05-31,1.692,1.716,1.721,1.689,4522581.0
2022-06-01,1.716,1.713,1.718,1.705,3774345.0
2022-06-02,1.707,1.718,1.719,1.704,2901326.0
2022-06-06,1.717,1.748,1.748,1.707,4238359.0
2022-06-07,1.742,1.75,1.758,1.74,3808642.0
2022-06-08,1.751,1.766,1.768,1.744,4272911.0
2022-06-09,1.762,1.753,1.769,1.747,2916148.0
2022-06-10,1.742,1.775,1.779,1.741,6480691.0
2022-06-13,1.761,1.755,1.765,1.746,5799002.0
2022-06-14,1.744,1.77,1.772,1.725,6249026.0
2022-06-15,1.769,1.788,1.818,1.769,11218852.0
2022-06-16,1.793,1.778,1.8,1.775,5075120.0
2022-06-17,1.772,1.802,1.808,1.77,7156474.0
2022-06-20,1.805,1.81,1.827,1.797,7324345.0
2022-06-21,1.81,1.809,1.823,1.796,4224015.0
2022-06-22,1.809,1.79,1.811,1.787,3619643.0
2022-06-23,1.791,1.818,1.819,1.788,4056939.0
2022-06-24,1.822,1.836,1.841,1.817,4148338.0
2022-06-27,1.842,1.854,1.868,1.842,4559811.0
2022-06-28,1.853,1.873,1.878,1.843,3748824.0
2022-06-29,1.867,1.853,1.878,1.847,5448356.0
2022-06-30,1.851,1.871,1.885,1.851,5680516.0
2022-07-01,1.876,1.866,1.877,1.859,4455712.0
2022-07-04,1.86,1.876,1.877,1.849,3874217.0
2022-07-05,1.878,1.872,1.892,1.854,3921158.0
2022-07-06,1.868,1.85,1.872,1.84,3189627.0
2022-07-07,1.848,1.856,1.864,1.839,4030459.0
2022-07-08,1.865,1.855,1.873,1.852,2082490.0
2022-07-11,1.848,1.827,1.848,1.82,4522075.0
2022-07-12,1.824,1.813,1.834,1.808,3435392.0
2022-07-13,1.814,1.816,1.823,1.804,2956003.0
2022-07-14,1.814,1.816,1.827,1.807,3264143.0
2022-07-15,1.813,1.792,1.831,1.791,7373071.0
2022-07-18,1.798,1.809,1.816,1.784,3891151.0
2022-07-19,1.808,1.801,1.808,1.788,3535270.0
2022-07-20,1.809,1.805,1.816,1.801,2998384.0
2022-07-21,1.8,1.789,1.808,1.788,3104926.0
2022-07-22,1.794,1.79,1.807,1.779,3147688.0
2022-07-25,1.788,1.783,1.79,1.777,2516761.0
2022-07-26,1.785,1.794,1.801,1.784,3762545.0
2022-07-27,1.79,1.785,1.793,1.782,2571786.0
2022-07-28,1.791,1.786,1.805,1.785,3695810.0
2022-07-29,1.788,1.764,1.796,1.761,4712654.0
2022-08-01,1.759,1.771,1.775,1.75,2983915.0
2022-08-02,1.761,1.745,1.761,1.732,5439733.0
2022-08-03,1.749,1.728,1.76,1.724,3766628.0
2022-08-04,1.734,1.739,1.743,1.728,2617509.0
2022-08-05,1.741,1.764,1.766,1.739,3933852.0
2022-08-08,1.757,1.758,1.764,1.754,1572824.0
2022-08-09,1.758,1.761,1.764,1.753,2418244.0
2022-08-10,1.758,1.744,1.763,1.738,2037632.0
2022-08-11,1.751,1.777,1.779,1.748,3480503.0
2022-08-12,1.776,1.777,1.781,1.771,2055898.0
2022-08-15,1.772,1.774,1.789,1.771,2328228.0
2022-08-16,1.775,1.77,1.784,1.767,1684834.0
2022-08-17,1.77,1.785,1.789,1.761,2810228.0
2022-08-18,1.783,1.771,1.784,1.769,1999681.0
2022-08-19,1.77,1.76,1.776,1.759,2894411.0
2022-08-22,1.757,1.77,1.775,1.755,3109324.0
2022-08-23,1.769,1.765,1.775,1.758,2758776.0
2022-08-24,1.769,1.736,1.771,1.733,4031611.0
2022-08-25,1.739,1.75,1.752,1.729,3325107.0
2022-08-26,1.749,1.748,1.757,1.745,2268554.0
2022-08-29,1.735,1.738,1.742,1.729,2345945.0
2022-08-30,1.74,1.735,1.741,1.722,2320948.0
2022-08-31,1.729,1.735,1.75,1.725,5552796.0
2022-09-01,1.731,1.722,1.739,1.719,3202516.0
2022-09-02,1.723,1.714,1.727,1.706,2637374.0
2022-09-05,1.71,1.713,1.713,1.698,2158650.0
2022-09-06,1.718,1.724,1.726,1.71,2641015.0
2022-09-07,1.719,1.727,1.731,1.718,1835728.0
2022-09-08,1.728,1.72,1.731,1.72,1716322.0
2022-09-09,1.722,1.742,1.745,1.722,3929759.0
2022-09-13,1.744,1.747,1.755,1.743,3274312.0
2022-09-14,1.732,1.73,1.74,1.725,4299139.0
2022-09-15,1.732,1.716,1.737,1.707,5888444.0
2022-09-16,1.711,1.683,1.715,1.681,7257809.0
2022-09-19,1.68,1.679,1.688,1.673,3977904.0
2022-09-20,1.685,1.679,1.691,1.675,3015150.0
2022-09-21,1.675,1.668,1.679,1.662,3634886.0
2022-09-22,1.662,1.657,1.669,1.653,2798468.0
2022-09-23,1.657,1.654,1.664,1.643,5202490.0
2022-09-26,1.646,1.645,1.667,1.643,7560336.0
2022-09-27,1.649,1.664,1.667,1.643,5191603.0
2022-09-28,1.659,1.643,1.66,1.642,5300816.0
2022-09-29,1.652,1.643,1.659,1.636,5060836.0
2022-09-30,1.644,1.634,1.651,1.633,6383788.0
2022-10-10,1.633,1.604,1.634,1.6,6841092.0
2022-10-11,1.605,1.603,1.61,1.597,4913807.0
2022-10-12,1.604,1.626,1.627,1.578,7315130.0
2022-10-13,1.614,1.614,1.626,1.611,3451403.0
2022-10-14,1.628,1.647,1.654,1.624,7496291.0
2022-10-17,1.644,1.646,1.648,1.634,3887601.0
2022-10-18,1.654,1.644,1.657,1.641,4311344.0
2022-10-19,1.642,1.622,1.646,1.621,2881623.0
2022-10-20,1.616,1.617,1.637,1.605,3723050.0
2022-10-21,1.622,1.609,1.623,1.603,3275721.0
2022-10-24,1.608,1.573,1.621,1.566,6297940.0
2022-10-25,1.568,1.567,1.586,1.557,8235170.0
2022-10-26,1.568,1.577,1.597,1.567,6862870.0
2022-10-27,1.586,1.568,1.59,1.567,5123971.0
2022-10-28,1.563,1.536,1.565,1.532,7381372.0
2022-10-31,1.527,1.521,1.54,1.516,5976564.0
2022-11-01,1.529,1.573,1.573,1.527,10691572.0
2022-11-02,1.566,1.585,1.596,1.563,7516463.0
2022-11-03,1.578,1.574,1.583,1.567,4881107.0
2022-11-04,1.573,1.621,1.627,1.573,11292457.0
2022-11-07,1.612,1.621,1.629,1.612,5340734.0
2022-11-08,1.621,1.613,1.624,1.604,8012579.0
2022-11-09,1.613,1.598,1.617,1.596,5209240.0
2022-11-10,1.59,1.59,1.596,1.581,5064964.0
2022-11-11,1.624,1.626,1.645,1.612,13767023.0
2022-11-14,1.645,1.627,1.653,1.623,8509669.0
2022-11-15,1.624,1.655,1.658,1.621,7671835.0
2022-11-16,1.652,1.644,1.66,1.642,5377972.0
2022-11-17,1.64,1.638,1.64,1.621,7916228.0
2022-11-18,1.639,1.633,1.646,1.63,6491949.0
2022-11-21,1.622,1.621,1.622,1.605,5182489.0
2022-11-22,1.619,1.62,1.635,1.61,6490256.0
2022-11-23,1.616,1.621,1.629,1.614,5487916.0
2022-11-24,1.627,1.614,1.634,1.612,4821489.0
2022-11-25,1.616,1.622,1.629,1.61,5492158.0
2022-11-28,1.598,1.606,1.608,1.583,6260914.0
2022-11-29,1.614,1.649,1.652,1.614,7207068.0
2022-11-30,1.645,1.65,1.656,1.644,4594858.0
2022-12-01,1.675,1.666,1.686,1.666,6354126.0
2022-12-02,1.666,1.658,1.669,1.657,10304210.0
2022-12-05,1.673,1.684,1.685,1.667,8761771.0
2022-12-06,1.68,1.693,1.701,1.678,7658073.0
2022-12-07,1.69,1.688,1.707,1.683,6820751.0
2022-12-08,1.688,1.692,1.695,1.684,5094095.0
2022-12-09,1.691,1.704,1.708,1.686,6474552.0
2022-12-12,1.699,1.689,1.699,1.687,4668575.0
2022-12-13,1.689,1.685,1.693,1.683,3636743.0
2022-12-14,1.686,1.688,1.695,1.681,6219074.0
2022-12-15,1.689,1.687,1.692,1.678,5307513.0
2022-12-16,1.687,1.689,1.692,1.68,9083687.0
2022-12-19,1.691,1.667,1.695,1.661,7451965.0
2022-12-20,1.662,1.644,1.663,1.636,8155655.0
2022-12-21,1.646,1.643,1.65,1.639,5230558.0
2022-12-22,1.652,1.646,1.662,1.639,6878210.0
2022-12-23,1.64,1.642,1.65,1.635,10847910.0
2022-12-26,1.642,1.646,1.653,1.641,6511937.0
2022-12-27,1.66,1.663,1.665,1.653,5820488.0
2022-12-28,1.66,1.658,1.662,1.652,6492690.0
2022-12-29,1.653,1.654,1.658,1.644,7212710.0
2022-12-30,1.659,1.66,1.664,1.658,6302286.0
2023-01-03,1.659,1.664,1.668,1.642,6563108.0
2023-01-04,1.663,1.666,1.67,1.657,9807997.0
2023-01-05,1.673,1.693,1.696,1.672,7745023.0
2023-01-06,1.694,1.699,1.706,1.692,5410808.0
2023-01-09,1.707,1.709,1.715,1.702,7809599.0
2023-01-10,1.708,1.711,1.717,1.706,7442622.0
2023-01-11,1.711,1.711,1.722,1.708,5715114.0
2023-01-12,1.713,1.713,1.718,1.708,3255872.0
2023-01-13,1.716,1.736,1.738,1.716,6559090.0
2023-01-16,1.738,1.759,1.775,1.737,17163759.0
2023-01-17,1.759,1.758,1.763,1.752,6015131.0
2023-01-18,1.761,1.755,1.763,1.753,4456901.0
2023-01-19,1.751,1.765,1.766,1.745,6074324.0
2023-01-20,1.771,1.774,1.778,1.768,5700822.0
2023-01-30,1.803,1.782,1.805,1.78,8013471.0
2023-01-31,1.784,1.765,1.787,1.763,11392222.0
2023-02-01,1.767,1.777,1.778,1.756,7156520.0
2023-02-02,1.781,1.773,1.782,1.767,10018528.0
2023-02-03,1.764,1.757,1.765,1.744,9600521.0
2023-02-06,1.745,1.736,1.745,1.728,7314597.0
2023-02-07,1.738,1.74,1.744,1.732,5539881.0
2023-02-08,1.741,1.733,1.747,1.731,4628713.0
2023-02-09,1.731,1.754,1.755,1.73,5958886.0
2023-02-10,1.754,1.745,1.754,1.738,5205224.0
2023-02-13,1.74,1.756,1.759,1.737,8280101.0
2023-02-14,1.759,1.76,1.761,1.751,3326324.0
2023-02-15,1.759,1.749,1.764,1.746,6455068.0
2023-02-16,1.751,1.739,1.769,1.729,7925101.0
2023-02-17,1.738,1.717,1.744,1.716,7433949.0
2023-02-20,1.719,1.756,1.757,1.717,10495255.0
2023-02-21,1.756,1.758,1.762,1.749,5609025.0
2023-02-22,1.752,1.743,1.756,1.741,4529454.0
2023-02-23,1.745,1.743,1.753,1.736,4655595.0
2023-02-24,1.743,1.729,1.743,1.721,8087762.0
2023-02-27,1.721,1.723,1.73,1.717,4569575.0
2023-02-28,1.728,1.733,1.735,1.714,4845454.0
2023-03-01,1.731,1.751,1.757,1.729,11804810.0
2023-03-02,1.747,1.749,1.756,1.746,4391329.0
2023-03-03,1.753,1.752,1.757,1.741,4201757.0
2023-03-06,1.753,1.743,1.754,1.736,9293025.0
2023-03-07,1.742,1.722,1.75,1.721,6746494.0
2023-03-08,1.718,1.716,1.719,1.71,4313154.0
2023-03-09,1.718,1.712,1.72,1.703,4079365.0
2023-03-10,1.703,1.692,1.708,1.691,4981129.0
2023-03-13,1.692,1.708,1.709,1.692,4674529.0
2023-03-14,1.706,1.699,1.706,1.686,4635416.0
2023-03-15,1.709,1.699,1.712,1.698,3933011.0
2023-03-16,1.692,1.682,1.699,1.68,4331438.0
2023-03-17,1.692,1.689,1.708,1.682,11235012.0
2023-03-20,1.689,1.681,1.698,1.679,5709548.0
2023-03-21,1.685,1.697,1.699,1.685,5567437.0
2023-03-22,1.701,1.704,1.71,1.699,5817562.0
2023-03-23,1.699,1.718,1.718,1.698,5344729.0
2023-03-24,1.715,1.716,1.719,1.712,2548953.0
2023-03-27,1.716,1.708,1.716,1.7,4912547.0
2023-03-28,1.709,1.705,1.713,1.703,5072061.0
2023-03-29,1.713,1.705,1.713,1.703,6163363.0
2023-03-30,1.706,1.721,1.722,1.699,5572070.0
2023-03-31,1.723,1.725,1.73,1.721,6711625.0
2023-04-03,1.725,1.736,1.74,1.723,5513397.0
2023-04-04,1.736,1.744,1.744,1.733,4803087.0
2023-04-06,1.738,1.739,1.741,1.733,3782868.0
2023-04-07,1.739,1.75,1.754,1.738,3295857.0
2023-04-10,1.754,1.744,1.754,1.743,4743616.0
2023-04-11,1.745,1.741,1.748,1.735,5359550.0
2023-04-12,1.741,1.739,1.743,1.736,3358337.0
2023-04-13,1.736,1.73,1.738,1.728,4021907.0
2023-04-14,1.734,1.738,1.741,1.733,4560326.0
2023-04-17,1.736,1.76,1.761,1.736,6325480.0
2023-04-18,1.76,1.763,1.767,1.757,4160543.0
2023-04-19,1.764,1.751,1.764,1.749,4085730.0
2023-04-20,1.75,1.745,1.752,1.74,6073086.0
2023-04-21,1.745,1.718,1.746,1.715,6836486.0
2023-04-24,1.717,1.699,1.718,1.693,5940937.0
2023-04-25,1.699,1.692,1.702,1.678,9664268.0
2023-04-26,1.691,1.688,1.695,1.682,9034653.0
2023-04-27,1.687,1.701,1.706,1.684,4677697.0
2023-04-28,1.705,1.716,1.718,1.703,4518062.0
2023-05-04,1.711,1.716,1.716,1.705,3378611.0
2023-05-05,1.716,1.71,1.721,1.702,3379499.0
2023-05-08,1.712,1.726,1.73,1.71,6848152.0
2023-05-09,1.728,1.713,1.738,1.713,5668907.0
2023-05-10,1.713,1.702,1.713,1.699,9165933.0
2023-05-11,1.706,1.7,1.709,1.699,3216150.0
2023-05-12,1.7,1.681,1.705,1.68,5187745.0
2023-05-15,1.682,1.705,1.705,1.678,8107574.0
2023-05-16,1.704,1.698,1.706,1.692,4068203.0
2023-05-17,1.696,1.688,1.7,1.685,6405805.0
2023-05-18,1.691,1.688,1.698,1.681,7006002.0
2023-05-19,1.684,1.686,1.694,1.677,3417126.0
2023-05-22,1.685,1.693,1.701,1.68,5003757.0
2023-05-23,1.694,1.672,1.696,1.672,6117573.0
2023-05-24,1.67,1.652,1.67,1.652,7672776.0
2023-05-25,1.65,1.649,1.654,1.637,4918567.0
2023-05-26,1.648,1.651,1.655,1.637,4462037.0
2023-05-29,1.654,1.645,1.658,1.639,4030135.0
2023-05-30,1.642,1.646,1.65,1.629,5720979.0
2023-05-31,1.643,1.633,1.643,1.627,7338757.0
2023-06-01,1.632,1.636,1.647,1.63,6749757.0
2023-06-02,1.643,1.656,1.659,1.643,6929781.0
2023-06-05,1.653,1.649,1.655,1.645,3611549.0
2023-06-06,1.649,1.635,1.66,1.634,4115697.0
2023-06-07,1.64,1.631,1.642,1.626,3721767.0
2023-06-08,1.631,1.643,1.648,1.626,3834889.0
2023-06-09,1.643,1.649,1.65,1.64,5270689.0
2023-06-12,1.647,1.65,1.658,1.641,4596593.0
2023-06-13,1.647,1.661,1.662,1.646,3503880.0
2023-06-14,1.662,1.661,1.671,1.66,4441136.0
2023-06-15,1.664,1.685,1.685,1.662,5084305.0
2023-06-16,1.687,1.699,1.702,1.687,6021488.0
2023-06-19,1.699,1.687,1.699,1.686,4003074.0
2023-06-20,1.685,1.685,1.691,1.683,3538923.0
2023-06-21,1.682,1.664,1.684,1.664,4893537.0
2023-06-26,1.657,1.648,1.658,1.644,6404956.0
2023-06-27,1.648,1.658,1.662,1.645,3971021.0
2023-06-28,1.656,1.661,1.661,1.646,4627456.0
2023-06-29,1.661,1.654,1.662,1.65,3002626.0
2023-06-30,1.654,1.663,1.669,1.652,5299183.0
2023-07-03,1.666,1.679,1.684,1.665,4739097.0
2023-07-04,1.679,1.682,1.683,1.676,2521213.0
2023-07-05,1.68,1.672,1.682,1.67,2712152.0
2023-07-06,1.669,1.662,1.677,1.66,3467439.0
2023-07-07,1.66,1.657,1.663,1.654,3022777.0
2023-07-10,1.664,1.663,1.673,1.659,4284868.0
2023-07-11,1.668,1.673,1.675,1.664,5874389.0
2023-07-12,1.675,1.666,1.677,1.662,3894108.0
2023-07-13,1.673,1.689,1.69,1.673,5722866.0
2023-07-14,1.692,1.689,1.693,1.688,3632621.0
2023-07-17,1.686,1.678,1.686,1.672,4486126.0
2023-07-18,1.679,1.676,1.681,1.671,2666707.0
2023-07-19,1.673,1.675,1.678,1.667,5012407.0
2023-07-20,1.678,1.665,1.685,1.662,8715071.0
2023-07-21,1.665,1.666,1.676,1.66,7272501.0
2023-07-24,1.658,1.659,1.668,1.656,4549820.0
2023-07-25,1.677,1.701,1.701,1.677,11409824.0
2023-07-26,1.699,1.698,1.7,1.692,5880386.0
2023-07-27,1.701,1.696,1.706,1.692,6024658.0
2023-07-28,1.689,1.732,1.734,1.689,14964884.0
2023-07-31,1.744,1.738,1.759,1.734,17906350.0
2023-08-01,1.736,1.731,1.745,1.727,11359816.0
2023-08-02,1.728,1.72,1.736,1.716,7894398.0
2023-08-03,1.718,1.733,1.734,1.718,7379311.0
2023-08-04,1.749,1.741,1.755,1.736,14223575.0
2023-08-07,1.735,1.73,1.735,1.725,12814224.0
2023-08-08,1.724,1.724,1.734,1.719,11165791.0
2023-08-09,1.721,1.721,1.727,1.719,13325079.0
2023-08-10,1.721,1.723,1.725,1.712,9382509.0
2023-08-11,1.723,1.688,1.724,1.687,12885598.0
2023-08-14,1.676,1.678,1.681,1.663,10386003.0
2023-08-15,1.679,1.676,1.682,1.662,8165194.0
2023-08-16,1.67,1.665,1.677,1.664,8558495.0
2023-08-17,1.659,1.67,1.673,1.653,11561183.0
2023-08-18,1.671,1.652,1.675,1.651,12755465.0
2023-08-21,1.648,1.632,1.652,1.631,11009244.0
2023-08-22,1.639,1.641,1.647,1.622,13315289.0
2023-08-23,1.636,1.62,1.64,1.617,10824197.0
2023-08-24,1.623,1.629,1.64,1.622,9526548.0
2023-08-25,1.623,1.626,1.636,1.62,11745355.0
2023-08-28,1.71,1.646,1.71,1.636,28220118.0
2023-08-29,1.64,1.654,1.665,1.639,21940525.0
2023-08-30,1.656,1.654,1.663,1.651,10361323.0
2023-08-31,1.654,1.647,1.656,1.643,8384688.0
2023-09-01,1.653,1.655,1.662,1.651,7926925.0
2023-09-04,1.666,1.677,1.68,1.66,11855233.0
2023-09-05,1.673,1.667,1.674,1.664,6297701.0
2023-09-06,1.662,1.663,1.667,1.657,7151761.0
2023-09-07,1.66,1.643,1.66,1.642,9410350.0
2023-09-08,1.638,1.636,1.643,1.631,8186358.0
2023-09-11,1.636,1.646,1.655,1.633,8166508.0
2023-09-12,1.645,1.644,1.649,1.641,5949369.0
2023-09-13,1.644,1.635,1.648,1.627,10321331.0
2023-09-14,1.634,1.634,1.639,1.627,9282830.0
2023-09-15,1.636,1.627,1.639,1.621,11906221.0
2023-09-18,1.624,1.632,1.636,1.619,9859264.0
2023-09-19,1.631,1.63,1.631,1.622,7270063.0
2023-09-20,1.627,1.624,1.63,1.624,6341355.0
2023-09-21,1.621,1.611,1.626,1.61,8991970.0
2023-09-22,1.608,1.639,1.639,1.608,12471166.0
2023-09-25,1.634,1.628,1.636,1.626,7009057.0
2023-09-26,1.627,1.62,1.631,1.62,8629085.0
2023-09-27,1.62,1.624,1.634,1.62,10780540.0
2023-09-28,1.627,1.619,1.629,1.616,11206124.0
2023-10-09,1.616,1.615,1.62,1.6,8752131.0
2023-10-10,1.62,1.605,1.624,1.604,9279324.0
2023-10-11,1.612,1.608,1.618,1.605,8934987.0
2023-10-12,1.621,1.621,1.627,1.614,9335216.0
2023-10-13,1.614,1.608,1.614,1.604,11350953.0
2023-10-16,1.608,1.593,1.609,1.588,11389806.0
2023-10-17,1.595,1.597,1.6,1.59,8880603.0
2023-10-18,1.595,1.587,1.596,1.586,8102706.0
2023-10-19,1.58,1.558,1.58,1.556,16903688.0
2023-10-20,1.552,1.551,1.558,1.545,17404462.0
2023-10-23,1.546,1.537,1.547,1.525,27102417.0
2023-10-24,1.541,1.539,1.544,1.528,15350130.0
2023-10-25,1.554,1.547,1.559,1.546,13833516.0
2023-10-26,1.541,1.551,1.553,1.539,11436095.0
2023-10-27,1.548,1.571,1.576,1.545,16476624.0
2023-10-30,1.566,1.577,1.581,1.565,9614014.0
2023-10-31,1.575,1.574,1.577,1.566,8396600.0
2023-11-01,1.588,1.574,1.588,1.57,8119834.0
2023-11-02,1.576,1.567,1.584,1.567,10753816.0
2023-11-03,1.57,1.578,1.583,1.569,10578227.0
2023-11-06,1.586,1.596,1.597,1.585,11766496.0
2023-11-07,1.592,1.591,1.596,1.586,6575291.0
2023-11-08,1.589,1.587,1.594,1.58,11353212.0
2023-11-09,1.584,1.588,1.593,1.584,8185694.0
2023-11-10,1.583,1.578,1.583,1.574,7841768.0
2023-11-13,1.58,1.577,1.583,1.569,6744633.0
2023-11-14,1.578,1.577,1.584,1.571,7533172.0
2023-11-15,1.588,1.586,1.592,1.581,9940631.0
2023-11-16,1.584,1.573,1.585,1.572,8815567.0
2023-11-17,1.569,1.571,1.572,1.562,11984509.0
2023-11-20,1.572,1.575,1.579,1.562,8584304.0
2023-11-21,1.578,1.577,1.59,1.573,9316055.0
2023-11-22,1.573,1.562,1.575,1.562,7622027.0
2023-11-23,1.561,1.569,1.57,1.556,7749718.0
2023-11-24,1.568,1.56,1.568,1.557,7434533.0
2023-11-27,1.56,1.551,1.56,1.542,7762956.0
2023-11-28,1.549,1.552,1.554,1.545,7274837.0
2023-11-29,1.553,1.542,1.554,1.538,7590570.0
2023-11-30,1.541,1.544,1.548,1.538,6678101.0
2023-12-01,1.544,1.539,1.546,1.528,8604681.0
2023-12-04,1.54,1.53,1.541,1.529,6925230.0
2023-12-05,1.528,1.505,1.528,1.505,10087896.0
2023-12-06,1.504,1.507,1.515,1.5,10019449.0
2023-12-07,1.506,1.504,1.509,1.495,9345058.0
2023-12-08,1.504,1.506,1.511,1.502,7091986.0
2023-12-11,1.499,1.515,1.52,1.489,9982478.0
2023-12-12,1.512,1.518,1.519,1.511,6407242.0
2023-12-13,1.514,1.497,1.516,1.496,7088152.0
2023-12-14,1.503,1.491,1.508,1.489,7415331.0
2023-12-15,1.495,1.488,1.504,1.486,8999768.0
2023-12-18,1.483,1.483,1.491,1.476,8473038.0
2023-12-19,1.483,1.484,1.489,1.476,10985366.0
2023-12-20,1.485,1.472,1.487,1.471,10347176.0
2023-12-21,1.467,1.484,1.488,1.466,15924481.0
2023-12-22,1.483,1.486,1.495,1.477,20765265.0
2023-12-25,1.486,1.489,1.491,1.484,10041465.0
2023-12-26,1.489,1.482,1.489,1.478,7771693.0
2023-12-27,1.482,1.486,1.488,1.476,8361725.0
2023-12-28,1.484,1.517,1.52,1.484,23832992.0
2023-12-29,1.516,1.521,1.523,1.514,25188735.0
2024-01-02,1.522,1.504,1.522,1.503,9429306.0
2024-01-03,1.501,1.5,1.506,1.494,10617503.0
2024-01-04,1.499,1.489,1.499,1.479,16661525.0
2024-01-05,1.485,1.482,1.498,1.475,16996697.0
2024-01-08,1.48,1.465,1.485,1.464,17304244.0
2024-01-09,1.466,1.468,1.473,1.461,11312178.0
2024-01-10,1.465,1.462,1.477,1.459,9582541.0
2024-01-11,1.462,1.469,1.476,1.459,12662372.0
2024-01-12,1.466,1.465,1.475,1.464,8413273.0
2024-01-15,1.458,1.463,1.475,1.456,9055706.0
2024-01-16,1.462,1.472,1.472,1.456,17689524.0
2024-01-17,1.468,1.444,1.468,1.443,12862152.0
2024-01-18,1.442,1.46,1.463,1.423,47543511.0
2024-01-19,1.453,1.463,1.467,1.451,36944521.0
2024-01-22,1.459,1.437,1.463,1.433,46470565.0
2024-01-23,1.435,1.446,1.453,1.43,13924804.0
2024-01-24,1.45,1.465,1.465,1.431,22789369.0
2024-01-25,1.461,1.485,1.487,1.458,16487014.0
2024-01-26,1.483,1.483,1.491,1.477,21833051.0
2024-01-29,1.484,1.472,1.489,1.472,10113930.0
2024-01-30,1.465,1.451,1.472,1.45,18892623.0
2024-01-31,1.447,1.443,1.453,1.434,19090997.0
2024-02-01,1.435,1.442,1.453,1.432,18909976.0
2024-02-02,1.442,1.431,1.447,1.399,25386942.0
2024-02-05,1.42,1.438,1.448,1.402,26601787.0
2024-02-06,1.43,1.476,1.478,1.429,20089182.0
2024-02-07,1.476,1.487,1.488,1.468,34658147.0
2024-02-08,1.492,1.495,1.497,1.485,23942620.0
2024-02-19,1.5,1.505,1.506,1.493,14861876.0
2024-02-20,1.503,1.51,1.511,1.499,9801668.0
2024-02-21,1.505,1.528,1.545,1.503,16009581.0
2024-02-22,1.527,1.537,1.538,1.525,9446351.0
2024-02-23,1.537,1.538,1.545,1.533,10908774.0
2024-02-26,1.538,1.525,1.54,1.523,11172368.0
2024-02-27,1.522,1.541,1.541,1.522,10468849.0
2024-02-28,1.542,1.527,1.552,1.527,28549979.0
2024-02-29,1.524,1.548,1.549,1.523,14835850.0
2024-03-01,1.547,1.558,1.561,1.545,12256393.0
2024-03-04,1.556,1.557,1.56,1.55,10146550.0
2024-03-05,1.552,1.567,1.571,1.55,27991019.0
2024-03-06,1.565,1.562,1.573,1.561,12995274.0
2024-03-07,1.562,1.555,1.569,1.552,10589480.0
2024-03-08,1.556,1.559,1.561,1.548,8621877.0
2024-03-11,1.558,1.577,1.578,1.558,11207615.0
2024-03-12,1.577,1.578,1.583,1.572,11058396.0
2024-03-13,1.578,1.571,1.578,1.567,6858706.0
2024-03-14,1.569,1.566,1.579,1.56,7018811.0
2024-03-15,1.562,1.569,1.571,1.555,8490238.0
2024-03-18,1.569,1.581,1.581,1.569,7873329.0
2024-03-19,1.578,1.572,1.584,1.571,6548752.0
2024-03-20,1.569,1.573,1.577,1.568,5379620.0
2024-03-21,1.576,1.573,1.581,1.571,6197332.0
2024-03-22,1.571,1.561,1.572,1.551,14506378.0
2024-03-25,1.558,1.554,1.567,1.553,6305427.0
2024-03-26,1.554,1.558,1.561,1.551,8791033.0
2024-03-27,1.556,1.544,1.558,1.544,8746475.0
2024-03-28,1.543,1.55,1.563,1.539,10319251.0
2024-03-29,1.549,1.556,1.558,1.548,6511959.0
2024-04-01,1.561,1.578,1.581,1.561,10932625.0
2024-04-02,1.577,1.573,1.579,1.569,5831914.0
2024-04-03,1.573,1.568,1.573,1.564,5983464.0
2024-04-08,1.565,1.557,1.567,1.555,7099487.0
2024-04-09,1.557,1.555,1.559,1.551,5345371.0
2024-04-10,1.555,1.545,1.555,1.539,6816711.0
2024-04-11,1.539,1.544,1.551,1.537,5391159.0
2024-04-12,1.544,1.534,1.548,1.531,7405129.0
2024-04-15,1.534,1.561,1.563,1.533,10999537.0
2024-04-16,1.555,1.549,1.56,1.543,9132298.0
2024-04-17,1.549,1.566,1.568,1.543,9964664.0
2024-04-18,1.563,1.568,1.581,1.562,9302193.0
2024-04-19,1.563,1.558,1.567,1.553,6442757.0
2024-04-22,1.558,1.555,1.566,1.553,7251824.0
2024-04-23,1.555,1.546,1.558,1.544,9428474.0
2024-04-24,1.548,1.551,1.553,1.542,5942319.0
2024-04-25,1.548,1.555,1.56,1.545,6647552.0
2024-04-26,1.555,1.574,1.577,1.555,13743140.0
2024-04-29,1.575,1.59,1.598,1.573,15303224.0
2024-04-30,1.589,1.583,1.593,1.582,8231090.0
2024-05-06,1.598,1.601,1.607,1.597,13090611.0
2024-05-07,1.6,1.602,1.604,1.597,6860184.0
2024-05-08,1.6,1.591,1.6,1.59,6387759.0
2024-05-09,1.591,1.604,1.607,1.591,6502023.0
2024-05-10,1.607,1.605,1.61,1.595,8650954.0
2024-05-13,1.597,1.604,1.608,1.591,7411594.0
2024-05-14,1.604,1.602,1.61,1.598,5876668.0
2024-05-15,1.601,1.592,1.603,1.59,8559463.0
2024-05-16,1.595,1.597,1.603,1.591,10511975.0
2024-05-17,1.597,1.612,1.613,1.592,9320469.0
2024-05-20,1.614,1.615,1.621,1.61,9365359.0
2024-05-21,1.613,1.61,1.614,1.606,4969839.0
2024-05-22,1.61,1.613,1.617,1.607,6766846.0
2024-05-23,1.61,1.6,1.611,1.595,6988061.0
2024-05-24,1.596,1.584,1.602,1.583,8412742.0
2024-05-27,1.585,1.596,1.596,1.584,6696225.0
2024-05-28,1.595,1.587,1.596,1.584,5317532.0
2024-05-29,1.587,1.587,1.596,1.584,6152451.0
2024-05-30,1.585,1.582,1.593,1.579,7779253.0
2024-05-31,1.584,1.577,1.59,1.576,7232183.0
2024-06-03,1.576,1.579,1.583,1.571,7075116.0
2024-06-04,1.578,1.588,1.593,1.576,6817379.0
2024-06-05,1.588,1.583,1.592,1.583,5839394.0
2024-06-06,1.586,1.583,1.595,1.578,10266993.0
2024-06-07,1.584,1.575,1.587,1.567,10281271.0
2024-06-11,1.571,1.565,1.572,1.559,8799170.0
2024-06-12,1.563,1.564,1.567,1.56,5698353.0
2024-06-13,1.567,1.559,1.568,1.556,5488037.0
2024-06-14,1.557,1.567,1.568,1.553,6741040.0
2024-06-17,1.56,1.563,1.566,1.558,3930172.0
2024-06-18,1.565,1.567,1.571,1.562,5490352.0
2024-06-19,1.568,1.563,1.569,1.561,5308595.0
2024-06-20,1.562,1.555,1.565,1.552,5546558.0
2024-06-21,1.553,1.552,1.556,1.544,19658677.0
2024-06-24,1.547,1.546,1.556,1.544,20875455.0
2024-06-25,1.545,1.538,1.548,1.531,17384585.0
2024-06-26,1.535,1.546,1.549,1.533,10454895.0
2024-06-27,1.543,1.539,1.545,1.537,14337049.0
2024-06-28,1.537,1.542,1.551,1.537,12755434.0
2024-07-01,1.542,1.547,1.549,1.534,8536040.0
2024-07-02,1.544,1.545,1.551,1.542,5992049.0
2024-07-03,1.544,1.543,1.548,1.539,7914240.0
2024-07-04,1.544,1.537,1.55,1.537,15599237.0
2024-07-05,1.535,1.531,1.538,1.52,16363845.0
2024-07-08,1.528,1.522,1.531,1.519,9426255.0
2024-07-09,1.52,1.536,1.541,1.516,10688956.0
2024-07-10,1.533,1.533,1.54,1.532,5792821.0
2024-07-11,1.543,1.55,1.554,1.538,10524378.0
2024-07-12,1.551,1.554,1.555,1.548,8723694.0
2024-07-15,1.551,1.556,1.558,1.55,12550082.0
2024-07-16,1.554,1.565,1.567,1.553,16125087.0
2024-07-17,1.565,1.567,1.573,1.561,22565644.0
2024-07-18,1.562,1.575,1.576,1.558,19611815.0
2024-07-19,1.571,1.584,1.586,1.566,31696626.0
2024-07-22,1.582,1.573,1.583,1.565,17163073.0
2024-07-23,1.571,1.547,1.573,1.546,9195337.0
2024-07-24,1.545,1.539,1.55,1.534,14910835.0
2024-07-25,1.533,1.531,1.538,1.525,20455525.0
2024-07-26,1.532,1.537,1.54,1.529,13579703.0
2024-07-29,1.535,1.529,1.536,1.529,5949376.0
2024-07-30,1.527,1.521,1.527,1.516,15250861.0
2024-07-31,1.521,1.55,1.55,1.519,15389083.0
2024-08-01,1.547,1.54,1.552,1.539,7965404.0
2024-08-02,1.532,1.527,1.54,1.525,12997733.0
2024-08-05,1.521,1.512,1.537,1.512,20183109.0
2024-08-06,1.52,1.512,1.524,1.502,12936275.0
2024-08-07,1.51,1.51,1.519,1.506,6125438.0
2024-08-08,1.508,1.511,1.52,1.503,8541072.0
2024-08-09,1.515,1.507,1.521,1.506,6040536.0
2024-08-12,1.506,1.505,1.51,1.503,5102200.0
2024-08-13,1.506,1.507,1.509,1.499,6958063.0
2024-08-14,1.508,1.498,1.508,1.498,5610998.0
2024-08-15,1.496,1.512,1.518,1.495,19046381.0
2024-08-16,1.511,1.513,1.518,1.509,16407617.0
2024-08-19,1.513,1.516,1.526,1.512,7478253.0
2024-08-20,1.518,1.511,1.519,1.505,15944748.0
2024-08-21,1.506,1.505,1.512,1.5,10553698.0
2024-08-22,1.506,1.502,1.508,1.499,12504794.0
2024-08-23,1.499,1.507,1.511,1.499,8203428.0
2024-08-26,1.508,1.507,1.512,1.501,14006799.0
2024-08-27,1.505,1.501,1.506,1.497,12142201.0
2024-08-28,1.498,1.493,1.501,1.489,19955803.0
2024-08-29,1.491,1.49,1.495,1.487,15082477.0
2024-08-30,1.488,1.506,1.518,1.488,17858998.0
2024-09-02,1.502,1.484,1.503,1.483,11333065.0
2024-09-03,1.483,1.489,1.492,1.483,12935523.0
2024-09-04,1.484,1.481,1.488,1.48,6803058.0
2024-09-05,1.482,1.483,1.487,1.48,16005558.0
2024-09-06,1.485,1.473,1.489,1.472,7933157.0
2024-09-09,1.469,1.458,1.471,1.454,10188971.0
2024-09-10,1.459,1.458,1.463,1.45,8666554.0
2024-09-11,1.455,1.455,1.46,1.45,7808902.0
2024-09-12,1.457,1.451,1.462,1.45,6423793.0
2024-09-13,1.452,1.446,1.456,1.445,8504681.0
2024-09-18,1.445,1.449,1.454,1.441,12254391.0
2024-09-19,1.451,1.459,1.467,1.441,16348870.0
2024-09-20,1.457,1.463,1.465,1.45,23065620.0
2024-09-23,1.461,1.466,1.472,1.459,8973165.0
2024-09-24,1.478,1.519,1.52,1.47,39185162.0
2024-09-25,1.542,1.537,1.563,1.534,32373469.0
2024-09-26,1.535,1.598,1.6,1.534,44429621.0
2024-09-27,1.621,1.683,1.707,1.61,25594612.0
2024-09-30,1.735,1.818,1.821,1.686,63702341.0
2024-10-08,1.975,1.885,1.975,1.809,86298224.0
2024-10-09,1.838,1.74,1.838,1.734,54091966.0
2024-10-10,1.758,1.764,1.801,1.732,37790001.0
2024-10-11,1.753,1.723,1.754,1.703,40900777.0
2024-10-14,1.727,1.747,1.754,1.712,31049317.0
2024-10-15,1.737,1.706,1.749,1.705,26138707.0
2024-10-16,1.692,1.697,1.717,1.688,21611196.0
2024-10-17,1.706,1.681,1.717,1.681,29354356.0
2024-10-18,1.679,1.738,1.776,1.675,36209179.0
2024-10-21,1.738,1.738,1.754,1.725,25293364.0
2024-10-22,1.733,1.747,1.749,1.732,16669245.0
2024-10-23,1.747,1.752,1.768,1.74,22666292.0
2024-10-24,1.746,1.736,1.748,1.729,15982487.0
2024-10-25,1.736,1.747,1.761,1.733,16852658.0
2024-10-28,1.745,1.749,1.749,1.732,13963081.0
2024-10-29,1.751,1.737,1.761,1.733,17946282.0
2024-10-30,1.732,1.721,1.736,1.712,18128591.0
2024-10-31,1.721,1.721,1.735,1.709,17636493.0
2024-11-01,1.719,1.724,1.739,1.718,18177560.0
2024-11-04,1.725,1.744,1.745,1.721,12493144.0
2024-11-05,1.741,1.783,1.784,1.736,27630144.0
2024-11-06,1.783,1.773,1.799,1.764,21734248.0
2024-11-07,1.762,1.824,1.825,1.76,27887189.0
2024-11-08,1.837,1.804,1.84,1.798,28080232.0
2024-11-11,1.788,1.812,1.813,1.78,23043651.0
2024-11-12,1.81,1.795,1.831,1.786,23041668.0
2024-11-13,1.788,1.804,1.808,1.786,15727943.0
2024-11-14,1.802,1.778,1.807,1.775,14438853.0
2024-11-15,1.774,1.752,1.782,1.751,16769935.0
2024-11-18,1.758,1.746,1.776,1.737,16100926.0
2024-11-19,1.747,1.754,1.755,1.725,16705449.0
2024-11-20,1.749,1.757,1.764,1.746,15485304.0
2024-11-21,1.754,1.759,1.762,1.75,10454707.0
2024-11-22,1.758,1.715,1.759,1.712,17571913.0
2024-11-25,1.715,1.706,1.722,1.693,13590858.0
2024-11-26,1.7,1.703,1.716,1.7,7847079.0
2024-11-27,1.701,1.727,1.729,1.695,14519874.0
2024-11-28,1.726,1.716,1.728,1.713,10724073.0
2024-11-29,1.717,1.732,1.749,1.716,15297716.0
2024-12-02,1.731,1.744,1.748,1.727,9816348.0
2024-12-03,1.743,1.745,1.751,1.734,15244237.0
2024-12-04,1.743,1.737,1.747,1.733,10069479.0
2024-12-05,1.734,1.735,1.74,1.73,7595229.0
2024-12-06,1.735,1.753,1.764,1.734,17762294.0
2024-12-09,1.752,1.752,1.762,1.743,12464187.0
2024-12-10,1.798,1.764,1.805,1.759,24827953.0
2024-12-11,1.761,1.76,1.767,1.756,12587160.0
2024-12-12,1.761,1.775,1.777,1.756,13601804.0
2024-12-13,1.766,1.739,1.766,1.736,23465697.0
2024-12-16,1.739,1.731,1.74,1.727,9893231.0
2024-12-17,1.729,1.735,1.748,1.729,13646692.0
2024-12-18,1.739,1.741,1.746,1.738,10236096.0
2024-12-19,1.732,1.743,1.746,1.725,9903622.0
2024-12-20,1.741,1.739,1.749,1.736,12230620.0
2024-12-23,1.738,1.74,1.752,1.738,14247022.0
2024-12-24,1.741,1.758,1.76,1.74,14563434.0
2024-12-25,1.759,1.759,1.767,1.752,14181375.0
2024-12-26,1.759,1.759,1.761,1.753,9470234.0
2024-12-27,1.76,1.757,1.769,1.755,10869639.0
2024-12-30,1.756,1.764,1.767,1.756,13119335.0
2024-12-31,1.764,1.74,1.767,1.739,18436188.0
2025-01-02,1.739,1.698,1.74,1.688,21729803.0
2025-01-03,1.698,1.683,1.703,1.677,15930226.0
2025-01-06,1.682,1.677,1.685,1.668,12986739.0
2025-01-07,1.675,1.687,1.688,1.671,9689740.0
2025-01-08,1.684,1.685,1.695,1.663,14097968.0
2025-01-09,1.681,1.682,1.687,1.679,8060658.0
2025-01-10,1.682,1.666,1.686,1.666,8265725.0
2025-01-13,1.658,1.661,1.667,1.655,9493947.0
2025-01-14,1.663,1.697,1.702,1.661,16445462.0
2025-01-15,1.693,1.689,1.696,1.686,7420496.0
2025-01-16,1.693,1.689,1.707,1.68,11090052.0
2025-01-17,1.686,1.694,1.703,1.683,8476993.0
2025-01-20,1.703,1.701,1.713,1.698,9202943.0
2025-01-21,1.709,1.703,1.71,1.697,7439264.0
2025-01-22,1.701,1.69,1.701,1.683,10996807.0
2025-01-23,1.7,1.694,1.716,1.693,10385928.0
2025-01-24,1.691,1.706,1.711,1.689,11436475.0
2025-01-27,1.708,1.698,1.712,1.696,13053850.0
2025-02-05,1.706,1.69,1.708,1.687,7515497.0
2025-02-06,1.689,1.707,1.709,1.688,13886365.0
2025-02-07,1.707,1.728,1.737,1.705,19306314.0
2025-02-10,1.728,1.729,1.732,1.722,12672646.0
2025-02-11,1.731,1.723,1.731,1.718,9990359.0
2025-02-12,1.722,1.737,1.739,1.717,9789537.0
2025-02-13,1.735,1.733,1.745,1.731,11758227.0
2025-02-14,1.732,1.745,1.747,1.731,12924287.0
2025-02-17,1.748,1.747,1.752,1.736,13341020.0
2025-02-18,1.745,1.736,1.754,1.731,12465911.0
2025-02-19,1.734,1.744,1.747,1.732,10190769.0
2025-02-20,1.743,1.74,1.744,1.735,10186035.0
2025-02-21,1.744,1.76,1.762,1.739,14372665.0
2025-02-24,1.758,1.755,1.765,1.747,15385782.0
2025-02-25,1.745,1.74,1.751,1.735,8924900.0
2025-02-26,1.742,1.752,1.752,1.739,13456581.0
2025-02-27,1.753,1.757,1.758,1.742,11285856.0
2025-02-28,1.75,1.73,1.756,1.725,13293340.0
2025-03-03,1.73,1.725,1.742,1.719,11457686.0
2025-03-04,1.717,1.723,1.726,1.714,10121848.0
2025-03-05,1.725,1.73,1.732,1.72,11919016.0
2025-03-06,1.738,1.75,1.755,1.736,13710079.0
2025-03-07,1.747,1.746,1.755,1.743,11559971.0
2025-03-10,1.746,1.741,1.748,1.732,14427837.0
2025-03-11,1.73,1.745,1.745,1.728,10029170.0
2025-03-12,1.746,1.741,1.751,1.739,6092317.0
2025-03-13,1.741,1.734,1.744,1.729,6410438.0
2025-03-14,1.736,1.771,1.774,1.736,19037183.0
2025-03-17,1.776,1.767,1.778,1.765,11330420.0
2025-03-18,1.772,1.77,1.775,1.766,8114043.0
2025-03-19,1.768,1.772,1.777,1.763,8798313.0
2025-03-20,1.772,1.76,1.772,1.757,8751426.0
2025-03-21,1.755,1.736,1.761,1.732,10149157.0
2025-03-24,1.735,1.742,1.744,1.733,7912221.0
2025-03-25,1.742,1.743,1.746,1.738,6115316.0
2025-03-26,1.741,1.737,1.747,1.736,7742554.0
2025-03-27,1.736,1.742,1.751,1.73,8015252.0
2025-03-28,1.742,1.735,1.743,1.732,7043048.0
2025-03-31,1.733,1.726,1.741,1.721,9021729.0
2025-04-01,1.728,1.725,1.733,1.724,6150155.0
2025-04-02,1.726,1.724,1.731,1.721,6291176.0
2025-04-03,1.713,1.717,1.725,1.711,11143308.0
2025-04-07,1.658,1.619,1.673,1.585,65609880.0
2025-04-08,1.62,1.632,1.635,1.61,58535333.0
2025-04-09,1.619,1.645,1.648,1.613,16982014.0
2025-04-10,1.664,1.669,1.675,1.657,14296317.0
2025-04-11,1.662,1.673,1.677,1.658,8619842.0
2025-04-14,1.68,1.676,1.682,1.673,9415710.0
2025-04-15,1.674,1.677,1.679,1.667,9817935.0
2025-04-16,1.673,1.68,1.683,1.662,21771337.0
2025-04-17,1.673,1.681,1.684,1.673,13873406.0
2025-04-18,1.679,1.685,1.687,1.675,13780507.0
2025-04-21,1.682,1.686,1.69,1.679,7126315.0
2025-04-22,1.686,1.687,1.692,1.685,7520436.0
2025-04-23,1.692,1.688,1.698,1.685,6155041.0
2025-04-24,1.688,1.688,1.696,1.684,4873615.0
2025-04-25,1.69,1.688,1.695,1.686,5771935.0
2025-04-28,1.689,1.686,1.69,1.682,6247090.0
2025-04-29,1.685,1.683,1.687,1.681,4947350.0
2025-04-30,1.684,1.682,1.69,1.682,5004537.0
2025-05-06,1.69,1.696,1.697,1.687,7178253.0
2025-05-07,1.713,1.705,1.718,1.699,10470812.0
2025-05-08,1.702,1.713,1.719,1.702,7820057.0
2025-05-09,1.712,1.712,1.713,1.707,6933748.0
2025-05-12,1.718,1.728,1.729,1.716,8365002.0
2025-05-13,1.736,1.73,1.736,1.728,7934009.0
2025-05-14,1.73,1.749,1.756,1.729,12147902.0
2025-05-15,1.746,1.736,1.747,1.733,8177224.0
2025-05-16,1.733,1.728,1.735,1.723,7302837.0
2025-05-19,1.726,1.726,1.728,1.719,5562981.0
2025-05-20,1.726,1.733,1.738,1.725,5499875.0
2025-05-21,1.733,1.739,1.744,1.733,5606031.0
2025-05-22,1.739,1.738,1.742,1.733,4919320.0
2025-05-23,1.736,1.728,1.746,1.727,8450891.0
2025-05-26,1.725,1.72,1.729,1.716,7404857.0
2025-05-27,1.719,1.712,1.721,1.709,5782884.0
2025-05-28,1.712,1.71,1.716,1.709,5399202.0
2025-05-29,1.712,1.719,1.724,1.709,8910394.0
2025-05-30,1.717,1.717,1.719,1.707,7370307.0
2025-06-03,1.712,1.716,1.722,1.71,5967868.0
2025-06-04,1.717,1.722,1.726,1.716,4645434.0
2025-06-05,1.724,1.726,1.73,1.72,5319657.0
2025-06-06,1.727,1.727,1.732,1.724,4888808.0
2025-06-09,1.728,1.73,1.736,1.726,5810982.0
2025-06-10,1.731,1.722,1.734,1.716,7710518.0
2025-06-11,1.722,1.733,1.741,1.722,11035095.0
2025-06-12,1.731,1.734,1.737,1.725,6900872.0
2025-06-13,1.731,1.725,1.733,1.72,6980168.0
2025-06-16,1.722,1.728,1.73,1.721,6493267.0
2025-06-17,1.729,1.728,1.731,1.722,4828913.0
2025-06-18,1.729,1.729,1.731,1.721,4808034.0
2025-06-19,1.727,1.718,1.727,1.714,6007886.0
2025-06-20,1.717,1.719,1.723,1.717,4230441.0
2025-06-23,1.716,1.724,1.728,1.713,7492447.0
2025-06-24,1.726,1.741,1.746,1.726,12245549.0
2025-06-25,1.742,1.765,1.766,1.741,17241161.0
2025-06-26,1.763,1.759,1.766,1.759,9379679.0
2025-06-27,1.761,1.751,1.769,1.749,10696914.0
2025-06-30,1.75,1.758,1.759,1.748,10819590.0
2025-07-01,1.757,1.76,1.762,1.753,6406861.0
2025-07-02,1.759,1.762,1.764,1.755,5188835.0
2025-07-03,1.762,1.77,1.772,1.761,6863819.0
2025-07-04,1.769,1.777,1.789,1.766,10525621.0
2025-07-07,1.774,1.77,1.777,1.767,4022514.0
2025-07-08,1.771,1.782,1.785,1.769,6122487.0
2025-07-09,1.782,1.781,1.79,1.779,6476608.0
2025-07-10,1.781,1.789,1.798,1.781,6323877.0
2025-07-11,1.789,1.794,1.813,1.789,12648551.0
2025-07-14,1.794,1.794,1.8,1.793,8205479.0
2025-07-15,1.795,1.794,1.803,1.784,8074813.0
2025-07-16,1.794,1.79,1.799,1.785,4791819.0
2025-07-17,1.79,1.802,1.803,1.79,5978225.0
2025-07-18,1.805,1.814,1.815,1.804,7131296.0
2025-07-21,1.815,1.823,1.824,1.814,7674613.0
2025-07-22,1.824,1.839,1.84,1.817,10821091.0
2025-07-23,1.84,1.838,1.851,1.834,9947315.0
2025-07-24,1.837,1.848,1.849,1.835,8852360.0
2025-07-25,1.848,1.84,1.848,1.836,8200860.0
2025-07-28,1.84,1.844,1.847,1.834,6027713.0
2025-07-29,1.842,1.852,1.852,1.836,8059786.0
2025-07-30,1.849,1.851,1.863,1.841,9502522.0
2025-07-31,1.847,1.822,1.847,1.817,11229126.0
2025-08-01,1.82,1.814,1.825,1.808,6115671.0
2025-08-04,1.81,1.821,1.822,1.808,4355672.0
2025-08-05,1.822,1.833,1.833,1.821,5480681.0
2025-08-06,1.832,1.837,1.838,1.83,4089449.0
2025-08-07,1.837,1.836,1.843,1.828,5339656.0
2025-08-08,1.834,1.833,1.839,1.83,4230624.0
2025-08-11,1.833,1.84,1.846,1.833,6881519.0
2025-08-12,1.839,1.849,1.853,1.839,4824872.0
2025-08-13,1.851,1.862,1.866,1.85,7588408.0
2025-08-14,1.863,1.86,1.877,1.857,8879344.0
2025-08-15,1.854,1.874,1.877,1.854,10718339.0
2025-08-18,1.875,1.886,1.898,1.87,10092475.0
2025-08-19,1.886,1.878,1.893,1.875,7743324.0
2025-08-20,1.874,1.9,1.9,1.864,13784166.0
2025-08-21,1.901,1.905,1.911,1.897,9130025.0
2025-08-22,1.904,1.942,1.944,1.903,13602634.0
2025-08-25,1.951,1.974,1.977,1.949,14560918.0
2025-08-26,1.97,1.965,1.977,1.96,11142941.0
2025-08-27,1.965,1.941,1.982,1.94,14126904.0
2025-08-28,1.939,1.972,1.973,1.932,12764157.0
2025-08-29,1.969,1.988,1.992,1.965,13550574.0
2025-09-01,1.99,1.993,1.996,1.98,11939867.0
2025-09-02,1.992,1.984,2.003,1.969,10344122.0
2025-09-03,1.984,1.968,1.991,1.958,9188625.0
2025-09-04,1.967,1.934,1.971,1.919,14208228.0
2025-09-05,1.932,1.97,1.973,1.929,10603325.0
2025-09-08,1.97,1.971,1.977,1.959,10340220.0
2025-09-09,1.967,1.961,1.974,1.951,6803545.0
2025-09-10,1.96,1.964,1.973,1.953,6086583.0
2025-09-11,1.96,2.009,2.01,1.956,9783418.0
2025-09-12,2.01,1.995,2.011,1.993,9158580.0
2025-09-15,1.995,1.998,2.01,1.992,7211915.0
2025-09-16,1.999,1.995,2.007,1.984,7889034.0
2025-09-17,1.993,2.007,2.009,1.987,7154079.0
2025-09-18,2.008,1.985,2.015,1.97,11873727.0
2025-09-19,1.984,1.989,1.999,1.982,7316138.0
2025-09-22,1.989,1.994,1.995,1.981,6292766.0
2025-09-23,1.997,1.995,2.008,1.972,10550001.0
2025-09-24,1.986,2.011,2.011,1.986,10044859.0
2025-09-25,2.011,2.022,2.031,2.008,7713362.0
2025-09-26,2.016,2.006,2.024,2.006,7153059.0
2025-09-29,2.005,2.035,2.045,2.002,11954365.0
2025-09-30,2.037,2.04,2.043,2.032,7403809.0
2025-10-09,2.044,2.067,2.075,2.043,8970906.0
2025-10-10,2.057,2.031,2.059,2.026,11746426.0
2025-10-13,1.986,2.021,2.026,1.986,9658362.0
2025-10-14,2.034,2.004,2.039,1.995,11619095.0
2025-10-15,2.005,2.027,2.03,1.997,9974013.0
2025-10-16,2.02,2.032,2.042,2.02,8124633.0
2025-10-17,2.03,1.996,2.033,1.992,8400582.0
2025-10-20,2.006,2.002,2.016,1.996,7644178.0
2025-10-21,2.008,2.028,2.033,2.007,9598685.0
2025-10-22,2.021,2.022,2.027,2.012,5544842.0
2025-10-23,2.019,2.029,2.031,2.003,6993428.0
2025-10-24,2.035,2.05,2.051,2.034,8653036.0
2025-10-27,2.064,2.071,2.073,2.06,7585249.0
2025-10-28,2.067,2.062,2.08,2.058,7259491.0
2025-10-29,2.065,2.084,2.085,2.065,6792784.0
2025-10-30,2.083,2.07,2.089,2.067,8164619.0
2025-10-31,2.068,2.045,2.071,2.045,14325686.0
2025-11-03,2.044,2.048,2.049,2.026,7759881.0
2025-11-04,2.047,2.035,2.051,2.027,12015243.0
2025-11-05,2.021,2.037,2.043,2.012,7633533.0
2025-11-06,2.04,2.063,2.066,2.04,7326649.0
2025-11-07,2.058,2.06,2.066,2.052,5392556.0
2025-11-10,2.06,2.064,2.065,2.048,4483488.0
2025-11-11,2.067,2.048,2.07,2.045,5651936.0
2025-11-12,2.044,2.048,2.055,2.036,5236907.0
2025-11-13,2.045,2.066,2.067,2.044,6459561.0
2025-11-14,2.056,2.04,2.06,2.039,5936317.0
2025-11-17,2.035,2.028,2.039,2.021,7524669.0
2025-11-18,2.024,2.018,2.031,2.011,8568239.0
2025-11-19,2.016,2.023,2.031,2.016,8569615.0
2025-11-20,2.033,2.015,2.035,2.014,5619395.0
2025-11-21,2.004,1.974,2.007,1.973,14964004.0
2025-11-24,1.979,1.971,1.982,1.962,11557477.0
2025-11-25,1.98,1.986,1.996,1.979,8959406.0
2025-11-26,1.987,1.997,2.004,1.985,9140793.0
2025-11-27,1.998,1.995,2.015,1.994,4793694.0
2025-11-28,1.995,2.0,2.003,1.988,5192341.0
2025-12-01,2.004,2.019,2.02,2.002,5783014.0
2025-12-02,2.019,2.012,2.019,2.006,3834449.0
2025-12-03,2.011,2.004,2.018,2.0,3950348.0
2025-12-04,2.005,2.008,2.014,1.998,4026188.0
2025-12-05,2.008,2.024,2.028,2.003,6872031.0
2025-12-08,2.028,2.036,2.044,2.028,8263438.0
2025-12-09,2.034,2.027,2.039,2.022,7001055.0
2025-12-10,2.024,2.025,2.028,2.009,6207764.0
2025-12-11,2.027,2.012,2.032,2.01,6199443.0
2025-12-12,2.016,2.022,2.025,2.005,8671539.0
2025-12-15,2.015,2.012,2.029,1.969,6917855.0
2025-12-16,2.009,1.995,2.012,1.988,7693550.0
2025-12-17,1.994,2.024,2.03,1.993,10856133.0
2025-12-18,2.018,2.012,2.021,2.01,6780189.0
2025-12-19,2.017,2.02,2.03,2.012,8317889.0
2025-12-22,2.025,2.035,2.037,2.025,8371220.0
2025-12-23,2.037,2.039,2.048,2.034,8083405.0
2025-12-24,2.039,2.045,2.048,2.034,5334294.0
2025-12-25,2.043,2.049,2.053,2.041,4272443.0
2025-12-26,2.049,2.055,2.062,2.045,8160801.0
2025-12-29,2.054,2.048,2.059,2.042,8529050.0
2025-12-30,2.041,2.051,2.058,2.04,4772242.0
2025-12-31,2.053,2.044,2.057,2.04,6668292.0
2026-01-05,2.055,2.078,2.079,2.054,10171325.0
2026-01-06,2.08,2.106,2.106,2.079,10523015.0
2026-01-07,2.106,2.099,2.109,2.09,9334026.0
2026-01-08,2.094,2.085,2.096,2.077,6827198.0
2026-01-09,2.083,2.093,2.1,2.078,11348553.0
2026-01-12,2.096,2.103,2.109,2.084,13330753.0
2026-01-13,2.107,2.097,2.123,2.09,12717832.0
2026-01-14,2.097,2.086,2.117,2.077,21367223.0
2026-01-15,2.08,2.089,2.096,2.077,52171489.0
2026-01-16,2.1,2.083,2.106,2.076,53201665.0
2026-01-19,2.084,2.084,2.096,2.077,29134399.0
2026-01-20,2.083,2.079,2.089,2.065,28867656.0
2026-01-21,2.073,2.081,2.094,2.073,49039740.0
2026-01-22,2.085,2.08,2.092,2.071,43163442.0
2026-01-23,2.082,2.071,2.086,2.065,67693781.0
2026-01-26,2.074,2.074,2.092,2.068,59398529.0
2026-01-27,2.074,2.074,2.086,2.062,43391350.0
2026-01-28,2.079,2.079,2.086,2.071,84977823.0
2026-01-29,2.079,2.095,2.099,2.071,35456647.0
2026-01-30,2.083,2.074,2.091,2.048,16702748.0
2026-02-02,2.063,2.033,2.077,2.03,26511344.0
2026-02-03,2.048,2.057,2.058,2.027,10529446.0
2026-02-04,2.052,2.073,2.073,2.049,10525059.0
2026-02-05,2.063,2.062,2.068,2.05,9339829.0
2026-02-06,2.049,2.051,2.067,2.037,8816737.0
2026-02-09,2.068,2.08,2.081,2.065,7011195.0
2026-02-10,2.082,2.082,2.084,2.077,6804617.0
2026-02-11,2.08,2.078,2.082,2.075,3720787.0
2026-02-12,2.081,2.08,2.083,2.076,3980124.0
2026-02-13,2.075,2.059,2.075,2.058,13673572.0
2026-02-24,2.079,2.076,2.083,2.072,6242456.0
2026-02-25,2.076,2.088,2.099,2.076,8734031.0
2026-02-26,2.089,2.083,2.09,2.074,7663721.0
2026-02-27,2.077,2.079,2.082,2.07,6062453.0
2026-03-02,2.068,2.084,2.086,2.06,12423675.0
2026-03-03,2.085,2.062,2.089,2.057,9665579.0
2026-03-04,2.048,2.037,2.051,2.028,8292240.0
2026-03-05,2.05,2.053,2.062,2.047,5684210.0
2026-03-06,2.048,2.058,2.063,2.042,5043759.0
2026-03-09,2.041,2.044,2.047,2.018,8380983.0
2026-03-10,2.048,2.064,2.066,2.048,5460125.0
2026-03-11,2.065,2.074,2.077,2.063,5937122.0
2026-03-12,2.074,2.068,2.074,2.057,3433836.0
2026-03-13,2.06,2.061,2.076,2.059,3251129.0
2026-03-16,2.061,2.063,2.065,2.045,4038627.0
2026-03-17,2.065,2.05,2.081,2.05,7233377.0
2026-03-18,2.052,2.056,2.059,2.039,7702627.0
2026-03-19,2.041,2.032,2.048,2.026,7722418.0
2026-03-20,2.032,2.024,2.046,2.023,7612736.0
2026-03-23,2.006,1.97,2.009,1.961,15234981.0
2026-03-24,1.982,1.988,1.988,1.961,8504351.0
2026-03-25,1.999,2.012,2.014,1.997,8677126.0
2026-03-26,2.009,1.991,2.013,1.987,4742424.0
2026-03-27,1.977,1.999,2.007,1.975,5626908.0
2026-03-30,1.982,1.996,1.998,1.978,5439943.0
2026-03-31,1.996,1.982,2.007,1.982,5305656.0
2026-04-01,2.003,2.008,2.011,1.996,5012281.0
2026-04-02,2.004,1.992,2.005,1.985,4663511.0
2026-04-03,1.994,1.979,1.998,1.976,4261096.0
2026-04-07,1.979,1.976,1.985,1.97,4285686.0
2026-04-08,2.003,2.034,2.034,2.002,9968846.0
2026-04-09,2.023,2.022,2.028,2.018,7049553.0
2026-04-10,2.028,2.048,2.057,2.028,9063873.0
2026-04-13,2.044,2.052,2.055,2.041,3928926.0
2026-04-14,2.062,2.074,2.074,2.056,4276571.0
2026-04-15,2.082,2.068,2.087,2.064,6759806.0
2026-04-16,2.071,2.087,2.087,2.07,8532344.0
2026-04-17,2.084,2.084,2.088,2.078,7361501.0
2026-04-20,2.083,2.094,2.099,2.08,7624578.0
2026-04-21,2.094,2.098,2.102,2.081,6361081.0
2026-04-22,2.092,2.111,2.112,2.091,10125926.0
2026-04-23,2.114,2.107,2.12,2.097,10085181.0
2026-04-24,2.101,2.1,2.106,2.088,7193226.0
2026-04-27,2.102,2.1,2.111,2.097,9280360.0
2026-04-28,2.094,2.096,2.103,2.091,8644202.0
2026-04-29,2.09,2.115,2.117,2.09,12796798.0
2026-04-30,2.118,2.116,2.122,2.11,16517864.0
2026-05-06,2.132,2.14,2.149,2.126,18677828.0
2026-05-07,2.146,2.149,2.149,2.136,20946226.0
2026-05-08,2.14,2.139,2.145,2.13,12535649.0
2026-05-11,2.148,2.169,2.174,2.144,21165218.0
2026-05-12,2.172,2.168,2.176,2.16,10021705.0
2026-05-13,2.159,2.188,2.19,2.159,12726150.0
2026-05-14,2.195,2.159,2.196,2.156,10281646.0
2026-05-15,2.157,2.136,2.164,2.126,10479024.0
2026-05-18,2.127,2.126,2.139,2.114,5835764.0
2026-05-19,2.123,2.133,2.134,2.103,9674999.0
2026-05-20,2.124,2.133,2.137,2.122,9597201.0
2026-05-21,2.143,2.11,2.164,2.107,12055773.0
2026-05-22,2.117,2.13,2.132,2.11,13250518.0
2026-05-25,2.137,2.158,2.158,2.134,16250559.0
2026-05-26,2.149,2.171,2.172,2.148,9686752.0
2026-05-27,2.168,2.156,2.179,2.149,6405215.0
2026-05-28,2.15,2.156,2.162,2.132,4396498.0
2026-05-29,2.161,2.153,2.173,2.144,6566854.0
2026-06-01,2.153,2.132,2.159,2.13,4990927.0
2026-06-02,2.132,2.157,2.165,2.128,6809437.0
2026-06-03,2.158,2.168,2.187,2.155,7604619.0
2026-06-04,2.151,2.154,2.167,2.148,6097283.0
2026-06-05,2.147,2.123,2.162,2.116,6182927.0
2026-06-08,2.103,2.084,2.11,2.072,9232724.0
2026-06-09,2.094,2.117,2.117,2.085,4361645.0
2026-06-10,2.103,2.101,2.112,2.089,3931623.0
2026-06-11,2.094,2.089,2.104,2.077,4160688.0
2026-06-12,2.111,2.114,2.124,2.103,7808859.0
2026-06-15,2.129,2.151,2.152,2.122,16233007.0
2026-06-16,2.152,2.148,2.156,2.142,9085294.0
2026-06-17,2.143,2.166,2.166,2.142,13911870.0
2026-06-18,2.16,2.175,2.182,2.159,12933430.0
2026-06-22,2.175,2.215,2.216,2.164,19131578.0
2026-06-23,2.211,2.16,2.216,2.15,26173354.0
2026-06-24,2.155,2.169,2.173,2.15,25906734.0
2026-06-25,2.171,2.199,2.202,2.169,26406087.0
2026-06-26,2.184,2.147,2.187,2.137,9582429.0
2026-06-29,2.143,2.166,2.169,2.132,14848057.0
2026-06-30,2.162,2.188,2.189,2.16,20297213.0
2026-07-01,2.185,2.18,2.201,2.165,9626190.0
2026-07-02,2.165,2.126,2.166,2.12,13691536.0
2026-07-03,2.118,2.135,2.154,2.117,19983308.0
2026-07-06,2.144,2.136,2.149,2.119,6179918.0
2026-07-07,2.129,2.117,2.136,2.106,6986968.0
2026-07-08,2.12,2.106,2.134,2.104,4846848.0
2026-07-09,2.112,2.15,2.153,2.099,9558592.0
2026-07-10,2.151,2.118,2.162,2.117,8242800.0
2026-07-13,2.108,2.086,2.115,2.077,16190530.0
2026-07-14,2.086,2.121,2.121,2.068,18084400.0
2026-07-15,2.118,2.121,2.133,2.114,7220327.0
2026-07-16,2.098,2.09,2.116,2.079,16578228.0
2026-07-17,2.077,2.029,2.081,2.013,31647757.0
2026-07-20,2.044,2.051,2.064,2.024,40104538.0
2026-07-21,2.061,2.102,2.103,2.039,27388321.0
2026-07-22,2.088,2.094,2.116,2.088,12650379.0
2026-07-23,2.097,2.102,2.105,2.09,5811786.0
2026-07-24,2.088,2.07,2.092,2.07,10247632.0
2026-07-27,2.071,2.09,2.091,2.06,9715927.0
2026-07-28,2.066,2.043,2.07,2.036,16853987.0
2026-07-29,2.042,2.054,2.065,2.023,15092027.0
2026-07-30,2.044,2.035,2.053,2.009,15120389.0
2026-07-31,2.063,2.053,2.071,2.049,15016263.0
2026-08-03,2.042,2.032,2.047,2.03,9263921.0
2026-08-04,2.04,2.052,2.06,2.038,11730429.0
2026-08-05,2.04,2.075,2.084,2.038,14245658.0
2026-08-06,2.065,2.073,2.081,2.058,8783560.0
2026-08-07,2.072,2.089,2.094,2.072,9435356.0
2026-08-10,2.09,2.092,2.097,2.077,5610852.0
2026-08-11,2.088,2.08,2.098,2.078,5353219.0
2026-08-12,2.08,2.088,2.092,2.077,9010137.0
2026-08-13,2.096,2.081,2.102,2.079,9155827.0
2026-08-14,2.084,2.08,2.086,2.07,6859530.0
2026-08-17,2.081,2.107,2.108,2.079,8356561.0
2026-08-18,2.105,2.102,2.108,2.089,6576444.0
2026-08-19,2.088,2.053,2.088,2.043,15327229.0
2026-08-20,2.059,2.053,2.066,2.045,7488663.0
2026-08-21,2.051,2.063,2.067,2.048,7273846.0
2026-08-24,2.062,2.043,2.067,2.03,9229738.0
2026-08-25,2.033,2.039,2.047,2.028,7452568.0
2026-08-26,2.038,2.052,2.063,2.037,8463209.0
2026-08-27,2.055,2.067,2.068,2.051,6419297.0
2026-08-28,2.064,2.062,2.072,2.061,6046933.0
2026-08-31,2.048,2.064,2.067,2.04,6731265.0
2026-09-01,2.064,2.064,2.072,2.057,8467983.0
2026-09-02,2.051,2.04,2.053,2.033,6364598.0
2026-09-03,2.044,2.041,2.051,2.035,4981830.0
2026-09-04,2.047,2.039,2.06,2.032,8414655.0
