date,open,high,low,close,volume
2018-01-02,30.73196828471031,30.8566277503699,29.9033572582982,30.74663543701172,16859919
2018-01-03,30.577978965354095,31.201272531102237,30.17467380747646,30.77596664428711,16716572
2018-01-04,30.504650741826875,31.457921254523068,30.504650741826875,30.85662841796875,18599637
2018-01-05,30.72463469626894,30.761298798453847,29.023413179918215,29.368057250976562,22151773
2018-01-08,28.972086425815718,28.972086425815718,27.850160643905003,28.422122955322266,17731072
2018-01-09,28.429453284488137,28.546779171706177,27.784162792939277,28.20213508605957,10178451
2018-01-10,28.30479755297016,28.664106925884084,26.47158469412518,27.058212280273438,17497304
2018-01-11,26.823563524945058,27.54218230148136,26.49358466756997,27.27086639404297,11126956
2018-01-12,27.34419630799488,27.55684737587167,26.06827857183085,26.119609832763672,12524842
2018-01-15,25.826293596360795,26.09760948627814,23.76576256929465,24.26439666748047,20104160
2018-01-16,24.418387397738478,24.53571329355538,23.685101492958076,24.13240623474121,12484824
2018-01-17,24.110407031134432,25.408321665870552,23.391788290237198,24.931686401367188,19505951
2018-01-18,24.616374578159867,25.62097447224701,24.198402262977236,25.496315002441406,19496145
2018-01-19,24.931687564035446,25.481651065932493,24.477051119484567,24.491716384887695,14996315
2018-01-22,24.5063818557023,25.474319590830902,23.509115477672175,24.9903507232666,17339981
2018-01-23,24.770364727607507,25.40098999240687,24.653038833484306,24.851024627685547,9144824
2018-01-24,24.76303090215808,26.22960078764974,24.44038564063894,25.980283737182617,19911923
2018-01-25,25.77496557174307,26.302930226482527,25.371658503980772,25.378992080688477,11925540
2018-01-26,25.37899299612848,25.760301235672294,25.063679396732304,25.17367172241211,7712397
2018-01-29,25.188339874117077,25.547649285127772,22.753833906178805,22.841827392578125,18471343
2018-01-30,22.805161894281735,23.35512539913702,22.621839467229595,22.86382484436035,9331344
2018-01-31,22.658502253716104,23.127805826978364,22.108538780931045,22.563175201416016,8882508
2018-02-01,22.680502312129168,23.208466928284732,22.145204119801843,22.453182220458984,9259567
2018-02-02,22.519181563698936,22.519181563698936,21.191936280805443,21.83722686767578,9915069
2018-02-05,21.44858162327524,22.3358555666413,21.17726574830574,21.93255043029785,8146305
2018-02-06,21.279928441804675,21.71256603579381,19.74003028869629,19.74003028869629,16469823
2018-02-07,20.165336357504945,20.238664571844335,18.0608075428418,19.17540168762207,20149759
2018-02-08,18.984744836130726,20.238663664852,18.948080730604126,19.872020721435547,17108925
2018-02-09,19.2047311842642,20.67863274470388,19.146068238320538,19.864686965942383,17137005
2018-02-12,20.136005357229024,21.375257176047203,20.136005357229024,20.78862953186035,16677141
2018-02-13,21.045276855625826,21.455917500076644,20.751962109589527,20.891286849975586,12105651
2018-02-14,21.111276141117266,21.184604365173858,20.414656124428824,20.597976684570312,6121210
2018-02-22,20.81062455262182,22.1378696134126,20.693298667706,21.844554901123047,9856593
2018-02-23,21.85188833959204,21.96188064795267,21.191932601277955,21.595237731933594,8544756
2018-02-26,21.78589471125315,23.758432388305664,21.602574173004086,23.758432388305664,21821999
2018-02-27,23.831764650954515,25.071016609171842,23.69977346336901,24.015085220336914,28083145
2018-02-28,24.037079054683495,25.774964865061605,23.985749683588512,24.697036743164062,22787299
2018-03-01,24.381719110657905,26.40558574609721,24.308390910383324,26.141603469848633,22232842
2018-03-02,25.664972651279502,26.7502363221125,25.444987996802954,26.251602172851562,22347377
2018-03-05,26.10494504935591,26.948221424135177,25.47431974637929,26.794231414794922,19269087
2018-03-06,27.131542672360897,28.510117231407584,26.911556145096206,27.314863204956055,26913189
2018-03-07,27.09488070722167,28.077481860630073,26.83823005315417,27.571514129638672,16611293
2018-03-08,27.51284554580171,27.659503841602124,26.640238787393194,27.006879806518555,12708760
2018-03-09,27.043547923370205,27.94548911825317,26.911556759259348,27.586179733276367,14888701
2018-03-12,27.864827389623976,29.228736717894225,27.69617211777717,29.221405029296875,20432915
2018-03-13,28.89143058529172,29.316736562292903,28.231474662488882,28.510122299194336,15257297
2018-03-14,28.099477111288756,28.45878647052371,26.62557368146947,27.094877243041992,17506785
2018-03-15,26.83089647601057,27.68884003503235,26.420257695283354,27.571514129638672,16562838
2018-03-16,27.204873782436135,27.615512574438263,26.42759199804951,26.45692253112793,13768374
2018-03-19,26.54491559152314,27.99682038301646,26.537583902446823,27.175540924072266,17554175
2018-03-20,27.270864549227433,28.22413506102381,27.241534020318518,27.762165069580078,15852339
2018-03-21,27.73283405963244,28.15813993848768,26.69156820286967,26.7648983001709,15982647
2018-03-22,27.028881398006316,27.828161922141387,26.764899082091123,27.124208450317383,17215760
2018-03-23,25.70897145493457,26.757569174117215,24.89502555458043,25.481653213500977,18222740
2018-03-26,25.48164826489222,28.033479690551758,25.48164826489222,28.033479690551758,26999122
2018-03-27,28.964751273911062,30.70997053051301,28.048144910230906,30.387325286865234,38856473
2018-03-28,29.7713680267334,30.71730500372585,29.46338801892641,29.7713680267334,25412175
2018-03-29,29.932691388559558,31.149942369494873,29.40472485554062,30.577980041503906,21151184
2018-03-30,30.944622112503158,33.63577651977539,30.673308109387875,33.63577651977539,32064896
2018-04-02,34.28106869727836,35.15368124778865,32.675177777549564,32.807167053222656,37150905
2018-04-03,32.25720170955117,32.74850220069012,31.582578815105663,32.64583969116211,21040744
2018-04-04,32.946493395180234,34.09041806379659,32.11787853587275,32.63117980957031,21900244
2018-04-09,32.48452116426852,33.965756271035715,31.164607739469336,33.349796295166016,20153793
2018-04-10,33.09314921399286,33.39379564076679,30.62197749930226,32.19853973388672,18933585
2018-04-11,32.315867364315004,33.40113101061728,31.597248576820803,32.19120788574219,16123573
2018-04-12,32.10321579190919,32.68984151478708,30.665976351146448,30.944623947143555,16715038
2018-04-13,31.516586360507933,33.07114981629907,31.186607502528922,32.49918746948242,21980689
2018-04-16,32.24252976373914,34.65503795812575,32.022545178260756,33.56977462768555,24519091
2018-04-17,34.185743103295465,36.656912966054996,33.005154332145004,34.42039489746094,33980636
2018-04-18,35.27100145703434,37.859500885009766,35.27100145703434,37.859500885009766,33139204
2018-04-19,38.87143434395833,41.43059959091236,38.314139161272216,38.67344665527344,47648868
2018-04-20,38.43146031579207,40.301333321748494,37.976820157447065,38.145477294921875,40782733
2018-04-23,37.61750797535926,37.83749256293794,34.677035237230484,35.600975036621094,38517542
2018-04-24,35.63764611781141,37.76417176703542,34.83103202899864,36.957557678222656,30916455
2018-04-25,36.29760305404158,38.74677605471609,36.29027325344471,37.08955383300781,29236981
2018-04-26,37.734841300718195,39.42872749136042,37.206876675679034,38.343467712402344,30930916
2018-04-27,39.23807389391156,39.5900515738988,34.721040217795306,36.165611267089844,30921605
2018-05-02,36.45892563815324,36.83290406296081,34.75770577813297,35.659645080566406,20692014
2018-05-03,35.564310248448955,37.976814642746135,33.70909711082826,37.50751495361328,29412358
2018-05-04,36.66424648674814,38.79077223163958,36.495589329854916,37.27287292480469,23579510
2018-05-07,37.69084680179143,37.96216271351556,36.94289748254735,37.910831451416016,19248062
2018-05-08,37.91082388243821,38.71010430420377,37.03088168332102,37.426856994628906,18853152
2018-05-09,37.08222359063747,38.695448272323866,36.891569455649865,38.299476623535156,20651602
2018-05-10,37.98416016217953,38.24814250042402,36.09228610871049,36.297603607177734,23680907
2018-05-11,36.29760298057229,36.48092729744786,35.0436897277832,35.0436897277832,21611179
2018-05-14,33.95109240412527,35.35166586136446,33.54778721610287,34.141746520996094,19677284
2018-05-15,34.15641103485372,35.1756761795748,33.69444104395187,35.08768081665039,20411572
2018-05-16,34.611054196827425,35.520327203304646,34.3764023674846,34.479061126708984,15025867
2018-05-17,34.58904498227792,35.63764437947612,34.317729107146924,35.417659759521484,16640113
2018-05-18,35.41032994371445,35.41766352041847,33.56244987675292,34.354400634765625,17972556
2018-05-21,34.58172186448262,36.165615965754526,34.398401312432824,35.63031768798828,20657443
2018-05-22,35.63764858048244,36.65691379413162,35.197675512407955,36.49559020996094,19287639
2018-05-23,36.66424692417659,37.91083034531292,35.95296173395605,36.88423156738281,25611460
2018-05-24,36.6642411375082,36.99421805023771,35.967619434334296,36.15093994140625,12996312
2018-05-25,35.84296616938199,35.930957752922595,34.09774500613254,34.30306625366211,15331512
2018-05-28,34.46439024874219,34.8823625487217,33.291131357307776,33.833763122558594,13601092
2018-05-29,33.914427425614456,34.47172638450217,32.85849812121826,33.533119201660156,14350015
2018-05-30,33.364463447467976,34.90435961084143,32.99781862662607,33.349796295166016,18640997
2018-05-31,33.73110366154961,33.73110366154961,31.105944028884608,32.09587860107422,23285533
2018-06-01,31.75123537728761,32.26453284091263,29.94002143781066,30.34332847595215,19349251
2018-06-04,30.19667116743092,31.501919374431687,29.646709581088533,30.467987060546875,18957920
2018-06-05,30.0646855352612,32.62384911220952,30.0646855352612,32.2645378112793,19631241
2018-06-06,31.919890929454887,32.748501916552094,31.809894845014863,32.227867126464844,13075834
2018-06-07,32.48452233834207,32.587181079263765,31.38459350051331,31.85389518737793,9941235
2018-06-08,31.582576364168546,32.10320923021945,30.577974732252702,31.890554428100586,12153704
2018-06-11,31.604578197251204,32.66784293138866,31.26726766815958,31.61191177368164,10370563
2018-06-12,31.509262908458382,32.25721430092385,30.636653894657535,32.20588302612305,12482857
2018-06-13,32.220539613461625,34.097746337148976,31.82456425501928,32.97582244873047,23129093
2018-06-14,32.755835672054495,35.42499702187399,32.48452354499066,34.51572036743164,26414181
2018-06-15,34.46439150116623,35.56431844759377,33.95109024547289,34.61838150024414,25798620
2018-06-19,34.09775106547111,35.600987144439685,31.648579805313666,34.72837829589844,30675676
2018-06-20,34.053752939467316,35.54965147965873,32.86583062273223,35.19767379760742,28672243
2018-06-21,34.7870331576971,35.14634439656635,32.42585580598703,32.513851165771484,28941834
2018-06-22,31.406594371826046,32.13988031111366,29.668708470575968,30.7979679107666,24560664
2018-06-25,31.076614278289316,31.435923656798085,30.10867846285029,30.17467498779297,14600158
2018-06-26,29.54404786702667,32.51385165310739,29.21406903918979,31.883228302001953,24561786
2018-06-27,32.54318463941345,34.05375416304681,31.89789408728403,33.21047592163086,29335053
2018-06-28,32.88783013652017,33.85576789345394,32.873166758814364,33.10781478881836,20058997
2018-06-29,33.298462887824385,36.42225646972656,33.01981722248983,36.42225646972656,32546313
2018-07-02,36.59091915562584,37.31687150809278,36.033623964119364,36.49559020996094,30920428
2018-07-03,36.51613424786841,40.14060156475858,36.14194907740111,38.88597869873047,44199222
2018-07-04,38.262332592925304,38.665868566116934,36.83162376033205,37.785430908203125,31787444
2018-07-05,37.49929162233837,38.81994625413207,36.31803449095456,37.04439926147461,26667728
2018-07-06,37.418587989620065,40.42674877742097,35.056081058684505,35.09276580810547,50886848
2018-07-09,34.850636856163725,37.41124240614136,34.72590722302663,36.86830520629883,38209217
2018-07-10,36.743579419846554,37.968855210565415,36.3180341045663,37.75608444213867,26584704
2018-07-11,36.68488634904187,38.944676560262195,35.921840598117626,38.88597869873047,31951007
2018-07-12,38.365051328216815,40.72022017179569,38.15227679332549,39.25282287597656,36967469
2018-07-13,39.106092317234236,39.76642162029031,38.46777613205553,39.11343002319336,23781790
2018-07-16,39.627013805533664,40.72022223931079,39.12809900189755,39.54630661010742,22539992
2018-07-17,39.399566433831374,40.05989182986656,38.15961527788625,39.509620666503906,20569245
2018-07-18,39.68570383097155,39.84711820532809,37.24982792132325,37.46993637084961,21825680
2018-07-19,37.78542528211079,38.7979263598198,37.638686324045096,38.07890319824219,19881363
2018-07-20,38.14494073314608,39.267496087703556,37.78542724447309,39.06939697265625,22010738
2018-07-23,39.25282248639769,41.27049091430399,38.8859750552971,40.661521911621094,27956643
2018-07-24,40.86696091203743,41.23380836263475,39.25282457255576,40.35337448120117,20674649
2018-07-25,40.02320777509669,41.431907267369134,39.715054406934584,40.067230224609375,20291941
2018-07-26,39.729731239217564,39.90581726514834,38.2256490893926,38.70989227294922,16984254
2018-07-27,38.41640891647533,38.87130121656514,37.45526416748915,38.19629669189453,15635736
2018-07-30,38.26966762274945,38.44575740908046,36.54548095083913,37.029720306396484,15319179
2018-07-31,37.00038004529596,37.51396653317034,35.81178888356012,36.58217239379883,14246030
2018-08-01,36.802274929183746,38.20363665328719,36.692220699603254,36.89031982421875,19686435
2018-08-02,36.46477898005442,37.78543367439409,35.95118873432805,37.543312072753906,20119066
2018-08-03,37.29384913295634,37.631349500081676,35.643028259277344,35.643028259277344,14681564
2018-08-06,35.3788971078494,36.33270412885192,34.557157418259315,35.6577033996582,13743846
2018-08-07,35.80444680480518,36.941677667478565,34.53514859432455,36.912330627441406,18515871
2018-08-08,36.46477732476078,36.75091758786733,34.014225712435014,34.17564010620117,18035314
2018-08-09,33.83814170556949,37.59467276656917,33.83814170556949,37.41858673095703,31984082
2018-08-10,37.271841145347295,39.252824954712715,37.12510216367975,38.84929275512695,26760298
2018-08-13,38.56315642675712,41.006370544433594,38.40907972461799,41.006370544433594,26030405
2018-08-14,40.65418783372122,40.72021961538711,38.695213490745644,39.28217315673828,23777544
2018-08-15,39.32618991715405,39.883798685393124,38.53379353804332,39.48026657104492,20091831
2018-08-16,38.16695134118555,39.51695667175114,37.35254552031742,37.712059020996094,19247907
2018-08-17,38.48244820680677,39.0694041777986,36.56749603890642,37.41858673095703,17808584
2018-08-20,36.97837084409781,38.54114736815437,36.4060864299584,38.533809661865234,15998845
2018-08-21,38.144942553377554,39.465597086002404,37.46260406331917,39.172119140625,18008515
2018-08-22,38.95934585494613,39.17212039489892,37.91749760412621,38.11559295654297,11845533
2018-08-23,38.07891164322559,39.86180020303345,37.93217265261672,39.31886291503906,20791054
2018-08-24,39.28217307447862,39.810434883552524,38.37238842791507,38.79059600830078,14288869
2018-08-27,38.5558179045225,40.250657813724466,38.06424076487897,39.67103576660156,19878158
2018-08-28,39.67102880407835,40.96234003290971,39.6343440621382,40.13325881958008,18440055
2018-08-29,39.88380163845299,40.096572376996185,38.739233204354,39.12809371948242,14224478
2018-08-30,38.98135590776937,39.36287873038938,38.35771152441599,38.37238693237305,10540076
2018-08-31,38.409076204707404,38.95934739161374,38.078909714136806,38.13760757446289,11083486
2018-09-03,37.74874790140534,39.362884311643064,36.83896316130197,39.07674026489258,12931733
2018-09-04,38.878637350989784,41.329188770336,38.724560674242234,40.661521911621094,22900845
2018-09-05,40.35337623573879,40.646854208976876,39.472938537597656,39.472938537597656,13288294
2018-09-06,39.63434978265039,41.27049555481181,39.3335340996385,40.4267463684082,18781742
2018-09-07,40.54413827613628,41.27783322012734,36.38407131862839,37.27184295654297,31050031
2018-09-10,36.53080292615849,36.75824906852425,35.23215784789562,35.6723747253418,17619823
2018-09-11,35.88515807810457,36.59684371664923,35.679721217637294,36.10526657104492,9756039
2018-09-12,36.19330645368903,36.57482929984385,34.857976492147195,35.27618408203125,11660598
2018-09-13,35.951190022172774,36.09792901808623,32.392758035990134,34.42509841918945,22716848
2018-09-14,33.88216015401386,34.094930912662264,32.88433058716446,33.08976364135742,15314952
2018-09-17,32.87699288270901,33.71340806524494,32.73758783333529,33.08976364135742,10152589
2018-09-18,32.94302733138395,34.10960908139071,32.94302733138395,34.03623580932617,12027384
2018-09-19,34.043576237934715,35.46695132954625,33.49330499162961,34.68189239501953,15550976
2018-09-20,34.56449657082664,34.953353320806464,33.60335180583013,33.88949203491211,10147562
2018-09-21,34.11694180709605,34.307703239524464,32.86965668073388,33.999549865722656,10350629
2018-09-25,33.750092420629144,35.55499010984475,33.735417011887165,34.89466094970703,12707286
2018-09-26,34.72590802665019,35.65036807289588,34.54982201811949,34.938682556152344,10855397
2018-09-27,35.188138319807706,35.66504375497892,34.84330022586785,34.924007415771484,10511361
2018-09-28,35.06341634409504,35.10010109098394,33.36123502022544,34.52781677246094,10575756
2018-10-08,33.456615001497624,34.337048857681644,33.02373199946586,33.28052520751953,9787667
2018-10-09,33.52264687667173,33.8748226871641,29.97154928900024,30.800628662109375,17692948
2018-10-10,30.778618835508034,31.710412889535064,29.861496412734475,30.925357818603516,13637857
2018-10-11,29.34057166086462,30.448453605244694,27.917196753078073,28.782960891723633,17004883
2018-10-12,28.907685377195165,29.920188381380562,28.467466597583552,29.648719787597656,13605757
2018-10-15,29.648722977606052,30.815302774632517,29.406603283993775,29.582691192626953,10826265
2018-10-16,29.729428892368894,30.558506356529442,28.907687243327327,29.450624465942383,10732038
2018-10-17,30.08160660035076,30.47780298591539,28.467470238903672,30.441118240356445,16937769
2018-10-18,30.008235106946927,30.081606487001736,29.13513514319252,29.259862899780273,11296242
2018-10-19,27.880513499445588,30.030247607069253,27.594371339486937,29.788127899169922,16678473
2018-10-22,30.154982368697624,32.35607322806575,30.154982368697624,31.97455406188965,20170044
2018-10-23,31.967208149120545,32.128622533114125,30.60252925725588,30.617204666137695,11965479
2018-10-24,30.705249077176703,31.365576384582493,30.52182346068765,30.741933822631836,10161941
2018-10-25,29.568017073890083,29.817474483038517,28.394101410190856,29.318561553955078,13866934
2018-10-26,29.744105594188913,30.081607912956798,28.650895216875515,28.893016815185547,8615151
2018-10-29,29.208506008881905,29.7661168104223,28.394101977309223,29.091115951538086,10295213
2018-10-30,29.120462455207644,29.120462455207644,26.185671402386056,27.44029426574707,21943232
2018-10-31,27.4916521723901,28.13730785805047,27.168825274166622,27.75578498840332,12814938
2018-11-01,28.247361629529202,29.303885319280685,28.05660019785592,28.372089385986328,15403074
2018-11-02,29.714757606896523,30.41176966997135,29.501984946610783,30.125627517700195,17692784
2018-11-05,29.97155010832536,31.18215236462185,29.78812638277136,30.558507919311523,14276233
2018-11-06,30.279702581297897,30.800628591332497,29.641384634702263,30.70524787902832,10171953
2018-11-07,30.47780357594467,32.319382372767485,30.47780357594467,31.1014461517334,14359094
2018-11-08,31.512314274624686,31.915848349863666,30.558507147410126,30.69791030883789,8370209
2018-11-09,30.455790067015844,31.123455043956874,30.257690940643617,30.33106231689453,6103080
2018-11-12,30.580519510975627,31.504977686642125,30.331062123113465,31.431608200073242,8744714
2018-11-13,30.969380600038175,31.666392666400725,30.749270233830295,31.20416259765625,10151029
2018-11-14,31.108782565740395,32.642209808111986,30.947368177483728,31.76177215576172,13302219
2018-11-15,31.556344461695417,32.39276174615805,31.519659708515295,32.26803207397461,8593879
2018-11-16,32.55416820914481,33.618029693065594,32.35606905606136,33.170475006103516,13243221
2018-11-19,32.47346489475246,33.57401113084922,32.429442440760255,32.869659423828125,8685495
2018-11-20,32.6422131429502,33.03841144943411,31.776450811420144,32.28269958496094,9289158
2018-11-21,31.820464967517704,32.25334796101534,31.108781325642198,31.431608200073242,8297915
2018-11-22,31.534326485970446,31.901177717720664,31.41693454522159,31.438945770263672,4898592
2018-11-23,31.226173911793268,31.673730461183936,29.722093647090144,29.817474365234375,9978294
2018-11-26,29.854159229453277,30.125627864293257,28.665570045030837,29.318561553955078,8433599
2018-11-27,29.568016339572672,29.91285634789155,29.120461688742164,29.553342819213867,6484901
2018-11-28,29.60469857234946,30.360408421853553,29.384590118009168,30.279701232910156,7375988
2018-11-29,30.705249441225362,31.006065113209353,29.127799700311847,29.142473220825195,9397304
2018-11-30,29.18649339035857,30.191660704043706,28.467470113514253,29.854158401489258,8326405
2018-12-03,31.10878079560018,32.52481601852192,30.60252832415936,32.451446533203125,16910931
2018-12-04,32.13596101171825,32.59819111585881,32.04791988123466,32.45878982543945,9108212
2018-12-05,31.893834732738863,32.73758373569475,31.571007893732254,32.011226654052734,8983222
2018-12-06,32.01123220658649,33.33188682741007,31.754435208804775,31.820466995239258,12851048
2018-12-07,32.28269736391515,32.60552615119917,31.79845796141593,32.0038948059082,6556266
2018-12-10,31.923184071086304,32.429436532116824,31.453616351960815,31.989215850830078,5828801
2018-12-11,32.1359588625955,32.6348736823456,31.69574190433611,32.27536392211914,5787471
2018-12-12,32.14329552554345,32.14329552554345,31.409598729683143,31.438945770263672,6435601
2018-12-13,31.548999517481533,31.83514166016875,30.72725972339724,31.563674926757812,7812983
2018-12-14,31.549002855318296,31.615036536407768,30.23568394186521,30.30905532836914,7605647
2018-12-17,29.934866281354783,30.382422830332377,29.72943132459068,30.21367073059082,4842560
2018-12-18,30.066932354047534,30.301716246079284,29.457963287151955,29.788127899169922,5293062
2018-12-19,29.905519391615137,29.934866433067278,28.98839695264105,29.12046241760254,5073038
2018-12-20,29.05442642777403,29.78812507623604,29.05442642777403,29.3405704498291,5976562
2018-12-21,29.274537971917304,29.531331186902648,28.981058122720697,29.179157257080078,5261276
2018-12-24,29.17182166180285,29.956878662109375,28.760951732431046,29.956878662109375,6819122
2018-12-25,29.626714619163533,29.87617013643744,28.775623977307937,29.72943115234375,8444164
2018-12-26,29.751445065285075,29.773456292730113,28.797637804090684,28.804975509643555,7505615
2018-12-27,29.289212863265085,29.369920061724176,27.924535751342773,27.924535751342773,7896375
2018-12-28,28.027252721400274,28.173993599752208,27.24219572892526,27.704425811767578,7357949
2019-01-02,27.733772689682464,28.320730491990734,27.550347077626963,28.10795783996582,5910680
2019-01-03,27.91719472763894,28.452794233069046,27.887847689440708,27.997901916503906,5504161
2019-01-04,27.58703424570329,29.098452278025448,27.51366475012095,28.768287658691406,7915544
2019-01-07,29.38459181681054,31.402260321762892,29.38459181681054,30.88133430480957,16895553
2019-01-08,31.02073982656464,31.5269923620561,30.71992414301337,30.85932731628418,10956217
2019-01-09,30.947371646856027,32.135960910484336,30.631880539609092,31.086774826049805,12777122
2019-01-10,30.888671882258425,31.240845805956088,30.448453060726347,30.492475509643555,7100840
2019-01-11,30.58785722259222,31.028076058512937,30.176985427433305,30.441118240356445,5963086
2019-01-14,30.587856950015397,30.587856950015397,29.58269153007354,29.861495971679688,5382445
2019-01-15,29.773450798069124,30.668560028076172,29.62671182780085,30.668560028076172,7405618
2019-01-16,30.470464637621458,31.607697393572,30.36774810791101,30.375083923339844,8584560
2019-01-17,30.23568264111694,30.631879042968652,29.61204005176443,29.685409545898438,6854961
2019-01-18,29.641386728980514,30.551173357001808,29.44328947509908,30.000900268554688,5704221
2019-01-21,30.000899641734488,31.32889197558444,29.80280050277857,31.21883773803711,13470763
2019-01-22,31.182154836978498,31.306882602401906,30.675902291568555,31.123458862304688,7419837
2019-01-23,30.8886736475624,31.174815803450755,30.485139547328032,30.896011352539062,4417308
2019-01-24,30.91801643124389,33.98487441499491,30.91801643124389,33.60335159301758,24353014
2019-01-25,33.61069191290827,34.410422360510566,33.375908038275675,33.56666946411133,15422282
2019-01-28,33.89683570515476,34.667219193550785,33.58134460449219,33.58134460449219,11029225
2019-01-29,33.317208476688805,34.07292021527658,32.94302334868917,33.65470886230469,8467676
2019-01-30,33.36123198660977,34.10960604488961,33.06775403818521,33.10443878173828,5700310
2019-01-31,33.27319089896711,34.22699811894073,33.27319089896711,33.500640869140625,7364071
2019-02-01,33.75743265697584,35.07074959295905,33.45661698261499,34.85797882080078,9272673
2019-02-11,34.938687258670505,36.57483304187422,34.938687258670505,35.8778190612793,8243694
2019-02-12,35.650373976613366,36.017221462813445,34.99738242843556,35.327545166015625,8744095
2019-02-13,35.3275414383443,36.655537510801445,35.078085929735565,35.42292404174805,14312875
2019-02-14,35.056077690728024,35.94384929710965,34.630532371272075,35.76042556762695,10120783
2019-02-15,35.569665569539765,35.848471916667414,35.20281809576151,35.29085922241211,6627577
2019-02-18,35.400915854592085,36.47944889657221,34.76259598545429,36.25200271606445,15550091
2019-02-19,36.06124047048411,36.809614560608374,34.34438759797795,35.1074333190918,18933488
2019-02-20,34.9240095405154,34.9680319902708,34.11694137080426,34.6158561706543,11960806
2019-02-21,34.68922858080088,35.57700402005594,33.904173459097336,34.07292556762695,14533925
2019-02-22,34.03623557666087,36.36205757729945,34.03623557666087,36.31803512573242,18004616
2019-02-25,38.15227955320555,39.70038415234074,36.75825542191962,39.10608673095703,24547901
2019-02-26,38.88597858127317,39.53163238561062,37.345215452515866,38.29901885986328,17840452
2019-02-27,37.78542992458097,38.563151031994494,37.13243845821853,37.63869094848633,12007161
2019-02-28,38.00553826113556,38.89331359763974,37.42592006319288,37.8441276550293,11189712
2019-03-01,38.078911359873075,38.39440245439069,37.13977955990842,37.954185485839844,7230840
2019-03-04,38.87130491214738,41.747397950225846,38.1522778742011,40.77891540527344,20860390
2019-03-05,40.72756385769549,44.858280181884766,40.57348715679002,44.858280181884766,16461299
2019-03-06,49.157746569502685,49.34117408459599,45.885455016408734,47.81508255004883,39193441
2019-03-07,47.917798022414246,52.444712367854066,46.55312091782023,49.74470520019531,26224109
2019-03-08,49.15774363922183,54.71917594104788,46.58980392211326,53.303138732910156,37415561
2019-03-11,56.11319907460155,57.962115488136384,47.976493268647836,52.45938491821289,36021997
2019-03-12,54.15422463887269,57.705322265625,53.244439952241606,57.705322265625,29589459
2019-03-13,59.062662213426165,60.896907015194195,52.01916474396712,52.82623291015625,32626482
2019-03-14,51.35884225513625,52.82623591290421,49.42188081323762,50.69851303100586,25539966
2019-03-15,51.33683179071716,51.94580088914456,49.50992449543498,50.17025375366211,17592965
2019-03-18,50.20693702281073,52.57678155438024,48.0938857258173,52.019168853759766,19131187
2019-03-19,51.212105056970096,54.51374373615434,50.294982571903304,52.5767822265625,17892640
2019-03-20,52.092531603885135,52.72351371839283,49.612633150048204,50.88193130493164,14505932
2019-03-21,50.727856682014966,53.41319207267457,49.88410377936742,51.6669921875,20804493
2019-03-22,52.606125896163135,54.24960931424317,50.903948395992686,52.35667037963867,17778764
2019-03-25,51.06535311416598,53.882755632981834,50.75720355113478,52.17323684692383,18837623
2019-03-26,52.26862336382974,53.69199824885553,49.891441345214844,49.891441345214844,18016784
2019-03-27,50.544433179501155,51.38818608582361,48.51208925538905,49.97214889526367,15732071
2019-03-28,49.31182239506529,52.45938399921616,49.30448469060478,50.030845642089844,16294963
2019-03-29,49.663999833837295,52.16590795119969,48.07921419168453,51.718353271484375,19455005
2019-04-01,52.19525705141906,55.07868796295034,51.314819353107794,53.97814178466797,20513021
2019-04-02,53.92678338278013,56.86157454650859,53.17841301515523,53.49390411376953,20214528
2019-04-03,52.98764679262547,54.20558484571981,52.532754448863805,53.74335479736328,12150947
2019-04-04,54.66048053715935,55.51157119690208,51.44688311563167,52.09253692626953,19461744
2019-04-08,51.72568642363685,51.72568642363685,48.937634495552444,49.084373474121094,19891835
2019-04-09,49.15774376003838,50.25095596925907,48.3506793648318,49.34117126464844,12482970
2019-04-10,49.0697049914007,49.377858377535205,48.079213044090345,48.92296600341797,10001819
2019-04-11,48.86426359098361,48.86426359098361,45.988170626116,46.78056335449219,16991328
2019-04-12,47.01535614359038,47.90312786231339,46.82459468510347,47.40421676635742,9304918
2019-04-15,48.31399023163868,49.41453626721189,46.48708328360745,46.6925163269043,12078852
2019-04-16,46.230295023301466,49.253131172525805,45.680023791037115,49.09171676635742,15470473
2019-04-17,49.018345893432404,49.407206487045364,48.130570462841376,48.277313232421875,11830504
2019-04-18,48.07920687152642,48.90094661010288,47.440890844379844,47.6609992980957,7494660
2019-04-19,47.50692530870645,48.049862547953225,46.77322664311026,47.32350158691406,6635007
2019-04-22,47.87377472201351,49.370519154589495,47.32350353399596,48.013179779052734,14958306
2019-04-23,47.903125483954675,48.7909009370275,46.296330467392266,46.93464660644531,11405267
2019-04-24,47.06670320929821,49.319155514675145,45.64333214744386,48.98165512084961,17767096
2019-04-25,48.790889789923355,49.41453415406361,46.06153604069316,46.3990364074707,14009148
2019-04-26,46.2156206059942,48.057199419782535,45.91480492813066,46.875946044921875,11516403
2019-05-06,42.55447007331772,43.54496204590491,40.2873420715332,40.2873420715332,13188907
2019-05-07,40.698211298775234,41.182454497196495,40.20663417363632,41.013702392578125,9072168
2019-05-08,40.265324352495135,45.11506666738258,39.993855762937606,43.911800384521484,20745439
2019-05-09,43.889802728832876,47.52894202532747,43.64768111140878,46.35502624511719,22336900
2019-05-10,46.35502412990475,50.99199295043945,45.76806815579644,50.99199295043945,28905938
2019-05-13,49.89143699555339,51.285464719186194,48.966980760845495,49.9207878112793,18121279
2019-05-14,49.81807038251392,50.412367758798986,48.64415481707856,49.0770378112793,13120718
2019-05-15,49.451222269310826,50.10421371459961,49.135731213833054,50.10421371459961,14097528
2019-05-16,49.81073538366936,49.818073088422025,48.189265105680136,49.13573455810547,13548045
2019-05-17,50.62514346964181,51.72568965610936,48.60747483138015,48.82758331298828,20712118
2019-05-20,50.25829068430115,51.64497699449926,49.71535346435459,50.48573684692383,17957079
2019-05-21,49.81072867054701,51.21209406607778,48.42404246096997,49.9794807434082,15026798
2019-05-22,50.02351212712153,53.56727228466546,49.80340364543165,53.266456604003906,23459236
2019-05-23,52.818895229818175,52.818895229818175,49.89144200599137,49.95747756958008,22841682
2019-05-24,48.482742171314214,49.634648443367176,48.27730911260109,48.2919807434082,12249353
2019-05-27,48.35068160036037,52.092537122787576,48.34334389528843,51.49090576171875,16746922
2019-05-28,51.43220758475512,52.00449185841773,50.62513943803709,51.109378814697266,12712145
2019-05-29,51.028667121569605,52.0044872717394,50.294972306014905,50.94796371459961,11749727
2019-05-30,50.33899776802176,50.37568251099843,48.46073061507801,49.59796142578125,11707217
2019-05-31,49.55393969123462,50.30964767447888,48.90828593850322,48.966983795166016,8767265
2019-06-03,49.45856584445224,49.86209806359007,47.33084295032618,48.02051544189453,11291076
2019-06-04,47.705026008596775,48.65882939328707,46.57512904402623,46.64849853515625,9838134
2019-06-05,47.301492535597724,47.56562347334822,46.4063831850063,46.81725311279297,6818347
2019-06-06,46.934642747072395,47.32350331855727,45.74605169656798,46.44306564331055,7406109
2019-06-10,46.655833698171136,47.54360902659104,46.52377013270255,47.1767578125,5651527
2019-06-11,47.1180626138459,48.8642624115722,46.36969235151362,48.72486114501953,10994092
2019-06-12,48.673506844664956,49.12839922012387,48.07187548079052,48.717529296875,9767370
2019-06-13,48.66617059250089,49.04769348514251,48.21127820346104,48.247962951660156,6132325
2019-06-14,47.81508299224788,48.70285464160862,46.149586379690035,46.21562194824219,8314770
2019-06-17,46.215619012391485,46.62648891590873,43.65501320791568,44.58680725097656,11705242
2019-06-18,44.38870959354953,45.15908920582345,44.16859735447328,44.60881805419922,5533979
2019-06-19,46.677846202598836,47.19877413072788,45.775399182527636,45.826759338378906,9932757
2019-06-20,45.812086986285216,47.800408667851386,45.56263145212966,46.94932174682617,8788236
2019-06-21,47.61698205212352,49.74470489394086,47.580297305831046,49.26780319213867,14958147
2019-06-24,49.01100398483677,49.86943229926073,48.51208919064735,49.084373474121094,7200156
2019-06-25,49.17975022394915,49.2237726679656,47.04469002734814,47.69768142700195,7521566
2019-06-26,47.38953855179788,50.25096025985563,47.12540760785616,50.00883865356445,13111768
2019-06-27,49.75204480147904,52.004497391780845,49.75204480147904,51.32215881347656,14446756
2019-06-28,51.32215728104269,52.532757704568844,50.47840432572844,50.80856704711914,8931034
2019-07-01,52.45938206802367,53.14905825024366,51.35883601383313,51.81372833251953,11739813
2019-07-02,51.740363276619746,51.755034907829994,50.243618852286545,50.595794677734375,9526148
2019-07-03,50.44905510490774,50.515086890648384,49.09171197429774,49.34117126464844,8752579
2019-07-04,49.52459641618601,49.82541209146969,48.76888837550488,49.26780319213867,5780772
2019-07-05,49.1650805972589,50.03818054122711,49.1650805972589,49.78138732910156,7305834
2019-07-08,49.54660028452795,50.35366839231962,48.79823003138234,49.45122146606445,9318842
2019-07-09,48.57079060041696,49.597967303926914,48.13056985409729,49.19443130493164,6420946
2019-07-10,49.74659972770898,51.96408718219533,49.709886509509914,50.3266716003418,13183614
2019-07-11,50.436810063410235,50.66443276713894,48.53505859917886,48.68191146850586,10191561
2019-07-12,48.57177239900229,49.04170461157173,47.727364608886276,48.15324020385742,6026425
2019-07-15,48.16792813126749,51.09031417665461,47.43366370099308,50.767234802246094,14328316
2019-07-16,50.59834931215721,51.5161835191906,50.59100591247997,50.921424865722656,8649281
2019-07-17,51.38401505742912,52.426675743069666,51.17841876770753,51.32527542114258,11210015
2019-07-18,50.436811267104574,50.502894303606965,48.09449735763266,48.11652755737305,18827861
2019-07-19,48.37352288915437,49.37947042027179,48.12387374713961,49.15918731689453,10823660
2019-07-22,50.4000993695103,51.031567495504596,46.66267928884771,46.809532165527344,16672485
2019-07-23,46.295550485643254,48.021075694284164,46.25883348242645,47.56583023071289,7740415
2019-07-24,47.64659756102736,48.6084884605601,47.448344660916106,47.72736740112305,7652664
2019-07-25,47.690656308262206,48.681917071670334,47.60254306398068,48.07981872558594,9285742
2019-07-26,48.33680868688006,48.46163514603145,46.90498934149237,47.26477813720703,10386376
2019-07-29,47.43366169123035,48.388209191502646,47.029812490330784,47.96967697143555,8212958
2019-07-30,47.969678865770604,48.22667141562658,47.17666723318234,47.36023712158203,7013499
2019-07-31,47.32352677585815,47.8301685058034,47.022477585746934,47.41897964477539,7245016
2019-08-01,46.9931032220565,47.34555243210849,44.239600149570094,44.79030227661133,19355090
2019-08-02,43.652184041399664,45.22351663078679,43.174908410081756,44.599388122558594,10742456
2019-08-05,44.41582131511706,44.88575353879176,43.80637961688368,43.909175872802734,7341162
2019-08-06,42.719667560548125,43.52736225153466,41.41267454706361,43.32176971435547,10727766
2019-08-07,43.34379003114051,43.82840526493493,40.972106317185236,41.25847244262695,13699967
2019-08-08,41.6696602575646,42.77106055276903,41.280497887190414,42.55078125,10768842
2019-08-09,42.80777596104714,43.19693835134091,41.44938307641509,41.9193115234375,8273315
2019-08-12,42.27176082834696,43.03539881120167,41.618262502862514,42.646236419677734,11057661
2019-08-13,42.220363250820085,42.881205014620505,41.77246119533832,42.000083923339844,7094549
2019-08-14,42.7343454519914,43.395187112529115,42.49937936018426,42.917911529541016,12398197
2019-08-15,41.80916779746967,43.43190023865879,41.265809183953735,43.417213439941406,13960443
2019-08-16,43.13085218146565,44.48190156791829,42.9179125015979,43.59343719482422,13178575
2019-08-19,44.00463286786891,46.00918067206568,43.336447745563675,45.11337661743164,18964773
2019-08-20,45.0840020636571,45.664073935698404,43.799035646640576,43.94588851928711,11288670
2019-08-21,43.83574694472658,44.60672827371003,42.75637308414974,44.07071304321289,11754505
2019-08-22,43.83574640748412,46.63330557492665,43.83574640748412,45.58330154418945,20522381
2019-08-23,46.13400425281806,46.75078931761325,45.076660588231576,45.53924560546875,13960852
2019-08-26,44.5406519111923,48.167928837757145,44.5406519111923,47.793453216552734,23519351
2019-08-27,47.7714255389882,48.667229646037,47.07387055698943,47.87422180175781,15836160
2019-08-28,47.72736728257887,47.859537142777945,46.655336725949134,47.00044250488281,10964867
2019-08-29,46.993102451384786,47.48506114466945,46.625970226951395,47.029815673828125,9455406
2019-08-30,47.022472452120994,49.203242992094175,46.714076113318896,47.50708770751953,21234052
2019-09-02,47.72002422740777,49.68051925570016,46.96372962465184,49.181217193603516,18511046
2019-09-03,49.1738758318962,51.94206559838004,48.564434084251594,50.75989532470703,22060258
2019-09-04,51.428074324048154,53.513392021371,51.03156852393486,52.13296890258789,21626256
2019-09-05,52.47072881433725,54.73961234099413,51.7878607365264,53.028770446777344,18878653
2019-09-06,52.874580635170794,53.74835829663592,50.59101003119324,51.6336669921875,21284334
2019-09-09,52.096253391322236,53.38122359436672,51.39870224371685,53.26374053955078,18023283
2019-09-10,53.1609349757015,53.1609349757015,50.69379864381189,51.39869689941406,16747615
2019-09-11,51.406052824061916,52.09626066814488,49.89345970003692,50.356048583984375,14135899
2019-09-12,50.7452003272923,52.30184596629731,50.57631726631951,50.796600341796875,12500298
2019-09-16,51.060940926759976,52.27248093671248,50.297302945468296,51.721778869628906,12925186
2019-09-17,51.215134886094276,51.303248126873385,49.269330439538955,49.91548538208008,12113443
2019-09-18,50.150445127898756,50.539607509624524,49.33541092760752,50.3266716003418,7993165
2019-09-19,50.31932561368971,51.69240519765285,49.96687646828119,51.479469299316406,14225885
2019-09-20,51.47213495789611,52.62493166549966,50.825979968282454,52.118289947509766,15304063
2019-09-23,52.09625486331473,57.331581115722656,51.10499415998148,57.331581115722656,29105572
2019-09-24,58.59451631327553,63.00011739458322,58.40360683224928,60.099761962890625,35625814
2019-09-25,59.938230433153244,60.87074770741598,57.70605613225573,58.594520568847656,25150865
2019-09-26,58.74872068065158,59.25536616054085,52.73507308959961,52.73507308959961,29368581
2019-09-27,51.25185164042776,51.71443669888867,49.37212646148099,50.66443634033203,29721608
2019-09-30,50.15044454455889,50.42946726844191,48.15324020385742,48.15324020385742,16799348
2019-10-08,48.25603965700357,49.02702106269607,47.58785829297645,47.94764709472656,11572073
2019-10-09,47.96233394547312,49.19590041451061,47.139952518088535,48.924224853515625,8960476
2019-10-10,48.97562702380377,50.884722270431205,48.70394764854986,50.730525970458984,15211423
2019-10-11,50.730515319511625,50.730515319511625,48.50568832019543,48.711280822753906,16663970
2019-10-14,49.394154785350544,49.78331720033369,48.92422630851477,49.56303787231445,12329469
2019-10-15,49.269326671257694,49.269326671257694,47.31617519243477,47.455684661865234,13076221
2019-10-16,47.43366358580563,47.99904870828784,46.62596893310547,46.62596893310547,11061297
2019-10-17,47.05183874422369,47.16932179450683,46.111974341958536,46.258827209472656,8845654
2019-10-18,46.4570801644988,47.35288795161344,45.891695111157546,46.009178161621094,9986132
2019-10-21,45.74484420064843,46.69939166315632,44.81232693805961,46.618621826171875,7242876
2019-10-22,46.55253855419428,47.54379923020523,46.41302908084853,47.125267028808594,8033555
2019-10-23,47.08855573428528,47.360235073499624,46.17072145741717,46.26617431640625,6731074
2019-10-24,46.368977853780194,46.48646092233687,45.891702178763765,46.2882080078125,4236436
2019-10-25,46.35428564337388,47.72736530188797,45.788900568931496,47.617225646972656,8190443
2019-10-28,49.1224702434974,49.82002515653155,47.786107615534505,49.408836364746094,14929301
2019-10-29,49.63646225712992,51.67037992875448,48.924224280185534,48.9609375,17805584
2019-10-30,48.46163532671381,51.36199102925274,48.35149566753178,50.43681335449219,15214293
2019-10-31,51.10499027889487,52.96268886756711,50.87002796182729,51.949398040771484,18908557
2019-11-01,51.80989010019846,52.48541481705317,50.88471247840224,52.09625244140625,11916027
2019-11-04,52.42668137357821,52.8378702158228,51.2518544894395,52.191715240478516,11163947
2019-11-05,52.177032066783426,54.17424055562797,52.1329754410942,53.417945861816406,14835923
2019-11-06,52.801151067442085,53.78506833067207,51.19310531955341,51.33995819091797,14445542
2019-11-07,51.472130944211806,52.456048262881616,51.39870450439224,52.13296890258789,9028849
2019-11-08,52.86723851153291,53.12423105784979,51.303249250914774,51.31059265136719,10557592
2019-11-11,50.66444117328268,51.66304538802386,50.150452263998865,50.356048583984375,8288308
2019-11-12,50.686460471629246,51.06827945411533,49.063731686743075,50.81128692626953,9832650
2019-11-13,53.25639819413119,55.892417907714844,52.6322696893983,55.892417907714844,24020622
2019-11-14,58.52109437691023,58.96165300634587,56.81025231575999,58.08787536621094,36327399
2019-11-15,57.830877394430814,58.983677660290766,56.39905820204206,56.71479034423828,22285758
2019-11-18,56.70745902803308,57.5224932914409,55.73088129813622,56.428436279296875,14271067
2019-11-19,56.171438040980064,56.90570621821994,55.437173645099726,56.79556655883789,16382227
2019-11-20,56.72213487183224,57.54451243168312,55.51059494935083,55.657447814941406,16214076
2019-11-21,55.07003362899803,56.244864139006985,54.83507130835551,55.83367156982422,9518408
2019-11-22,55.81165292169523,57.26550257153363,52.779130935307705,53.388572692871094,20683077
2019-11-25,53.96863815268962,54.188917474972364,51.545558044860286,51.84660720825195,11831914
2019-11-26,52.06688399236775,52.918635201304525,51.861291480803295,52.50010299682617,9761949
2019-11-27,52.50010435452222,56.71479632690188,52.206394816841204,55.84101867675781,18363075
2019-11-28,55.62073993931812,57.68403121797573,55.40046061978076,56.53857421875,16622536
2019-11-29,57.089270245648095,57.55185906708293,55.95115669197163,57.41969299316406,13358148
2019-12-02,57.63263493301334,59.996975524555914,56.67074397105688,58.74137878417969,17009346
2019-12-03,57.86025777444266,59.47564712145495,57.52983877311007,58.73403549194336,10520969
2019-12-04,58.73402806791108,64.60816937417924,58.73402806791108,63.3892822265625,30493442
2019-12-05,63.154310661558355,67.37634546096366,62.7137520868833,64.73298645019531,29827712
2019-12-06,65.10746426213625,66.7742495549342,64.44662637711173,66.31166076660156,15401005
2019-12-09,66.74490688514207,67.53056771022365,65.08545684814453,65.08545684814453,13513053
2019-12-10,65.12950056342734,67.17076160528786,64.02809642246089,66.157470703125,14682907
2019-12-11,65.60677506872965,68.52915332300365,64.18963499751902,65.98859405517578,18385544
2019-12-12,65.79034572021212,68.25014302527437,65.79034572021212,66.67147064208984,16445439
2019-12-13,67.02391412435514,67.1781104139962,63.73439579958587,66.30432891845703,16552869
2019-12-16,65.951883424605,67.77286529541016,64.32180728410059,67.77286529541016,19448739
2019-12-17,67.37635914127449,67.47915918799207,65.3497847486563,66.57601165771484,14528242
2019-12-18,66.25293076252017,68.52181463729357,66.18684772068552,67.40573120117188,15888738
2019-12-19,67.47180752166211,67.47180752166211,62.77984017296841,64.39522552490234,20901770
2019-12-20,64.2777447876297,64.85781285483154,63.00011804087398,63.01480484008789,9966615
2019-12-23,60.83403798821573,62.04557806513008,60.07774336520519,60.57704544067383,17260065
2019-12-24,61.14977019793047,63.82984651585113,60.67249835327362,63.51411056518555,13717354
2019-12-25,63.86656151530537,69.75538652753939,63.51411609648579,69.01377868652344,26340240
2019-12-26,68.28685162940846,69.00643684740143,67.18545494397398,68.1840591430664,11226492
2019-12-27,67.91972421680083,67.97846386497835,64.74769246257189,65.21028137207031,15282248
2019-12-30,65.21761944731169,66.32635952165593,63.04418457775898,65.06342315673828,11626314
2019-12-31,65.10013582732093,65.71692102021206,63.881252243792275,64.61552429199219,7321510
2020-01-02,65.07075841175569,68.47775561667828,64.61551299778691,68.2868423461914,16008588
2020-01-03,68.43371389760996,69.38825771695693,66.23090534290792,68.06657409667969,12004244
2020-01-06,66.97250772739793,68.64663645745684,66.34103586314389,66.70816802978516,12861050
2020-01-07,66.08404560758805,67.48649893138251,66.08404560758805,67.05328369140625,9178658
2020-01-08,66.81831611458117,66.81831611458117,64.71096447467616,65.43054962158203,10607688
2020-01-09,66.12076158708904,66.81097313790504,65.02670084092351,66.62740325927734,10373894
2020-01-10,66.81831359863281,69.50572568204736,66.08404167914273,66.81831359863281,16336398
2020-01-13,66.81832328452595,73.50015258789062,66.81832328452595,73.50015258789062,18293517
2020-01-14,77.20819845451527,79.94701469775778,75.3578505190487,78.6767349243164,26799438
2020-01-15,77.99386086448648,79.88826906272443,76.73092458656755,79.30085754394531,16650603
2020-01-16,80.5784843366152,86.43059228154468,80.03512563161094,82.97219848632812,22732496
2020-01-17,83.54492323099349,84.43339151309156,81.05575999898265,82.97219848632812,15718469
2020-01-20,82.4288507251592,88.91243148032105,82.4288507251592,86.62886047363281,17447699
2020-01-21,85.31450411248372,87.81835400717793,84.31590000213778,86.20296478271484,11492859
2020-01-22,86.20296910181654,93.25193786621094,82.19387322190283,93.25193786621094,16277607
2020-01-23,90.54981475071088,94.94073641315902,83.92672660498383,86.93722534179688,21385354
2020-02-03,78.30960845947266,81.13653815768606,78.30960845947266,78.30960845947266,18464826
2020-02-04,79.66798281294452,86.14421844482422,79.66798281294452,86.14421844482422,15359641
2020-02-05,87.018000634413,94.75717250772065,87.018000634413,91.5043716430664,23218969
2020-02-06,90.46905336476462,100.6533432006836,89.58059272807525,100.6533432006836,20572569
2020-02-07,100.93971433415037,107.57014707511813,97.6575394847863,106.43937683105469,17689521
2020-02-10,103.53166483970269,106.40999011771025,100.14669792513679,102.85614013671875,16049738
2020-02-11,101.74740155941925,105.44076105647515,101.74740155941925,103.75194549560547,12600540
2020-02-12,103.00300136420564,105.36734179790488,100.88831385058421,104.52293395996094,14902501
2020-02-13,104.52293091968973,112.93029205337226,103.31139091847103,106.68167877197266,19394199
2020-02-14,104.69180480413412,111.24146666084378,102.9442496932749,103.83271026611328,15478442
2020-02-17,105.18378265845536,108.26035738142596,103.97223502266675,107.49671936035156,11841630
2020-02-18,108.30440365828105,115.26525062019181,107.57747517161974,113.08448028564453,15622870
2020-02-19,111.60860655824156,117.6295970159842,109.34706627266094,113.92889404296875,15896594
2020-02-20,112.93029677936974,116.57960373580217,107.59217412549728,113.73064422607422,18715056
2020-02-21,111.05792135584277,113.80407332501396,110.8816948691026,112.34288787841797,15066499
2020-02-24,111.75546873464943,123.5771713256836,111.26351383987138,123.5771713256836,22678381
2020-02-25,122.98973334127528,132.27821033068489,116.01420013191988,128.27645874023438,22549391
2020-02-26,124.8254213507526,127.39536181235583,115.4488296508789,115.4488296508789,21333496
2020-02-27,117.48275819981042,123.48906257639227,116.41072756518456,119.39185333251953,25440677
2020-02-28,110.14007932040936,116.44743220824097,107.45265961834025,108.67888641357422,25197867
2020-03-02,111.62330461395953,113.34148641972453,101.33622129311243,104.41280364990234,27504646
2020-03-03,107.32049977772574,110.14009347941109,102.43762216905138,103.89147186279297,23812172
2020-03-04,101.59320779009136,102.72397793741692,93.65577899632538,96.7176742553711,28763465
2020-03-05,98.39181511690165,100.59461604486575,95.109640146064,100.58727264404297,22958916
2020-03-06,98.41381806533806,101.69599237945575,96.92325925094802,98.18619537353516,14150205
2020-03-09,96.3064885087153,96.59285087515318,88.58933847674567,89.43374633789062,22921551
2020-03-10,91.78339986028385,98.34040605036554,91.78339986028385,98.24495697021484,25965836
2020-03-11,98.1715293027332,98.39180862472297,91.48969295150012,91.71731567382812,23059996
2020-03-12,88.98585000384529,93.97152764884567,88.98585000384529,92.47361755371094,17388791
2020-03-13,88.50855773908623,99.89704358058314,88.50855773908623,98.024658203125,27468794
2020-03-16,98.06137984183239,101.97502628323689,93.17115953072836,95.76312255859375,26680922
2020-03-17,98.75894236487851,101.32887539080373,92.1652191523768,100.66803741455078,21722708
2020-03-18,101.97502956359338,104.16314348162538,97.65753380308153,98.75159454345703,20457478
2020-03-19,100.56523479440229,106.248466957816,98.1935509533009,104.99286651611328,19479290
2020-03-20,106.46875404417965,109.18554008229293,104.12643607055129,105.71979522705078,19007206
2020-03-23,100.96174118362278,104.15580268304343,95.16837310791016,95.16837310791016,17461732
2020-03-24,97.64283674393356,97.84843680035956,85.90924923767362,92.26800537109375,23591414
2020-03-25,93.98619230309968,96.51941565616879,92.12115782791439,93.3987808227539,15045130
2020-03-26,91.78339605468562,94.72046872155119,89.74213501321826,90.90962219238281,11783025
2020-03-27,92.5543734474378,94.3533324580251,90.02849348298186,90.91696166992188,9878635
2020-03-30,89.44108227247747,89.58059174382925,83.39806166633493,85.98268127441406,15532662
2020-03-31,87.50995486258446,89.06660433107447,84.9620523212756,85.14561462402344,9838563
2020-04-01,84.73443797159341,88.23689205815681,84.51415864895563,85.34387969970703,10125899
2020-04-02,84.74911972074177,93.83934129809391,84.74911972074177,93.28130340576172,19634351
2020-04-03,91.85682767466774,93.25193764825998,90.88025371824092,91.55577850341797,11409777
2020-04-07,96.04948714261242,96.54144957023486,92.88479935148769,92.9215087890625,11830172
2020-04-08,92.51032790382106,95.20508358814519,92.0036786533982,92.65718078613281,8956440
2020-04-09,93.82465475574719,93.89808119245129,90.31486503111584,92.28269958496094,7977528
2020-04-10,91.5924878850509,92.26066921409141,85.2117010526901,85.90925598144531,12216013
2020-04-13,85.2117064988937,86.74632592769476,82.48023380872348,83.8459701538086,8145036
2020-04-14,85.1749985553841,88.48653943339794,83.84597162623075,88.1487808227539,9928062
2020-04-15,89.41172769944211,92.43691412753006,87.96522131658072,89.6687240600586,13858813
2020-04-16,88.2222012802197,92.66451965994523,87.34841986670085,91.96696472167969,10689240
2020-04-17,95.82186380476388,101.1673296223859,95.52815805520294,100.56523132324219,24145109
2020-04-20,99.12607192268432,101.51244256162867,97.82641864357716,101.32887268066406,12116997
2020-04-21,100.15405082416143,102.30544780571667,97.20229126972437,100.02922058105469,10916563
2020-04-22,98.70019422605003,102.43760659863167,97.23900135347192,102.20999145507812,11071372
2020-04-23,102.13656936519604,102.64321103531975,97.65753392194755,98.0099868774414,10580611
2020-04-24,97.78970797366487,100.22748257223509,95.79250716810985,97.01139068603516,7770517
2020-04-27,98.7589513299425,99.7061517589507,95.52817247176387,98.14216613769531,8408658
2020-04-28,98.10543455297082,106.43202584820035,97.03340402696833,104.2292251586914,16178525
2020-04-29,103.51698347748349,105.22782930510078,102.23201703812201,104.4715347290039,7677229
2020-04-30,106.36594975746107,114.66316799447304,105.22783611959622,112.34288787841797,15428111
2020-05-06,113.07714188632565,119.94988348350469,113.07714188632565,118.16561126708984,15367081
2020-05-07,118.22436131971631,120.68415847285102,115.2799526740643,116.27855682373047,10098467
2020-05-08,117.379974039868,120.77962851601252,113.48835705342896,114.72926330566406,13592920
2020-05-11,114.69987625970093,116.49882774172649,111.02119589622107,112.40161895751953,11296864
2020-05-12,113.15790991945374,113.95825729838508,109.15615033664137,113.86280822753906,12968422
2020-05-13,116.01422538779829,121.15409148989201,113.97295667274615,116.7191162109375,20512101
2020-05-14,116.01422558635876,118.95129085505067,114.37680608374387,114.50897216796875,12623393
2020-05-15,114.45023193353592,121.35234019497629,113.45162778104644,118.9439468383789,17331475
2020-05-18,125.16316682926536,130.69954540100434,117.48273497484855,122.6446304321289,27950769
2020-05-19,123.67260856601739,134.95095825195312,120.34638141891469,134.95095825195312,26236936
2020-05-20,131.43383191849716,134.50307084433226,125.61109760280343,127.90934753417969,21995254
2020-05-21,127.33661342753594,127.68171541493908,115.25057190218439,118.2170181274414,23819460
2020-05-22,116.38869828245126,118.37121974700325,111.38833421895458,115.42680358886719,18331698
2020-05-25,115.73519056060587,116.56491157046783,111.98308373487279,112.84217834472656,11249061
2020-05-26,114.23728258596697,119.0247026974318,114.13448255378022,117.62959289550781,15345096
2020-05-27,116.38134834274047,122.89429369585082,116.02155199654756,118.78974151611328,15637280
2020-05-28,118.79708022407306,118.79708022407306,107.64356031242257,110.72748565673828,21715362
2020-05-29,108.6715451585464,113.29008251909507,108.04741664862169,111.7260971069336,12610771
2020-06-01,113.81141663617457,118.03345597508094,112.40897083201983,115.52226257324219,14917288
2020-06-02,117.47540911124639,118.2243603265243,114.54568729116285,116.09498596191406,13895867
2020-06-03,116.44743176140368,118.1289039734029,113.95826118052514,114.83938598632812,11830734
2020-06-04,114.86142415247323,116.01422458603105,111.24148316682029,111.88764190673828,9851511
2020-06-05,112.38693184280828,114.91281184814798,112.19602613284967,113.15791320800781,8800859
2020-06-08,114.69987957105444,117.16701245511045,113.56176598702882,113.90686798095703,9253319
2020-06-09,112.76876034246743,116.23450507839013,110.94043511147112,115.47821044921875,9182862
2020-06-10,114.54568912979964,114.8907911413125,111.71875974473024,114.26666259765625,9055966
2020-06-11,115.41945191410628,119.37715115913043,114.54567808739635,115.47085571289062,15601995
2020-06-12,111.60861383167027,113.51770886037912,110.16210765007466,111.00651550292969,18262266
2020-06-15,108.59811750204959,108.84776285304471,104.92678048504621,104.94146728515625,15233745
2020-06-16,106.61559690594399,109.61140164178038,106.47608742930518,109.54531860351562,11452109
2020-06-17,109.7729383797158,110.34567063387436,107.93726990679329,109.7362289428711,6637829
2020-06-18,109.90510422596165,112.2547575872108,107.57747350017095,111.71874237060547,10296437
2020-06-19,113.07714296289878,116.66771006668763,110.37503649450124,114.65581512451172,11168397
2020-06-22,117.11561758566458,124.45829181053706,116.8953382664447,123.61388397216797,17740328
2020-06-23,122.36735986103892,123.99803848111074,119.73034962433515,123.34429931640625,13497740
2020-06-24,124.35063174950561,127.69279685314785,123.03579961699009,124.1743392944336,12252851
2020-06-29,123.40306417429726,126.03272833094508,121.19943883892232,122.07354736328125,9738241
2020-06-30,124.87215686345276,127.01701311940178,123.68219412609389,125.54058837890625,9168415
2020-07-01,125.88581615699444,131.1745137540726,124.13760673385613,127.75155639648438,12255948
2020-07-02,127.5532279973684,130.74849281964862,124.8721558086908,125.82705688476562,11993629
2020-07-03,125.09252112700773,136.00047149141272,125.09252112700773,132.33511352539062,17176047
2020-07-06,133.59850559981197,145.57154846191406,132.95212013154807,145.57154846191406,19468275
2020-07-07,151.30833265284548,160.1301731255809,146.98188178828912,147.64295959472656,19655875
2020-07-08,149.92003190902588,157.76494760035808,148.30404552056885,155.59805297851562,15157062
2020-07-09,152.01349500397146,161.5184749066871,151.0438939976181,155.71559143066406,15234939
2020-07-10,154.9883853831192,166.22687471624485,153.43115295861597,162.62762451171875,15792498
2020-07-13,159.60130344444653,165.2719708030588,156.09019212548324,164.90469360351562,19234272
2020-07-14,157.192015511872,160.71781928449448,152.05021014745117,157.30218505859375,22780711
2020-07-15,157.13323406372152,159.30748232801434,142.82435816346714,145.54949951171875,20800647
2020-07-16,144.00695051432757,146.76147599653765,130.89537048339844,130.89537048339844,19612408
2020-07-17,130.0065974979641,132.1220766658459,124.50488394471809,127.10516357421875,16007749
2020-07-20,129.2794209556174,133.90702628403395,122.91093699418329,133.892333984375,15682207
2020-07-21,132.1734911389372,136.02247950247812,130.1681817589968,133.69398498535156,11013537
2020-07-22,133.68666533126793,142.9859675507274,132.48201786860218,137.3740692138672,13446588
2020-07-23,135.89026822345804,141.17898079439053,135.50831388693356,141.02471923828125,11865656
2020-07-24,137.95432990679376,139.39403884341542,130.7190923086647,131.1230926513672,12531690
2020-07-27,131.2112420849855,134.77378397651768,126.20166768601895,130.1461639404297,8530478
2020-07-28,131.8576438462034,132.79052157633367,127.56057778774766,129.44834899902344,6390152
2020-07-29,129.64666976470872,139.41607964601482,129.46303873444697,138.85047912597656,11345167
2020-07-30,138.9019077098702,139.47484680508143,136.25019759507617,139.30589294433594,9825605
2020-07-31,138.74031484221754,153.14468383789062,137.3593749434285,153.14468383789062,18129737
2020-08-03,168.4525156705233,168.45986938476562,166.01383640213552,168.45986938476562,5837706
2020-08-04,173.3519039669208,175.46738275669895,154.25381054378747,156.45742797851562,21287187
2020-08-05,164.53741656985747,164.53741656985747,156.45745435166492,157.9559326171875,19013823
2020-08-06,154.621102567863,164.9781594805818,149.73640495760768,160.10813903808594,17595705
2020-08-07,158.66109361512483,159.83635649194767,145.52014093690138,153.29159545898438,17590437
2020-08-10,147.65032187763865,167.47560612806873,146.90842881725183,162.2089385986328,17624676
2020-08-11,160.85736168981848,169.38540092841598,159.7628989687769,161.4523468017578,13899730
2020-08-12,160.13016339761452,161.62864164040886,149.83922981453824,156.17098999023438,12379637
2020-08-13,157.65474733294025,158.35256335079686,149.99347856462276,150.65455627441406,9485572
2020-08-14,149.11936613493387,154.98101750230697,149.11936613493387,152.62313842773438,6779436
2020-08-17,152.9463209513951,157.522524901303,150.83084211039144,156.60433959960938,9201448
2020-08-18,156.09019057072274,160.49744126583983,152.47623319846855,157.35360717773438,8407848
2020-08-19,155.74495769185788,162.7745187669003,151.33769191363436,152.74801635742188,12182212
2020-08-20,148.37748684383968,151.81515168246818,144.42565210098286,146.25466918945312,9936503
2020-08-21,148.37748387718597,149.3323924389459,144.85903416677064,146.46768188476562,6062064
2020-08-24,147.64295432461833,147.64295432461833,141.0320857096119,143.00799560546875,7779807
2020-08-25,146.90844607054615,146.90844607054615,141.4361008294305,143.5956573486328,5683132
2020-08-26,143.22835826148747,143.22835826148747,134.41384196816855,135.6552276611328,11564811
2020-08-27,135.9710715502283,141.7372309627186,132.95945315339557,138.81375122070312,8744371
2020-08-28,139.56299770469457,141.20103019201045,137.12431813053055,140.1065673828125,6264261
2020-08-31,141.76660839810523,142.57459394160458,135.44954110152673,135.4642333984375,9707513
2020-09-01,134.78845846470847,137.50627637018445,133.71602662676065,136.48526000976562,5587564
2020-09-02,136.62479558460112,137.29324209497332,131.62991426175347,132.2248992919922,9671464
2020-09-03,133.59850165808774,136.25755033732753,130.38120618555882,135.8829345703125,9911035
2020-09-04,133.68668291084842,143.23572520543638,133.07700538433332,137.3961181640625,15774756
2020-09-07,137.3593717961964,137.3593717961964,123.66015779695883,124.96764373779297,18902843
2020-09-08,124.06415108241154,124.85010577938058,120.7293248610566,122.73462677001953,10207669
2020-09-09,120.47223593832094,120.92765175350762,110.54857280392605,113.93480682373047,12250853
2020-09-10,116.79218331714965,118.73871604908643,114.22128846025399,114.91175079345703,9005793
2020-09-11,114.55183388689039,117.01255178351306,112.3849392630773,115.43328857421875,11968371
2020-09-14,115.47001164349231,116.05030447376515,111.30516113567171,112.54653930664062,11100755
2020-09-15,112.70813595973692,120.29595939804028,111.25374210528842,117.5267333984375,13176997
2020-09-16,115.88135850644748,118.04091455071335,113.89074876384461,114.55183410644531,7381839
2020-09-17,114.58855651078127,118.98846078966099,113.02397814531056,117.84257507324219,9146347
2020-09-18,117.5928310397176,120.34001835397991,116.31472975223106,120.15638732910156,7274716
2020-09-21,120.39144139600768,124.75461501761859,119.50998675372229,120.15638732910156,8324155
2020-09-22,118.04092557780424,119.73036605560713,116.28536218501885,116.57918548583984,5164904
2020-09-23,117.40185440099263,118.98111753678238,116.05764533318019,117.74708557128906,5420148
2020-09-24,116.56448885269675,117.5267361064899,114.5885712974642,115.2496566772461,4579443
2020-09-25,116.35147131046166,116.70404866081515,113.9127917595113,115.17620086669922,4065753
2020-09-28,113.87605006757845,114.94848188020961,111.50347852499166,113.67772674560547,5703251
2020-09-29,115.75648235594429,121.1186417583966,114.71343507266461,118.32738494873047,8636515
2020-09-30,118.99580038541542,119.36306997323166,116.21188253522479,116.79217529296875,4911992
2020-10-09,119.80380369043826,120.65587374613014,117.75443240674518,118.81217193603516,5800653
2020-10-12,120.46490442142826,130.6529998779297,119.37043407612161,130.6529998779297,13444103
2020-10-13,130.96886221688243,132.46732539376444,129.0296603351755,131.8356170654297,8046475
2020-10-14,132.2175845574237,132.43795393169324,127.07579388955841,127.81033325195312,7958648
2020-10-15,127.84704079363894,131.6299369609657,124.86480680789876,126.04007720947266,7076689
2020-10-16,126.67911708045203,128.21431088385137,124.13760679918933,127.2226791381836,4595900
2020-10-19,127.75155642182823,128.53751112990213,122.85215175497797,123.51324462890625,5732488
2020-10-20,123.40306798030007,125.70953190895625,121.25820420619179,125.2247314453125,4102452
2020-10-21,125.4230568284809,125.60668785744245,114.6693613992192,120.82482147216797,12536924
2020-10-22,118.11437004148755,120.6852650845232,117.60018498044018,118.98112487792969,4305560
2020-10-23,118.26860771665253,120.8321639859141,115.48469724548652,115.85196685791016,4603360
2020-10-26,114.95582719497813,118.09966868723245,113.86135694377437,117.14476013183594,3955217
2020-10-27,115.99153522164039,119.73035446557691,115.72710411171492,119.20148468017578,3608200
2020-10-28,118.69465212065701,120.464900058181,116.43226514892642,120.3106460571289,4743681
2020-10-29,117.73240162068974,120.09028861653066,117.5267321337089,118.51836395263672,4206617
2020-10-30,118.99580995127053,129.27940463009995,118.92235602780245,125.16596221923828,14048133
2020-11-02,126.01067730427178,132.95210663125107,124.87213778741126,131.45362854003906,12556613
2020-11-03,132.36447704989297,136.2722502135352,130.79256753634607,132.878662109375,10863382
2020-11-04,132.87866274717223,132.90069362970414,127.6781034571884,127.81767272949219,9878199
2020-11-05,131.49038313326156,133.31204658586043,128.6183186832591,131.22593688964844,8159950
2020-11-06,131.22593733998812,139.56299217639815,129.27205832442763,139.474853515625,14308621
2020-11-09,141.7005043963492,153.37237707333,141.69315068214885,150.2064971923828,17525841
2020-11-10,146.1738747287239,146.32078258287265,140.15062244642422,143.23570251464844,14701220
2020-11-11,140.73092912013698,142.50117725883788,131.49039543628695,131.6740264892578,13907694
2020-11-12,134.26693312498404,134.26693312498404,129.64666695457956,131.99720764160156,7188594
2020-11-13,130.0139372534348,135.87557366610642,129.27939805610615,133.59115600585938,7801380
2020-11-16,133.53974953348447,133.53974953348447,129.76419208184072,131.77684020996094,6863483
2020-11-17,131.57119991520548,135.03088109277934,125.64343922678043,134.65626525878906,11198417
2020-11-18,133.31938794341082,134.41385072827057,130.01395357492984,131.8356170654297,7494287
2020-11-19,129.2794040574188,134.4211938085066,128.83866538746304,131.4022216796875,5554257
2020-11-20,131.33611437824428,132.64359270178127,128.97089653142461,129.40426635742188,5522555
2020-11-23,128.76521949344476,131.1157601735727,127.23001811969097,129.40426635742188,6394374
2020-11-24,129.25001315932482,132.11472358774762,129.25001315932482,129.9404754638672,7193388
2020-11-25,129.9404754638672,131.46832304317255,128.9194591729768,129.9404754638672,5875632
2020-11-26,130.66032850095317,131.1451289321607,124.2845143655424,124.39469146728516,8245127
2020-11-27,123.56465886743702,126.73053881127355,122.30124988875093,124.62239837646484,6383998
2020-11-30,124.87215380860265,127.64871833008036,122.60976678139113,126.34123992919922,7815663
2020-12-01,125.95927425881835,126.48814403607136,124.52691136177263,125.90050506591797,5872760
2020-12-02,126.3412343821084,128.8386678160357,125.16596402412205,125.65076446533203,10097291
2020-12-03,125.46712114250897,125.60668283729585,120.09762357428131,121.14067077636719,11205386
2020-12-04,120.54570639241187,122.49958546349012,120.09763666429056,121.47856903076172,7026381
2020-12-07,125.35695719244288,130.8366324353455,125.35695719244288,129.13250732421875,17598547
2020-12-08,129.1471812825821,129.64667404296506,125.68749296869692,126.92887115478516,10045760
2020-12-09,127.48711701417034,127.64871716686288,123.4030665634777,123.62342834472656,7473236
2020-12-10,123.03578925807847,124.50487527370576,121.69891878984821,123.917236328125,7272387
2020-12-11,123.46916926250623,124.82807064041884,120.35471229052897,121.11128997802734,9821336
2020-12-14,120.46489682327766,121.6401596069336,116.80687779115873,121.6401596069336,10193061
2020-12-15,121.19943718858144,123.50590101469506,119.94337432032974,121.05987548828125,7784633
2020-12-16,120.68525583070803,120.72932515786569,116.27800536185418,117.14476013183594,8822468
2020-12-17,117.07866828007566,118.88563955361828,115.8372900154627,118.03357696533203,7156409
2020-12-18,120.8248097417346,120.9056098076091,116.64526745784227,116.79217529296875,7462551
2020-12-21,116.65262685430348,128.47140816922052,116.65262685430348,127.25940704345703,24143680
2020-12-22,126.34123369405462,127.89846596421211,120.09762744658913,120.64118194580078,16634099
2020-12-23,120.54569747671617,127.00232693116354,118.99581135120128,126.94355773925781,16745667
2020-12-24,127.07577827262183,130.748489764341,125.386330381187,129.33816528320312,15456706
2020-12-25,127.81030963930735,131.11575885606325,125.6066843936865,126.92151641845703,10289496
2020-12-28,126.34123788973574,129.16922541087447,124.19637415533127,126.7966537475586,8944827
2020-12-29,126.09149361959861,131.4683377783053,124.91622320934972,129.11045837402344,12153535
2020-12-30,127.45039476436531,128.3245033120326,123.43979821146023,127.10516357421875,11750668
2020-12-31,128.69175080524963,135.03820272101382,128.69175080524963,132.76112365722656,18811391
2021-01-04,133.6131997567599,142.0457468690315,132.7611372319999,141.58297729492188,18127895
2021-01-05,139.19572565970353,145.6303016237366,138.86517164738086,145.3291473388672,16031773
2021-01-06,147.642953936191,148.00287742392393,138.82845238530507,141.12022399902344,13555830
2021-01-07,141.12022632071242,141.6931654507928,133.69400311906423,139.95965576171875,14424562
2021-01-08,140.66481800853848,140.66481800853848,134.4799651115838,137.5430145263672,13976667
2021-01-11,138.82845067691133,151.30097127710772,138.82845067691133,146.99655151367188,20530735
2021-01-12,146.9965438100174,153.19608817029015,145.11612641633855,151.52867126464844,15498866
2021-01-13,150.58846197387592,166.68227845302354,150.58846197387592,163.9497833251953,24685441
2021-01-14,165.99914194548364,167.4755740680681,156.8247177791465,160.5561981201172,20941734
2021-01-15,161.60659605153836,167.47558667514144,150.72803103384734,157.82369995117188,22427888
2021-01-18,155.73762264242416,173.3519501749368,152.18243407608819,171.8681640625,17617392
2021-01-19,170.41376993711603,174.80632861292,167.24055105080453,169.6865692138672,13732534
2021-01-20,166.74106017892376,170.83980317873647,163.95714936327877,167.10833740234375,11290791
2021-01-21,168.21012385015797,170.19338739181578,163.1197494440496,165.3454132080078,12848303
2021-01-22,166.37376015354954,167.75469993031732,154.3713485253684,162.34112548828125,18315780
2021-01-25,161.47439486993235,167.47560158127393,157.60335976632368,163.9424591064453,15363769
2021-01-26,163.77348221470393,166.97608532610974,157.0230448273675,160.35052490234375,10278782
2021-01-27,159.8363382619631,162.1868788786211,154.2538251026619,159.1605682373047,8713986
2021-01-28,156.8981891308608,157.39766674247733,146.45299408366822,147.4446258544922,13061740
2021-01-29,149.85393526495255,151.74170661851502,144.3375290686758,147.20223999023438,9396920
2021-02-01,147.55480839235508,150.49296535151922,145.8065913836626,148.37014770507812,5893298
2021-02-02,148.23059037556717,150.14040768389594,140.4297512455787,149.8759765625,10481341
2021-02-03,148.01022038993887,149.11203678655838,142.8243538212744,144.33750915527344,10254837
2021-02-04,141.03209626482897,144.32283851999026,136.53669134956405,142.5011749267578,14412891
2021-02-05,143.97759477097136,144.3375182552578,138.0939117889085,139.34263610839844,9065547
2021-02-08,139.57767184908627,146.90106333419087,139.57033326597758,145.1455078125,8822868
2021-02-09,145.14552596721634,149.25896119068722,143.23570865037215,147.64295959472656,8456598
2021-02-10,147.65030845352115,150.0742956366342,144.33752042186308,148.0763397216797,7883154
2021-02-18,151.80045721740444,160.24769621377501,149.59682439014267,154.95164489746094,14491550
2021-02-19,152.70395768382306,152.74068086442463,141.825377416251,145.58624267578125,12849657
2021-02-22,143.89678432948938,146.48237144182005,141.03207382890642,141.6197052001953,8227629
2021-02-23,138.85049240187132,144.13920578519938,137.98373751457484,141.66378784179688,6419992
2021-02-24,141.3993393196499,148.01022267011157,140.30487662048142,142.94187927246094,9254452
2021-02-25,145.43933333890254,146.5999038566579,137.29326343939815,140.3930206298828,10416053
2021-02-26,135.89027512338257,138.30692362004152,130.30776171627463,131.77684020996094,12053969
2021-03-01,133.9363856583,136.91128072247412,132.40119950963847,136.7570343017578,7073107
2021-03-02,143.58092715027905,148.87697850387528,142.58195681387315,146.8349609375,17017844
2021-03-03,144.48442306941587,144.48442306941587,136.03718384858473,139.55564880371094,13295365
2021-03-04,141.76661859027053,142.0677728708454,133.69399524011874,134.7150115966797,9968074
2021-03-05,130.74848670020424,133.67930513628843,130.0139474452947,133.67196655273438,7191850
2021-03-08,134.40650847082975,135.14840145509365,120.78809442989537,121.206787109375,12051028
2021-03-09,118.78279817103264,119.64220683373618,113.33983881282637,113.94950866699219,11640700
2021-03-10,116.54243968514159,116.79218605408772,111.56224243194498,111.8707504272461,10830589
2021-03-11,112.17925402970843,117.79115935172634,109.15294338710981,114.6620101928711,14945914
2021-03-12,114.66200981939316,115.68301856773472,110.58529827805461,112.01031494140625,9770645
2021-03-15,109.85077091023715,109.85077091023715,105.98707456727703,106.9199447631836,9559389
2021-03-16,109.49817835130132,109.8287247921032,102.09400162795832,102.50534057617188,11668928
2021-03-17,105.40678572387422,106.79507174664612,103.33537591354714,106.3616943359375,8722632
2021-03-18,106.81711208496034,107.24314335398917,105.41413373891487,106.43515014648438,5390822
2021-03-19,103.58512287924233,106.89791087786375,102.997491462663,104.30497741699219,6331516
2021-03-22,104.51064325268369,105.39943649579963,101.29334774119216,103.39413452148438,7356410
2021-03-23,103.44555677213408,105.96503619871434,101.77080125371366,102.79915618896484,5894580
2021-03-24,101.88097852682812,102.72570243639723,98.08339779102299,98.50209045410156,7388132
2021-03-25,98.4286384268068,103.37945116178595,98.16419975573237,101.99116516113281,7585085
2021-03-26,102.46862271317444,104.9513715258255,101.36680623037083,103.9009780883789,6659251
2021-03-29,104.5840978580381,107.27252361745535,103.91566638409816,104.57675170898438,7537058
2021-03-30,104.59878320928576,106.90523932692697,103.9376903627556,106.05317687988281,6073047
2021-03-31,105.79609597679453,106.0531885081397,103.05625462110456,105.43617248535156,4474786
2021-04-01,105.95034541687899,111.78260521900681,105.95034541687899,111.6430435180664,9470062
2021-04-02,111.79729708014683,122.6685233305975,111.79729708014683,120.64852905273438,14655956
2021-04-06,120.65587987924106,121.19944196939092,116.79219118480586,117.73974609375,8388198
2021-04-07,118.54039915543385,120.82482459457653,115.93277341306259,120.02417755126953,8398680
2021-04-08,118.28330779564922,122.52161982882416,117.89399971120419,119.15007019042969,7175358
2021-04-09,118.4742941003165,121.26555094053131,116.77750003492824,117.15946197509766,5741012
2021-04-12,118.99581711038118,121.56671215198563,117.67363884286017,119.21617889404297,8661065
2021-04-13,118.67261003011613,118.95907957597575,115.17619115730419,115.74913024902344,6110353
2021-04-14,116.06498772304522,117.15945802653579,113.7071083825975,114.18456268310547,5973180
2021-04-15,114.2286276671899,114.58855869893827,109.48349213580418,112.44369506835938,7353093
2021-04-16,113.11213076812719,113.78790839829196,108.18335646151833,111.00399780273438,5906120
2021-04-19,111.65038679233089,115.90338331472898,108.95462251844565,115.68302154541016,6865597
2021-04-20,113.86135082381475,116.41021465191778,113.86135082381475,115.2129135131836,5042170
2021-04-21,113.86870239737661,116.54243574439376,113.63364833435479,116.07967376708984,5020218
2021-04-22,115.32310219374514,117.52672753111383,111.5842829996811,114.53713989257812,9641097
2021-04-23,114.53714200413597,120.98642555097831,114.44165719481524,120.44286346435547,10094056
2021-04-26,120.92765871269896,126.98763391527275,120.92765871269896,122.22779846191406,11013929
2021-04-27,121.27289086129325,125.38632576484245,121.20678308579103,122.05885314941406,7173438
2021-04-28,122.41143566937872,122.66118204952582,117.98214643279034,120.68526458740234,7465934
2021-04-29,121.34634503355288,126.97294289833503,120.83216756094691,124.7105484008789,10043219
2021-04-30,124.71790318186764,124.79870326113875,120.6705757654339,121.65486145019531,8101800
2021-05-06,119.36307822653728,123.8878595317253,118.04090761897795,123.0357894897461,7237424
2021-05-07,122.38939765743301,126.91417928571909,119.21617889404297,119.21617889404297,9062845
2021-05-10,117.62956986047398,118.26861676531932,110.18131582779148,111.79730224609375,10312384
2021-05-11,110.09316946831002,113.11948038123569,108.80771437970196,112.38494110107422,5853753
2021-05-12,111.51083124802588,121.34634916586327,110.54858404568296,120.09028625488281,7834387
2021-05-13,117.45327201659273,119.95071302308762,116.18986299806356,116.93909454345703,4757748
2021-05-14,118.28330182850527,121.27288938092303,116.395530695808,120.28125762939453,5409320
2021-05-17,121.86052989572902,128.33184450372084,121.41980632105576,124.82807922363281,9029844
2021-05-18,125.60668282036136,132.10003522583884,125.60668282036136,129.61727905273438,9888120
2021-05-19,128.9121340184814,132.95212271181268,127.17127064766298,129.33816528320312,6323467
2021-05-20,128.5448610513142,129.6099543793046,126.62036658184445,127.95722961425781,5873527
2021-05-21,128.64034585443724,130.44731695631134,123.82910239852535,124.07149505615234,5471267
2021-05-24,126.37795079822955,126.70849722368742,121.93396968828309,125.77562713623047,7339095
2021-05-25,125.60669475658217,129.9111070849931,123.69688504407296,129.83030700683594,12370503
2021-05-26,129.83763519990762,131.04228242049152,127.09044821367422,128.10411071777344,8849976
2021-05-27,127.07577580810187,140.66480503769571,127.07577580810187,138.7403106689453,17527943
2021-05-28,136.25755743693284,140.907208445086,136.15471134673683,137.46954345703125,16182092
2021-05-31,139.67316950615867,143.69111200029323,135.66991930989715,138.24081420898438,12288431
2021-06-01,137.99104722473933,151.96204425052008,137.3887235933126,148.37747192382812,19384335
2021-06-02,147.38585118818284,151.89594774104697,145.88004956354894,150.58111572265625,13012782
2021-06-03,148.37748875253484,151.72699984648597,144.60194640553993,149.80250549316406,8826675
2021-06-04,148.9651436199224,156.9128754153371,145.72580188420136,153.51930236816406,11859740
2021-06-07,159.39563407746613,168.21013598022623,157.19201616732664,158.36727905273438,14203977
2021-06-08,159.16057110458758,161.27605013214054,154.18036639325288,159.06507873535156,8830387
2021-06-09,157.61806217488365,162.44400627591614,156.83944590123224,159.42503356933594,7708540
2021-06-10,160.27705997828824,168.32765204237853,160.27705997828824,167.6224822998047,9390987
2021-06-11,166.74102087435375,167.47556001694514,158.86673705601754,160.92344665527344,9309313
2021-06-15,160.0199873421643,176.29008041132644,159.4103099479761,174.84303283691406,14881248
2021-06-16,174.0864722969498,178.78020015990327,166.90998808998725,168.20278930664062,11248471
2021-06-17,169.68654346560066,185.02378845214844,167.24786425666136,185.02378845214844,17638620
2021-06-18,185.02380574859836,192.32515176093563,182.06360267731162,191.2821044921875,17010101
2021-06-21,188.04276846681498,190.20967827541745,182.2398854080149,185.0825653076172,14130558
2021-06-22,185.17804726539035,188.2631272255693,182.23987515421516,184.8842315673828,8641189
2021-06-23,184.88422122595418,201.91089898439935,182.90095780978652,198.10597229003906,13339341
2021-06-24,197.98113531630403,197.98113531630403,182.6071650537937,189.46044921875,13879840
2021-06-25,188.05744610326144,194.8960373447289,184.37004252908187,193.91909790039062,10537746
2021-06-28,195.38821220553825,204.42308420852999,195.38821220553825,197.84893798828125,10000782
2021-06-29,197.84891120535247,202.3516542969222,192.87605995834332,201.17637634277344,8111928
2021-06-30,201.08825012082804,217.2555140457424,200.2361724165365,203.74728393554688,12122622
2021-07-01,199.06824068131755,207.14084872188255,196.1227149293974,196.85726928710938,9664633
2021-07-02,192.9641859902781,200.0451773241938,186.59570299209494,195.89500427246094,10462811
2021-07-05,199.81013326803077,213.00985483561655,199.2225018432829,211.45997619628906,10585224
2021-07-06,209.34448176774723,220.29649266758312,204.20267691349096,212.28265380859375,11193970
2021-07-07,206.40631445696786,229.54438387251145,201.99906386025003,226.45196533203125,13145599
2021-07-08,224.03533528289893,242.39889355653867,223.30079597817357,242.03163146972656,10728510
2021-07-09,235.40311202594873,250.46620268003633,226.32116009867661,241.7443084716797,10525172
2021-07-12,241.00951616532186,252.91303475771994,231.4205655871879,245.88848876953125,10862766
2021-07-13,242.47910576330443,245.35212072719185,227.7833977970108,237.57809448242188,10474092
2021-07-14,235.0504243613441,241.65613980793205,230.7225418273727,232.655029296875,8081683
2021-07-15,229.9877446502992,246.15301627662512,228.32713206196306,243.9486541748047,10026159
2021-07-16,241.00951726950765,257.9095706835716,235.13122860785526,238.22467041015625,9750403
2021-07-19,235.13124794747793,245.56520285524846,234.646287049629,237.44583129882812,7546466
2021-07-20,233.7718926916049,239.78242571147976,226.44607736724657,231.28831481933594,9937925
2021-07-21,236.8359241862997,254.41932678222656,234.13926038050974,254.41932678222656,14077361
2021-07-22,257.17474530487095,279.86491709373547,246.52038042752721,275.6766357421875,16256070
2021-07-23,275.5444292591156,282.642446530247,269.9453710288858,274.3540954589844,9792288
2021-07-26,271.48103192484433,279.7620556369567,259.3864665017105,270.8050231933594,9471543
2021-07-27,273.33270582552507,297.60263440943544,265.99220905443036,274.0748291015625,15022077
2021-07-28,267.46176104230113,274.92716060985947,247.64460331606313,273.98663330078125,14280501
2021-07-29,279.1816723860288,293.92145839098896,268.5640242808555,289.47601318359375,15665005
2021-07-30,286.4779948643816,317.4271545410156,283.68583734798887,317.4271545410156,12420321
2021-08-02,310.9904808142151,315.693118358645,286.3090579671688,295.82452392578125,16079620
2021-08-03,277.01401026862237,287.8300617286701,266.2420654296875,266.2420654296875,16751855
2021-08-04,266.242035684127,292.4444837361684,258.8353935641645,291.7096862792969,19054549
2021-08-05,281.4226986528869,286.27227702222973,272.7155018141171,280.6658630371094,11810448
2021-08-06,283.2596447654534,289.25551073614145,265.16924241627794,276.2792053222656,13725502
2021-08-09,267.0943746560647,279.4975665743618,248.65128580779395,268.8431701660156,15307787
2021-08-10,266.5359343148823,271.87047335441537,252.76607349491218,261.30426025390625,9302746
2021-08-11,260.8487010578595,275.3974663180446,257.6524093962283,266.72698974609375,10069748
2021-08-12,264.52263904850514,286.05920081728095,263.7878718510975,272.583251953125,9080702
2021-08-13,273.21517285204953,273.21517285204953,256.2930641708599,256.4253234863281,9193699
2021-08-16,247.62992265249966,262.0684511977707,243.30938166067605,254.78671264648438,10992875
2021-08-17,254.25032971219167,259.04114972194924,236.5199849128451,238.51124572753906,13778768
2021-08-18,242.83914346719953,255.77869935806953,241.74431851317274,250.56173706054688,10044510
2021-08-19,253.96375642147746,274.1556546997734,249.82692245131597,266.3448791503906,11774596
2021-08-20,266.36697531188094,276.4702665137789,264.2728342968825,268.7843933105469,10016635
2021-08-23,273.70010609248743,293.8846495440002,264.6475638219323,291.7317199707031,12701232
2021-08-24,290.9969859500556,302.7314963391802,285.09665835814815,286.56622314453125,8656451
2021-08-25,293.98753862885695,295.05299955313995,279.5784177615751,289.94622802734375,6864863
2021-08-26,286.7131929622246,294.8325648442911,280.61446129668855,281.4227294921875,7443912
2021-08-27,279.21836894039836,289.76254547505033,277.7561603028069,286.56622314453125,5591951
2021-08-30,287.82270365044747,292.65024443860534,257.90960552108277,257.9169616699219,14988325
2021-08-31,257.92430346114537,274.728866484964,257.1307475040799,261.47332763671875,16103259
2021-09-01,265.9040468066603,265.9922297669473,244.5805714961625,253.50086975097656,11027481
2021-09-02,256.9470236245657,256.9470236245657,229.25297159645035,232.9856719970703,18987895
2021-09-03,228.88556479481826,252.6779058053789,226.1448244493843,241.7443084716797,16595074
2021-09-06,240.01020880450392,256.35183121421846,239.02560503404982,253.50086975097656,10307317
2021-09-07,254.00788094709173,258.64437323642085,246.8216660290921,251.84759521484375,6578139
2021-09-08,249.7387659192742,259.31303504503256,247.62258672811424,252.03131103515625,5508496
2021-09-09,247.62992819700574,253.97112438244017,241.00951625286146,248.9966278076172,6798459
2021-09-10,249.09214081952956,273.8984929526792,246.17503480064767,271.6500244140625,12139395
2021-09-13,269.6661348286011,270.4009323099659,247.62258879034715,251.64187622070312,10791867
2021-09-14,251.99453440787582,276.8082275390625,248.724741986052,276.8082275390625,12110706
2021-09-15,279.8796666444167,286.75724123716543,271.30469873507525,274.73614501953125,9882810
2021-09-16,268.1965568869105,275.47093958580984,262.17132681739116,263.0751037597656,7424244
2021-09-17,264.0597684293719,273.4723392242474,255.52890623534856,262.3183288574219,6036295
2021-09-22,256.54288034125545,286.5661966442411,256.36654469208304,272.5979309082031,8676586
2021-09-23,279.2771663103924,287.72720193633023,264.890082707561,282.88494873046875,9557082
2021-09-24,282.8188127305926,290.2401372742937,277.1609658517325,281.1728820800781,7553004
2021-09-27,286.56617096768656,296.118385748273,273.3473859014201,276.3600158691406,8891584
2021-09-28,276.58050739088986,286.4633570288152,263.0530947158986,277.1756591796875,8303959
2021-09-29,269.4383470250781,273.3400417505666,264.5299801262796,266.13916015625,7293549
2021-09-30,265.99228187536085,276.0000357092882,259.41594475019633,268.70361328125,8897662
2021-10-08,275.99998751064027,276.72007268776355,249.52567923598917,259.3865051269531,11420947
2021-10-11,260.8487198086081,262.31095864205906,246.52042604932112,248.0634765625,10288846
2021-10-12,246.15302434341268,253.66987271740965,241.0462681186873,242.31744384765625,7183023
2021-10-13,243.78700234071894,249.59916157868642,239.13582793849017,247.80628967285156,6885076
2021-10-14,245.41088596321785,251.64187658672023,241.88391556474565,249.06277465820312,4394490
2021-10-15,249.82694700757133,264.18464981021873,244.32339781330393,260.1506652832031,9174618
2021-10-18,257.0498692965031,264.5299818323878,247.88710605868351,264.00830078125,7595001
2021-10-19,259.3791543324177,265.2280491045049,252.03865668208906,252.76609802246094,7118820
2021-10-20,254.23565948717817,258.88686426279776,252.29583107368668,255.13211059570312,5152183
2021-10-21,255.25698946007697,258.2769453603387,247.45356993130827,251.61245727539062,4585682
2021-10-22,253.65518246470563,271.8705046733957,249.092175647019,270.40093994140625,11127574
2021-10-25,269.5265428091167,276.9331547159299,268.93136079969224,275.323974609375,6869276
2021-10-26,274.9492390278805,280.32052894582694,273.62664595604446,276.21307373046875,5090450
2021-10-27,271.87048401238997,278.4835702121001,271.42962976240426,276.2644958496094,5089751
2021-10-28,278.6378471255445,283.2596267585732,273.20044329551644,275.91180419921875,5489328
2021-10-29,272.869797757505,289.0203869651597,267.90264213783837,272.7889709472656,9039055
2021-11-01,268.9313453264664,285.74323059120826,268.19654790601237,279.953125,7749278
2021-11-02,283.0392443933666,296.15513552199167,278.4835787939141,292.4444885253906,9582225
2021-11-03,298.0288593591829,304.127560183708,277.0874799889747,284.736572265625,7612964
2021-11-04,285.8314412287764,293.55400454197877,279.2403927939016,280.87896728515625,6228258
2021-11-05,283.69321387582124,291.16600167283656,276.8450327500468,277.7488098144531,6171379
2021-11-08,272.6052383020652,283.5388336729033,268.9313121968117,280.2763977050781,5598679
2021-11-09,282.1575331263219,297.3381724162607,275.58855269874215,297.00018310546875,9564351
2021-11-10,293.76711170633433,302.8784429004568,290.6075098366947,301.9967041015625,8127328
2021-11-11,295.3395350782474,332.19634928623555,295.3395350782474,332.0494079589844,15199547
2021-11-12,327.743513953226,332.6959568375737,320.2046133707624,324.0328674316406,9026437
2021-11-15,324.7676657491929,326.2445865158619,301.26189718103745,305.531005859375,9451671
2021-11-16,305.53831314630867,307.13281109435206,293.17922853289105,299.10162353515625,6433371
2021-11-17,302.0775634614873,302.14367798561494,288.77059268654807,300.6226806640625,6253575
2021-11-18,297.59533042115385,303.4589069467103,291.59946431963175,297.7790222167969,4670403
2021-11-19,296.85318459231985,298.3080672439015,283.68586087899104,290.6148681640625,7755508
2021-11-22,285.6183173896394,298.3154227609334,285.6183173896394,296.5298767089844,9418623
2021-11-23,293.1792389878818,295.2366596744955,283.03187209017585,285.09661865234375,8597346
2021-11-24,282.89960718177605,289.4244798496498,282.5248674640642,284.2148742675781,5192172
2021-11-25,281.79006231047964,290.0931547807997,281.4226787504817,287.7418212890625,5587918
2021-11-26,285.38321011991474,285.38321011991474,272.7743172307277,273.4062194824219,8898032
2021-11-29,268.9313342530653,278.11613513338085,268.10838418292394,276.52166748046875,5322522
2021-11-30,278.483589688982,287.23486350788886,276.5217079179668,284.3545227050781,7810650
2021-12-01,281.42273886579875,289.4098516975649,277.55776369616035,280.467529296875,4877305
2021-12-02,278.4835798376702,283.31844609198873,274.07485555214595,277.7341003417969,5197463
2021-12-03,280.6878898781191,285.7432282802,275.9118126365402,284.36181640625,8011572
2021-12-06,282.8849277862246,285.0966461560382,278.858329525538,282.6865539550781,5158953
2021-12-07,285.0966658100625,285.0966658100625,265.0517350009802,267.28546142578125,7704814
2021-12-08,267.71896205733947,278.37335890700945,267.6895677366744,278.03533935546875,6981338
2021-12-09,276.27922739042157,278.45419528886663,270.92997547322614,274.95660400390625,5503567
2021-12-10,272.94327255904915,274.80964537075704,268.35088687377,270.3421325683594,6459409
2021-12-13,270.35683789517316,274.65531054361156,268.2333026800045,271.1357116699219,4877579
2021-12-14,270.94464593211376,271.39285629207035,265.2574056021769,270.7682800292969,6358794
2021-12-15,268.9313332067717,273.00203747388116,262.8326026812666,265.3014831542969,5243354
2021-12-16,266.85920417228624,275.91177510067865,265.257380536891,271.5030517578125,7384497
2021-12-17,268.93136146052365,270.4009261173828,251.42876920318378,253.86825561523438,10235448
2021-12-20,252.03131103515625,262.23012622904736,250.56173122077308,252.03131103515625,8603824
2021-12-21,252.01660274718893,259.7391958195635,251.3773292746742,254.58834838867188,6023548
2021-12-22,256.44737528296304,260.8487131511517,251.59042544447902,251.88433837890625,6335011
2021-12-23,251.9578301735853,253.72130782209442,249.16564209400474,250.41477966308594,4645271
2021-12-24,250.33393243450118,253.4935038651608,237.33558900868312,242.4790802001953,8920602
2021-12-27,244.67609633704467,244.84510611014107,235.86601918325903,238.33489990234375,5790237
2021-12-28,238.43778068923646,242.47175004111637,235.64559271236485,242.27334594726562,7312786
2021-12-29,242.49378037319605,246.8143215039782,237.33559195809877,242.23660278320312,6021904
2021-12-30,241.16382819648874,252.60443993120987,239.7897874917101,249.90777587890625,9748771
2021-12-31,250.47354878621,255.48476556047274,246.15300769351492,254.98512268066406,7030521
2022-01-04,254.1621975064119,256.116723147172,229.48810113659985,231.898193359375,15374843
2022-01-05,230.7298859271883,233.58818843736336,219.6125815827911,220.435546875,13397394
2022-01-06,218.96596139780857,224.4768514403564,213.4109950118285,218.11361694335938,9042389
2022-01-07,218.11361421002138,223.29384079526864,213.82246739964415,215.54920959472656,7328330
2022-01-10,214.63808599307868,216.81305381366212,209.19332542951807,212.24269104003906,7843749
2022-01-11,211.0302866982275,211.7650690258199,202.00712338873518,203.5354766845703,13633257
2022-01-12,210.5526554309192,220.43551811568008,206.47459510665257,216.02679443359375,15873367
2022-01-13,216.76159504699731,217.47432398711973,207.37839019611056,208.2748260498047,9253469
2022-01-14,212.35290227191493,219.52438963630274,206.59953188231998,212.13980102539062,13169468
2022-01-17,217.49639253803124,230.64169249134733,217.49639253803124,226.0198974609375,14948964
2022-01-18,227.76868021349324,238.81251350759038,227.04859506799806,231.16339111328125,11670146
2022-01-19,229.98774882203483,232.77258068381474,221.75815639521485,225.2042999267578,8563700
2022-01-20,223.59514322636335,227.0486281318157,220.15634034665715,224.10214233398438,5113107
2022-01-21,222.63986793062028,227.04857653818544,214.6894922512665,216.23989868164062,9756486
2022-01-24,214.09435038524524,222.27251027016192,212.47047310922252,220.435546875,8360520
2022-01-25,219.55379464528215,227.01186941744638,218.22384542738573,218.30467224121094,6191579
2022-01-26,218.96596346500922,231.38383762778375,218.96596346500922,227.04859924316406,9802445
2022-01-27,226.8575254446726,228.7018447473812,214.55722996363522,216.02679443359375,7913698
2022-01-28,217.24656232097382,222.27250668224957,207.79722688581288,207.94418334960938,6405702
2022-02-07,213.69756480389503,219.17906086060262,204.4980503461691,207.20941162109375,7076979
2022-02-08,205.11526660891707,206.3644041590657,186.63542636887968,190.2505645751953,15316743
2022-02-09,189.20715170678793,193.3954333104731,183.29212800085057,187.77432250976562,12805744
2022-02-10,188.83978084492077,192.68270217775077,185.24668095750772,188.54586791992188,8124595
2022-02-11,185.90063362918912,190.3681312117212,182.9467921281937,183.10110473632812,6282061
2022-02-14,180.01499813492876,187.73759090193766,174.96701588574888,184.79844665527344,8081957
2022-02-15,185.82715219874228,196.18762073103713,183.62280524299186,195.96719360351562,10271516
2022-02-16,197.16489551900608,198.39199493162675,193.68937266956377,195.45285034179688,5688731
2022-02-17,195.45283407226106,200.15545594287678,193.6158707485401,198.8695831298828,7196453
2022-02-18,196.25373080473335,202.97702240530108,195.23239180864948,197.6571807861328,6731297
2022-02-21,197.65718609149505,199.854191875106,192.67533357616352,193.7628173828125,5612614
2022-02-22,193.79224555856544,198.07605188655083,187.74496148646773,196.47421264648438,6738126
2022-02-23,195.46018255622846,216.12232971191406,195.46018255622846,216.12232971191406,9139049
2022-02-24,216.76162015157283,222.6398939362407,210.83189873803883,215.65943908691406,14944748
2022-02-25,221.90511115490878,227.04860259807006,214.5572575869028,221.574462890625,14649793
2022-02-28,221.59649329687582,227.12208043943468,218.96595902667477,222.75010681152344,7771557
2022-03-01,223.75675599581123,224.09476038451652,218.27526052509998,222.71336364746094,5688069
2022-03-02,220.51635501389725,220.51635501389725,213.09503088729437,217.49639892578125,6788142
2022-03-03,218.892488434352,219.70074140076812,208.28218352813778,208.95083618164062,6726535
2022-03-04,205.7324697537343,221.80223166055796,204.44659697705848,214.59397888183594,10140357
2022-03-07,210.9641382063442,211.97813621426047,200.55223798429557,201.6544189453125,9458221
2022-03-08,201.65443260750078,216.52647503302194,200.59634305134807,210.0015869140625,12387066
2022-03-09,214.55725734733576,221.75815444138564,207.9515422644394,216.04151916503906,14525975
2022-03-10,225.2116427242532,232.19211280456997,222.39007550737023,226.93838500976562,14459416
2022-03-11,219.70075073786506,227.47477660384612,212.26472928695006,220.65597534179688,14313046
2022-03-14,215.27733141154482,221.11152853233372,213.462421423543,213.8224639892578,8137844
2022-03-15,208.67897633167763,228.37121773884144,208.355669091034,218.2017822265625,12947600
2022-03-16,224.84424473144875,235.13122712009078,213.0876826186389,235.12388610839844,14614115
2022-03-17,235.27819685110512,245.45497382180162,227.03390726119144,227.85687255859375,15472791
2022-03-18,226.68120663957788,229.97303735101977,223.97718662363656,227.77603149414062,6292138
2022-03-21,227.78340100004098,232.27293724346376,222.2063807776653,230.3625030517578,6746689
2022-03-22,231.4572980666548,231.82469677783894,222.86766362484627,224.29315185546875,5210046
2022-03-23,224.82220602302115,225.20430192239246,217.49640564208994,220.72210693359375,5763380
2022-03-24,218.23118591308594,219.59788559659341,211.47115816097198,218.23118591308594,5863710
2022-03-25,219.70074467909436,221.5377080347165,210.14854431152344,210.14854431152344,5750477
2022-03-28,205.44592346506897,213.08033370665217,204.71114114608648,207.94418334960938,5621741
2022-03-29,207.9441790178323,212.8305078254639,200.75063831749043,202.73455810546875,6518612
2022-03-30,205.37242980413131,213.8224639892578,204.27024879979194,213.8224639892578,7902850
2022-03-31,211.05969835615045,211.91204289895242,198.59774667538983,201.33114624023438,9499964
2022-04-01,200.59632485781742,206.0998582530301,197.8923050052459,202.35980224609375,6241353
2022-04-06,202.22019793847062,202.61699096794618,191.04412077806904,193.8877410888672,8043143
2022-04-07,193.90243218390347,196.91504702852328,190.1623760880845,190.58120727539062,5886382
2022-04-08,190.58120001832833,195.69529648001338,186.8264469066229,192.51368713378906,6552577
2022-04-11,189.9419428131165,191.40416639596071,181.84461011121704,183.1819305419922,6110904
2022-04-12,184.28410119113371,185.6654980002368,175.65039005437325,183.68893432617188,7726854
2022-04-13,180.75716751486664,182.95417371249383,175.69448723953937,177.6710662841797,6042986
2022-04-14,181.60215388658588,195.4381453459967,174.87886147448418,192.53575134277344,11774401
2022-04-15,188.53852171264634,194.45354612830633,184.44576358250143,192.05813598632812,9063266
2022-04-18,191.04411395589335,201.4413321175943,190.4195528194991,200.59632873535156,9318761
2022-04-19,200.37589606613466,201.331120616955,193.29991759613816,194.48292541503906,6312231
2022-04-20,195.4381372573943,197.25306241288646,191.7862639110472,192.95457458496094,4716635
2022-04-21,191.08823222017182,199.11943598301275,189.5745760129506,192.4990234375,6520628
2022-04-22,192.42552573233087,195.30588149616793,180.75714621360652,186.3415069580078,10169712
2022-04-25,180.0517422895122,182.9541513485744,168.3025360107422,168.3025360107422,9867168
2022-04-26,163.51907833963438,170.77876420131795,163.51907833963438,165.2384796142578,7405160
2022-04-27,160.91793972602804,178.32499170799002,160.18314231071778,177.5167236328125,11413881
2022-04-28,175.33442261008233,179.61822845918007,170.47014705996483,174.67311096191406,8788441
2022-04-29,177.08322729555735,179.51535762840027,165.44422644779667,175.6136474609375,14188416
2022-05-05,173.40931088778828,176.46601775421703,162.25527025762008,172.68186950683594,15502665
2022-05-06,165.32666133873974,170.83755156364182,162.3066900444609,163.12229919433594,10560353
2022-05-09,160.91795875639752,161.41760168368089,153.57010482317833,154.5253143310547,12641395
2022-05-10,152.8132501595827,169.97783675219281,151.36572378059185,168.1188201904297,22674219
2022-05-11,166.45822891165494,181.0804510190713,165.3340096175961,173.92364501953125,19835676
2022-05-12,172.78473138483787,185.09238544868285,172.10873764932458,180.42649841308594,12395949
2022-05-13,182.22671879858075,183.9828554238007,177.1566978867191,182.81454467773438,8624969
2022-05-16,182.82924003748536,185.88594668786237,177.15669614175414,177.97230529785156,7346799
2022-05-17,178.9936630015672,191.41153779123067,177.1640556923914,190.30935668945312,11661787
2022-05-18,192.5136942157474,195.93778409576603,190.0741928893727,193.38807678222656,8973717
2022-05-19,190.3093687671688,198.78144241002434,189.5745863647211,195.40142822265625,8339980
2022-05-20,195.52632252201934,199.86154573223695,190.82370058763263,193.32196044921875,6991073
2022-05-23,193.2484932221474,197.65720231003166,189.06021126379838,196.4888916015625,6690000
2022-05-24,195.01195974372843,201.24293469943143,191.1910767327634,192.14630126953125,8035951
2022-05-25,191.35274108234557,197.27510629751873,190.08890640195145,192.16835021972656,6335505
2022-05-26,191.7789086744139,191.7789086744139,182.98352888911768,188.09764099121094,6116505
2022-05-27,190.30934345553294,195.58509402591662,187.14977197718477,188.25193786621094,5643743
2022-05-30,189.06020302523433,191.77890507841252,185.60671867877915,190.16238403320312,4469867
2022-05-31,189.3761905372585,198.78143522064434,186.6354348687292,198.39199829101562,9571242
2022-06-01,196.18762325533382,206.53340989686998,194.71805859925834,200.19955444335938,8679889
2022-06-02,199.4941590320893,217.63599382568987,198.39931902464258,212.13980102539062,14104754
2022-06-06,210.00159814327628,215.45369983777218,207.37106370402688,214.1898651123047,10926985
2022-06-07,211.61813732409783,212.7791071600484,204.0865910967377,204.40255737304688,9829976
2022-06-08,204.27025641183897,211.08171650371048,202.6537353117137,205.51939392089844,8559113
2022-06-09,205.0050650591125,205.0050650591125,195.10750355414106,196.44480895996094,10062087
2022-06-10,196.25375837081813,201.09599599472716,191.2057907709964,199.86891174316406,12344300
2022-06-13,196.38604158982488,198.00256282872414,191.69076022584665,194.74746704101562,9735460
2022-06-14,191.77891003991962,195.07075598951303,175.2829903686858,183.76976013183594,20327596
2022-06-15,182.3001901873616,192.5137178544803,181.85932077625046,187.73760986328125,13972967
2022-06-16,186.80440646327168,196.31988624883076,186.09901849671036,192.2197723388672,10987627
2022-06-17,189.58190262658613,191.4115249491174,183.69627289041145,188.55320739746094,13415159
2022-06-20,189.57457532903862,196.57706862325472,185.38629317473567,192.881103515625,12491964
2022-06-21,192.8884534412544,200.5595991920982,189.66273703899535,195.48959350585938,12917385
2022-06-22,195.30586902860023,195.5116141186357,185.23931408967508,186.85585021972656,14651639
2022-06-23,186.3047781159831,195.0781050165346,185.90064404359416,194.57110595703125,13067665
2022-06-24,194.72540500295426,199.1267732171234,191.7862756094231,197.21633911132812,11221217
2022-06-27,198.39197901224074,204.27025258410757,198.39197901224074,200.15545654296875,11211076
2022-06-28,199.56762534238248,207.28287717248335,193.5423954713574,205.489990234375,15572463
2022-06-29,202.80071570820806,212.1251339424568,200.44941201236276,200.62574768066406,17274811
2022-06-30,200.22893125929338,206.4746032057661,199.99379185321328,203.62364196777344,8409140
2022-07-01,205.00505289269105,210.64820226051748,201.44868832597479,207.2681884765625,9787505
2022-07-04,203.5354855592514,203.5354855592514,189.92726176889943,195.53367614746094,17914965
2022-07-05,197.6571919724788,206.47460968709274,196.92240968561205,201.77198791503906,14522355
2022-07-06,201.90423295536564,221.94917406056896,201.90423295536564,216.02679443359375,26369660
2022-07-07,218.96596377076634,221.91244919781434,211.68423995304505,219.9211883544922,18645412
2022-07-08,220.44286576101678,227.78336245672486,218.96594509940252,224.10943603515625,13995861
2022-07-11,222.56641482730262,227.37190168546195,217.27595197209686,220.0975341796875,10007560
2022-07-12,225.43208636338704,226.61509426453196,202.86682895904508,206.46728515625,19905590
2022-07-13,205.89006263051854,209.7799136797301,202.11051319397797,206.62538146972656,9345136
2022-07-14,204.80912399486752,210.2137362105094,203.21347686733816,204.05909729003906,9506772
2022-07-15,204.41939426156415,213.24326510259954,204.41204788995228,206.47830200195312,9285559
2022-07-18,208.1033458423418,208.83131818755655,193.14690711125272,199.38243103027344,17982685
2022-07-19,197.06620134902036,200.16924828777493,191.18362048780486,194.43374633789062,10980060
2022-07-20,196.2426260507814,201.84577186692889,194.53667737745837,195.70584106445312,9463234
2022-07-21,195.82347827709768,213.79474720022455,194.86020996217593,206.30917358398438,19531817
2022-07-22,208.83133560519113,208.83133560519113,198.0956360124322,201.03692626953125,10363443
2022-07-25,198.69123414155695,202.16930932115056,194.86756141429694,200.00746154785156,7455561
2022-07-26,199.71332747023624,201.110440652112,195.2278755752824,199.5883331298828,7305352
2022-07-27,198.536827794404,198.536827794404,192.5513071799645,194.11753845214844,9496353
2022-07-28,196.69853306493735,201.69871616091086,194.7646347331985,197.99270629882812,9304792
2022-07-29,196.39704859471394,196.44117226884956,186.18344046554753,186.46286010742188,15245529
2022-08-01,183.8083481175655,190.08063509226008,177.80077288951964,188.58058166503906,12888607
2022-08-02,186.77166755526284,201.11043566857313,184.64658205602925,198.54415893554688,21045636
2022-08-03,200.74280683470764,216.9713512232635,195.4999511739205,209.89755249023438,23794103
2022-08-04,211.73583749995154,217.45664606947759,208.83132469385453,212.2137908935547,14663805
2022-08-05,212.21381447531962,233.43519592285156,210.54464302423227,233.43519592285156,21189263
2022-08-08,240.45016603630552,248.78134526757404,235.30290426058994,238.8912811279297,22627854
2022-08-09,237.45739283490784,243.52378382646697,224.14070905002762,239.6265869140625,18939958
2022-08-10,232.2660367136346,248.62693653000946,229.7512297996394,243.7591094970703,18130529
2022-08-11,242.64877300409754,248.90635167481145,238.2441915848401,245.28857421875,11324885
2022-08-12,243.24439724907398,249.27404205618976,239.1633587363414,239.78839111328125,8989816
2022-08-15,241.76639331254447,247.64161271671577,238.98688965502134,240.7443084716797,8146317
2022-08-16,239.9574952051138,246.97982382913304,229.4203442303523,230.80274963378906,15790597
2022-08-17,230.92773146001545,232.42043838933188,225.37605588485508,231.68511962890625,11334759
2022-08-18,228.68501805178607,234.04550632286012,226.4790465748858,232.0895538330078,8059938
2022-08-19,230.8100901091175,234.47935279228136,224.2730766044467,225.4643096923828,8598415
2022-08-22,225.74374641742554,229.27329198328468,222.4348040763147,226.83937072753906,6165401
2022-08-23,225.75107219543662,226.76582573068515,219.19936604888693,220.43470764160156,8400902
2022-08-24,220.4347068794015,220.5229390726513,211.04465062123694,211.64761352539062,8687382
2022-08-25,212.50059228975636,213.75064183899576,208.0960106591975,211.83145141601562,6255449
2022-08-26,213.2432488617617,214.09621555599153,207.68421201853593,207.75775146484375,6566791
2022-08-29,204.41939304879483,216.9198728793099,203.59584207525154,209.03721618652344,9717021
2022-08-30,210.15491185772296,214.34623651189185,207.5665806424674,211.4123077392578,7807162
2022-08-31,210.30197757470032,212.38293960431866,203.68407814409775,207.36068725585938,7977162
2022-09-01,211.77260856437638,215.07420423155443,205.37531254448825,206.5150604248047,8451768
2022-09-02,207.36068398706033,212.89030545810897,204.787060678829,209.97108459472656,8250904
2022-09-05,208.09600222969337,213.39032773587445,200.0148268804256,213.2506103515625,9975734
2022-09-06,213.1770929390935,216.9198800371727,211.16965518713036,213.24327087402344,7464691
2022-09-07,217.640486678514,232.8028222062571,216.92722215190378,231.6262969970703,13680954
2022-09-08,229.2365049855026,235.29556527175322,226.2805218701486,230.17771911621094,8211292
2022-09-09,229.427688932596,231.62629894573007,226.47905223389287,229.78799438476562,5897909
2022-09-13,230.89095538357716,236.2588047316815,228.83206297855872,230.9130096435547,4744542
2022-09-14,226.3319758616159,241.75902239393474,225.015748475779,240.0163116455078,9354158
2022-09-15,237.50888407625013,238.979521693877,222.53037405058095,228.68502807617188,11133952
2022-09-16,226.4790639952199,238.1559785658256,225.00842632893966,232.18516540527344,8845098
2022-09-19,230.2291860708873,238.97951761428763,229.71447048708376,232.36163330078125,8716696
2022-09-20,232.36163958636405,233.75873776347336,219.01553869778263,228.20706176757812,7568085
2022-09-21,225.75843075877853,227.38349355047325,217.87577426335153,218.55227661132812,7799318
2022-09-22,216.93457677239604,220.59647785645737,212.80941502048944,217.5669403076172,5812041
2022-09-23,217.65520293092456,219.04495473772982,207.97101851498041,209.56666564941406,7151939
2022-09-26,206.713602110443,218.0228491517176,206.6621320666509,214.01535034179688,6584510
2022-09-27,214.05210853615858,221.07443700908345,212.49323877191634,216.90516662597656,6300721
2022-09-28,216.8904546483393,216.91250890995292,208.11806914837186,209.72842407226562,4358469
2022-09-29,209.8460688166921,216.03746943196066,204.2723238415185,214.5521240234375,6542568
2022-09-30,216.77282081958938,216.77282081958938,204.43411196941554,204.7135467529297,5949775
2022-10-10,194.86020816248012,194.86020816248012,184.24217224121094,184.24217224121094,5911440
2022-10-11,175.00652444646008,176.47716190840595,165.81500244140625,165.81500244140625,16279358
2022-10-12,162.8810811246497,171.32257688441172,155.86611436935905,170.5946044921875,22417844
2022-10-13,165.56501310396376,169.85929304518348,162.47665901648952,163.09432983398438,16668448
2022-10-14,166.3297454858875,166.82976831896633,156.70437789812092,165.35911560058594,20885689
2022-10-17,161.35162112035323,180.47733215882909,160.7118960320484,178.6831512451172,23207073
2022-10-18,176.47719339452783,177.8007824935837,171.55054944444518,175.66835021972656,13404717
2022-10-19,174.1168085784806,179.4699510107484,172.27115750822784,177.2125244140625,10434677
2022-10-20,175.00653901867645,194.9337615966797,174.95506897529611,194.9337615966797,15136869
2022-10-21,191.18360141787562,199.19125211528853,183.05830275029152,193.1101531982422,14943091
2022-10-24,190.44828113610149,202.61049401937217,188.97764365291567,195.52200317382812,12609864
2022-10-25,192.80132853544018,199.91923561340292,189.9409240586718,192.42630004882812,10020087
2022-10-26,191.91893185580258,197.06619369627015,189.4629564864854,192.50718688964844,11377539
2022-10-27,191.35273745078706,197.1250166699779,187.95556300258278,193.35281372070312,11985205
2022-10-28,190.28650949823532,201.47810770146626,189.71296239450857,195.52200317382812,11942005
2022-10-31,197.04414101055318,201.3678370823062,191.5586426630649,195.37496948242188,11105788
2022-11-01,193.38958557200903,195.58819558842092,189.71297644459878,194.8013916015625,9789969
2022-11-02,193.24253206821854,198.53684282790977,191.11009987292465,192.39691162109375,10383638
2022-11-03,189.7129806658427,199.75012410994916,188.97766185343096,196.6985321044922,10817695
2022-11-04,195.64702007799275,201.82372851404,192.433671505135,200.44866943359375,12963022
2022-11-07,198.9780073431134,204.05172934285227,193.38956980169178,193.86752319335938,11239560
2022-11-08,193.6837091362225,194.85287281429441,187.93348445947146,190.0512237548828,8810278
2022-11-09,189.9776901258035,191.8307025991075,181.6244412523066,183.53627014160156,12044444
2022-11-10,181.77150245755448,184.53631323785356,171.47699391075676,172.8005828857422,20663739
2022-11-11,181.4405909371861,182.3450428651073,174.8521226754535,175.16830444335938,18096737
2022-11-14,174.27123218084847,178.4919729406175,172.3961653453249,174.6241912841797,11057470
2022-11-15,176.0948139757763,186.03636326441395,174.27856371401404,183.83775329589844,18436931
2022-11-16,183.83038264121657,183.83038264121657,177.21984517388202,178.0434112548828,10608641
2022-11-17,176.77866369201456,178.37431075502266,169.87399834591128,178.27871704101562,14371438
2022-11-18,176.4698380548583,180.08026938914094,169.1313274037568,169.51368713378906,14245781
2022-11-21,167.65330376424666,171.32991249876443,166.74886704326065,169.638671875,6975169
2022-11-22,169.12397766994903,172.80058686802346,165.2782352998794,168.9107208251953,9027043
2022-11-23,167.89598500029686,169.05778722378946,162.99874195679533,166.00621032714844,10643204
2022-11-24,166.917991568477,170.7637184567661,165.8738374341543,168.8445281982422,8314027
2022-11-25,166.918003136638,172.3887931641203,165.07969857015146,165.4547119140625,10716711
2022-11-28,161.770760863182,165.16793531432108,160.86630887211751,164.7120361328125,8118709
2022-11-29,164.71203159799086,167.65332193380095,162.0942997095224,165.4547119140625,9384217
2022-11-30,164.82231913778244,167.80773289078306,162.50606133760795,163.89581298828125,9060279
2022-12-01,166.18268116692184,170.74167276945585,165.13116546140017,169.8519287109375,15458690
2022-12-02,168.3886389944269,171.07256393676195,165.56501181300862,166.8665313720703,11355655
2022-12-05,166.85916540953878,167.2856639285791,162.50606920286037,164.96939086914062,10028084
2022-12-06,164.96939594843133,177.12426330427257,163.98407331044493,175.22714233398438,22825319
2022-12-07,175.74184650611102,177.93310999835566,173.90354207028142,175.97715759277344,11788560
2022-12-08,175.74186484212765,177.300749832257,172.9182375376757,175.0065460205078,7475619
2022-12-09,175.74185819225355,183.10243794340693,175.74185819225355,180.0140838623047,16487656
2022-12-12,180.15377260361714,183.8303814442752,176.8448307058877,179.3890380859375,12802210
2022-12-13,179.3890441231854,179.3890441231854,172.34466158976394,173.0211639404297,12975857
2022-12-14,183.7568484398164,184.23480181054265,176.69041221753594,178.16839599609375,26728137
2022-12-15,175.45508322336468,186.40400904017832,175.0506541206639,181.71266174316406,15981127
2022-12-16,179.41846757195455,180.0287920173548,175.00653965553812,177.37428283691406,10904542
2022-12-19,175.74184100910986,177.33748793713875,172.06523225245076,172.35935974121094,8324313
2022-12-20,170.59461399047163,174.25651526972473,168.535706190488,170.4696044921875,7039363
2022-12-21,170.4328389713389,170.74167437787656,165.69002141513482,167.6533203125,6591851
2022-12-22,168.3077454181899,168.74895181877454,163.71933820595768,163.93994140625,7073686
2022-12-23,160.41039733128608,163.241385920552,158.82945820887844,160.16773986816406,8377404
2022-12-26,159.8515670213082,164.90322006461506,159.8515670213082,164.5355682373047,7536312
2022-12-27,164.53555861201997,167.80037693035976,163.09432172711826,167.3003692626953,6698312
2022-12-28,166.03561172670436,167.153290179932,163.24874681783652,165.30029296875,5911791
2022-12-29,165.65323125354337,170.10193609547645,164.66054717725802,167.3885955810547,8392846
2022-12-30,169.27103831550934,169.70486807459292,164.89587254152312,165.66795349121094,5898582
2023-01-03,164.71940404383568,169.8593047403481,163.28552850745984,169.34457397460938,8393369
2023-01-04,169.38131153128123,172.7858622863688,165.56500045885642,166.40325927734375,11025170
2023-01-05,166.18268418507844,169.094558736865,164.71203144496064,167.8812713623047,8380683
2023-01-06,166.881234086648,169.93281075554728,165.52088300774886,167.8886260986328,8503169
2023-01-09,168.38862702168262,171.32991711802896,166.5503226048608,168.68275451660156,9403425
2023-01-10,168.6827798773796,172.55057670837536,168.02100048789464,169.49163818359375,11766608
2023-01-11,172.43290948874127,176.47717027439097,167.87391799343106,168.3151092529297,15676599
2023-01-12,169.93280352996206,170.0651593876377,164.70467141598868,165.89588928222656,8125731
2023-01-13,166.4179774523437,167.12389560328566,164.7488060833764,166.99888610839844,5889368
2023-01-16,165.44736680578524,175.65362814152914,164.82969598201973,173.53590393066406,16721455
2023-01-17,173.4403067983334,179.36699592330723,172.80058172458934,178.35960388183594,12798477
2023-01-18,178.37429161282603,179.4184456889145,175.0579883478954,175.88890075683594,6655859
2023-01-19,175.66833201039051,180.8008707687171,175.00653752946252,180.63909912109375,8770472
2023-01-20,180.15377899258195,181.84501972514903,178.06547067118228,180.66116333007812,7864392
2023-01-30,182.006790765287,182.94800483994783,179.0508078259562,179.51405334472656,11207126
2023-01-31,178.68314580779733,180.13172911113722,171.84465840834883,172.2784881591797,15632163
2023-02-01,172.28585613263738,175.6462683967838,172.28585613263738,175.1241912841797,10048788
2023-02-02,178.4110825637895,192.05129597542293,177.94047548706098,187.94085693359375,26625550
2023-02-03,186.0363543406157,188.2423105748951,183.54361697965928,185.89663696289062,11011912
2023-02-06,186.7716827392578,189.40413761400606,183.17595950172682,186.7716827392578,10998317
2023-02-07,187.2128669712719,187.35993072229692,181.74942362788198,183.565673828125,9935562
2023-02-08,182.66859727816507,185.3010522534911,179.53611945258996,180.1243896484375,8699857
2023-02-09,178.68312945358556,186.40399868555983,177.49191161999298,186.18341064453125,12891390
2023-02-10,184.8083706502264,186.60991304724703,180.21261684941896,182.72006225585938,9821834
2023-02-13,179.41846013282654,186.03635930663603,176.9919006367665,185.5142822265625,10957316
2023-02-14,184.9333696127479,191.58803079499643,180.2346608458912,182.55093383789062,12098074
2023-02-15,183.8303840727348,188.97764561154736,181.00675704632158,188.1908416748047,11491866
2023-02-16,186.85258502989723,192.5807408158497,183.8304086618666,184.63926696777344,12303681
2023-02-17,183.83038947075488,184.53630760845482,174.10944351166836,175.03594970703125,16853004
2023-02-20,173.88883730244504,176.35217407603145,172.06524072349066,175.79331970214844,8944528
2023-02-21,175.3374343104449,177.55075227687382,173.77856447985909,175.7786407470703,5977798
2023-02-22,174.24180363743736,179.05081426629917,173.98443827457098,177.14633178710938,7241904
2023-02-23,175.74184676190833,178.16840619719017,174.68298473827912,176.5507049560547,5429702
2023-02-24,177.47721469079139,178.24194923141803,174.27121277613188,174.5138702392578,5679113
2023-02-27,173.3373482675931,173.77855467933597,169.24161739318973,169.69015502929688,8338950
2023-02-28,170.57991079230078,173.08000994381015,168.3886470619271,171.51376342773438,6876981
2023-03-01,170.41814012771587,171.81525347656154,169.3445700931005,171.8079071044922,7102266
2023-03-02,175.74184954479773,177.24190283976284,172.0652406095677,172.57997131347656,9935531
2023-03-03,177.94047948070855,183.09508803004076,177.1242748105016,183.05096435546875,23063954
2023-03-06,180.88912518527042,189.34531427504777,180.15379122341272,187.4187774658203,16932712
2023-03-07,187.41874349382434,189.18350832921638,181.80823696183325,182.10972595214844,11799692
2023-03-08,182.10975329565255,186.0290047281288,181.10970762105035,183.0803680419922,8725673
2023-03-09,183.83038644934453,192.41894590437678,183.3891951941123,189.92620849609375,20857462
2023-03-10,189.0585464100173,196.08085995532028,188.60999360652238,192.0439453125,17305671
2023-03-13,191.91159086277787,195.5220221387119,190.00710832110408,193.2719268798828,11793474
2023-03-14,191.18361896462594,207.36069348334607,190.74977404755228,204.41940307617188,21849062
2023-03-15,207.8312865355001,208.0224739586525,198.91183734475703,200.00746154785156,16633293
2023-03-16,199.05890489950852,202.06637309724914,194.0881378327165,196.3308563232422,14344564
2023-03-17,200.9339785653516,201.18399756207364,194.12490673944123,198.53683471679688,14043292
2023-03-20,197.94120374176697,207.51510084241463,195.85289545809076,203.89730834960938,17680738
2023-03-21,201.69869801215833,204.77970553735994,196.9044106749166,201.3236846923828,12521838
2023-03-22,201.47811309751597,202.1472539276445,194.86021395162305,196.71322631835938,11753120
2023-03-23,194.80875553490492,199.7868842945283,194.0587288389219,197.32354736328125,14188104
2023-03-24,196.3308461480787,196.3308461480787,188.9408662901018,190.45562744140625,16590144
2023-03-27,190.44827405343483,190.44827405343483,184.3965760423754,185.60986328125,13997773
2023-03-28,184.78629434667528,186.62459867715663,181.74206431423423,181.87442016601562,9309458
2023-03-29,181.918556962562,200.0589441326992,181.3891183700671,199.911865234375,29053868
2023-03-30,198.5294643117938,200.3751150463572,191.19830111727472,194.1028289794922,19266489
2023-03-31,194.2719573329071,197.71325516607692,191.55127036511146,195.4852294921875,12749266
2023-04-03,198.61035084714237,207.2724341328019,197.80149268301497,205.80914306640625,22867872
2023-04-04,203.68406840851074,218.1405003191305,203.31641660320233,208.33865356445312,22572577
2023-04-06,208.33865560750831,229.17031422739896,208.0959981429896,226.05990600585938,28874040
2023-04-07,226.05991266033794,230.6115579129603,224.7216309539545,229.90565490722656,17029795
2023-04-10,230.30271073075028,234.47934243125056,218.3905015550218,220.37586975097656,18824798
2023-04-11,221.199449035998,224.1627936170411,214.00800246182743,217.21400451660156,15661363
2023-04-12,217.74341453508964,221.22883600109932,212.10350686692436,217.80224609375,12046255
2023-04-13,215.3757178720438,215.99338873887942,208.93429744566058,210.30934143066406,14280954
2023-04-14,220.59647754315438,231.3395233154297,219.49349182306395,231.3395233154297,22347234
2023-04-17,240.4501766046383,249.13431529232508,237.88389954917525,241.84727478027344,27917314
2023-04-18,239.8692533781116,241.15606501377445,231.62629133236175,237.14120483398438,18109962
2023-04-19,235.2955580020272,245.2591615983432,235.22938006887816,240.891357421875,21642418
2023-04-20,236.49410353660184,260.9361918685047,236.03820441237627,258.83319091796875,23704922
2023-04-21,256.6198831417808,263.2671832417587,247.11217853231454,248.00192260742188,18114063
2023-04-24,249.2740194337032,251.88440487632684,242.19287462520728,244.79591369628906,14721466
2023-04-25,248.02395506113075,251.62702442238407,239.12656053387806,243.30319213867188,17747899
2023-04-26,241.45019002526922,248.8916401441123,235.27348212023432,246.32537841796875,18059268
2023-04-27,242.2737598097258,256.9801958854419,239.8471851336201,247.2886505126953,15776533
2023-04-28,247.29599425401904,253.060911560231,241.84725871591135,245.97976684570312,15081975
2023-05-04,246.170972712343,246.170972712343,234.6484836080956,237.0088653564453,12263995
2023-05-05,235.3028941535008,242.10461911214728,234.9425887226371,236.86912536621094,10486432
2023-05-08,222.17005636389393,231.31745516583013,216.9419240164583,221.50091552734375,20892047
2023-05-09,221.50090399541693,228.78058214375162,221.33178598900793,221.46414184570312,11187639
2023-05-10,219.83174552173583,220.5891185561941,210.30197181446428,212.87559509277344,14762267
2023-05-11,216.78015414319532,217.81696194596375,211.03729103743746,213.0226593017578,7596192
2023-05-12,213.98591828871082,219.3831836063945,208.46365863051062,210.08135986328125,10112899
2023-05-15,207.3606813464326,212.89030274706445,205.96356810611957,212.3020477294922,9651398
2023-05-16,212.30206090399878,219.7655658365457,209.8093232961272,218.353759765625,13130147
2023-05-17,217.89786224029237,224.89812167247004,216.91988593338218,221.15533447265625,9824294
2023-05-18,219.86115324175188,223.90542934313896,219.2214281608865,221.50828552246094,6534121
2023-05-19,222.80243129875265,224.78779951344168,218.566983146658,221.5376739501953,7611138
2023-05-22,221.69210002300997,223.4642265622464,217.6551856483282,218.6184539794922,5002371
2023-05-23,217.9199046902356,217.9199046902356,213.7800500944673,214.33154296875,6042763
2023-05-24,214.21387309966087,222.07446018280942,212.21379698371058,218.76551818847656,9476289
2023-05-25,218.0375609623517,220.52295217699773,216.19190998862385,219.97882080078125,6019204
2023-05-26,220.9641519568045,224.77311717819768,219.14055517581806,221.77301025390625,6221529
2023-05-29,223.1701035230249,227.49378396912567,219.9273242545021,223.9421844482422,10437132
2023-05-30,221.69208759930643,225.47899792798123,217.33897655671103,224.35394287109375,10121801
2023-05-31,223.54512193899015,227.49378914313638,221.3318040499621,223.13333129882812,7008148
2023-06-01,220.5891081225005,221.19207100237628,216.33159066610236,218.1331329345703,9472366
2023-06-02,218.28021092980944,221.6994546450593,216.10365520553492,219.2655487060547,7436161
2023-06-05,235.22937105062974,241.19282205997635,231.7586422905412,233.09693908691406,22207680
2023-06-06,230.52332148973844,233.17046907306104,226.34668965225302,227.58203125,12427407
2023-06-07,227.58203543620243,229.95712496280186,224.28043969425036,226.4790496826172,7987701
2023-06-08,225.9128424905299,225.98638194068457,219.86114405552559,221.9935760498047,7415648
2023-06-09,221.99358014245215,225.7437286376953,218.79493966564254,225.7437286376953,9383295
2023-06-12,224.18484836179684,233.08959001466414,223.5451232826701,232.2145538330078,10417558
2023-06-13,231.41304518008496,236.20734770852764,229.05266364048268,235.67056274414062,8966268
2023-06-14,234.1925623534851,237.42061849242052,232.58220746966862,232.8028106689453,7626468
2023-06-15,232.8028239980497,235.39115524272907,230.2659627969065,233.42784118652344,6980409
2023-06-16,231.8689665697462,235.72940177260705,231.25865724472453,235.5970458984375,6902192
2023-06-19,234.27345110815017,235.1043635807612,230.41301624970998,232.04542541503906,7012781
2023-06-20,230.15565557028526,231.6262931232254,227.94968409371722,228.66294860839844,7356918
2023-06-21,226.40551809611364,228.66294442651835,216.56690912011888,216.84632873535156,12018681
2023-06-26,216.1845529553567,221.24356768811515,214.1256602409874,219.23614501953125,7811473
2023-06-27,219.23614601998133,225.00842534234994,218.3905255787882,221.31710815429688,6274018
2023-06-28,221.33178178024986,238.97949155474842,221.31707389121263,230.9130096435547,14490322
2023-06-29,230.59683490569165,234.27344374498173,227.94967230019884,229.26589965820312,6315781
2023-06-30,227.98645250622025,235.2881850911851,225.78048111563882,233.57489013671875,6844678
2023-07-03,237.49416892419865,238.96480649686217,219.78026438303422,223.47894287109375,14695986
2023-07-04,222.73625485413743,228.51588000590186,221.33179526351262,225.4054718017578,7147692
2023-07-05,223.5524682449289,224.4936823547966,216.18454216162746,216.9198760986328,9878635
2023-07-06,215.81688568005373,216.18453749345946,210.3093185260669,213.23590087890625,7382097
2023-07-07,211.85348816597363,211.85348816597363,208.57396200384235,209.66958618164062,5850752
2023-07-10,208.8386874411444,211.76526988455387,208.33131822876177,210.65493774414062,5179160
2023-07-11,210.44902801806785,216.26541520658083,209.57399189363505,216.01541137695312,8531281
2023-07-12,215.44921191917945,215.44921191917945,208.83132801518198,209.39016723632812,8320780
2023-07-13,210.00514493564293,214.04100500096234,209.64426036665628,213.2308807373047,6783856
2023-07-14,213.87162230266912,220.2789315147545,211.93469711071901,220.1316375732422,13121962
2023-07-17,220.94174331356754,222.4146826052017,211.05827363702062,212.61959838867188,13823584
2023-07-18,212.1040526020996,214.22509115590825,210.26287098414755,211.0435333251953,7609756
2023-07-19,209.9904075323733,211.7358459949348,201.0422667287203,203.7303924560547,13705714
2023-07-20,203.70829008930517,205.32853857913466,202.16169615395245,203.9807891845703,6082144
2023-07-21,202.5152060986007,202.5152060986007,197.5071970717075,198.39096069335938,8419046
2023-07-24,197.37463915028934,198.965410676232,196.4908603349142,196.9622039794922,4158244
2023-07-25,198.8402153093495,205.27697096569145,197.29362138785874,202.1690673828125,7502380
2023-07-26,201.0127912260902,207.16970467876564,200.7034724624786,204.56259155273438,8288839
2023-07-27,203.2737762055632,204.3637422174897,201.07908292945388,201.6682586669922,4478157
2023-07-28,201.68297447070609,205.3285180372416,201.24109270065094,203.26638793945312,5429542
2023-07-31,203.26640683475537,209.89466434346306,202.5299371495358,209.03298950195312,9469685
2023-08-01,208.92252439581063,208.92252439581063,205.07077791255415,207.4495849609375,5811916
2023-08-02,206.2122848460397,210.39543840388166,205.48317308700248,208.63526916503906,7065831
2023-08-03,207.18442876879206,211.53698041403013,206.8014706117184,209.01089477539062,5233954
2023-08-04,209.40121737338856,210.4838407090731,204.90137165408808,207.32437133789062,6514936
2023-08-07,206.55843622306483,209.1213567587538,206.23438653210124,208.495361328125,3781355
2023-08-08,208.0460930900083,209.879916873845,207.66313495225464,208.70892333984375,3476116
2023-08-09,207.83253576984734,208.41435365286392,204.96029638834494,206.5952606201172,4324089
2023-08-10,206.5657996161949,212.7521753893407,206.54371083517154,209.64425659179688,6256249
2023-08-11,209.7105362689584,210.60167293513086,205.18124389648438,205.18124389648438,4856808
2023-08-14,202.84660438604274,203.63463980787455,200.85077087322267,201.06434631347656,4412475
2023-08-15,201.80082445126442,203.17803565183476,195.57027121944427,199.59141540527344,5177587
2023-08-16,198.86965843716786,201.20428777424385,192.55073500800214,192.62437438964844,6334748
2023-08-17,192.42554331578697,197.24943896051792,191.04097416949259,194.51712036132812,4873651
2023-08-18,194.2814465355716,194.93690379755597,189.2734375,189.2734375,4577839
2023-08-21,190.44441537393993,192.6538395960029,188.22763328192926,188.29391479492188,3854326
2023-08-22,189.33234274092524,190.84211694957813,184.36115348178234,189.82577514648438,6072780
2023-08-23,189.83313925285609,190.10563832899823,184.64100175061907,184.94296264648438,3525290
2023-08-24,186.34226874723194,193.21354815199552,185.244914536644,191.35763549804688,7299845
2023-08-25,189.09668174119014,191.07778443794953,188.06560900994364,189.2734375,4533547
2023-08-28,200.48253513830244,201.90393905860745,185.57634035842176,187.0640106201172,9309520
2023-08-29,184.33168867209008,192.97788345915478,184.2064986907017,192.52127075195312,7489729
2023-08-30,196.26992098191982,202.4415505636602,194.42873919363456,197.48509216308594,11846397
2023-08-31,197.3672592117421,201.0864424638896,194.42873836955494,199.77552795410156,8381522
2023-09-01,201.77873935290614,208.7678663457919,200.58565692921164,201.07171630859375,10156946
2023-09-04,202.57413208681874,203.2664090472004,197.4482757143399,199.58404541015625,8600368
2023-09-05,200.19532388642747,202.14696476879274,198.75920420072632,199.80499267578125,7975354
2023-09-06,198.86965568203627,206.5805210944933,198.11109724143355,206.5068817138672,14107153
2023-09-07,203.99551762914817,204.223823988967,194.59812201435008,194.79696655273438,12988746
2023-09-08,193.50814761220335,197.74286739330458,192.95580670980723,196.26992797851562,6826950
2023-09-11,195.16521440542732,197.35253473020393,190.79793162600444,195.98269653320312,7322800
2023-09-12,194.5097538794892,196.1741799294868,194.3403559897937,194.42874145507812,3629178
2023-09-13,193.41240245819083,195.378774128599,190.024626930856,191.22506713867188,5202801
2023-09-14,191.23979656201476,192.21930345483577,184.85457674324692,185.5615997314453,8875175
2023-09-15,185.65734255248108,188.24235172978,182.49787340612477,183.4921112060547,8611670
2023-09-18,181.90870384979232,184.20649829113242,180.43574935917,180.7892608642578,6286632
2023-09-19,180.78926293819973,181.30479929146136,170.53020784104413,176.67974853515625,11726098
2023-09-20,175.8401628951702,177.43830738889187,172.02523635074655,172.31982421875,8939057
2023-09-21,171.59808288563863,173.2919706866867,170.71431929488278,171.16355895996094,6196652
2023-09-22,170.86162273018047,173.071047000826,169.66116725823736,172.7028045654297,9284255
2023-09-25,172.3345600599291,174.48506066040193,170.61122553406202,173.071044921875,8740993
2023-09-26,171.96633977353537,173.94008469401666,171.30350943925086,171.3108673095703,5752424
2023-09-27,171.30349586346637,174.2493896846543,170.22088773510265,171.56126403808594,6506939
2023-09-28,171.59809410435804,182.56417279731204,169.9042061925672,177.7108154296875,15432412
2023-10-09,176.18630506611737,182.29902568556776,175.69285752409778,181.35633850097656,9603376
2023-10-10,180.43574858651348,184.77356927694456,179.8981234614746,182.53469848632812,8522328
2023-10-11,182.53470120940966,183.00604483091817,178.08640621139315,179.91285705566406,7833450
2023-10-12,180.95128275913183,187.88148566054858,180.52413188044642,186.6810302734375,11369404
2023-10-13,184.0297382276189,184.06655791703395,177.88755561764427,183.16070556640625,10381945
2023-10-16,182.79247143880556,183.01341992703334,178.28525274840442,179.03646850585938,5850801
2023-10-17,180.18536746256453,183.63942483345323,177.85811102969498,181.66567993164062,6499017
2023-10-18,182.55677791923574,186.75467750393062,179.55934884546537,179.86866760253906,10001784
2023-10-19,178.6829629266545,183.97082902958843,178.3736441353834,179.05856323242188,6351910
2023-10-20,176.80495743734645,180.20009102429637,175.6486947237541,176.56192016601562,5291546
2023-10-23,176.55455047831842,177.1216374555271,171.5980919647585,172.7764434814453,4825741
2023-10-24,173.21833868925597,185.95930225953717,173.0784026211991,183.74989318847656,12768038
2023-10-25,184.86195095124688,185.2964748667024,180.65669336808733,182.65252685546875,7527174
2023-10-26,181.03229727238556,184.1181119595873,179.3310516075603,183.6246795654297,7166790
2023-10-27,181.76141091729622,187.06400766844487,180.8113506385066,185.4364013671875,8231857
2023-10-30,184.1181160732897,191.68906072030515,183.45530095315402,189.86260986328125,10885868
2023-10-31,192.95580534188238,194.91481930092357,186.21707343254653,188.53695678710938,9518341
2023-11-01,188.2055490112759,188.2497417446186,184.13285411614427,185.9224853515625,6935292
2023-11-02,185.59105660024005,187.04190705620186,183.50683772210675,184.26539611816406,4847138
2023-11-03,184.53054238434524,190.0098946928543,183.91190485461905,189.30287170410156,8372277
2023-11-06,190.7684613097883,191.11461494955742,187.49115990361037,190.5548858642578,8702307
2023-11-07,190.0099098880495,191.77007928947674,187.65319168851389,188.7947235107422,7364498
2023-11-08,187.88885012833447,195.53343354920628,187.4616840982739,191.4607391357422,10980393
2023-11-09,190.1277390669871,192.40344480619905,188.80209363384765,189.3102569580078,5972813
2023-11-10,190.08354767636,191.1809019271939,187.80048405107155,188.54432678222656,5508934
2023-11-13,189.045121375383,190.73163611064624,188.27181686688616,189.36915588378906,4621513
2023-11-14,188.39702247798812,190.55488082739456,187.85202431756517,189.29551696777344,4068027
2023-11-15,190.23083866966957,190.70955533908798,186.34963056675969,186.91671752929688,5947717
2023-11-16,186.23915010033178,186.91671128478075,181.31952674145188,182.64517211914062,6769406
2023-11-17,181.9160645348623,184.69993354606538,181.2532342452809,181.90870666503906,4784516
2023-11-20,181.9160503914335,182.3284703411106,178.3146995665648,178.4546356201172,7487120
2023-11-21,178.49148421979643,179.89078429851847,176.90069745915378,177.15110778808594,5867997
2023-11-22,176.0242941480998,176.93751958583215,173.39507690879697,173.51292419433594,6256715
2023-11-23,173.07104492745665,175.7812594590644,171.86321642900748,175.7223358154297,5306548
2023-11-24,175.26571980984787,175.79598708003837,173.21833562398217,173.62338256835938,4533781
2023-11-27,172.67333004058315,177.0995361263708,172.22409038356605,177.0921630859375,6369741
2023-11-28,176.38516211084107,178.152689329286,175.5013985016186,176.96697998046875,4430053
2023-11-29,177.26891912347668,178.17478665028298,173.6970299576382,173.82223510742188,6043993
2023-11-30,173.0710467661046,174.15365494789827,171.96633463228005,172.7396240234375,4906660
2023-12-01,172.85009327865404,173.66021750950912,165.91989009706393,171.48025512695312,9504172
2023-12-04,170.8542529425608,173.51293212476364,168.880508040828,168.95416259765625,5584941
2023-12-05,168.630108471132,168.6374663411888,164.89619422399946,164.93301391601562,5413313
2023-12-06,163.496883016937,166.0892652670253,163.496883016937,164.2333526611328,4894172
2023-12-07,164.07133365256237,164.14498820503178,157.1779502303776,159.4610137939453,10078869
2023-12-08,159.4610023209871,164.95510055961768,159.4610023209871,163.666259765625,9384311
2023-12-11,162.42164212427673,168.48281267644845,160.9192409295573,167.9157257080078,8420174
2023-12-12,167.1792404268273,168.3944266744178,166.16291387128945,167.44436645507812,4721105
2023-12-13,167.3044635953627,169.9778584572019,166.22921328621493,166.96568298339844,4256940
2023-12-14,167.8273487976282,168.6374578354544,165.63265556447536,166.4059600830078,3856033
2023-12-15,167.0319595021985,167.84208373030518,164.97720228161805,165.70631408691406,3875692
2023-12-18,164.60161565560637,166.03037756364893,162.46584583488243,162.80462646484375,4682437
2023-12-19,162.22279315056258,172.71015457618233,162.08285708705472,168.72584533691406,10943148
2023-12-20,169.42549446750468,170.8984337929818,167.3707372815746,168.87313842773438,7056100
2023-12-21,168.8804958607363,174.74282166853268,168.50489557516767,173.77804565429688,10266708
2023-12-22,173.40981199228156,173.77068138576385,169.38868288987916,170.12515258789062,6395184
2023-12-25,169.3886833850766,171.4066058122674,168.65219851404592,169.5065155029297,3290383
2023-12-26,168.88050014101822,169.22665378561905,164.96983021346492,166.0671844482422,4444640
2023-12-27,166.07454493480716,176.7386624720661,166.07454493480716,175.7223358154297,13052187
2023-12-28,175.19208462291715,182.64518220927164,174.7207409839712,180.8776397705078,10718030
2023-12-29,180.8923671689248,182.2695783669886,179.24267205008084,180.95864868164062,6258847
2024-01-02,180.97337483878383,181.10593786073346,176.27468474583407,176.97433471679688,5544099
2024-01-03,176.39252217336718,181.6141218126192,175.58977097688802,177.10690307617188,5820930
2024-01-04,175.9800986153739,179.3089506198253,173.16676779348802,173.9916229248047,4729212
2024-01-05,173.80750902483902,176.71656800379137,170.83952640414836,172.4302978515625,4466190
2024-01-08,171.96633023198154,173.07104233753853,166.47960456635,166.57534790039062,5080193
2024-01-09,167.5916665746219,168.9099540661891,163.98295772833922,167.97463989257812,6147048
2024-01-10,167.17926110487315,170.81743208662374,164.5132240705716,167.03196716308594,4922283
2024-01-11,167.02460019464033,172.99002726837028,166.48697506077283,171.30349731445312,6110149
2024-01-12,170.83215622063028,172.06943135090418,169.16037232329845,170.8616180419922,3614687
2024-01-15,170.49337865592318,174.9858665385899,168.3576089612334,170.854248046875,5094647
2024-01-16,176.7533829779568,180.43574638756965,175.2804436824577,179.70664978027344,13133618
2024-01-17,179.52251583107335,180.95863539563007,177.26891422246416,178.447265625,8232849
2024-01-18,177.4014906469613,189.11141169277585,176.76812216896604,188.36756896972656,16883602
2024-01-19,187.13767924825336,189.01568085486932,183.66151784482543,184.6336669921875,8726057
2024-01-22,184.63363851226617,188.66214021434925,182.49786903654876,184.26539611816406,11432989
2024-01-23,182.50524596258185,187.3806920264038,180.86292385422962,184.1107635498047,8791653
2024-01-24,184.11810339909374,186.44535954180245,177.6592443321071,185.67942810058594,10423038
2024-01-25,184.11811283510565,188.53694596537818,182.98395411011742,187.21865844726562,8270931
2024-01-26,185.53212882795694,187.41750314302297,181.9086892888745,182.27691650390625,7219473
2024-01-29,182.20328603940982,184.58945069727716,176.82703493343075,178.00538635253906,6781650
2024-01-30,177.38675479247354,177.38675479247354,168.3428709364109,168.9099578857422,7666119
2024-01-31,167.1939848853983,170.7143235977517,165.0361264546173,167.7389678955078,7485659
2024-02-01,167.56958580829675,176.856507162457,167.4002030916332,173.51292419433594,8744743
2024-02-02,172.9237357178277,174.91221146808434,165.72840635925968,170.41973876953125,7886662
2024-02-05,168.03354945679246,180.43574690739314,167.70214190706668,177.45303344726562,11412350
2024-02-06,175.4277272076147,185.20807995974482,175.36880357094336,184.8545684814453,10463227
2024-02-07,184.30960567314324,186.19498020235113,181.65829963780283,183.46266174316406,7992923
2024-02-08,186.327541264588,190.59908056097393,183.08705951574143,184.3390655517578,10134745
2024-02-19,190.00988557728496,191.39445449782642,187.071349866627,190.37811279296875,9216880
2024-02-20,189.64165742706737,190.89366343028115,185.9298321481367,187.87413024902344,5949509
2024-02-21,186.80624556660348,194.7233288456711,185.5910743743319,191.85108947753906,9521297
2024-02-22,192.2193211857483,194.85589638314218,191.49022452185378,193.72909545898438,5818586
2024-02-23,193.75117173133617,195.53344499012854,191.16616247541683,192.70538330078125,6320184
2024-02-26,193.17673405785848,194.2225225270786,189.85523985089844,190.40023803710938,5867444
2024-02-27,189.35444853885403,197.7207714180146,188.97884824320536,197.5219268798828,7658267
2024-02-28,198.074271433348,200.08483582028416,192.36659760563276,192.53599548339844,7068317
2024-02-29,195.90167012752744,211.29395407003838,195.63654408789654,209.20236206054688,15774346
2024-03-01,210.6311236046733,217.11208685559805,209.32756701654387,215.16043090820312,12814349
2024-03-04,215.48448968106123,219.15948021040418,212.10407185279266,215.1751708984375,9192640
2024-03-05,214.29875427006633,216.39770412920095,210.63847966641623,214.40185546875,7324862
2024-03-06,214.38713120238367,216.19149326045255,212.10406765460345,214.31349182128906,5385947
2024-03-07,216.3535261776761,222.1053779929475,213.49601770143406,214.51234436035156,8780377
2024-03-08,216.51555202294847,222.8933993136789,215.86009475192387,222.31895446777344,10987330
2024-03-11,220.23472176291799,226.39163534993125,219.84439057244234,223.65931701660156,7733840
2024-03-12,221.67821518180367,226.089675231364,218.8796153287765,219.770751953125,10013306
2024-03-13,220.9417583668837,222.19374926464147,214.0483747048152,215.418212890625,9180888
2024-03-14,215.04261493481542,216.36826040207822,212.1482715514621,213.41500854492188,7528216
2024-03-15,213.4149811218372,213.72429987487212,208.27439442357533,212.8626251220703,7730467
2024-03-18,212.14090043749465,220.0358794452563,212.10406557644276,219.5129852294922,8938067
2024-03-19,218.73232922711958,221.5309291803157,217.20782409519322,217.31829833984375,5963673
2024-03-20,217.18572457866082,219.1521114211209,214.86584141000517,218.1431427001953,4243336
2024-03-21,221.4572889401906,225.86139156238895,220.2052828185848,221.7518768310547,7664299
2024-03-22,221.75185653459965,233.45440418212468,221.1847695867871,230.15501403808594,12097989
2024-03-25,229.67629772744183,240.45826210925105,226.76723877431513,233.31448364257812,10011343
2024-03-26,233.8300051764773,237.88061107370356,227.34168393953104,228.95455932617188,8524377
2024-03-27,230.09611027967608,230.88414577894167,224.31479640203597,227.2386016845703,6926095
2024-03-28,227.2238511043993,228.05606409542492,222.78292919569367,225.86874389648438,6711803
2024-03-29,225.43422150959793,229.41117286968515,222.04644588124728,225.0659942626953,3857976
2024-04-01,226.83352661132812,232.40126471028967,225.72881450379145,226.83352661132812,6738111
2024-04-02,226.0970505394884,227.55525895036382,217.99585393130232,219.91067504882812,8991126
2024-04-03,219.86649222349342,222.41468173936016,215.79379765148482,219.23312377929688,5871343
2024-04-08,222.41470195058145,225.76565809409288,220.27893220651254,221.07432556152344,6254917
2024-04-09,219.83704290733903,221.82551864183583,216.53763748005045,220.2568359375,3889999
2024-04-10,219.58663174803968,220.94175416795542,212.81845337272048,214.5196990966797,5501945
2024-04-11,212.92155975082224,216.51555312551793,212.7521770296498,214.14410400390625,4357359
2024-04-12,213.56229545650504,215.63914147061237,211.51489609289683,213.5770263671875,4791688
2024-04-15,222.41468180436124,231.98881750724016,221.81077517987922,230.53060913085938,12228016
2024-04-16,228.31384082719805,231.25236170620866,226.31799204534576,227.59210205078125,6936730
2024-04-17,227.79830629126067,229.38909296519333,225.36059084833605,228.85882568359375,7500173
2024-04-18,226.83353223130416,231.10507166013528,224.683031605809,224.7861328125,7280892
2024-04-19,223.88763315318783,225.00707617363085,217.62761809271157,219.8223114013672,6295245
2024-04-22,216.51555347878377,221.13323139988995,214.4018725414029,219.40989685058594,5335355
2024-04-23,219.46880275794743,224.2558785153943,219.06374063436456,223.04806518554688,5506103
2024-04-24,223.8876148500194,227.42268420954088,222.76081405175535,224.62408447265625,4507392
2024-04-25,223.42367207070714,226.45056335455186,221.08905776693663,225.61099243164062,4055235
2024-04-26,224.6977456613499,231.91517851823323,224.6977456613499,231.001953125,6777039
2024-04-29,230.6631672831064,239.04422047015103,229.9119667458398,237.88059997558594,8357548
2024-04-30,238.11628101914653,238.6023555589979,231.33337175441164,234.93472290039062,8151171
2024-05-06,237.9542447399311,239.94272036497472,233.90365411084636,234.78005981445312,5581560
2024-05-07,234.12459137480994,236.02469674299044,230.5158824713275,233.53541564941406,5143913
2024-05-08,232.72532165837043,234.56648833383332,229.37436553995676,230.37596130371094,4104564
2024-05-09,230.3685769986783,231.66476049543832,228.31381993241263,231.27442932128906,6543643
2024-05-10,231.39227621280608,231.60585164366407,210.63111498255694,219.4319610595703,20004224
2024-05-13,216.52289826961027,220.6471435174829,213.5475578227391,214.75537109375,10998786
2024-05-14,216.4492601170328,217.73808581612383,209.0329825668215,214.534423828125,9117905
2024-05-15,212.1040716051157,217.62761695384222,211.36760192612533,213.6138458251953,4481865
2024-05-16,215.04995193278907,217.25937600131917,212.83316999482258,214.91738891601562,5473908
2024-05-17,214.31349182128906,215.37401117345584,212.24400371789486,214.31349182128906,4146271
2024-05-20,213.37816329029152,215.99264957587565,212.428118176896,214.16619873046875,4615652
2024-05-21,213.46654314449393,219.7486466954239,213.37815768411645,217.8485565185547,6736240
2024-05-22,217.9663966205975,218.34935478368018,213.87161308631812,215.90426635742188,4502590
2024-05-23,215.92637030875935,219.96960324136083,214.68172214429273,215.90426635742188,5090272
2024-05-24,214.87319174368122,216.11783980928425,211.36758422851562,211.36758422851562,4424976
2024-05-27,211.3455153127341,223.93182700979608,210.32181562155066,223.88763427734375,10490269
2024-05-28,225.94976661752577,230.51589388632075,223.5341399554363,224.60939025878906,9632256
2024-05-29,223.59305364886194,224.8892524758759,218.31254534455573,219.98434448242188,5577056
2024-05-30,218.73233333111244,222.8565787848993,218.00322150777777,220.86810302734375,4764325
2024-05-31,220.73553707729695,220.7944607203336,216.04420471191406,216.04420471191406,5719709
2024-06-03,216.53763877210994,230.5085195992593,216.5229078612387,227.48162841796875,11286986
2024-06-04,227.48163187546865,231.91519615998922,226.0970627703203,230.59690856933594,6134535
2024-06-05,231.25236704189146,234.66223163358998,230.59690976366036,231.97410583496094,5994561
2024-06-06,233.48387100880998,240.09002447910333,233.09353980514211,235.70065307617188,10833212
2024-06-07,235.70066001136377,241.44513882049228,231.30391543833213,234.4854736328125,9278367
2024-06-11,237.1441417900821,243.03591426624334,237.1441417900821,240.6865692138672,10396409
2024-06-12,244.72980030216382,245.09804271650702,237.88060972812974,239.3830108642578,7830595
2024-06-13,243.03591149183973,247.23381128023956,240.2225807227249,241.71026611328125,8745098
2024-06-14,240.8191369190993,245.1569577317984,236.42239246385523,237.7333221435547,11151087
2024-06-17,237.9026943978374,248.765670968332,237.9026943978374,245.4957275390625,9738879
2024-06-18,245.24534269184082,248.3753501928646,243.37469909526982,245.8345184326172,5504637
2024-06-19,246.3574182858294,248.04393312376428,240.09003009995158,242.18898010253906,6755811
2024-06-20,241.56297754983638,248.70675611598915,240.99589059327178,243.44097900390625,7548714
2024-06-21,240.16366131673428,244.43520029066747,239.16942353537283,243.11691284179688,5386959
2024-06-24,243.10220360085057,246.42369781801145,238.98533122439733,239.8690948486328,5104219
2024-06-25,238.61709279868734,239.72180493294783,230.22130788586682,231.7237091064453,7410904
2024-06-26,232.445439455501,237.75540930892512,229.28597014823848,235.33978271484375,6455571
2024-06-27,234.2056053063599,238.54342602489064,231.56904543529248,235.42079162597656,6314703
2024-06-28,233.46178283406005,237.14414639219677,232.4380831555091,235.59017944335938,5292022
2024-07-01,234.86108628435673,240.67184653783553,231.90781931919304,239.25045776367188,4962328
2024-07-02,239.39774999761582,240.20050119367136,231.5837679740237,234.2056121826172,5096395
2024-07-03,234.17615986954644,237.5123697290314,230.20656637576957,235.19984436035156,4126327
2024-07-04,233.61256649425323,236.82405714727633,232.82261683738756,233.8783416748047,2857083
2024-07-05,233.84880130839085,234.291780207845,227.97951338673695,232.0621795654297,4371611
2024-07-08,232.2762737840224,237.64354521788098,231.65612158544738,233.73806762695312,4919736
2024-07-09,234.04814561922714,240.67784915722214,232.08432016918337,239.7845458984375,6920081
2024-07-10,239.11270611175547,240.53018376355334,234.254842333045,235.9381103515625,5809283
2024-07-11,238.60329262962367,238.90599284492302,222.257876411698,231.27960205078125,14517724
2024-07-12,229.60372179678964,243.6309505555854,228.1271609956471,242.57521057128906,12264556
2024-07-15,243.63094399618822,248.72504896736135,242.66380589832403,247.21157836914062,8376129
2024-07-16,246.58405019593673,258.3964450334823,245.6464308431706,256.6024475097656,10646318
2024-07-17,256.4326477775818,261.3421886011108,255.31047918432552,256.6246032714844,8352725
2024-07-18,254.3359517293499,263.42413651121103,251.50098106417852,262.5751037597656,10149343
2024-07-19,261.718700797976,265.1147708480092,259.2824081892239,262.08782958984375,8696242
2024-07-22,264.30264973265395,264.93019297973126,258.72128033647635,260.9139709472656,6566989
2024-07-23,259.5112581590282,260.61128385769945,247.69147198951964,247.74314880371094,8757296
2024-07-24,247.3223189388462,249.70694985275824,244.00008389546744,245.46925354003906,5517701
2024-07-25,243.63833354186278,246.07464129347923,240.41945208951987,242.89266967773438,5228454
2024-07-26,241.43088476933463,248.06060340064306,239.42278883893377,245.07058715820312,7413769
2024-07-29,245.07058785138372,251.82581820045274,243.85244153139365,247.08609008789062,5961940
2024-07-30,245.59475795584814,251.38285007253828,242.47924526906786,248.0901336669922,5171967
2024-07-31,246.58405117059735,254.17351663263986,245.3954236315781,252.93321228027344,8008023
2024-08-01,253.952055967108,259.98375021866366,252.17281010964368,254.87489318847656,6834505
2024-08-02,252.12113497637847,256.4105084460422,247.8243704140733,248.74720764160156,6046547
2024-08-05,245.10011763152463,249.16064078103778,238.31536865234375,238.31536865234375,7892517
2024-08-06,242.3758726782877,243.3577777525128,233.8857129341142,237.4368133544922,6087636
2024-08-07,238.64759017733383,241.38659822110455,234.77902247357395,235.5468292236328,4567637
2024-08-08,233.30247734811113,240.65570179133866,229.4560677057436,236.98646545410156,5994459
2024-08-09,239.93957186709335,241.92554014162445,236.0119514563296,236.8905029296875,4352427
2024-08-12,235.36226810871702,237.78380899851624,233.33201408777032,234.79379272460938,3197172
2024-08-13,234.11459982262863,236.75761508593064,232.9776489961505,235.83477783203125,3070207
2024-08-14,236.0857614518903,237.79856339808646,232.09907329754049,232.8890380859375,3126390
2024-08-15,231.84808463323512,234.77165720636557,230.1943504524769,231.7890167236328,4599312
2024-08-16,231.78900551434052,235.41394090265337,230.04668476144695,233.33938598632812,4168381
2024-08-19,233.66423852547953,236.15961435845873,231.5896835250934,233.44276428222656,3737610
2024-08-20,234.033384289775,234.4025131006238,229.6037321035217,231.40512084960938,3371286
2024-08-21,230.34199662428156,233.20650118342058,228.93927069443234,231.0507354736328,3351487
2024-08-22,230.482251585936,231.96618822975566,221.46791742065892,226.8942413330078,7931042
2024-08-23,225.21098841574545,226.40699191355066,221.48269924191635,222.70823669433594,6296915
2024-08-26,222.70822194996714,225.12237164770508,221.85181336289685,224.14785766601562,4723370
2024-08-27,222.59010413799894,223.8082657236222,220.1537961747622,221.95518493652344,3508130
2024-08-28,221.4826880959109,225.1740520367012,219.27523040770552,224.3545684814453,5639076
2024-08-29,223.41697050318638,231.47893390574487,222.22096703247843,225.3069610595703,7506066
2024-08-30,225.30695158073152,239.821444573299,225.1740487935693,234.9783477783203,10721180
2024-09-02,236.24819043588772,238.02006034262183,226.65798961941564,226.9459228515625,6625029
2024-09-03,227.3962587968169,230.34198923824752,225.91971323801084,229.96546936035156,3887311
2024-09-04,226.65061586102374,228.9023593011144,225.54319905992878,226.34791564941406,3522803
2024-09-05,226.34791708148197,227.51440179700552,220.74440445713873,223.44650268554688,5295435
2024-09-06,222.95924291060078,225.14454262050413,220.006136427597,220.07997131347656,3830434
2024-09-09,218.60340528248972,222.6639285013016,218.01278704150087,218.58863830566406,4307195
2024-09-10,218.55912720802118,225.55058380718506,218.1678403284725,220.53770446777344,6948346
2024-09-11,220.08735118508693,222.22097411753128,217.64366735035972,221.82229614257812,3595753
2024-09-12,222.87063269577948,223.69750734659758,219.34169027520437,220.10948181152344,3545398
2024-09-13,220.01353230589686,222.2209749255754,216.30738594635295,216.32952880859375,4689424
2024-09-18,217.06041322138813,218.1604389213139,215.05967798621097,217.5550537109375,2989186
2024-09-19,217.93897124800148,219.65175809417906,212.61600068384584,215.9530029296875,5334257
2024-09-20,214.64625492570912,217.05302886526428,209.52263094346534,216.6248321533203,6599489
2024-09-23,215.05230171928213,217.7913097417514,207.82458904523074,209.56690979003906,7661812
2024-09-24,211.14682811957925,217.87990042969201,205.3365930131246,217.85775756835938,11168396
2024-09-25,220.07996696086045,223.49078883682256,216.0637446566874,217.56982421875,10855891
2024-09-26,217.0382571812271,223.697509765625,211.50120358422458,223.697509765625,11699901
2024-09-27,226.6506175706974,246.0672607421875,226.5620157094564,246.0672607421875,16330374
2024-09-30,259.04613470161826,270.20887398141343,252.571461833733,270.194091796875,16419275
2024-10-08,297.2149963378906,297.2149963378906,284.9744040627578,297.2149963378906,15396809
2024-10-09,295.31026845295605,324.8413044230578,286.4509637451296,299.00164794921875,32088220
2024-10-10,306.75351110028765,307.86092790172034,280.56687077024156,286.6650390625,19070140
2024-10-11,280.6924077713981,284.81198382119265,266.3698389295282,270.06121826171875,14820318
2024-10-14,265.77919959429613,276.8459456206597,259.90252100018296,272.4310607910156,16516735
2024-10-15,279.0681899239522,287.558365355822,274.54995115040754,277.5916442871094,17873291
2024-10-16,265.8530702760178,270.67400930255724,262.8778057041751,268.1417236328125,12595356
2024-10-17,270.2088819712401,274.2693900207266,267.62491953829243,269.49273681640625,8872405
2024-10-18,269.49274989918973,296.43982276926465,268.3853634450403,296.1666564941406,19508612
2024-10-21,302.55271766326075,307.1226634420541,288.7617303925202,291.7812805175781,23956069
2024-10-22,287.97177867624936,301.8661506214901,285.7126592989559,292.7632141113281,15457844
2024-10-23,292.76321225754856,296.78679527358327,289.03490794975494,290.8067626953125,9563262
2024-10-24,288.6657955162803,292.06186584583793,284.62003899330944,286.3697509765625,9106414
2024-10-25,286.4140308932621,290.51146415160594,282.3904477306868,286.7610168457031,8854533
2024-10-28,286.7609971177989,287.5435708341536,281.4011169156023,283.8669738769531,7457135
2024-10-29,283.28372435005264,292.94777547401947,282.8112419195546,286.9677429199219,9724135
2024-10-30,285.7126426662653,292.3571432413992,283.7192985769285,288.06036376953125,8652062
2024-10-31,286.73145467507766,295.0149222419493,281.9179071232015,289.67718505859375,13325231
2024-11-01,285.6388387311302,289.62552712946183,282.02127913530524,286.0818176269531,9301977
2024-11-04,286.09656768405193,300.463421933944,285.7126566987718,295.53173828125,12652892
2024-11-05,295.5243392060181,306.3843783116724,292.8000981682446,303.06951904296875,12845113
2024-11-06,303.06953896840605,306.9528738624945,296.4619628574377,298.9351806640625,11452951
2024-11-07,296.7867702402102,318.2558238862612,296.0706555594896,314.4980163574219,15934101
2024-11-08,324.0955996325601,345.5129779436146,315.24368671778996,330.5628967285156,20870153
2024-11-11,338.1302041944946,360.1308390704426,336.439560321286,359.31134033203125,21797731
2024-11-12,356.5871279617621,361.77722622235774,341.8216106308042,345.37274169921875,19646348
2024-11-13,340.9947615371751,358.0489327489608,340.9947615371751,345.51300048828125,13812012
2024-11-14,342.0652315156882,345.3136622529382,329.27091598160786,331.7146301269531,14024473
2024-11-15,328.8722500352139,331.48574636840806,311.1979278906637,312.0543212890625,14594642
2024-11-18,311.05767170015065,322.61907466226575,309.95028524246436,312.9476623535156,12083910
2024-11-19,312.9476519683998,324.398309821554,311.45635455523274,321.179443359375,12479192
2024-11-20,321.96201447529813,327.7205576474803,316.30682493494186,320.3377990722656,10437743
2024-11-21,320.16058951153997,324.6050085111816,317.48066456139986,320.3451843261719,8020039
2024-11-22,320.33778561069425,329.27090911993827,311.55230145042054,311.943603515625,10688476
2024-11-25,308.60656983164887,317.8497846047517,303.35743438228826,308.680419921875,11659202
2024-11-26,308.55490869603165,311.22008193934903,301.4231734878654,302.3238830566406,8412125
2024-11-27,300.25668208050405,308.86499315288796,293.81891890330553,307.05621337890625,9961913
2024-11-28,307.05622926135874,309.02743067481765,299.88756879453535,304.8857116699219,8020622
2024-11-29,304.16953321408755,311.6999609971796,300.1533111463085,306.8863830566406,11227192
2024-12-02,304.16955442964104,315.09605288204193,302.2795638640356,311.544921875,10479732
2024-12-03,309.33750211512,311.4637340540835,296.86063744182917,299.3043518066406,15000797
2024-12-04,304.02190570034253,308.2300529960391,295.605550276914,297.1928405761719,12204480
2024-12-05,297.5250820959594,298.6767846343393,293.84109394202926,294.57196044921875,8932889
2024-12-06,294.3505110822753,301.21647123112365,293.4867265461283,299.4372253417969,8857105
2024-12-09,296.86800694825826,299.6439248911692,291.5376605103109,293.68603515625,7772674
2024-12-10,303.1359699839594,304.1695366526052,292.3718937001416,294.0920715332031,11925474
2024-12-11,293.0953986740959,295.07399098080344,287.9274740972553,288.5624084472656,9864157
2024-12-12,287.8905647351412,296.5358008997958,285.7200472443998,293.8041687011719,11033887
2024-12-13,291.61885909706973,293.4645638642248,284.9743888505499,285.3287658691406,10807219
2024-12-16,283.8521698639374,286.6059446359472,277.08956428296665,279.400390625,9406648
2024-12-17,277.9681333649191,285.6240573819133,277.9681333649191,282.7004699707031,8663198
2024-12-18,283.49786263654715,293.54579466658265,282.6931155935604,292.0249328613281,14027060
2024-12-19,288.66576908012075,299.9244708718535,286.8348464903679,295.2364196777344,13087600
2024-12-20,293.8336973235077,306.67968955958656,292.35715173591547,305.79376220703125,15990230
2024-12-23,302.69299137147874,304.9004337963823,296.78677879813824,297.8941955566406,11733148
2024-12-24,297.52509360334454,302.6708758027141,295.31025988663043,301.5856018066406,8722975
2024-12-25,300.72918433629445,304.4722402438219,299.0016153918946,299.8875427246094,6607857
2024-12-26,298.26331778068015,301.5412822635531,296.6686668828684,299.20831298828125,6903423
2024-12-27,298.26334971644826,311.33083207945754,296.8015862369397,304.39105224609375,13777821
2024-12-30,302.71514347649276,307.609901974063,298.63249265435996,300.4560241699219,8064334
2024-12-31,299.8727965557078,300.40434688205875,288.665771484375,288.665771484375,11639077
2025-01-02,288.66576032986137,288.9536783428395,274.30629806881944,277.8869323730469,10833226
2025-01-03,279.0681991145403,283.0327448108409,274.6385316421102,276.92718505859375,8909465
2025-01-06,277.6580800008765,283.03274275619464,275.00768887910345,277.8131408691406,6071147
2025-01-07,279.06818971304625,288.51811219771736,278.3151499180246,288.4221496582031,9758712
2025-01-08,285.7126474687599,287.6174201486441,278.8983645722579,285.1737060546875,7864183
2025-01-09,285.12203380266504,287.55835684334835,283.8669776525063,284.7455139160156,4873651
2025-01-10,284.67906124187687,291.2792453382596,282.6266493538982,283.2394104003906,6820133
2025-01-13,279.0312593572728,284.2361092381987,278.89837177338666,282.36090087890625,4901216
2025-01-14,284.5609555300709,290.5114541665105,275.4580190588906,288.9241638183594,9852605
2025-01-15,287.09324022488715,288.54025189040505,282.11727084153205,282.2427673339844,7098024
2025-01-16,290.4302366086553,292.3497610834221,286.5100073072995,289.6624450683594,11321060
2025-01-17,287.9274687033143,294.5719386896315,285.45425117827494,286.8791198730469,8666960
2025-01-20,287.9496115631058,290.86580794804047,286.0079443371279,286.8791198730469,6766538
2025-01-21,288.67312693718753,293.03633502173847,286.08180393510736,290.5926513671875,8003107
2025-01-22,290.4597710830697,291.24973590184464,283.6971648951763,284.169677734375,7794038
2025-01-23,287.1892162725396,292.9403679655649,282.90718860401586,284.7602844238281,9797908
2025-01-24,284.3468424351299,285.9341327009999,279.95410042046154,280.109130859375,10805545
2025-01-27,280.10914083236395,280.6850073037105,277.09698172443626,278.32989501953125,6039786
2025-02-05,282.75956845969824,283.4904653915639,275.37680987942275,279.09033203125,8653806
2025-02-06,277.2224991007521,303.6527404785156,276.94933285127433,303.6527404785156,22506745
2025-02-07,302.5453392352538,304.5386834334832,296.49148696330263,300.9063720703125,13926995
2025-02-10,301.95471353389144,301.95471353389144,295.42837898928315,299.7251281738281,8601403
2025-02-11,298.26332384899035,300.47076627027866,293.9444319555228,296.550537109375,7150146
2025-02-12,298.9942356543474,307.24816972081743,298.7358515784996,306.13336181640625,13238170
2025-02-13,305.49846738730446,310.5408958981398,301.8735166236941,302.43463134765625,8045487
2025-02-14,299.7768009956013,309.1898284255974,296.9418152530311,308.5253601074219,10137946
2025-02-17,310.07576065624585,316.49874158776095,308.3481916673781,315.89337158203125,12348852
2025-02-18,320.58141678348187,329.75078146844174,316.75715008396656,318.93505859375,15901304
2025-02-19,318.92031966388595,338.1302253774471,317.4659169014054,337.3919677734375,14708753
2025-02-20,335.9154289045817,340.7732625845552,333.2502556351923,336.6536865234375,8759322
2025-02-21,335.9154170530847,349.44799018930314,334.4462321278432,343.31292724609375,11172254
2025-02-24,343.2981971539873,349.94266798890925,339.606817708804,345.51300048828125,9392792
2025-02-25,340.3819731013235,343.5048768807525,331.70723362157247,336.6758117675781,10729984
2025-02-26,339.6067890417747,346.7163810556491,333.70057634483504,342.70751953125,8082405
2025-02-27,341.82161249513587,343.66731737958185,335.1771418263728,339.9168701171875,5950845
2025-02-28,339.5255858825654,342.242435875868,326.9675115379422,330.2159118652344,9800021
2025-03-03,329.5145399761898,330.0756242486496,319.31157819683136,321.3935241699219,6984727
2025-03-04,318.9350476200319,321.14988109873025,313.7671231137468,317.83502197265625,7325645
2025-03-05,317.8940916038233,325.0775030566718,317.4953984593187,319.2156066894531,5564326
2025-03-06,329.1823373338972,351.13862620342786,329.1823373338972,341.3638610839844,13831084
2025-03-07,337.2811995220288,347.49155210123524,337.2295227099937,343.29815673828125,7899681
2025-03-10,341.4524755478508,346.0814590020086,334.7563282218301,336.6241455078125,5653616
2025-03-11,337.39935581927256,342.2867233115062,325.0849137187638,327.986328125,8337990
2025-03-12,327.9863301304328,330.37833707600197,322.9070071153479,326.908447265625,6029757
2025-03-13,325.8084156519145,327.70576685377983,317.1558189358094,319.69549560546875,5746580
2025-03-14,319.6954993627283,328.11921564250173,318.344450244002,324.1842041015625,6236932
2025-03-17,328.11920648884205,328.1634922103123,321.2458556877374,321.8143310546875,4508469
2025-03-18,324.10300731743075,327.5728972556101,322.1022719605922,323.859375,4079870
2025-03-19,321.88817760042065,323.5345359327371,319.1344328107627,321.1277770996094,3417893
2025-03-20,320.40419560592767,320.40419560592767,315.98195024535,316.690673828125,4176721
2025-03-21,317.08937591921233,318.67666616149444,305.7568243743406,309.1898193359375,7295098
2025-03-24,309.1898565285158,320.29352888413877,308.6952007910494,317.01556396484375,7402576
2025-03-25,317.8276409473166,318.19676973345236,314.80069973615474,316.6316223144531,3346644
2025-03-26,314.88190549620487,320.263958842506,314.6382732013845,315.7161560058594,3522379
2025-03-27,314.87457355080437,321.5485782370088,313.17653842421504,317.75384521484375,4370349
2025-03-28,317.82026578893215,318.6397645845376,304.16955653355143,307.048828125,9637925
2025-03-31,304.16952873121966,309.30055856043225,303.4903086765877,307.1226501464844,6756070
2025-04-01,307.8609159896933,317.20748423276194,306.3917615423561,316.8678894042969,8514023
2025-04-02,316.70546787415776,317.3108378581202,310.5186979606836,316.8678894042969,5067762
2025-04-03,313.8409714433877,331.1166315723146,313.64162485401556,324.8265075683594,8827374
2025-04-07,321.1424894616663,333.33143424977516,309.6254040576098,319.5256652832031,17187831
2025-04-08,323.36472662017394,326.9084359852529,312.2905892302759,318.20416259765625,12691555
2025-04-09,314.8154765330504,344.7008554986122,313.087907611153,339.6067810058594,16343553
2025-04-10,339.6067869224833,342.9363979229754,332.2240287013847,333.33880615234375,9647695
2025-04-11,332.22405451047183,346.49491637156433,329.4333542881369,337.7611083984375,9769609
2025-04-14,341.71826297578264,341.71826297578264,333.5603215033966,337.7611083984375,5786137
2025-04-15,334.66030849745556,335.9153949884196,329.51452688294154,333.7005615234375,5593918
2025-04-16,331.8548759766843,346.21433886788617,331.8548759766843,345.505615234375,8968815
2025-04-17,343.1504899586501,344.7008551652028,340.7880171044681,342.0652160644531,4538778
2025-04-18,340.37458973255,342.05787301912807,330.7474636899195,334.82275390625,5242328
2025-04-21,333.5159914315727,338.04898149089354,332.6226730521382,336.9342041015625,3348484
2025-04-22,334.8080283187276,348.1708203619293,333.8334990151359,340.9726257324219,5791436
2025-04-23,340.3450361657031,340.97257941978364,332.5931493480671,336.4986267089844,5673701
2025-04-24,335.91541488805285,337.9899698093863,333.70058129186395,336.78656005859375,3201525
2025-04-25,335.1771191653751,337.30335085226756,330.3783232894806,334.64556884765625,4519123
2025-04-28,335.3986112757674,340.04973742490466,334.6603232828169,335.4872131347656,5465327
2025-04-29,335.1771218362805,335.92277050546767,331.13136568358755,335.4872131347656,2990614
2025-04-30,334.43884936818665,335.10331771749236,328.46620781314607,332.9327697753906,5555574
2025-05-06,335.62008396399244,339.5772380601801,332.93273770331444,337.812744140625,5473994
2025-05-07,341.0833545998713,341.8216122202405,330.7474741705284,330.9689636230469,6664401
2025-05-08,330.4816886031598,332.44549882730587,328.44405870250165,331.404541015625,3816931
2025-05-09,329.27093518839206,329.27093518839206,324.61980867131774,325.46881103515625,5276796
2025-05-12,326.99703818289123,327.6024081795114,321.15725406787925,322.39019775390625,5362791
2025-05-13,324.1029935666926,325.7788857625203,321.14990234375,321.14990234375,3904321
2025-05-14,321.23110423793656,324.4721134011697,319.8062354810311,322.5821533203125,4595143
2025-05-15,322.47878625509674,322.47878625509674,316.18869266803347,316.64642333984375,3914784
2025-05-16,316.35110708106,320.19012568043104,315.2510813581791,316.4249267578125,3383295
2025-05-19,316.46185101731714,322.1244315721265,314.66046232972036,321.14990234375,5273434
2025-05-20,321.1498948864226,323.3425551833364,318.75788800978137,320.16058349609375,3970514
2025-05-21,318.794783346744,319.3485069494283,314.697350350951,315.2436828613281,4936754
2025-05-22,316.3510866475911,317.45850339142345,312.1060144762474,312.18719482421875,4174822
2025-05-23,314.1141274062483,316.2034341077028,313.1765232313341,313.6637878417969,4923231
2025-05-26,315.1624767456047,323.29088385843176,314.78595685662924,318.61761474609375,7523535
2025-05-27,318.5289993341637,320.16057531164006,316.2034210995366,316.8678894042969,3458101
2025-05-28,315.99671292533606,317.4215816479319,307.9421258548178,308.1119384765625,5645461
2025-05-29,310.0536101606055,314.49063792131216,309.1233666898049,313.9443054199219,4875768
2025-05-30,313.00671373826884,314.34298067621825,309.01263427734375,309.01263427734375,3327852
2025-06-03,310.0683629782357,318.839095318817,309.9059414457061,313.5973205566406,3931835
2025-06-04,313.5973277720308,315.9081239096315,312.66711469269677,314.0107727050781,2620316
2025-06-05,315.09605700649803,318.19678765026003,313.45705940517024,317.18536376953125,3663674
2025-06-06,317.45851376908337,320.3230030462738,316.4839845693724,317.82025146484375,3107115
2025-06-09,316.8309727014412,317.68000541898283,313.250338268023,317.3182373046875,4573793
2025-06-10,315.24368987916404,315.3987203249598,307.8609313964844,307.8609313964844,5659421
2025-06-11,307.91260229437387,311.2569955335104,307.27030724611916,307.6763610839844,4071425
2025-06-12,306.38440675382054,306.75353557841424,296.7868139862202,298.42578125,9356041
2025-06-13,296.18877830796464,303.4017544291577,296.10756754048333,303.1064453125,7212321
2025-06-16,299.76943739141086,305.94881690417463,299.42984252494955,304.4574890136719,3524972
2025-06-17,304.7232801565332,309.1012402442838,304.14002257925785,307.048828125,4208688
2025-06-18,307.048811733238,309.5368115255075,305.07761048948925,307.1078796386719,3452642
2025-06-19,306.2736379603753,319.060562383241,305.003799620956,312.7040100097656,7981093
2025-06-20,310.5113284724783,315.9819531132601,310.4448694774816,315.0738525390625,4544195
2025-06-23,315.97459752371196,326.8419979394286,315.0738879402043,323.7855529785156,8236121
2025-06-24,322.6190640658151,325.2620944565674,317.73169646192486,321.7552795410156,5292390
2025-06-25,321.7626788269863,326.53933224319275,320.3082760073769,326.00775146484375,5705343
2025-06-26,326.31782904884426,327.70577280671995,322.9365106841159,323.29827880859375,4333236
2025-06-27,323.37210949944813,324.70101581060544,319.9982125283298,320.78814697265625,5333323
2025-06-30,320.3894834761812,331.1166356507809,319.67336871298505,326.4728698730469,7258256
2025-07-01,326.7607588316543,329.2709014498347,324.92247560849603,327.2775573730469,3501269
2025-07-02,328.38499873706127,328.5252774170398,321.3935421762328,322.7150573730469,4004359
2025-07-03,325.30527435778583,328.6921898893757,319.93013943259444,327.8729553222656,4067132
2025-07-04,326.69400136394245,341.2008774831368,325.714907966114,334.84661865234375,7285849
2025-07-07,336.9946891770152,337.6740968644532,331.49966736393634,332.3788757324219,3739294
2025-07-08,333.7975812951689,334.52690099109844,329.72125740605526,333.6676940917969,3876050
2025-07-09,332.6985817965569,340.19179309828115,330.7003921160971,330.8502502441406,4388987
2025-07-10,330.6903867626395,331.69948229387313,323.7067236843822,329.53143310546875,4589539
2025-07-11,329.7013127549608,331.9592769566747,327.30349112382504,330.5305480957031,3733391
2025-07-14,329.70128375464014,330.150888610287,323.50688380326847,323.89654541015625,3876118
2025-07-15,323.72669182836046,326.97374998562054,321.7485036030465,323.02734375,4122601
2025-07-16,322.2080797018054,325.0654762540604,320.30980564031273,320.5695495605469,3595399
2025-07-17,319.710341636905,320.70943645452036,314.0454606054463,318.3116149902344,6291412
2025-07-18,319.71035563080704,330.03099213293365,319.71035563080704,324.8956604003906,8116601
2025-07-21,324.5059848110929,324.5059848110929,317.71215224214814,319.7602844238281,5991448
2025-07-22,318.4215007925857,321.9982773141082,315.2144149651512,321.8484191894531,7105229
2025-07-23,322.0782100817197,334.24717834564893,319.5105289345323,331.199951171875,11913134
2025-07-24,331.1400097872058,338.77307882302364,330.2008581598995,338.3434753417969,7208560
2025-07-25,337.69404476167404,341.65045166015625,333.2980337089211,341.65045166015625,6236650
2025-07-28,341.65045554047464,344.0482770064866,336.87478352843397,343.33892822265625,5596520
2025-07-29,341.6504499097755,345.04736613813776,334.69675862595756,344.4779052734375,7315996
2025-07-30,343.6786354122345,355.2781427359854,341.85030521125844,348.8839416503906,8562739
2025-07-31,348.8739336621191,349.6831980527018,333.8575392624827,334.8966064453125,9343768
2025-08-01,333.6976753525484,335.5759785233447,326.9038426611131,329.50146484375,5544362
2025-08-04,327.81300200306464,331.579609163237,325.5150960061605,327.962890625,4633181
2025-08-05,328.94198768884166,331.3997830400921,325.2053826040329,328.2026672363281,4929485
2025-08-06,328.55233685303443,331.6994794303618,326.00462677428055,331.27984619140625,4932924
2025-08-07,332.6985822761693,335.6159526294264,328.8820326634,332.5686950683594,5711570
2025-08-08,331.69948387466513,333.6477309909951,328.4524256740848,328.7921142578125,3630824
2025-08-11,327.70310797281275,329.14180698359706,325.7049182900517,326.404296875,4722422
2025-08-12,326.70400153648774,334.1072977071641,325.6949060257213,331.9492492675781,7073157
2025-08-13,332.87840374740273,333.8575276442607,328.8620535602072,331.0101013183594,5826005
2025-08-14,332.05913844174614,349.1836382247713,332.05913844174614,341.3507385253906,12831505
2025-08-15,340.69133151058844,343.3788989989446,334.5868768333626,341.72039794921875,7440956
2025-08-18,343.35892630882137,349.18363562774744,339.08280174734153,346.90570068359375,8737856
2025-08-19,346.5860035364649,346.5860035364649,339.39253878238964,339.65228271484375,6780983
2025-08-20,337.414299770664,351.54148450072773,334.85661950143106,350.1727294921875,9368012
2025-08-21,350.1727338772208,367.66689394080936,348.1845449412284,360.65325927734375,15887225
2025-08-22,360.4733989616876,388.67785671462605,360.2935692116259,383.0529479980469,18899413
2025-08-25,393.9231211571951,402.2056261043036,374.4507720443357,379.7359619140625,19566268
2025-08-26,377.6578461569843,388.1283709633288,372.7822585028083,382.6533203125,11687582
2025-08-27,379.6560427909555,388.7577822342655,372.7822653483475,373.16192626953125,14567860
2025-08-28,372.16282949997236,397.85955011484384,371.6732827830533,396.5707092285156,17921984
2025-08-29,379.65605337667785,381.2446105728013,361.672345585151,372.162841796875,24198561
2025-09-01,376.6587498438139,379.8958073270655,366.7677171528028,377.49798583984375,15627095
2025-09-02,376.6587459856538,387.5089010624233,371.6632719009634,378.1673889160156,16775193
2025-09-03,378.1673988583251,378.6169732437944,369.12557223334653,373.09197998046875,9569487
2025-09-04,370.6641945646626,371.3635731654838,344.6877280992145,350.6323547363281,14436389
2025-09-05,350.63234706831986,358.4752171876762,345.6868154034162,356.95660400390625,9806120
2025-09-08,354.67867313127414,370.66419079352875,352.7004543441862,370.0647277832031,11025264
2025-09-09,368.4661693870049,371.46345394435025,357.75587134915935,363.3608093261719,8882510
2025-09-10,363.4607178636473,369.9248626532782,363.4607178636473,367.8667297363281,7834225
2025-09-11,365.7686263483574,381.25459633983695,364.46978476477653,377.0983581542969,11626855
2025-09-12,377.10836301570487,383.15287465720945,374.9403137774228,376.69873046875,7686319
2025-09-15,382.0638585822436,382.693293205156,375.66965775178056,379.6560363769531,7117179
2025-09-16,377.7377769456262,382.6133648142929,376.03933395200437,377.5179748535156,7600639
2025-09-17,373.6614824117374,394.6424747396691,369.215498031979,389.0375671386719,12825964
2025-09-18,391.4253897908831,427.51269187889625,389.5570872488115,407.33099365234375,18101808
2025-09-19,407.8305393241355,412.64615343926954,400.62704333757506,401.6361389160156,10237715
2025-09-22,401.17654462579367,418.42090057462235,397.88951411388035,412.3264465332031,10331046
2025-09-23,417.2919469024144,421.6679566026357,404.63340211690564,418.4208984375,9939363
2025-09-24,421.61801965372337,460.26300048828125,419.4100286093118,460.26300048828125,18705396
2025-09-25,468.9051800647911,468.9051800647911,441.61990171232935,453.2393798828125,17473446
2025-09-26,450.5917781814138,461.5818215516922,447.9941254686297,452.39013671875,10947510
2025-09-29,450.3919437693468,458.58453369140625,438.65257934478467,458.58453369140625,12663183
2025-09-30,457.5454682551233,462.970576454527,449.59268179871566,451.9505310058594,12145404
2025-10-09,456.5863385980848,473.2312621716367,452.40012880937866,457.6353759765625,17038770
2025-10-10,449.562713828125,454.0286690565685,431.6089780360548,437.5036315917969,14386195
2025-10-13,423.6162107026648,442.31926726272025,421.62802173469015,435.405517578125,10047385
2025-10-14,440.7506970930543,442.3192833611366,397.639759424314,401.6361389160156,16122071
2025-10-15,405.13296685056054,413.1756682998237,395.1819905546246,412.0067443847656,10855984
2025-10-16,411.6270796411515,418.40094152826936,406.9712939650565,410.3182678222656,6713530
2025-10-17,407.6307011593823,409.4290597038092,397.7196667744366,399.0684509277344,7235780
2025-10-20,405.63250067130895,410.6279748175073,397.8695448245003,399.79779052734375,7746022
2025-10-21,402.3554730381467,410.55803309360516,400.8368598658311,408.1202392578125,7539897
2025-10-22,404.63342004846106,407.3109869672418,399.6379457268751,404.02398681640625,5761278
2025-10-23,400.9167851745129,404.51353277723587,396.1610838725817,403.2146911621094,4754218
2025-10-24,405.6524784988036,417.2220138927751,405.63250757826233,414.4245300292969,8956096
2025-10-27,421.91774557069164,433.07764852985173,418.25108452286986,428.71160888671875,11234509
2025-10-28,426.6135052604854,432.57810279484966,423.1366441709715,425.6144104003906,7291079
2025-10-29,425.5944213723297,426.86326081428234,417.67157629649523,423.2365417480469,6498635
2025-10-30,422.6171125832017,423.23654649866614,414.6243539527865,415.1239013671875,7301277
2025-10-31,415.2238283878419,419.84964245103265,403.6343219564479,406.6815490722656,7511396
2025-11-03,405.83232920010227,406.6315928623266,389.67695250053265,400.63702392578125,8342846
2025-11-04,400.63703591910655,410.0884646881404,397.4399201945929,405.0630187988281,7790481
2025-11-05,396.64065421728674,404.5235271944661,393.64336967660194,396.4707946777344,5477177
2025-11-06,398.6388523073962,413.19567185084713,398.6388523073962,410.62799072265625,7733088
2025-11-07,407.23106113953173,419.6198310045317,406.3318818853701,413.37548828125,7452835
2025-11-10,413.3755047231071,426.61351182300115,410.2683342955938,415.3137512207031,9199144
2025-11-11,417.2220066056624,424.08578320113867,414.1747490838439,415.1239013671875,6690256
2025-11-12,411.68702176560515,419.6198373198482,406.15202775519873,412.7760314941406,6277138
2025-11-13,412.91590183861325,418.161149581923,406.92133298911637,413.2955627441406,5318775
2025-11-14,408.6297762443683,412.8859298808626,403.3046143362744,407.1311340332031,4845278
2025-11-17,406.57166536694945,414.62436751122397,400.29735085649827,400.31732177734375,5693070
2025-11-18,399.5380251332981,434.6062605291592,398.2392140219517,423.0167541503906,15445202
2025-11-19,421.61803047390714,427.5126840436792,417.6216510381355,418.9104919433594,5630471
2025-11-20,423.61622540509256,424.615320276331,403.8141577395576,404.6334228515625,7313587
2025-11-21,394.90224795767017,400.5571285790136,386.2700536482121,386.50982666015625,9881130
2025-11-24,389.4971236370059,422.61711098885047,389.4971236370059,415.86322021484375,15576292
2025-11-25,421.6180224258934,423.90595814638715,414.8241897107472,417.62164306640625,6160456
2025-11-26,419.62983464923303,425.9041490419406,415.00402064902875,421.3282775878906,5803919
2025-11-27,422.49721978925237,432.48816792846117,418.50084053356886,421.6180114746094,6414606
2025-11-28,418.6107263437557,434.10669666503986,416.62253742076325,427.5126647949219,7729096
2025-12-01,427.5326811404211,446.59539744111953,423.0167529099956,446.0558776855469,8487918
2025-12-02,442.17938733463876,444.57723937765036,429.6107874793127,432.8878173828125,6522444
2025-12-03,431.69888921891555,441.2002909802998,431.6189750466548,433.4573059082031,4033749
2025-12-04,428.28199553763557,455.7870750743772,424.5453601285234,449.38287353515625,7998882
2025-12-05,445.58629664891174,455.28752947008275,445.57632643370977,450.09222412109375,6150632
2025-12-08,449.69258500735197,467.1367720439427,443.4582125914583,462.5809020996094,8275217
2025-12-09,460.58273331861693,465.57820764962145,452.93966369017113,457.0459289550781,6163766
2025-12-10,456.4464579040261,459.5736296585904,449.2230216620958,458.1149597167969,4788973
2025-12-11,459.11405290690567,460.48280796617377,451.75072877758987,452.68988037109375,5348544
2025-12-12,453.6889849675023,462.25123529084306,441.3201856420613,454.6880798339844,7989815
2025-12-15,460.3629337816306,467.57639997520533,446.98506930378375,448.5935974121094,8321967
2025-12-16,444.59720215111435,449.5627047070969,437.9831992132366,442.4791259765625,5358669
2025-12-17,441.31017669204095,448.2239264545145,436.4845619926653,444.3374328613281,6097013
2025-12-18,440.6008387616076,447.21484193900113,437.67349810284435,442.6989440917969,4192148
2025-12-19,445.59631333268896,458.2848304150506,444.9668786843418,447.95416259765625,5148986
2025-12-22,448.64352362265726,468.0759303664011,448.6035817820102,464.8788146972656,7040880
2025-12-23,465.5781970287359,488.42749121911385,463.5800073419173,480.9842529296875,8825482
2025-12-24,480.5646046844577,484.5709846383005,476.5682254355225,480.6645202636719,5024766
2025-12-25,479.5655308220437,482.5428444689478,469.7744134304091,472.7716979980469,4461442
2025-12-26,471.67269157300444,472.72172898462395,455.97691979074176,458.59454345703125,8113725
2025-12-29,459.9632927700986,462.16128315018113,449.6026840348744,452.39013671875,8659219
2025-12-30,452.8397383347056,471.5028227150586,452.8397383347056,458.58453369140625,10155888
2025-12-31,469.72444675036166,472.5119299731749,452.9296644349462,458.6644592285156,8546237
2026-01-05,467.57638816357127,474.5700520890948,461.5918197898018,474.08050537109375,11292177
2026-01-06,474.0805025148501,508.5292731011674,473.07140696917565,485.5301208496094,15547376
2026-01-07,492.5537415977778,523.4956786099436,492.5537415977778,514.9534301757812,17675771
2026-01-08,514.953444611029,521.5275057230622,504.07331767399677,506.2113952636719,9712937
2026-01-09,502.54470423406093,510.6173771210876,490.5555661608825,497.0496826171875,10832269
2026-01-12,497.5792023436825,511.2368422329892,497.5792023436825,501.395751953125,11178355
2026-01-13,499.54743466206605,512.066122645055,488.6573066844242,489.7563171386719,9396438
2026-01-14,490.5555791120442,503.8235577103848,486.5591996488096,492.8534851074219,9830587
2026-01-15,489.57643530402584,508.5192951439742,482.0632531943544,506.2713317871094,12493693
2026-01-16,512.5356657443276,533.5166579093001,510.8471929832834,523.4058227539062,14311622
2026-01-19,529.420384190293,532.5175538262113,520.5284156537637,523.3958129882812,8184248
2026-01-20,520.5283905461744,530.7391101268399,510.58738509504053,513.7345581054688,7165317
2026-01-21,512.5256690975125,528.3213565990293,507.2204777615549,509.2286682128906,11171169
2026-01-22,515.0333821982825,516.6219698009172,497.54922276381126,500.1069030761719,9427974
2026-01-23,501.545601228046,510.41756813613,494.5519374659019,509.90802001953125,9267344
2026-01-26,507.6400951021611,507.6400951021611,488.55737753009095,495.7708435058594,9035154
2026-01-27,493.5928332687391,507.4203024750661,492.66365187639013,497.2295227050781,7691748
2026-01-28,501.9352854130292,507.31039019177047,491.55467509843436,501.5456237792969,11882339
2026-01-29,496.53015206970844,498.54831261935925,474.57003706251635,474.939697265625,13807964
2026-01-30,471.99241157906744,479.54556635191955,465.60818072894295,474.79986572265625,8792440
2026-02-02,471.2330782794717,472.57186171305665,460.592724277581,461.212158203125,9549426
2026-02-03,466.0777433689642,475.7589748183326,461.81161937388924,472.5618591308594,9608746
2026-02-04,467.6063606701078,475.5691478313357,464.0795570749064,470.1740417480469,6065710
2026-02-05,462.5809076753021,472.07230858872623,455.0776957227466,469.6944580078125,7707065
2026-02-06,467.5663988019913,479.5555372509011,464.5791148952571,471.8025817871094,8336437
2026-02-09,478.656330456226,488.3175907166413,475.56913114185176,483.5618896484375,6953414
2026-02-10,487.5083378451503,487.5083378451503,479.86523795115534,482.462890625,4462013
2026-02-11,478.36658594854964,480.56460674085116,470.5736585757607,474.5700378417969,4454099
2026-02-12,477.09776131541463,477.56733711334607,470.9633348064341,474.6199951171875,5114860
2026-02-13,479.3557355727287,496.20046042319825,474.74989237341794,485.67999267578125,11062307
2026-02-24,491.3548407490897,493.5528616406375,475.5991257577149,486.8888854980469,6782773
2026-02-25,488.02787275080783,499.22771771509395,480.334830049799,495.5510559082031,7889155
2026-02-26,495.55105052429457,498.1786748842981,482.8625336072266,488.4375,6789042
2026-02-27,480.68450748061827,481.56371582358526,465.5781982858729,471.452880859375,8890423
2026-03-02,464.1394891083253,470.8833791719248,459.61359077413005,465.37835693359375,8285971
2026-03-03,465.56820212697085,469.34477946253605,445.6762198879372,445.75616455078125,7893303
2026-03-04,442.81883231608646,455.43740548279817,442.5990302236909,448.3937683105469,6347014
2026-03-05,456.38651061631356,471.8325387921066,454.5581804750931,465.8579406738281,7981772
2026-03-06,463.070466831672,470.93333850024055,460.46284388266133,464.9587707519531,4544288
2026-03-09,447.5945013345372,453.13946566178413,435.1058154714084,452.2303161621094,9509381
2026-03-10,458.58452387502996,460.18308169023226,452.1503507740576,456.5863342285156,5438901
2026-03-11,456.5163904924168,462.2611857289028,449.6526139317385,461.5718078613281,6793463
2026-03-12,456.5863453108783,461.58181954841524,450.43191739143816,457.575439453125,6747761
2026-03-13,455.9968750345489,464.2793797127169,455.9968750345489,457.4655456542969,6446872
2026-03-16,455.13763687595724,457.38560023982916,441.62988577254146,454.29840087890625,7365464
2026-03-17,455.59725168183445,463.9396692759544,448.5935870361328,449.5926818847656,5399565
2026-03-18,453.28935302555095,463.5800179522148,451.09133212376076,462.03143310546875,6599782
2026-03-19,457.17580649189796,464.7689334123398,453.5990603621658,461.212158203125,5104343
2026-03-20,461.06230879140696,473.590936432555,458.08499512045597,468.2957458496094,8138508
2026-03-23,461.08226021530896,461.5818076261598,442.59900601382856,443.9877624511719,7736931
2026-03-24,449.18305057410345,453.0395725552152,437.3937435237762,443.5981140136719,4730933
2026-03-25,449.4927713999436,467.1767626172937,447.9841588945672,463.77984619140625,8733651
2026-03-26,459.14401432026375,461.1821762959341,445.2965747116301,445.7061767578125,6101129
2026-03-27,439.1021974366933,457.5554809922545,434.10672306312455,452.57000732421875,5805381
2026-03-30,443.7079926445439,469.58457326929863,441.71980367919605,468.4156188964844,8080625
2026-03-31,464.4791896661965,466.5672942438982,446.59539794921875,446.59539794921875,6956601
2026-04-01,454.78797865286,460.82248947118137,449.6126442629053,450.1221923828125,6335503
2026-04-02,450.1821466982471,451.3910429346498,434.82606366748144,437.6035461425781,7491523
2026-04-03,438.70253865257786,440.2011808726459,423.6761441221751,426.0639953613281,6688506
2026-04-07,424.67526041763267,430.60988634849986,421.86780628922054,423.6961364746094,4582385
2026-04-08,436.60443870987433,465.54821702197836,436.60443870987433,463.5600280761719,14194804
2026-04-09,460.5827083879646,477.56732019402835,457.5954246565069,472.4119873046875,9302856
2026-04-10,474.5700396602437,483.97152557841275,474.5700396602437,476.4583435058594,7758320
2026-04-13,475.46924312437574,480.06508563006366,466.7771360385749,472.07232666015625,6508971
2026-04-14,477.5673454060685,491.55467351419605,475.6790414762926,481.1640930175781,7411360
2026-04-15,482.62273962366345,484.56098600688733,473.56094232033746,474.5700378417969,6395140
2026-04-16,474.5700466579463,477.4474446613388,467.21672330701404,473.13134765625,6324788
2026-04-17,469.5745645330426,476.06868085105276,464.3792592826528,469.4846496582031,9546522
2026-04-20,446.59538813691756,475.6990253563134,444.597198480824,470.803466796875,18683743
2026-04-21,471.5327858989043,471.5727582291618,446.3056415232977,449.95233154296875,16005608
2026-04-22,448.5935869605055,477.5673375659724,447.5944921120411,477.51739501953125,17438281
2026-04-23,477.56732229132405,484.5110434620435,470.1540253372471,474.5700378417969,9735285
2026-04-24,474.600033385927,484.7808125184488,463.3801870546811,472.27215576171875,12979344
2026-04-27,480.76445264695053,519.4294354278296,475.52917491468907,515.78271484375,20432930
2026-04-28,511.0770009665912,536.7637216692674,503.54381707084366,516.7418823242188,13825357
2026-04-29,509.75816447259956,516.7517977801658,501.7454349266809,510.2477111816406,9302570
2026-04-30,518.7100303225957,540.6701144866156,506.63097786391677,536.50390625,16592589
2026-05-06,554.4976124267964,566.4867499927813,544.5066644551424,544.8563232421875,16027771
2026-05-07,554.4976554957175,556.2061296843374,534.5157580003763,551.6402587890625,9722165
2026-05-08,542.5084976213567,554.2978045265387,536.7137597506648,540.3004760742188,8245728
2026-05-11,549.4821892160343,584.470511849194,547.5040008433476,572.6712036132812,14462965
2026-05-12,572.671172931709,583.4713856969371,563.489488926494,580.9237060546875,11213595
2026-05-13,570.4731716602887,587.4677852033133,550.0017274735101,580.47412109375,13838768
2026-05-14,580.4741103455883,592.1235295155112,562.9200064380301,563.88916015625,10270703
2026-05-15,569.2842537036757,620.2780956994377,554.4976615905762,591.4641723632812,23299494
2026-05-18,600.4559975666368,622.7058591198235,592.2234658592807,597.4287109375,17523510
2026-05-19,589.4659694784829,626.6023084812522,580.9736631385385,619.1390991210938,14459460
2026-05-20,617.4405865552949,659.4025681658488,613.4442073542897,655.4061889648438,16405948
2026-05-21,656.2054929452257,720.9468277850996,656.1056078510236,662.389892578125,23161869
2026-05-22,662.4299030918044,672.3908497079071,636.423434270337,668.3944702148438,19856264
2026-05-25,649.5415477847902,718.3991486285374,625.5432696758429,697.5580444335938,20412185
2026-05-26,689.3754334611618,700.3654766032963,656.0655849610234,669.643310546875,14854783
2026-05-27,674.3890378897648,691.3736506958774,650.0110986466739,654.1773681640625,13867015
2026-05-28,649.4116498052803,668.0647335030048,646.2944787646077,658.4035034179688,11259961
2026-05-29,655.5261054281153,658.4035034627642,623.2154122597393,629.2998657226562,14746088
2026-06-01,624.4242841469003,629.2299279639267,588.3869253819182,589.3560791015625,15100000
2026-06-02,585.5694381331289,615.2325651967407,583.6611938954893,602.2543334960938,12630618
2026-06-03,602.2643679087022,633.0864198347032,593.4623446635785,614.2835083007812,14416128
2026-06-04,609.5877699315121,637.2726502659266,605.4515024577602,626.4324951171875,12062030
2026-06-05,614.4433212448598,619.0291933516522,599.4568987754731,602.8138427734375,8084336
2026-06-08,569.5239772911452,598.257953468278,567.7056174393063,585.2097778320312,9785902
2026-06-09,600.4759812233303,619.2389500144426,594.0518089232796,616.5413818359375,10200570
2026-06-10,614.4433159161686,640.429782009506,609.447841803029,618.6395263671875,10691287
2026-06-11,624.284399254252,647.4134696691177,619.438813572304,636.9229736328125,11366681
2026-06-12,665.5870257177062,680.3736178606089,654.5869812466549,666.5861206054688,15348001
2026-06-15,669.1937367237216,687.0375565998983,639.4207215715296,681.6024780273438,12564025
2026-06-16,679.384470997927,681.2827755294431,659.7622342886325,671.58154296875,8676840
2026-06-17,659.7922378084653,704.3618427552925,656.4052917591875,703.58251953125,11347940
2026-06-18,704.3418682406195,733.21573381403,703.0630585414444,720.3873291015625,10461144
2026-06-22,739.3102077960967,757.3139169987415,722.8151416149715,744.32568359375,10752660
2026-06-23,748.0422827053659,761.3102918654521,720.3474021456574,746.8134155273438,9968569
2026-06-24,726.4119068775975,773.7989687502254,726.3419629198371,769.3729858398438,13108782
2026-06-25,777.2958124681821,809.2668484565907,774.2985278442688,797.2777099609375,11883996
2026-06-26,794.2804211896307,827.250551880521,781.462016940585,812.6337890625,12403065
2026-06-29,813.2931868234239,875.0671757317986,805.1505396361612,859.411376953125,15033537
2026-06-30,889.1944168039606,904.7403302360784,872.7393538891926,883.7593383789062,12768745
2026-07-01,883.7593592965574,967.1238380214002,883.7593592965574,934.5133666992188,14611680
2026-07-02,869.2125303401248,883.1998584145636,841.0580444335938,841.0580444335938,12121011
2026-07-03,799.010009765625,846.3800048828125,775.0,816.0,16585395
2026-07-06,832.3099975585938,834.7999877929688,767.969970703125,803.5999755859375,15242691
2026-07-07,794.22998046875,835.010009765625,778.6900024414062,806.3900146484375,13091777
2026-07-08,806.3900146484375,830.02001953125,768.0,802.3200073242188,14807528
2026-07-09,817.4199829101562,880.97998046875,815.0,878.4299926757812,15861474
2026-07-10,886.4600219726562,905.0,800.989990234375,801.0,19385845
2026-07-13,795.6099853515625,813.7000122070312,755.0,764.2999877929688,16314186
2026-07-14,763.0,782.5,728.010009765625,774.2000122070312,16704392
2026-07-15,789.0,793.0,736.5,742.6599731445312,12265898
2026-07-16,732.9600219726562,745.6500244140625,693.7000122070312,702.760009765625,13509339
2026-07-17,693.2999877929688,707.780029296875,660.010009765625,677.0,16618562
2026-07-20,704.0,716.6599731445312,659.0999755859375,676.9099731445312,17483200
2026-07-21,699.0,744.5999755859375,678.4299926757812,744.5999755859375,14837581
2026-07-22,788.0,809.0,751.0,764.0,22327096
2026-07-23,764.77001953125,769.0,723.0,740.0,13640544
2026-07-24,720.010009765625,778.7999877929688,716.0,757.0,15862082
2026-07-27,740.2999877929688,778.0,723.1400146484375,770.0,14235615
2026-07-28,745.2000122070312,771.989990234375,710.010009765625,715.0,13086042
2026-07-29,715.5800170898438,727.3599853515625,664.02001953125,706.3900146484375,15794280
2026-07-30,688.0800170898438,711.72998046875,643.5,668.0700073242188,16329609
2026-07-31,728.0,728.0,686.3499755859375,687.0,13874349
2026-08-03,685.0,689.5499877929688,636.4500122070312,641.2999877929688,13141166
2026-08-04,640.0,698.0,632.010009765625,687.0,14500593
2026-08-05,695.0,745.0999755859375,679.0,734.2000122070312,13771887
2026-08-06,717.5,764.6799926757812,709.0,742.5,10759015
2026-08-07,740.5,762.4299926757812,736.9199829101562,751.989990234375,8535999
2026-08-10,752.0399780273438,778.0,744.6599731445312,760.0,8728585
2026-08-11,753.030029296875,767.739990234375,742.5499877929688,746.0999755859375,6720916
2026-08-12,752.0,767.989990234375,746.9500122070312,760.0,6496235
2026-08-13,768.3699951171875,773.4000244140625,738.0,738.5999755859375,8214196
2026-08-14,743.8400268554688,746.5999755859375,728.0,738.6599731445312,6721005
2026-08-17,738.5,766.3200073242188,732.22998046875,765.969970703125,7845188
2026-08-18,770.0,785.9000244140625,757.25,777.0,8166634
2026-08-19,753.8800048828125,757.0,708.1099853515625,712.9500122070312,10891933
2026-08-20,726.010009765625,739.1500244140625,704.25,712.5499877929688,7937310
2026-08-21,712.0,725.6799926757812,709.0,714.4299926757812,5798436
2026-08-24,714.0,725.7999877929688,695.8699951171875,707.9000244140625,7778740
2026-08-25,707.5,707.5,676.6599731445312,700.4000244140625,7521665
2026-08-26,671.2999877929688,717.8800048828125,669.010009765625,700.7000122070312,9796253
2026-08-27,700.7999877929688,720.0,693.7000122070312,718.0,6155403
2026-08-28,717.0,724.510009765625,697.0,697.510009765625,5646311
2026-08-31,683.5599975585938,699.7899780273438,672.1799926757812,699.7899780273438,6729010
2026-09-01,692.0,698.0,664.4400024414062,667.7000122070312,7544845
2026-09-02,717.0,671.530029296875,650.2000122070312,667.0,5979198
