date,open,high,low,close,volume
2018-01-02,20.892750129779767,21.299210335817627,20.79033478671535,21.075178146362305,38142231
2018-01-03,20.796736430311732,21.475239031053043,20.611107237311675,21.161592483520508,45572850
2018-01-04,21.123184261936533,21.238402436423538,20.774330403645532,20.819137573242188,35525091
2018-01-05,20.771131660360947,20.867146503279418,20.428680124638685,20.604705810546875,31461000
2018-01-08,20.675117046415764,21.23200094391332,20.6527143763967,20.870346069335938,41022045
2018-01-09,20.86714423784089,21.18079073723738,20.707118906572962,20.93755340576172,28292778
2018-01-10,20.995164012919705,21.113581516187285,20.76472767571765,21.017566680908203,28279512
2018-01-11,21.116785351809263,21.116785351809263,20.764730300834938,20.931156158447266,22605504
2018-01-12,21.014369222787117,21.715276362064348,21.001568219200923,21.468839645385742,58793640
2018-01-15,21.523247668140478,21.79529006742584,20.764732314451088,20.847946166992188,45567102
2018-01-16,20.643111367700516,21.0431710550806,20.630308534713677,20.739126205444336,28775919
2018-01-17,20.70072247019493,20.70072247019493,20.006217670374593,20.403078079223633,34957518
2018-01-18,20.540699253760504,20.668718447072763,20.124635501997407,20.217449188232422,22110435
2018-01-19,20.35506604715419,20.3646658814865,20.060621071263835,20.2270450592041,15711024
2018-01-22,20.380671412470825,21.446432669725283,20.36146990930512,21.315214157104492,51797124
2018-01-23,21.328016467593372,21.561652168084294,21.142389106288743,21.38242530822754,37055544
2018-01-24,21.459235727666567,21.472036729910958,20.963159348415218,21.286409378051758,22924950
2018-01-25,21.289609195640136,21.593655897472857,20.982363158839178,21.007966995239258,24251967
2018-01-26,21.00796482070345,21.21919782263749,20.803134150704846,20.963157653808594,19067598
2018-01-29,21.08477516470943,21.08477516470943,20.0990267037789,20.131031036376953,37565814
2018-01-30,20.124634124317303,20.467085671900634,20.08622928461822,20.30706214904785,16763121
2018-01-31,20.17904154394505,20.470285397206176,20.13103320853727,20.175840377807617,16289364
2018-02-01,20.179043128321933,20.319865148133864,19.164489480124743,19.414127349853516,38095170
2018-02-02,19.39492184825906,19.929401151183587,19.254099857470255,19.810983657836914,20916306
2018-02-05,19.298908793144726,19.77257881002612,19.27970545966827,19.673364639282227,12183120
2018-02-06,19.20289382391608,19.484535998071685,18.722821478318178,18.72602081298828,31195689
2018-02-07,19.199695490560046,19.327714679518202,18.252353492269673,18.85084342956543,24625605
2018-02-08,18.85084108887354,19.16448760504309,18.72602125055627,19.046070098876953,13791699
2018-02-09,18.5307970964233,18.70682465009226,18.028321939400538,18.1307373046875,27922809
2018-02-12,18.274752392902972,19.202892694841807,18.274752392902972,19.081274032592773,24154548
2018-02-13,19.202892989656657,19.401323152478263,18.982060159794944,19.04286766052246,16524222
2018-02-14,19.580552375686878,19.682967719810033,19.266904010811604,19.362918853759766,16770636
2018-02-22,19.83659011817398,20.27505648329404,19.618956603025175,19.945405960083008,29223924
2018-02-23,19.951810751128015,20.265457313555675,19.782183719388904,20.099031448364258,17950944
2018-02-26,20.847944223381237,21.023969918196716,20.627111355425694,20.77433204650879,46834335
2018-02-27,20.64311254946716,20.780733397467916,20.28465701261417,20.31026268005371,30195228
2018-02-28,20.23345355452364,20.643114980507114,20.05742601596447,20.32626724243164,23211351
2018-03-01,20.147035352596024,20.303857683604683,20.00301219096622,20.24945068359375,22480407
2018-03-02,20.00621698149256,20.278259356157577,19.961411639561252,20.121435165405273,17783067
2018-03-05,20.163040610093805,21.091179231709464,20.13423560708599,20.841543197631836,44851521
2018-03-06,20.844742861302322,21.37922410489039,20.739128177936777,21.308813095092773,44905779
2018-03-07,21.123182532198147,21.28000669727902,20.643110201920916,20.652711868286133,28482579
2018-03-08,20.74232658770066,20.991964445909257,20.51829439675885,20.76152992248535,19290555
2018-03-09,20.80313470984362,21.059173054223574,20.601505200393415,20.979162216186523,26254413
2018-03-12,21.13278289396921,21.494435870969838,20.969558238498106,21.395221710205078,41158695
2018-03-13,21.395228588261737,21.603260473771527,21.020772659408976,21.123188018798828,35433555
2018-03-14,21.02716944807408,21.08797878588907,20.598304748535156,20.598304748535156,29934198
2018-03-15,20.489489207581478,20.94395774913022,20.489489207581478,20.707120895385742,23415975
2018-03-16,20.71992443992743,20.95996063679004,20.547098085173413,20.556699752807617,20524401
2018-03-19,20.563100814819336,20.755130510077887,20.451083797806998,20.563100814819336,15070587
2018-03-20,20.38707600373429,20.38707600373429,19.84299306447821,20.099031448364258,32528052
2018-03-21,20.159840760788793,20.425480812556522,19.97101222406242,20.035022735595703,25002123
2018-03-22,20.147036559834337,20.223848062685285,19.81098554811245,20.031818389892578,17693247
2018-03-23,19.19329652634121,19.823790853546807,18.818840597560786,19.03647232055664,38466813
2018-03-26,18.879648048108308,19.362919789802746,18.56279850166298,19.330915451049805,25203636
2018-03-27,19.55494884412308,19.714972363974347,19.433330163250545,19.61895751953125,21615960
2018-03-28,17.657061605150155,18.57560036366151,17.657061605150155,17.983510971069336,99035274
2018-03-29,17.829887917079255,18.018716435560307,17.445830378981555,17.91950225830078,42012666
2018-03-30,18.204344168261073,18.236350337269545,17.925903134070147,18.01871681213379,24270150
2018-04-02,18.082727230722686,18.101930567712866,17.794684501194048,17.817087173461914,24979833
2018-04-03,17.60265047518414,17.60265047518414,17.18658865335248,17.369016647338867,37090254
2018-04-04,17.458630773333127,17.714670954480255,17.394622101544392,17.5450439453125,24460986
2018-04-09,17.57064620902216,18.23634769034453,17.57064620902216,18.031517028808594,35952183
2018-04-10,18.028315542901034,18.48278402294797,17.884292384151294,18.133930206298828,32540844
2018-04-11,18.14673580428323,18.20114464283053,17.858693105536997,17.96430778503418,22370811
2018-04-12,17.970706406888844,18.04751790727707,17.858691237903642,17.890695571899414,15731289
2018-04-13,17.989908630926866,18.050717960568942,17.753073643827584,17.794679641723633,12400041
2018-04-16,17.762678442774067,17.945106463877895,17.506640078767383,17.577049255371094,15913977
2018-04-17,17.641060334796595,17.698668510735775,17.12578242375437,17.151386260986328,21681897
2018-04-18,17.346615026206646,17.378621195756264,16.636108096031396,17.106578826904297,27614103
2018-04-19,17.07777832222794,17.34661773538185,16.972161792013956,17.241003036499023,15408882
2018-04-20,17.282607203230185,17.282607203230185,16.67451559039045,16.725723266601562,17563113
2018-04-23,16.71931895199515,17.023363773410807,16.67451178769615,16.946552276611328,16177815
2018-04-24,16.924149119816494,17.314608966317316,16.924149119816494,17.308208465576172,16627827
2018-04-25,17.23779812977274,17.343414637072414,17.154586122929167,17.23139762878418,13461282
2018-04-26,17.25380142612501,17.31461076781952,16.802534028635066,16.812135696411133,15760743
2018-04-27,16.997759304570042,17.084172464149564,16.815331319754343,16.949752807617188,12598827
2018-05-02,16.258450379003698,16.26165154522683,15.64715765487151,15.762375831604004,42002415
2018-05-03,15.765576983731416,15.9320010005697,15.547943464022747,15.877593994140625,22199379
2018-05-04,15.71436932624176,15.826386336751122,15.669562155771857,15.762375831604004,14877207
2018-05-07,15.964005160634763,16.2584501843916,15.682362970286416,16.117630004882812,22475919
2018-05-08,16.120829522400914,16.754524843709778,16.117628356543477,16.604101181030273,24343044
2018-05-09,16.64250641156319,16.648908743430745,16.389669242713612,16.48248291015625,14023293
2018-05-10,16.530489798173818,16.75452563551743,16.373667459029292,16.59130096435547,12500973
2018-05-11,16.588098624880416,17.090573604194038,16.424873965265203,16.946552276611328,27658029
2018-05-14,17.010563039530307,17.23779822350201,16.776929185866006,16.853740692138672,19870263
2018-05-15,16.908150950648622,17.109780484816525,16.808934935456843,16.984962463378906,16601505
2018-05-16,16.978559268011185,17.109779615675464,16.748124741525924,16.86014175415039,16480440
2018-05-17,16.87294245911723,17.02336429151197,16.812133126717274,16.888944625854492,11286045
2018-05-18,16.956156751568212,17.362616969383655,16.895347410945355,17.28260612487793,26623089
2018-05-21,17.63465975163924,17.660263588752603,17.317812038445016,17.455432891845703,22348545
2018-05-22,17.458634040955648,17.66666592586651,17.327413675366028,17.6026554107666,16871847
2018-05-23,17.439429006484364,17.855490860802295,17.18979116136132,17.50023651123047,23598192
2018-05-24,17.442627273677303,17.59945143771567,17.218593276859806,17.330610275268555,15104715
2018-05-25,17.34661356748815,17.676264083678927,17.34661356748815,17.353015899658203,15181896
2018-05-28,17.375420646326823,17.59625351800638,16.872945559394495,16.892147064208984,18039651
2018-05-29,16.812134223239116,17.372217420895453,16.776928721588728,17.12257957458496,21863235
2018-05-30,16.962557755751728,16.968958257235776,16.00561410897833,16.13043212890625,31149114
2018-05-31,16.13683244058534,16.402472478023117,16.13683244058534,16.370468139648438,17378559
2018-06-01,16.437678569954727,16.440877904751517,16.00881204407225,16.293655395507812,13547748
2018-06-04,16.232845515237045,16.386468520264728,16.01841317513624,16.066421508789062,15838839
2018-06-05,16.06642436253705,16.399274265885104,15.93840516894164,16.392873764038086,16585776
2018-06-06,16.274453377232195,16.578498221809912,16.194440708555106,16.36086654663086,19495134
2018-06-07,16.482483265399736,16.5048877647578,16.290453594508133,16.296855926513672,12986997
2018-06-08,16.296858748508356,16.319261420415046,15.970409350262436,16.04401969909668,15401601
2018-06-11,16.040818882403517,16.04401821733415,15.778378188889544,15.816784858703613,12841854
2018-06-12,15.903198539990504,16.066423229227315,15.682363844201264,16.012014389038086,13863654
2018-06-13,16.034417423225477,16.04081792403515,15.653559239424078,15.701565742492676,14645961
2018-06-14,15.57994966913436,15.823187053780048,15.55434766162535,15.698369026184082,11437677
2018-06-15,15.711170548709836,15.771979896879138,15.403924472484565,15.419926643371582,14812758
2018-06-19,15.234297169272667,15.234297169272667,13.906096943760028,14.395771026611328,35921832
2018-06-20,14.222944183456391,14.792630010959895,14.222944183456391,14.52699089050293,17088897
2018-06-21,14.648608207702637,15.157484678165947,14.530190694875357,14.648608207702637,22854786
2018-06-22,14.664609287007586,15.122278967034479,14.568595366774824,14.994258880615234,18136422
2018-06-25,15.26630029941551,15.26630029941551,14.696614531944414,14.741421699523926,17225415
2018-06-26,14.719018811780591,15.080672757208852,14.472581209770189,14.84383773803711,19234812
2018-06-27,15.003863049620177,15.394322043371398,14.946253955340444,15.074274063110352,28657464
2018-06-28,15.074271981556393,15.183087821986401,14.661410372946644,14.725419044494629,18381948
2018-06-29,14.760625324503502,15.28870513360104,14.719019319537853,15.25990104675293,22492815
2018-07-02,15.163885479888414,15.163885479888414,14.67421144849555,14.71581745147705,18527247
2018-07-03,14.869440294885093,14.952653215580701,14.101324337408075,14.51418685913086,27930939
2018-07-04,14.514187259168876,14.763825112470828,14.402171165899654,14.655009269714355,19025805
2018-07-05,14.655008871525126,15.00706205699247,14.530189948265589,14.587798118591309,16721247
2018-07-06,14.808633526607307,14.96545680289361,14.56859732033992,14.73182201385498,20343636
2018-07-09,14.847038214281845,15.026265064469717,14.693415199835098,14.888644218444824,21868023
2018-07-10,14.898246223188263,15.003861819096096,14.821433798559804,14.923850059509277,13917168
2018-07-11,14.6006010465295,14.731821395388302,14.315758594280819,14.54619312286377,15130362
2018-07-12,14.658209696774703,15.042267232891572,14.619803943163017,14.888644218444824,20885187
2018-07-13,14.920649122363336,14.920649122363336,14.658209354315485,14.706215858459473,15985110
2018-07-16,14.33816255821209,14.33816255821209,13.698065712938146,14.066121101379395,37509984
2018-07-17,13.909296765215908,14.050118783910388,13.691665067109183,13.938101768493652,20818620
2018-07-18,13.938099286868118,14.158932112019773,13.832482791651872,13.858087539672852,13462362
2018-07-19,13.947702969906768,13.947702969906768,13.435626215122996,13.490035057067871,18563091
2018-07-20,13.60205029829623,13.813282404088858,13.493234452634429,13.733270645141602,17080392
2018-07-23,13.66285958700459,14.03411520930635,13.605251413790468,13.922099113464355,15582330
2018-07-24,13.986109694599952,14.219746332556369,13.89329692095295,14.174939155578613,16643952
2018-07-25,14.254947757330406,14.254947757330406,13.986106586538142,14.098124504089355,19424595
2018-07-26,14.098126476876493,14.155734653203721,13.7236696680877,13.762075424194336,15537057
2018-07-27,13.76847751527577,13.870891954240683,13.67246266247701,13.758875846862793,11036886
2018-07-30,13.746071171829737,13.794078591802881,13.394018895245898,13.602049827575684,16778946
2018-07-31,13.614852769484328,13.614852769484328,13.45482834018553,13.518837928771973,9063489
2018-08-01,13.704465349768014,13.75247277037616,13.403620739665442,13.435625076293945,13287540
2018-08-02,13.426024203241171,13.435625871063854,12.6419060058091,12.833934783935547,32394135
2018-08-03,12.8915420570945,12.955551640775957,12.225841471142035,12.267447471618652,28954734
2018-08-06,12.26744981308673,12.3698660821904,11.80338047173634,11.934600830078125,22136460
2018-08-07,12.059418383459194,12.161832809448242,11.755371693340875,12.161832809448242,20449425
2018-08-08,12.16823597642545,12.63870674873982,12.16823597642545,12.25464916229248,21920862
2018-08-09,12.126628259765964,12.657908304063518,12.107424925314058,12.561893463134766,22462665
2018-08-10,12.609901959867793,13.368416337815717,12.609901959867793,13.342811584472656,31075095
2018-08-13,13.153984004960373,13.938102222768295,13.083572993318276,13.816484451293945,39699291
2018-08-14,13.816482898484098,14.066119830646498,13.637255138719704,13.810081481933594,24597171
2018-08-15,13.762075966722358,14.050119606710101,13.371616973079503,13.483633995056152,29646843
2018-08-16,13.266000394902246,13.826085502337971,13.198790548276154,13.525239944458008,22211298
2018-08-17,13.792088067817764,13.808144724147082,13.490236342294684,13.631528854370117,17237907
2018-08-20,13.798511337209924,14.562775862600343,13.776033671374876,14.527453422546387,44165139
2018-08-21,14.530664019694203,14.636633174643073,14.257712804113806,14.418272018432617,29537871
2018-08-22,14.627001507196955,14.71049300386429,14.180645347323082,14.382950782775879,27264213
2018-08-23,14.3925824179228,14.578832098079536,14.007239202492338,14.232022285461426,24995073
2018-08-24,14.24165895278562,14.24165895278562,13.750345565493221,13.952651023864746,23492850
2018-08-27,13.949438945335354,14.53066572117946,13.930172241602547,14.453597068786621,26292312
2018-08-28,14.466441839619737,14.819673622340842,14.424696549269491,14.639845848083496,24282843
2018-08-29,14.582043844410377,15.034821917157023,14.582043844410377,14.867840766906738,27434499
2018-08-30,14.610944315576125,14.906375047811524,14.334782123187141,14.450385093688965,27372285
2018-08-31,14.264136578202264,14.411851956478941,14.097154495954745,14.276981353759766,20069478
2018-09-03,14.254502308806781,14.254502308806781,13.849891432381572,14.023296356201172,16824078
2018-09-04,14.093942058730251,14.315514184257003,14.004027720494253,14.296247482299805,17872290
2018-09-05,14.15495395263069,14.293035504202486,13.647584915161133,13.647584915161133,24856572
2018-09-06,13.647585594131474,13.872369611941238,13.503082107671345,13.67969799041748,14074767
2018-09-07,13.90127056954069,14.154954173503208,13.69575326153558,13.750343322753906,20629422
2018-09-10,13.801722848373068,13.949438217113356,13.214074174872804,13.400323867797852,15879957
2018-09-11,13.34252432235764,13.442070648506542,13.137006985155457,13.332890510559082,10566942
2018-09-12,13.169118071299613,13.647585705643738,13.072781800385204,13.499871253967285,16762779
2018-09-13,13.715020640404072,13.824202605689539,13.515927087836019,13.782456398010254,16634493
2018-09-14,14.196700246336995,14.59488919133102,14.196700246336995,14.389371871948242,31601109
2018-09-17,14.129265407055753,14.598100155408513,13.96870617841177,14.389371871948242,25558461
2018-09-18,14.183857212353645,14.559566674395104,14.14532288499732,14.476075172424316,20437641
2018-09-19,14.482496212411103,15.214649259546695,14.354048470585687,15.079778671264648,39003369
2018-09-20,15.07977862383237,15.253183534116609,14.755447387695312,14.755447387695312,24607590
2018-09-21,15.253183943511733,15.65458383527519,14.964176058191274,15.09583568572998,48723708
2018-09-25,15.188960291484563,15.622470747659818,15.188960291484563,15.477967262268066,30734115
2018-09-26,15.62568208674646,15.718806470205207,15.343097053765575,15.497234344482422,29904546
2018-09-27,15.574301849071992,15.606415160381884,15.253182516932881,15.349518775939941,18832275
2018-09-28,15.413745519527385,15.82477834138963,15.381633120953984,15.766977310180664,23061342
2018-10-08,15.092623598524039,15.397687218136188,14.906374830353517,14.9481201171875,33416712
2018-10-09,14.967387511904503,15.285295920540626,14.967387511904503,15.121524810791016,12486912
2018-10-10,15.20501516389602,15.27245091613693,14.594887942309331,14.742603302001953,26464641
2018-10-11,14.260924250770858,14.508186845664644,13.70217610806577,13.750343322753906,35938617
2018-10-12,13.87557929024334,15.028399786018017,13.87557929024334,14.906373977661133,38761539
2018-10-15,14.957753632333672,15.365576382177716,14.867841127126987,15.070146560668945,28629405
2018-10-16,15.076565806052585,15.240336885909027,14.54029632187928,14.758657455444336,19409127
2018-10-17,14.996287630524959,15.304563138903928,14.732970211232477,15.192172050476074,33078786
2018-10-18,15.092624023947732,15.188960293374725,14.67837935163472,14.829306602478027,25159485
2018-10-19,14.476072849744575,15.179325359574477,14.129263959182992,15.099045753479004,35995659
2018-10-22,15.288505367115231,16.120205558240325,15.27244963072237,16.059192657470703,50683470
2018-10-23,16.00781666807345,16.05277384116215,15.188961091128393,15.561460494995117,34607451
2018-10-24,15.510080560612822,15.97249244836106,15.416954336551374,15.661005973815918,31361061
2018-10-25,15.205013982595347,15.975700359209661,15.057299553109585,15.927533149719238,33254205
2018-10-26,16.052772965899145,16.100940181785447,15.407321431999799,15.612838745117188,23034147
2018-10-29,15.616047183567275,15.728439179865683,15.060510966834972,15.214648246765137,20785128
2018-10-30,15.237127935060522,15.330253243103268,14.411851368825019,14.941699028015137,28946028
2018-10-31,14.912797390037055,15.237127725495755,14.803616344386448,15.025189399719238,18347766
2018-11-01,15.166482331653883,15.253184793957214,14.443963037433845,14.675168991088867,32705883
2018-11-02,14.916007005348497,15.461910346778868,14.675167268872432,15.420165061950684,41746905
2018-11-05,15.413744628095449,15.773398326424854,15.156848210557957,15.494023323059082,33026433
2018-11-06,15.46833350370279,15.471545386429998,15.0605125954999,15.294929504394531,16697385
2018-11-07,14.964174803947873,15.429798529118887,14.960963840277968,15.172903060913086,20858733
2018-11-08,15.310984653263056,15.911478041779203,15.310984653263056,15.728439331054688,42647565
2018-11-09,15.67063936036096,16.341779507212262,15.519713951242723,16.05598258972168,44031918
2018-11-12,16.049559936205032,16.730333862689925,15.959645601355865,16.57298469543457,40113552
2018-11-13,16.255079876350734,16.8427295516834,16.216544627985808,16.377105712890625,31762632
2018-11-14,16.354620761169688,16.95511593187672,16.338565025516417,16.666107177734375,30638604
2018-11-15,16.58904369392162,16.79135006837011,16.49270925009654,16.6372127532959,20837358
2018-11-16,16.69822205470716,16.923006074620822,16.341780240600112,16.55371856689453,33972264
2018-11-19,16.60830947880117,17.757917285810674,16.563352307516745,17.56524658203125,48746331
2018-11-20,17.34046144688655,18.297398488519775,17.14778891804769,17.790027618408203,51963240
2018-11-21,17.584512390318867,17.98270132945049,17.372574064632182,17.66158103942871,28230288
2018-11-22,17.549189122682762,18.29097602270477,17.549189122682762,17.757917404174805,30600558
2018-11-23,17.75791448039854,17.87672839916013,17.118887722408545,17.3404598236084,28551288
2018-11-26,17.311559457079436,17.757915569093317,17.173477911279917,17.3918399810791,24823878
2018-11-27,17.51708084994042,18.43227283820023,17.51708084994042,18.384103775024414,47746830
2018-11-28,18.384100695472732,18.8433025543638,18.082249858289938,18.512548446655273,36287838
2018-11-29,18.576773240977328,18.978174071201646,18.335933477827368,18.512548446655273,31476123
2018-11-30,18.44189927916312,18.753383855036716,18.117567174962268,18.303817749023438,26894517
2018-12-03,18.737335432847782,18.920372340857067,17.84783309473327,18.008392333984375,58277508
2018-12-04,17.790029903989666,18.252443665119447,17.696907347617522,18.085460662841797,35483904
2018-12-05,17.870311501254704,18.673111405576613,17.706540372221966,18.60246467590332,46874514
2018-12-06,18.467593233260665,18.560717623797597,17.623048115269146,17.773975372314453,40747452
2018-12-07,17.950587199404026,18.592825847092303,17.83819520637592,18.268495559692383,37906257
2018-12-10,17.989120122924454,18.159314967831246,17.677635535461512,17.786815643310547,34649769
2018-12-11,17.892787007729222,18.41299987704284,17.8863632428594,18.03407859802246,33443340
2018-12-12,18.429054290645986,18.77907595245758,18.290972755243885,18.705217361450195,39361224
2018-12-13,18.70522213792472,18.80477029960237,18.34235836702076,18.753389358520508,30319512
2018-12-14,18.753389358520508,18.753389358520508,18.753389358520508,18.753389358520508,0
2018-12-17,18.197848808669573,18.303818874350785,17.34045998622706,17.62625503540039,42886794
2018-12-18,17.35652049286487,18.014816893984396,17.33404282311604,17.674428939819336,27409560
2018-12-19,17.729017302311092,17.966645172167258,17.141367718120073,17.179901123046875,34008930
2018-12-20,17.18311171044169,17.449640991997658,16.964751478240025,17.298715591430664,31296675
2018-12-21,17.215224802064963,17.401473557286494,16.672530598569775,17.01291847229004,30962670
2018-12-24,16.93264132894548,17.16063725106556,16.72391486762772,17.08677864074707,24480213
2018-12-25,16.89089522537157,17.016132933608453,16.33856896588125,16.768869400024414,33736905
2018-12-26,16.775294704506557,16.91658632776714,16.377105712890625,16.377105712890625,23217186
2018-12-27,16.733546377870493,16.842726499348576,16.300034099637536,16.32572364807129,30228450
2018-12-28,16.332148535618806,16.505553478337415,16.091308745723357,16.377105712890625,24752118
2019-01-02,16.383526005034074,16.50233994651976,15.728441547969469,15.789454460144043,25666335
2019-01-03,15.818355250854493,16.01423783595045,15.407321540457065,15.433012008666992,25043280
2019-01-04,15.34951689199066,16.37709954744435,15.256391608052217,16.264707565307617,37961361
2019-01-07,16.328935337641962,16.6596875807685,16.05598228098129,16.502338409423828,40813650
2019-01-08,16.794557582433633,17.224857981518397,16.714278891347156,16.980806350708008,44115471
2019-01-09,16.634001499514717,17.019344801779337,15.574306040190663,16.20370101928711,78661590
2019-01-10,16.023872087795233,16.116996477538063,15.61926121299479,15.68669605255127,46036770
2019-01-11,15.574302347311711,15.827987776230612,15.535767107491576,15.74128532409668,29039865
2019-01-14,15.79908581707327,15.802297699437801,15.192170509929642,15.670638084411621,32923902
2019-01-15,15.538978469385441,15.72201717747628,15.365574489657542,15.670638084411621,25059195
2019-01-16,15.67063893823111,15.77339712995924,15.516501650638915,15.712384223937988,19777137
2019-01-17,15.70275039553821,15.705962278074011,15.198592328909747,15.249972343444824,29623134
2019-01-18,15.249972626401174,15.249972626401174,14.784348872986554,15.034821510314941,37798773
2019-01-21,15.015554538641718,15.497234021457064,14.810038155303053,15.481178283691406,39369978
2019-01-22,15.433012456447738,15.6706403366593,15.28529616456048,15.317408561706543,25228131
2019-01-23,15.227492947363606,15.69632763094395,15.198591518466744,15.670638084411621,28985901
2019-01-24,15.712385301086341,15.725230994663686,15.304563470024792,15.58072566986084,21513477
2019-01-25,15.590359133821268,15.940379010920525,15.474757081504766,15.792665481567383,30278748
2019-01-28,15.799088379595736,16.00781666807345,15.5036576278261,15.561460494995117,25876077
2019-01-29,15.558246492415833,15.558246492415833,15.102256570267855,15.413743019104004,18450951
2019-01-30,15.397688351851013,15.50044747265034,15.060513230996348,15.140792846679688,25027842
2019-01-31,15.12473512848811,15.249971900556838,14.858205847060749,14.906373977661133,21565527
2019-02-01,15.01234305368992,15.513289220687858,14.935274412613314,15.500445365905762,27534000
2019-02-11,15.67064068264829,16.161954030588234,15.67064068264829,16.120208740234375,38661195
2019-02-12,16.1234193990054,16.425272091656122,16.0174493089103,16.24223518371582,30897453
2019-02-13,16.24223410537259,16.727123673771157,16.158741689570373,16.560142517089844,36889446
2019-02-14,16.650052143177682,17.35972744868649,16.650052143177682,17.250545501708984,50737245
2019-02-15,17.147788979441376,17.147788979441376,16.544083680210363,16.592252731323242,45874767
2019-02-18,16.675742777625786,16.951905870429268,16.582618398358385,16.84272575378418,50455455
2019-02-19,16.858782467137495,16.910161564705035,16.3738910854304,16.614730834960938,43309359
2019-02-20,16.63399876249898,16.955119046945487,16.55050818677826,16.813825607299805,37499697
2019-02-21,16.794557125126325,17.022553011511206,16.556929266042506,16.678955078125,37816671
2019-02-22,16.63399749493669,16.659687042236328,16.34498870971975,16.659687042236328,35903352
2019-02-25,16.659687194132324,17.703324833012864,16.537661383981128,17.68084716796875,77514627
2019-02-26,18.368044725928062,18.840090435287294,18.123994920472327,18.2203311920166,87598650
2019-02-27,18.046923937305355,18.062979674243174,17.388627698086903,17.64873504638672,68562786
2019-02-28,17.700114978993092,17.732226454391604,17.39184040526002,17.50423240661621,28271214
2019-03-01,17.62304732137353,17.655158798568323,16.980806752708677,17.27623748779297,52368759
2019-03-04,17.340461515830498,17.59414511443349,16.932638791066726,17.237703323364258,90677430
2019-03-05,17.231280298192665,17.41431902543132,17.01934197649525,17.366151809692383,58891773
2019-03-06,17.501021924744222,17.64873729584538,17.179901632674813,17.481754302978516,66156534
2019-03-07,17.372572890319145,17.372572890319145,17.022553028954505,17.141366958618164,54851829
2019-03-08,17.019343416325384,17.019343416325384,16.393160371436874,16.415639877319336,55584450
2019-03-11,16.40921483728444,16.852360942502948,16.40921483728444,16.81703758239746,37858950
2019-03-12,16.82666892624473,16.98080621686964,16.605096800654092,16.695011138916016,41584644
2019-03-13,16.627578225741637,16.945486654081595,16.473440917301755,16.698223114013672,38162904
2019-03-14,16.701433055588833,17.70974920918783,16.701433055588833,17.523500442504883,105110229
2019-03-15,17.677635535461512,18.046922977780895,17.382204846621523,17.786815643310547,76627686
2019-03-18,17.822144605537616,18.12399731629901,17.78682124005324,17.873523712158203,46376727
2019-03-19,18.03086753922742,18.194638639123323,17.82535115307749,17.979490280151367,37217964
2019-03-20,18.06298067384016,18.19785034155051,17.61341266485709,17.790027618408203,36816810
2019-03-21,17.79002726275722,17.976277860234383,17.545977480229876,17.677637100219727,32700576
2019-03-22,17.709746348706844,18.490066485623462,17.65836726016469,18.303817749023438,51909762
2019-03-25,17.982701725989905,18.615308509161757,17.892789218776514,18.143260955810547,37368606
2019-03-26,18.30382138433746,18.480436347230608,17.687272199379038,17.74186134338379,31664712
2019-03-27,17.5877242714213,18.159318130361548,17.244126314489627,17.568456649780273,44235018
2019-03-28,17.87030988741824,17.873521770281243,16.85878360604045,16.945486068725586,50384184
2019-03-29,16.974384660524912,17.199166811842602,16.749598834284654,17.17668914794922,38506188
2019-04-01,17.19274554164056,17.59414448696381,17.11567690003942,17.48496437072754,48209445
2019-04-02,17.53634306025394,17.65515698362988,17.340460497056203,17.558820724487305,38530980
2019-04-03,17.56845643976254,17.629469349255405,17.395051521989284,17.4656982421875,30510771
2019-04-04,17.513866872132425,17.86709678965743,17.475331630243026,17.722593307495117,44311863
2019-04-08,17.81572138241244,17.86067855680514,16.987231970241957,17.16063690185547,49680057
2019-04-09,17.195960533176457,17.757918790740696,17.195960533176457,17.63910484313965,39914610
2019-04-10,17.64552496300297,18.079037254366575,17.234492175613184,17.828563690185547,52936371
2019-04-11,17.91205610181152,18.432270904771805,17.57488188225765,17.63910484313965,55161906
2019-04-12,17.58130210761487,17.58130210761487,17.234492272572865,17.36936378479004,26838123
2019-04-15,17.488175914554894,17.73864945427405,17.125310378327637,17.192745208740234,30060444
2019-04-16,17.192745470764745,18.319875497948217,17.11567682948132,18.217117309570312,63028710
2019-04-17,18.657051098531156,20.037864685058594,18.657051098531156,20.037864685058594,147514242
2019-04-18,20.005755694176138,20.008967576941743,18.91394891148607,19.048818588256836,94408956
2019-04-19,18.94927006680576,19.845194158144555,18.788709021518827,19.308923721313477,52309287
2019-04-22,19.26718148226478,19.30892677264865,18.364835321008464,18.531816482543945,45757452
2019-04-23,18.544661017485492,18.596040115894272,18.17858540068832,18.29097557067871,29905761
2019-04-24,18.445115037469453,18.67953289060585,18.191431398257706,18.673110961914062,33876855
2019-04-25,18.528603757702168,18.528603757702168,17.98269950383195,18.03407859802246,27877455
2019-04-26,18.01160327685586,18.172162507726274,17.70332683414151,17.777185440063477,24626778
2019-05-06,17.62304921409053,17.7514969741265,16.646846237817147,16.71428108215332,40663092
2019-05-07,16.833093736412557,17.205593130610787,16.72070172533882,17.022554397583008,25722741
2019-05-08,16.70785213165864,17.122096718283924,16.508757706015864,16.65005111694336,29444109
2019-05-09,16.66610765809577,16.778499648369255,16.27113066976533,16.412424087524414,22279170
2019-05-10,16.65326574436354,16.800981106286265,15.959646103589264,16.781713485717773,27139509
2019-05-13,16.762447174343837,16.762447174343837,16.21654285285561,16.383525848388672,19488231
2019-05-14,16.200487345366813,16.377104154463094,16.088097169074857,16.11699676513672,18892434
2019-05-15,16.2518660560287,16.483071980133868,16.161951722368237,16.470226287841797,20408055
2019-05-16,16.45738176916815,16.66289816080643,16.441326030754098,16.52802848815918,17513100
2019-05-17,16.473438691595938,16.52160590492747,16.055982159543717,16.126628875732422,20251446
2019-05-20,16.184431328560446,16.190853256746195,15.57430405183694,15.73486328125,23488791
2019-05-21,15.786241215309968,15.93074653231283,15.638527690643622,15.863309860229492,17958189
2019-05-22,15.892211059462216,15.898632987079871,15.606415987131733,15.712384223937988,15787011
2019-05-23,15.831198804333306,15.889001667652972,15.243550141544485,15.282084465026855,32117157
2019-05-24,15.320618882758472,15.9564366022251,15.092623904402524,15.609626770019531,28129848
2019-05-27,15.510079913423748,15.731652037374884,15.188959641600551,15.673851013183594,23870058
2019-05-28,15.673850741381171,16.216541290283203,15.641737428532732,16.216541290283203,36757644
2019-05-29,15.89863172154823,16.03992514265815,15.821563083886797,15.927533149719238,16997616
2019-05-30,15.895424995297677,15.895424995297677,15.494024149229872,15.532559394836426,16621086
2019-05-31,15.619261027140823,15.712385415775564,15.371998420491277,15.494023323059082,16077201
2019-06-03,15.641738467154882,15.786241953453096,15.426588260345067,15.667428016662598,16188510
2019-06-04,15.55503705004734,15.606417989966735,15.317409160545637,15.577516555786133,14799297
2019-06-05,15.728440708820266,15.847256481428445,15.606416728442976,15.702751159667969,20181438
2019-06-06,15.956436901822622,16.094518460759197,15.734862928496858,15.853678703308105,31904364
2019-06-10,16.37710309092804,16.669321940218172,16.26792112968189,16.344989776611328,39324543
2019-06-11,16.239022041492326,16.59867573836957,16.10415052706721,16.55371856689453,35905902
2019-06-12,16.55692895123783,16.55692895123783,16.2358086893571,16.29682159423828,28137297
2019-06-13,16.280766163347003,16.280766163347003,16.02065880144937,16.126628875732422,20417679
2019-06-14,16.152318399010582,16.213331304947555,15.83119813157304,15.84725570678711,18765924
2019-06-17,15.892213184043698,16.03350663528967,15.734863992876438,15.766977310180664,15901521
2019-06-18,15.77018697792559,15.92753430952876,15.725229809984087,15.799086570739746,16417104
2019-06-19,16.094516116716303,16.16837287209387,15.882575985051421,15.927533149719238,27764901
2019-06-20,15.927536733273033,16.213333684617247,15.760555566167954,16.14910888671875,36350598
2019-06-21,16.120207254385843,16.274344544928923,16.05598246459551,16.23259925842285,31957458
2019-06-24,16.23260253548942,16.338570795717445,16.12342055455014,16.300037384033203,19620348
2019-06-25,16.216543086614355,16.27434595366762,15.959647580138522,16.02387237548828,23622657
2019-06-26,15.9146911965982,16.248655333024807,15.866522143892476,16.065616607666016,17141781
2019-06-27,16.120205267994155,16.3321435570097,16.07524810442685,16.229385375976562,24354324
2019-06-28,16.23259843706883,16.322510933272085,16.12984024857291,16.287187576293945,16551291
2019-07-01,16.56977664815857,16.739967853472265,16.402793650789746,16.669322967529297,34309089
2019-07-02,16.66931995570377,17.468907761452282,16.553716080341736,17.07714080810547,47566902
2019-07-03,17.176690432169693,17.404684482858745,17.077142284716167,17.147789001464844,35617032
2019-07-04,17.154211778151804,17.3757857495992,16.961541076301195,17.096410751342773,24441435
2019-07-05,17.096412772791435,17.266605828078937,16.756026662216435,17.102834701538086,24753987
2019-07-08,17.106042283834668,17.112464210966714,16.460591751801527,16.800979614257812,29192538
2019-07-09,16.75923240358129,17.677635964562615,16.720699003536197,17.62625503540039,54315930
2019-07-10,17.533135470491793,17.533135470491793,17.183113741175895,17.308349609375,35937585
2019-07-11,17.314771002254034,17.388627759922905,16.98401694028256,17.099620819091797,27691110
2019-07-12,17.11567752500026,17.59093508429148,17.083566049192612,17.423952102661133,31125090
2019-07-15,17.43037556849774,17.944166576606047,17.21843723701846,17.773975372314453,36662028
2019-07-16,17.706538719018813,17.74186208055743,17.533135631640498,17.5909366607666,16183827
2019-07-17,17.594147696407116,17.72580733887381,17.468911820008326,17.549190521240234,18638613
2019-07-18,17.45927384996855,17.45927384996855,17.03860730833675,17.163843154907227,26875320
2019-07-19,17.215227262734846,17.414319901102935,17.13494672833825,17.317983627319336,18021675
2019-07-22,17.501021174021115,17.79966194873287,17.353305809256348,17.62946891784668,34603254
2019-07-23,17.597359277491424,18.38410156083471,17.456067663270648,18.088672637939453,42321543
2019-07-24,18.23959431066317,18.387309660447773,18.04692363319474,18.091880798339844,31837191
2019-07-25,18.091883783857668,18.297400187050933,17.924900787532348,18.23959732055664,20706786
2019-07-26,18.12808623767199,18.653397621737945,18.047516350809794,18.505149841308594,31765155
2019-07-29,18.64050879593545,18.675957630823888,18.237661177108052,18.440696716308594,19030206
2019-07-30,18.450364291187018,18.51804403688737,18.221548440767528,18.395578384399414,22645569
2019-07-31,18.305339555484252,18.305339555484252,17.879935084823746,18.031404495239258,26915949
2019-08-01,17.950834089896592,18.13775601898166,17.7832510741262,17.96050262451172,26600880
2019-08-02,17.42230388861136,17.734911286297088,17.354625979379556,17.528654098510742,25253976
2019-08-05,17.46742086653342,17.554435846154515,16.826090629435853,16.880876541137695,31372596
2019-08-06,16.568266203898574,16.751964686883067,16.258880449872834,16.555376052856445,32508657
2019-08-07,16.645612468350297,16.726182365817063,16.29755442075308,16.37167739868164,21339294
2019-08-08,16.478030987551453,16.536040360244368,16.274995416999186,16.391016006469727,21436848
2019-08-09,16.53281789131795,16.745520142941658,16.39101516084574,16.432910919189453,25732032
2019-08-12,16.397458883937013,16.500587463378906,16.049400850362847,16.500587463378906,27221697
2019-08-13,16.27821616516149,16.33622552819019,15.920487764301608,15.952716827392578,40599960
2019-08-14,16.178311684334435,16.27499334515325,16.036508964598347,16.20731544494629,27806187
2019-08-15,15.936605000029228,16.23310061148215,15.804470805607988,16.149307250976562,19933998
2019-08-16,16.210539624190044,16.613385427737438,16.152530256306836,16.45869255065918,27090381
2019-08-19,16.758410809531114,16.81964364101866,16.500589331733362,16.790639877319336,32041875
2019-08-20,16.69073148642191,16.787414993416597,16.53281699721792,16.5747127532959,26398692
2019-08-21,16.54248622263977,16.63594627380371,16.397460034053577,16.63594627380371,25703355
2019-08-22,16.403904590952543,16.403904590952543,16.00750386794422,16.181533813476562,63326772
2019-08-23,16.113856756188063,16.117080216120502,15.546649517664477,15.756128311157227,74090817
2019-08-26,15.475750085459199,15.807696424759747,15.385512558964727,15.801249504089355,42682323
2019-08-27,15.830253733566199,15.994615158707347,15.823808657543037,15.965609550476074,43437480
2019-08-28,16.2105381640894,16.545706034236694,16.04617676648739,16.052621841430664,52952916
2019-08-29,16.04295600768214,16.04295600768214,15.727125153281353,15.823808670043945,29222586
2019-08-30,15.978499300530943,16.078404419142856,15.843141658563411,15.936603546142578,30547602
2019-09-02,16.107410207856937,16.11385528304797,15.901153049068173,16.023618698120117,35501028
2019-09-03,16.110636081740616,16.110636081740616,15.839922598220587,15.949496269226074,28702599
2019-09-04,15.946274506685596,15.946274506685596,15.794803231840328,15.910823822021484,32110506
2019-09-05,15.9527165453176,16.242765199416898,15.949493085840178,16.158973693847656,52472229
2019-09-06,16.223431552288048,16.50058823951132,16.181533951345152,16.271772384643555,43972071
2019-09-09,16.387793565396265,16.648836651413838,16.29433166887725,16.62305450439453,58448523
2019-09-10,16.661729511990583,16.716517268782745,16.391016032190983,16.48447608947754,38512092
2019-09-11,16.519927064907478,16.65528288514863,16.40390647321167,16.471586227416992,34907160
2019-09-12,16.532821151503633,16.558601459490017,16.2298804036439,16.368459701538086,29743443
2019-09-16,16.548928512511107,16.552151971833812,16.387790583977317,16.487695693969727,25136316
2019-09-17,16.500591634357573,16.510260171634794,16.010730758182753,16.104190826416016,31679295
2019-09-18,16.11385704282184,16.155752802265635,16.05262421160871,16.12674903869629,15984897
2019-09-19,16.171865422654122,16.197647568737818,16.049401611819974,16.17508888244629,18512283
2019-09-20,16.242765674335008,16.255657668537268,16.113854952734535,16.136415481567383,20628855
2019-09-23,16.08162962772813,16.097743239315776,15.743238252133638,15.849590301513672,28780551
2019-09-24,15.920489187000067,16.24276693811858,15.852811283404629,16.07196044921875,23950125
2019-09-25,16.065514009499086,16.065514009499086,15.759349895320904,15.804469108581543,24226035
2019-09-26,15.888262284378674,15.952718573531415,15.623995740247029,15.627219200134277,20857335
2019-09-27,15.62721858194535,15.73034716524244,15.591766056841877,15.656222343444824,12204297
2019-09-30,15.67878072973045,15.833473601718353,15.643331893473821,15.720678329467773,14743353
2019-10-08,15.727122819947589,15.875370611111014,15.565984878640085,15.604657173156738,14584452
2019-10-09,15.565987043316069,15.572432119284386,15.237264195830926,15.498309135437012,15141336
2019-10-10,15.598214061430028,15.85603553760776,15.58532390966347,15.791579246520996,18765927
2019-10-11,15.63044214224026,15.778689960194818,15.459635635414584,15.60788345336914,22722522
2019-10-14,15.78513325235342,15.914043982943033,15.630440375645883,15.743237495422363,25164456
2019-10-15,15.759351827177852,15.791579050278415,15.437074985960635,15.469303131103516,22983216
2019-10-16,15.469302404102148,15.546648842359277,15.301717532502762,15.31460952758789,21451062
2019-10-17,15.31460952758789,15.3887325060526,15.275936308459325,15.31460952758789,11553069
2019-10-18,15.466079105736808,15.466079105736808,15.089014523765991,15.114797592163086,22502913
2019-10-21,15.11479778635781,15.14057993304387,14.892426079658827,15.008445739746094,15847608
2019-10-22,15.014891251596051,15.101906224356497,14.992331643465146,15.08257007598877,9967221
2019-10-23,15.079346918100274,15.130911210836176,15.005223938824129,15.01811408996582,9110265
2019-10-24,14.98588649893935,15.089014159828936,14.98588649893935,15.037450790405273,9470652
2019-10-25,15.082571387141597,15.201813591561601,14.966550798680295,15.159917831420898,11122659
2019-10-28,15.156692686210139,15.295271947313477,15.156692686210139,15.243707656860352,15777576
2019-10-29,15.256600646226948,15.433853147439137,15.179254200829886,15.195367813110352,16532814
2019-10-30,14.792521550803409,14.792521550803409,14.019056196910238,14.167303085327148,51725652
2019-10-31,14.164079082828144,14.164079082828144,13.729005154387426,13.809574127197266,33205071
2019-11-01,13.793460660499262,14.099623866811516,13.632322713203706,14.041613578796387,20191350
2019-11-04,14.041614496818847,14.115739322043513,13.89981268822935,13.996496200561523,16235754
2019-11-05,14.025501344552742,14.292991359113115,13.864363381447532,14.164080619812012,23097039
2019-11-06,14.212420096298517,14.454127924201696,14.028722552790665,14.280098915100098,29014263
2019-11-07,14.189861906739905,14.711950830254178,14.080287323960947,14.39934253692627,29050650
2019-11-08,14.786076340393317,14.808635029325414,14.438017327521953,14.463799476623535,27411939
2019-11-11,14.43801663235861,14.43801663235861,14.06095202837113,14.164080619812012,18502074
2019-11-12,14.154412049491658,14.286544395794268,14.035168932163565,14.212421417236328,13370787
2019-11-13,14.218866021048408,14.234980553369367,13.85791598736863,13.948153495788574,17393382
2019-11-14,14.019056175319706,14.122183844031992,13.961045881999068,14.025501251220703,12119367
2019-11-15,14.028724428623557,14.060951651564034,13.79346164417189,13.896590232849121,13844757
2019-11-18,13.825689727392245,13.867585485844634,13.703224067863959,13.803129196166992,16105941
2019-11-19,13.71611411894574,14.099624706121526,13.71611411894574,14.096402168273926,16039044
2019-11-20,14.05128323028603,14.05128323028603,13.86113966285345,13.890144348144531,11816052
2019-11-21,13.922372037069236,14.138297744803875,13.787016228785742,14.05772876739502,17099913
2019-11-22,14.093178162479838,14.37355922929104,14.002940651946298,14.122182846069336,21080670
2019-11-25,14.23176017504088,14.592710263485937,14.031948057916173,14.460576057434082,36517989
2019-11-26,14.43157120144265,14.53147725883727,14.099625804188351,14.373560905456543,29870415
2019-11-27,14.32844141196181,14.331663949791846,14.131851851652927,14.147966384887695,14499294
2019-11-28,14.044837706165085,14.093179464642377,13.906259350858962,13.91592788696289,14436009
2019-11-29,13.944932163589352,14.057729289375416,13.864363183188873,13.98360538482666,13231086
2019-12-02,13.983604064566494,14.031945817059531,13.874030409093999,13.906257629394531,12993279
2019-12-03,13.906257339687958,14.128628105664184,13.854693050647546,14.11251449584961,14114412
2019-12-04,14.089956523602423,14.321995851205513,13.999719007312331,14.222090721130371,20687913
2019-12-05,14.244649042124935,14.312327869132723,14.147966452466001,14.193085670471191,18859359
2019-12-06,14.196308404695202,14.225313089789875,14.009387376440191,14.0867338180542,20443719
2019-12-09,14.086733086825305,14.11573869245664,13.944931284560418,13.980381965637207,17477955
2019-12-10,14.028724345353018,14.028724345353018,13.922372297379166,13.996496200561523,12651951
2019-12-11,13.973936899879615,14.254317985381425,13.919149144728891,14.218867301940918,26661987
2019-12-12,14.209198117668567,14.209198117668567,13.932040504794383,14.012609481811523,24276825
2019-12-13,14.112515273660126,14.144743417107746,13.93204025207181,13.977158546447754,42480249
2019-12-16,13.996496469383981,14.228535796987071,13.932041100605344,14.222090721130371,37579044
2019-12-17,14.234981657570003,14.679724158873599,14.231759119672738,14.515362739562988,57141525
2019-12-18,14.528253162394178,14.528253162394178,14.351001588185225,14.40578842163086,33968739
2019-12-19,14.405788593423793,14.502472109638319,14.263986779140206,14.492803573608398,30349041
2019-12-20,14.5765949575808,15.237264108804213,14.518585586027882,15.024560928344727,86951406
2019-12-23,14.927875772949868,14.960103915193603,14.653939791025945,14.67650032043457,39832527
2019-12-24,14.744178830448305,15.098682877541574,14.744178830448305,15.07612419128418,46980666
2019-12-25,15.16313964644058,15.514420244907022,14.989109694088757,15.09868335723877,57549771
2019-12-26,14.89242618758209,15.227595018972076,14.869867500600032,14.95688247680664,33103716
2019-12-27,14.889204363190725,15.09868408606025,14.824748992919922,14.824748992919922,32886381
2019-12-30,14.937545126381568,15.404847221248628,14.831194003029614,15.353282928466797,58943136
2019-12-31,15.311386064483983,15.501529622335536,15.114797431133534,15.362951278686523,39649848
2020-01-02,15.369395977587411,15.620772371810942,15.311386607869553,15.524088859558105,47803710
2020-01-03,15.533756329943888,15.788356166614019,15.366173308010172,15.482192039489746,38980821
2020-01-06,15.272713635452847,15.852811952265537,15.208258266918104,15.559539794921875,50961414
2020-01-07,15.569208887096224,15.630441719903036,15.39517984685445,15.485417366027832,28020174
2020-01-08,15.32427865642452,15.582100127267623,15.195366998960656,15.237263679504395,33292335
2020-01-09,15.388733571473464,15.533757922735601,15.269491368082031,15.35650634765625,26765100
2020-01-10,15.359726899132676,15.359726899132676,15.021335560562568,15.12124252319336,32788389
2020-01-13,16.632722854614258,16.632722854614258,16.27821787602972,16.632722854614258,155648277
2020-01-14,17.725241241053617,18.044297375842774,17.080687584095983,17.222490310668945,184492788
2020-01-15,17.406187805909433,17.644674053769414,16.848649095747145,17.18059539794922,89611569
2020-01-16,17.238605467195256,17.576996858969885,16.68751181057487,17.43197250366211,100721121
2020-01-17,17.357845741940164,19.175487937264478,17.145143500768715,18.67595863342285,159180114
2020-01-20,18.46648223754605,19.304401159658486,18.208658902952113,18.9370059967041,90232686
2020-01-21,18.601837871032906,18.605061331163476,18.22477417548483,18.279560089111328,61150971
2020-01-22,18.208657583325436,19.497766786531123,18.079748691497958,19.10136604309082,98393985
2020-01-23,18.68885188658493,19.942508576129203,18.534159001848085,19.281841278076172,87475488
2020-02-03,17.35462760925293,17.557661356016414,17.35462760925293,17.35462760925293,30119400
2020-02-04,17.402965636048645,18.53093501628286,17.402965636048645,18.16353988647461,110332590
2020-02-05,18.59539130942443,19.98118215722683,18.36657360463558,19.597673416137695,133869075
2020-02-06,18.8371013572704,19.610565849188944,18.820985900114554,19.578338623046875,90339543
2020-02-07,19.575114464343386,19.575114464343386,18.2602230309134,18.659847259521484,96384477
2020-02-10,19.078808093160593,20.419481642543005,18.966010964367744,19.6363468170166,105838938
2020-02-11,19.336626481829597,19.37530061995377,18.782309462612478,19.027240753173828,58852722
2020-02-12,19.027243575878884,19.529996381570445,18.804872780929237,19.075584411621094,59236668
2020-02-13,18.853212712666483,19.378524181032304,18.530934957584158,18.547048568725586,71084109
2020-02-14,18.550272379980107,18.659846044268193,18.1893223201379,18.337568283081055,63352149
2020-02-17,18.34078933362574,18.872547661933133,18.34078933362574,18.846765518188477,62966700
2020-02-18,18.627619489557684,19.336629483151185,18.617950953525945,19.165822982788086,68509596
2020-02-19,20.77720760775569,20.78043106770908,19.871608989741226,19.952177047729492,131242959
2020-02-20,20.358244811738448,21.947072982788086,20.3389095857139,21.947072982788086,194817282
2020-02-21,21.59256618620097,22.00185889794197,21.167161708142118,21.753705978393555,136556748
2020-02-24,21.08337090475793,21.63768802131222,20.93512493347527,21.334747314453125,107390637
2020-02-25,20.75464507948247,23.26518535709035,20.68052210444758,22.83333396911621,122230227
2020-02-26,22.488499659021326,24.428607627151894,22.237123261729018,23.107271194458008,156830496
2020-02-27,23.100827254856558,23.57457446548691,21.94062872476425,22.575515747070312,81809988
2020-02-28,21.482992877229385,22.23389856747451,20.931899278564327,21.067256927490234,101476056
2020-03-02,21.141381765805015,21.66669326481901,20.62573695877219,21.544227600097656,67692963
2020-03-03,22.494944591642756,22.62385532737152,21.740815404566007,21.872949600219727,82275876
2020-03-04,21.57645273389023,21.85038964499097,20.85777611543988,21.457210540771484,54279759
2020-03-05,21.599013733981046,21.792380752603716,21.109151111892828,21.531335830688477,51001101
2020-03-06,21.109150880611793,21.76981998359688,21.054364973067123,21.06403350830078,44162880
2020-03-09,20.39692110047844,20.39692110047844,19.07236116383718,19.15937614440918,86259546
2020-03-10,18.563165651280862,19.820045871341808,18.47615066822136,19.417198181152344,79433769
2020-03-11,19.58478318314019,19.707248852153235,18.885441698602268,18.9370059967041,66095541
2020-03-12,18.469699960563478,18.582497069396354,18.01528990983264,18.369794845581055,68928255
2020-03-13,17.338508198014075,18.208656053327,16.8712079721509,17.934720993041992,63228900
2020-03-16,18.237663118047095,18.476149361601344,17.364291733156335,17.386852264404297,70853244
2020-03-17,17.364291953237647,17.712351865272538,16.719738268066223,17.087133407592773,53893056
2020-03-18,17.270832191197147,17.61889210911267,16.764857770299486,16.787416458129883,51306669
2020-03-19,16.79386172565467,16.925994067792654,16.07518142862597,16.584381103515625,57767700
2020-03-20,16.855093797233835,17.0130101389746,16.565045104809823,16.913105010986328,42762660
2020-03-23,16.19442568125624,16.371677241075325,15.433851462508823,15.517642974853516,72002928
2020-03-24,15.875372690809607,16.075182952809218,15.272713834598596,16.02684211730957,60504033
2020-03-25,16.613385622894906,17.01623327525911,16.449024208557933,16.832534790039062,86211426
2020-03-26,16.919549906458037,17.783252742891264,16.63272283290843,17.493202209472656,87726852
2020-03-27,17.85415098354497,18.063631601985264,17.54476524534147,17.654340744018555,67908855
2020-03-30,17.72524054876547,18.621172402050203,17.68334663729459,18.118419647216797,97655820
2020-03-31,18.29244849400829,19.33340277754769,17.870265659947343,19.32695770263672,103740432
2020-04-01,19.3043984033704,19.549329706425127,18.376241170059952,18.402023315429688,108320841
2020-04-02,18.273112370568604,18.273112370568604,17.66078596432181,18.221548080444336,69064707
2020-04-03,18.237665926780938,18.237665926780938,17.696240754715728,17.725244522094727,49795605
2020-04-07,18.189320492654822,18.34401335990233,17.918607052929467,18.144201278686523,55770690
2020-04-08,17.983065844142374,17.983065844142374,17.73813451480152,17.828372955322266,38301681
2020-04-09,17.986285427743308,18.221548194438768,17.90249391678829,17.92827606201172,39278796
2020-04-10,18.137759678549173,18.137759678549173,17.451308335048648,17.589887619018555,38870016
2020-04-13,17.63822642083643,18.028180193377416,17.63822642083643,17.97661590576172,30141768
2020-04-14,17.983066314262032,18.69207448451366,17.847708649942348,18.659847259521484,69344115
2020-04-15,19.13037354054135,20.106871770034992,18.814540823284695,19.388195037841797,90888108
2020-04-16,19.36885327118871,19.755585423428965,19.03046194644685,19.336626052856445,48550344
2020-04-17,19.529995069110573,19.652458880244595,18.91122171750213,18.94989585876465,46272630
2020-04-20,19.143260741102768,19.143260741102768,18.74363655987445,18.962785720825195,31751829
2020-04-21,18.85321429524736,19.233501451177894,18.627620032161303,19.136817932128906,43441386
2020-04-22,18.8209849006714,19.336629711986497,18.653401858363882,19.152931213378906,35934606
2020-04-23,19.333406230223982,19.513881268552186,18.70496613410626,18.77264404296875,34266294
2020-04-24,18.908002478884775,19.494548739776377,18.853216558644736,18.927339553833008,40025679
2020-04-27,19.02079351087741,19.04335403909461,18.331120708114067,18.369794845581055,40749996
2020-04-28,18.36979348853072,18.559937014166533,17.64789167651322,18.340787887573242,38186040
2020-04-29,18.75652815924717,19.1593739476465,18.550270997565306,18.695295333862305,49001268
2020-04-30,18.95634285742539,19.52355013019952,18.85643587841789,19.330184936523438,64937532
2020-05-06,19.143262070723143,20.142320749100342,19.04658040049411,20.042415618896484,68492169
2020-05-07,20.03597056963136,20.03597056963136,19.330184049148375,19.375303268432617,66693492
2020-05-08,19.372078130560677,19.497765397589795,19.111033217402703,19.26572608947754,50892819
2020-05-11,19.107813821030003,19.22705603810097,18.727528479374048,18.969236373901367,56781963
2020-05-12,18.978899326032536,19.05946922302246,18.756528549478393,19.05946922302246,30190698
2020-05-13,19.056246649389152,19.256058749237962,18.853212933725032,19.01435089111328,32821248
2020-05-14,18.982122541567296,18.982122541567296,18.54704768513751,18.592166900634766,35013039
2020-05-15,18.62439426111953,18.878994101555037,18.46647977182107,18.682405471801758,30472818
2020-05-18,18.498708220397262,18.820984139846114,18.176430456863773,18.427806854248047,30925347
2020-05-19,18.692074508514686,18.88544154688553,18.611506445930793,18.753307342529297,27845949
2020-05-20,18.91766733854989,19.43331212044076,18.907998802955447,19.017574310302734,48961755
2020-05-21,19.04980204175641,19.13359540445169,18.373019284743886,18.41813850402832,35998767
2020-05-22,18.42136159354401,18.58572301156539,17.889603196846785,18.053964614868164,27419583
2020-05-25,18.05718870893937,18.22477359276052,17.825149377245634,18.215105056762695,17909109
2020-05-26,18.305341590476257,18.81453947209722,18.305341590476257,18.78875732421875,29027304
2020-05-27,19.207717121357575,19.320514240092624,18.39235514433233,18.4793701171875,33583926
2020-05-28,18.482594453190732,18.766198071314726,18.17643030379944,18.530935287475586,25567569
2020-05-29,18.408472210259145,18.69852091577283,18.308565233677538,18.49226188659668,18250170
2020-06-01,18.611505026350738,19.236721627103623,18.511598054648402,19.1142578125,47667393
2020-06-02,19.19804997477584,20.03919231443796,18.975677336903228,19.6524600982666,60471330
2020-06-03,19.591228311987575,19.67502167969163,19.169045389634572,19.314069747924805,43151385
2020-06-04,19.491318357877585,19.723357642604185,19.243165464444395,19.365631103515625,31112196
2020-06-05,19.65890608915551,20.39369825612246,19.442982205317623,20.367916107177734,78151866
2020-06-08,20.303458697528463,20.57094868435255,20.126205296816092,20.229333877563477,50958933
2020-06-09,20.303461981033866,20.757872132929343,19.881279054812662,19.971515655517578,60587859
2020-06-10,20.06497583875686,20.116540137783986,19.5557779248428,19.681467056274414,55287825
2020-06-11,19.939286862180456,20.690192594679043,19.823266277156137,20.24222755432129,83332656
2020-06-12,19.78781662925246,19.958624977819067,19.539663678736268,19.807153701782227,51866430
2020-06-15,20.14232040674821,20.58706382739814,19.739474588720324,20.15521240234375,58233684
2020-06-16,20.56128152454178,20.773983775537733,20.345355813650205,20.6418514251709,63550479
2020-06-17,20.625735462729885,20.657964528640004,20.097202386086384,20.57094955444336,41459754
2020-06-18,20.561281358695574,21.515220786714224,20.284122820614954,21.50877571105957,82198608
2020-06-19,21.492660520604314,22.133992525274504,21.36697325619338,21.589344024658203,63736761
2020-06-22,21.463660069836184,22.16622316318494,21.363753090744375,21.898733139038086,58187631
2020-06-23,21.776264923480458,23.232958925483477,21.59256644335375,22.888120651245117,77260815
2020-06-24,22.913905971267035,23.545567657202373,22.804330462329883,23.11049461364746,58117794
2020-06-29,23.042816423405526,23.34253551921788,22.65608418825948,22.746322631835938,51292890
2020-06-30,23.01381044350497,23.477889081017935,22.839780493416463,23.14272117614746,50316603
2020-07-01,23.593911134311114,24.315811282143777,22.89134621451759,23.355424880981445,69886773
2020-07-02,23.406989671003153,24.04510015595715,23.139499647929984,23.236183166503906,62968254
2020-07-03,23.622912732041698,25.572690963745117,23.60035404602246,25.572690963745117,136451841
2020-07-06,25.566247453486493,26.294594551747636,24.947475872433696,26.065776824951172,137366544
2020-07-07,27.316208410818223,28.521526033864333,26.771561732537002,26.813457489013672,138197907
2020-07-08,26.407389255492003,27.161516589496834,26.381607108653505,26.665210723876953,94830864
2020-07-09,26.6684312604227,27.812516054675648,26.252695312029438,27.19696617126465,97552956
2020-07-10,27.222751113533526,29.765518961441774,26.76511751763856,28.679445266723633,117930993
2020-07-13,29.842861467919477,31.550928115844727,29.74295450333397,31.550928115844727,173285784
2020-07-14,31.550928670306146,31.55415213002456,29.191861435582712,31.141637802124023,160025607
2020-07-15,31.260880345937387,31.354342237976937,29.871866089292567,30.455188751220703,115363785
2020-07-16,30.422961393598417,30.777466379042902,27.409671783447266,27.409671783447266,167350089
2020-07-17,26.755447271469116,27.509576448309904,25.804731299905477,26.284923553466797,128357796
2020-07-20,26.974598493837803,28.77935075095679,26.301039166012885,28.089677810668945,128454831
2020-07-21,28.972711893234187,29.43356889038647,28.257256904233454,28.382946014404297,94498302
2020-07-22,27.71583366678914,28.837357976234053,27.554695710080033,28.09934425354004,80069640
2020-07-23,27.735171019936313,28.682665386845077,27.580478137342418,28.656883239746094,96702468
2020-07-24,28.2894870022624,28.405505737644656,26.587863515951366,26.79734230041504,114442122
2020-07-27,26.910140991210938,27.458013010766066,26.52340877721684,26.910140991210938,62373066
2020-07-28,27.709384770370995,27.92853206622455,26.748998550058797,27.04227066040039,64279101
2020-07-29,26.84890908031527,28.199249244887536,26.594309228977497,28.009105682373047,85505535
2020-07-30,28.044555207646315,28.24114383770757,27.167962255588375,27.396778106689453,66630402
2020-07-31,27.380663979598257,27.92853410327707,26.897248296783076,27.519243240356445,76862220
2020-08-03,27.52568922196498,27.876970730858094,27.200189859083153,27.76095199584961,83173608
2020-08-04,28.02199759419181,29.32721853710322,27.99943706333288,28.68266487121582,114289539
2020-08-05,28.682663075563877,28.682663075563877,27.902753649686787,28.38939094543457,56224452
2020-08-06,28.621431969735845,28.876031819667446,28.038111134100195,28.59242820739746,60700098
2020-08-07,28.23148056946552,28.605320804654948,27.010049196673194,27.516023635864258,72956448
2020-08-10,27.003601216053067,27.18407623806382,25.78216997463518,26.420278549194336,100504452
2020-08-11,26.39449882983989,26.81346012394656,26.08833650945552,26.1076717376709,57293841
2020-08-12,26.16245723225325,26.420278693678558,25.282640803607688,26.413833618164062,65533800
2020-08-13,26.910140521124475,27.006824033955223,26.31392767676692,26.36227035522461,40352937
2020-08-14,26.458953061134938,26.616869399139688,25.78217033604421,26.400941848754883,35740293
2020-08-17,26.49117775569915,26.823124011005874,26.21079763228327,26.719993591308594,44888982
2020-08-18,27.09410826775394,27.25536476183719,26.381360912150924,26.507139205932617,48082650
2020-08-19,26.25235559029431,26.329758039465197,25.646035482412408,25.68796157836914,55593075
2020-08-20,25.684736355165544,25.800840954212426,25.188071089968307,25.333200454711914,36492153
2020-08-21,25.800839552859124,26.007246077358328,25.446077877521144,25.668611526489258,33148644
2020-08-24,25.768589263491165,26.536163995832275,25.700862352611054,26.26848030090332,50943183
2020-08-25,26.123352406114368,26.72967068941343,25.962095914068215,26.14592742919922,43108902
2020-08-26,26.445860807314006,27.513371662238146,26.342657541687256,26.903825759887695,95347047
2020-08-27,27.89715582866216,28.235792208288192,27.316638429783026,27.54561996459961,75050100
2020-08-28,27.41339535429238,27.75525759327029,26.77482461677948,27.53594970703125,55311729
2020-08-31,28.064863964048033,28.451876204914235,27.374691673148323,27.44564437866211,63398181
2020-09-01,28.055190053356156,30.154733657836914,27.835884026864857,30.154733657836914,118169289
2020-09-02,30.92230783498708,30.961009983267765,29.55163873732616,30.409517288208008,118140324
2020-09-03,29.95477436351352,30.690098525192568,29.719341230933935,29.858022689819336,67659891
2020-09-04,28.638935305607447,29.21622883186501,28.387376871876768,29.02594757080078,65826324
2020-09-07,28.858243175520766,31.444778542509024,28.832442356194054,30.554649353027344,122133975
2020-09-08,30.922306674318598,30.922306674318598,29.251703371868455,29.338781356811523,83116782
2020-09-09,28.3841507036258,28.542181401863278,27.368243290202063,27.67462730407715,78197568
2020-09-10,28.32932609624297,29.08077377376177,28.026164175282464,28.119693756103516,64437603
2020-09-11,28.33255063677198,29.39361000061035,28.12936988101192,29.39361000061035,60473031
2020-09-14,29.445210824576115,30.4772453921738,29.445210824576115,29.799972534179688,66492651
2020-09-15,30.319212334746318,32.81544174899303,30.154731901746505,32.686439514160156,172554687
2020-09-16,32.341354501072,34.78920816295534,31.928541429810508,33.957130432128906,146678919
2020-09-17,34.0280849498155,37.39187240600586,33.91198219005854,37.39187240600586,180229140
2020-09-18,36.76297708918997,37.088712204993904,35.95992404407501,36.89198303222656,139155885
2020-09-21,37.411218889841386,38.481957438149884,33.65074740255951,34.063560485839844,174719490
2020-09-22,34.34737124088039,35.685787963978385,33.54431825434952,34.54087829589844,137232369
2020-09-23,35.15364236626239,35.80189037383893,34.28286625314542,35.66965866088867,111897042
2020-09-24,34.79243495241947,35.48583308127764,34.189340608193085,34.2893180847168,78098010
2020-09-25,34.89563318490307,35.40842367046021,33.47658657131092,33.87004852294922,96502065
2020-09-28,34.24739758852624,34.863391486454496,34.073241588648216,34.31512451171875,62330361
2020-09-29,35.02141715972973,35.318127475704046,33.62172146396129,34.798885345458984,79763709
2020-09-30,35.018190833895396,38.130417773977875,34.540876652949244,37.472496032714844,131598399
2020-10-09,39.70104568075895,40.68147675521426,38.44325535414877,38.7883415222168,166371417
2020-10-12,39.92680180288476,41.61353043075437,38.84639329212689,41.44260025024414,156537576
2020-10-13,41.05559483722964,42.5326913163536,40.31381711230454,41.6973876953125,137074338
2020-10-14,41.65223835003737,42.674597471468005,41.313603736225545,42.0811767578125,91714470
2020-10-15,43.40991494234627,44.41937446034861,42.355305377969025,42.4262580871582,119339004
2020-10-16,42.751993900420345,43.16803277998389,40.3138138472247,41.1684684753418,123144576
2020-10-19,41.28134731065033,41.86509430071988,40.75888303264707,41.29425048828125,65283951
2020-10-20,40.69437930515701,45.25790002754826,40.69437930515701,45.083744049072266,160492803
2020-10-21,44.50322852212913,45.05472124773993,43.27123713310538,44.306495666503906,113311095
2020-10-22,44.258116289326516,46.76402312117242,42.593964553211485,46.37378692626953,127939017
2020-10-23,45.8029430531672,47.01558326701348,44.022684879632,44.732208251953125,118808736
2020-10-26,44.02269166706005,46.0706320112307,42.926154035012125,45.11277770996094,92278842
2020-10-27,44.31939766084983,45.63523752260283,43.80660340851156,45.24177551269531,88169784
2020-10-28,44.99344754841027,49.49891909821908,44.83541683748533,48.81842041015625,152649654
2020-10-29,47.70253279619347,53.78185583958195,47.70253279619347,51.07921600341797,184040685
2020-10-30,51.60168297528098,54.92354238023798,49.73112462944544,51.53718185424805,199807014
2020-11-02,51.89517022951106,54.42365416782143,51.762942186283496,54.17531967163086,157473279
2020-11-03,55.471805010995446,55.6169362129626,51.466225174107485,52.91752243041992,198484992
2020-11-04,53.859257704275734,54.93321839270779,52.56921677491902,54.191444396972656,138284469
2020-11-05,56.439338954029154,59.609619140625,55.149298122953496,59.609619140625,202227633
2020-11-06,61.11574144256959,64.13121679093456,58.01641759066963,61.41890335083008,242300055
2020-11-09,61.79301410747254,62.46060955730782,59.38063678806158,61.5833854675293,157504836
2020-11-10,60.26432072359312,60.27076862157596,57.045664397144066,58.883975982666016,190604850
2020-11-11,57.05211652222909,58.66144470058052,52.99493446181154,53.004608154296875,241702545
2020-11-12,54.181771757376055,55.89107740604678,53.46579672089815,54.61071014404297,175991883
2020-11-13,58.05189801472651,58.70336823202307,55.88785132594244,56.7296028137207,182758176
2020-11-16,55.15897177326185,55.31055087876758,52.73046921854258,54.83323669433594,162769617
2020-11-17,55.95557644671357,56.497395472807085,53.040082152907836,53.859256744384766,170522802
2020-11-18,53.49804529060247,54.56233226783901,52.327332937398424,53.859256744384766,125109948
2020-11-19,54.1817667618736,54.407524369437404,51.44687649981835,52.124149322509766,141016320
2020-11-20,53.10135897457557,57.161770453908346,52.64017002961258,56.78120422363281,212258082
2020-11-23,57.05211289620251,59.67089680884495,55.494386455403784,59.40644073486328,181207992
2020-11-24,61.84784534566696,62.886329681053255,58.28088078097688,59.40321731567383,194025627
2020-11-25,59.01943082463308,61.82527409427146,58.24540624051089,59.19036102294922,142157292
2020-11-26,59.21615870760105,59.599943327498245,55.22347807810388,56.703800201416016,148961457
2020-11-27,56.53931839544115,57.37462193875035,54.6107068244623,56.14908218383789,119242845
2020-11-30,55.31055883554423,57.00051717965281,53.539977772182944,55.52019119262695,113763849
2020-12-01,54.40752833271224,57.084365568098114,53.859257708210386,57.02308654785156,120469293
2020-12-02,55.18155237758198,55.63306762140395,54.18177020519341,54.74616241455078,147720414
2020-12-03,54.74616149165646,56.00717762060591,53.84635681350734,55.17832565307617,109674243
2020-12-04,55.34281024471502,57.664883953562466,54.955796114486965,55.42666244506836,118346964
2020-12-07,55.24605618454608,56.97471294334262,54.539758517246504,56.532875061035156,96655767
2020-12-08,57.439121974969375,58.6969122666706,56.98761044502638,57.39719772338867,133722972
2020-12-09,57.729382044502344,58.38408171341414,55.79431887673489,55.87172317504883,94714341
2020-12-10,54.18176812710936,55.3621578280902,53.54319743610203,54.67198181152344,111130884
2020-12-11,54.617159698392065,54.617159698392065,52.504714715411204,53.859256744384766,106463454
2020-12-14,53.79475130674009,55.110594771105106,52.56921162128715,54.89128875732422,90639675
2020-12-15,54.90741449733874,56.45546347379119,54.34301864253304,56.342586517333984,108665406
2020-12-16,56.76184710493482,56.987608398057084,55.117046462242946,55.42988204956055,71446155
2020-12-17,55.207357892674366,55.77175013118119,54.50750812135276,55.40408706665039,56931780
2020-12-18,55.63306784122934,58.08092164517457,55.220254746010134,56.7618522644043,146545530
2020-12-21,56.92310709266042,62.43803787231445,56.60059779419858,62.43803787231445,200339289
2020-12-22,62.2380809746407,62.2380809746407,59.23228303910421,59.34193420410156,176043123
2020-12-23,59.306460147943035,61.535007869049515,59.00652771610163,60.24174118041992,128123835
2020-12-24,59.66444301003109,59.66444301003109,58.05189289030481,59.01942443847656,78136062
2020-12-25,59.12262943275848,60.03533358012416,58.40665444222099,59.73540115356445,63399207
2020-12-28,59.43869315019223,61.39632955728363,58.89042252886015,60.609405517578125,91015293
2020-12-29,59.986962321512856,59.986962321512856,57.55523370865366,57.60038375854492,108353346
2020-12-30,58.26475253048721,61.905895416657465,58.26475253048721,59.98695755004883,153129324
2020-12-31,60.90933974811135,63.15723483122814,59.42578812051248,62.66379165649414,151535826
2021-01-04,60.95448178232934,68.10131286419498,60.33848803428469,66.68226623535156,176850483
2021-01-05,66.43716515858395,71.3490014977331,65.15034640251285,70.9200668334961,163591791
2021-01-06,70.86201098648421,71.655386588319,68.37222932221432,69.75902557373047,130395642
2021-01-07,69.85577206210621,73.63559801503155,69.081751283194,72.57776641845703,128580762
2021-01-08,75.1449513490888,75.57066761263737,71.17807328955068,73.3743667602539,128027508
2021-01-11,75.65774558433786,79.01508155990916,74.49348477330267,75.74482727050781,160276398
2021-01-12,74.75793741492159,77.3218976218312,70.95231953303593,76.43177032470703,129937374
2021-01-13,76.75750815279645,80.58893234104427,74.07744153038965,77.17676544189453,144104361
2021-01-14,74.82244517835508,75.93510059790917,71.70699228757117,72.22623443603516,133786506
2021-01-15,71.59733891322593,73.8291087687959,69.82352850661742,72.6293716430664,113115138
2021-01-18,70.95231910661921,72.2423563063365,69.74612303091281,71.49736022949219,79136799
2021-01-19,71.61668557926039,72.6293709147464,68.87535097488657,69.72677612304688,82875039
2021-01-20,70.92005911532544,72.98412426575433,70.31050957000745,71.59732818603516,114420324
2021-01-21,70.95231751463925,77.27352327279975,69.92350323785585,75.95767974853516,175712961
2021-01-22,76.02218383703077,78.58291827679473,74.66441231700993,78.3442611694336,127166034
2021-01-25,79.49883069687209,84.80413201891871,79.01506497786134,83.85272216796875,167816682
2021-01-26,82.88520344921675,84.68803858487783,80.94691448198071,81.9886245727539,118366632
2021-01-27,80.69213291934872,83.67213187134135,75.62871385992958,82.88520050048828,156405300
2021-01-28,79.32791986846041,81.43391341808788,78.36361398919092,78.80867767333984,97938525
2021-01-29,80.30512913058728,80.76632178859303,76.59625524431713,79.66011047363281,100794807
2021-02-01,79.01507654024363,80.66955465556087,77.08001338104026,79.62462615966797,79138350
2021-02-02,81.27265731305722,86.43282849190676,80.7888914957176,86.27156829833984,141329991
2021-02-03,86.46506707430862,88.16469878832018,83.9494792673398,84.82025909423828,115208856
2021-02-04,83.20772748776685,85.42982759020609,82.34985064664794,83.82049560546875,93105270
2021-02-05,84.49775371950187,86.52311681145915,79.82134899461126,80.30511474609375,144165153
2021-02-08,80.30189116026114,81.58870986619249,77.4057481596616,80.69213104248047,111738531
2021-02-09,81.6274139117994,83.53667066290538,79.82135304614569,82.88520050048828,112486284
2021-02-10,84.1752356959993,87.29068812926471,81.59515430380807,86.09416961669922,125681613
2021-02-18,86.71018803056663,86.71018803056663,82.34661827754387,83.52700805664062,141793674
2021-02-19,82.2079352018077,83.09806249963856,79.25051667076055,82.99808502197266,114776106
2021-02-22,82.75619355596622,82.77554093796833,77.22513800569159,77.24771118164062,128139279
2021-02-23,74.04518717952693,75.79641689543303,71.8875959905951,72.56486511230469,142953066
2021-02-24,72.56487084751227,73.72268003407248,65.66314732201921,67.40147399902344,202945554
2021-02-25,69.58809625573947,69.61389522821773,66.3726658649988,67.4853286743164,110859666
2021-02-26,63.37332002105151,65.7921490294886,62.56704122434571,63.62165451049805,151084806
2021-03-01,64.82462149848247,68.04650371172686,63.69583701752688,68.0174789428711,133288053
2021-03-02,69.22688787415554,69.59777301336976,66.18561349290253,68.17872619628906,116378505
2021-03-03,66.11466340752683,67.82396533901556,65.137454400806,67.6465835571289,78918540
2021-03-04,66.11467241851349,66.14692298491747,63.631334515318464,64.01834869384766,104054973
2021-03-05,60.42879564846359,64.34407569565492,60.045011026196555,63.331390380859375,97595727
2021-03-08,63.33138910828438,63.64099891158479,56.997283935546875,56.997283935546875,177398469
2021-03-09,55.604037242295036,57.60037559126495,52.25637540172792,55.04609298706055,179761485
2021-03-10,58.051897624105976,58.65821778821395,56.69090397195351,57.1456413269043,129452151
2021-03-11,57.068239383347766,59.66444648207326,56.14908362092836,59.0097541809082,110348370
2021-03-12,60.04178338035313,60.62875242082478,57.69712932174212,58.593711853027344,90554466
2021-03-15,57.584254042463,58.3744038451719,55.47180911766324,56.20068359375,88680717
2021-03-16,57.27141488767831,57.76163223361575,55.91364718600135,56.913429260253906,59116920
2021-03-17,56.12328037904901,58.04222197838195,55.30410579432684,57.04566192626953,64111584
2021-03-18,57.66165200709197,58.25507262590406,57.174664138119326,57.584251403808594,60319311
2021-03-19,55.79431652681455,56.55866733169172,54.71713382014116,55.19767379760742,77468166
2021-03-22,55.57824170559691,56.59414918647272,54.830016107649776,56.05233383178711,55704873
2021-03-23,56.69735112332918,56.819905472289236,53.63350347184824,54.494606018066406,67994691
2021-03-24,54.178543290490225,54.581682683603226,52.24670590315151,52.4853630065918,74480790
2021-03-25,50.63415136608173,52.714345735707774,50.182636137441655,51.98869705200195,76857192
2021-03-26,52.57243862017783,55.471807467212045,52.536962266607894,55.14607238769531,98559096
2021-03-29,54.83001361018213,54.98159641401973,53.14973649930098,54.214019775390625,70418592
2021-03-30,51.92419453718274,54.50428009033203,51.31142647894943,54.50428009033203,101679270
2021-03-31,54.57200030405138,55.67821141999947,52.427304982042656,53.05620193481445,81045909
2021-04-01,54.181769298426474,55.43955963325764,53.86248210060034,54.52685546875,89987340
2021-04-02,55.14607695022988,57.47138012598272,54.36882659233868,56.71992874145508,104859600
2021-04-06,57.01986170325578,57.806785709681506,55.729817144980096,56.79087829589844,76772955
2021-04-07,57.13273711509197,57.43267322337962,54.66553240828429,55.14607238769531,84511050
2021-04-08,54.50427998862398,55.31055510773598,53.89795982940272,54.981597900390625,48012918
2021-04-09,55.43956255496268,55.504063680445554,53.53674982649537,53.768959045410156,61498731
2021-04-12,53.77218082106871,54.63005753656462,52.440212010689244,52.71757125854492,60380400
2021-04-13,52.72402447987797,54.06244501380574,52.72402447987797,52.894954681396484,47028882
2021-04-14,53.859255606598566,55.14930017655164,53.859255606598566,55.133174896240234,88647435
2021-04-15,54.343018495656445,54.391398024847234,52.7304684055868,53.37226486206055,74249967
2021-04-16,53.343236123915375,53.66574909289344,51.70810917493767,53.31098556518555,70379832
2021-04-19,53.21423840009194,57.08436482918954,52.94977862891262,56.77798080444336,152205150
2021-04-20,56.439344104958366,56.439344104958366,54.75584112811495,55.226707458496094,112703109
2021-04-21,54.504275455127114,55.01706968045919,53.91408062592826,54.372047424316406,69146664
2021-04-22,54.82679036628961,55.400859974831796,53.93021513282752,54.4107551574707,59252532
2021-04-23,53.91730449313641,55.27185007537599,53.62381998606848,54.58489990234375,68648397
2021-04-26,54.826786708222876,55.794318281789636,53.93988522634672,54.020511627197266,95854230
2021-04-27,53.53674178190766,53.988256974122415,52.69821620410866,53.194881439208984,76691763
2021-04-28,53.16908543736524,54.355923012032484,52.55631373062619,53.37548828125,65523594
2021-04-29,52.569214422063425,53.19165983465161,52.311206247739825,52.5530891418457,82756212
2021-04-30,52.08222793000994,52.311207653422635,50.54062674022622,51.14049530029297,107969742
2021-05-06,50.63415175433911,50.63415175433911,48.37657928466797,48.37657928466797,126947424
2021-05-07,47.77026050263771,48.36368117153415,46.2447845765747,46.425392150878906,113394114
2021-05-10,46.42538933868951,47.84443611081254,45.61588847937006,47.4090461730957,78221625
2021-05-11,46.34475790208104,47.976658929058615,45.464304430770405,47.26713562011719,80891988
2021-05-12,47.81540733626534,49.98912752540806,47.81540733626534,49.57954025268555,115397742
2021-05-13,48.61846025157953,48.6990866502408,47.912162664954884,48.05084228515625,63808827
2021-05-14,47.699299370600535,49.69886336727161,47.18650888721387,49.51503372192383,90083598
2021-05-17,50.12780962819749,51.88549091401309,49.81174824745228,51.53072738647461,108900768
2021-05-18,51.60168362073789,52.18220478981591,50.59544988034141,51.18242263793945,58485636
2021-05-19,51.5694324428225,56.116831604079735,51.562980854379674,55.72336959838867,178947261
2021-05-20,54.82678681639536,57.26496682949489,54.536528081920665,55.77497100830078,149966544
2021-05-21,56.12005583093412,57.40364877304301,54.85903975690452,55.858821868896484,100489653
2021-05-24,55.44278689268014,56.60059978071043,54.82034145193995,55.94590377807617,81516861
2021-05-25,56.4393442081258,57.40687584421276,55.697570199848485,56.929561614990234,99456861
2021-05-26,57.406875796257594,59.528994543223284,56.76185347579168,56.816680908203125,103673397
2021-05-27,57.72938339533819,57.948693118466025,56.278085985553034,57.229496002197266,70207830
2021-05-28,57.22949251850608,59.66444297647283,56.784425201559046,58.593711853027344,111358461
2021-05-31,56.52319615086169,57.7648649435731,54.88484322763734,57.632633209228516,131265948
2021-06-01,57.642308817097366,61.567258964281066,57.642308817097366,61.10284423828125,154081236
2021-06-02,61.27700053781685,61.87364699716484,59.72895144316942,60.14821243286133,88304892
2021-06-03,60.180464646433066,60.470723380491414,58.109947668419444,59.30968475341797,75240171
2021-06-04,58.57113742117753,61.922021623654445,58.219599664760345,61.083492279052734,95954517
2021-06-07,61.59950595553186,62.20260396544363,60.309465124741855,61.38987731933594,76355406
2021-06-08,62.56704374601195,66.30816806495618,62.32516083541953,65.40836334228516,167771568
2021-06-09,65.43738027307943,65.63089100738503,63.54101936696291,65.14712524414062,94966746
2021-06-10,65.16325312896062,69.67839822828245,64.82461853830556,69.052734375,132300096
2021-06-11,69.1140072548995,74.16129751899504,68.39803594836398,73.21633911132812,162025533
2021-06-15,74.6740836566459,76.69299521372976,72.52293668849306,74.92564392089844,155430225
2021-06-16,72.8873702916997,74.71277831275846,67.94005829305075,68.04971313476562,185452770
2021-06-17,68.0368231128848,74.85469818115234,67.99489516799424,74.85469818115234,155993274
2021-06-18,76.11247362712643,81.37584721702247,75.67708741573726,79.01506805419922,171568803
2021-06-21,78.65386854929308,80.48572843291868,74.86436495279666,78.23460388183594,129157905
2021-06-22,78.37006347266119,79.66010813030225,76.1124871672095,76.71881103515625,94928424
2021-06-23,75.14494531383468,80.56312032938642,74.98369252165982,78.46680450439453,118350180
2021-06-24,78.69258495602028,81.23073921676367,77.46058970245019,78.9796142578125,93685512
2021-06-25,79.66010019927698,80.19546391771274,76.7575055448298,79.01184844970703,88950708
2021-06-28,79.01185176372525,82.24018532542858,78.53776335048441,81.79834747314453,104181594
2021-06-29,83.01420479482266,83.72372444270687,80.62762662737302,81.69190979003906,91877262
2021-06-30,80.62762869353162,82.723944515029,79.3375842132442,80.95013427734375,85622193
2021-07-01,80.95013925398865,81.43390504112739,75.98347914114565,76.30599212646484,126780861
2021-07-02,75.14495201346027,78.53131262280453,73.81943844207805,77.0929183959961,112278039
2021-07-05,76.12538773795963,80.6276370168773,75.973804930744,80.48250579833984,97470348
2021-07-06,82.2401921620626,84.18170709611603,77.7250468176469,80.78889465332031,155375010
2021-07-07,78.6925726402835,83.40122101649375,77.68633888988869,82.26921081542969,115915968
2021-07-08,81.5951665337291,84.34940429406811,80.98884270213566,81.25975036621094,118172985
2021-07-09,80.91143627821405,82.23695717883078,78.00884158504927,80.2470703125,109484097
2021-07-12,81.69192983617008,88.01636242459273,81.1114122760535,85.94261932373047,168017124
2021-07-13,85.94583277410048,86.99076866123562,83.9236879157549,85.49754333496094,83194173
2021-07-14,84.17524982075014,84.17524982075014,79.01507878880304,79.10861206054688,183815058
2021-07-15,77.08001520064845,78.54744157580288,74.1774203933226,76.24149322509766,165569601
2021-07-16,76.03185850388645,76.03185850388645,71.28450073571204,71.89404296875,168822444
2021-07-19,70.95232165912665,74.81922236649169,69.11401009446406,72.2326889038086,111656169
2021-07-20,70.9523255876421,74.00327026571878,70.6652889258216,73.37115478515625,74024898
2021-07-21,74.56443945412686,79.01185784958149,74.18065110566782,77.79922485351562,141453357
2021-07-22,79.43434431470553,80.44702967133142,77.45735313499745,80.29222106933594,112431981
2021-07-23,79.80200724337293,84.4977596817192,79.0408822104902,83.4270248413086,138168681
2021-07-26,80.81468436632234,83.76888437607687,77.72825632263852,80.15998840332031,121328472
2021-07-27,79.3375904019014,83.16901461355744,76.49949675289389,76.98648834228516,113312160
2021-07-28,74.17420835774465,77.75730617472223,72.23914479392198,76.27375793457031,99659589
2021-07-29,79.64075067888707,82.98195759297779,78.31201129600484,82.94970703125,128655315
2021-07-30,82.94649921140172,86.52958948687527,81.31459400552059,85.37177276611328,137398197
2021-08-02,89.01290755871317,93.90861511230469,88.14212763886795,93.90861511230469,186677709
2021-08-03,96.43064683937324,96.43064683937324,88.69361984704109,90.32875061035156,146804559
2021-08-04,91.27370177663941,99.36226654052734,90.9479703702427,99.36226654052734,160291917
2021-08-05,97.07567901774615,98.76885942281335,95.0986877509758,96.57901000976562,110646873
2021-08-06,100.99571415795896,102.38318878064152,96.31699661760506,97.92389678955078,136087881
2021-08-09,95.18765542165315,95.96205901453524,91.3156153012514,94.71977996826172,102486237
2021-08-10,94.72300459056252,97.54636463410121,90.99294017130865,94.21964263916016,99310548
2021-08-11,93.25164021205866,96.42348470472503,92.33525359399577,95.18443298339844,79198185
2021-08-12,94.54231006013444,101.11832641108644,93.37101881512993,99.69857788085938,114833694
2021-08-13,97.76901221338848,100.83437482100835,96.15243724927015,96.80745697021484,74071938
2021-08-16,95.83299332537567,95.83299332537567,91.96095319101705,92.09001922607422,91520103
2021-08-17,91.46081054302,93.73564001320364,89.70225997986402,90.4476318359375,81617520
2021-08-18,92.0932393901935,92.95799505082584,89.76356662180113,91.528564453125,66516906
2021-08-19,91.52856851534938,96.37507329697578,89.88618185775165,94.7746353149414,108501537
2021-08-20,93.2516335931109,94.73591511876295,90.99294110393157,91.989990234375,74151960
2021-08-23,90.83160853227916,95.00695670747986,88.91171807080939,93.509765625,88748061
2021-08-24,94.47454267417942,97.44633293848956,93.59043006698617,96.23632049560547,82319718
2021-08-25,96.09112350514891,96.7364684384002,93.89697141101948,95.5748519897461,53743614
2021-08-26,95.83299954393775,96.40412195585691,91.15428161621094,91.15428161621094,79104477
2021-08-27,90.66704771774977,95.52000768006152,90.34761000393426,92.97737121582031,78866790
2021-08-30,89.52157127320099,92.92896334635529,88.39867608780725,90.98326110839844,125727702
2021-08-31,92.56756670118496,92.56756670118496,86.00768744030223,89.37959289550781,98900502
2021-09-01,89.37959261859103,89.69258291302444,83.11979411525301,85.92701721191406,86302266
2021-09-02,86.15612808549895,87.76302104462147,84.76541853883549,86.15290069580078,49573329
2021-09-03,86.15612137881033,87.44357651090598,80.79657223369094,81.9936752319336,86389239
2021-09-06,83.89096759594172,90.02492726034625,83.57152991851386,89.57318878173828,119336643
2021-09-07,89.57319521935796,90.70576519380988,88.17603100885944,89.04078674316406,62290059
2021-09-08,89.6699859841218,90.11526967282245,86.67238401918468,86.98860168457031,54773418
2021-09-09,87.76623295638827,90.21207694308289,85.76568004553779,87.67266082763672,64876923
2021-09-10,87.67266266688529,87.93724949837538,84.7460484185207,85.70437622070312,71627208
2021-09-13,86.58204091034875,87.75978685860082,83.62960756677701,84.3330307006836,64047537
2021-09-14,84.34271003102484,89.05692146742138,82.94555324073045,86.87244415283203,106407000
2021-09-15,86.44006917387733,87.12090061383977,83.8941981293282,84.26527404785156,65642733
2021-09-16,84.26527155244592,85.43333535054813,80.83851534354083,80.99016571044922,66242913
2021-09-17,81.6355060486117,82.92618102366471,80.8256012611624,82.31956481933594,41826321
2021-09-22,80.02215487973001,81.13214043062267,78.74115462840308,79.76402282714844,49023858
2021-09-23,81.90332886272546,83.09397705851396,80.30611084330465,80.64168548583984,44935254
2021-09-24,80.9772651230844,83.08752721215777,79.6994922223364,81.2386245727539,47480100
2021-09-27,81.95817183644526,83.08429429235763,79.63494652100454,81.47416687011719,53997282
2021-09-28,81.28057692732345,81.90010276267859,79.47039549210518,79.6543197631836,48733314
2021-09-29,78.40881623765384,79.0154325378956,75.82745849407591,76.1501235961914,73666443
2021-09-30,76.85999725003099,80.57069741207395,76.53732478081102,80.50939178466797,67511403
2021-10-08,83.24241386147283,83.88775885200927,80.6675108345849,81.6355209350586,58231185
2021-10-11,81.66779163224989,84.89448720900495,80.02216994589334,82.52286529541016,63591819
2021-10-12,82.28084793058792,84.82993889705538,81.63873041248158,82.92941284179688,63495402
2021-10-13,82.92941925776066,88.28251365562483,82.06466351413553,87.50811004638672,96593430
2021-10-14,87.44356899757742,89.05368908271603,86.52072771364146,88.06954956054688,53339796
2021-10-15,88.73424957632542,92.76762959252001,87.44357447023388,91.4220962524414,86353515
2021-10-18,91.71894901431192,93.13224275140627,90.36050612552003,92.25780487060547,64864134
2021-10-19,92.92896658392715,95.15861269999479,91.63828403070681,91.89319610595703,58157355
2021-10-20,92.28362464618634,95.18765471492651,92.03839475108411,93.76790618896484,65113527
2021-10-21,93.89696736545766,94.41323885861686,91.6415023562618,92.60951232910156,54187725
2021-10-22,94.284177914444,97.12367497255967,93.25163487246202,96.8010025024414,100964604
2021-10-25,97.80450246627532,102.81879448834036,97.52055129489179,102.39932250976562,100556928
2021-10-26,103.99976868342003,104.86775176542493,102.53161674668155,102.93495178222656,93973302
2021-10-27,103.83520625543584,105.42597690349406,102.56066068866303,103.81584930419922,65720331
2021-10-28,103.12856448257787,104.48055264357262,98.54342629142816,99.37591552734375,89480142
2021-10-29,98.45630293336164,101.24094187539572,94.7907712862485,100.45040130615234,104147874
2021-11-01,97.25597080205995,99.51465599277864,94.80690655980888,97.44634246826172,85435761
2021-11-02,100.02770921125366,103.18987148578118,99.2662077629284,101.2796630859375,87026220
2021-11-03,101.03765612441903,101.26998384731199,96.75582620706041,97.7722396850586,59174442
2021-11-04,100.39231584367707,106.15842714688394,99.71471180030704,104.86775207519531,104989302
2021-11-05,104.54507700306782,105.51308697531844,100.99892957046715,101.31837463378906,58254978
2021-11-08,99.41140631542463,103.12856891695742,99.0597020864592,101.64105987548828,50954841
2021-11-09,101.65718711933246,106.4714257482197,101.65718711933246,103.47705078125,60991512
2021-11-10,101.31838029737487,101.83465181907889,97.31081937906544,100.1115951538086,82463550
2021-11-11,100.99571492249117,102.2831626410083,99.39849690650965,100.66981506347656,41655450
2021-11-12,101.89918600191574,102.20250152496791,98.57569127400537,98.98870849609375,44665146
2021-11-15,98.9887057689663,98.9887057689663,93.71627416841922,95.16828918457031,67611672
2021-11-16,94.8649759307941,96.05563142926657,92.92895601383913,94.70686340332031,45542544
2021-11-17,96.80100518336224,97.84645781182189,94.86498507969499,95.78459167480469,49013325
2021-11-18,95.12312023673225,96.4396145407078,93.57430558068185,95.31672668457031,38729166
2021-11-19,95.41997861147765,96.80100590179225,92.92896566572055,95.77491760253906,52547592
2021-11-22,96.28471843449117,100.51491696599496,96.22018542594296,100.35035705566406,86106135
2021-11-23,99.34364026508248,99.94058175861801,98.08523164544577,99.53724670410156,45108771
2021-11-24,98.55310226860735,99.89863566696033,97.12367889895027,97.83354949951172,42581451
2021-11-25,97.8335508539643,98.24979548272809,93.99377705395642,96.15567016601562,51291432
2021-11-26,95.18765093713323,98.34013077990397,94.88110804142369,96.04595184326172,36748179
2021-11-29,94.15510132555491,99.08227602743224,93.55171246758282,98.24010467529297,60047025
2021-11-30,99.05969512562437,99.3823602107478,97.76901262913947,98.31755065917969,39536478
2021-12-01,98.47888735366472,99.22103185139862,96.92361794474152,98.51760864257812,32483592
2021-12-02,98.41434587453354,101.33774016089862,97.80127485431886,99.64049530029297,54021633
2021-12-03,99.05647442382296,99.96317149809691,96.43316796241153,99.02743530273438,63098145
2021-12-06,97.12367437511536,100.51492944589044,97.0784983093908,97.36567687988281,53640258
2021-12-07,98.74024308045125,98.84995215578765,93.92277763042895,95.12310791015625,68303580
2021-12-08,95.5135411347028,97.12366860502104,95.0263087647532,97.055908203125,46314528
2021-12-09,96.80100387035736,97.00428509224545,95.84267599993336,96.6396713256836,33887133
2021-12-10,95.50709778764579,97.4560275007124,94.47778207932862,97.25920104980469,43461819
2021-12-13,97.76579087687217,97.76901826644254,96.15567059180954,96.28473663330078,42882372
2021-12-14,95.34899080587779,95.85558017647662,94.11962128056577,94.67138671875,47133384
2021-12-15,94.67459987015415,95.34898390430516,94.12606186116832,94.65524291992188,29445108
2021-12-16,94.54231195367065,94.70042449531103,90.02493420447048,92.34815979003906,83599548
2021-12-17,91.63826523409554,92.24488878995899,89.89907928810895,90.01846313476562,45335445
2021-12-20,90.0991547658456,90.82193495342075,86.56591641299539,87.28224182128906,65353509
2021-12-21,87.2822317164138,89.3086038270036,86.93052013960146,89.12467956542969,44895915
2021-12-22,90.35082906792773,92.01903496077846,89.38281899719257,90.0959243774414,43332690
2021-12-23,90.92195274742669,91.0639283360405,89.43121645231184,90.34437561035156,36906402
2021-12-24,90.98648040241096,90.99293518066406,85.49463837646181,87.12089538574219,62990643
2021-12-27,86.79822247190013,87.61780944302836,85.83021252840189,86.16256713867188,32156985
2021-12-28,86.52396161105722,87.44357557499599,85.89798100100212,87.39517211914062,35562852
2021-12-29,87.81464655069382,87.83723089187552,84.86221290968373,86.79823303222656,42480912
2021-12-30,86.47557092063303,88.08246383744417,85.83022593395329,86.1948471069336,35198019
2021-12-31,88.08890845085452,88.47288653187037,86.15288848490167,86.5142822265625,34887591
2022-01-04,89.05692054616442,90.17013353005751,85.57854078049337,87.44357299804688,73398267
2022-01-05,85.36235335007916,85.98510657674967,81.22249893356906,81.71940612792969,90512673
2022-01-06,80.66749517323575,82.12918482373011,79.98665641425589,80.67394256591797,52772352
2022-01-07,81.24831688634727,81.62261285183838,79.0541571724602,79.53816223144531,48580065
2022-01-10,79.05415316851966,80.49649348868198,77.12781519921688,79.47362518310547,48642546
2022-01-11,79.4671613806818,79.4671613806818,76.73091881331872,77.14716339111328,63732441
2022-01-12,79.37681343028505,82.603515625,78.8315028494265,82.603515625,97080672
2022-01-13,83.1649603487976,83.42955456656202,80.21898914006866,82.38087463378906,65131170
2022-01-14,80.9256478375043,83.02300072080175,80.667515733877,81.68069458007812,44864445
2022-01-17,81.64195696289838,86.3109920913834,81.64195696289838,85.98832702636719,72343398
2022-01-18,85.96251526542116,86.78532971491407,84.63634622558217,85.85604095458984,37516329
2022-01-19,85.8140893544085,86.43684256287494,80.76753067035182,81.6258316040039,69564540
2022-01-20,81.34511124072748,81.86461016789677,79.69949709910914,81.01276397705078,44995941
2022-01-21,81.01598798808348,82.51962647096906,79.48330300104172,80.79656982421875,33718296
2022-01-24,79.40263060631888,81.59679002178152,78.81859870234548,81.1192398071289,32513058
2022-01-25,80.02214757788335,80.99015745739536,77.44079036096107,77.54081726074219,51831669
2022-01-26,79.05414966717572,81.11278835992934,78.18616655603212,80.50293731689453,52333752
2022-01-27,79.69948849032711,80.44162551450343,77.76346858679958,77.8505859375,39794889
2022-01-28,77.43433945398267,78.08613172225448,70.90995460782082,73.18154907226562,97311933
2022-02-07,77.69570595370311,80.43516842565013,76.79867643272449,78.86054229736328,75337359
2022-02-08,78.4088063247383,78.4088063247383,74.42060265295879,76.46310424804688,59711859
2022-02-09,77.13426727583868,79.5058889075245,75.83712998852965,79.11223602294922,59978592
2022-02-10,79.62528657741422,80.02216688339108,76.82773794153664,77.47953033447266,43885380
2022-02-11,76.16625752379494,77.47952437772409,73.73009548010302,74.2754135131836,59831778
2022-02-14,74.27863205549413,75.82745399507688,72.60075146805328,74.85298919677734,39959847
2022-02-15,74.91752379638291,77.42789364452811,74.91752379638291,76.89549255371094,47557284
2022-02-16,78.08613790856029,79.05092052383846,77.56663900915434,77.6343994140625,38617473
2022-02-17,78.16358621625956,80.26093891831239,77.11813356211734,79.18644714355469,57319158
2022-02-18,77.76346895907425,79.1799899983277,77.44079651183165,78.3958969116211,29731398
2022-02-21,77.763480341689,79.31229502156712,77.32464397672533,78.05065155029297,32861412
2022-02-22,77.11813079811895,77.11813079811895,75.60158271872295,76.61799621582031,37635633
2022-02-23,78.05387422015858,81.48063064642858,77.12135807899453,81.3128433227539,87344670
2022-02-24,80.0576446556101,81.24184532627827,77.95061012792529,79.00897216796875,71465964
2022-02-25,80.63523716228771,81.43545247212887,79.96730788897447,79.97053527832031,43804059
2022-02-28,79.667226166199,80.7288083026613,79.37682021129389,80.5384292602539,35487270
2022-03-01,82.28085732238249,82.80035626555616,80.4255071190469,81.24185943603516,52955874
2022-03-02,80.344832942043,80.46099680501553,78.71857578707998,80.21576690673828,36372741
2022-03-03,80.51261174356058,80.94499325553083,78.73147701181308,79.12190246582031,29890020
2022-03-04,76.57282424743981,78.04097633456723,74.21410464748072,75.44025421142578,87511902
2022-03-07,73.21059939539329,73.46873886216963,70.99385543492488,72.1522445678711,70838760
2022-03-08,71.3358949628654,72.7588636249565,67.76070789377147,69.7580337524414,87449802
2022-03-09,70.01939826722386,72.14901748966273,67.76070561817444,72.14579010009766,75340566
2022-03-10,75.15306786669869,75.3208551822819,73.89143191788581,73.92369842529297,74502849
2022-03-11,71.63274130428289,74.79168341899057,70.99385114769153,74.16570281982422,55834812
2022-03-14,72.6007539932042,72.6007539932042,70.66473388671875,70.66473388671875,45252183
2022-03-15,68.12532127805511,71.63274791355065,67.57678320216665,68.6641845703125,59461086
2022-03-16,71.31007606681366,74.21410641413183,69.11592374323874,74.03018951416016,100129881
2022-03-17,77.56342207785374,77.72476202392615,75.71775394991487,75.79519653320312,94753290
2022-03-18,75.79518822690808,77.07618855920413,74.87557426813464,75.6661148071289,45164568
2022-03-21,77.44080674456123,80.30288831829172,76.85032000230748,79.17677307128906,83753304
2022-03-22,79.05414941086093,79.82856038333729,78.09259416667855,78.98961639404297,34523721
2022-03-23,80.667500253089,80.99016532070092,79.46393517930755,79.75434112548828,44550288
2022-03-24,78.63468254501396,80.66750963401914,78.21521790833837,79.72531127929688,34104381
2022-03-25,79.73177037393734,80.33193193317074,75.50801818966468,75.927490234375,62407119
2022-03-28,75.79518515062273,75.79518515062273,73.85271039262005,74.34317016601562,42931062
2022-03-29,75.15629182860721,76.31145342002856,73.82688815100119,74.5367660522461,41576193
2022-03-30,73.24609066833688,76.479248046875,71.70373085808636,76.479248046875,75377988
2022-03-31,75.57255034867798,75.82746243941011,73.21060327457936,74.14957427978516,48519429
2022-04-01,73.17832645534354,77.29882369574545,73.11702082991997,76.13721466064453,54884415
2022-04-06,79.05414766402154,79.37682012631174,77.31496148174959,78.05387115478516,61587990
2022-04-07,77.4407958984375,79.15094286901876,77.12135084287729,77.4407958984375,36809859
2022-04-08,77.44402867652296,79.53815386025597,77.15039532821281,78.72502899169922,51515691
2022-04-11,77.44080629277721,77.91835655298759,74.0527710174682,75.18211364746094,57921021
2022-04-12,74.85944063579369,76.97615007284057,74.60130119560284,76.84708404541016,38666601
2022-04-13,75.83389583858661,78.07000384217827,75.18533094541635,76.47278594970703,32901753
2022-04-14,78.08614098759797,79.05092364091877,77.72152721950789,77.85704803466797,39491250
2022-04-15,76.95680518928054,77.44081025336406,75.10145490540408,76.21466064453125,38771793
2022-04-18,75.75969618985425,77.76347670374656,74.21410158657595,77.15039825439453,33177714
2022-04-19,78.46042681380194,80.95789417478711,78.45075203205899,79.00897216796875,62334462
2022-04-20,79.91244293067152,80.12863368666822,77.71829102128059,78.01514434814453,39234279
2022-04-21,76.72124258428693,77.68925252505774,74.89170438705648,75.51768493652344,46214628
2022-04-22,74.21732647936618,76.04041004806452,73.91079095766737,75.9565200805664,32007480
2022-04-25,74.2141104018142,76.29210634976344,73.12348896079227,73.40744018554688,48566751
2022-04-26,73.88820941860023,76.1017259457419,73.70751253396342,74.79813385009766,47452860
2022-04-27,73.12024962209169,76.0888126668209,70.60342507419783,75.83067321777344,76302501
2022-04-28,75.69838057655808,75.98878653656243,74.2140990388999,74.85298919677734,43911639
2022-04-29,75.44025767019541,78.67663537294037,74.45611058431174,78.40882110595703,74448930
2022-05-05,79.44135236314916,81.43867797274478,78.01192171463566,80.2802963256836,75977637
2022-05-06,77.76991695056398,79.37681703550949,77.47306361425373,78.11195373535156,43646598
2022-05-09,74.53676581011118,76.43729180633596,74.53676581011118,75.09498596191406,52534905
2022-05-10,72.31035161212068,75.39507880890181,71.72309224914339,75.2885971069336,62908992
2022-05-11,74.85944796508797,82.81648454637416,74.69810802967356,81.53871154785156,137857713
2022-05-12,80.6642716075021,83.15205690522474,80.25125441912776,81.98721313476562,72346818
2022-05-13,83.82966599256841,87.60490653581893,82.57447740572884,87.14671325683594,110136183
2022-05-16,87.47906733043258,88.08891097848783,85.60435293560016,86.19161224365234,60710640
2022-05-17,86.79178878848873,91.96095915832409,86.63690362810533,91.15428161621094,88046709
2022-05-18,91.15427031514002,92.92895773363543,90.02492780445932,90.8057861328125,61590810
2022-05-19,88.8342706682297,92.07388254926603,88.50837821636094,91.8028335571289,52090953
2022-05-20,92.60952301012463,94.09380464731169,90.73480847249856,92.83216857910156,53605008
2022-05-23,94.44551213923035,96.15566666039128,92.86765842905261,95.25218963623047,76676448
2022-05-24,93.574310870297,94.52941883451702,90.67028045654297,90.67028045654297,87148959
2022-05-25,90.75415897485341,93.1386899225115,89.71193385959342,92.67081451416016,69257319
2022-05-26,92.72567527596456,93.96795423658081,91.15426908743625,92.49012756347656,42928497
2022-05-27,94.52618808453164,96.02982670341159,92.49336834423298,93.21292114257812,45956055
2022-05-30,94.21964794215924,96.70420610196543,93.92278719216498,96.19438934326172,65557050
2022-05-31,96.80099903275746,97.11076193424908,94.7068665194262,95.48127746582031,53103357
2022-06-01,96.15566525647101,98.34981738139967,94.58103157339158,96.79454803466797,65073525
2022-06-02,95.5103170157727,98.41434699988739,95.25863973458715,97.13011932373047,53318331
2022-06-06,98.0916806775432,103.40605341298523,97.62380524721081,102.68327331542969,88427187
2022-06-07,102.60905653640847,103.21245276405706,100.38585804661845,101.60555267333984,60066267
2022-06-08,102.80266130569017,105.85512173915329,100.9989346859165,105.6453857421875,87154020
2022-06-09,107.78146509274183,108.02992238942889,103.57707754224883,104.03204345703125,92262516
2022-06-10,103.73840489374723,112.9345001025573,103.59642930275493,112.54729461669922,131474700
2022-06-13,111.6438249968042,115.7933614879673,109.90140400310804,112.54729461669922,108204396
2022-06-14,110.3531439127783,111.25339354011155,105.58730892697841,110.8661880493164,121436802
2022-06-15,110.98879940496086,111.71803427224307,107.29422161587893,108.09444427490234,91184361
2022-06-16,108.2557969642169,110.5790152598794,107.5814128631204,108.41712951660156,57051735
2022-06-17,106.51337072159983,110.09500490916682,105.53567851502724,109.06246185302734,78644277
2022-06-20,109.08828270771133,112.5021296262517,108.10090831712073,110.41122436523438,73624671
2022-06-21,109.63036413732839,110.2886112582478,107.19097470702037,110.03047180175781,59348217
2022-06-22,110.48866228619424,112.16977025147747,109.06245899617834,109.66908264160156,56036349
2022-06-23,111.22435334490692,114.24131250678825,109.06246035032127,114.06385040283203,96942678
2022-06-24,113.89927309047985,114.96086254365882,111.64703554687138,113.2732925415039,70795065
2022-06-27,113.60243652692564,115.19319986158045,112.3956513129114,112.83448028564453,65146572
2022-06-28,111.96648579509535,115.77399272052963,110.58223122123265,113.8702392578125,80890413
2022-06-29,112.93127418617058,112.93450157558344,106.96188143454408,107.00060272216797,108343806
2022-06-30,106.80377318873003,109.49806721471323,106.48110072475704,107.60721588134766,66043434
2022-07-01,107.18453173887066,107.44911859979933,103.28667231252165,106.22296905517578,70233789
2022-07-04,107.12643646418717,109.1302168486843,106.54563194707627,108.46874237060547,62853618
2022-07-05,108.7397938881326,109.90140294923751,106.34880797511684,107.73628997802734,52127109
2022-07-06,107.70724972676778,109.90140932941529,107.12321777297032,108.44939422607422,55030260
2022-07-07,108.96566534206373,113.56371315123323,107.56850848084694,112.73445129394531,91394622
2022-07-08,112.73444817383809,113.54112566752916,109.06246185302734,109.06246185302734,57143271
2022-07-11,108.37839529361453,108.37839529361453,102.8930079284961,104.64187622070312,76295232
2022-07-12,103.2543999704643,103.57707243984186,96.82681400988373,99.70503234863281,135154407
2022-07-13,99.70503197314044,101.26675608417051,95.75877671186316,99.98898315429688,102320085
2022-07-14,99.6759879568175,104.22240447998047,99.0596895550257,104.22240447998047,81746808
2022-07-15,108.09445620304274,112.89901269123241,107.4491186130894,109.123779296875,133352352
2022-07-18,111.32114755416237,111.64382000884966,105.83576013645859,108.77205657958984,71673468
2022-07-19,108.77206440832988,108.77206440832988,105.71314911041704,106.83604431152344,47454075
2022-07-20,107.44265741229155,107.72660859361878,106.18424881782919,107.0296401977539,30979044
2022-07-21,106.15842054398253,106.80376542501749,104.20304372235769,104.70640563964844,39600984
2022-07-22,105.19364615613394,107.98473971931124,105.19041876679876,106.35848999023438,42532122
2022-07-25,105.19041548185973,105.51308793732855,103.2543955197069,104.2062759399414,34505130
2022-07-26,104.05461983782111,105.73250777047856,103.25439715758927,104.86775207519531,32296848
2022-07-27,104.5450728968987,106.41655975445505,103.58029035174637,105.1258773803711,27316716
2022-07-28,106.16488189612076,106.94896762970802,104.54507958572128,105.00650024414062,32719551
2022-07-29,104.2560517915781,105.80536629056749,102.62926972071065,103.4039306640625,34456092
2022-08-01,102.63572834355438,107.18684853531435,102.09992696892131,106.68977355957031,56275128
2022-08-02,104.86932235470593,106.67040266948383,103.70733100352226,105.41803741455078,46992798
2022-08-03,105.45031197036623,108.08092167780704,102.92944674997472,103.93004608154297,56616933
2022-08-04,105.86992016643168,106.98994189881398,103.9655522518053,105.48258972167969,55991031
2022-08-05,106.51547303046924,107.12551353461207,102.73255701050125,104.73698425292969,47269155
2022-08-08,103.96878163287583,104.86932178537579,102.96495385334565,103.72347259521484,38846358
2022-08-09,103.66859703974492,104.51426864476687,102.69059670414595,103.19734954833984,34831983
2022-08-10,103.19089075251411,103.19089075251411,98.44610945469648,99.52740478515625,77549703
2022-08-11,100.52155018015851,101.96112750461084,98.63978123832203,101.68031311035156,49633443
2022-08-12,101.68030850857228,102.08700214210857,100.05998344839765,100.68293762207031,30401289
2022-08-15,100.7700873153926,103.03919409108484,100.45376756903478,101.74163818359375,40535778
2022-08-16,101.93207641847397,103.89777727071446,101.83524564741779,102.93913269042969,47172993
2022-08-17,103.28450056128548,106.38636536869154,102.2290326015827,105.84732818603516,63261339
2022-08-18,105.54714468085255,106.51546710911727,104.52717474514158,105.2372817993164,42837132
2022-08-19,104.91127911770839,105.68916846381242,102.31940308722497,103.09083557128906,37286769
2022-08-22,101.99663262625936,105.25341765310661,100.77654428548826,104.28509521484375,44300295
2022-08-23,104.5788284475056,105.0791244582976,102.95850323842444,103.8073959350586,27899925
2022-08-24,103.82998398799663,104.2431344775542,99.83403624736144,99.89859008789062,56034849
2022-08-25,99.91796635581056,100.40858443699392,97.69082179231077,99.92442321777344,42066219
2022-08-26,101.02507168448078,102.619576595199,100.05997777342182,101.90946960449219,36637965
2022-08-29,101.24456722059568,102.27745093025167,100.54092438186208,101.2058334350586,25773498
2022-08-30,101.8352537554891,102.80357631857684,100.06000064830482,100.33435821533203,33074211
2022-08-31,93.92727871271728,95.73481594322529,91.66785717458228,92.95249938964844,122417922
2022-09-01,91.99063731976254,95.08926635860564,91.67754598469789,92.53935241699219,57774699
2022-09-02,93.18489947133051,93.47539917954079,89.76349376037871,91.0223159790039,48498576
2022-09-05,86.82623923237853,87.43305864046187,84.27632555414515,86.74877166748047,105362481
2022-09-06,86.7520017292319,88.58535893590866,86.24847732335566,88.09797668457031,56970852
2022-09-07,87.79457029307285,92.00677166281366,87.34268597019863,91.24825286865234,57261951
2022-09-08,91.34508332507721,91.98740070625948,89.40843850113716,89.81513214111328,34928733
2022-09-09,90.69630908131447,90.85770108826347,89.40521735200835,90.2799301147461,22829478
2022-09-13,91.02231019242629,92.5361192795887,90.17341752802656,91.92607879638672,33457233
2022-09-14,91.02230572077961,91.60329768400783,89.16957795736538,89.83772277832031,31545318
2022-09-15,90.37676120427888,90.53814581088925,86.151646452567,86.98763275146484,45718569
2022-09-16,86.50347363901942,87.61703853317196,85.32857594392709,85.85147094726562,31342908
2022-09-19,86.50347464834216,88.40784262554318,86.07741040634377,87.26199340820312,33284997
2022-09-20,88.37556054074668,89.56660043463667,87.79779696485573,88.50790405273438,33373506
2022-09-21,87.73000930533486,87.9914604944565,86.18069491916232,87.14901733398438,25126089
2022-09-22,86.33885232305003,86.94890018120303,84.34088205325993,86.68099212646484,27839850
2022-09-23,86.20974003887856,87.074774794134,85.3027430712426,85.98703002929688,23893236
2022-09-26,85.98703211737454,89.08566084381303,85.07680669685853,88.1011962890625,43081920
2022-09-27,88.10443132651035,88.70802235049823,87.16838577667885,88.42720794677734,24928779
2022-09-28,88.11734773847566,88.11734773847566,85.69654148192413,85.73527526855469,25686054
2022-09-29,87.14902363823226,87.73001565161097,85.21237866849377,85.3963623046875,26507004
2022-09-30,84.88960049315672,85.06712726383414,80.37076477557528,81.34231567382812,64210764
2022-10-10,81.42623219855366,82.75929349180039,80.51278567781195,81.08086395263672,35243550
2022-10-11,81.33908752609712,83.0756140659936,80.47728111832583,82.31063842773438,39846117
2022-10-12,81.9846318419554,84.97029519947506,80.67739800873704,84.67656707763672,43461429
2022-10-13,83.92128067053828,84.889603168228,83.30155486303401,83.33383178710938,28855980
2022-10-14,84.5926488690953,86.85851983044114,83.90514082387378,85.38667297363281,43708353
2022-10-17,84.88959818313785,84.88959818313785,82.85289410395752,84.13430786132812,32903508
2022-10-18,90.05398724159632,90.05398724159632,87.95595774334193,88.33360290527344,73242537
2022-10-19,88.33360772686807,89.22769108159883,86.1419683854666,86.34208679199219,40201209
2022-10-20,85.21237805121147,85.72235935132734,83.08207155501688,85.05421447753906,38525034
2022-10-21,85.05744589017559,87.43306890793377,84.57005620305091,85.95475769042969,31435662
2022-10-24,85.50288544038241,85.95799084022954,81.8458483705851,82.49140167236328,50223768
2022-10-25,81.66186892051032,84.11172373221414,80.70322429945827,83.24668884277344,33972801
2022-10-26,83.92128036213951,85.2252932082211,82.40101434186198,83.23377227783203,37924581
2022-10-27,83.59527412268936,84.15367445393247,82.30740356445312,82.30740356445312,29329746
2022-10-28,81.66186196505555,81.66186196505555,76.11337110636771,77.43029022216797,78949179
2022-10-31,76.65885495435715,81.01630579700361,76.53297570070207,79.61869812011719,56382699
2022-11-01,79.76071095193207,84.63137096584978,79.72520560372992,84.50871276855469,65784813
2022-11-02,84.24405017162289,87.66545554814772,83.39192910532594,86.3614501953125,56195787
2022-11-03,85.54160834809959,87.71710559898754,85.24465916056434,86.49702453613281,30715191
2022-11-04,86.81979094739117,91.3515327402856,86.50347120948678,90.44131469726562,67466067
2022-11-07,88.76288592205024,91.03199265443186,88.11411167454487,90.01525115966797,40752618
2022-11-08,90.1992385021965,91.2159726511664,88.27872835239654,89.21800231933594,31690347
2022-11-09,89.77963413810302,90.01525789859664,86.71005361394235,87.02959442138672,33583908
2022-11-10,85.41572474478353,85.52546923929732,82.56562586938922,84.00520324707031,46649031
2022-11-11,87.31040329094596,88.10765581882498,85.58679054793848,86.76168823242188,49829877
2022-11-14,86.90048975191537,87.96887148308969,84.81213798318561,85.14459991455078,34571091
2022-11-15,85.20915128156122,86.60030960975335,83.95355751189493,86.18070220947266,33854505
2022-11-16,85.78691211724983,86.05159175116846,83.95355481710888,84.2698745727539,31064823
2022-11-17,83.89222343078761,83.89222343078761,81.8490625826712,82.95294952392578,33378171
2022-11-18,83.2014954386204,83.77925902697767,81.82325083743449,82.2041244506836,30355128
2022-11-21,81.61021612155932,82.17830178612626,80.21260097761898,82.04918670654297,24754521
2022-11-22,82.30741200147112,82.38810800522047,80.69354364048431,80.85169982910156,24043653
2022-11-23,80.8516988031086,81.17770385742188,79.78977398174577,81.17770385742188,26540643
2022-11-24,81.77483616270166,82.30741651879151,80.13837608144466,80.49665069580078,25594218
2022-11-25,80.37076690031512,80.37076690031512,79.0796677807105,79.09580993652344,26346492
2022-11-28,77.46579962179541,79.12163020218557,76.56848783685439,79.11517333984375,29732784
2022-11-29,79.49281087040416,80.59024834373629,78.43411456739395,80.14481353759766,37074234
2022-11-30,80.16418175189814,83.92126990122351,79.55736974697977,83.76634216308594,63862014
2022-12-01,86.50348214003121,87.4556625172389,85.50933215593597,86.07096099853516,77395755
2022-12-02,85.50932632531509,86.36468325608587,84.0762132102746,84.5926513671875,34822614
2022-12-05,85.84178464920049,86.37112912059057,84.53455085001751,85.00579833984375,31569927
2022-12-06,84.09880286286437,87.67514347965263,83.92450452727208,86.37435913085938,36902037
2022-12-07,86.39050018636578,89.82159091520663,86.39050018636578,88.35619354248047,57799779
2022-12-08,88.35943120164507,88.76289646145547,87.42984245580284,88.53372955322266,28374195
2022-12-09,88.91782731652853,89.63438388829543,87.61704291129017,88.66606140136719,30297696
2022-12-12,87.7816638423109,88.26905351965863,86.5034784478872,87.11029052734375,24038463
2022-12-13,87.79455700437349,88.76287935143537,86.98762664029739,87.08445739746094,18415299
2022-12-14,86.95857344932173,86.96825874165111,85.08326149243737,85.98703002929688,28309386
2022-12-15,85.96443175366697,87.8849417579496,85.05420634742119,87.6202621459961,29137035
2022-12-16,87.1716077435134,87.59121510243,86.35822047254052,87.31362915039062,16858992
2022-12-19,86.8230042835769,88.76287736496401,85.73203114606598,86.01930236816406,25211673
2022-12-20,85.82564343562115,85.82564343562115,83.49521863305925,84.43771362304688,25472463
2022-12-21,84.43126266310028,84.84118473770059,83.79216631928058,84.17949676513672,12589890
2022-12-22,84.88959438019764,85.05098637158105,83.44033921487335,83.65982818603516,17762985
2022-12-23,82.662457587782,82.7592883503225,80.85492046950458,81.39717864990234,27245604
2022-12-26,81.4036379761679,85.05098924399576,81.4004095452141,84.702392578125,28064259
2022-12-27,85.03807400254324,85.20591547057565,83.8567194768103,84.60556030273438,16660962
2022-12-28,83.11434203815253,83.66305708139001,81.66185843391906,82.18475341796875,30769134
2022-12-29,81.98140484227804,83.55331833324126,81.38104963943543,82.22994232177734,21676731
2022-12-30,83.43711457765718,84.0407055819388,82.79479717690492,82.94327545166016,22466919
2023-01-03,82.76252686599761,84.541008323283,80.69354569797895,84.07621765136719,36412290
2023-01-04,83.92127537941785,84.07621051538266,82.79156833257775,83.63078308105469,21802377
2023-01-05,84.73467306726886,86.3711330194701,84.26341816845587,85.56097412109375,35680800
2023-01-06,86.47442123883184,87.53635344313662,85.56743156474337,85.92247772216797,41656569
2023-01-09,86.50347795326506,86.50347795326506,84.66043531959079,85.01226043701172,34250646
2023-01-10,84.58296531918043,87.01345675991868,83.05301406085346,86.0483627319336,52053762
2023-01-11,85.50287317204295,87.47179494575535,84.3763871808251,86.82301330566406,38509125
2023-01-12,87.6364093057448,91.81310509167272,87.37495810966165,89.5052719116211,67043757
2023-01-13,89.54078133568368,90.35416867666925,88.7628919617593,89.91842651367188,38523303
2023-01-16,89.91842188976861,89.97974730275966,87.79456496244273,88.37555694580078,49499967
2023-01-17,88.37878476416645,88.60150217322877,86.80365029685044,87.14579010009766,33499713
2023-01-18,87.10060571745997,87.95596267479569,86.016089248118,86.82624816894531,25832451
2023-01-19,86.46474526857408,87.42338247419207,86.02576728013516,87.31040954589844,24371589
2023-01-20,87.4717929400176,87.75582836680027,86.18715080076583,87.1716079711914,31394805
2023-01-30,91.99063198870226,92.95895443068859,90.69953293681583,91.01908111572266,84556323
2023-01-31,91.99063258201146,93.21717040965748,90.50264355622303,92.24884796142578,56133051
2023-02-01,92.95249670596532,98.2298583984375,92.3585909998556,98.2298583984375,81896091
2023-02-02,98.72692855204455,98.81085298387337,96.81933212674677,97.67791748046875,44408979
2023-02-03,96.81610228271927,96.81610228271927,94.5082690936772,95.21837615966797,45884484
2023-02-06,94.14998881346897,94.14998881346897,92.8330697778822,93.5980453491211,30133980
2023-02-07,94.24682465882671,94.40498083826745,92.82984635496405,93.28173065185547,23050422
2023-02-08,93.28173364978166,93.28173364978166,91.28052747768186,92.20366668701172,27870432
2023-02-09,91.66785276283498,93.2236240100591,91.11913771306351,93.06546783447266,27194667
2023-02-10,92.2746753674507,92.28113222947592,90.37676425630791,90.97711944580078,38912433
2023-02-13,90.0572210175002,91.43869405814614,89.42780991435407,91.12560272216797,28038432
2023-02-14,91.667857790252,91.82924979330465,90.08626639679208,91.01262664794922,22093104
2023-02-15,91.34508462595473,91.63557692105451,89.91196418523548,90.05398559570312,27249648
2023-02-16,90.37675939636418,90.95452292541398,88.71447212453197,89.41488647460938,31004445
2023-02-17,89.2438140572018,89.76348059189407,87.56216363556278,87.684814453125,30298950
2023-02-20,87.66222130251845,88.21416474738542,86.18068928670252,88.05278015136719,39210444
2023-02-21,87.79456375922466,89.26641797712155,87.2393918435166,88.68219757080078,34107018
2023-02-22,87.76228840286129,87.99469110733529,86.79396596402806,87.28458404541016,25526388
2023-02-23,87.11674018346565,87.68804686060496,86.6648558985567,87.2910385131836,30107463
2023-02-24,86.83270294310252,87.11028891612081,86.18070022716252,86.36791229248047,20060283
2023-02-27,85.53514821539962,85.82241207332702,83.27572680841406,83.85994720458984,50911143
2023-02-28,84.24405060816045,84.56682721099286,83.13693520856185,84.17949676513672,36099009
2023-03-01,84.1633535928519,86.03221613787494,83.19825961466059,85.696533203125,43097283
2023-03-02,85.89665638296825,86.54543066018597,84.56683090561077,85.1187744140625,34471488
2023-03-03,85.53193040207455,85.60939797712223,84.59265637083664,85.14459991455078,19194483
2023-03-06,85.21237692415087,85.41572375528509,83.27573199405653,85.29952239990234,33637341
2023-03-07,85.27047708051101,86.17747416439896,84.08267297250026,84.1407699584961,31779864
2023-03-08,83.43711192627917,83.85349085838972,82.3074049096977,82.94972229003906,36269280
2023-03-09,82.79156396986772,83.86640240891467,81.98785461675811,82.65277099609375,29019429
2023-03-10,81.33908578493599,81.66186239744755,78.2081725904017,78.47930908203125,85039224
2023-03-13,78.02097053680664,78.41797891294982,76.49747610393209,77.62395477294922,50203023
2023-03-14,77.46579218887072,78.27272998674268,75.21605608004087,77.45933532714844,59570448
2023-03-15,77.94995917209273,78.26627893052539,76.62981158507999,77.02037048339844,36214377
2023-03-16,75.8519238130341,77.34314119589651,75.52914721705667,75.78414154052734,35511075
2023-03-17,76.42645967578613,77.78211252714908,76.02299446757753,76.79119110107422,40500786
2023-03-20,76.79119425939379,77.25922071686166,75.72281261125049,76.03590393066406,25896999
2023-03-21,76.46196821173746,77.30763244628906,75.78414545168793,77.30763244628906,32661807
2023-03-22,78.17589587199741,79.91242237925461,78.13716947509181,78.49867248535156,46601796
2023-03-23,78.43088569326203,79.24105191717004,77.30440712398229,79.23782348632812,29238312
2023-03-24,79.24105592619917,79.92856397603816,78.59227427299523,79.40889739990234,24305478
2023-03-27,79.39921891814592,79.39921891814592,77.56263306744722,78.64392852783203,27748608
2023-03-28,78.91827271326012,79.29591784442921,78.24045001313955,79.0828857421875,24553512
2023-03-29,79.57996071679409,80.77422151988416,79.57996071679409,79.9511489868164,43290786
2023-03-30,80.69354144784467,83.01750946044922,80.69354144784467,83.01750946044922,62780166
2023-03-31,83.58882251491762,84.19886300245611,82.30740873781166,82.63663482666016,50102283
2023-04-03,82.63018230575905,83.353195689867,81.42300032391866,82.60435485839844,40107375
2023-04-04,82.56884902082923,82.56884902082923,80.0447553592659,80.99048614501953,41323299
2023-04-06,80.04798923518275,80.97757792966321,79.29915574489092,80.69354248046875,24582681
2023-04-07,80.70966568153952,81.38103889185984,80.15449381176882,80.46112823486328,20616873
2023-04-10,80.46113211953879,81.08085785696423,79.40243583169871,81.01630401611328,29417373
2023-04-11,81.38750510231299,82.14279543336426,80.24165588162053,80.63866424560547,26236536
2023-04-12,80.30620812767161,80.30620812767161,78.54063316344212,78.56322479248047,33698910
2023-04-13,77.65300892434487,78.43411932244493,76.74601187820758,78.37602233886719,24289392
2023-04-14,78.56322835280308,79.87691908180244,78.43089222811271,79.42180633544922,31651932
2023-04-17,79.07967384483081,80.59026207304284,78.82468686514773,80.5127944946289,27118155
2023-04-18,80.822642329393,81.39717742197037,80.19000286999697,80.37075805664062,23529660
2023-04-19,80.3707613749297,81.72641424915803,79.43148743947764,80.9678955078125,33578241
2023-04-20,80.67094039053035,80.67094039053035,79.07966374347322,79.08612060546875,30092490
2023-04-21,78.9182814138907,80.35462296543928,78.43412017822266,78.43412017822266,31215744
2023-04-24,78.78916847953988,83.46938852116311,78.49221194062663,81.82001495361328,80105202
2023-04-25,81.01630486055441,81.27452761436327,78.17589150722512,78.85372161865234,56225619
2023-04-26,78.43411344350726,82.15892472968773,77.78856764728414,81.01630401611328,52347612
2023-04-27,80.6935377880512,83.5952766288355,80.54828794692258,83.57267761230469,72739314
2023-04-28,84.39575703561883,84.87991824443267,81.984628896572,82.58499145507812,57583440
2023-05-04,82.3074084678848,83.14985166119196,81.14542447989439,81.50692749023438,35437281
2023-05-05,81.51660640328065,81.92007159769946,80.03184591807181,80.71612548828125,30731877
2023-05-08,81.66186158651992,83.630783389089,81.50692644998445,81.99431610107422,36487860
2023-05-09,80.70644303699623,81.77805307318174,80.37076010162643,80.72904205322266,26965449
2023-05-10,81.01630771439343,84.62492520685588,80.4353157324998,83.8534927368164,76107267
2023-05-11,84.16981017608998,87.08446268632017,83.4952158779389,85.13167572021484,64271061
2023-05-12,85.8579201960742,86.58416202307403,83.76634757592595,83.95355224609375,31372059
2023-05-15,83.95354694244918,86.03544152587075,83.50166267501551,85.50286865234375,41077881
2023-05-16,85.33825809997597,86.31626588017956,84.95415605886538,85.57711029052734,24491793
2023-05-17,85.53192738750708,85.79337120943518,83.60173188045758,84.24405670166016,26866815
2023-05-18,84.6636617857074,85.17364307871692,82.8109339016062,83.62432861328125,30208995
2023-05-19,83.3338319524346,84.21823740436868,82.72701986844235,83.65660858154297,18031746
2023-05-22,84.21823255197646,85.85792088938453,82.9787810059223,85.56742858886719,36049563
2023-05-23,85.54806325230383,86.14196900149341,84.86701202392578,84.86701202392578,27185820
2023-05-24,84.43771393473601,85.53515145264288,83.76634804282625,84.53777313232422,20427885
2023-05-25,84.55391432726533,85.16395479884213,82.3525972298904,82.50106811523438,39623685
2023-05-26,81.66185809165815,81.66185809165815,78.36956045831825,79.72198486328125,55744020
2023-05-29,80.69353507657407,80.87105444563979,78.1113371077836,79.05706787109375,37416873
2023-05-30,79.38629981968683,82.3074093643347,79.34757342235085,81.40364074707031,50064174
2023-05-31,81.40363806729513,82.27512973294763,80.58056547828983,81.87488555908203,35514351
2023-06-01,81.87488107125505,83.23699073977724,81.73609548626328,82.45265197753906,26020713
2023-06-02,83.23699293880675,83.78893641342896,82.50106584340593,83.61786651611328,33203925
2023-06-05,83.59850968020842,83.61787287916265,81.23257204011301,83.37902069091797,31438356
2023-06-06,83.25958386877159,85.53514740863976,82.68827720146075,84.20531463623047,38694333
2023-06-07,84.56683435596989,85.03162502009599,82.4687973418686,82.80770874023438,30147084
2023-06-08,82.69150556911002,83.54685504786012,82.1363336687031,82.30740356445312,19336278
2023-06-09,83.53394933771017,83.63078749665806,81.50047359094741,83.2757339477539,32245203
2023-06-12,82.7915640728159,84.88959344834727,82.46878748130587,84.08588409423828,30867363
2023-06-13,84.08267576653688,84.5668370331624,82.99492343842091,84.31507110595703,24453441
2023-06-14,84.78631502716576,85.66103517858315,84.40544141518012,84.88960266113281,37732800
2023-06-15,85.05098740599367,88.76611348042348,84.9832051328566,87.75582885742188,73188321
2023-06-16,88.39493139708064,89.04047725262853,87.1490229461047,87.49761962890625,45689046
2023-06-19,87.49761873030067,88.7596619361541,86.46474241694605,86.89402770996094,37069425
2023-06-20,86.82947653590381,86.89080195283398,85.5028794431057,86.58416748046875,30709848
2023-06-21,86.18392712321746,88.20771751269496,85.93861807786956,86.43246459960938,32343528
2023-06-26,84.70561695139703,86.72617875656044,84.66365473872175,84.85408782958984,30453666
2023-06-27,84.57327660121263,85.16395386832157,82.97877894959554,83.93741607666016,29708595
2023-06-28,83.92128000977337,84.72821788073273,83.30801106945569,84.0019760131836,17180853
2023-06-29,84.00198170323719,84.17305162739179,82.38165637696946,82.53335571289062,25045515
2023-06-30,82.02659455916249,83.92127725992864,81.88780157496473,83.36287689208984,22717308
2023-07-03,83.55977269193724,86.91339587987481,83.55977269193724,86.33563232421875,48769518
2023-07-04,86.66485629424206,88.76288573451093,86.02253152221152,87.6331787109375,47136006
2023-07-05,87.63641438575192,87.94950572037455,85.75786637801617,86.18070220947266,27909939
2023-07-06,86.18069780871045,87.7945660916206,86.11614396391973,86.53575134277344,25113555
2023-07-07,86.18069883755034,86.39373096053134,85.24788173253162,85.34148406982422,18657450
2023-07-10,86.18069567747244,86.98763349282903,84.80890804030867,85.06712341308594,20663286
2023-07-11,85.53515437528384,87.3717401232438,85.1478239079476,86.9327621459961,30721560
2023-07-12,87.31040330655044,87.52020699222525,85.42540595414422,85.73204040527344,26109585
2023-07-13,86.34208470600478,86.98763794642664,85.53837528043094,86.44860076904297,24825903
2023-07-14,86.43891300728431,86.43891300728431,85.05099057175538,85.34471130371094,30816609
2023-07-17,86.18069541865933,86.18069541865933,84.67979271190053,85.37052917480469,23677989
2023-07-18,85.61583959838374,86.36468044229555,84.08266733299085,85.69007873535156,29536944
2023-07-19,85.6933101405128,85.82564626417289,84.80568367249325,85.48027801513672,15075000
2023-07-20,85.69653157843723,86.98763056196417,85.21237038307883,85.51900482177734,27381153
2023-07-21,85.2123785656386,85.47059395451112,84.42158285564516,85.31566619873047,22586109
2023-07-24,84.24727716996983,84.81535540860348,83.1111133049889,83.11434173583984,28785111
2023-07-25,84.78630421961304,86.17746236353733,84.77662631508193,85.40280151367188,52164852
2023-07-26,85.13490070218936,85.13490070218936,84.11493821910031,84.59587097167969,19759464
2023-07-27,85.37376322120305,85.7836853226183,84.17950227171433,84.44740295410156,33795207
2023-07-28,84.28919798437326,86.76924858126708,83.71214401957663,86.55852508544922,51992475
2023-07-31,87.53109784774495,89.66426618819555,87.49219424717802,88.17947387695312,64518048
2023-08-01,88.1016600597227,88.4258517600328,86.39643145356439,87.04480743408203,36101979
2023-08-02,87.7580105683683,88.17945750614669,86.3510331395728,86.88270568847656,26218053
2023-08-03,86.64928921026114,87.03831774641883,86.07547787000776,86.957275390625,19850964
2023-08-04,87.20365160748881,87.55377654458658,86.44505005047765,86.97996520996094,26415945
2023-08-07,86.86001878978607,86.86001878978607,85.97174345761883,86.55528259277344,19261140
2023-08-08,85.97498905329364,86.39643606013713,85.1029191948426,85.35902404785156,27513564
2023-08-09,84.93758137187217,85.42386522052773,84.36376257200523,85.2293472290039,21749811
2023-08-10,85.26176028446446,85.86799747469715,84.52909197278585,85.16450500488281,18004830
2023-08-11,85.16126270996646,85.16450529464043,83.96824383341969,84.04605102539062,25837584
2023-08-14,82.66825449439666,83.31338790277579,78.93683325307244,79.69219970703125,75867105
2023-08-15,79.69219875642644,79.79269662607655,78.42137262387799,79.27723693847656,34506387
2023-08-16,78.86874141599499,79.58844674331239,78.521859089802,79.16699981689453,23993808
2023-08-17,78.89793492766796,79.86077484677159,77.93508758846184,79.75379180908203,26050665
2023-08-18,79.60790797964339,79.60790797964339,77.80541661943738,77.89942932128906,29539950
2023-08-21,77.74056896508567,77.76650222059787,75.8764761707261,75.9931869506836,38363760
2023-08-22,77.14730847022685,77.3191283597319,74.85529080185209,76.03533935546875,33634767
2023-08-23,76.03534319133533,76.03534319133533,74.57324905437211,74.59269714355469,24371265
2023-08-24,74.89095544058875,76.83284825456414,74.89095544058875,76.15205383300781,32043177
2023-08-25,75.62686145374947,75.96725864233245,75.04980010538765,75.40641021728516,20032578
2023-08-28,80.39891990748181,80.39891990748181,75.94132331092342,76.35628509521484,40058208
2023-08-29,76.77124433777388,80.23682512280446,76.77124433777388,79.980712890625,63967038
2023-08-30,80.83009564554547,81.52386035126229,80.34705441923627,80.98246002197266,45656205
2023-08-31,81.21264354393466,81.36825051366652,80.39892542230594,80.85279083251953,26620188
2023-09-01,82.0198797531859,82.49643585579953,80.39892861514994,80.76202392578125,23331549
2023-09-04,81.56600765784043,82.01987304897975,80.68421013274347,81.84156799316406,28953480
2023-09-05,81.7605182261235,81.7605182261235,80.62261587353683,80.73284149169922,22371150
2023-09-06,81.04730469101573,81.79293591403028,80.8203682874185,81.19318389892578,19778568
2023-09-07,81.18347140638005,81.18347140638005,80.43459010629978,80.52861022949219,18273906
2023-09-08,80.07798272885042,80.07798272885042,78.6774902085647,79.1183853149414,20290320
2023-09-11,79.00491444692933,80.56102873740757,78.5186305861806,80.0779800415039,22954032
2023-09-12,80.62586345135071,82.13982409723153,80.1071611750241,81.69244384765625,35859720
2023-09-13,81.6956836915752,82.43483719308003,81.17698143265139,81.54979705810547,27443691
2023-09-14,80.00989260407978,80.05852395333709,78.45378588917377,78.98221588134766,45774075
2023-09-15,79.10216955682591,80.02286325082015,78.2949366446989,79.19618225097656,24676785
2023-09-18,79.2642653071553,81.43632964631378,79.19618586688577,80.19792938232422,28921566
2023-09-19,79.75054389184503,80.48969735188581,79.03732368827006,80.12984466552734,18719079
2023-09-20,79.42636478835105,79.84132663789794,79.10218048095703,79.10218048095703,16349130
2023-09-21,78.77798356898097,79.0600290919242,77.33533752565886,77.70167541503906,27889386
2023-09-22,77.6498025150536,79.64032670651268,77.3191330548332,79.44257354736328,29029188
2023-09-25,80.01961910229225,80.06825045078644,79.21562879051474,79.68570709228516,19436040
2023-09-26,79.42634958969781,79.42634958969781,77.2542854653812,77.31912231445312,35538789
2023-09-27,77.51688289154131,78.5251115736627,77.08895816254456,77.10192108154297,22720101
2023-09-28,77.41639014894153,77.64332657761567,76.52487219940028,76.735595703125,25577304
2023-10-09,76.73558154370637,77.32236317685089,74.45328443865465,77.14730072021484,27537213
2023-10-10,77.1440663172319,77.81189779078808,76.83284496355073,77.12785339355469,19180983
2023-10-11,78.44082578281024,78.61588825826936,77.15703676947737,77.34830474853516,23005119
2023-10-12,77.93508959542349,79.58845913495598,77.48122417477758,79.24805450439453,41802282
2023-10-13,78.42136586098425,78.70341135669007,77.74057150590257,77.922119140625,19933569
2023-10-16,77.93508318264576,78.15553441513795,76.67074973067528,76.99817657470703,19806663
2023-10-17,77.00142905642315,77.80217689430336,76.67075958528548,77.15704345703125,14749077
2023-10-18,79.62087182710643,81.37148910623988,79.1021695866111,80.74580383300781,92358852
2023-10-19,80.05852724077738,80.38920410508092,77.91563876267706,77.99992370605469,44325984
2023-10-20,77.80542115073027,78.38896032534011,77.22512456121135,77.54606628417969,25697583
2023-10-23,77.80541218006177,77.80541218006177,76.57348969116303,77.36775970458984,22061049
2023-10-24,77.578471956721,77.96750048251712,76.07748179101655,76.36276245117188,33233676
2023-10-25,77.14730700954345,77.80865329740591,76.57997341639559,76.96251678466797,25102719
2023-10-26,76.52811625741964,77.41639163906872,76.41140545584621,77.35479736328125,21959805
2023-10-27,77.15703748290667,78.94007326118206,77.0014230943475,78.43758392333984,30961668
2023-10-30,77.64654987297857,79.4231077506088,77.3839598897627,79.29667663574219,35188641
2023-10-31,78.94008100283685,79.0989379917453,76.99494547570244,77.33210754394531,38161425
2023-11-01,77.15704051746464,77.15704051746464,76.32063169631957,76.57349395751953,28017126
2023-11-02,77.11164439811255,77.11812956728976,76.11962127685547,76.11962127685547,25624248
2023-11-03,76.34980328640266,77.52985183993087,76.14556496984227,77.36775970458984,27203826
2023-11-06,77.97074520411196,78.91737957813758,77.80541048765022,78.74555969238281,43064358
2023-11-07,78.77797673663154,79.19942369205923,77.97074383616008,78.119873046875,28353879
2023-11-08,77.92211544131715,78.08420756099804,77.53957210278895,77.80540466308594,24038442
2023-11-09,77.8054123622596,78.04855427589168,77.26725459950349,77.57847595214844,21954822
2023-11-10,77.48122395442333,77.48122395442333,76.39843063367462,76.81987762451172,24570570
2023-11-13,77.11813438133001,77.21538966475323,76.21688873209033,76.87174987792969,20921538
2023-11-14,76.93009582760287,77.2218690762187,76.70316684986985,77.03707885742188,16564965
2023-11-15,77.77299384552079,77.80541227262756,77.2542915917101,77.36451721191406,23607501
2023-11-16,77.74057152205795,77.74057152205795,76.9041627884398,77.25428771972656,18507021
2023-11-17,76.83285022856282,77.34830993528482,76.50865851372447,76.75504302978516,17838687
2023-11-20,76.4438185556452,76.67075497286261,76.04831224808167,76.1844711303711,23031282
2023-11-21,76.40815875802447,76.72910787999857,75.75005500979015,75.92511749267578,24715902
2023-11-22,75.6981818742071,75.6981818742071,74.52461111444327,74.56351470947266,31671324
2023-11-23,74.72561204060092,74.97847427063279,73.62984850342285,74.18421173095703,31729182
2023-11-24,74.17449597775219,74.17449597775219,69.83036698040684,70.3004379272461,84197844
2023-11-27,68.72810766456077,68.72810766456077,66.45878821994869,67.7231216430664,64644261
2023-11-28,67.72961089063124,68.65354719470442,67.1104107698567,68.0505599975586,36663429
2023-11-29,68.04083698163254,68.04732215153564,65.28846854589237,65.47974395751953,65773890
2023-11-30,65.35654904048748,65.72288694487412,64.33535736741601,64.56228637695312,56172645
2023-12-01,64.99345795856591,65.10368358298467,62.50692220981314,63.88148880004883,58256955
2023-12-04,63.88148850859143,64.60767168838096,62.76303418548746,63.66752243041992,35283945
2023-12-05,63.86526839172042,64.82487305058821,63.414645612419896,63.651302337646484,45711741
2023-12-06,63.654555573504005,65.23984573753751,63.541094778653424,65.2236328125,52904211
2023-12-07,65.22362930839483,65.22687189322812,63.96253093193638,64.65953826904297,30950772
2023-12-08,64.52337429318646,64.95454900074805,64.29320272890966,64.36776733398438,23310057
2023-12-11,63.78422873771187,64.70167983733296,63.10018436862103,64.57524871826172,30325905
2023-12-12,64.24781974266514,64.42612480994336,63.57999566171741,63.648075103759766,23939163
2023-12-13,63.48273393872552,63.48273393872552,62.15355979583498,62.17949676513672,35260476
2023-12-14,62.56852456787385,63.599443956448916,61.95580587746042,61.97849655151367,27749010
2023-12-15,62.594457271610025,63.019146845814966,61.94607757337661,62.65929412841797,30552402
2023-12-18,61.939589951773705,62.406421980403564,61.048072075801564,61.29121398925781,30153441
2023-12-19,61.11939822690329,61.16802587086815,60.35106883808369,60.947574615478516,23810916
2023-12-20,61.05455441274455,61.37874610871334,59.93286123603187,59.93610382080078,25477446
2023-12-21,59.433614250281,61.58947320138214,59.2780035627304,61.49221420288086,39944829
2023-12-22,61.56353055515387,63.340084813365785,60.96053966025188,62.32537841796875,35399298
2023-12-25,62.56852097335965,62.95754209530887,61.66402905658225,62.30268096923828,16130958
2023-12-26,62.29620060401761,62.29620060401761,61.59595436839484,62.16328430175781,12414099
2023-12-27,62.568521530754445,62.730613666343956,61.822882866838,62.06602478027344,18409206
2023-12-28,61.929868378667166,64.40343379321281,61.809918709514186,64.20567321777344,41633340
2023-12-29,64.50393233676158,64.77300752143933,63.91390802934025,64.18946838378906,24110187
2024-01-02,64.71140848969065,64.71465107433772,62.36428177216428,62.438838958740234,34178496
2024-01-03,62.40642186829167,62.85056693322103,61.82288276106546,62.62363052368164,25345788
2024-01-04,63.00292907437444,63.10342693670513,61.95255797670197,62.57499694824219,26961108
2024-01-05,62.396703274104084,64.02737468715179,61.96228595121093,62.46478271484375,33720564
2024-01-08,62.50367721350747,62.782480138591445,61.320389784311665,61.40143585205078,24323517
2024-01-09,61.92014148981764,63.54109261359953,61.66079405887829,62.523136138916016,33655953
2024-01-10,62.147076104983455,62.665778371882936,61.46627798840866,61.68996810913086,21424869
2024-01-11,61.660795877799494,64.41639951333086,61.21016931510558,63.7939567565918,47958522
2024-01-12,63.79395559157337,64.27051911545405,63.310914317928614,63.49894714355469,26106792
2024-01-15,63.12613037388205,63.86527648329229,62.38049167461762,63.09046936035156,21065979
2024-01-16,62.86028258405613,63.71938196735968,62.59120743345381,63.31414794921875,25142580
2024-01-17,62.95754109669721,63.071009298850406,60.55854415893555,60.55854415893555,48238413
2024-01-18,60.18572571107424,61.92013751448995,59.945826384815994,61.75156021118164,34377495
2024-01-19,61.430616166637414,62.555551925038415,61.17450762136337,61.381988525390625,24271548
2024-01-22,61.22961550038497,62.01739662904895,59.83236201083992,60.085227966308594,39671919
2024-01-23,59.97500481131342,61.25879756968134,59.748075814031864,60.89894485473633,33217686
2024-01-24,61.36253624515546,61.547322764463075,59.676752058142604,61.17450714111328,28992363
2024-01-25,61.23286062131065,61.88772177494804,60.188970909245356,61.563533782958984,39230724
2024-01-26,61.27176361602751,61.27176361602751,60.137100090158064,60.25381088256836,34756392
2024-01-29,60.26678031102548,60.299198740405934,57.8061814524933,57.84832763671875,43812756
2024-01-30,56.11066915272093,56.888722533139116,55.20942352331346,55.75082015991211,57228354
2024-01-31,55.46553062388006,56.823884202127715,55.21590725772059,55.34882354736328,37610523
2024-02-01,55.1121651184788,56.084732781864325,54.580496230381186,55.40069580078125,34995222
2024-02-02,55.42339160834394,55.72164263247131,52.846085750117226,54.13959884643555,44397513
2024-02-05,53.491223199026926,55.689224556237086,52.76827888779579,54.46379089355469,55864860
2024-02-06,53.81541101231855,57.09296680305798,53.65331516042694,57.015159606933594,52856925
2024-02-07,57.46253680937717,59.32662602216722,57.08972119284983,58.2114143371582,48028110
2024-02-08,58.8370969203751,59.44008779053669,58.58098839353912,58.73335647583008,35773698
2024-02-19,59.61191601377954,60.0884758345157,58.9505733697755,59.48872375488281,35906121
2024-02-20,59.48872041020103,59.54707580641372,57.38149291766557,58.036354064941406,34007208
2024-02-21,57.41390897759921,60.16951604421488,57.271264932774386,59.32662582397461,44307894
2024-02-22,59.29421130219735,59.53411064244594,58.762538683755835,59.323387145996094,24271839
2024-02-23,59.323386816883676,59.64757852195475,58.623136889187656,59.2228889465332,27352470
2024-02-26,60.2991943359375,61.638096147840244,60.153307704330096,60.2991943359375,46638228
2024-02-27,60.76927069110126,62.870016728218516,60.68822462124491,62.79545211791992,61902795
2024-02-28,63.54109348088805,63.70967079732013,60.947574615478516,60.947574615478516,50487459
2024-02-29,60.62662412933296,62.11789401323805,60.36078783714168,61.98497772216797,36708867
2024-03-01,61.88771916974396,62.56203580397337,61.19719703215114,62.30268096923828,36647484
2024-03-04,61.59595164101224,62.14707604535904,60.97999409092929,61.35929489135742,38059530
2024-03-05,60.785477794131815,62.13086105728132,60.13709812764403,61.861785888671875,44887329
2024-03-06,61.59595170876024,62.56203792729108,61.27176371941534,62.130863189697266,30030120
2024-03-07,62.263779843289996,62.879744817685406,61.206927214567834,61.23610305786133,30398064
2024-03-08,61.04483267738042,61.64458103051981,60.704431754743375,60.97675323486328,20144904
2024-03-11,60.947572944257736,64.80542528717454,60.947572944257736,64.42936706542969,83424138
2024-03-12,65.16203315806929,66.9969428553743,64.11490089018282,66.4912109375,73508676
2024-03-13,67.08122871863505,68.20940323539622,66.727861217259,66.8996810913086,53343873
2024-03-14,67.56751750431461,69.81738895568652,67.56751750431461,68.7540512084961,63405657
2024-03-15,68.07974073972092,68.52712100274101,66.84134040904355,67.90792083740234,43988406
2024-03-18,68.67948874890459,70.75429779371471,68.60168155469859,70.68297576904297,59094546
2024-03-19,70.68297413045748,71.27299840265371,69.502925586065,70.28421783447266,44091804
2024-03-20,70.35230153401714,71.57449633333066,70.35230153401714,70.82886505126953,29041569
2024-03-21,70.97150372623307,71.25678439385901,70.34906103670023,70.9812240600586,26600127
2024-03-22,70.9812312367357,70.98771640667651,69.76552157643454,70.33285522460938,31401483
2024-03-25,70.1448301250597,70.60517331143899,69.0036776537566,69.44133758544922,29732820
2024-03-26,70.02487724699749,71.31839412141258,69.78822048212825,71.19195556640625,39403881
2024-03-27,71.19519180436852,71.22436764673726,68.08297828333008,68.72163391113281,56654694
2024-03-28,68.03110625652977,68.67624707186984,66.78622081318933,67.55455017089844,47830593
2024-03-29,67.57076149865783,67.59993734115585,65.22038471381863,65.82986450195312,30703482
2024-04-01,65.8298710526609,69.04582535866855,65.8298710526609,68.73136138916016,42872781
2024-04-02,68.73135771845078,70.4463215364559,68.66327827611595,68.83834075927734,32275437
2024-04-03,68.24183222159057,68.43959280165326,67.28547743086044,67.48323059082031,25090137
2024-04-08,67.1071676616729,69.70067891436047,66.90941451555925,68.72811126708984,38468154
2024-04-09,68.64706817483369,69.6974355833612,68.51738704851118,68.7540512084961,25262538
2024-04-10,69.47375183898329,69.53858869457295,68.079737183498,68.6762466430664,21723255
2024-04-11,67.7555478951453,69.84332736783452,67.36651932766917,69.04582214355469,30256185
2024-04-12,68.72811161484995,70.41065691798671,67.9306064368568,68.27424621582031,34475367
2024-04-15,68.07974006771525,69.86278335238016,67.7847242001711,69.25330352783203,33999576
2024-04-16,68.85779665231719,69.81415143521752,68.30991110559957,68.60816955566406,29496912
2024-04-17,68.40392357382258,69.11065118099418,67.9500581998096,69.05229949951172,29076486
2024-04-18,68.72810868205808,70.18696009809305,67.88522219420157,69.24681091308594,40199268
2024-04-19,68.78971872942758,69.0101625668427,67.12662138333046,68.12188720703125,33531129
2024-04-22,68.07974319930861,68.57575483453246,67.4637855966757,67.61290740966797,19408434
2024-04-23,67.60965061119633,67.61289319559091,66.13135119163564,66.47174835205078,26189982
2024-04-24,67.07150439694473,67.69070449208857,66.29668992181603,67.24332427978516,22493676
2024-04-25,67.23684505337147,68.56926547437598,66.98398279369974,67.73609924316406,28405152
2024-04-26,68.07973709838735,71.24382461988388,68.07973709838735,71.11739349365234,76036134
2024-04-29,71.67175716737025,73.07224957833932,70.90991298077033,71.76901245117188,57502779
2024-04-30,72.45628592776909,72.74157400565228,70.83534240722656,70.83534240722656,34667898
2024-05-06,72.94258191248926,74.04158080873363,72.45629803307267,73.36402893066406,56033661
2024-05-07,73.36401940503613,75.2086568062586,72.63135109596892,74.52461242675781,43257144
2024-05-08,74.09020532222867,74.20043094420126,73.26676687236089,73.3413314819336,27339534
2024-05-09,73.36402358185096,74.04481799535768,73.31539222941365,73.96377563476562,23702205
2024-05-10,73.59095641960252,74.40791717854191,73.2667721201133,73.85031127929688,24183990
2024-05-13,73.00741012439967,73.70766001501609,72.15803843863513,73.16950225830078,24744348
2024-05-14,73.1727461615911,73.77574078273307,72.65404390365806,72.91339874267578,18785559
2024-05-15,72.78048592295396,73.26676977673739,70.77050622989341,71.04283142089844,29920053
2024-05-16,71.04606784316441,71.30865783658483,70.22262201197871,70.77374267578125,26147166
2024-05-17,71.12387621369066,71.42861984402194,70.56302772821246,71.18871307373047,21445998
2024-05-20,70.82886183007845,72.6183827617226,70.82886183007845,72.2520523071289,22787571
2024-05-21,71.96352145490422,71.9667640396374,70.48522188097841,70.92611694335938,25224129
2024-05-22,70.73484674424995,71.15952886963368,69.75255136379997,70.3231201171875,26519451
2024-05-23,69.97623696294218,69.97623696294218,69.2176354101145,69.6844711303711,18686169
2024-05-24,69.3700090275183,69.37649419687727,67.69070632845084,67.85279846191406,30862656
2024-05-27,68.07973788716845,68.33908531220771,66.9774964905464,67.5448226928711,22813653
2024-05-28,67.69070486226906,67.72636587286877,66.97100690115835,67.23035430908203,18283938
2024-05-29,68.4039301820207,73.26676864472115,68.40068759716932,72.84532165527344,90794331
2024-05-30,72.75453930477647,74.36251995992407,72.58596200417428,73.8697509765625,67137543
2024-05-31,74.17448181633279,75.08221252668673,73.58770018101644,74.24580383300781,55628952
2024-06-03,74.24256292896665,77.96102079323663,73.26351759988016,76.8652572631836,81043767
2024-06-04,76.80043151142597,77.74058080284318,76.49245272252938,77.2056655883789,47228748
2024-06-05,77.31264219955024,79.84780174851832,77.31264219955024,78.0615234375,58330185
2024-06-06,78.19443461712767,79.03732107516448,76.99493064899174,77.31912231445312,52759626
2024-06-07,77.49094511269574,78.2560318327586,75.25403663485199,76.3465576171875,54778194
2024-06-11,76.06451701781566,79.75054939873024,75.96726173427673,79.30641174316406,66479079
2024-06-12,78.33384048350065,80.25303506851974,78.33384048350065,78.74555969238281,56199591
2024-06-13,80.65827846456057,83.73158839415005,80.43458463919345,82.01663208007812,87755784
2024-06-14,81.5271049112732,82.32136749901518,79.92236681231793,82.03607940673828,60782928
2024-06-17,81.69568903748426,84.24706173747457,81.32935855756442,83.38471221923828,62594640
2024-06-18,82.86275445463737,83.41387509134115,82.01986799737958,82.87572479248047,38636733
2024-06-19,82.99243852920213,83.640814462521,82.15278720639247,82.34405517578125,29732433
2024-06-20,81.98097246236104,82.269495726815,80.8203719746788,81.5335922241211,34859982
2024-06-21,81.69244326585873,82.46401521518165,80.33733218733707,81.26451110839844,34899036
2024-06-24,81.04730279737392,82.33757690681372,80.32759742802332,81.02784729003906,32526906
2024-06-25,81.69567915128908,83.88071368684024,81.1640065829018,82.34729766845703,58723929
2024-06-26,81.69568586891008,82.44131713969065,80.84630672347728,81.9291000366211,33575028
2024-06-27,81.37797713066776,81.81239444613162,80.53508317775153,80.88520812988281,24873252
2024-06-28,80.3989160031428,81.73782140344885,80.03582816957112,81.12834167480469,27894621
2024-07-01,81.12834961473735,81.6470518706771,78.61588811318929,80.00989532470703,38781996
2024-07-02,80.03259461779102,80.30166979394667,78.79418693433396,79.09244537353516,30788211
2024-07-03,79.08919719790485,79.54954774319314,77.8054082584446,78.81039428710938,28972209
2024-07-04,79.42635770016466,80.9468109045563,79.26426556093311,79.30641174316406,29758902
2024-07-05,78.83308160823998,79.26425629432144,77.44230969792818,78.46350860595703,28699434
2024-07-08,78.38894906950387,80.47024319282549,78.18795334334739,79.42311096191406,31612398
2024-07-09,79.4911969213768,82.18521361819957,78.2949428000548,81.89019775390625,42228765
2024-07-10,81.85453024251446,83.16425989086156,81.53358856477224,81.85777282714844,32784768
2024-07-11,82.66825745543741,83.07673412321604,81.59194926122682,82.0393295288086,30107835
2024-07-12,82.1884513255296,85.58595291999515,81.6600213211366,85.1385726928711,56658966
2024-07-15,85.0348346673164,85.84530278270464,84.486956559211,84.84355926513672,29614656
2024-07-16,84.4869565385436,85.00241621871147,83.10590480174554,83.9617691040039,35276304
2024-07-17,83.96502109263584,84.78197446890344,83.19344906831421,84.13035583496094,31557513
2024-07-18,83.60839722073725,85.22934078703764,83.48195868077781,84.7527847290039,28596612
2024-07-19,84.4512847020057,86.2343202629777,84.20490023021618,85.60539245605469,40864137
2024-07-22,85.61836850559808,87.56350373468415,85.61836850559808,86.10789489746094,30224865
2024-07-23,85.90690793177406,86.04306681808356,82.01987966190376,82.09444427490234,50223147
2024-07-24,82.0944345404875,82.71687720983938,80.55777595423044,81.04405975341797,35592015
2024-07-25,81.03757769687162,82.51911982299804,80.23682994771524,81.17373657226562,30331260
2024-07-26,82.01014777398157,83.52086578693647,81.42012348967556,82.65203857421875,37452495
2024-07-29,83.00574007902681,83.02871735815367,80.92182329754142,81.74882507324219,23657796
2024-07-30,81.25327865130463,81.32219546692544,79.29406559748196,80.04558563232422,33118017
2024-07-31,79.61896449124848,81.39439691346072,79.60583461692633,81.07606506347656,26247009
2024-08-01,81.38782220122042,81.63067226742426,78.76241100484842,80.14075469970703,31090464
2024-08-02,79.41548834856322,79.50409997677565,76.99026237183541,77.0493392944336,43701351
2024-08-05,75.75631563911453,77.66958915526662,75.4839308453386,75.8678970336914,31580505
2024-08-06,76.79335800773023,76.99682598635086,74.16138162554309,75.13278198242188,38730453
2024-08-07,75.16559732645834,75.80882593163756,74.3221832160285,75.13606262207031,24606558
2024-08-08,74.75865586019044,74.75865586019044,73.34749499962147,74.31561279296875,25607223
2024-08-09,74.84398763063604,77.41032976111102,74.83743020476682,76.01229858398438,35955654
2024-08-12,76.14028045333609,76.62598813339733,75.31656114989276,75.61192321777344,16133703
2024-08-13,75.59879535967859,75.60864276523567,74.16794705153619,75.0638656616211,18130950
2024-08-14,75.02119622113277,75.02119622113277,73.90539736079046,74.3648452758789,16898955
2024-08-15,74.35500595057796,76.30109674240099,73.80038892844694,75.96963500976562,26563614
2024-08-16,76.17310829784971,78.21108561894172,75.64474352899735,77.15763854980469,30665574
2024-08-19,77.20357444483552,78.42767977626485,77.12481022566621,77.25936889648438,21054726
2024-08-20,77.4497103244232,77.88618850565454,76.60629617894551,77.60723876953125,18745266
2024-08-21,77.00995716818434,79.78961463448199,76.13700831729336,79.0905990600586,33313014
2024-08-22,79.09059576027661,79.67146497666155,78.63771276664528,78.93306732177734,18746535
2024-08-23,78.69677800783245,79.18904308501958,78.155283418379,78.54581451416016,14935806
2024-08-26,78.59832883615499,79.74694488001987,78.0108871851774,78.56878662109375,16954026
2024-08-27,77.94525646781422,79.18248419169117,77.61380226373005,79.02495574951172,15277938
2024-08-28,78.85101673308894,78.85429920134273,76.39953874333956,77.72865295410156,26712210
2024-08-29,76.57348132523488,77.6138060586233,75.90728290463066,77.07231140136719,23815461
2024-08-30,78.09950340342488,82.63162348122408,77.86321073724535,81.85384368896484,57908376
2024-09-02,81.39440084368555,82.18202809091098,79.09060353931181,79.12342071533203,30340446
2024-09-03,78.89369124701656,81.20733590702561,78.89369124701656,81.0859146118164,30545970
2024-09-04,80.56738872060252,82.66771776354875,80.54769391067975,82.14920043945312,30181788
2024-09-05,82.04419143819571,83.88197576198851,81.91291522756278,82.9794921875,30037665
2024-09-06,82.9827681500302,83.71788332418615,82.51019035381675,82.56926727294922,23442456
2024-09-09,81.8735422964033,83.34377278996568,81.57818020566863,82.03762817382812,21255378
2024-09-10,82.04419278788676,82.96308120921468,81.59130975888294,81.92932891845703,18374487
2024-09-11,82.04418689653153,85.52285981402582,81.86040622091471,84.7024154663086,46608444
2024-09-12,84.89932067239765,85.32595144365081,84.34142120579573,84.3447036743164,23175324
2024-09-13,84.40705336903491,84.6695982643075,83.63583853676528,83.6817855834961,17097483
2024-09-18,83.691633344165,85.10607679119428,83.38970633775105,84.81071472167969,20045943
2024-09-19,85.00105311719197,85.12248191614086,83.12716923990773,83.80321502685547,27312969
2024-09-20,83.80976601196753,84.93212977556014,82.98932923263003,84.04605865478516,26969379
2024-09-23,83.99683759721333,84.3282993173397,81.64709338495511,82.044189453125,32274819
2024-09-24,83.02871622673857,83.84915305436601,80.98089160333325,83.45206451416016,46948362
2024-09-25,84.66960322880163,88.49614290996196,84.55802182955259,86.2448501586914,61713102
2024-09-26,86.6386620553556,88.50927103382472,86.01512823298913,88.479736328125,44719923
2024-09-27,89.59224690257156,95.82432478105048,89.09998180970028,93.19890594482422,92976720
2024-09-30,95.17125370376681,101.10469487167894,95.17125370376681,100.85199737548828,116641377
2024-10-08,110.93686726052385,110.93686726052385,100.85199728149921,107.4384994506836,133031817
2024-10-09,103.375675362015,105.24956679175361,98.61711002410063,100.32035064697266,97775574
2024-10-10,101.73479428344291,105.67291525555851,101.72822934636704,103.66775512695312,75050061
2024-10-11,103.054061080049,103.054061080049,97.14359716042622,98.46942901611328,55925547
2024-10-14,98.77791653567311,101.72822466031772,98.51865411270694,100.75025939941406,51709446
2024-10-15,100.25799450557311,101.20314259591136,97.79666900634766,97.79666900634766,36644706
2024-10-16,96.15578007928598,97.13375285098203,94.1867196850933,95.10233306884766,45096561
2024-10-17,95.99498386127274,97.74744654128848,94.88246735948194,94.98091888427734,30736962
2024-10-18,94.99075582042235,100.48771883105606,94.54115527990004,98.55147552490234,57327726
2024-10-21,99.43755947510662,101.27535135622641,98.74839127537172,100.56977081298828,47344806
2024-10-22,100.09390288566192,101.77417369819274,99.43755191148811,100.0118637084961,31119798
2024-10-23,100.0118667088653,102.3255112858228,99.33253843515479,101.36723327636719,38008500
2024-10-24,101.36723646751356,101.72495043696712,99.29972438708899,99.66072082519531,29065542
2024-10-25,99.76573299863387,102.32551010774081,99.76573299863387,101.12438201904297,41946111
2024-10-28,101.40660885630946,101.40660885630946,99.02733008434436,100.12671661376953,32797317
2024-10-29,101.40661486472814,101.82668070045462,99.70009177356211,100.22518157958984,35563683
2024-10-30,99.43754964069184,100.91762740076129,98.9452845434607,100.27439880371094,32534460
2024-10-31,99.11265332562091,99.43426762561225,96.15578026037836,96.2181396484375,72255597
2024-11-01,96.2214179567749,97.00904514791549,95.20407054985057,95.27298736572266,42912258
2024-11-04,97.14031386034166,101.38036180560837,97.01232763409008,100.74369812011719,65195667
2024-11-05,99.78542357573241,101.22283686489298,98.61711262240892,100.91435241699219,50345994
2024-11-06,101.0784320438634,101.65274383485577,97.7966696959997,98.5711669921875,55458360
2024-11-07,96.82198494732584,99.06999521423316,96.48396579468636,99.03717803955078,45202776
2024-11-08,100.78964495884617,100.92091365333147,97.46849290650727,97.76385498046875,50014716
2024-11-11,96.81214552517183,98.27909352132922,96.02451830621266,98.22002410888672,54257790
2024-11-12,98.50225121454659,101.7347915929107,98.22657644423863,98.71884155273438,73967238
2024-11-13,97.79666920700808,98.88949833181601,96.910590523195,98.64008331298828,43534737
2024-11-14,98.45302280882235,98.55147432935728,96.4839623526459,96.73009490966797,37374870
2024-11-15,96.7432289929893,97.07140074238467,94.52147094614423,95.17125701904297,45970782
2024-11-18,95.17453830162069,96.13938126010702,94.07514417642203,94.73806762695312,34861785
2024-11-19,94.73806482566916,95.65696070809419,92.5524065142591,94.5116195678711,39584007
2024-11-20,94.51818200431066,95.30252670325147,93.69445519586557,94.66586303710938,31805079
2024-11-21,94.66914798141083,94.67570540702525,93.20219253164589,93.85855102539062,28659882
2024-11-22,93.69445846931967,93.81260480196026,91.2331328745795,91.3939437866211,37542534
2024-11-25,92.87401580810547,94.9612149747354,92.18155770950871,92.87401580810547,52359945
2024-11-26,91.88949305266378,93.85855356442536,91.19375242956383,92.220947265625,28561935
2024-11-27,91.65320220080362,92.21766662597656,90.90496459968081,92.21766662597656,33000843
2024-11-28,92.2832918741648,92.4014381996539,89.59224622544603,90.11076354980469,47576766
2024-11-29,89.5922536286886,91.19375277924125,89.28048671464686,90.19281768798828,38401380
2024-12-02,90.77696515206594,93.20219104444391,89.94668090971201,92.67710876464844,45407163
2024-12-03,93.46474344662721,93.81917495287642,92.07983459729272,92.75916290283203,27434913
2024-12-04,92.3292450143917,92.9823210489627,91.49567827840366,91.88292694091797,25503858
2024-12-05,90.96731218330973,91.34471343468607,90.02216406493874,90.33393096923828,27080313
2024-12-06,90.46848167030252,92.53927610662504,89.92370457415338,91.98137664794922,37409520
2024-12-09,91.63679207967517,93.19890905330321,91.12811462810322,92.05029296875,27645804
2024-12-10,96.15578476250101,96.48396401464001,92.54584303445063,92.7263412475586,52778745
2024-12-11,92.55568980520879,93.15953631999989,91.6925808567556,92.14218139648438,28007964
2024-12-12,91.92230727058458,93.09717559814453,91.36440781171194,93.09717559814453,30040185
2024-12-13,92.32596003546001,92.42113659775853,90.7146135497179,90.74414825439453,33707589
2024-12-16,90.74743552586872,91.29221264678853,89.78260006897474,90.2322006225586,21447078
2024-12-17,90.22234334667104,93.74696312552726,89.91385893215677,92.8083724975586,52704621
2024-12-18,92.95605653150953,94.14733716341314,92.75258856075975,93.4155044555664,25231914
2024-12-19,92.48349313573462,94.1670389894609,91.88949400971269,93.6616439819336,26018556
2024-12-20,93.53365321699826,94.10468254640224,91.95512390136719,91.95512390136719,29012133
2024-12-23,92.0535749435134,92.9691883423368,91.52192772696728,92.11920928955078,24454788
2024-12-24,91.85338821753234,94.68226755330888,91.60397319907982,94.6527328491211,42686214
2024-12-25,94.75446899388069,95.61757792862609,93.76009136581278,93.83229064941406,25017309
2024-12-26,93.83228730810626,94.12108443222752,93.20218858895218,93.48442077636719,20281365
2024-12-27,94.12108261795743,94.36721516011285,92.87401507710017,93.95043182373047,23604957
2024-12-30,94.2523597986527,95.00716983459616,92.98232237667231,93.52709197998047,24884043
2024-12-31,93.53036826120092,94.02263335731251,92.54583806897776,92.76243591308594,23285928
2025-01-02,92.87401536822625,92.90026760325829,88.41736984913997,88.96871185302734,50635212
2025-01-03,89.09998753843935,90.11405249313503,88.03012812962764,88.8472900390625,29809428
2025-01-06,89.2443841066305,89.88433025642064,88.28938858467177,89.02778625488281,24734049
2025-01-07,89.02779137390763,91.14453298583075,87.7872811134413,89.9302749633789,28716654
2025-01-08,89.58897320010678,89.91715246458824,87.23266395819033,88.338623046875,32724741
2025-01-09,88.2795380061021,89.16561668078008,87.51160565850428,88.40753173828125,19683864
2025-01-10,88.27954769862754,88.73571320383125,86.89464635075286,87.30158233642578,24164463
2025-01-13,86.31048317286756,88.10561040484778,86.05122824621101,87.29501342773438,20164125
2025-01-14,87.40659189738099,90.95418166237067,87.29829297206378,90.67523193359375,37736919
2025-01-15,90.64242108812712,91.0066999997493,90.08452159162577,90.1468734741211,18700749
2025-01-16,90.1698397675177,90.36346785630239,88.78165601717296,89.51348876953125,21771525
2025-01-17,89.76290674699368,91.62695085336199,89.42160511820468,90.77368927001953,25842459
2025-01-20,91.56131768925181,93.99967366391436,91.53506545085932,93.34331512451172,40739127
2025-01-21,93.53037015166372,94.32783721984495,92.874019180705,93.87495422363281,22932432
2025-01-22,93.53037480799244,93.95700558933434,91.82385168262483,92.70993041992188,24317067
2025-01-23,93.52380987280144,93.53037480999818,90.90496328403377,90.9410629272461,28852176
2025-01-24,90.74414844063256,92.05357543402707,90.57678010620846,91.58756256103516,20443101
2025-01-27,91.59084852262211,91.9288751841879,90.08451843261719,90.08451843261719,19022304
2025-02-05,92.78540273107816,94.10467705263561,92.41456644228201,92.8083724975586,43605270
2025-02-06,92.81166270278632,102.08922576904297,92.69352388090266,102.08922576904297,114437604
2025-02-07,105.01656033052845,108.29833042289087,103.04749977738499,107.2809829711914,146122578
2025-02-10,107.28425866181523,108.95467455325559,105.53507855049654,108.34098815917969,81813420
2025-02-11,111.35037001269832,111.67854926719549,106.98890069534409,108.26551055908203,84109068
2025-02-12,107.4778734121136,113.85763216079584,105.88622182673444,113.23737335205078,83807166
2025-02-13,111.97390432212681,113.66401509636452,111.41600484501842,112.00672149658203,59951955
2025-02-14,112.07891559144483,118.01235660365849,112.07891559144483,116.84732818603516,73093383
2025-02-17,116.84732863800103,117.74981216426411,113.05688881405275,114.36959075927734,69604527
2025-02-18,115.32131008407997,119.28569090603646,114.48117838972358,116.90312194824219,75539214
2025-02-19,116.01703581150629,118.14362466085905,115.8463850108859,117.65135955810547,48575346
2025-02-20,119.28568934119416,120.65746075240195,117.5529139886305,119.05596160888672,47081151
2025-02-21,120.11268647819273,126.84030462034792,119.85998898703161,125.69168853759766,71787735
2025-02-24,126.34803995094124,127.5491680217167,122.56744750984753,123.48634338378906,59822241
2025-02-25,121.42539931670235,124.70716179055265,121.03486818519941,122.2425537109375,48330756
2025-02-26,122.24254921125284,123.3288134064086,119.78450615920217,122.11456298828125,41558688
2025-02-27,125.36351573134172,126.01658423152436,121.75684909400967,123.23036193847656,50533842
2025-02-28,121.78638294797032,122.99079346428559,117.81872743686583,118.74090576171875,71791287
2025-03-03,121.09722124704096,121.42540050217788,117.41836266868586,118.2125473022461,45623466
2025-03-04,111.58993532370138,114.20550687697548,110.93358433969253,113.16846466064453,79035990
2025-03-05,113.87732814093408,116.56509899054849,113.87732814093408,116.16143798828125,41720658
2025-03-06,118.20269124472352,118.85576723862107,117.15909165546425,117.79247283935547,34380297
2025-03-07,117.78263321503155,118.47180889476485,116.58150511185238,116.96219635009766,26275239
2025-03-10,116.79809694312927,117.28707957286268,114.53368199862038,115.19003295898438,29752980
2025-03-11,113.22097222062543,115.44273009212054,113.1815901115322,114.98656463623047,28610991
2025-03-12,116.32224418692346,118.10424143846274,115.19003295898438,115.19003295898438,38853168
2025-03-13,115.47555213051149,117.27724426275967,115.23270204034417,116.33865356445312,30663255
2025-03-14,117.15909765736752,123.78170695801956,116.70621465182104,123.37476348876953,67409154
2025-03-17,125.46853572522204,125.69169100470192,123.38132892004802,124.7892074584961,39920661
2025-03-18,127.5130690912597,127.98892937319815,124.7104419180637,126.2069320678711,52001634
2025-03-19,126.19381356212982,130.9425318470126,125.54074499160377,130.30914306640625,56505450
2025-03-20,131.27068523526836,132.3864840993008,129.95470838347129,131.2674102783203,47823852
2025-03-21,128.97673555451348,129.07519458696592,121.42539797714703,122.08174896240234,84632028
2025-03-24,123.72262234364933,124.21488742924923,120.72309229660992,123.18441772460938,44368215
2025-03-25,124.04424535817168,124.57589258937274,121.09065463685668,121.29084014892578,36925608
2025-03-26,121.29084145931246,124.37899088958297,120.76904162806194,123.39773559570312,36061452
2025-03-27,123.42727794626101,128.40899861844886,123.42399547769271,126.8403091430664,43318311
2025-03-28,126.84030510287404,128.25146608750757,125.19942390536434,125.52760314941406,34481946
2025-03-31,124.70715319058053,125.78357745723133,122.73809283751153,123.03345489501953,34735173
2025-04-01,123.97532575651219,124.00814292969821,119.57447447880513,119.94860076904297,46221597
2025-04-02,119.78450402622082,120.00438433834789,117.77606153591495,118.30770874023438,35130123
2025-04-03,116.66682836262832,118.64573616208922,116.25988490795336,117.32646179199219,30306966
2025-04-07,109.3944418165594,110.82529017799015,105.59415435791016,105.59415435791016,82049520
2025-04-08,105.59414926122285,110.22800325821768,104.36020400960784,107.48116302490234,82393053
2025-04-09,104.95092194358946,107.64197526877795,102.9359144182216,106.52616882324219,63581568
2025-04-10,109.77511733256041,113.89701880702673,109.61103146963485,110.39865112304688,63268734
2025-04-11,110.5955614216262,117.3395917762115,110.3986508751883,116.49617767333984,56983479
2025-04-14,119.19378873070869,119.35787459384103,116.6996460542505,117.81544494628906,42620751
2025-04-15,119.65324137309528,119.78451006877305,117.2673975257148,118.13378143310547,34954671
2025-04-16,117.03439164447747,117.15909539969275,114.23832193238783,115.56743621826172,39548379
2025-04-17,114.84217272676831,115.99407131684606,113.76903084807053,114.75684356689453,25586592
2025-04-18,114.17269000096717,114.17269000096717,112.89279769187544,113.54915618896484,22158039
2025-04-21,113.54915192890212,114.819196784819,113.29973691118467,114.45491790771484,22486023
2025-04-22,114.45492077904593,117.13612665324499,113.8051272270511,116.45023345947266,33636618
2025-04-23,123.7226320347146,124.05081128794349,120.51635130194288,122.0784683227539,74378067
2025-04-24,122.23927502579545,122.9350081082151,119.24301980420199,120.11268615722656,45267633
2025-04-25,121.42539201273966,123.16472466720968,120.80185072043736,121.6977767944336,40160826
2025-04-28,120.48352004273038,120.48352004273038,117.0146945943629,118.14362335205078,53934960
2025-04-29,117.84826572361129,118.35037824493479,115.8463880866868,116.50274658203125,35694921
2025-04-30,116.46992977519285,116.47976966935423,114.63213800063204,115.87592315673828,39143841
2025-05-06,118.14363066777594,118.89843319097841,116.80466891929822,118.13050079345703,44488059
2025-05-07,119.78450670682463,120.00766949230909,117.53321408683702,117.8810806274414,32651970
2025-05-08,117.00156749427438,118.79341970183592,116.73246517197946,117.90734100341797,25014507
2025-05-09,118.38975858391952,120.11268646351917,117.91389830634733,119.20035552978516,43117848
2025-05-12,119.78451284174368,121.51728820800781,118.33397719591187,121.51728820800781,48411051
2025-05-13,123.39445555290081,123.58479365359375,120.122533086072,120.27677154541016,39531321
2025-05-14,120.2767779383935,122.4427490234375,119.24630813784967,122.4427490234375,40707921
2025-05-15,122.40993003891695,126.34804352063446,121.18910712287374,123.65699768066406,62640411
2025-05-16,123.0761333930381,128.31383422418898,122.60027308115781,127.71654510498047,68798382
2025-05-19,127.33256652230453,127.33256652230453,123.72262498787593,125.62933349609375,48411843
2025-05-20,125.85577792812744,129.56417846679688,125.19941946331544,129.56417846679688,51629973
2025-05-21,129.28195069106874,132.58340789238352,128.3203902394727,131.27069091796875,59843658
2025-05-22,131.26413325305933,133.09536016357993,130.61435468951186,130.87689208984375,43908840
2025-05-23,136.53794485143283,136.55763966381136,132.79672670474068,132.91159057617188,70672254
2025-05-26,131.86469158338838,132.25522270962216,124.70716010796376,125.03533935546875,92865189
2025-05-27,123.35506947957654,125.03533271574591,121.05782989177048,122.21629333496094,69082632
2025-05-28,122.2162995959023,122.39351533763109,118.82295577785723,119.08877563476562,53326164
2025-05-29,118.0090778483793,120.11268949633065,116.52900001718577,118.51446533203125,57618339
2025-05-30,117.16566334402174,117.74981504792916,115.28848945114399,115.61666870117188,57167973
2025-06-03,115.27208284534497,117.48399337987694,114.53368517767665,116.83091735839844,54567810
2025-06-04,117.9795409783219,119.56135277093037,117.53649787083087,118.31427764892578,44071230
2025-06-05,118.92797505334087,119.04283140780957,116.84076821367816,118.38976287841797,32583825
2025-06-06,118.47180992342078,118.92469293961622,117.32318628434868,118.13050079345703,26909304
2025-06-09,116.87029599589319,116.96546504467409,113.25707198553215,114.25144958496094,76527402
2025-06-10,114.73058983264157,116.50274726453598,114.28098929331435,115.88905334472656,51535764
2025-06-11,116.17785294287532,120.10612657013588,116.17785294287532,118.79669952392578,60932022
2025-06-12,118.10753154994589,118.10753154994589,115.8496738847186,115.92515563964844,43214088
2025-06-13,114.69777229181693,114.83232345519569,112.06907836905935,113.54915618896484,63071961
2025-06-16,113.54587258174165,113.8904566580046,111.84263198854265,113.0339126586914,30685215
2025-06-17,112.89279387323558,113.68042103855325,112.3677116001469,112.8074722290039,21013590
2025-06-18,112.50554969703616,114.599321447147,112.22659996310587,113.86092376708984,30869091
2025-06-19,112.90264995963545,113.31615087310557,111.69495688298602,111.74418640136719,30114363
2025-06-20,111.58993298043546,112.55477589224154,111.51445122925611,111.6621322631836,22061448
2025-06-23,110.5463366498219,111.48491984210679,109.47975971901886,110.98937225341797,28378002
2025-06-24,111.98375054430313,113.6147918895567,111.98375054430313,112.6893310546875,43413777
2025-06-25,113.54586717915885,114.77324743277228,112.57117689520209,114.62228393554688,37721481
2025-06-26,112.99452725493387,112.99452725493387,110.53976670245615,110.73995971679688,61479642
2025-06-27,109.61103211051622,110.5036682236936,109.42725143614345,109.68978881835938,41585247
2025-06-30,109.68979028154331,109.68979028154331,107.8355937051169,108.92514038085938,43201032
2025-07-01,108.3967736565788,109.39771619983333,107.90122608754955,108.73807525634766,26555412
2025-07-02,108.95467622593097,109.56508767230498,107.94717622836566,108.51492309570312,27981033
2025-07-03,108.61993910508164,110.02125269093172,108.5182051163341,109.79480743408203,37049343
2025-07-04,109.13517292953733,109.93592246922043,108.22284199674893,108.62650299072266,31231065
2025-07-07,108.03577968586946,108.45912798242576,107.78637217289321,107.8355941772461,26462316
2025-07-08,107.3137961734693,108.22612712871077,106.89373033828963,107.2744140625,35075442
2025-07-09,107.28097168054407,107.71088489197858,106.91341034415312,106.91997528076172,36489933
2025-07-10,106.9232670465838,107.015153632987,104.63915714716546,105.42021942138672,63006618
2025-07-11,104.98373646949513,107.26456379678214,104.69493933766726,106.29972839355469,50480949
2025-07-14,106.29972600965291,106.29972600965291,104.21580176732702,104.52100372314453,51692742
2025-07-15,104.42583504951614,106.65744033089666,104.3602007046769,106.01749420166016,48837282
2025-07-16,106.02078312347005,106.9560838614144,106.02078312347005,106.23738098144531,33227505
2025-07-17,106.65744898103404,107.87826441906691,106.36208689393371,107.6485366821289,47067405
2025-07-18,108.012813411279,108.13424221459108,106.73948601195539,108.0062484741211,41059947
2025-07-21,107.63869602545601,109.65042114257812,107.39912088427894,109.65042114257812,46183509
2025-07-22,109.93920650156164,112.23972867694255,109.3517723343905,112.13471221923828,64249251
2025-07-23,112.26598323852222,112.56462778671865,110.59556728614263,110.94671630859375,47672205
2025-07-24,110.94999764689514,113.72637262396927,110.80231660858244,112.47273254394531,56718981
2025-07-25,111.9082644406263,112.0395406433268,109.93920402518202,110.90076446533203,47112228
2025-07-28,110.9007677657369,111.28473395726581,110.11314057157168,110.59556579589844,35117010
2025-07-29,111.59316414055093,112.08133850888679,109.36149468329683,111.00535583496094,38735984
2025-07-30,107.64790382331581,110.74633082135311,106.72136443803453,108.29547882080078,52483427
2025-07-31,107.79734190994957,107.79734190994957,104.60925341762302,104.84835815429688,59949943
2025-08-01,104.55943761394427,105.84463793953867,103.97163687951877,105.40628051757812,36233692
2025-08-04,103.61297029111655,104.74872724199669,102.18829164557361,104.48969268798828,41293694
2025-08-05,104.48969456599411,104.81846832110593,103.39378964995706,104.46977233886719,33834986
2025-08-06,104.46977413386875,104.60925252916077,103.51334759429386,103.961669921875,30561960
2025-08-07,103.8819659469024,106.03393136453388,103.7723822941735,104.93802642822266,42876298
2025-08-08,104.60925358270654,104.63914072471262,103.52331355113871,103.5432357788086,32661461
2025-08-11,103.4934154544676,105.26679769972226,102.8458404626468,105.12731170654297,35669790
2025-08-12,105.0077644130255,106.03393013974566,104.31036484269941,105.2767562866211,31219504
2025-08-13,105.89445037022116,107.24938983673599,105.44612045204951,106.43244171142578,45983014
2025-08-14,106.97043785785495,107.0999513417212,105.39631581854529,105.97415924072266,41954793
2025-08-15,105.45608757389395,106.24314857467117,104.92806113563894,105.6752700805664,36135346
2025-08-18,105.26679889945949,109.08254010179334,105.26679889945949,107.96671295166016,61925173
2025-08-19,108.26559231336738,108.51466196032057,106.7811393458071,107.22946166992188,38973519
2025-08-20,106.78114252272019,107.85712525381075,105.61549836454007,107.84716033935547,38505345
2025-08-21,107.39883082060105,108.42499651180255,106.60180493953081,106.70143127441406,44946378
2025-08-22,106.71139981734235,110.55703576243825,106.71139981734235,110.2481918334961,76312005
2025-08-25,110.8957697483954,112.07137881331273,109.89949113748249,111.19465637207031,61162758
2025-08-26,111.3341334751674,114.26319498951946,110.29800281974353,113.32669067382812,69291585
2025-08-27,113.53590466867703,113.63553100525158,110.24818995570317,110.26811218261719,68974693
2025-08-28,108.98291668898973,109.77994261848168,106.71140267124102,108.91317749023438,76252199
2025-08-29,108.47481267322371,116.15611986918476,107.7176463998831,113.63553619384766,114490194
2025-09-01,108.09622443718088,111.06513790902093,108.09622443718088,109.29175567626953,132986738
2025-09-02,108.3851467981172,110.68654786792584,108.1958514370499,109.61056518554688,77322410
2025-09-03,110.08878502478149,110.31793244664972,106.6117748477546,106.81102752685547,73522327
2025-09-04,106.19333404143197,106.6914733494811,103.32405436342994,103.61297607421875,81574074
2025-09-05,103.47349123952388,107.09994456845945,102.72628232392998,106.86083984375,78752385
2025-09-08,105.75497266134248,106.73132141201921,105.11735497898148,105.85459899902344,55592345
2025-09-09,105.6055315823599,106.80106286175919,104.87824486004028,105.09742736816406,38163622
2025-09-10,105.12731103463288,106.05385040588808,104.6291717511839,104.80850219726562,32236895
2025-09-11,104.85831922550227,106.20329377137715,104.49965833313533,106.19332885742188,53778149
2025-09-12,106.20329619920781,107.17965256208247,105.50590422644194,105.515869140625,45591018
2025-09-15,105.60552968985633,110.43747929225778,105.60552968985633,108.29547882080078,97480407
2025-09-16,108.59436548705473,108.59436548705473,106.82099082645404,107.39883422851562,53316021
2025-09-17,107.79733954636598,111.58320119887149,107.79733954636598,110.57695770263672,98123971
2025-09-18,110.57695500336744,112.38022436169018,108.15599780384213,109.30171966552734,93401380
2025-09-19,109.3913931190686,110.38767171723497,108.5943672001345,108.68402862548828,47297748
2025-09-22,108.46484950379426,108.50470155829255,106.75124916537813,107.58811950683594,49155923
2025-09-23,107.05012983461002,107.28924216531216,104.2505894714093,105.20701599121094,65096262
2025-09-24,104.6092477558386,105.43616077662526,103.61296920578299,105.31660461425781,54816227
2025-09-25,104.94797973292339,108.39511023516832,104.47973519514076,107.09994506835938,69348204
2025-09-26,107.05013243486107,110.81607192437036,106.60181010565883,106.89073181152344,75661207
2025-09-29,106.60180903964883,108.73384461236161,105.99407849218372,108.20581817626953,61398368
2025-09-30,107.78738044531507,109.57071998987142,107.35898035806407,108.80358123779297,56775550
2025-10-09,108.26558996120544,112.06141646698596,107.66782434170524,110.18840789794922,100872197
2025-10-10,110.13860127878165,110.13860127878165,107.17965264726178,107.38887023925781,59010253
2025-10-13,104.60924962102072,105.58560596192457,103.71259738978294,105.29668426513672,74442980
2025-10-14,106.28300045642644,108.95302738596706,105.22694758164627,105.59556579589844,76778627
2025-10-15,106.05384869616975,107.10990912873814,105.1073871132757,106.70143127441406,47579133
2025-10-16,106.60181036917183,108.89325419320923,106.11363598267782,106.56195831298828,52309638
2025-10-17,106.2032969381621,106.23318407991681,103.8720086692646,104.04137420654297,62572494
2025-10-20,104.82843442446615,105.23690469372217,103.69267744028757,104.13103485107422,35561452
2025-10-21,104.30040850749188,104.67899163710257,103.85207857929247,104.37014770507812,29907419
2025-10-22,103.7126000445532,103.9317825512443,102.98532092798999,103.39379119873047,35787419
2025-10-23,102.91558250794888,103.34398261035342,101.62041728644611,103.30413055419922,37860342
2025-10-24,103.59305336028302,103.98160141065807,103.22442753769529,103.37387084960938,30554268
2025-10-27,103.61297514912381,104.57936661427124,103.49341897989852,103.62294006347656,34598784
2025-10-28,103.63289390412218,103.93178051666855,103.11483239017777,103.33401489257812,26541583
2025-10-29,103.34398145409281,104.78858236875783,102.61669473917026,104.13103485107422,39734040
2025-10-30,103.6129743151328,104.46977451851122,103.11483501554082,103.22442626953125,35898945
2025-10-31,100.62413457770404,100.94294341292004,99.62785601752876,100.4149169921875,63705259
2025-11-03,100.41492119758529,100.61417387756421,98.1334422871148,99.2293472290039,55167021
2025-11-04,98.63158169825324,99.16957305600039,97.34638138824661,97.43605041503906,43501704
2025-11-05,96.30028924426428,96.30028924426428,94.37747131970006,95.44348907470703,58721510
2025-11-06,95.22430637071673,97.3862290167195,95.0449759262878,97.1570816040039,40200367
2025-11-07,96.63901942497283,97.78474127856211,96.46965389558196,96.83827209472656,32256073
2025-11-10,96.98771715034589,99.97655285668013,96.98771715034589,99.02012634277344,55487690
2025-11-11,99.12971999712168,99.40867678698334,97.77478050264867,98.34265899658203,31985788
2025-11-12,98.43232411267691,98.62161186913444,97.17701100715878,97.4061508178711,26064335
2025-11-13,96.64899069970319,100.1260009424591,96.64899069970319,99.45849609375,57999022
2025-11-14,98.63158192315183,100.12599983107836,97.96407708185191,98.0039291381836,34298466
2025-11-17,97.4360471838528,98.22310056525022,96.88809092996622,97.71500396728516,20724759
2025-11-18,97.17701598517597,97.48585992021877,95.66266824992842,96.13092041015625,30475645
2025-11-19,96.04126008733655,96.30029465573611,94.65643341939685,94.81583404541016,34829235
2025-11-20,94.815834674763,95.14460844441365,93.15205119950447,93.26164245605469,39181087
2025-11-21,92.1458010321818,94.03873179883999,91.35874006495541,92.35501861572266,45171313
2025-11-24,92.75353131669566,94.05866138351172,91.8568791031203,93.5804443359375,32730213
2025-11-25,93.65018540947206,95.02504709720775,93.35129879861539,93.5605239868164,27748887
2025-11-26,94.39739868044927,95.08483335645886,94.09851205583573,94.73612976074219,30657697
2025-11-27,94.24795373492624,94.80587491780318,93.86937060451179,93.9391098022461,20227996
2025-11-28,94.24795553842051,94.87561593104243,93.84944257188332,94.81583404541016,21935062
2025-12-01,95.03501397954254,95.94163114385069,94.78594433233732,95.4135971069336,23371272
2025-12-02,96.06117673951455,97.43604601421592,95.89181120889262,96.26043701171875,35921746
2025-12-03,96.2803607161804,96.29032563019409,94.53687321289546,94.69628143310547,23157284
2025-12-04,94.56675788034715,94.93538367918892,93.84943611016972,94.88556671142578,16614164
2025-12-05,94.93539094006165,95.8619303639043,94.35754751422371,95.6228256225586,21161847
2025-12-08,95.85195990078608,96.78846418493231,95.85195990078608,96.17076873779297,24780498
2025-12-09,95.85196075754052,96.30029067674649,95.34385655617467,95.6726303100586,16322702
2025-12-10,95.24422736131628,96.29032287374214,94.5468354203671,96.11099243164062,19840224
2025-12-11,96.61910380056366,96.75858219912251,95.49330409662089,95.87189483642578,25090767
2025-12-12,95.84199691806997,97.3364147968403,95.29404825645561,96.63902282714844,55462088
2025-12-15,96.19070029423418,96.7984308383562,95.17449188232422,95.17449188232422,29330099
2025-12-16,95.14460203944846,95.34385471012497,93.78966259604212,93.89925384521484,25876771
2025-12-17,94.14832549572834,95.34385674733666,93.33137736689545,94.85568237304688,27282500
2025-12-18,94.03873839320894,94.24795599142098,93.15205102892824,93.18193817138672,25279734
2025-12-19,93.65018607933096,94.91545652553623,93.38119420843773,93.87933349609375,27206794
2025-12-22,94.34758024769252,95.00512777125441,93.89925791872031,94.01881408691406,20623482
2025-12-23,94.14832465540982,95.14460322319194,94.14832465540982,94.45716857910156,23661741
2025-12-24,94.44720948768376,94.44720948768376,93.70000057591729,94.06861877441406,19280995
2025-12-25,94.07859026573868,94.87561620108158,93.76974632626955,94.487060546875,18220163
2025-12-26,94.92542388513446,101.07246102893532,94.8955367432655,99.63782501220703,102095895
2025-12-29,100.12599597631468,100.9230218702584,99.22934374587858,99.83707427978516,51916696
2025-12-30,98.89061741619534,99.7773047751335,98.37254828002763,99.37879180908203,31875638
2025-12-31,99.6079378974782,99.82711280491122,97.01760745342457,97.3563461303711,40285887
2026-01-05,98.03381764673884,99.10980037968538,97.53567833715276,97.7448959350586,38262521
2026-01-06,97.85448722165002,100.1260012579078,97.75486087990238,99.6178970336914,52178486
2026-01-07,99.58800389721249,99.58800389721249,96.69879455441236,97.23678588867188,56084881
2026-01-08,96.83827907001489,96.83827907001489,95.97152153305103,96.51947021484375,30065475
2026-01-09,96.68883887157905,97.58548350945891,96.53939556493164,96.64898681640625,35034058
2026-01-12,96.64898966998916,97.63530336137953,95.94163277204234,97.1072769165039,42525719
2026-01-13,98.63157749718813,99.2293431133343,96.51946421240271,96.82831573486328,49872272
2026-01-14,96.44972748949024,97.37626687861746,95.15456988814194,95.74237060546875,51474973
2026-01-15,95.72245035034875,96.28036393774713,95.24423327471973,95.31397247314453,29563546
2026-01-16,96.34013574040176,97.07738736304894,95.24423082152381,95.50326538085938,38458802
2026-01-19,96.4497267333016,96.9379087093923,95.41359609974502,95.83203887939453,33492715
2026-01-20,95.86192389127062,95.90177594563787,94.32765400264164,94.3874282836914,38914947
2026-01-21,93.6601554669517,94.58669489028723,93.65019055244196,93.74981689453125,30833393
2026-01-22,94.36751051478869,94.77598078959463,93.5405974498612,93.76974487304688,29101425
2026-01-23,93.88929149896317,94.00884766523988,93.16201239020312,93.3014907836914,38330272
2026-01-26,93.30149439994,93.31145931443321,92.15577246530593,92.28528594970703,37545961
2026-01-27,92.32513823718675,92.64394709274151,91.45838069917991,91.46833801269531,36298092
2026-01-28,91.45837533263598,93.1520458532024,89.67503578867365,92.99263763427734,71556618
2026-01-29,92.31518003618642,92.57420700314512,91.26908445092145,91.96647644042969,37182481
2026-01-30,91.92661949049062,91.92661949049062,90.36246245356568,90.5517578125,32917560
2026-02-02,87.6725129182604,88.75845289569872,86.64634722185474,86.7260513305664,64697385
2026-02-03,86.87548770726666,87.074747980592,85.5604003073283,87.04486083984375,37782685
2026-02-04,86.66627281681832,88.99756868072632,86.12828146360877,88.80827331542969,37650471
2026-02-05,88.17065666810433,90.89050060807003,88.00129112925366,89.77466583251953,35424031
2026-02-06,89.05734057339893,90.32261861114912,88.66879254001164,89.4857406616211,24708779
2026-02-09,90.16321089083814,90.31265419704552,89.49570607091448,89.72484588623047,20817951
2026-02-10,89.66507032720786,91.22922736109795,89.50566210925622,90.47205352783203,26760481
2026-02-11,90.5417929658461,92.60408928486464,90.5417929658461,91.93658447265625,39694959
2026-02-12,91.94655473835024,92.00632902322057,90.74105852044848,90.82076263427734,23031332
2026-02-13,89.7148918631221,90.75101492854999,89.54551872267483,89.93406677246094,21733887
2026-02-24,91.63770729724307,91.64766461033925,90.27280290383352,90.5318374633789,20644458
2026-02-25,90.55175897730122,92.44468978798714,90.55175897730122,91.10967254638672,32478010
2026-02-26,91.0598675332555,91.0598675332555,89.27652788849439,89.51563262939453,29101894
2026-02-27,89.06730634432336,89.6052976882672,88.76841973068711,88.98760223388672,21934083
2026-03-02,87.67251255846884,96.88808916262607,87.39355578012497,96.42980194091797,143513688
2026-03-03,96.03129139756273,96.62905702336688,93.64022129334377,94.85568237304688,86574145
2026-03-04,94.84572096562967,96.43977282804572,93.35130304536658,95.63278198242188,70096892
2026-03-05,96.4397696376248,96.45969186479476,93.54059531974366,94.11843872070312,55243997
2026-03-06,95.64274680687193,95.64274680687193,92.90298062230008,93.2716064453125,50354037
2026-03-09,93.27160130971403,97.63529865614845,92.65390586756945,97.1570816040039,109340899
2026-03-10,96.81835243219497,97.12719635879301,95.72244751752231,96.24050903320312,50746243
2026-03-11,96.38995211751451,99.96658855277374,95.31396943242729,98.85076141357422,90374375
2026-03-12,98.86072988530363,100.31529574482153,98.33269583678457,98.73120880126953,50252357
2026-03-13,99.71752271759529,100.36510533618674,98.99024358673306,99.29908752441406,51976482
2026-03-16,99.29908361396431,104.60925023589355,98.42236120549099,104.23066711425781,108781426
2026-03-17,104.2406274855783,106.26307943431736,102.32777439224151,102.4871826171875,84138860
2026-03-18,102.43736125047471,102.43736125047471,99.6776729833031,101.31156921386719,61799648
2026-03-19,100.61417281729715,103.49341733836557,100.09611129420973,101.92926025390625,53105939
2026-03-20,101.62041780913822,104.06129735336846,101.18205279018974,102.6465835571289,62878324
2026-03-23,103.48345965246779,111.40387138517792,102.79602499455625,107.22946166992188,178244551
2026-03-24,107.99660125986816,107.99660125986816,104.53951331772393,106.24314880371094,92144617
2026-03-25,106.32284901009513,107.25935328767724,104.88820545311863,106.20329284667969,66266489
2026-03-26,106.22322498460451,107.27927784756737,102.31780717245428,102.75617218017578,82812067
2026-03-27,103.6030043899609,105.49593515705679,102.36762111500445,104.90813446044922,65845464
2026-03-30,103.12480114751686,107.59808998239303,102.86576658038965,105.65534973144531,72755723
2026-03-31,106.60180968513399,108.08626266368367,104.70887883407597,104.85832214355469,58865901
2026-04-01,105.50590312620844,106.10366875391736,101.98904095550188,102.26799774169922,71519811
2026-04-02,102.1085912590721,103.09491254263865,100.12599897969515,101.27172088623047,60434947
2026-04-03,101.42116641477715,101.91930572408155,98.63158324227145,98.64154815673828,49174516
2026-04-07,99.12971944183482,99.39871131597965,97.08734529735585,97.6153793334961,37969746
2026-04-08,98.13344370152109,100.90309703856096,97.74489564926024,100.84332275390625,56281840
2026-04-09,99.83707755747075,99.83707755747075,98.44228599777891,98.66146850585938,37906293
2026-04-10,99.02012729290202,101.81966766571016,98.66146639662027,101.29164123535156,60573135
2026-04-13,101.19201830421783,104.59928933259354,100.43484443091124,103.86204528808594,66313598
2026-04-14,102.61669141333029,103.80226532897004,102.11855213462479,103.43363952636719,54334283
2026-04-15,103.43364456796705,104.38010620323938,102.1185571121242,102.6465835571289,42871917
2026-04-16,102.89564802080261,105.57563976806745,102.89564802080261,105.1472396850586,64366146
2026-04-17,104.59928738452902,105.06753953955045,102.73625127965964,103.39379119873047,44204763
2026-04-20,103.3937884331885,103.56315396528241,102.23810924836872,102.52703094482422,38367696
2026-04-21,102.52702991740425,102.80598669711698,100.95290797359421,101.15216064453125,43225769
2026-04-22,100.73372473002225,101.99899514322018,100.22562054158746,101.24182891845703,34373337
2026-04-23,101.19201229476221,101.21193452137548,98.6415416321441,99.6079330444336,49216375
2026-04-24,99.53819655971037,99.53819655971037,98.33269278922899,99.0898666381836,33773878
2026-04-27,99.62785640098322,103.61297065702254,99.50830023694124,101.95914459228516,60167020
2026-04-28,101.47097417542726,102.91558271009515,100.96286995971631,101.10235595703125,36155004
2026-04-29,101.09239149312697,105.24687146109046,100.62413933156226,105.00776672363281,105655781
2026-04-30,104.15096338858402,105.05757294145388,101.98904069996897,102.59677124023438,60097853
2026-05-06,101.32153029145822,101.51082565724069,99.82711239570807,100.37506866455078,67048711
2026-05-07,100.67395179814848,100.88316938418879,99.63782118085199,100.08614349365234,46884596
2026-05-08,100.09611129882285,100.62413773612927,99.42860646679406,99.64778137207031,38215750
2026-05-11,99.64778036359652,100.35514484524712,98.63157955504619,100.06622314453125,48281004
2026-05-12,99.59796941304994,99.72748289020915,98.73120432467059,98.86072540283203,35344129
2026-05-13,98.86073076853236,98.88065299648343,97.44600935192142,98.23307037353516,45619352
2026-05-14,98.63157884569034,99.62785741988924,98.08362258948003,98.36258697509766,33917988
2026-05-15,97.63529799875363,97.66518513912351,95.90177544828084,95.9416275024414,46621723
2026-05-18,94.98520015709389,95.58297341099592,93.94907707926973,94.15829467773438,35461317
2026-05-19,94.15829298019162,95.72245008423003,93.45093608356305,95.64274597167969,29618439
2026-05-20,94.94534842331782,95.13463617827496,92.95279133238567,93.01256561279297,41500993
2026-05-21,93.06238385715817,95.8419943482592,93.06238385715817,93.1620101928711,37394974
2026-05-22,93.20186274499073,93.83948041816056,92.26535846208408,93.40111541748047,26859177
2026-05-25,94.64646350607573,96.84823821867576,94.64646350607573,95.60289001464844,40599516
2026-05-26,95.44348780634556,96.55931491391568,94.15828756908888,96.1906967163086,38652435
2026-05-27,95.64274242837487,96.90801286397593,94.30773279712655,94.86564636230469,36237356
2026-05-28,94.86564583198236,95.63277697981385,93.68007191160423,95.52318572998047,31458976
2026-05-29,98.53195386543811,99.12971949798933,95.77225792033978,95.82207489013672,60629393
2026-06-01,95.8220743815901,95.86192643701567,93.25167381415886,93.3014907836914,44598076
2026-06-02,95.64274375288143,96.51946616758866,93.95903051907766,96.39991760253906,55496417
2026-06-03,95.64274157087479,95.64274157087479,94.14832373382988,94.46713256835938,37043374
2026-06-04,93.25167051251714,94.03873147705029,92.7535312388381,93.09226989746094,31871174
2026-06-05,93.1719683622441,93.65018541946534,91.95651489376954,92.66387176513672,33996897
2026-06-08,90.66135160840584,91.6775524248502,89.96395963643445,90.85064697265625,31684395
2026-06-09,90.88052986869252,91.57792180808529,89.69495597072273,91.54803466796875,28192695
2026-06-10,90.66134974476883,90.66134974476883,89.76469751280692,89.97391510009766,24128660
2026-06-11,89.76469932853139,90.46209890127616,88.54923823406409,89.4658203125,31508734
2026-06-12,89.56544656752813,91.43844757631716,88.91786396522795,91.25911712646484,38535178
2026-06-15,91.26907848292835,91.55800017426165,90.06358235074596,90.48201751708984,31297908
2026-06-16,90.01376862632918,90.163211934266,89.166933349357,89.30641174316406,33601868
2026-06-17,88.66879043003372,88.96767703368187,86.67623334171836,87.14448547363281,49526711
2026-06-18,86.67624036099598,88.99757138111158,85.75966585038472,87.80203247070312,43578976
2026-06-22,86.67623736607402,87.57288961764769,84.2851672288784,87.2640380859375,63724220
2026-06-23,86.5865733730689,87.99132219136433,84.43460803312414,84.68367767333984,46621668
2026-06-24,84.18553670178264,84.38478936955173,82.47193639536118,82.99000549316406,45573530
2026-06-25,82.49186960432758,83.49810549911271,81.03729618617818,81.89409637451172,55643208
2026-06-26,81.20666856665083,81.49559026477439,77.90898132324219,77.90898132324219,66320802
2026-06-29,77.90898429829102,80.64875047708134,77.31121865221,79.3436279296875,52370729
2026-06-30,79.2838480462733,80.25023944634128,78.28756950616231,79.40339660644531,38204309
2026-07-01,79.60265892540433,81.34614641550579,78.25768438181223,80.35983276367188,50317661
2026-07-02,81.59521924004224,85.3511862350859,81.59521924004224,83.25900268554688,82504621
2026-07-03,83.41841146918135,88.54924023661064,83.28889038506978,88.1407699584961,83898162
2026-07-06,88.19057449808587,88.61897458152369,86.28768640723571,87.21422576904297,48582828
2026-07-07,87.33378694095673,88.47950126611342,85.55044730999623,85.93899536132812,38946958
2026-07-08,85.68991947100601,88.01124269562277,84.96263279136932,87.47325897216797,40380908
2026-07-09,86.17809660357142,87.44336704741406,85.48070464255615,86.54672241210938,37739280
2026-07-10,86.51682571078547,90.49198260155713,84.5641206631618,89.66506958007812,70933247
2026-07-13,88.66879034805318,88.66879034805318,86.4570507659077,86.65631103515625,42458495
2026-07-14,86.56664856066858,90.3425454372216,86.1781005075011,89.84440612792969,54707491
2026-07-15,89.3163772593916,93.13212608955635,89.11711698046511,91.41852569580078,51415427
2026-07-16,91.39859510208863,94.40736068016419,90.81079438643289,93.78966522216797,60720397
2026-07-17,93.78966670232768,95.59292853420742,91.55800476883535,93.12216186523438,68734582
2026-07-20,93.14208026268331,94.92541979369142,92.42475848473566,93.57048034667969,43989030
2026-07-21,93.58044797796481,96.43977025892445,93.00260457328267,93.9490737915039,67159285
2026-07-22,92.28528569132972,92.65391151651984,90.17317988484214,91.22923278808594,60354971
2026-07-23,90.43220529318621,92.52439643666331,89.67503902893989,92.30521392822266,33801437
2026-07-24,91.18937378456616,92.73360856593854,90.97019128904213,91.54803466796875,24303385
2026-07-27,91.97644060163508,92.85316303855183,91.18937959077687,92.05614471435547,26533222
2026-07-28,91.6775493206533,94.25791473158124,91.6775493206533,93.00260162353516,36401500
2026-07-29,93.20186690513464,95.91173833656266,92.7535369705178,94.49702453613281,51445729
2026-07-30,94.56675988787178,96.30029006960179,94.39739435548508,95.84199523925781,48036113
2026-07-31,93.72000122070312,95.86000061035156,93.12999725341797,95.7699966430664,43613050
2026-08-03,96.02999877929688,96.58999633789062,94.0999984741211,94.44999694824219,36389711
2026-08-04,94.44999694824219,94.48999786376953,90.80000305175781,91.1500015258789,66771530
2026-08-05,91.08000183105469,91.18000030517578,89.1500015258789,90.81999969482422,51559762
2026-08-06,90.5,91.1500015258789,89.2300033569336,89.44999694824219,36737226
2026-08-07,89.7699966430664,90.27999877929688,88.55000305175781,90.04000091552734,40701576
2026-08-10,90.04000091552734,91.80000305175781,89.4000015258789,91.1500015258789,38573716
2026-08-11,91.18000030517578,91.66000366210938,89.93000030517578,90.12000274658203,24222760
2026-08-12,90.0,91.13999938964844,89.4000015258789,90.41000366210938,20818762
2026-08-13,90.37000274658203,90.69999694824219,89.69999694824219,89.70999908447266,22665355
2026-08-14,89.30000305175781,89.68000030517578,88.69000244140625,88.9000015258789,20585614
2026-08-17,88.9000015258789,90.44000244140625,88.61000061035156,89.87999725341797,24625494
2026-08-18,89.87999725341797,90.37999725341797,89.2300033569336,89.52999877929688,20636902
2026-08-19,89.52999877929688,89.52999877929688,88.44000244140625,88.66000366210938,21960557
2026-08-20,89.05000305175781,91.0,88.88999938964844,90.4800033569336,35807372
2026-08-21,90.3499984741211,91.08000183105469,89.72000122070312,90.47000122070312,17886205
2026-08-24,90.01000213623047,91.48999786376953,89.4000015258789,90.66000366210938,27364741
2026-08-25,90.48999786376953,91.5,89.91000366210938,91.36000061035156,27450227
2026-08-26,91.19999694824219,93.2300033569336,91.05999755859375,92.08999633789062,28282255
2026-08-27,91.69999694824219,92.18000030517578,91.16999816894531,91.48999786376953,17701439
2026-08-28,91.37999725341797,92.4800033569336,90.9000015258789,92.31999969482422,25031828
2026-08-31,91.55999755859375,92.54000091552734,88.0999984741211,88.19999694824219,64039960
2026-09-01,88.4000015258789,89.86000061035156,88.25,88.70999908447266,28858870
2026-09-02,91.37999725341797,89.0,86.5999984741211,86.80000305175781,35197166
