date,open,high,low,close,volume
2018-01-02,12.752836532424798,12.920814095064399,12.584858969785195,12.893937110900879,23188947
2018-01-03,13.10222855968845,13.10222855968845,12.752835857903127,12.994723320007324,25637354
2018-01-04,12.947687912766062,12.954407157629248,12.470632292625236,12.732677459716797,29395550
2018-01-05,12.699083645087773,12.712521239319257,11.959982769820872,12.188431739807129,47313114
2018-01-08,12.101083375094728,12.195150116393723,11.496364764906257,11.80544376373291,39372401
2018-01-09,11.738252587340984,11.792005653455524,11.496365135468833,11.58371353149414,28676354
2018-01-10,11.576992927647552,11.671059660940804,11.23431952625242,11.28807258605957,28756974
2018-01-11,11.267915980318936,11.62402790659218,11.227601405701295,11.503084182739258,20559534
2018-01-12,11.496366272195516,11.677781430489667,11.355265693199577,11.375423431396484,17585829
2018-01-15,11.368704367693658,11.368704367693658,10.811019494638634,10.918524742126465,27091369
2018-01-16,10.918525232694668,11.005873642682417,10.5556939968887,10.716952323913574,23168881
2018-01-17,10.730388052764026,11.281354505632217,10.468343765490113,11.120096206665039,30019805
2018-01-18,11.126815817529874,11.650904409296022,11.093220486990559,11.415736198425293,33100620
2018-01-19,11.422454833984375,11.751690670460162,11.368702666830092,11.422454833984375,20643039
2018-01-22,11.422454769896305,11.6777798051853,11.368702603043609,11.516522407531738,22300215
2018-01-23,11.43589294210967,11.718094972209581,11.40901685732247,11.644185066223145,18484142
2018-01-24,11.556837767539582,11.926387303903843,11.4224555470736,11.83903980255127,26680620
2018-01-25,11.83903932620009,12.094364368588094,11.536679566591149,11.657623291015625,21951560
2018-01-26,11.556837323815595,11.88607227110866,11.476208174050864,11.677780151367188,14795198
2018-01-29,11.624028175479276,11.892791713448757,11.422455297728286,11.489645957946777,15336706
2018-01-30,11.422454353247677,11.812161585644299,11.422454353247677,11.738251686096191,15936639
2018-01-31,11.348545397137114,11.523242190297832,10.562411622104923,11.335107803344727,24010295
2018-02-01,11.341826856598992,11.758411129060054,11.21416387651605,11.254478454589844,22117439
2018-02-02,10.992432132973455,11.462768492018546,10.616163404575547,10.696791648864746,28685707
2018-02-05,10.394436375639744,10.616166122669965,9.964414477186937,10.078638076782227,37575196
2018-02-06,9.80987248049234,10.051759916722524,9.615018861933933,9.729244232177734,22068372
2018-02-07,10.011445531920764,10.179423070860379,9.413446175088291,9.944254875183105,30084250
2018-02-08,9.98457223132114,10.078638997550946,9.6822132946395,9.769560813903809,28930463
2018-02-09,9.413446740850862,9.628458111267541,9.064054048882348,9.285783767700195,29858668
2018-02-12,9.460479574883562,10.17270337548232,9.440322737592677,10.145827293395996,24974167
2018-02-13,10.26005086653673,10.394433968254647,9.964412169396303,10.145827293395996,19155123
2018-02-14,10.125670579530965,10.159266806894175,9.897221616034276,10.05176067352295,10843456
2018-02-22,10.186142031609826,10.387714893291417,9.99128751773808,10.340681076049805,13890601
2018-02-23,10.320524212759967,10.33396270370525,9.957693928192532,10.05176067352295,15055667
2018-02-26,10.132389411197838,11.059623718261719,10.065198753406525,11.059623718261719,37147398
2018-02-27,10.931962107739839,11.39558021591506,10.911806163834218,11.086502075195312,30456091
2018-02-28,10.871490950047257,11.382142895678463,10.871490950047257,11.073063850402832,22199263
2018-03-01,11.079783101093382,11.691220151507064,10.958839360830957,11.610591888427734,35888091
2018-03-02,11.523242031766898,11.677780189374179,11.267916090982421,11.294792175292969,23872717
2018-03-05,11.355266035557008,11.44933279202518,11.200726062674866,11.382143020629883,18914362
2018-03-06,11.442613409561714,11.718096223610349,11.361985146589653,11.47620964050293,24812859
2018-03-07,11.489646495308493,11.744972451432982,11.241040682034773,11.576994895935059,25808627
2018-03-08,11.529961815817636,11.724815469798592,11.43589416337347,11.47620964050293,14854736
2018-03-09,11.469489759908186,11.993579271359387,11.456051268275015,11.906229972839355,30009133
2018-03-12,11.959982814778895,12.605016047372372,11.959982814778895,12.342970848083496,38026774
2018-03-13,12.376565513727485,12.396723249709574,12.148116555170175,12.195150375366211,22707755
2018-03-14,12.114522110580632,12.282499667653251,12.020455360412598,12.020455360412598,20762711
2018-03-15,11.912948519047914,12.027173897030636,11.644184981837105,11.986859321594238,18468809
2018-03-16,11.946543452872032,12.13467781884336,11.597150802612305,11.597150802612305,19643099
2018-03-19,11.503083695914126,12.141396720401142,11.395578467182007,12.067487716674805,26662424
2018-03-20,11.959982872009277,12.087646746515771,11.778567723022038,11.959982872009277,15712298
2018-03-21,12.080927632064384,12.470634020061503,11.778567851006182,11.86591625213623,26118881
2018-03-22,11.865916990767534,12.248905053906578,11.865916990767534,12.054051399230957,25892088
2018-03-23,11.54339792643326,11.684498478890472,10.898365676077592,10.931960105895996,31651515
2018-03-26,10.58257025002176,12.027174949645996,10.58257025002176,12.027174949645996,36153765
2018-03-27,12.228745551116887,12.551262122350574,12.161554000712918,12.403441429138184,38798152
2018-03-28,12.228747587160633,12.766274697316211,12.161556025569503,12.618453979492188,35712210
2018-03-29,12.631891594441466,12.732678481284687,12.329532728102832,12.63861083984375,24607003
2018-03-30,12.732677523744561,12.934250385176531,12.53110466231259,12.887216567993164,37054599
2018-04-02,12.920812449042232,13.008160842254892,12.38328449649197,12.725958824157715,42545000
2018-04-03,12.497509713097891,12.732677909035473,12.302656090666622,12.531105041503906,29731786
2018-04-04,12.652049262963011,12.652049262963011,11.933106156484122,11.946544647216797,24808595
2018-04-09,11.879353000800439,12.349689407740565,11.86591540726491,12.174993515014648,28791317
2018-04-10,12.349689429513539,12.416880985691662,11.93310608726759,12.195150375366211,21802967
2018-04-11,12.36312808955975,12.423599504143546,12.033893137867546,12.141397476196289,21725132
2018-04-12,12.121240573255003,12.329532694683637,11.939825433362651,12.080926895141602,13921077
2018-04-13,12.12123967360745,12.228745797582373,11.516521987451872,11.738251686096191,25699296
2018-04-16,11.624028106806165,11.865915558678317,11.355264570424502,11.58371353149414,24991017
2018-04-17,11.603871841581096,11.812163076748254,11.133535405378263,11.153692245483398,29994162
2018-04-18,11.281354364035609,11.8793528352551,11.086500738078536,11.711376190185547,27591926
2018-04-19,11.691218967569045,12.410162090140988,11.644185146047375,12.20186996459961,39162912
2018-04-20,12.17499502504378,12.342971693287836,11.906230561662062,11.993579864501953,25015153
2018-04-23,11.926386984499587,12.141397454972251,11.771847928505013,12.121240615844727,21231205
2018-04-24,12.141397701039917,12.732678749561925,12.027174115176472,12.62517261505127,42313705
2018-04-25,12.605015277295525,12.625172116034854,12.302656416537086,12.423599243164062,26482260
2018-04-26,12.44375749951037,12.484072075770852,12.094364804284707,12.222027778625488,18296861
2018-04-27,12.302656238502284,12.356408405759636,11.980139646576236,12.208588600158691,18181613
2018-05-02,12.228746748176574,12.484071793999801,11.953263069034792,12.121240615844727,20104319
2018-05-03,12.141397480822324,12.21530828336865,11.576994321808282,11.986859321594238,26840388
2018-05-04,11.89951200510635,12.121241741579375,11.704658355664591,11.778568267822266,22730716
2018-05-07,11.88607255728542,12.746117141181376,11.751691235839086,12.584857940673828,42998519
2018-05-08,12.631890580959906,12.739396704579981,12.457194699994309,12.732677459716797,30764862
2018-05-09,12.732679538481387,12.833465536597373,12.50423055840868,12.678926467895508,21279717
2018-05-10,12.739397974596324,12.994723025183127,12.510949009046149,12.873779296875,33644496
2018-05-11,12.873777133747495,12.873777133747495,12.403440790609734,12.524384498596191,26410769
2018-05-14,12.470633233794624,12.470633233794624,12.027173804501459,12.21530818939209,32263438
2018-05-15,12.242183928968407,12.302656238502284,11.973420401395195,12.208588600158691,25763032
2018-05-16,12.161555169865192,12.316095122684235,11.892791633697987,12.101083755493164,23513149
2018-05-17,12.114522653528738,12.114522653528738,11.590434015558852,11.704658508300781,32815902
2018-05-18,11.704658947299286,11.71137819367064,11.180569392577128,11.328390121459961,35296942
2018-05-21,11.51652291849974,11.597152069451637,11.301511550262846,11.469489097595215,36010053
2018-05-22,11.462767786734831,11.469487030952694,10.898364728864685,11.160408973693848,43497409
2018-05-23,11.173847406990912,11.281353528386663,10.858050978814092,10.871488571166992,32788154
2018-05-24,10.871488386933876,11.03946591380962,10.851331550198399,10.905084609985352,21242942
2018-05-25,10.87148968658273,10.911805159064075,10.454906338992835,10.548973083496094,32370774
2018-05-28,10.62288354703229,10.63632114033517,10.038321774040135,10.139108657836914,38162285
2018-05-29,10.179422886305332,10.414591077718956,10.092074495872739,10.132389068603516,26725067
2018-05-30,9.937536358277102,10.179423816771877,9.782997298199142,9.998007774353027,24789017
2018-05-31,10.085356506483471,10.118951838425676,9.426885667967738,9.601581573486328,44713716
2018-06-01,9.514234526240609,9.769559599521907,9.346256961366095,9.379852294921875,27556989
2018-06-04,8.439178466796875,8.439178466796875,8.439178466796875,8.439178466796875,5955600
2018-06-05,7.592573165893555,7.592573165893555,7.592573165893555,7.592573165893555,5083540
2018-06-06,7.256618092157314,7.3641237746321995,6.833315504679129,7.008012294769287,186417347
2018-06-07,6.933382912237832,7.048488290875142,6.8589037590110635,6.913071155548096,88419118
2018-06-08,6.940154752821306,6.953696829525048,6.649006883769315,6.730257987976074,69407415
2018-06-11,6.709943890713271,6.879215756684812,6.432338139001184,6.493276119232178,71274186
2018-06-12,6.669319624764809,6.804737220170488,6.57452690117615,6.750569820404053,66385860
2018-06-13,6.737028227199086,6.743799265656368,6.500047305257067,6.513589382171631,46473400
2018-06-14,6.506817590714724,6.594838820446971,6.364628963603205,6.540672779083252,45904098
2018-06-15,6.533902065559353,6.547443237568177,6.175044735138035,6.202128887176514,52307061
2018-06-19,6.1005651591422305,6.215669641912502,5.59951964376078,5.734938144683838,57180757
2018-06-20,5.728166777860663,6.012543579453458,5.728166777860663,5.917751312255859,48586732
2018-06-21,5.978688184854187,5.99223025970454,5.653686072533595,5.728166580200195,52888460
2018-06-22,5.667228651701839,6.0125439070270295,5.640145403601375,5.978688716888428,50883247
2018-06-25,6.066711601054988,6.1208776478740194,5.836500817015255,5.863584518432617,45447551
2018-06-26,5.768791281993613,6.100564422149754,5.768791281993613,5.938063144683838,51959804
2018-06-27,5.97191932986817,6.141190768870507,5.890667773532401,6.026085376739502,50845386
2018-06-28,6.087023471795855,6.120877305665691,5.829730356739293,5.89066743850708,46296174
2018-06-29,5.877126425175802,6.10733629854734,5.870355387015973,6.073481559753418,45350533
2018-07-02,6.026084570051825,6.093794040599228,5.66045713553825,5.7417073249816895,62307697
2018-07-03,5.789104172164345,6.066711307238375,5.714625013885464,5.978688716888428,63769399
2018-07-04,6.026085472001373,6.066711702816718,5.802646626579834,5.877126693725586,45666198
2018-07-05,5.910979990232736,5.971918422220158,5.6401448249816895,5.6401448249816895,41036069
2018-07-06,5.6469162530516765,5.795875944497431,5.470873762079426,5.701083660125732,54279076
2018-07-09,5.755250271603988,5.802646636962891,5.707854358250326,5.802646636962891,31059595
2018-07-10,5.836500485500788,5.84327152347184,5.437018737318035,5.572436332702637,77527599
2018-07-11,5.457330654225942,5.531810711893189,5.301600857299464,5.369309425354004,47790569
2018-07-12,5.389622108155931,5.626603001323838,5.389622108155931,5.606290340423584,51338750
2018-07-13,5.619832724858344,5.6536865588809295,5.497957204757249,5.504726886749268,38817745
2018-07-16,5.545352837416195,5.619832443753948,5.423476419400952,5.457330703735352,48709676
2018-07-17,5.49118589208012,5.504726611402473,5.355768302737339,5.457330703735352,34325312
2018-07-18,5.477644679074673,5.518269555468318,5.274517585074912,5.2812886238098145,71657644
2018-07-19,5.315142056605528,5.3354551695355035,5.1187873890113,5.139099597930908,52758995
2018-07-20,5.159412454570246,5.260976215052057,5.098474469484279,5.247434139251709,41058341
2018-07-23,5.2474347861510715,5.2948307012796185,5.16618412935327,5.2812886238098145,37943778
2018-07-24,5.315142618898158,5.73493840909632,5.267746254391155,5.626603603363037,102441081
2018-07-25,5.592749350171728,5.62660318342758,5.450560719268044,5.477643966674805,71867642
2018-07-26,5.497957352943813,5.5792075511994135,5.450560989623263,5.525040149688721,55148709
2018-07-27,5.51149749657719,5.613061250780652,5.42347626934212,5.4302473068237305,51784940
2018-07-30,5.396393585584555,5.457331121246403,5.247434361512982,5.288059234619141,43794690
2018-07-31,5.308371544705916,5.376080108293623,5.260975640595552,5.315141677856445,26222438
2018-08-01,5.321913521543549,5.369309884841897,5.260976437886921,5.288059234619141,32497144
2018-08-02,5.260976149472623,5.260976149472623,4.908889867140818,5.0036821365356445,48697254
2018-08-03,4.9833692017453775,5.078161474538569,4.949514915463211,4.9562859535217285,25605619
2018-08-06,4.915660522546597,4.915660522546597,4.5703452731416405,4.624512672424316,49974082
2018-08-07,4.665138525035207,4.800555682586222,4.61774215828815,4.787014961242676,41943864
2018-08-08,4.820869048587606,5.267746776489205,4.814098009556875,4.915661334991455,84744116
2018-08-09,4.814097651768935,5.084932864795588,4.759930699564653,5.010453701019287,57199702
2018-08-10,5.0104533480700955,5.098474582700957,4.956285947676262,5.037536144256592,31794435
2018-08-13,4.9630569122368575,5.044307107614084,4.902118926700036,5.017224311828613,28270456
2018-08-14,5.010453503475525,5.064620453544204,4.963057139662166,4.98336935043335,23225123
2018-08-15,4.949516059325833,4.976600217819214,4.698993017325847,4.739619255065918,48653934
2018-08-16,4.665137618716803,4.787014031246763,4.6448254106345015,4.71930456161499,28619119
2018-08-17,4.780244064626549,4.80732686413427,4.556803849604921,4.577116966247559,35095218
2018-08-20,4.590658340776492,4.631283663827933,4.4078448390502025,4.536491394042969,45908451
2018-08-21,4.536491292588682,4.631283560253708,4.475552857369154,4.604199409484863,33461892
2018-08-22,4.590658960312314,4.604200133816658,4.441699271685663,4.482324600219727,31916787
2018-08-23,4.482324320278393,4.536491722944318,4.434928407952246,4.516178607940674,31748508
2018-08-24,4.502637087137631,4.516178258749264,4.455240726470947,4.455240726470947,22954297
2018-08-27,4.509407141819837,4.644825635638131,4.482323895061365,4.604199409484863,46588222
2018-08-28,4.692221515329375,4.935972542714627,4.67190885437974,4.753159046173096,76337634
2018-08-29,4.766701609068384,4.793784406429592,4.665138293931166,4.671909332275391,32354441
2018-08-30,4.671909332275391,4.7870147241010566,4.651596217242717,4.671909332275391,36737867
2018-08-31,4.6583673888318975,4.787014861025763,4.502637570507408,4.61774206161499,45968757
2018-09-03,4.73961767370762,4.793783712595479,4.597429053095359,4.71930456161499,54301216
2018-09-04,4.665138040981647,4.753159274657796,4.6312837551066055,4.712533950805664,44797271
2018-09-05,4.685450707929969,4.766701355721324,4.631283760070801,4.631283760070801,46849677
2018-09-06,4.597430099056697,4.62451335066492,4.462011580989249,4.495866775512695,46655184
2018-09-07,4.502637008137999,4.658366807012181,4.502637008137999,4.604199409484863,46566312
2018-09-10,4.583887770881618,4.658367386744155,4.455241202755895,4.462011337280273,36403869
2018-09-11,4.468782667282937,4.556803913950978,4.448470454364005,4.509407997131348,25063530
2018-09-12,4.51617842272005,4.692221796156447,4.489095174503074,4.638054847717285,46672186
2018-09-13,4.698992129636599,4.726076283013496,4.577116603477168,4.671909332275391,33486783
2018-09-14,4.69222212951615,4.753159668336268,4.604199984539192,4.61774206161499,34030946
2018-09-17,4.631284288846376,4.631284288846376,4.475553561462297,4.482324600219727,30359182
2018-09-18,4.489095126435929,4.644825836039497,4.468782012482884,4.631283760070801,33535040
2018-09-19,4.556803246253382,4.685450707929969,4.543262526300303,4.631283760070801,40776045
2018-09-20,4.644826412200928,4.726076618065653,4.617742256903916,4.644826412200928,35233149
2018-09-21,4.65836785117054,4.705763769624105,4.5771171886726725,4.692222595214844,41535565
2018-09-25,4.658366629933603,4.712533573396685,4.631283384204647,4.651595592498779,25826262
2018-09-26,4.665138477247466,4.814097710631908,4.651596400026882,4.780243873596191,68038047
2018-09-27,4.75993046996983,4.773472546371631,4.644825984591061,4.658367156982422,45166682
2018-09-28,4.6719088805631905,4.732846863753618,4.638054596125793,4.678679466247559,33693217
2018-10-08,4.590658809416483,4.590658809416483,4.44847016422103,4.462011337280273,34186567
2018-10-09,4.4823240238631605,4.516178309286664,4.421386038897735,4.4687819480896,21885899
2018-10-10,4.50940785123893,4.5568037665251655,4.428157646176062,4.482324600219727,23019458
2018-10-11,4.25211389199814,4.279197137829295,4.035445213317871,4.035445213317871,52509709
2018-10-12,3.96096657146376,4.015133522108104,3.6969024045693137,3.879715919494629,56639968
2018-10-15,3.8932566519227545,3.9474240484473992,3.7510682530572126,3.771381139755249,27390008
2018-10-16,3.7646103353836238,3.812006697277316,3.6291929656966553,3.649505853652954,29973554
2018-10-17,3.710443119341201,3.757839254693687,3.6156508486362298,3.723985195159912,33644273
2018-10-18,3.69013137315918,3.703672319836517,3.5885678320046273,3.608880043029785,24796357
2018-10-19,3.534400740399418,3.730756563090895,3.500546677870923,3.703672409057617,30834440
2018-10-22,3.744298332256275,4.028675372148597,3.723985218401434,3.9609663486480713,55637295
2018-10-23,3.9609664196285888,4.008362330123608,3.8255488222060574,3.859402656555176,33457459
2018-10-24,3.8594026565551753,3.954195381555638,3.845860580409274,3.859402656555176,25160335
2018-10-25,3.7172139207884256,3.8594023178008903,3.690130900886831,3.845860242843628,28111808
2018-10-26,3.8797155949473816,3.940653126821434,3.798464497769865,3.8255486488342285,24107938
2018-10-29,3.784923458702882,3.9541953407321646,3.778152420699836,3.886486768722534,32692412
2018-10-30,3.879715878341197,3.9541954911877943,3.7984647752286946,3.9135701656341553,28068896
2018-10-31,3.933883100852024,3.988049144438915,3.900027911093955,3.9609663486480713,31499858
2018-11-01,3.9880489046191876,4.218259661078385,3.960966110456957,4.0422163009643555,52234025
2018-11-02,4.164092445179882,4.238571593285733,4.07607122286829,4.231800556182861,63857017
2018-11-05,4.658367156982422,4.658367156982422,4.658367156982422,4.658367156982422,14666771
2018-11-06,5.125557899475098,5.125557899475098,4.868264778185129,5.125557899475098,206172234
2018-11-07,5.12555780569736,5.193266829854214,4.98336917137161,5.023995399475098,136998061
2018-11-08,5.057849233545713,5.159412543778391,4.963056961330283,5.023995399475098,84377273
2018-11-09,5.00368303436985,5.091704281742968,4.895348669904539,4.915661334991455,60817696
2018-11-12,4.875036065248247,5.409934997558594,4.875036065248247,5.409934997558594,134032088
2018-11-13,5.34899690075429,5.795874508344477,5.2948295071023095,5.552122592926025,148087093
2018-11-14,5.646915873821708,5.721396392550596,5.437019106528162,5.558894634246826,82971652
2018-11-15,5.50472623648183,5.633373683403997,5.484414480873935,5.552122592926025,45976019
2018-11-16,5.565665589922782,5.856813910047035,5.545353378942719,5.619832992553711,70578776
2018-11-19,5.579207609248611,5.8094174860460175,5.437018969812767,5.69431209564209,64617306
2018-11-20,5.606289947700066,5.633373644338239,5.315141677856445,5.315141677856445,66480558
2018-11-21,5.227121108514077,5.585978438830551,5.227121108514077,5.504726886749268,62937275
2018-11-22,5.613061225407958,5.721395564598155,5.450560394630419,5.4979567527771,34382576
2018-11-23,5.525039753254748,5.5453528663676614,5.281287819962038,5.301600933074951,41161702
2018-11-26,5.34222587717812,5.423476063853108,5.247433616053006,5.32191276550293,24919974
2018-11-27,5.396393984560472,5.51149847821253,5.260976826850932,5.348998069763184,37498839
2018-11-28,5.328684914848937,5.8568141764928585,5.315142837572517,5.74847936630249,82110289
2018-11-29,5.74170704047677,5.850041826380426,5.59274874388241,5.61306095123291,60302695
2018-11-30,5.592750010404061,5.701083464825225,5.511498450571125,5.667229175567627,36863454
2018-12-03,5.93129256341699,5.9922305471512605,5.70785374172986,5.775562763214111,52431598
2018-12-04,5.755250615194522,5.782334770736816,5.619833453525181,5.701083660125732,34015396
2018-12-05,5.585978772074179,6.269837379455566,5.558894618427849,6.269837379455566,94246980
2018-12-06,6.296921119303488,6.737027739009378,6.22921164364762,6.432338714599609,103053343
2018-12-07,6.500045978651647,6.581297067540645,6.269836142150827,6.527130126953125,57058383
2018-12-10,6.41879641876111,6.452650251418817,6.20889967304908,6.242753505706787,52078829
2018-12-11,6.249524890440502,6.398484564837431,6.242753852329891,6.296921253204346,34214415
2018-12-12,6.513588805757674,6.811507691435465,6.472963482619558,6.500046730041504,71405234
2018-12-13,6.628694008815498,6.682861406194772,6.4458805116773,6.540672779083252,46963817
2018-12-14,6.5203600800791435,6.533902156286422,6.364629367731929,6.378171443939209,31971475
2018-12-17,6.310462507056901,6.344317246042735,6.120877505553977,6.235982894897461,37810794
2018-12-18,6.276607662769625,6.588068612154077,6.276607662769625,6.459421157836914,56303815
2018-12-19,6.412026222565803,6.418797261189115,6.080253014112722,6.141191005706787,43506345
2018-12-20,6.127648553159207,6.601610379636303,6.114107380752438,6.391713619232178,65983890
2018-12-21,6.432338313108378,6.486505257444814,6.147961064333029,6.290149688720703,48159935
2018-12-24,6.269836625172622,6.459421157836914,6.195357471631486,6.459421157836914,36604962
2018-12-25,6.351087937537385,6.57452676181826,6.235982554477461,6.567756175994873,51305681
2018-12-26,6.540673072141015,6.723486577470252,6.4391097625107685,6.6693196296691895,50831586
2018-12-27,6.770883415882877,6.79796666568712,6.324004822055266,6.351088523864746,44993719
2018-12-28,6.351088040270251,6.42556764956863,5.7146249382545635,6.0396270751953125,90774131
2019-01-02,6.012544299073402,6.08025287574469,5.7958755881106105,5.877126693725586,35368128
2019-01-03,5.897439052306372,5.958377496039766,5.734938645041819,5.74847936630249,28523912
2019-01-04,5.680770733124316,5.965148002484321,5.640145408930029,5.8974385261535645,32255864
2019-01-07,5.944835405683214,6.283379652759607,5.897439039330524,6.141191005706787,41669461
2019-01-08,6.087023685614839,6.181815960597849,5.978688882196735,6.080252647399902,23751935
2019-01-09,6.0937938912606056,6.229211021016106,5.904208915191556,6.019314289093018,37548641
2019-01-10,6.19535797644962,6.594839283109904,6.19535797644962,6.466192722320557,69446119
2019-01-11,6.391713390810253,6.472963586383762,6.242753719580875,6.432338714599609,41989519
2019-01-14,6.432339086731323,6.432339086731323,6.235983042386127,6.263066291809082,33194975
2019-01-15,6.263065939142999,6.777653977276521,6.222440615290901,6.6693196296691895,60791353
2019-01-16,6.676090766884424,6.743798887635707,6.5880690798947255,6.682861804962158,32436187
2019-01-17,6.689632101118818,6.940155108929945,6.398485121138147,6.472964286804199,58966289
2019-01-18,6.560984385508659,7.014633923867986,6.3307745498082255,6.906299591064453,68442738
2019-01-21,6.913071870524496,7.2177609085276355,6.777654269186864,7.034947395324707,59606331
2019-01-22,6.974009086268068,7.0755724021854824,6.885987847143132,6.980780124664307,31555904
2019-01-23,6.92661343442315,7.048489878073354,6.818279972969795,7.021406173706055,29745772
2019-01-24,6.9740088428723315,7.725577354431152,6.940154556083133,7.725577354431152,93881502
2019-01-25,7.833912484146858,8.43652141493064,7.651098945149791,8.091206550598145,81153886
2019-01-28,8.118288895961303,8.646417240252761,7.901621089075185,8.097976684570312,71861879
2019-01-29,8.158914355507157,8.219851894682117,7.535993270560947,7.7323479652404785,84280471
2019-01-30,7.67818160687903,7.894849395794312,7.5224504470825195,7.5224504470825195,54580155
2019-01-31,7.590159274666382,7.651097713865689,7.332866153631618,7.481825828552246,47205307
2019-02-01,7.583388718564414,8.091204798252512,7.583388718564414,7.969327926635742,56231389
2019-02-11,7.989641713369366,8.233393669128418,7.833911447858381,8.233393669128418,54902388
2019-02-12,8.12505877631603,8.253704872813392,7.996411775808317,8.070891380310059,43297990
2019-02-13,8.070891926877009,8.287560621563511,7.949015955617804,8.152143478393555,51036756
2019-02-14,8.097977662022291,8.639648148629433,7.949017509796329,8.592251777648926,79448359
2019-02-15,8.483916394804941,8.646416789492726,8.280789771432174,8.341728210449219,55590451
2019-02-18,8.38912469120934,8.768293790830255,8.348498461953053,8.687042236328125,61304868
2019-02-19,8.944335854196336,9.005274291276786,8.46360301149331,8.612563133239746,58510767
2019-02-20,8.666729423048182,8.842772788208713,8.524541246580352,8.741209030151367,37428031
2019-02-21,8.592249820154978,9.079753689444193,8.463602815090814,8.57870864868164,67549685
2019-02-22,8.599020004272461,8.795375559242235,8.375581205034187,8.599020004272461,60537488
2019-02-25,8.76829227524058,8.788604482347338,8.422976618333117,8.747979164123535,95696517
2019-02-26,8.66672938471539,8.66672938471539,8.145372137299049,8.267247200012207,88249680
2019-02-27,8.26724734759273,8.294331498910585,7.522450362549184,7.745889186859131,95423825
2019-02-28,7.712034601723742,8.009953926558321,7.54953331617949,7.691722393035889,66694112
2019-03-01,7.779743043484162,7.800056155853696,7.603700589666569,7.752659797668457,45384967
2019-03-04,7.7932857370928135,8.131830404712142,7.712035089185008,7.928703784942627,76275578
2019-03-05,7.854224388147116,8.043808937072754,7.7458895853235195,8.043808937072754,57700690
2019-03-06,8.091204842843224,8.226621982700799,7.935473685590394,8.125059127807617,66361080
2019-03-07,8.111516932714892,8.111516932714892,7.779743317732989,7.874536037445068,64778754
2019-03-08,7.705264457900503,7.813599263502792,7.366720676422119,7.366720676422119,61594146
2019-03-11,7.44797017268748,8.10474681854248,7.44797017268748,8.10474681854248,105182046
2019-03-12,8.314643307324053,8.382352778342266,8.070891381283316,8.226621627807617,89085273
2019-03-13,8.260476267665192,8.32141470380941,7.989641083939656,8.125059127807617,56744247
2019-03-14,8.125059315760733,8.301101782449965,7.79328568821622,7.915162563323975,60131216
2019-03-15,8.009954191767534,8.626105070525275,8.009954191767534,8.280789375305176,78455609
2019-03-18,8.355269746939857,8.368811823758591,8.037038173783344,8.246935844421387,61045849
2019-03-19,8.246935497912363,8.260476670151673,8.07089212270745,8.192768096923828,45297446
2019-03-20,8.25370557566279,8.260476613741423,7.766202586136833,7.949016094207764,54641337
2019-03-21,7.888077410725618,8.02349453653482,7.840681055088281,7.908390522003174,35383147
2019-03-22,7.874536778610451,7.874536778610451,7.6037015733835,7.759431838989258,42042434
2019-03-25,7.759431166934073,7.759431166934073,7.563075592350381,7.5698466300964355,32871890
2019-03-26,7.684951711423262,7.806827681226531,7.5021377567183585,7.596930027008057,35799484
2019-03-27,7.617243358147034,7.813598942212787,7.583389071792308,7.712035179138184,32196319
2019-03-28,7.651097429899035,7.725577038592467,7.50213776050697,7.515679836273193,31794107
2019-03-29,7.441201210021973,7.583389860303719,6.906301350775099,7.441201210021973,69808100
2019-04-01,7.441200448250663,8.185997009277344,7.353178309175486,8.185997009277344,83657449
2019-04-02,8.409436495566789,8.416207534176944,8.179226606884484,8.287561416625977,104326752
2019-04-03,8.199538729842844,8.362040020767507,8.138601197751289,8.280789375305176,40877590
2019-04-04,8.260475260046334,8.395893287395905,8.097974892841236,8.274017333984375,50932483
2019-04-08,8.355268988773803,8.517770279811202,7.9760990083497445,8.125059127807617,52258574
2019-04-09,8.00995390053652,8.287560111771036,7.928703258028352,8.077662467956543,34840621
2019-04-10,7.989640203965402,8.111516158820105,7.85422307902259,7.9016194343566895,33165465
2019-04-11,7.962558224740813,8.314644071140208,7.820370040160253,8.192768096923828,67859527
2019-04-12,8.125058876182184,8.328185483688292,8.091204592266225,8.240163803100586,33316435
2019-04-15,8.375582050727191,8.422977506980072,8.118288040161133,8.118288040161133,37738097
2019-04-16,7.989641365558518,8.382353435414803,7.739118382377031,8.32818603515625,54399830
2019-04-17,8.3958939525785,9.0662112974441,8.287560064522028,8.842772483825684,84990542
2019-04-18,8.788603627252874,9.167772624443277,8.666727684439488,8.761520385742188,60679617
2019-04-19,8.836002984261892,9.052671702097246,8.666730633204008,8.944336891174316,37219037
2019-04-22,8.971420466058682,9.614654700111831,8.80892005182377,8.836003303527832,61339579
2019-04-23,8.971418786265183,9.174545396038909,8.58547867970029,8.72089672088623,50352442
2019-04-24,8.795375971715155,8.924022066031304,8.483915483984967,8.666728973388672,41305380
2019-04-25,8.76829298123751,8.863085699395572,8.314643407210152,8.389123916625977,38701598
2019-04-26,8.314644667056102,8.531313382528593,8.280790378015821,8.287561416625977,25728925
2019-05-06,7.495366347241659,7.908391049327631,7.312552401600104,7.610471725463867,34993407
2019-05-07,7.718806017874293,7.908391462981426,7.522450438879391,7.67141056060791,27905614
2019-05-08,7.535992095370743,7.7188055883975055,7.393803923462188,7.45474100112915,22708182
2019-05-09,7.447970359851925,7.508908796776437,7.041718031066902,7.048488616943359,37460487
2019-05-10,7.2313025388758,7.393804283261513,6.825049759929707,7.197448253631592,61451128
2019-05-13,7.041717898204885,7.055259521707498,6.479734420776367,6.479734420776367,63384111
2019-05-14,6.188586596118706,6.743798585464219,6.1750445205700215,6.635465145111084,55985409
2019-05-15,6.838591068351994,7.299011707305908,6.770882948515018,7.299011707305908,66592957
2019-05-16,7.4479707252476715,7.50890916516181,7.062031039168307,7.102656364440918,50721260
2019-05-17,7.197448733360073,7.197448733360073,6.72348690032959,6.72348690032959,41443837
2019-05-20,6.635464944804921,6.797965778436966,6.533901641281657,6.6083807945251465,34568202
2019-05-21,6.6422357967185395,6.9333836636359205,6.635465662426766,6.72348690032959,33637002
2019-05-22,6.730257715490662,6.940154471837884,6.621923366272973,6.682861804962158,35727993
2019-05-23,6.635465125079776,6.757340640613675,6.432338512514626,6.479734420776367,37906421
2019-05-24,6.513588710480071,6.533901823757197,6.235982490432028,6.324004173278809,34850284
2019-05-27,6.432338020825645,6.682860974507711,6.3984837386543445,6.628693580627441,45554448
2019-05-28,6.608380643263024,6.730257056706436,6.506817342064487,6.581297397613525,30176087
2019-05-29,6.513588727918585,6.709944303404583,6.513588727918585,6.560985088348389,27117829
2019-05-30,6.513588910173119,6.533902024073002,6.283379043370233,6.432338714599609,35219009
2019-05-31,6.567756190599445,6.892758323005778,6.506817754017086,6.804737091064453,79767104
2019-06-03,6.7708829754066,6.7776540134197925,6.500046878941379,6.520359992980957,46644294
2019-06-04,6.527131459086195,6.6490069872806075,6.391713853977218,6.513589382171631,30880994
2019-06-05,6.581297061561462,6.62192237996648,6.425566825010608,6.445879936218262,22109047
2019-06-06,6.432338787036894,6.432338787036894,6.127648403180265,6.1344194412231445,32262557
2019-06-10,6.161503587691163,6.296921184386927,6.120877359471494,6.215669631958008,20479146
2019-06-11,6.222440731591995,6.391713520146488,5.694311963648881,6.378171443939209,65176277
2019-06-12,6.290149689124656,6.3443166334645715,5.958376533535562,5.985459327697754,62595736
2019-06-13,6.039626796933484,6.242753405666115,5.992230437560809,6.229211330413818,52668651
2019-06-14,6.161502853204627,6.21566889101457,5.917750937005754,5.938063144683838,43248167
2019-06-17,5.938064430690144,5.9990024229372,5.6672292109289515,5.755250453948975,39091458
2019-06-18,5.762021492644843,5.85004318767012,5.687542327016557,5.755250453948975,24174649
2019-06-19,5.904209414544067,6.012543760318141,5.870355129241943,5.870355129241943,35193687
2019-06-20,5.822959475912831,6.175044872124749,5.816188437753003,6.073481559753418,46460703
2019-06-21,6.195357422898356,6.337545595275523,6.120876913927549,6.20889949798584,38149774
2019-06-24,6.222440488495716,6.391713270437114,6.181815617476638,6.337545871734619,36837213
2019-06-25,6.364629843203838,6.3781719204227825,6.141190993154219,6.22244119644165,27574650
2019-06-26,6.242753852329891,6.391713526726821,6.147961578807417,6.296921253204346,32146882
2019-06-27,6.303691959226825,6.547442990294623,6.2630657327034145,6.479734420776367,40123059
2019-06-28,6.500195232255791,6.500195232255791,6.2480922431980535,6.370737075805664,28464730
2019-07-01,6.507008873551818,6.616027056172319,6.432059583716446,6.56151819229126,34649389
2019-07-02,6.561518800786513,6.616027669722559,6.3775508564116326,6.520637035369873,35738505
2019-07-03,6.486568503917976,6.486568503917976,6.33666856888201,6.384363651275635,24652471
2019-07-04,6.397990927370053,6.479755363359213,6.316227855956088,6.343482971191406,18867632
2019-07-05,6.363922771718838,6.445685835087674,6.316227234466859,6.384363651275635,13696197
2019-07-08,6.39117758622737,6.39117758622737,5.880155584769045,5.955105781555176,48331187
2019-07-09,6.009615287792398,6.282159605734075,5.955105969345683,6.200396537780762,47256328
2019-07-10,6.2821591772544085,6.323040935871882,6.098191718334125,6.173141002655029,19170229
2019-07-11,6.186768992805502,6.214023197223631,5.989173963911348,6.036869049072266,27901123
2019-07-12,5.995987942674025,6.64328145980835,5.995987942674025,6.64328145980835,84731904
2019-07-15,6.731858042494039,6.949894860483646,6.588772333048087,6.81362247467041,94170974
2019-07-16,6.793180839547312,6.990775858489268,6.765926636501885,6.909012794494629,63100410
2019-07-17,6.9226393699646,6.977148230353227,6.827248750569914,6.9226393699646,41044851
2019-07-18,7.045285202125727,7.154303379313129,6.895385265350342,6.895385265350342,56294490
2019-07-19,6.949894503259452,7.065725547645697,6.847690105438232,6.847690105438232,48996473
2019-07-22,6.949895035301569,7.086167424542606,6.820436424723021,6.970335006713867,51788716
2019-07-23,6.936267794096574,7.106608629554934,6.813622956590982,7.024844646453857,54189252
2019-07-24,7.018030379844315,7.256507169029116,6.9839623970631655,7.188371658325195,54819721
2019-07-25,7.188371630523027,7.304202680559264,7.045285466593879,7.201999187469482,46700421
2019-07-26,7.201999598454813,7.229253349327842,7.072540074367702,7.140676498413086,29388434
2019-07-29,7.106608794569593,7.161117208185838,7.058913705226169,7.120235443115234,22281971
2019-07-30,7.086167168088205,7.2019991268664985,6.97033475445154,6.977148532867432,28960759
2019-07-31,6.97714895268963,7.1406764605020365,6.9567089807871785,7.004404067993164,25701692
2019-08-01,6.949895130199835,7.113421271748545,6.949895130199835,7.018030643463135,19045675
2019-08-02,6.813622684230024,7.065726128136901,6.765927143042199,7.045285701751709,27312224
2019-08-05,7.0112175803888785,7.494984032324822,6.983962466121054,7.31101655960083,48368171
2019-08-06,7.154303675544046,7.385966686229266,6.997589954062327,7.188371658325195,42017780
2019-08-07,7.2565069499154955,7.283762063090839,6.779553385947729,6.7931809425354,38226385
2019-08-08,6.820435629987008,6.9362666697436275,6.711417458382244,6.854503154754639,24891031
2019-08-09,6.89538554227165,6.949894860483646,6.711418071595889,6.81362247467041,24368961
2019-08-12,6.772740729749969,6.963522434234619,6.731858058704956,6.963522434234619,16220033
2019-08-13,6.820435902591476,6.936266946977721,6.820435902591476,6.847690105438232,12495912
2019-08-14,6.949895049180638,6.997590135338134,6.71823203249408,6.745485782623291,24081449
2019-08-15,6.575145395750464,6.949894553921127,6.547890282988323,6.909012794494629,28288139
2019-08-16,6.936266946977721,6.956708281400319,6.813622124450609,6.847690105438232,22191170
2019-08-19,6.874944484109557,7.174744381793282,6.77274098662926,7.167930603027344,35310510
2019-08-20,7.229253349327842,7.229253349327842,7.092980956095477,7.140676498413086,22415374
2019-08-21,7.099795034026922,7.856107234954834,7.099795034026922,7.856107234954834,36932516
2019-08-22,8.1763462070517,8.39438255469998,7.9923778397229395,8.278550148010254,96824959
2019-08-23,8.339874426770912,8.530655689530347,8.162719812247767,8.285365104675293,70177041
2019-08-26,8.09458380638822,8.544282300265245,8.09458380638822,8.373942375183105,66019504
2019-08-27,8.373941646146072,8.51021357434792,8.244482586580926,8.380755424499512,45651909
2019-08-28,8.38756830063918,8.639671704581643,8.258108345282734,8.353499412536621,49093319
2019-08-29,8.346688270568848,8.45570600588991,8.2104154191299,8.346688270568848,40443530
2019-08-30,8.346688803822092,8.496587403463051,8.108211980855746,8.183161735534668,38904269
2019-09-02,8.285363414726586,9.000793686437227,8.189973257661814,8.76913070678711,62009211
2019-09-03,8.782757566791354,8.782757566791354,8.544280803728904,8.626045227050781,31436199
2019-09-04,8.666926809835259,8.714621433716792,8.448890474693611,8.591976165771484,25752830
2019-09-05,8.65330076827062,8.748690942436333,8.496586584830267,8.578351020812988,30532430
2019-09-06,8.523841873142114,8.619232958961563,8.251297083293876,8.373942375183105,39883961
2019-09-09,8.503399046926296,8.687367407396367,8.367127130728699,8.626045227050781,35909972
2019-09-10,8.653299960356087,8.769131460132083,8.448891163775883,8.52384090423584,23240295
2019-09-11,8.544280637327756,8.578349525430314,8.346686544632748,8.353499412536621,21092337
2019-09-12,8.44207733473202,9.11662492211769,8.44207733473202,8.612417221069336,48725808
2019-09-16,8.517027854919434,8.680555815894426,8.421637681496676,8.517027854919434,35318183
2019-09-17,8.469330988090018,8.530654077574555,8.08095475698232,8.176345825195312,37653158
2019-09-18,8.244482704308105,8.244482704308105,8.0060059168328,8.026446342468262,25044675
2019-09-19,8.108210689085169,8.312618582162044,8.040073815009471,8.142278671264648,25491233
2019-09-20,8.169533156548125,8.312618868575338,8.033260313418156,8.121837615966797,21980555
2019-09-23,8.10139671330354,8.10139671330354,7.862919934141283,7.971937656402588,21964545
2019-09-24,8.012819986406546,8.224041667753042,7.951497797555444,8.094583511352539,27957412
2019-09-25,8.019631668888334,8.155905403259078,7.842477997526318,7.862919330596924,27684183
2019-09-26,7.9719387913614455,7.9719387913614455,7.706207771231118,7.7675299644470215,24375463
2019-09-27,7.801597314629289,7.883360838729369,7.6516978236847315,7.822038650512695,16837221
2019-09-30,7.82203855708513,7.992378472161757,7.699393272399902,7.699393272399902,16626498
2019-10-08,7.7334607073215995,7.999191683781392,7.7334607073215995,7.78796911239624,14277890
2019-10-09,7.740274485385104,7.822038002713763,7.590374097138097,7.78796911239624,16431374
2019-10-10,7.8015971183776855,7.931056179899026,7.706206949138342,7.8015971183776855,20910141
2019-10-11,7.801597006482351,7.835664988558974,7.0861671085814155,7.229252815246582,82818573
2019-10-14,7.222439178361233,7.617629688596214,7.1611165365071,7.4132208824157715,66560660
2019-10-15,7.5222400370651,7.529053816438662,6.963523319327668,7.11342191696167,53824055
2019-10-16,7.0861683635801125,7.1338634559627705,6.895386629474135,6.983963489532471,27467519
2019-10-17,6.9839627888486895,7.086167652642369,6.85450417410294,6.91582727432251,28067006
2019-10-18,6.949894659285075,6.970334629591489,6.752299182489113,6.7931809425354,25067060
2019-10-21,6.786367544963083,6.793181323639177,6.643281376773813,6.745485782623291,18623866
2019-10-22,6.752299155265498,6.854503554969151,6.69779029370967,6.8068084716796875,19433264
2019-10-23,6.806808321437758,6.86131718179045,6.663722165010885,6.697790145874023,18834621
2019-10-24,6.677350448558133,6.725045990848337,6.547890924545405,6.690977096557617,16447379
2019-10-25,6.690976640169083,6.827249024028073,6.5887722385602485,6.765926837921143,17901416
2019-10-28,6.759113326477408,6.997590121363818,6.759113326477408,6.970335006713867,27502560
2019-10-29,6.983961750248314,7.011216861722424,6.847689831744447,6.854503154754639,18006051
2019-10-30,6.834062830398645,6.874944136351168,6.690976667560513,6.7522993087768555,17261434
2019-10-31,6.7318580255537945,6.813622457524412,6.643281179684359,6.663722515106201,13771479
2019-11-01,6.663722490982357,6.759113114980409,6.622840730003424,6.738671779632568,17082350
2019-11-04,6.779553540611502,6.854503738978462,6.684162916613449,6.738671779632568,19615733
2019-11-05,6.765926663227307,6.9021990435677925,6.602399624875383,6.895385265350342,33796665
2019-11-06,6.847690439454038,7.474543503522947,6.834062882507583,7.201999187469482,59110132
2019-11-07,7.133861940926629,7.208811225936938,7.05209887779795,7.086166858673096,26854207
2019-11-08,7.1338629097622315,7.188372232395289,6.96352298225298,7.011218070983887,21255242
2019-11-11,6.963522317603803,6.963522317603803,6.765926837921143,6.765926837921143,17045316
2019-11-12,6.7659269876898565,6.834062953698405,6.636467469641825,6.725045680999756,16334397
2019-11-13,6.677349825157591,6.759112889529871,6.636467155825552,6.731857776641846,13236059
2019-11-14,6.718231480221928,6.752299006226715,6.602399526542225,6.697790145874023,14659248
2019-11-15,6.704604230063601,6.704604230063601,6.527450084686279,6.527450084686279,15640823
2019-11-18,6.4865687076291225,6.568331773565734,6.45931359421964,6.54107666015625,10969620
2019-11-19,6.541076482171083,6.840876353500582,6.5206360573868976,6.75911283493042,20731278
2019-11-20,6.745485639022373,6.759113196084454,6.629654588003347,6.636467456817627,13837667
2019-11-21,6.636467445079061,6.827249149885318,6.5819594912190516,6.799994945526123,22390412
2019-11-22,6.772741086887401,7.038472094675102,6.765927308020598,6.840877056121826,27266022
2019-11-25,6.8749441309209205,7.072539611256422,6.84087660341658,6.977148532867432,25848565
2019-11-26,6.977149204623844,7.072540292197041,6.909013688196737,6.9975905418396,18970378
2019-11-27,6.963522647925601,7.038471939516215,6.868131565326802,6.881758213043213,19260336
2019-11-28,6.861317562780608,7.011217505646982,6.813622477895507,6.87494421005249,16103509
2019-11-29,6.82724913837647,7.0248441665102455,6.82724913837647,6.963522434234619,16640729
2019-12-02,7.031658282978697,7.413221255428592,7.031658282978697,7.215625762939453,47008175
2019-12-03,7.256507314265529,7.447288567488438,7.229253109438477,7.3587117195129395,31223635
2019-12-04,7.358712458304523,7.658512380368156,7.23606761455286,7.576748847961426,41184746
2019-12-05,7.583561322181978,7.678952396812377,7.515424905282888,7.610815525054932,26262898
2019-12-06,7.644883857190275,7.787969565990818,7.5290528073727945,7.651697635650635,26498549
2019-12-09,7.644884821728079,7.665326159688194,7.522239977976416,7.576748847961426,19167764
2019-12-10,7.563120567894451,7.651697410986511,7.399593073655843,7.569933891296387,23820759
2019-12-11,7.617629660041065,7.665325199590504,7.42003463309346,7.426848411560059,18600037
2019-12-12,7.460916096294778,7.542679620180754,7.345085043934157,7.372339248657227,19947557
2019-12-13,7.48135702633167,7.494983673095703,7.3314570890519075,7.494983673095703,26589140
2019-12-16,7.522238878298879,7.651697482445002,7.413220699407816,7.631257057189941,29701289
2019-12-17,7.665325292615351,7.808411003283377,7.576747990908114,7.624443531036377,39237055
2019-12-18,7.60400209614487,7.787969565990818,7.569934113559825,7.651697635650635,35820765
2019-12-19,7.69257980955139,7.69257980955139,7.569934519832888,7.590374946594238,23332127
2019-12-20,7.583561810617096,7.631257351004225,7.433662320586202,7.447288513183594,22342850
2019-12-23,7.413221577740701,7.5494939763565725,7.099795015438352,7.120235443115234,33495789
2019-12-24,7.154304372887523,7.249695006887673,7.099795049294505,7.195186138153076,19686207
2019-12-25,7.181558199012461,7.3927807933035545,7.154303993519569,7.304203033447266,22315619
2019-12-26,7.290575305547094,7.338270385523392,7.099793621066906,7.270133972167969,23771315
2019-12-27,7.317830655101001,7.345085315690835,7.1338627195510265,7.140676498413086,27344139
2019-12-30,7.120234951144624,7.304202881251129,7.0180305455299,7.283762454986572,21510592
2019-12-31,7.256507197201424,7.297389868357631,7.127048589215426,7.174744129180908,22599890
2020-01-02,7.256506793981355,7.7947829864516045,7.236066369255817,7.610815525054932,57853881
2020-01-03,7.665324762015588,7.685765186531792,7.515424828316082,7.563120365142822,36967463
2020-01-06,7.5494923856235125,7.992377474091376,7.508610629166992,7.937869071960449,63477666
2020-01-07,8.019632383912993,8.074141700577973,7.822038271579672,7.94468355178833,41697082
2020-01-08,7.978751406643198,8.080955350332971,7.842478572006787,7.91061544418335,46022614
2020-01-09,8.040073718806134,8.2444825191539,7.849292475053797,7.94468355178833,44825173
2020-01-10,7.9038020802086155,7.951497620316776,7.665325289384577,7.699393272399902,46155751
2020-01-13,7.7947833102920026,7.924242371321247,7.583561637247007,7.890174388885498,43309176
2020-01-14,7.890175220983393,8.02644716509763,7.8220392489262744,7.856107234954834,29609403
2020-01-15,7.849292076684481,7.869733410540178,7.699392600609434,7.75390100479126,19257140
2020-01-16,7.808411729829906,7.931057025978561,7.706207771231118,7.7675299644470215,24949807
2020-01-17,7.7675289840292825,7.883360486374393,7.644883703360919,7.706206798553467,20661558
2020-01-20,7.747088459078732,7.917430205820442,7.6380707236582115,7.896988868713379,32749353
2020-01-21,7.9106153428132515,7.9106153428132515,7.494983520899134,7.549492835998535,50478268
2020-01-22,7.631257382075802,8.298992221064081,7.515425419929489,8.121837615966797,67904365
2020-01-23,8.053700866658037,8.169532362690273,7.638069508759025,7.75390100479126,61403491
2020-02-03,6.983963489532471,6.983963489532471,6.983963489532471,6.983963489532471,6391000
2020-02-04,6.404804241567578,6.99077598572637,6.404804241567578,6.943080902099609,65561650
2020-02-05,6.902200119229173,7.154304494263278,6.874945002111847,6.929454326629639,45451309
2020-02-06,6.888571802005176,7.188371689259609,6.827249159820184,7.099794387817383,41725993
2020-02-07,7.018030691763124,7.304203033447266,7.018030691763124,7.304203033447266,36567357
2020-02-10,7.2156258919990135,7.426848945936095,7.181558361789922,7.399593830108643,35825472
2020-02-11,7.365524586978897,7.4064063440204855,7.236065992919422,7.270133972167969,29131821
2020-02-12,7.665325566965032,7.99237876158562,7.583562040880687,7.9174299240112305,112664787
2020-02-13,8.04007359091372,8.271736591050576,7.835664793817459,7.91061544418335,101563334
2020-02-14,7.7879694371255646,7.9719378136441925,7.624443305366513,7.69257926940918,66280240
2020-02-17,7.747088498360206,8.094583953207628,7.7266489805831595,8.019633293151855,61345536
2020-02-18,8.142278846882363,8.82364123431821,8.142278846882363,8.687368392944336,126329702
2020-02-19,8.837268008000615,8.993981277476886,8.694182295771592,8.721436500549316,109894843
2020-02-20,9.062117827461522,9.443680319467944,8.925844989049663,9.130253791809082,105911362
2020-02-21,9.109814262887472,9.723039821796455,9.109814262887472,9.368731498718262,108225068
2020-02-24,9.252899551403365,9.436867028530916,9.103000058209302,9.205204010009766,93693689
2020-02-25,8.98716717501912,9.36873057674228,8.803199707394013,9.130253791809082,92490442
2020-02-26,8.871335789532449,9.028048129655751,8.503399067693708,8.537467956542969,106154498
2020-02-27,8.626045248117727,8.728249185515532,8.435264019145164,8.537467956542969,54026614
2020-02-28,8.196788878737062,8.346688380492257,7.774343670514624,7.781156539916992,85916156
2020-03-02,7.965125354952036,8.230855446451338,7.910616035082447,8.094583511352539,65090431
2020-03-03,8.30580409279395,8.462517343234717,8.094582439418712,8.210413932800293,64237815
2020-03-04,8.203602364375797,8.360314729927042,8.05370195826639,8.251296997070312,48407485
2020-03-05,8.380756637024652,8.660115221916035,8.312619753348969,8.510214805603027,71021986
2020-03-06,8.353499509002502,8.4761447784381,8.271735996045436,8.326245307922363,43990483
2020-03-09,8.074141995285242,8.142278871032655,7.658511510838159,7.699393272399902,74871377
2020-03-10,7.6516968077504135,8.033259263078637,7.522238215019407,7.9991912841796875,75189753
2020-03-11,8.033260569618385,8.489773744432167,7.999192585178575,8.040074348449707,86468558
2020-03-12,7.835665258741966,8.210414893940108,7.767529292239311,8.060515403747559,59307822
2020-03-13,7.665325365429101,8.278550885222037,7.597188489005731,8.121837615966797,70138119
2020-03-16,8.244482023334735,8.244482023334735,7.317829608917236,7.317829608917236,98724953
2020-03-17,7.399593756826448,7.48817151781321,6.94989526672889,7.127048969268799,54712394
2020-03-18,7.236065787734135,7.331456399840175,6.949893951416016,6.949893951416016,52784562
2020-03-19,6.9498944803141605,7.092980181933113,6.7727403429617095,7.086166858673096,47367962
2020-03-20,7.167930688630063,7.174744467477374,6.895385902755235,7.065726280212402,35309990
2020-03-23,6.765926869384381,6.840876612626604,6.527450082807581,6.602399826049805,45299206
2020-03-24,6.745485680143208,6.77955366328933,6.4661275815432715,6.711418151855469,33891951
2020-03-25,6.943080902099609,7.092980386152809,6.847690279987722,6.943080902099609,42901432
2020-03-26,6.874944206798369,6.922639746519271,6.779553582214941,6.81362247467041,26727617
2020-03-27,6.922640128231455,6.990776552324283,6.793181513771007,6.840877056121826,29010146
2020-03-30,6.690975933155269,6.731857234620637,6.459312950559904,6.609212875366211,31625351
2020-03-31,6.711417175991154,6.731857144161694,6.466126641345087,6.486567974090576,27424132
2020-04-01,6.493381344174692,6.745485693560937,6.452500037233056,6.547890663146973,32072439
2020-04-02,6.527450505983306,6.861317937863833,6.507009169382896,6.840877056121826,33251377
2020-04-03,6.8136226132386,6.834063039410823,6.636467552876011,6.6841630935668945,24864613
2020-04-07,6.861317487379209,6.895385469759663,6.765926863798911,6.827249050140381,29689227
2020-04-08,6.772740642218351,6.861317487379209,6.752299306960031,6.827249050140381,22160167
2020-04-09,6.85450415899703,6.922640128231455,6.8136228503714165,6.840877056121826,18996644
2020-04-10,6.813621712726095,6.834062136196839,6.64328045350608,6.670535564422607,22167800
2020-04-13,6.629654667855046,6.629654667855046,6.452500062781277,6.4729413986206055,26976035
2020-04-14,6.541076776867028,6.6909767192852385,6.507008794214044,6.663722515106201,22929907
2020-04-15,6.670536362362861,6.847690510786819,6.656908805274446,6.725045680999756,27664880
2020-04-16,6.670536435913733,6.827249250433022,6.636467542817045,6.772740840911865,26726695
2020-04-17,6.874944206798369,7.0180303711026975,6.786367360706035,6.81362247467041,47994892
2020-04-20,6.813622404851571,6.8613174892253666,6.663722463592165,6.7522993087768555,38042366
2020-04-21,6.725044821522216,6.731857234620637,6.541076008348963,6.609212875366211,29754502
2020-04-22,6.54789050472238,6.772740644040676,6.534263857596579,6.7522993087768555,28505743
2020-04-23,6.725045563409109,6.765926869384381,6.602399826049805,6.602399826049805,23433408
2020-04-24,6.547891242408684,6.6637232143281135,6.438873959395017,6.520637035369873,24054097
2020-04-27,6.54789050836603,6.704604228133915,6.54789050836603,6.602399826049805,26705667
2020-04-28,6.67735011619299,6.834062928404306,6.397990655215026,6.799994945526123,48324873
2020-04-29,6.7727408817713375,7.283762454986572,6.759113324450448,7.283762454986572,79861250
2020-04-30,7.222439151287479,7.6040021031078675,7.195185401996212,7.426848411560059,70302614
2020-05-06,7.358711980724417,7.5290532686612055,7.297390245116013,7.440476417541504,42614600
2020-05-07,7.46091569161054,7.61762940713068,7.379152627017823,7.494983673095703,42995577
2020-05-08,7.563120490812681,7.617629351764433,7.440475667385828,7.522238731384277,32526369
2020-05-11,7.569933969145164,7.617629507741022,7.399593149752844,7.467729568481445,35742229
2020-05-12,7.51542498045556,7.5426791836011216,7.372338821937105,7.50861120223999,25461576
2020-05-13,7.481357406114949,7.556307151130395,7.440476099172473,7.447288513183594,22211579
2020-05-14,7.4200345871961035,7.488171006865499,7.2633208674423315,7.290575981140137,35145794
2020-05-15,7.331457396412665,7.399593362239491,7.140676146267495,7.174744129180908,40981369
2020-05-18,7.222439960878839,7.542680306971952,7.079354235908237,7.3927812576293945,51484441
2020-05-19,7.6176298402624925,7.890174617357172,7.583561856840254,7.822038650512695,67957460
2020-05-20,7.835664847353526,7.937869701458314,7.62444318034151,7.658511161804199,45500631
2020-05-21,7.747088193861527,7.808411293366526,7.2292532860542185,7.304203033447266,45096461
2020-05-22,7.338271194160155,7.372339177162805,7.174744147974031,7.249694347381592,31420230
2020-05-25,7.25650749154711,7.37233945689629,7.154303993519569,7.304203033447266,27639164
2020-05-26,7.338271212244425,7.529052918217856,7.324644109981459,7.460916042327881,28833068
2020-05-27,7.460916193021099,7.624443697771475,7.351898008140313,7.420034885406494,35034221
2020-05-28,7.413221245464993,7.5358669900379915,7.3178306161953275,7.529053211212158,35665551
2020-05-29,7.4813579247080515,7.699393851140328,7.454102808473696,7.672139644622803,52360337
2020-06-01,7.713020425276417,8.019632256345735,7.713020425276417,7.91061544418335,46021451
2020-06-02,7.965125167719245,8.067328206924119,7.835665194928339,7.9242424964904785,40220940
2020-06-03,7.958311731624242,8.217228959196882,7.9038024106904645,8.040074348449707,54688806
2020-06-04,8.087769229275713,8.149092324026881,7.9174293210040805,7.958311080932617,30744322
2020-06-05,7.999192540378782,8.012820097965104,7.835665488210091,7.9174299240112305,21071139
2020-06-08,7.985563688769327,8.305803962420114,7.978750820796954,8.176345825195312,43886480
2020-06-09,8.17634748865299,8.27173766655623,8.087770180108183,8.108211517333984,31052182
2020-06-10,8.108211227046128,8.128651653823296,7.944684173961598,8.040074348449707,21477740
2020-06-11,8.0537015255319,8.25129655371882,7.98556465015531,8.087769508361816,32886967
2020-06-12,7.842479037335585,8.169533132095161,7.842479037335585,8.060515403747559,26589691
2020-06-15,8.1150226674241,8.850894276746422,8.108209799509057,8.503398895263672,67289570
2020-06-16,8.653300285339355,8.748690454181448,8.530655002785169,8.653300285339355,40395306
2020-06-17,8.639672404011836,8.707808366299666,8.462517810403423,8.52384090423584,27025320
2020-06-18,8.551094298558665,8.585163186197509,8.373940631419805,8.469330787658691,27240105
2020-06-19,8.469330718857236,8.666926626690838,8.421636095983558,8.585163116455078,31206273
2020-06-22,8.632859132954998,8.762317273321132,8.557908486273723,8.660113334655762,38929087
2020-06-23,8.660114512539684,8.803200228075982,8.448891918909,8.6669282913208,41823717
2020-06-24,8.78276027425191,9.280155286968348,8.680557215314243,9.252901077270508,84045922
2020-06-29,9.198390147645567,10.029652041101706,9.191576368977465,9.682157516479492,94414125
2020-06-30,9.70941181178476,9.975142814296026,9.607207859962514,9.804802894592285,50301088
2020-07-01,9.941074533946011,10.213619307062421,9.682157317886288,10.125042915344238,52299125
2020-07-02,10.159111258547492,10.465724025462439,10.022838412298187,10.37714672088623,77805609
2020-07-03,10.37033328821704,10.499792360016945,10.254502684128735,10.418028831481934,41641276
2020-07-06,10.370332131550748,10.533860080098325,10.043278963605758,10.349892616271973,87311872
2020-07-07,10.329452215795627,11.05851017823591,10.329452215795627,10.86091423034668,68846310
2020-07-08,10.854098875959332,11.099389420785345,10.64287631073971,10.990371704101562,48324409
2020-07-09,11.031255119524872,12.046484521303446,10.99037335590951,11.971535682678223,69908486
2020-07-10,11.83471831745829,12.566691648959408,11.431106418956343,12.231489181518555,79229710
2020-07-13,12.039942339139616,12.62825748132702,12.005738087232336,12.477758407592773,41591121
2020-07-14,12.47091822709391,12.559849836145824,12.046784195750659,12.381986618041992,43672734
2020-07-15,12.39567051727091,13.134484892903599,12.176761979044644,12.655623435974121,53242989
2020-07-16,12.717190947746419,12.98398488240089,11.800513391559702,11.875762939453125,47872491
2020-07-17,11.875763210704084,12.997667247386905,11.875763210704084,12.395669937133789,71600964
2020-07-20,12.655622350347238,12.956621450418526,12.327260027853347,12.717190742492676,39881142
2020-07-21,13.401278779187637,14.003275160223282,12.901894255194023,13.161848068237305,65820550
2020-07-22,12.977144795558022,13.408119895233684,12.85400800895848,13.004508018493652,34929242
2020-07-23,12.990826044146345,13.928026711710014,12.901894427268829,13.722800254821777,42635040
2020-07-24,13.421800186564,13.770684681632433,13.134483167478857,13.332868576049805,42338668
2020-07-27,13.483366591305186,14.420566140508653,13.483366591305186,13.921182632446289,42515375
2020-07-28,14.030638758083622,14.126411404131858,13.202892852559113,13.503891944885254,44161430
2020-07-29,13.435481701607491,13.852774689140462,13.312345841346389,13.832252502441406,31557229
2020-07-30,13.880140727218693,14.36584320156102,13.681755299578727,14.222185134887695,42577781
2020-07-31,14.283750896527692,14.99520198212476,14.126411683517764,14.413728713989258,36988648
2020-08-03,14.564225650755741,14.632635070603067,13.77752508603396,13.989592552185059,56287820
2020-08-04,14.044318577559189,14.07168271003278,13.469685495947123,13.627025604248047,62384043
2020-08-05,13.613344884961327,14.0032746777354,13.476527862478463,13.736481666564941,50596683
2020-08-06,13.715957607090978,13.886979786603952,13.339708994833552,13.599662780761719,27992259
2020-08-07,13.613343634656534,13.832252129221578,13.216573757883793,13.585980415344238,31032008
2020-08-10,13.729641696325539,14.94047737121582,13.6817553694048,14.94047737121582,45227532
2020-08-11,15.494589673238705,16.123950270621666,15.494589673238705,15.768223762512207,68771087
2020-08-12,15.63140531788262,15.829789832166874,14.222185134887695,14.222185134887695,83866449
2020-08-13,14.502660421751095,14.919954385305795,14.222185319062634,14.256388664245605,45209521
2020-08-14,14.331638440840202,14.50266064957603,13.825413762474803,14.290593147277832,38478343
2020-08-17,14.441092265059998,14.53002296776776,14.133252125867743,14.406888008117676,22760215
2020-08-18,14.400046449173782,14.57106772765163,14.276909667300695,14.359001159667969,22449513
2020-08-19,14.584750252639582,14.584750252639582,13.592823152939332,13.668072700500488,35724480
2020-08-20,13.585982057945664,13.695436775139495,13.107120638628588,13.18237018585205,32296531
2020-08-21,13.22341510323038,13.647550065335018,13.22341510323038,13.326027870178223,22454535
2020-08-24,13.401278697717334,14.38636475829829,13.148165920243782,14.215343475341797,44333583
2020-08-25,14.092205872498438,14.605272431662597,13.962229887664913,14.15377426147461,29761631
2020-08-26,14.174298048001592,14.331637261461223,13.613345139907313,13.750163078308105,29009058
2020-08-27,14.023799093389773,14.434252026016084,13.695437660644455,14.33163833618164,28585078
2020-08-28,14.372681712451849,14.954156775009388,14.215342508178962,14.858384132385254,32213055
2020-08-31,15.077293527795167,15.32356526905161,14.680522693556117,15.015725135803223,32666156
2020-09-01,14.913113401816641,15.186748384415699,14.680523712275228,15.111498832702637,22348170
2020-09-02,15.289359490490673,15.699812376237798,14.755770739019411,15.261996269226074,30202767
2020-09-03,15.18674766251193,15.241474108416877,14.878908435890628,15.00888442993164,16951547
2020-09-04,14.577909109976162,15.0157252373865,14.488977495028202,14.974679946899414,18365520
2020-09-07,15.049929039676783,15.460381932159711,14.694204417332434,14.769453048706055,25664788
2020-09-08,14.8994296494353,14.940475851210612,14.523181020028877,14.755770683288574,17461530
2020-09-09,14.536862161998261,14.632634800000032,13.565457369015263,13.975911140441895,32785713
2020-09-10,14.133250796984079,14.447931940647933,13.859615853818447,13.907502174377441,21435558
2020-09-11,13.92118552034833,16.70542335510254,13.811730802340431,16.70542335510254,58284455
2020-09-14,18.347233851646852,19.496500213543012,16.281288987242736,16.712265014648438,132602395
2020-09-15,16.766986138252758,17.512642281124215,16.418102595231712,16.821714401245117,85599211
2020-09-16,16.712265464221005,19.42809221987482,16.712265464221005,17.98466682434082,113114836
2020-09-17,18.162525659328228,20.084812041989874,17.79996005317698,19.345998764038086,125717806
2020-09-18,19.564909366153294,19.564909366153294,18.545617237859215,19.147615432739258,92945610
2020-09-21,19.49650159510794,19.619638394540214,18.080440275261946,18.183053970336914,94817006
2020-09-22,18.1214827825145,18.44300221821483,17.820482793557098,17.888893127441406,54040861
2020-09-23,18.05307451787531,21.391422134408838,18.05307451787531,20.378971099853516,117715357
2020-09-24,19.72225156196981,20.864676939955512,17.80680571427755,18.388280868530273,129759198
2020-09-25,18.538777551493357,19.222866376003278,18.018871725440352,18.360916137695312,69821805
2020-09-28,18.81241440255485,20.084817634881105,18.627711944989503,18.962913513183594,83002249
2020-09-29,19.31179671229269,19.496499148192612,18.23777813297242,18.326709747314453,78981676
2020-09-30,18.566139313013203,19.708566334646942,18.34039068743131,18.77820587158203,78647492
2020-10-09,21.535081061050505,22.36282787876764,21.069901725711283,21.86344337463379,106585232
2020-10-12,22.16444068881512,22.8006421898944,21.51455712075156,21.95921516418457,116953916
2020-10-13,21.75398834866261,21.97289777238058,20.83047072501127,21.48035430908203,85379533
2020-10-14,21.52139896960915,22.78011995247167,21.52139896960915,21.61033058166504,114939329
2020-10-15,21.377742300732574,21.781354184680815,20.44738357074882,20.80310821533203,80961237
2020-10-16,20.796267181137026,21.384583334927576,20.31740574775514,20.80310821533203,63134463
2020-10-19,20.987812090548765,20.987812090548765,19.619636331367015,19.70172691345215,70342088
2020-10-20,20.002723142666525,20.823628882962634,19.619634406098736,20.502107620239258,59379528
2020-10-21,20.789424258257217,21.165673797955193,19.626475951429452,20.02324676513672,52889891
2020-10-22,19.43493127915128,20.043770499460827,19.05868355427097,19.756452560424805,44289456
2020-10-23,19.968521231797805,20.351609995788024,18.812412079231073,19.147615432739258,42737763
2020-10-26,19.16129602732898,20.86467513512548,18.614027920141112,20.543155670166016,68685132
2020-10-27,20.488424647078578,20.905718532161377,20.0984948943655,20.87151336669922,53681426
2020-10-28,20.864675006285914,22.013943139075472,20.666290501326472,21.576126098632812,69895992
2020-10-29,21.206716837316016,22.97166320049663,21.138308332599802,22.137075424194336,67100954
2020-10-30,26.556284576639175,26.563125610351562,24.64083897824088,26.563125610351562,142825354
2020-11-02,26.59732880255552,31.810079552545343,26.344216036755064,31.009695053100586,145532793
2020-11-03,31.488557676112148,31.79639872329055,29.76465731081202,31.317537307739258,100882838
2020-11-04,31.139674007557435,32.425759158009086,28.32123196550096,30.305086135864258,112605735
2020-11-05,31.2628107615713,31.810082546728573,29.963043468567776,31.125993728637695,93960680
2020-11-06,31.673259669051113,31.700623804429213,29.121614326516376,29.689407348632812,79635906
2020-11-09,29.96988278040206,31.468036329094993,29.2857958283397,30.305086135864258,90921706
2020-11-10,29.867269349447568,33.725524597278394,29.42945233492203,32.2889404296875,110878658
2020-11-11,31.495399882648883,31.78271599532798,29.77149772644043,29.77149772644043,76100318
2020-11-12,30.96864563352451,32.67886734008789,30.325604975389066,32.67886734008789,87759341
2020-11-13,32.548891782208976,32.630980529998126,30.3256070639765,31.714303970336914,79504051
2020-11-16,31.844284625453806,32.302624772966865,29.94936020912328,31.36542320251465,61212144
2020-11-17,31.091787481166502,31.81007957707845,29.757815141107695,30.77710723876953,49834681
2020-11-18,30.428222101994344,31.63221853869387,28.594866963761948,30.168270111083984,68908855
2020-11-19,30.03144961579337,31.023377593085385,29.361044745939154,30.04513168334961,52223596
2020-11-20,30.55819979100245,31.878488322389618,29.963042609397576,31.24228858947754,56833144
2020-11-23,31.269650311670965,35.87355814411524,30.859195602907537,34.820064544677734,96859359
2020-11-24,34.27279215632925,35.75042250321296,33.74604536677169,35.06633377075195,62735187
2020-11-25,34.8884663444331,35.07317239889541,32.85672531930148,33.08247756958008,55491151
2020-11-26,32.83621161350666,33.17141680977071,31.604854682691435,32.82937240600586,41141612
2020-11-27,32.97302727278936,32.97302727278936,31.700624189627472,32.09739685058594,33457974
2020-11-30,32.357346898926394,32.877254486083984,31.00969434982363,32.877254486083984,47285604
2020-12-01,32.357348644960105,34.512224998442235,31.91953343640257,33.44504928588867,54496939
2020-12-02,33.041432233634936,33.71183883572643,31.946892557336724,32.377864837646484,42708502
2020-12-03,32.22053355454489,32.92514364688813,31.611694288957885,32.665191650390625,33682535
2020-12-04,32.487327690607195,33.041438669501034,31.53644403805686,32.152122497558594,36775145
2020-12-07,32.49416397994301,34.57379067925102,31.844282234781573,33.383480072021484,52929230
2020-12-08,33.6571139352876,36.43451142706821,33.45188658378673,35.4904670715332,62589363
2020-12-09,36.147201724944324,37.48801164695982,34.60116076168039,34.79954528808594,54991267
2020-12-10,35.43574613146854,39.157184711254494,34.54642995169588,38.56886672973633,79627508
2020-12-11,38.56886294105923,39.15718086478605,36.605531984347685,37.0091438293457,61953634
2020-12-14,38.17209894190919,40.3611788110485,37.474328043912934,39.088775634765625,67441901
2020-12-15,39.47186132280523,42.823891051868564,39.328201444476385,42.40659713745117,81757960
2020-12-16,42.823895754270346,43.63111588402845,41.48992146165722,43.09069061279297,57989857
2020-12-17,42.47500436588885,42.721277924273004,40.81267154713024,42.41343688964844,60516727
2020-12-18,41.941418180147856,43.542183516030775,41.12735161822927,41.98930358886719,57563059
2020-12-21,42.96070596610084,45.61496475439299,42.27661725595725,45.08137512207031,74110919
2020-12-22,44.465697906321324,46.03225985132516,42.65286606514657,43.02911376953125,71527523
2020-12-23,44.62988601378782,50.19152100601331,44.62988601378782,47.831417083740234,87838130
2020-12-24,47.55093921042841,50.109423752045075,45.91596683424684,48.15977478027344,61107534
2020-12-25,48.57023230079008,52.387441711777704,47.54409908876375,51.101356506347656,70613530
2020-12-28,51.14923804838426,51.16975932277115,48.31027299803357,50.59512710571289,85097692
2020-12-29,49.45954409621384,49.671610673669655,43.86370605928203,45.355018615722656,104148139
2020-12-30,45.929651105263794,47.77669013843189,45.929651105263794,46.49744415283203,65172193
2020-12-31,47.872460510731216,49.767384938339156,47.79721096249073,49.44586181640625,66836403
2021-01-04,49.719495243773956,55.93785449295702,47.20205318655456,53.48881912231445,94223519
2021-01-05,52.26429691896345,55.13062598226424,51.74439299360136,52.55161666870117,71590852
2021-01-06,52.688441702990225,55.73947365257679,51.628105110516294,54.83647537231445,62533133
2021-01-07,56.30041769164064,61.83468791174478,56.204646873265226,60.88380432128906,82161815
2021-01-08,60.883799725524746,61.649980828383654,56.799796077264475,58.30479049682617,95227318
2021-01-11,57.80541046786801,57.80541046786801,53.2220203241046,55.42478561401367,73934107
2021-01-12,55.41110563194833,60.88380476162309,54.569678574604765,59.454063415527344,74216867
2021-01-13,59.17358999037727,63.48334286338927,58.81102431390623,60.33654022216797,69762989
2021-01-14,60.19971831507417,63.31916022036969,57.326549965855335,60.746986389160156,76058623
2021-01-15,58.448454821014295,59.28304266588509,54.67913110510868,57.55229949951172,82210121
2021-01-18,56.36882792527071,59.94660634172624,54.391814857420115,58.89995193481445,59201984
2021-01-19,59.27620078152684,60.610171321833406,56.355146929802736,57.39495849609375,55516573
2021-01-20,58.13378475962708,63.31232579151894,57.74385490371423,63.07289505004883,79062683
2021-01-21,64.30424589981517,64.31108510656945,61.7047116376868,63.89379119873047,74534005
2021-01-22,63.62016295484877,68.40877721366867,63.544909753170934,67.5878677368164,76078657
2021-01-25,67.72469590192554,77.72605867786152,66.91063284934403,70.11900329589844,113466096
2021-01-26,67.7246877824871,68.60031821697261,64.55736027129957,65.3851089477539,121394830
2021-01-27,66.96534100761754,71.48716735839844,63.284948994633446,71.48716735839844,100960907
2021-01-28,67.73153447090684,70.734677497232,67.72469526283918,68.12830352783203,66943808
2021-01-29,69.30493729389812,72.75957754096248,65.74084049399158,71.69239807128906,96763983
2021-02-01,71.145112220076,72.9237442270133,64.64628080230364,66.27440643310547,104143740
2021-02-02,67.17741088743261,69.20230554564479,65.4398213535187,67.31422424316406,70862783
2021-02-03,69.77011090533466,75.03074757988256,69.77011090533466,71.1588134765625,99180257
2021-02-04,71.96602552937235,75.93372981323061,71.89077233714187,74.90760040283203,84170955
2021-02-05,73.88831924290113,80.26401685585321,73.88148003554613,78.8069076538086,87751074
2021-02-08,78.25963063511148,79.14894669540952,71.52820732368673,77.27454376220703,81573401
2021-02-09,77.3429581227577,79.0942262841249,74.23035890944027,76.98039245605469,76723935
2021-02-10,78.80690058759852,83.581835988525,77.23350308106083,81.46800231933594,90320746
2021-02-18,82.09052535208387,83.02088400127637,75.93373394129522,78.99845123291016,82346649
2021-02-19,77.09668561496892,78.13650082248556,72.97847464074806,76.74095916748047,70630046
2021-02-22,74.48348317793501,74.96918385373799,62.44353248195577,63.17551040649414,151917918
2021-02-23,61.57473755789043,65.36458652345722,60.90433446500351,62.080963134765625,95233954
2021-02-24,63.483342367482855,63.82539041896171,58.147459987391365,60.54176712036133,102539304
2021-02-25,61.909944176521826,62.183578231228275,59.440383863145485,59.73454284667969,63824282
2021-02-26,56.75875826057266,59.173586547487346,55.192196238549194,59.15990447998047,80380970
2021-03-01,60.746990156615084,62.66243949497731,59.27620254951444,61.0411491394043,81589246
2021-03-02,61.3626662686053,62.25882159747399,57.47020756744135,58.147457122802734,82349118
2021-03-03,57.456531832969944,59.09150061716611,56.44408070965713,58.55791091918945,64710604
2021-03-04,57.01870609134018,57.01870609134018,49.110654318373214,49.589515686035156,159253330
2021-03-05,48.98068038958458,54.10449962112347,48.966998321989514,52.626869201660156,128624545
2021-03-08,52.325872049840115,52.67475564681475,47.633028721754826,48.125572204589844,122534997
2021-03-09,49.26116564056295,50.27361689358295,46.374314650545536,46.60006332397461,110298119
2021-03-10,48.48130024486792,48.89175133391817,46.709510759581825,47.25678253173828,83489246
2021-03-11,47.516734020264735,51.22449046450612,47.13364707188718,50.246246337890625,100299315
2021-03-12,51.443397978475076,55.11694728825097,50.28044780180909,53.810340881347656,115993463
2021-03-15,51.997504747992416,52.55845486300075,47.20889105690194,48.74808883666992,106664283
2021-03-16,48.433407995866496,49.05592927610583,46.435873648296656,48.235023498535156,66641306
2021-03-17,47.27046035524409,48.49497795841418,45.50551388931382,48.433406829833984,80300022
2021-03-18,48.50182083854073,49.63056405762249,47.08575784239931,49.315887451171875,82304644
2021-03-19,47.167851060769806,47.39359970846125,44.54095239174526,44.93772506713867,115128440
2021-03-22,45.341334972890564,46.81212254919532,45.19083588099211,45.71758270263672,69866855
2021-03-23,46.0459431516314,46.134874761724824,43.624272058441484,45.190834045410156,76685824
2021-03-24,45.01296959733843,45.491830976033526,42.967546274408086,43.323272705078125,62606527
2021-03-25,42.07139806575371,43.86370893390389,41.660946952174655,42.940189361572266,68432889
2021-03-26,43.74057162394159,46.175924997075164,43.30275639554023,45.36185836791992,109955951
2021-03-29,44.82142559639141,45.751784246720796,42.86493382520247,44.602516174316406,77688062
2021-03-30,44.46569844162631,50.170992510390164,44.14417900070781,49.35692596435547,138048937
2021-03-31,48.98752108210918,50.47882984974584,48.38552109483628,49.10381317138672,82111117
2021-04-01,49.66476653739085,51.20396435317631,48.043476320362814,49.56215286254883,79264693
2021-04-02,48.980676327808446,50.75930478002323,48.41972256319641,50.17782974243164,56867069
2021-04-06,50.46515199785163,53.988205993341154,49.678453174066945,51.00558090209961,80085850
2021-04-07,50.99873716834032,50.99873716834032,47.33886646978275,48.17345428466797,77127930
2021-04-08,47.46199970267088,48.41972243176987,46.8873675265804,48.11188507080078,45766147
2021-04-09,47.56461730833899,48.14609239244772,45.67653582681909,46.76423645019531,53467612
2021-04-12,46.34010585154633,46.85317062595004,43.65847891881335,44.00736618041992,54493485
2021-04-13,44.49306248838695,46.17592019173003,44.315199271172176,45.772308349609375,55523174
2021-04-14,46.216962588183605,48.02295523495098,45.833875674484254,46.319576263427734,53047901
2021-04-15,46.0596277955658,47.53725825510477,45.62181258091738,47.20205307006836,41484170
2021-04-16,47.20205042942348,47.304664106717624,43.781614004538504,45.190834045410156,62212847
2021-04-19,43.850028943218135,47.407286709872004,43.79530431753417,47.270469665527344,72034781
2021-04-20,46.517964884339,50.964538388168606,46.387990717121376,49.78106689453125,90228286
2021-04-21,49.30903788491259,50.6156441584242,48.433403911537496,49.45269775390625,52388208
2021-04-22,51.71702815737792,51.990662183158726,48.59074717386742,50.690895080566406,71885818
2021-04-23,50.16415400427351,55.274291389107105,50.143632728705164,54.001888275146484,82533395
2021-04-26,53.82402454479057,58.93415822898184,52.811573428882994,55.4316291809082,90736018
2021-04-27,55.47951121695637,58.28427289043532,55.41110453424078,57.03923034667969,57377259
2021-04-28,57.463369278448916,58.83154317170705,56.156762863312245,57.737003326416016,57826640
2021-04-29,58.14061759035832,58.14061759035832,54.99381494861714,56.286739349365234,70611800
2021-04-30,56.361983905214935,62.59402115593804,56.361983905214935,61.49948501586914,83816884
2021-05-06,61.506325969197924,62.66243692414765,57.64123141449475,58.694725036621094,84758597
2021-05-07,58.69473030891737,59.97397633268825,56.01310694982585,56.38935470581055,56193670
2021-05-10,55.26060518804795,57.723318822667,54.918560815812526,56.40303039550781,43808282
2021-05-11,55.41110369228051,55.41110369228051,52.45584297762485,54.33024597167969,53955188
2021-05-12,54.32340988465663,56.922944487761846,54.32340988465663,56.09519577026367,35384232
2021-05-13,54.71333771275072,55.53424353921167,53.74877565004832,54.679134368896484,31140041
2021-05-14,54.96644562770128,56.6082571352461,52.46952502555842,55.88996505737305,52546411
2021-05-17,55.855756876910675,59.50194545690044,55.41110249535322,59.24883270263672,61195339
2021-05-18,58.010638437996235,60.33653884862938,57.97643509472889,59.3514518737793,36004626
2021-05-19,59.31724138417758,61.56788832299617,56.44407321372546,61.294254302978516,53428685
2021-05-20,61.294261887783044,62.47773702566533,58.33900095357611,58.80418395996094,54941157
2021-05-21,60.27497488824181,62.85398457372352,59.78243137206199,60.99326705932617,68418404
2021-05-24,60.801713589945564,61.485798670536965,58.5305416234838,60.43914794921875,54687243
2021-05-25,59.88503963939785,61.97834848028206,58.54422624673261,61.60893630981445,60261797
2021-05-26,61.56789131289286,61.7731186645836,59.40617587361483,59.55667495727539,46824960
2021-05-27,58.95468009042265,61.71155655045418,58.74945637432718,60.54176712036133,56683307
2021-05-28,61.53526177639763,65.09129771764489,60.88434667687877,62.06283950805664,73782783
2021-05-31,62.350621220881045,67.12626540332771,61.158420856622485,66.39313507080078,68157178
2021-06-01,65.98202497388523,66.39313003071584,63.871699343209805,65.81072998046875,45313671
2021-06-02,67.13996284081097,67.70179808349941,63.91280228386334,64.11835479736328,40848682
2021-06-03,63.92651301295591,63.92651301295591,59.90455334171848,60.507503509521484,69081061
2021-06-04,59.267339826101384,59.54826111105697,57.54070819960361,58.7877197265625,76228488
2021-06-07,57.98607215834094,57.999775903732015,55.745559186248855,56.74591064453125,66916654
2021-06-08,56.66368438859086,58.636979682611,56.218325500357366,57.109046936035156,45350576
2021-06-09,56.745917473786,58.85624694824219,56.04704101157687,58.85624694824219,42407218
2021-06-10,59.746958744094385,66.16016493786904,59.746958744094385,65.09815216064453,107152964
2021-06-11,66.11220669692088,68.5103073900553,64.46094370408453,67.05774688720703,101937005
2021-06-15,67.60587963509484,68.51030489469105,65.90665908134035,67.21533203125,50889832
2021-06-16,65.85869688470684,65.87239697174603,61.93951327814341,63.36467361450195,64386345
2021-06-17,63.38522754208508,64.94056807217717,62.76172717600066,64.64595031738281,45845833
2021-06-18,64.54317330656761,68.96253496804361,64.08411056613527,68.16773223876953,58382937
2021-06-21,67.00977540180985,71.32635622789512,65.9272051738811,70.43563842773438,59940986
2021-06-22,70.43564282765107,71.49765567505445,68.23623738348512,69.94916534423828,40460980
2021-06-23,71.25785028987315,72.88856320187065,69.71621721956538,70.23009490966797,49029467
2021-06-24,72.90225372206825,75.74571673134076,71.25784093848766,73.25169372558594,64375239
2021-06-25,72.6281965960292,77.37643324569066,72.03209641879867,75.7046127319336,48091125
2021-06-28,75.69775702889595,77.41068499568927,73.64909643937976,74.90296173095703,41853512
2021-06-29,76.73922479837887,80.42544848439879,75.71146941437851,78.90436553955078,54524832
2021-06-30,77.51346557497341,80.97357907262631,76.28700776449706,78.83584594726562,35894209
2021-07-01,79.61009724535592,80.09656745360053,73.38188515210109,73.99854278564453,51749569
2021-07-02,74.06021027250608,75.11537320546796,70.7576766815034,72.00469207763672,53989215
2021-07-05,72.15543086639445,75.14963202210404,71.46340807892551,73.80669403076172,42607600
2021-07-06,73.81352233264356,74.01222478474331,69.88748945168219,72.1485595703125,45577684
2021-07-07,71.65524008698078,79.34286909924367,69.95601960642128,78.72621154785156,62340719
2021-07-08,78.58919157722735,83.70056840254654,77.42439870848969,81.0900650024414,65441397
2021-07-09,80.9872800625011,81.91226270918753,77.4449443702791,80.8502426147461,47865129
2021-07-12,82.37133738625884,84.06370803236084,78.81529377051775,81.17228698730469,49551524
2021-07-13,79.82249300621834,84.39944162644561,79.82249300621834,81.52172088623047,40783094
2021-07-14,80.85026100801515,86.7838484548832,80.01435068259615,82.91947937011719,49833697
2021-07-15,81.6724600180148,90.3535800287165,81.6724600180148,89.34638214111328,59068989
2021-07-16,89.43546100063243,92.94353972506674,85.93423232008278,86.26311492919922,48239415
2021-07-19,88.97638929091488,91.21005243699625,86.40014345439569,87.02365112304688,36231970
2021-07-20,85.74237368414319,88.79823951565338,83.94722321033404,86.40013885498047,38013886
2021-07-21,88.08564946910525,94.69070792773782,88.08564946910525,94.53997039794922,54498614
2021-07-22,95.92403352560154,98.83601206928259,94.06036784311951,98.01380920410156,41955496
2021-07-23,97.29437244750146,97.97954511521942,93.58074141862892,94.00554656982422,38885352
2021-07-26,95.83494413218729,98.65784965307863,91.58687844704389,97.36287689208984,50957100
2021-07-27,97.41769244917488,98.96617534635317,84.2760977000391,86.3110580444336,68645266
2021-07-28,83.04964748475413,90.44265191056981,82.76187979822011,89.59989166259766,54280718
2021-07-29,93.4025921641851,107.51712799072266,92.19669183625635,107.51712799072266,82871475
2021-07-30,109.62746488469405,123.4405270555817,108.59970948257656,114.9718017578125,80281339
2021-08-02,112.79979964533398,117.15063821850573,105.37253789912165,110.03855895996094,74233943
2021-08-03,107.57195421385161,108.94229231223322,94.55368739105438,98.65101623535156,92916441
2021-08-04,98.1508347938809,106.54418733726324,98.03435477933668,105.03681182861328,72916911
2021-08-05,102.77574261297737,108.05156390610492,98.66470676098362,105.72882843017578,55595110
2021-08-06,104.85180676776194,113.5808911188711,103.12517148142302,109.4630126953125,57202432
2021-08-09,106.88677568068668,111.78574966708155,101.61095416375875,108.1885986328125,49830061
2021-08-10,106.11937900988728,114.19069876145997,102.21390289112992,105.83160400390625,59013189
2021-08-11,103.72128987877522,108.62027165759646,103.37870716930769,104.91349029541016,44768953
2021-08-12,104.35848326525324,106.28382109928339,101.63150009893384,102.7825927734375,36405405
2021-08-13,100.72023444825186,103.73499290153725,95.62255769437267,98.65101623535156,61971296
2021-08-16,97.9795353561697,100.50096583843954,95.36902504436244,96.47215270996094,38762039
2021-08-17,98.33582257659667,102.08371093908627,97.02029961485293,99.14432525634766,53700418
2021-08-18,98.20565325924147,100.15154140227892,90.62080318690025,92.15558624267578,84217761
2021-08-19,92.43650235667998,95.69106324977935,89.07230418082537,93.9849853515625,51300160
2021-08-20,94.01924389896737,98.28101732806304,92.75852856924034,94.4166488647461,45356033
2021-08-23,94.63590511139793,100.93948200209223,91.81299925680102,99.34988403320312,55339694
2021-08-24,99.3498730222288,106.99638692088988,98.58933531721932,100.7818832397461,62507503
2021-08-25,100.8093061930913,106.18105052506029,99.48692573029736,105.482177734375,46247992
2021-08-26,104.8312428015483,110.6551987020728,102.77573239826741,102.80998992919922,49204237
2021-08-27,101.39855255593258,105.36569379674263,100.65171484962679,102.21390533447266,38227228
2021-08-30,96.84901624376116,114.17015725223773,95.15663825222782,111.2581787109375,85751715
2021-08-31,109.62745175900778,111.68981967857678,105.7973409538685,107.76378631591797,40450219
2021-09-01,107.7706384026542,109.1478337228228,94.55367774597774,97.35603332519531,56540912
2021-09-02,97.35602555986695,101.33687366148472,95.83494286280428,97.9110107421875,40724271
2021-09-03,97.56843756982745,103.28962151544434,94.88256195161999,95.8281021118164,42825732
2021-09-06,96.09531411281398,97.29436435194562,90.03839789448165,96.05419921875,46194339
2021-09-07,94.89627187805392,97.32863009425539,91.58003850440763,97.29437255859375,39659188
2021-09-08,97.23270066775073,101.39168668933402,93.30666733590863,93.66980743408203,41234447
2021-09-09,94.2042521176111,95.00589750510828,90.57283612894165,94.66331481933594,39062398
2021-09-10,94.60849835710778,101.0628128473186,93.32037547648784,98.3289794921875,48364440
2021-09-13,98.18509292443937,98.32898043259557,92.08706846186878,92.18299102783203,42567820
2021-09-14,91.80615098971853,95.10182700449342,90.64820819697343,92.69686889648438,33361228
2021-09-15,93.04630890649261,96.4721650226757,92.07336852122354,94.3618392944336,35535378
2021-09-16,94.36183939243827,94.64275704744595,86.65365946380923,86.67420959472656,49152514
2021-09-17,86.67420651599346,88.09251678319872,82.96743287291198,84.94757843017578,40612166
2021-09-22,84.96812793055062,88.33232619468171,84.96812793055062,85.20108795166016,27399957
2021-09-23,88.15418483107922,89.53823029188294,85.37238650378809,88.7228775024414,37571074
2021-09-24,89.3532279667276,98.80174267110517,87.51011263718908,96.19808959960938,60484897
2021-09-27,98.4934245691356,102.77574833106618,95.23200612460911,101.2341079711914,56041129
2021-09-28,101.2341029181077,103.0429534340707,97.08196678325928,98.13027954101562,34883940
2021-09-29,96.81475578079878,105.24236599068699,96.6845683586616,100.9874496459961,47501013
2021-09-30,102.69351914885327,103.43349944759906,98.89081577941737,101.66576385498047,34150891
2021-10-08,102.77574299446911,104.50237103303022,98.65785708400736,102.91277313232422,32208470
2021-10-11,104.14608466616781,104.48867465982465,94.67701199435723,95.2457046508789,43494868
2021-10-12,95.9240127191311,100.43243838956171,95.58143009588622,98.32211303710938,34263840
2021-10-13,99.92542512938705,105.02995890658595,98.02065200582655,103.82405853271484,42224368
2021-10-14,103.87200685578982,109.73707788498243,103.87200685578982,105.13957214355469,50466014
2021-10-15,103.83776630861738,109.07933061547836,102.50853578157377,107.96935272216797,34936095
2021-10-18,109.9700487746839,112.0803744489704,107.2567655893216,110.79225158691406,32720924
2021-10-19,111.68296723544566,113.37533765618099,107.6267465505026,109.97003936767578,31145511
2021-10-20,109.97004979525713,113.65627337522278,109.1889472365191,109.90152740478516,36095007
2021-10-21,109.5589344549596,111.4774148398659,107.1813914208833,109.54522705078125,26945112
2021-10-22,109.62745518735024,110.4359578861652,106.88677191799594,107.82545471191406,20155942
2021-10-25,108.2708223590592,120.74094608841344,108.2708223590592,117.84951782226562,61907241
2021-10-26,117.4315532294773,119.21300351469874,116.08176542956197,116.68472290039062,28637152
2021-10-27,120.60390620322448,122.63201670677222,117.92488788838637,118.21951293945312,32638722
2021-10-28,120.93278329747037,120.93278329747037,115.72548445153113,117.16434478759766,25334559
2021-10-29,109.97003763202267,115.10882115422704,103.9405216795826,112.43665313720703,81780413
2021-11-01,111.66927339996641,116.82176503350745,108.25711733556497,112.95054626464844,43413120
2021-11-02,111.68297837867809,113.3136839394362,108.05841980928696,111.10057830810547,30825272
2021-11-03,111.54593704503472,112.10777964702673,103.58424732913552,104.88607025146484,38234740
2021-11-04,107.63362242336407,110.01116586379796,106.0645744597148,108.53804779052734,28986473
2021-11-05,107.57194842819455,109.6274591244247,104.1666425192976,106.73603820800781,22780016
2021-11-08,106.2015999599593,111.22390385834707,105.51642730857058,108.25711059570312,25339540
2021-11-09,110.50447734300062,114.14274329133931,107.98304658592103,109.77134704589844,29559224
2021-11-10,108.25711406593669,110.66207212537716,106.6812235038068,108.87377166748047,19590517
2021-11-11,109.28487964569231,112.55314818854428,107.92138430617103,110.29893493652344,24339323
2021-11-12,110.99779100856675,112.21054129408064,109.68226080965033,110.12077331542969,19449144
2021-11-15,110.07966795449764,110.16874047189584,101.8165032398763,102.83055114746094,35270866
2021-11-16,102.43315177993911,103.38554196394101,99.39784351455054,100.5146713256836,27070149
2021-11-17,101.09707483951586,104.48867328525088,99.69247198453016,104.24886322021484,25676177
2021-11-18,104.10497767271455,104.10497767271455,101.47391695126556,102.50852966308594,17570938
2021-11-19,102.74147944646406,104.89977001089375,101.11762399067031,103.81719970703125,23609178
2021-11-22,105.51642354760524,109.64800943850395,105.51642354760524,108.27766418457031,33473997
2021-11-23,108.94228115345167,109.88782129698662,106.55788798360116,107.30472564697266,23107441
2021-11-24,107.48972742021054,107.57194989834176,103.78294636338266,104.13923645019531,20608854
2021-11-25,103.67331528933049,104.48867538154904,101.63836203580125,101.74113464355469,19995900
2021-11-26,102.4057481004998,105.5849439819699,102.08371555895535,104.72162628173828,17549175
2021-11-29,103.37869076863541,111.46371022258694,103.20054573881589,108.40784454345703,34496296
2021-11-30,110.31262743316525,111.89537529045597,106.88677152932422,110.64151000976562,25527709
2021-12-01,111.34037689767341,111.6761094998625,108.59284373926364,109.62744903564453,20613174
2021-12-02,108.8052584588686,110.16189642338914,107.43491308869811,108.24341583251953,14513272
2021-12-03,107.91453294376927,108.9422883093987,103.2827691179965,104.82440948486328,31018366
2021-12-06,105.85900732032842,105.92067234511741,102.63870398982458,102.94702911376953,16584069
2021-12-07,103.46090013683933,103.80349009122273,99.46635191220678,101.885009765625,22032046
2021-12-08,102.48796799549781,103.84460587974344,100.30912001043261,102.91277313232422,21331804
2021-12-09,102.77574458804044,102.95388230632972,100.72022662254224,101.42595672607422,22963586
2021-12-10,101.40540239041098,104.00905563259387,100.22005212371992,102.76889038085938,29766557
2021-12-13,102.57019165471831,104.31052711823219,101.14503136665162,101.4670639038086,25157167
2021-12-14,101.39168638813479,103.3238741957655,100.98743871495428,101.99463653564453,16709331
2021-12-15,102.09056543973887,103.67330590269022,101.17243282289513,102.1590805053711,20440229
2021-12-16,103.1799907490422,104.67366609051763,102.47426065600278,104.57774353027344,25998124
2021-12-17,104.83125086583064,104.83125086583064,99.35672721441291,100.37763977050781,27680888
2021-12-20,99.4184088291929,100.37764913222402,92.72427683897867,94.27961730957031,41484716
2021-12-21,94.21110560895734,94.21110560895734,88.93528375340311,92.7174301147461,41714236
2021-12-22,92.86816295905274,94.95108849252547,91.23060003367198,94.14258575439453,23994986
2021-12-23,95.49236907770663,98.58249237477307,95.47866167281175,96.59548950195312,26042886
2021-12-24,95.93088517017715,97.36974569706962,91.1278333698566,91.27172088623047,24716560
2021-12-27,89.33952493378621,93.52592603699661,89.3326748903753,92.97779083251953,19607228
2021-12-28,93.17648252263079,95.88976558847723,91.76502966683333,95.13607788085938,19469690
2021-12-29,96.40365247760093,97.67121795651325,94.88941955566406,94.88941955566406,17163770
2021-12-30,94.88941794845155,98.32213145856642,94.55368530471661,96.5886459350586,17823521
2021-12-31,99.95969054041099,103.46091167018967,99.61710054783723,99.89802551269531,33446301
2022-01-04,100.72022954222112,102.05631735628882,92.53242961471997,92.7722396850586,33776561
2022-01-05,93.32037769467519,93.32037769467519,86.7358756282845,88.38714599609375,37116209
2022-01-06,87.61289805240264,89.89451873980785,86.13292273411315,89.14083099365234,21171022
2022-01-07,88.38714425448838,89.8808123583834,85.63275343907051,87.90752410888672,23072709
2022-01-10,87.64030686219827,87.64030686219827,84.74887857247867,85.30387115478516,24055529
2022-01-11,86.2357001216892,86.2357001216892,81.95337652246972,82.89205932617188,30882266
2022-01-12,85.30386248082353,85.98903509570873,83.0016845439674,85.982177734375,28809369
2022-01-13,86.0849644399123,86.30421705933269,84.00203894093984,84.31037139892578,18371969
2022-01-14,83.17983462962728,85.71496540863797,82.39188936787232,84.68721008300781,20853936
2022-01-17,84.7009147825917,88.06510561271472,84.3788822537941,85.4408950805664,24668883
2022-01-18,85.64644325098618,86.67419849156624,83.41278774749387,85.54367065429688,17882569
2022-01-19,85.19424270016444,85.19424270016444,81.32302391600298,82.70706939697266,25235624
2022-01-20,81.53542532846772,84.7762863559728,81.22710018080858,83.76908111572266,18543228
2022-01-21,83.76907577355468,87.49641407440336,82.91261545835954,85.48886108398438,26114012
2022-01-24,86.33162929020952,91.10042342370866,84.96128387716473,90.14803314208984,36272500
2022-01-25,89.0723036418022,89.95617875743882,86.33847045898438,86.33847045898438,22814456
2022-01-26,87.41419982709088,89.62045550674421,87.03050223257428,88.69547271728516,18508375
2022-01-27,87.97603457380526,88.52416976337774,75.08110630344713,76.05404663085938,65271295
2022-01-28,78.45900464076489,79.84990751176663,76.73922647988876,78.10271453857422,42743171
2022-02-07,81.87800570652148,81.87800570652148,76.8077367483442,77.3490219116211,26695386
2022-02-08,77.4243897680011,78.10270503364912,71.53876107267817,73.39557647705078,45382030
2022-02-09,73.84780333395916,74.13557103415738,70.50416235670617,73.34762573242188,33621238
2022-02-10,74.6768608786614,74.6768608786614,67.83199821855314,69.27085876464844,53234617
2022-02-11,67.48940379998633,69.19548182090173,66.05740070961467,66.25609588623047,46447403
2022-02-14,65.50926625900048,67.36608206186726,64.74872835845848,65.48871612548828,33819011
2022-02-15,66.59182613347272,70.5521245755557,65.27630310628273,70.0862045288086,47341364
2022-02-16,70.43564068597198,71.64839103995178,69.47640047164326,70.10675811767578,30063166
2022-02-17,69.89436787490897,75.01259505558033,69.40789032053688,73.72447204589844,46644340
2022-02-18,73.14890917384244,74.99202431056395,72.0183740845797,72.58706665039062,24720231
2022-02-21,72.25819766485952,74.14927808956547,70.91526710010125,72.6624526977539,27810874
2022-02-22,71.62783759807598,74.75222583082623,70.57952481040837,73.75872802734375,30881859
2022-02-23,74.32056470230073,76.75292295300831,73.99168210949186,76.62959289550781,30884434
2022-02-24,76.05404551823585,81.43264668690523,75.38943032987825,79.54842376708984,55145549
2022-02-25,82.67280454678938,83.35797718293459,78.08900597800515,80.27470397949219,34797996
2022-02-28,79.4799029913622,83.077053915251,78.90436030722444,82.97428131103516,24604986
2022-03-01,85.56421872584139,86.67419640814498,82.9400157085339,84.16647338867188,34892603
2022-03-02,84.7077656591281,85.88625850404819,81.45319744200488,85.70126342773438,23333493
2022-03-03,86.59199942797986,88.10622508068299,83.41965328731774,83.79649353027344,24675746
2022-03-04,82.90577002871771,85.35868573964419,82.23429743453204,83.3374252319336,20882052
2022-03-07,82.50836295818132,86.64679911592516,81.38468505844949,84.90646362304688,33859285
2022-03-08,85.98904762692187,89.04490637153457,85.64645761034255,86.94828796386719,39424974
2022-03-09,88.86676145412454,89.62044918388176,78.79473873038074,83.70741271972656,47079699
2022-03-10,86.1055190420448,89.28471512164907,84.72832358924194,88.39399719238281,35092325
2022-03-11,86.33162951564032,88.30492515915601,82.91262333635142,86.68791961669922,30431427
2022-03-14,86.18088627406732,86.31792373405922,81.52172241067883,82.2137451171875,22880932
2022-03-15,81.32986319764396,85.64644402941933,80.28840054365318,82.98797607421875,28645670
2022-03-16,85.48201177084229,85.64644940103737,77.82178989734052,84.46795654296875,44328341
2022-03-17,85.64645482302326,86.24940503594642,80.0897154845455,81.50801849365234,41464120
2022-03-18,80.16507850682991,83.45390441720502,77.89030786202234,83.07705688476562,22691414
2022-03-21,82.35077496970983,83.58408283161846,79.67860671583743,80.41859436035156,31383535
2022-03-22,80.6584079827265,81.31617318054164,76.24590404979662,77.70531463623047,34967466
2022-03-23,78.7947359746507,80.3363689154529,78.10956333926458,78.60973358154297,24216935
2022-03-24,78.61659004076739,78.77417762275508,76.7392171877252,77.28050231933594,17046941
2022-03-25,77.76697188251197,78.41788697150568,74.48500358401976,74.58777618408203,20089553
2022-03-28,73.2791108218607,75.56073157118587,73.00503588998201,73.5189208984375,21053058
2022-03-29,73.99853493320444,75.9718230506153,73.40243481289518,74.93721771240234,20224173
2022-03-30,75.3140635671497,76.73237388489005,73.9163180171743,76.67755889892578,26629927
2022-03-31,76.36922128196133,76.36922128196133,70.76451795460224,73.49150085449219,33409825
2022-04-01,72.76522265688763,74.67000309949101,71.8607973761897,72.30615997314453,25116012
2022-04-06,73.3133627192662,73.37502774458977,69.32566424746081,70.28490447998047,22964930
2022-04-07,70.56582419495727,71.12081675764612,69.21603632280531,69.44214630126953,17721123
2022-04-08,70.15471559615378,72.31986343549256,69.18862534073484,69.55176544189453,25899946
2022-04-11,69.19548207089294,69.19548207089294,65.76962592936931,66.04369354248047,30100483
2022-04-12,66.74255558603058,67.39347063648154,64.75556022177368,66.3246078491211,25614433
2022-04-13,65.77646630341322,66.98236655119494,64.54315856650719,65.43388366699219,23583065
2022-04-14,65.79702955834011,66.17387707825036,60.28824817121956,60.363616943359375,56385166
2022-04-15,59.88399859928294,59.93881358400011,56.691098923733136,57.91755676269531,50963752
2022-04-18,57.63663261993911,60.57602199462427,55.910000937597765,60.18547439575195,39780160
2022-04-19,59.95251614057345,62.73431435318054,59.89085111359586,61.73395919799805,43962216
2022-04-20,49.86678900689869,53.093946110498834,49.387168884277344,49.387168884277344,96118274
2022-04-21,47.345354651322026,47.93460103457777,43.78246154405892,44.17985916137695,112594602
2022-04-22,44.385413897921154,45.420022886273706,43.782463739773654,43.87153625488281,59784565
2022-04-25,42.89174766450127,43.46729040465006,40.35660934448242,40.35660934448242,66705923
2022-04-26,40.76771571593438,41.315850979120135,39.10959886045307,39.46588897705078,56235456
2022-04-27,38.835527801763575,42.79581899972442,38.37646144902659,42.350460052490234,75419404
2022-04-28,42.42583163492293,43.22062701715592,40.89104488161559,41.76806640625,57640716
2022-04-29,42.782117408247125,44.193570414460766,40.93900552013807,43.30284881591797,66213912
2022-05-05,43.165812974729555,44.72115342148001,42.70674662046585,43.59061813354492,53128304
2022-05-06,42.576561204890055,43.953752777364485,42.18601363105789,42.727298736572266,29106438
2022-05-09,42.775265756207105,45.097997723717725,42.775265756207105,43.720802307128906,30915802
2022-05-10,42.734150529199006,47.7564578753797,42.60396677952044,46.15315628051758,57864182
2022-05-11,46.38611893398111,51.024728997773614,46.160012614308606,49.26383972167969,81949639
2022-05-12,48.64718603252256,50.360114035872854,48.510148572148665,49.22272872924805,35772035
2022-05-13,50.003820345489466,50.01067404761873,48.10589739654041,48.98976516723633,33365453
2022-05-16,50.545106102962194,52.17581519200876,49.901044714475454,50.01752471923828,39878808
2022-05-17,49.8804904269424,51.73045210256551,49.599569141564984,51.20972442626953,38072874
2022-05-18,51.936007737885895,53.518755627455015,50.49029730737092,52.76506423950195,42039538
2022-05-19,52.13471147417922,56.670549338094254,51.75101753032904,56.4033317565918,57849260
2022-05-20,56.86924087281125,59.109753851954366,55.84148557972333,58.36976623535156,44965296
2022-05-23,58.24643558881665,58.62327943636819,54.59446980027088,56.42387771606445,50459271
2022-05-24,56.17036753400803,56.649987672542345,52.90210274401899,53.176170349121094,52228954
2022-05-25,53.45023676114109,54.532807070420084,52.55266153229498,54.25873947143555,37210726
2022-05-26,54.26558890293855,55.211125402064674,53.03228106220208,53.78596878051758,28903058
2022-05-27,54.14225746365507,54.96446388948594,52.89524590914952,53.26523971557617,27188585
2022-05-30,53.66263900913685,53.90930277410178,51.45638716629586,52.29229736328125,48534528
2022-05-31,53.86134444095698,55.22483245892868,52.00452886605858,54.78632354736328,56933864
2022-06-01,54.505398365924755,56.321106231628264,53.546158131610945,55.36186599731445,39771585
2022-06-02,54.57392347100255,58.239593505859375,54.57392347100255,58.239593505859375,47039428
2022-06-06,58.684951335372475,63.385226745435055,58.65754750078564,63.10430908203125,78826679
2022-06-07,64.55687650032769,67.83199514146537,64.32391646398338,65.15296936035156,68676717
2022-06-08,64.94057362263656,65.54352390846523,62.672660006263676,63.65245056152344,50659501
2022-06-09,63.65243302925317,64.92000560768298,62.14505772986927,62.871337890625,33141323
2022-06-10,61.66543934258849,64.05668975930828,60.966562992388134,63.75521469116211,46260919
2022-06-13,62.57672803127454,62.59042811824816,60.6239862808581,61.59008026123047,47534622
2022-06-14,60.69249477113296,60.71990226053069,57.82847799486628,60.315650939941406,52528910
2022-06-15,60.25398955727953,61.3434135417613,58.08884533384246,59.4180793762207,56270468
2022-06-16,59.50030491405278,62.61098578377069,59.50030491405278,61.74081802368164,50675907
2022-06-17,60.63769221886909,62.693202991943046,60.41843593119692,61.98748016357422,43157462
2022-06-20,62.768572559520614,64.95427065576743,61.12415962516388,63.85114288330078,73773897
2022-06-21,63.72096002201725,63.76206759918555,59.74696165974385,60.20602798461914,73706743
2022-06-22,59.61677782990323,65.48184146904951,59.61677782990323,64.11150360107422,96792162
2022-06-23,64.1389181420661,64.30335577693366,61.11730982076963,63.27560043334961,62314224
2022-06-24,63.78946761828668,66.47534286642515,63.51540005961523,65.3722152709961,68651055
2022-06-27,66.4410893271689,67.31811444630492,64.62538869750512,64.66649627685547,56983936
2022-06-28,65.27734096057095,67.43130283485334,63.6858801307634,66.58755493164062,55851306
2022-06-29,65.96331919707794,68.3779464850711,62.965609301245955,63.178260803222656,59496988
2022-06-30,63.78192045521883,69.06392520906529,62.759818655303064,67.39701080322266,59657221
2022-07-01,67.56850761335082,68.32308609494507,65.24305684269393,65.81241607666016,39131414
2022-07-04,64.75600068682085,64.82459604952969,61.94350289177282,64.02886199951172,61930831
2022-07-05,63.349756447083664,63.795640991472354,58.92521967757191,60.317745208740234,92278636
2022-07-06,61.0517331494616,65.07840252122224,61.0517331494616,63.4183464050293,82259914
2022-07-07,64.48161900928297,76.1020278930664,63.36347490821261,76.1020278930664,132716007
2022-07-08,77.41909610562338,78.20110673333679,70.65538192333103,71.6843490600586,99964781
2022-07-11,72.85050351085964,77.16528566427289,70.79258378102159,76.93205261230469,93571041
2022-07-12,75.92367043586866,81.47320561092171,74.77809410310849,79.50445556640625,82038443
2022-07-13,80.29332958812346,83.75750575514058,76.21864582213263,79.23007202148438,77074183
2022-07-14,79.43586737536243,89.98615376170491,79.43586737536243,86.43280792236328,80801950
2022-07-15,85.74682343967764,88.58676098812377,83.83981804061412,85.84972381591797,57313344
2022-07-18,87.46176051032093,91.17288565526857,86.21329111876503,86.81694793701172,69571847
2022-07-19,86.54942873907358,87.1325040939488,82.38556042585779,82.71482849121094,58156690
2022-07-20,82.3169597695918,85.06085525354496,80.63632186233306,82.7971420288086,42166472
2022-07-21,81.84362328962763,84.0318827417054,79.93661800981926,79.96405029296875,44300464
2022-07-22,79.98463764197945,80.94500208592603,77.24074237084604,78.35887908935547,47060465
2022-07-25,79.0585705771471,79.40156206409306,75.37489241710209,76.0677261352539,34946543
2022-07-26,76.3695616228662,77.7415057168812,74.45569063614039,75.93739318847656,46037453
2022-07-27,76.18433969722327,82.72854466658406,76.18433969722327,82.14546203613281,70647619
2022-07-28,85.06085624835097,88.0654244395037,82.86573837011609,85.5410385131836,60912982
2022-07-29,86.63859292928225,89.9175496295093,84.923657477925,84.96481323242188,50157049
2022-08-01,84.05247096120873,89.17669583640912,83.092106510692,87.83219146728516,43133255
2022-08-02,85.08828925336934,90.85733405512494,84.3748739834354,89.10810089111328,50155196
2022-08-03,89.17669870903603,89.55398789546368,81.75445551943722,82.45414733886719,55759758
2022-08-04,81.92595236817895,83.1744218145988,79.01056119998472,80.99988555908203,43242116
2022-08-05,80.80095871884723,81.54181370970299,77.76895070473437,79.16148376464844,39428023
2022-08-08,78.64012548980321,82.09744332915608,76.15690288520346,81.34286499023438,40648984
2022-08-09,80.33449588682119,90.9328035994866,79.69654132131318,87.90765380859375,71167180
2022-08-10,89.30017149589105,90.28796816249783,86.00063344635419,88.35352325439453,44620135
2022-08-11,89.17670481492738,89.86268053821912,84.0044582656476,86.57000732421875,36708415
2022-08-12,85.78798593346929,87.11878156893042,83.7026265569628,84.63555145263672,26589662
2022-08-15,83.69576847781366,91.09743034275654,83.69576847781366,89.84896087646484,48325505
2022-08-16,89.86267408785304,94.06769771606376,89.47166875961321,90.2056655883789,51772861
2022-08-17,91.03569583075057,95.15154280839953,91.03569583075057,92.60658264160156,41291457
2022-08-18,92.41450055942295,97.40840030031372,91.98233947000914,96.06388854980469,48707731
2022-08-19,95.89925848423492,98.3070352974476,91.53646217900369,94.91831970214844,56388256
2022-08-22,93.3062659502216,97.18887950918771,92.61343222432305,95.96784973144531,37352117
2022-08-23,95.35046782994756,102.21021693243982,94.67821565643695,99.2605209350586,40307915
2022-08-24,100.01510228037498,100.70107061696382,92.8946803143088,93.69041442871094,44440904
2022-08-25,94.66450566881026,95.61801216811486,89.27274938941207,90.78874969482422,47861007
2022-08-26,92.19499460019671,94.66450129070202,90.0135928716171,90.30856323242188,37384134
2022-08-29,83.68890077055241,94.18430646932008,82.38554489928786,90.65154266357422,47209391
2022-08-30,91.10428832158732,91.92745469406714,87.20795137245142,87.31084442138672,38771910
2022-08-31,87.86650118666712,88.21634346953343,76.21865159299422,76.4175796508789,87987860
2022-09-01,76.87719007118905,78.4960908347603,75.5326781498671,76.69197082519531,38899133
2022-09-02,77.51513822555441,77.5700174548355,71.71865335048815,74.53800964355469,48324232
2022-09-05,74.20186654675527,81.01359429672551,73.46787709981841,80.23844909667969,50650230
2022-09-06,80.38251003008443,84.77275321338844,78.94882860188207,84.09363555908203,50804537
2022-09-07,83.67518568059387,86.84439144557145,83.07152883526473,83.79866027832031,38480611
2022-09-08,85.06085877702778,86.98158789345744,83.11269004519197,83.27046966552734,28263530
2022-09-09,83.3459164507874,83.75750332198128,80.8764098776232,82.45414733886719,24652633
2022-09-13,84.10048866436162,84.37487747330086,80.444242581722,81.19195556640625,22434370
2022-09-14,79.8337247745219,83.24987960977835,79.3604006159142,80.65689849853516,27444534
2022-09-15,80.69119831578,81.63098125944093,72.69958861437287,73.81086730957031,57094986
2022-09-16,73.53648497256768,78.15309591103302,73.53648497256768,75.51895141601562,39886211
2022-09-19,74.79181070539919,77.74149942765378,74.1195585200665,75.05934143066406,27813436
2022-09-20,76.62337052199472,81.15080444564256,76.28038632297596,78.30400848388672,42967491
2022-09-21,77.52199345672858,79.77884855746306,76.48617551825454,77.37793731689453,26985436
2022-09-22,76.3489816973797,80.16300028082848,75.12108639515247,78.30400848388672,29900620
2022-09-23,79.7788457373933,80.25902796853323,75.1142214893193,77.4808349609375,33026771
2022-09-26,77.50827656803546,83.81924110341063,76.82915895934852,82.33067321777344,47612364
2022-09-27,82.72855173182084,83.2430317086866,79.98464875253643,81.63098907470703,30384326
2022-09-28,82.31695852149147,83.00293421382885,77.08983297790022,77.70034790039062,34925525
2022-09-29,78.77046677749955,78.95567866616234,75.1142208497513,77.85811614990234,24796181
2022-09-30,76.48616377511313,78.72929506113586,74.08525290316337,75.88249969482422,30740021
2022-10-10,76.14318420828234,79.49074381042,75.7041577159857,77.12413024902344,29697838
2022-10-11,77.13784622426057,81.4183307020749,76.4175728517966,79.9846420288086,32495681
2022-10-12,80.01894270136253,86.43280792236328,78.13251132300938,86.43280792236328,43951741
2022-10-13,85.74682830147621,90.7338626403099,85.06085261997646,87.73615264892578,39783433
2022-10-14,89.416790895056,92.67517356467467,85.60963793563786,90.5349349975586,42418318
2022-10-17,89.17669733126037,89.86267299698537,86.29560393141504,88.54560089111328,28599013
2022-10-18,88.59363230680563,95.26130511983207,87.46177196090909,92.44880676269531,38436994
2022-10-19,91.92060591111012,95.33676098973956,90.46633564768157,90.75444793701172,32502332
2022-10-20,89.8695261641008,90.3908714516408,86.63859069976291,87.80474853515625,29209236
2022-10-21,86.87183157395991,91.75596559274692,86.67289620588866,90.54179382324219,30888485
2022-10-24,88.89545655479887,89.62944609798724,86.1446956318221,86.43280792236328,27911763
2022-10-25,86.63859757355692,91.44042002555929,85.76055192356209,88.94347381591797,29402052
2022-10-26,89.6568801416529,92.60657625595631,87.3931670244893,91.0288314819336,31054997
2022-10-27,97.4084022096807,98.78034627352147,90.68585065236188,91.24834442138672,52603363
2022-10-28,89.93128013518829,92.87411097743886,88.35353529337807,88.57991027832031,30329665
2022-10-31,87.11878398737815,91.23463095360862,86.9747278415251,89.80780029296875,25998884
2022-11-01,90.54865445655602,92.9495657767185,89.8352391323935,92.59971618652344,33991665
2022-11-02,91.23462577843272,92.86724246682591,90.17822631376656,91.28950500488281,30383229
2022-11-03,90.39088598554595,94.58219386500754,90.274269450556,92.94956970214844,28827962
2022-11-04,92.40764307643687,96.31769642889552,91.94804237065654,95.62486267089844,37169472
2022-11-07,94.66450122307604,96.00215495356076,91.37868615229544,91.96176147460938,35156717
2022-11-08,91.39239709556664,91.95489817024978,85.49301952737574,88.42212677001953,48938863
2022-11-09,87.18738052875611,87.7978954800735,85.98006677019583,86.44652557373047,22208464
2022-11-10,85.11572751854591,87.10505176483515,83.00292868164551,83.75749969482422,25882616
2022-11-11,87.1187818520089,87.46176603787123,83.66147107127746,84.76588439941406,29413225
2022-11-14,83.75750528952891,84.30628291267907,78.1942463071703,79.54561614990234,47304061
2022-11-15,79.23007689998657,81.63098832119829,79.23007689998657,81.62413024902344,42246395
2022-11-16,80.94500223497876,81.75445247713851,78.83220338520545,79.50445556640625,26951047
2022-11-17,78.9899820913148,80.75979692328546,77.51513761917255,78.92138671875,26624365
2022-11-18,79.23006755092118,80.93814495991761,76.4861722477418,78.8116226196289,33201329
2022-11-21,78.88708362180141,80.3962256767178,78.20110796220322,78.74988555908203,25276090
2022-11-22,78.68129553291686,78.74989090543384,75.65614581932036,76.06086730957031,34264780
2022-11-23,76.28038980421441,81.41148084158496,75.47093943750889,80.81468200683594,42552350
2022-11-24,80.12869993237223,83.0646727141427,79.71711304561941,81.65156555175781,32975262
2022-11-25,79.72395970363877,80.74606137537779,78.0639035776664,78.12564086914062,25975056
2022-11-28,76.1431865139959,80.78723686462219,76.06086767038512,80.19729614257812,24514032
2022-11-29,79.57305579014857,80.08754305489711,77.86497829370256,78.65385437011719,22085067
2022-11-30,78.20110928969464,79.79942828076082,77.73464319552969,78.8870849609375,20852025
2022-12-01,79.63479662586714,80.87641539571615,78.33830595284803,79.51132202148438,27914112
2022-12-02,79.96406539623125,83.68891441214662,79.11345930197437,82.37870025634766,41230607
2022-12-05,78.80476378571068,78.88708262229932,73.1660517018756,74.48312377929688,77586374
2022-12-06,74.40766899690156,74.46254822570667,69.76362599601758,72.30858612060547,61383791
2022-12-07,71.40995731065247,73.79029434990734,71.40995731065247,72.802490234375,36957436
2022-12-08,72.67901384877246,76.00599183756708,72.17825006812105,73.55020141601562,39048819
2022-12-09,73.59136063624588,74.07154289791191,71.75295043281017,73.26209259033203,31884532
2022-12-12,72.58983820113859,73.5364792256802,71.73922483368135,71.97245788574219,23369493
2022-12-13,72.027333822758,72.64471410995276,69.01590780647291,69.08450317382812,39499234
2022-12-14,69.27658220219422,69.83222526610847,66.6493030877609,67.50676727294922,48161600
2022-12-15,67.6645446847023,68.93359574042219,67.02658279383772,68.82383728027344,26684635
2022-12-16,68.446546713321,68.76894932686119,66.77962511451084,67.22550964355469,22066765
2022-12-19,67.24609534783042,69.00904470575094,66.23770970993853,66.75218963623047,24610838
2022-12-20,66.40920773872683,68.25447599970262,65.77125319440434,66.64244079589844,27862566
2022-12-21,66.57383772795353,66.80021271207134,65.0989932763064,65.49685668945312,20589578
2022-12-22,66.1211036987595,66.24457831454235,64.6119613647461,64.6119613647461,19557405
2022-12-23,64.59822348169143,65.03039186752282,62.19045435705603,62.80783462524414,24741472
2022-12-26,63.500672558614426,69.63328326015387,63.04792992925913,69.61270904541016,55473706
2022-12-27,69.61957021884032,73.81087059465757,69.2834440993885,73.646240234375,58489205
2022-12-28,72.76132822913128,75.66300331947264,72.5075209565363,74.84669494628906,47577901
2022-12-29,74.76437706441385,76.08144925491163,74.04410366817287,74.59974670410156,25354585
2022-12-30,75.32002661394888,78.20112044806714,74.23618738991398,76.69197082519531,37975588
2023-01-03,75.46406863454202,80.58144316077568,75.4229128763685,79.30552673339844,41007402
2023-01-04,78.88022205293966,79.50446044636985,76.55477156119383,77.00065612792969,32099894
2023-01-05,76.57534496028605,79.46329623888458,76.57534496028605,78.13936614990234,25312910
2023-01-06,78.20112386218803,84.18967947275459,78.20112386218803,82.38556671142578,45487853
2023-01-09,82.97549452247345,85.36954770820489,81.63098275290798,82.65994262695312,34586161
2023-01-10,83.4831189858751,84.88936809856732,82.69424288602342,83.634033203125,23523955
2023-01-11,83.59973120775729,85.36954596501636,82.52960827132172,83.66146850585938,25460989
2023-01-12,83.6614689284821,84.21024654260607,82.1934825827508,82.58448791503906,21439300
2023-01-13,83.38707455844578,83.45567725691222,81.973967409633,82.53646850585938,21097473
2023-01-16,82.4541466524449,85.76740848207385,81.76131291033604,83.40079498291016,26293262
2023-01-17,83.42137885071554,84.92366290026055,81.82305248954691,83.48311614990234,16562215
2023-01-18,83.6889095895249,84.51207602101545,82.32381628172847,83.48311614990234,13508954
2023-01-19,83.48312945534106,84.29257987246584,82.09059631185475,82.38556671142578,16502294
2023-01-20,85.73311229949687,88.18203735351562,83.88097868909642,88.18203735351562,42677325
2023-01-30,89.86267801390383,92.6065808299924,88.21633778965067,89.79408264160156,35328738
2023-01-31,89.19042024715269,90.54864810027193,87.3314286224948,89.17669677734375,21249415
2023-02-01,89.17669112991238,89.17669112991238,84.10048034894648,86.46023559570312,39175560
2023-02-02,86.46023302583325,86.98157096307489,84.69041847511994,85.23233795166016,22716863
2023-02-03,84.90307647651072,85.58905212681101,83.00292912734837,84.3337173461914,19882262
2023-02-06,83.8947007667669,84.58067649792036,82.01513473694652,83.27046966552734,20598905
2023-02-07,83.89470001537943,85.06085801519583,81.21939981674183,82.31010437011719,22926957
2023-02-08,82.21405636590387,84.70414448519206,82.04256794176524,82.90003204345703,18633664
2023-02-09,82.3718301948974,85.87715445095945,80.78722744343155,84.3131332397461,31355395
2023-02-10,83.33905338483419,83.85353327949467,82.1317397838177,82.7285385131836,16140832
2023-02-13,82.13174993255443,83.77809019509999,81.9876937857692,82.94120025634766,13343405
2023-02-14,83.34591838235878,83.52427220887624,79.92976339167795,81.96025085449219,25031661
2023-02-15,82.31010554123536,83.24988856109991,79.56620260215618,79.84059143066406,26321677
2023-02-16,80.12183349927523,81.07533251871511,78.79103799151906,79.42213439941406,18484452
2023-02-17,79.03799903163664,79.47016011353888,76.82915781369319,76.98007202148438,21648676
2023-02-20,77.02808832522895,81.6309750365027,76.88403219800003,81.51435852050781,34048040
2023-02-21,80.94500495403814,81.19195414506041,78.5646753006856,80.67061614990234,24845993
2023-02-22,79.62792857936677,83.09896251933282,79.59363089655669,80.69805145263672,21821496
2023-02-23,80.6843359780802,84.2239656343976,80.6843359780802,83.8809814453125,35174071
2023-02-24,83.68891117506828,84.08677459147653,82.02198941144438,82.7971420288086,16948593
2023-02-27,81.89165330770196,84.71786751604694,80.39622736417004,82.32381439208984,21342762
2023-02-28,82.17976276761735,82.68738464770912,81.15080286362044,82.04257202148438,13011283
2023-03-01,81.69272793682171,82.17976830702301,78.32459377962628,79.16148376464844,31607675
2023-03-02,79.23007003157377,79.71025227418937,76.67138653715054,77.68663024902344,27456144
2023-03-03,78.07077716883994,78.8733694445578,76.82916569469539,77.11041259765625,16893216
2023-03-06,77.4602604980101,81.97397095238883,75.32002180355394,81.54866790771484,47876770
2023-03-07,80.9107133049375,83.19500814628961,80.25903526712833,82.31010437011719,31126758
2023-03-08,82.1797623341821,82.86573804222867,79.12718032482465,79.55934143066406,25859517
2023-03-09,78.92824626838556,80.26589269344322,77.93358403957347,78.74303436279297,16873774
2023-03-10,78.54409320001935,79.29866423777158,76.71254116797547,78.18738555908203,21273655
2023-03-13,77.24074653007862,78.7498886441158,75.9236743843736,76.42443084716797,23162225
2023-03-14,76.14318085780447,76.76056114852422,70.0380099533505,72.52123260498047,64306883
2023-03-15,72.72017087046689,74.68205561703834,71.14242606023137,71.97245788574219,31400434
2023-03-16,70.66910914309278,71.60889209507629,66.72475078481972,67.5204849243164,61397075
2023-03-17,68.56316432325595,68.59746200649832,65.38023527497597,65.96331787109375,46891076
2023-03-20,65.24303883503578,70.07915828916565,64.49532595935912,68.39166259765625,47406364
2023-03-21,68.59746509939202,70.27810294303814,67.84289405304064,69.67444610595703,46254577
2023-03-22,70.23693055071396,71.10125993543356,69.05019857551048,70.10659790039062,32999577
2023-03-23,69.59898575963668,69.83221881001325,68.11728327118476,68.59746551513672,26825269
2023-03-24,68.59060091281528,71.01209370248431,66.53953924480928,69.55783081054688,36086888
2023-03-27,68.67292075676757,72.97398685027547,68.67292075676757,72.30172729492188,54576782
2023-03-28,71.35508290435217,72.2194050639666,70.71026299337063,71.3207778930664,30577752
2023-03-29,71.70492530040771,73.05629509540287,70.7582843002636,71.76666259765625,31245076
2023-03-30,71.16987183074716,72.7133190892623,70.00372112355826,72.40463256835938,30282203
2023-03-31,72.42519565982285,73.77656539896931,71.34135664003018,71.9312973022461,30754719
2023-04-03,71.34136590183074,73.64624229941452,70.62109248552332,72.64472198486328,31291184
2023-04-04,72.06164319637978,72.28115280372519,67.71256284915823,69.2422866821289,56487118
2023-04-06,69.2628560495923,70.38099276108885,67.79486978073828,69.33145141601562,32518879
2023-04-07,68.59745897511247,69.74989331992522,67.8223064562925,68.2270278930664,23664565
2023-04-10,68.63176801310749,69.6675860152434,68.04868534627595,69.59213256835938,35879552
2023-04-11,69.96941264827284,71.63633443271782,68.67978006949645,70.53191375732422,45880275
2023-04-12,69.85279043479106,71.00522472586452,67.966359411797,68.45339965820312,31433050
2023-04-13,68.59059580802975,70.92291151129223,66.54639236384055,68.6249008178711,31195690
2023-04-14,67.93207127571313,71.68435230999812,67.91834780553499,69.9968490600586,44292967
2023-04-17,69.62642466942573,70.86117795182447,69.44121277611583,70.43587493896484,24987090
2023-04-18,71.21103264662575,75.7178850160445,71.21103264662575,75.3749008178711,69577221
2023-04-19,75.37488991766452,76.14317704818848,73.09058808518978,74.83982849121094,42072370
2023-04-20,74.29105203914742,74.55172471096893,71.89014074526455,72.49380493164062,34353155
2023-04-21,72.69959524423759,77.40538311726887,72.57612063651085,75.45721435546875,53428666
2023-04-24,75.50521792088203,75.5600971397506,69.28343118987956,70.92976379394531,56469473
2023-04-25,73.05629197144356,75.42290536110427,69.99684487173134,70.2780990600586,58697962
2023-04-26,68.59746282461298,82.31695392413572,68.43282515068708,80.58829498291016,105317200
2023-04-27,78.88708875127048,81.2193973531586,78.20797111890022,79.87488555908203,49508831
2023-04-28,79.02428036400828,80.16985679854062,75.93739332468765,77.33678436279297,49325245
2023-05-04,75.4572096227125,80.23159257235977,75.35431656506051,77.51513671875,47713719
2023-05-05,76.56847849503357,76.8222930611083,72.15080377034319,73.7491226196289,45903386
2023-05-08,73.75600435125472,74.6477662479526,71.44426976905247,73.94807434082031,34804932
2023-05-09,74.02352359840262,75.38861697327856,72.3703252554976,73.46788787841797,29168195
2023-05-10,73.03572353660324,75.83449820996738,70.79258455867918,75.34745788574219,42645758
2023-05-11,74.35278510447607,78.88021861892537,74.22245243948868,76.21177673339844,41116418
2023-05-12,76.1294732145027,77.35736853465598,74.43511175679392,74.4968490600586,24124748
2023-05-15,75.45721436061464,80.5197099127574,75.38176091233214,79.90919494628906,47639216
2023-05-16,79.57304854376882,82.72853790807088,79.15460362915915,79.92975616455078,41179061
2023-05-17,81.08219698790573,81.53493958010023,78.26969913248628,80.23844909667969,24450780
2023-05-18,80.22474301141257,80.23846648342192,77.7209384062614,78.02962493896484,26261747
2023-05-19,78.3383039757736,79.19577543979119,77.13099025050069,78.66757202148438,19853426
2023-05-22,77.9129896148771,79.97091643310311,77.52198432538403,78.06390380859375,17503519
2023-05-23,78.06391107344504,80.54028302202532,77.77580612790071,78.44120025634766,22823585
2023-05-24,77.99531435447147,81.34286648022804,77.65918826032163,80.4648208618164,33448660
2023-05-25,79.47702038995092,84.40918288345844,79.07915698146343,82.33753967285156,47016438
2023-05-26,81.97396848661761,82.24149923125233,77.60431431158351,78.22168731689453,36425128
2023-05-29,77.59059155144539,78.05705767261855,74.51056991452215,75.0456314086914,35259837
2023-05-30,75.11422622389281,77.2064510277359,74.69578126312419,75.8687973022461,25548024
2023-05-31,76.14318626454497,76.73312698465635,74.35278988862545,75.5532455444336,18609701
2023-06-01,75.45721086568965,76.41757539426024,73.6188006522259,73.83831024169922,24725519
2023-06-02,73.46789005893035,75.11423037867392,73.28267814677174,74.05783081054688,18578842
2023-06-05,73.39928805305989,73.39928805305989,69.72246044989859,71.396240234375,34131230
2023-06-06,71.15614452451058,72.69272614275074,69.55782561177412,71.99303436279297,32064428
2023-06-07,71.45685398866706,71.70432193460944,69.27774982095514,70.22637939453125,25897166
2023-06-08,70.9412889755526,72.9485443591946,70.48072284410244,70.74193572998047,26698964
2023-06-09,70.32948259207923,71.96553604018997,70.11638439654054,71.29874420166016,23114852
2023-06-12,70.86567656174647,72.8866844386924,69.33961927911021,72.4329833984375,32273991
2023-06-13,71.60808913100223,72.72170229101968,71.40873586232087,71.84181213378906,19618510
2023-06-14,72.09614965804597,73.05853154367264,70.46010338943707,70.92066955566406,25583485
2023-06-15,71.06502522664756,76.99054751295103,70.19888009864871,76.14502716064453,54151805
2023-06-16,76.50936236826672,79.03905113843747,75.6157199193288,78.42725372314453,44396616
2023-06-19,77.67796957456525,79.6508480865519,77.33425755357834,78.33101654052734,22657544
2023-06-20,78.09042450267961,79.54774238977211,77.4305050294022,78.06292724609375,19836196
2023-06-21,78.07667215464079,80.35202057456243,77.45800223782268,77.78108215332031,23765364
2023-06-26,76.64684110142075,81.0462987606349,76.35812361790875,79.21089935302734,25540436
2023-06-27,79.08716900615538,81.9811870817761,78.7778267332658,80.38638305664062,23588453
2023-06-28,79.74020532648473,81.39000379208505,79.64396861232275,80.09078979492188,17818679
2023-06-29,79.87769110035009,81.35563356146945,79.5821011396481,79.77458190917969,15241578
2023-06-30,78.59909981533275,81.60310696702004,77.92543543276842,80.17328643798828,23487388
2023-07-03,80.97069216086028,86.82060328902853,80.8400856962595,84.40777587890625,51622492
2023-07-04,84.89583354457554,85.72072917512222,82.15304657857854,82.56549072265625,23443824
2023-07-05,82.48987502821178,84.20154054263003,81.80245836280464,82.17366027832031,15440661
2023-07-06,81.56873549916885,82.98481104195578,80.74383990485848,81.39000701904297,14527007
2023-07-07,80.42762230902495,81.69934640104847,79.46524047851562,79.46524047851562,15505268
2023-07-10,79.46524889526839,82.54487548451868,79.39650942649149,80.94319152832031,22808633
2023-07-11,81.26626923544664,81.76808492032397,79.61647078181419,80.55823516845703,11782450
2023-07-12,81.23190422974005,82.13929159641611,79.06654501010313,81.36251068115234,19753853
2023-07-13,81.39000018097917,82.62734713968324,80.42761839727709,81.70621490478516,15369015
2023-07-14,81.12190857485697,81.5687297436438,77.77419706125627,78.26226043701172,31275399
2023-07-17,77.69171016568889,79.01842145780488,77.64359547828029,78.56472778320312,10050544
2023-07-18,78.02166860176816,78.55785402914815,76.99054729827786,77.71233367919922,13920544
2023-07-19,77.71232961535307,77.75357182207532,74.96954297975986,76.0969009399414,22753837
2023-07-20,76.5437287538051,76.95618022641001,74.98329444676118,75.18264770507812,12152635
2023-07-21,74.9351740779108,75.6157108794898,73.84905831245788,74.56396484375,10683768
2023-07-24,73.2441304873719,75.12077951806334,72.90729830516295,73.48472595214844,14009382
2023-07-25,74.57772011215019,75.34074870087305,73.55347128785424,74.41960906982422,20967385
2023-07-26,73.897180177849,75.9731751988089,73.82844071174317,75.18952178955078,16307992
2023-07-27,75.20327010256406,76.57122358600488,74.54335070422748,74.85955810546875,12667832
2023-07-28,74.28900181531442,75.41636716298775,73.45035395341833,74.94892120361328,13802188
2023-07-31,75.38887114312148,76.89431089560536,74.48835628274155,76.64684295654297,19696185
2023-08-01,76.30312788735314,76.63308757361689,71.3537399357876,72.9347915649414,35439237
2023-08-02,72.55671540209575,73.45035038426705,71.74556483266068,71.98616027832031,21492045
2023-08-03,72.17864235389831,74.00029695052149,72.17864235389831,73.12039947509766,19322179
2023-08-04,73.62221349862723,76.81182158171032,73.52597677952554,76.12440490722656,26163852
2023-08-07,75.6157156146765,76.18627078538071,74.58459428915017,74.92829895019531,13923599
2023-08-08,79.19028456249266,79.87770128511585,75.93193678649807,76.30313873291016,39795357
2023-08-09,76.31000994221193,78.63348033505659,75.36825279250098,77.67797088623047,24838536
2023-08-10,78.91531144015835,79.69209233236766,77.88419013066515,79.09403991699219,24268336
2023-08-11,78.8465670704023,78.90843405142591,76.708705301627,76.72245025634766,19664834
2023-08-14,75.61571430646507,77.07303937212613,74.11714703175718,76.64684295654297,18567726
2023-08-15,76.54372562553623,77.9460561696464,74.65333168614518,74.82518768310547,16742738
2023-08-16,74.57771363791863,75.72569633140891,73.25100248440316,73.54658508300781,14198522
2023-08-17,73.00353409589084,73.80781224169198,72.59108997750299,73.29225158691406,15129798
2023-08-18,73.12727685940374,76.44061888218862,73.05853005298233,73.64283752441406,23070754
2023-08-21,73.00353205100579,73.00353205100579,67.64169258063575,68.54907989501953,52618567
2023-08-22,68.87904278818924,69.2846217786747,66.76867810077638,68.12288665771484,27316606
2023-08-23,67.4767166605521,68.10225897195212,64.87828133151189,64.91265106201172,29611793
2023-08-24,66.26685794527113,69.21587032741469,66.19811848594757,68.26036834716797,31013288
2023-08-25,67.84792788035368,68.52159231242182,66.72056238467405,67.49047088623047,17536932
2023-08-28,74.24088247940875,74.4471008507444,68.50783407043461,68.87903594970703,37588356
2023-08-29,68.1916253073767,70.73506620895664,68.122885844261,70.37760925292969,29067385
2023-08-30,70.4463526105912,71.14752160574164,69.29149725988299,69.76581573486328,18142329
2023-08-31,69.36022794505483,69.77267937911184,68.54220489667435,68.5697021484375,14294943
2023-09-01,68.63845091273417,69.56646309398829,68.28099393373903,69.07839965820312,9068992
2023-09-04,69.43585193918722,69.57333086495045,67.44234143410303,68.71406555175781,18623491
2023-09-05,68.74155924721369,69.34648411099796,67.26361681741477,68.26036834716797,18862915
2023-09-06,67.71043037264009,68.55595802543151,66.83054033271578,67.0367660522461,18654540
2023-09-07,67.21549899384236,67.53858622069232,65.83379318916815,65.95752716064453,17745572
2023-09-08,65.65506799416377,65.7994267489046,63.65469223204091,64.02589416503906,24263204
2023-09-11,64.09463194605037,64.35585219335785,62.95352157937966,63.51720428466797,26629801
2023-09-12,63.28348351595625,63.58594598456674,62.355471332867744,62.61669158935547,20976110
2023-09-13,62.994771193776145,63.48970709190263,62.56169494052439,62.9054069519043,19800165
2023-09-14,62.39671959443513,62.62356276999683,61.17998992452561,61.262481689453125,28245413
2023-09-15,61.262479370718026,61.626808807369336,60.01138368623504,60.43758010864258,23565974
2023-09-18,60.04575150330931,61.79866283822199,59.66767345174666,61.27622604370117,20905813
2023-09-19,60.60943770872714,61.03563414237571,59.942642132398404,60.114498138427734,17142035
2023-09-20,60.485702459157224,60.485702459157224,59.15899107439476,59.5439453125,15205642
2023-09-21,59.1108691129437,59.44082881945691,58.189733128592444,58.36846160888672,22971695
2023-09-22,58.43719841591104,58.842773717093394,57.60542670952515,58.49906539916992,31971716
2023-09-25,58.086622167831756,58.62968010445905,57.12424027078175,58.1416130065918,23465771
2023-09-26,58.43032850039966,58.98025889623474,57.75666046142578,57.75666046142578,23457023
2023-09-27,57.67417068092036,62.05988739844412,57.67417068092036,60.148868560791016,50727587
2023-09-28,60.451327649102396,61.99113712983752,60.12824409916059,61.53057098388672,33754380
2023-10-09,61.11125129255051,62.38296814738156,59.9563922661687,61.62681198120117,22810856
2023-10-10,61.2762275413569,61.83303408021182,60.56131362915039,60.56131362915039,20419021
2023-10-11,61.86739947924861,61.99113344117461,59.80515331943301,60.183231353759766,23381645
2023-10-12,59.87390365515366,61.63368392811355,59.7226687520257,60.91877365112305,24229077
2023-10-13,60.148870081113955,60.685051881908436,58.54031733633914,60.327598571777344,27535257
2023-10-16,59.88077474593619,60.575063901102645,58.44407807586616,58.842777252197266,23129300
2023-10-17,58.56781265081359,58.97338798052357,57.70166748187516,58.04537582397461,19223001
2023-10-18,57.70166591385822,57.91476412565818,56.560555570727615,56.64304733276367,20167785
2023-10-19,56.61555060235292,57.041747029894466,55.433194367269415,56.23747253417969,25247899
2023-10-20,55.40569957944422,58.76716380363377,55.34383259018866,57.33046340942383,33373523
2023-10-23,56.70491253132862,56.70491253132862,54.64953874865969,55.02074432373047,22888538
2023-10-24,55.34382628060964,55.61191898428306,54.25771051093343,55.23384094238281,21934837
2023-10-25,55.61879661375652,56.519311460801035,54.15459909200224,54.40894317626953,24407524
2023-10-26,53.322827252677804,53.92775213440557,52.50480049561836,53.687156677246094,25903136
2023-10-27,53.24033798938444,57.247972861089636,53.20596825709201,56.959259033203125,36031759
2023-10-30,59.03525287369024,60.72629359823819,57.59168009080475,59.77766036987305,51708557
2023-10-31,59.78453193360009,59.78453193360009,57.749779364011474,57.84601974487305,27217024
2023-11-01,57.887269442489085,58.16223463499168,56.40245079482339,56.45056915283203,23891812
2023-11-02,55.88688732650981,57.08986465114188,55.1994743347168,55.1994743347168,20510666
2023-11-03,55.611922439272874,58.705293768740084,55.58442518520904,57.47481918334961,34993161
2023-11-06,57.47481983979373,60.32071958638614,57.467947361797016,59.79828643798828,39397979
2023-11-07,59.461447130574584,61.386210771066665,59.05587183000817,61.17998504638672,31467256
2023-11-08,60.492578121016386,61.49620592061742,60.38259277009972,60.78129196166992,22582145
2023-11-09,60.595691113161344,62.82978989688722,60.52007549590781,62.0048942565918,31134212
2023-11-10,61.17998748709941,61.50307471340025,60.34821574879403,61.22123336791992,19120141
2023-11-13,61.860534286121755,62.81604370727532,61.179990073002706,61.48245620727539,18330072
2023-11-14,61.784907661832726,62.76104174394431,60.49944234641173,60.96688461303711,17720441
2023-11-15,62.54794418234832,64.19774259371655,61.72992112527563,63.24223327636719,37418966
2023-11-16,62.953519141774045,62.99476869324127,60.25885070766977,60.3550910949707,29455647
2023-11-17,59.79140870678979,60.73316945273939,59.5851829756076,60.121368408203125,19225941
2023-11-20,60.334466943166724,61.12499646950579,59.42020711712345,60.671302795410156,20424873
2023-11-21,60.82253555190507,61.76429632666063,60.774417192142856,60.850032806396484,19629320
2023-11-22,60.499449457702134,60.56819259522519,59.61268317523052,59.647056579589844,12011057
2023-11-23,59.64017615846045,60.13511569958917,58.83590169862335,59.66080093383789,13869770
2023-11-24,59.39270874177912,59.39270874177912,58.079742431640625,58.079742431640625,15800632
2023-11-27,57.722293708340956,58.34783974944548,57.08986784658048,57.5023193359375,12952602
2023-11-28,57.502319026931936,58.217232980004624,57.131113422744534,57.95601272583008,12473326
2023-11-29,57.729164096974586,57.84602559280873,56.43682250717413,56.50556564331055,14581862
2023-11-30,56.78053010740271,58.23785153379203,56.581180521991634,57.19297790527344,17703247
2023-12-01,56.629296384075325,57.63979656481818,56.16185409862152,57.213600158691406,14305592
2023-12-04,57.22735229126686,57.8116524304858,56.457443848107,56.66366958618164,14574257
2023-12-05,56.374958390200526,57.05549895221634,55.02762222290039,55.02762222290039,19845369
2023-12-06,54.965749060973295,56.84926682115989,54.78014811158992,55.98999786376953,20813350
2023-12-07,55.68066493590608,56.15497971388377,54.31270776707917,54.649539947509766,20041701
2023-12-08,54.90388386930254,55.11010960058765,53.79714694328933,54.319580078125,24753276
2023-12-11,53.047861244464166,54.90388174047926,52.862256625025964,54.71828079223633,20143820
2023-12-12,54.65641436940327,55.26821172559527,53.920879375253115,54.03086471557617,12499414
2023-12-13,53.370949246290515,53.584047464946266,52.16109940040208,52.243587493896484,21505594
2023-12-14,52.72478043583188,54.12711111905382,52.5185546875,52.5185546875,16304264
2023-12-15,54.21646669138026,55.199473308847814,52.96537103125331,53.2197151184082,27601590
2023-12-18,52.9310025604609,54.46393959764386,52.284831774961376,52.34669876098633,15961187
2023-12-19,52.51854984328409,55.46068987564393,52.03735892235769,54.615169525146484,37357720
2023-12-20,54.512056273989636,55.055114175619565,54.07211123628361,54.457061767578125,18289636
2023-12-21,54.49831357925685,57.17923364830178,54.03087123746631,56.56743621826172,39215134
2023-12-22,56.01749669292023,58.43032745877998,55.26821305431651,57.06237030029297,34761644
2023-12-25,56.42307699980686,57.6879214050911,56.27184576314008,56.69116973876953,14200279
2023-12-26,56.50556558045838,57.33733733520845,55.9831287599893,57.00737762451172,17717114
2023-12-27,57.26172256163116,57.26172256163116,55.74940658687401,56.258094787597656,17087562
2023-12-28,56.079364096773816,62.059884623515444,55.86626588703467,61.4549560546875,52151339
2023-12-29,61.00812962590752,61.11124248301247,59.70203955457004,60.21072769165039,32262955
2024-01-02,60.148868404450965,60.21760787051572,58.58843406499936,58.70529556274414,18762529
2024-01-03,58.68467407881005,59.03525489858853,57.646676575642466,58.54718780517578,18348272
2024-01-04,58.06599691615888,58.395956630803205,56.69116721927125,56.82177734375,19236674
2024-01-05,56.43682302953192,57.770410513357405,54.649541856593444,55.09636306762695,26172330
2024-01-08,54.71828030990023,56.347453964414534,54.6014188229869,55.23384094238281,17711507
2024-01-09,55.068867762963656,57.742915303384905,53.89338761649258,56.37495803833008,28903474
2024-01-10,55.86626736755738,59.763913245071514,55.81814900782422,58.732791900634766,38176555
2024-01-11,58.80840738926479,60.40321143344309,58.499068783877,59.73641586303711,31202301
2024-01-12,59.770787084815915,62.41733347983541,59.05587318087635,60.41695785522461,36895720
2024-01-15,60.073250033552874,61.097498868979166,59.57143800375465,59.901397705078125,18431449
2024-01-16,59.74329501912125,61.47558175137056,59.138370076303346,61.097503662109375,24243830
2024-01-17,60.733173005895,61.08375383245889,59.447703856501334,59.46145248413086,16799123
2024-01-18,58.98025912147306,62.51357918282539,58.98025912147306,62.14924240112305,33667940
2024-01-19,62.554816672824025,64.03963157217022,61.06999810228262,61.17311096191406,32997829
2024-01-22,60.513198011228816,61.9705231553712,59.30334816186689,60.148868560791016,27526324
2024-01-23,61.798668119532344,64.96077906755866,60.62318798480054,62.85041427612305,40618120
2024-01-24,63.03601236666671,63.510330822822816,59.8739015629443,61.317474365234375,32131432
2024-01-25,60.506323894081085,61.86740493774414,58.602181257349294,61.86740493774414,34866140
2024-01-26,60.62318710524363,61.31060012449619,59.592062069571405,59.647056579589844,23812724
2024-01-29,58.567814404769166,58.980262224922924,55.199477690995316,55.323211669921875,38747331
2024-01-30,54.99325019414346,56.84927083252668,54.67016295812825,54.98637771606445,23311478
2024-01-31,54.32645781423915,55.453819549033014,53.42594292200786,53.886512756347656,25830945
2024-02-01,53.666535093172605,56.918009974578936,53.625289214006735,55.37820053100586,29309135
2024-02-02,54.99324919308513,55.65316860926083,52.99974231745475,54.51205825805664,26663400
2024-02-05,53.61842049954798,56.36807988873893,51.55617045086144,54.98637771606445,32391328
2024-02-06,54.03086655633045,58.2378509391557,53.89338395844397,57.880393981933594,30565575
2024-02-07,58.732794884437844,59.61956119472552,57.93539282013551,58.588436126708984,30464988
2024-02-08,59.048998925807076,60.286345922556904,58.430325427432166,58.794654846191406,25531588
2024-02-19,59.11774175489985,59.32396748984169,57.701666206849566,58.698421478271484,21861260
2024-02-20,58.35471692227047,58.36158940065564,55.928137318599944,56.9730110168457,26569807
2024-02-21,56.36807834884491,58.88402201788017,56.02437368798222,57.536685943603516,28063700
2024-02-22,57.055500748086075,59.461455643140255,57.02113101278411,57.8116569519043,25174375
2024-02-23,57.80477915563815,59.7570401488054,57.742912169307665,58.63655090332031,30135343
2024-02-26,58.450953787724465,58.56093914052227,57.082996506968485,57.52294158935547,25325848
2024-02-27,57.39233170916498,57.79103088378906,56.60867464470545,57.79103088378906,28197008
2024-02-28,58.485318136908546,61.255605848933556,58.27221992933633,58.347835540771484,48164943
2024-02-29,58.086619573589,60.011383281725934,57.54356166121555,59.94951629638672,38184251
2024-03-01,59.956387877483714,60.767538494991975,58.63654908679971,60.196983337402344,32421848
2024-03-04,59.79828685233329,62.21111770837684,59.72266756667237,61.50994873046875,36677271
2024-03-05,60.49945138847977,62.70605661225078,60.21073754406013,62.25923538208008,38212003
2024-03-06,61.83990266072036,66.87178964038164,61.523691605141096,64.80953979492188,49730938
2024-03-07,63.94339427165549,65.0157650649801,62.76104181349089,62.86415100097656,27660851
2024-03-08,64.12212496992319,68.65906888268425,64.12212496992319,68.32910919189453,53177448
2024-03-11,70.73507209362235,76.22064617617117,69.76581768197065,75.045166015625,65870453
2024-03-12,74.17214508766885,77.51986427252882,73.45723114737915,74.74957275390625,48441712
2024-03-13,74.2408962005741,75.32701213019418,73.2097674413721,73.5122299194336,34017677
2024-03-14,73.0035380411226,74.58459716462328,72.54297186854419,73.4022445678711,25725376
2024-03-15,72.86605084879136,72.92104535261883,69.56645404304652,71.29874420166016,40588539
2024-03-18,72.02053556958145,74.36462322646692,71.33311890855109,73.60846710205078,34885019
2024-03-19,74.03466713764037,76.22064385612252,72.55672454833984,72.55672454833984,26428060
2024-03-20,72.02054108223668,73.59472043708645,71.45685834911119,72.15802001953125,18378042
2024-03-21,71.84867411060837,72.4192292351051,70.65256935812766,71.42247772216797,21516360
2024-03-22,71.16126992389464,71.83494169562536,70.25388248513072,70.78319549560547,13384197
2024-03-25,70.3776078899679,71.89679992366116,70.22637666860767,70.52883911132812,15864221
2024-03-26,70.25387131096298,71.80055319797829,69.86204464552786,71.11314392089844,23537231
2024-03-27,71.47060081127137,72.31612855264298,70.11639220879512,70.17138671875,22967376
2024-03-28,70.52884034637137,71.97241312346783,69.56645849497373,70.94129180908203,20736823
2024-03-29,70.60446085164511,72.41923557115814,70.32948831015136,71.35374450683594,12254709
2024-04-01,71.49122937319508,75.61572238709593,70.87255945942532,74.95580291748047,33946829
2024-04-02,74.24088480213528,75.49197673570863,73.27850300289867,73.62220764160156,22211526
2024-04-03,73.6153454494908,74.57772738318883,71.68370910368637,72.09615325927734,17891721
2024-04-08,71.69744817219384,72.9416676999738,70.89317001989865,71.09939575195312,18454490
2024-04-09,71.83493150480119,72.5085958385713,69.75893665581489,70.24012756347656,19246411
2024-04-10,70.11639228015423,70.92067046868264,67.77230452327818,68.44597625732422,26516536
2024-04-11,67.74480624240552,69.19525138841537,67.57982273275277,67.90978240966797,16843814
2024-04-12,68.00602681286931,68.17101034118723,65.91628685091344,66.18437957763672,20449185
2024-04-15,66.06064275420204,69.77268387260673,66.06064275420204,68.55596160888672,26609361
2024-04-16,67.91666092351439,69.17463276246355,67.43546999117694,68.12288665771484,16541047
2024-04-17,67.77918290754924,68.57658125863564,66.96115243765699,68.09539031982422,23665685
2024-04-18,68.05414418716191,68.05414418716191,66.31498149271113,66.76180267333984,21848891
2024-04-19,65.7512990282378,66.09501101858935,63.70967388859087,65.41446685791016,37643635
2024-04-22,64.6170711655172,66.32872933935447,63.92277467908081,64.61019134521484,21725321
2024-04-23,67.33922982453825,68.65906858191545,65.99189381451649,66.66556549072266,36869670
2024-04-24,67.05051208620031,67.07800933873959,64.82328602725295,65.44196319580078,22343528
2024-04-25,65.54507285609107,67.36672730233171,64.68580757084574,66.60369873046875,22981852
2024-04-26,66.57620265687831,68.60407552097273,66.23936314048835,68.23974609375,30257843
2024-04-29,68.73469295084226,74.44711789343472,68.32912125016904,73.0860366821289,42903800
2024-04-30,72.85229751565193,73.03790579902783,70.90691653155402,71.04439544677734,21694656
2024-05-06,73.4847282177293,74.03466597016693,72.17864165827106,72.64608764648438,22541744
2024-05-07,72.33674313605317,74.55022434895356,71.55996223393623,73.48472595214844,19657114
2024-05-08,72.87979756299421,73.43660774970178,71.67682029669017,71.80743408203125,12018041
2024-05-09,72.14427126892073,74.11714971752538,71.90367579891594,73.2716293334961,17140515
2024-05-10,72.9347928122146,73.68407643221862,71.90367152840344,73.34724426269531,16157078
2024-05-13,72.1099028067058,73.9315500588948,71.11315117661142,72.17864227294922,24189501
2024-05-14,73.20976656754482,73.53285381965148,70.26075377044862,70.59071350097656,18975405
2024-05-15,74.85268594614466,75.61571454142153,72.07552941605799,72.28862762451172,31815767
2024-05-16,72.28862931533646,74.15839854818148,71.40873186496977,72.79731750488281,19061239
2024-05-17,71.69745131752283,71.82805777185092,67.71731727567672,69.7314453125,39210673
2024-05-20,68.72094296671338,70.21951035649599,68.70719801010591,69.73831939697266,13906869
2024-05-21,69.29149996058655,69.65582942878854,68.05415279591772,68.74156951904297,12208397
2024-05-22,69.14714046772504,72.62546625976785,68.90654498430054,72.09615325927734,33019183
2024-05-23,71.78681563839638,72.10990287788528,70.11639227333757,70.45323181152344,17269624
2024-05-24,70.22637837296546,71.32624650016349,69.43585251608644,69.53208923339844,10659063
2024-05-27,69.83455491001017,69.97891366384337,68.34973984496156,69.54583740234375,11885395
2024-05-28,69.17463377449722,70.40510837739559,68.5353391287965,68.59720611572266,10059553
2024-05-29,68.86530212046932,71.29875418773568,68.74156814072255,69.3327407836914,20027131
2024-05-30,70.70757045274155,71.0306576840533,69.0371544723512,69.2227554321289,14290126
2024-05-31,68.79656632094172,69.42898855247871,67.71044301628372,67.84105682373047,15560819
2024-06-03,67.50422157440961,68.52159067679277,66.69307087842891,67.92353820800781,15822056
2024-06-04,68.22600710934952,71.2850015386746,67.42172890255284,70.9000473022461,25624107
2024-06-05,70.95503552221687,71.83493293957702,70.46009964954366,70.52883911132812,14937847
2024-06-06,70.95504186719862,71.12689787941827,68.05415114875731,68.67282104492188,18726673
2024-06-07,68.94779395239154,69.32586837032963,66.39060790298146,67.10551452636719,20359903
2024-06-11,66.59682336225102,67.82042549245035,66.43871965524058,67.46984100341797,12222242
2024-06-12,67.02303380040478,67.36673850317142,65.99190500732128,66.55558776855469,15042326
2024-06-13,66.87816946464547,68.0446461463576,65.73113084724147,66.91704559326172,14805621
2024-06-14,66.44073544709477,66.8684470265854,63.91336434777667,64.72989654541016,37828986
2024-06-17,64.53548473454389,66.17827924819649,63.29124098637436,66.04219055175781,21522961
2024-06-18,65.9061072497443,68.43347849711407,65.78945660770137,67.60722351074219,20560825
2024-06-19,68.14185457587143,68.14185457587143,66.29492689415157,66.47962188720703,11374063
2024-06-20,66.73235804592761,67.18923042822698,65.70196264661054,66.01303100585938,11543271
2024-06-21,66.0324678948951,67.34475599293839,64.90486736152131,65.6144790649414,13826777
2024-06-24,64.93403711394355,66.32409233321185,64.69102051908041,65.76029205322266,13480829
2024-06-25,65.20620942283088,65.74084144002346,61.80397736036464,62.270565032958984,24864803
2024-06-26,61.91090433351518,63.495373518121035,61.48319647557162,62.3872184753418,15398057
2024-06-27,61.65816831028868,62.06643439362858,60.75414631644881,61.60956573486328,13029831
2024-06-28,61.560964786505615,62.06643603405601,59.89872848116887,60.29727554321289,18310208
2024-07-01,60.99716591860747,62.63996048946498,59.78208293218103,61.38599395751953,18903984
2024-07-02,60.180629799729545,60.59861864229673,57.93515511348296,58.63504409790039,27600048
2024-07-03,59.159960398271785,59.6751543923547,58.07124709245661,58.37258529663086,14027316
2024-07-04,58.323982528531346,59.053032310137986,57.235269226277666,57.468563079833984,15077682
2024-07-05,57.15750418120774,60.01538180055852,57.15750418120774,59.296051025390625,24582436
2024-07-08,58.71281082305123,58.810015977775436,56.29236390577321,56.52566146850586,20068402
2024-07-09,56.74923599247897,56.933927268739396,55.39806432496692,56.65202713012695,24487461
2024-07-10,55.504988275968586,57.974037747155364,54.805103010696726,55.96186065673828,24470603
2024-07-11,56.53537968571279,58.96554560017455,55.65079944117427,58.149009704589844,31566541
2024-07-12,60.04453925231966,62.41637982591997,59.44185914990641,60.37504196166992,44695761
2024-07-15,60.44309009644538,62.77605098014338,59.76264286302187,62.22197341918945,32629298
2024-07-16,61.96923227627893,68.59872475020384,61.82342083472621,68.34598541259766,50143763
2024-07-17,69.01670902445552,69.36665349450143,66.95592574710484,68.33626556396484,41665147
2024-07-18,67.16978484348061,71.49548465003424,66.3240918459873,69.4055404663086,46958106
2024-07-19,68.70565291165501,70.80531246277968,68.70565291165501,70.28040313720703,31858451
2024-07-22,70.27068478712458,72.97302834023694,70.17347962506672,72.04956817626953,30538142
2024-07-23,71.15525184781738,71.65100774890114,69.79436492919922,69.79436492919922,29110827
2024-07-24,69.01670673943792,70.18318332345272,68.12240753060807,68.99726867675781,27046029
2024-07-25,68.43347227164885,70.69838863872816,68.18073294502032,69.08475494384766,28946634
2024-07-26,68.3945951774623,69.259733714062,67.36420712629375,68.38487243652344,23928170
2024-07-29,68.41402376218525,68.60844147262812,65.64363628080122,66.73235321044922,21255289
2024-07-30,66.65458774297018,67.85023258829261,65.73112769886954,66.14911651611328,13369839
2024-07-31,65.90610614944184,67.29616142473,64.67157764466937,66.90733337402344,26482841
2024-08-01,66.61571032970222,67.64609835788362,65.80889342417844,66.00331115722656,19396385
2024-08-02,65.7116895026319,66.55738997068326,64.18554549680015,64.64241790771484,19753134
2024-08-05,64.40911703950795,66.95592607520517,64.17581578081578,65.29369354248047,24672778
2024-08-06,66.41157499362485,69.65828056949105,66.39213692912607,68.90006256103516,35861328
2024-08-07,68.59872243583935,70.18318792601846,68.46263373932226,69.00698852539062,20696499
2024-08-08,68.55983666543571,69.94016906601821,67.85023240182079,68.33626556396484,15961999
2024-08-09,68.33626816600228,69.51246757322369,67.85023498535156,67.85023498535156,12515571
2024-08-12,68.91951065663126,69.49302628457923,66.58654976553215,66.78096008300781,14776260
2024-08-13,66.79067625188246,68.68621003401076,65.80888718779377,68.33626556396484,18899298
2024-08-14,68.04464941710265,68.9778322905838,66.21716721690348,66.47962188720703,13078765
2024-08-15,66.10051493969412,67.44196389655136,65.78945398957022,66.76152038574219,11754029
2024-08-16,66.41157272052767,66.85872235147455,65.84777245774684,66.59626770019531,9563718
2024-08-19,66.92677365872358,67.01426349576613,64.93404188421967,65.64364624023438,12960500
2024-08-20,65.64364391329617,67.00453837952028,65.28398408564398,66.00331115722656,13771430
2024-08-21,65.61448268564773,65.61448268564773,64.36051612659087,64.62297821044922,12168154
2024-08-22,64.79794252374109,65.41034161726674,63.738386409990966,64.74933624267578,11771116
2024-08-23,64.54520776081789,66.68375078543083,64.1563797337216,66.2171630859375,15861202
2024-08-26,67.52944803522884,70.47480778070063,67.52944803522884,69.44441986083984,27517795
2024-08-27,68.93894446957637,69.96933985421958,68.23905550378936,69.18196105957031,16372070
2024-08-28,68.90978425070547,70.18318881988125,68.72508926753238,69.2305679321289,13882241
2024-08-29,68.66677307625218,74.84911625928218,68.5890059807513,73.634033203125,41640140
2024-08-30,73.34240756447082,76.3752574292503,72.98274773969648,74.84911346435547,32333827
2024-09-02,74.75191196971645,75.80174552238502,73.77984551345557,73.85761260986328,15396522
2024-09-03,73.99370295431628,74.81023523579184,73.26465309602224,73.8770523071289,14301040
2024-09-04,73.47849986894532,75.04352745682759,73.07995647834319,73.85761260986328,16953012
2024-09-05,73.87704200827395,75.95726338730996,73.61458735903828,74.79078674316406,18077012
2024-09-06,74.60609093935544,74.74217963245727,73.39100802503368,73.53681945800781,10688968
2024-09-09,73.48821952040083,74.49916948236219,72.9049811544211,73.86732482910156,11342419
2024-09-10,73.86732956579363,74.84911878485428,73.1966087392326,73.8770523071289,12246055
2024-09-11,73.86732421478224,77.76531258464547,73.41045181674295,77.5125732421875,29581396
2024-09-12,77.473686902271,78.8345813066846,76.52106601057598,76.79324340820312,16385486
2024-09-13,76.6765854673697,77.0556907231233,74.74217564746323,75.93782043457031,15409869
2024-09-18,75.74340907777697,77.55145310274362,75.43234813887292,76.56966400146484,12133165
2024-09-19,77.0654206031924,77.9111210146912,75.34486639198606,76.19055938720703,16875731
2024-09-20,76.1613968704606,76.9390529152483,74.96575941572581,76.59883117675781,15745057
2024-09-23,76.37525357995183,76.83212595558521,73.19659984710422,74.63525390625,20255885
2024-09-24,74.84910588498975,75.14072874455911,71.93290695440574,74.12005615234375,32548650
2024-09-25,75.6073208563326,77.34732054362276,74.75190512303263,74.98519897460938,26814556
2024-09-26,74.81023009433186,75.49068103174169,71.97179795435669,75.45179748535156,37673383
2024-09-27,75.38374423815193,86.09591155930306,74.22698297244477,82.8200454711914,54739186
2024-09-30,86.39725581092668,97.16775290999533,84.25871277543813,96.79837036132812,65607828
2024-10-08,112.74026347294219,115.860595703125,99.61736717330407,115.860595703125,89911366
2024-10-09,108.84227354451768,108.84227354451768,96.33177658827428,96.34149932861328,83783614
2024-10-10,96.2345748979451,102.64048900053014,95.74854169138982,98.61613464355469,50144024
2024-10-11,96.2540123834012,98.96607854960092,92.34630868939144,94.09603118896484,34214277
2024-10-14,92.8323413149023,95.14585667990572,91.53949122139534,94.04742431640625,35360733
2024-10-15,92.48239166965797,92.48239166965797,87.28183819593603,89.8675308227539,60629009
2024-10-16,87.4956991973677,88.90519251821534,85.57100445215663,85.93067169189453,37327196
2024-10-17,86.44585920291179,87.19434701540266,83.7629540499875,84.14205932617188,34691558
2024-10-18,84.14206563997719,93.31837487599206,83.12140036453789,91.86027526855469,62541413
2024-10-21,94.27099537764562,96.0109875715207,90.09110721735983,91.55892944335938,62763597
2024-10-22,90.20776040500843,92.34630341225483,88.04004917753751,91.37423706054688,47207730
2024-10-23,91.27703780467799,101.56150224998038,90.41189928907646,95.65133666992188,69365331
2024-10-24,93.01702650299336,93.1239543891608,89.43009948730469,89.43009948730469,45034191
2024-10-25,89.24541172257612,97.08998709037316,88.8857519094096,92.64764404296875,72139090
2024-10-28,91.68529837412993,92.3365810525505,89.81893275106904,91.12149810791016,39042954
2024-10-29,92.34630647943823,93.85301234114024,87.97200775146484,87.97200775146484,46572989
2024-10-30,87.48597197369293,90.0522265582857,87.30127699298403,88.7593765258789,27582325
2024-10-31,89.0315516756292,90.88820192721766,87.79703069871039,88.08865356445312,38861416
2024-11-01,86.3194975926319,87.36932364765944,82.65480318342983,85.73625183105469,60899887
2024-11-04,85.54183599600482,87.80675229716927,84.58920774106905,86.65971374511719,25153352
2024-11-05,87.14575193505236,90.80072357880209,86.41670215436248,90.11054992675781,49804930
2024-11-06,90.12999608548054,95.93323357003896,89.83837320449932,91.49089050292969,63349275
2024-11-07,88.43860123272987,88.43860123272987,84.18094580367077,88.25390625,70454480
2024-11-08,88.29279026732046,89.38149985653956,84.56005154581503,84.90999603271484,70224148
2024-11-11,84.33647901906647,86.70831588171133,83.4616178164903,86.09591674804688,47707476
2024-11-12,86.18340636381603,88.23445954440975,84.37536235504523,85.19189453125,46453215
2024-11-13,84.18094812155927,87.48597533987689,84.1420645758993,87.16519165039062,44831407
2024-11-14,87.77759599295922,90.2077619128498,86.51390674810497,86.79580688476562,65646287
2024-11-15,85.54183500379467,86.88328383740343,83.34496307373047,83.34496307373047,44520302
2024-11-18,82.65480780833693,83.09224215399625,78.34855320323476,78.912353515625,53182729
2024-11-19,81.361958476531,84.7350302271422,80.19548170909194,82.70341491699219,52093628
2024-11-20,81.49803991984399,82.34374032142274,80.24408084396471,80.81759643554688,35458120
2024-11-21,81.36195101230497,81.65357388555017,79.70944117398945,79.91357421875,26253385
2024-11-22,79.70943257259182,81.25501435168647,77.99859389447622,78.05692291259766,33486718
2024-11-25,78.0666501714328,79.6900066949857,77.37648391773412,79.2234115600586,24950902
2024-11-26,78.25134159798719,80.11770722016917,77.84307550868695,77.85279083251953,21833098
2024-11-27,77.27927320349231,79.56362759480544,76.04475222805775,79.41781616210938,33233640
2024-11-28,78.92207064774134,79.68028122679935,78.06664749903769,78.07637023925781,19083836
2024-11-29,77.95971103256481,79.82608388686832,77.33758921988931,79.0095443725586,28135621
2024-12-02,77.60977956325381,79.78721368799006,76.79324732868639,79.54419708251953,30675871
2024-12-03,80.03021874718044,81.87714616554848,79.63166801189574,80.7884292602539,33339891
2024-12-04,79.98161844088331,80.47737435810731,77.62921964351091,77.67782592773438,34994479
2024-12-05,77.28899836542308,77.47368593076678,76.30720926519842,76.69603729248047,27785719
2024-12-06,75.83089707476124,78.93178364871939,75.83089707476124,78.43603515625,32642344
2024-12-09,78.13469143615401,78.15413691649177,75.91838131942788,76.56966400146484,30511471
2024-12-10,79.64139787905339,79.70944222820684,76.12251495472862,76.31693267822266,38047725
2024-12-11,76.25859664351653,77.04597537280708,75.01435299263413,76.6668701171875,23709618
2024-12-12,76.42385422942478,77.57089274587092,76.04474897042181,76.89044189453125,23819187
2024-12-13,76.49189636463403,76.50161168751356,74.24641826119976,74.33390808105469,33837237
2024-12-16,74.27558902657348,74.51860559988444,73.19659484777067,73.54653930664062,20943354
2024-12-17,73.34240366671118,75.04351979140486,72.95358305694624,73.12855529785156,25366628
2024-12-18,73.34240270165155,74.35335258954906,72.90497581328292,73.33268737792969,18483303
2024-12-19,72.90497242541879,73.46877265874858,72.2050835035304,73.16742706298828,20151528
2024-12-20,73.29380535189115,73.34240422033974,71.95234902273175,72.02039337158203,26302284
2024-12-23,71.60241338843538,74.60609495447646,71.58296790764429,72.89525604248047,47339097
2024-12-24,72.65223986958775,76.8612891157349,72.51615116836952,76.33637237548828,62169956
2024-12-25,76.30720681995383,76.61826774855605,74.84910732657892,75.72396850585938,30002247
2024-12-26,75.9183874116324,76.3072154705341,74.84911581186148,75.82118225097656,25048776
2024-12-27,75.62677010434615,75.71425252194142,73.28408648280791,73.56598663330078,35273552
2024-12-30,73.46878003223985,74.48944529886559,72.76889104010904,72.99246215820312,22609583
2024-12-31,72.9049701737493,75.06295847749662,71.46630883249207,71.76765441894531,30255304
2025-01-02,71.77737955905653,72.12732405705533,69.40554258140457,69.90129852294922,31041100
2025-01-03,69.92074022771891,70.36788990593304,67.83079587150624,67.87940216064453,27948019
2025-01-06,68.67649031171877,71.12609429339342,67.94744053646968,69.65827941894531,39273949
2025-01-07,69.11391721035707,69.98877842391154,68.28766228166369,69.65827941894531,21301938
2025-01-08,69.30832954022941,71.71904978967828,68.78341285294363,70.75670623779297,35431471
2025-01-09,69.98876980903087,73.13826237387971,69.94016353015272,70.5914535522461,27930259
2025-01-10,70.4748172081821,71.0094567190314,69.14308350969829,69.16252899169922,17061304
2025-01-13,68.5306758193855,71.13581386349692,68.43347067027307,69.6679916381836,19032489
2025-01-14,69.76520064191475,72.01067901674809,69.02643553482059,71.8162612915039,29411947
2025-01-15,71.06776873136747,72.09815664986091,69.99849727040366,71.203857421875,30408560
2025-01-16,72.11761000881566,72.21481516747349,71.16498165490118,72.1078872680664,24704239
2025-01-17,71.34967179786716,73.7603922003407,71.15525407748851,72.95358276367188,28832999
2025-01-20,74.75190599680602,76.8224047133421,74.44084505230842,75.20877838134766,56291786
2025-01-21,75.08241041173494,75.08241041173494,73.29381170616202,73.80900573730469,29542942
2025-01-22,73.5368222509125,73.77983884300653,71.39827179071823,71.59268951416016,31188314
2025-01-23,72.14676674535954,73.24519906716476,71.54408292963011,72.02039337158203,29210600
2025-01-24,71.57324431774339,73.38128836340121,71.34967320524513,72.06900024414062,27794776
2025-01-27,72.06899954648183,72.41894403040075,70.06654521227293,70.08598327636719,20866960
2025-02-05,69.94017419384119,70.46509093739553,68.44319847100753,68.82230377197266,27055849
2025-02-06,69.01671338914991,69.50274658203125,66.76151967083162,69.50274658203125,42559502
2025-02-07,69.21112237223551,72.9049775337921,68.83201708236203,72.32173919677734,52818384
2025-02-10,72.10788179680188,72.10788179680188,68.62788250044149,70.11514282226562,71524972
2025-02-11,69.60967203908815,69.77492153897181,68.73481083929572,68.83201599121094,28068888
2025-02-12,68.53067203944924,69.06531145449478,67.94743376066678,68.85145568847656,37104179
2025-02-13,68.5306816799017,68.94867053147989,68.01548767089844,68.01548767089844,28254440
2025-02-14,67.62665779844988,68.72509013861519,67.53917538401348,67.6947021484375,27073146
2025-02-17,67.69470333888826,67.7044260794226,66.17828213176674,66.33380889892578,44947056
2025-02-18,67.32531940596544,68.42375174306801,66.60598494664151,66.79067993164062,49129216
2025-02-19,66.129680567595,66.48934783026809,65.32286362002702,66.34353637695312,44421724
2025-02-20,65.97415175654375,66.01303530398157,64.82711306410233,65.24510192871094,39498637
2025-02-21,65.29369663998207,66.34353010506786,65.23537503068104,65.58531951904297,47845201
2025-02-24,65.33257855824878,66.82956162868464,64.61325153509415,66.1685562133789,43083930
2025-02-25,65.3520267200567,66.45045907185794,65.1478862516534,65.25481414794922,35211128
2025-02-26,65.23536736207106,68.2390485484285,65.22564462290453,68.2001724243164,72371253
2025-02-27,68.53067450941072,70.99000107470434,68.43346936215639,69.82352447509766,84553441
2025-02-28,69.69715084971966,71.62184538981525,68.73480728781053,68.91950225830078,57544211
2025-03-03,68.72509500818241,71.81626661402062,68.72509500818241,70.54286193847656,59788580
2025-03-04,69.50274571806315,69.70687876658245,68.09325244273946,68.6764907836914,36149709
2025-03-05,68.53067635926608,68.66676505235107,66.09078779105222,66.32408905029297,48502661
2025-03-06,66.34353316054846,67.32532232124049,65.61448334559738,66.78096008300781,40358184
2025-03-07,66.35324933235765,66.81983701461853,65.50754896087827,65.84777069091797,33799946
2025-03-10,66.11023652595232,66.95592952943848,65.52699818168787,66.36296844482422,29067503
2025-03-11,65.63391800775311,65.85749653590811,65.22565191245563,65.83805847167969,27828271
2025-03-12,66.00331349691426,66.21716930270887,65.4006296275184,65.64364624023438,26077958
2025-03-13,65.64364083136141,67.07257958299489,65.43950778345346,65.71168518066406,30200754
2025-03-14,65.77001059994102,67.18922653349624,65.05067618529228,66.82955932617188,44762574
2025-03-17,66.92676321636291,67.92799031793004,66.79067452777771,66.85871887207031,29643851
2025-03-18,67.06285436933943,68.33626631114895,66.92676567575332,68.13212585449219,38422954
2025-03-19,67.56833108240087,68.72508494476966,66.64486364089872,67.6363754272461,38137834
2025-03-20,67.55860875981783,68.09324819852878,66.65458679199219,66.65458679199219,23870054
2025-03-21,66.35325254518435,67.15034667256302,65.64364083136141,65.71168518066406,25284680
2025-03-24,65.90609819560508,65.93525899804014,64.64240903738586,64.97290802001953,25155256
2025-03-25,65.52699617646674,70.47481033537123,65.38118474079319,69.98877716064453,95210671
2025-03-26,69.02644174504,71.4468851659404,68.9097910993986,69.91101837158203,64017192
2025-03-27,69.92073088127734,70.47480838850831,68.60844282902268,69.79436492919922,30829822
2025-03-28,69.96934506773746,72.03984389890178,69.81381087873893,70.27068328857422,42005574
2025-03-31,70.2998396542464,71.54408342252509,67.30587345165216,67.47113037109375,45283622
2025-04-01,67.49056907130263,71.25246863238985,67.49056907130263,70.35816192626953,46416850
2025-04-02,70.47480899668463,70.91223587911855,69.79436553150352,70.44564819335938,25461837
2025-04-03,68.47235327360225,68.49179133664701,65.15760359552758,65.3228530883789,81835826
2025-04-07,58.323980933088635,60.26811363085826,52.258285284466325,54.14409637451172,96744935
2025-04-08,54.13437445089696,55.89381590384361,53.696947553812784,54.15381622314453,53365311
2025-04-09,52.491584333576256,55.37862265852741,51.50007618452092,54.59124755859375,46152052
2025-04-10,58.080961494102525,58.217050182962254,55.99101746336053,56.088226318359375,45202905
2025-04-11,55.388338201787406,56.75895155805886,54.85370246999078,56.09794616699219,33518253
2025-04-14,56.86588150829613,57.01169294413704,56.08822916946857,56.292362213134766,26378830
2025-04-15,56.30208113665543,56.34096468055665,55.21336786439305,55.68968200683594,21842299
2025-04-16,55.33001569349541,55.398063750505656,53.949683235660856,54.66901397705078,22227089
2025-04-17,54.17326321079464,54.717621761716735,54.056616274218214,54.2121467590332,17660792
2025-04-18,54.23158768904616,54.87315139243955,54.046892691857366,54.50376510620117,17682603
2025-04-21,54.72733241616716,55.35917699982347,54.241299262012674,55.10643768310547,18105120
2025-04-22,54.78566090252467,55.816048875798664,54.630130432513184,54.66901397705078,19902426
2025-04-23,55.52442526848103,57.351910926099976,55.52442526848103,56.59370040893555,45406028
2025-04-24,56.535378280058104,56.583980855511136,55.15504585487009,55.2133674621582,23971676
2025-04-25,55.504989356152905,58.129569349381455,55.504989356152905,57.176944732666016,40302137
2025-04-28,60.754147538843796,61.784539216032584,60.46252837228513,60.85135269165039,63889281
2025-04-29,61.58040474404795,61.72621618679994,59.48074147562567,59.587669372558594,32158569
2025-04-30,59.587666115186245,60.00565493954421,58.819732813864526,58.90721893310547,23186830
2025-05-06,59.27660517978507,60.85135161792657,59.15995825684762,60.45280456542969,30417289
2025-05-07,61.77481523454592,62.83436769465793,59.898726899594024,60.365318298339844,40233547
2025-05-08,59.87928477049051,62.50386832553489,59.69459350171574,62.16364288330078,41818202
2025-05-09,61.80398177825072,61.823419842549406,60.26811512892938,60.773590087890625,26577893
2025-05-12,63.90363679574628,65.75056425797007,63.28151495402756,65.27425384521484,75218749
2025-05-13,66.52822694566471,67.80163155945043,65.75057085732466,65.9061050415039,64120086
2025-05-14,64.92431525888512,65.41034845523885,63.74811581366244,64.22442626953125,49138614
2025-05-15,63.864756019855186,63.87447875988117,62.13447910911209,62.60107421875,36389312
2025-05-16,62.35806352585412,65.90610751036442,62.21225207679346,63.48565673828125,44101466
2025-05-19,63.18431676963489,63.3301282146666,62.42610615500378,62.64967727661133,18947018
2025-05-20,62.69828027622339,62.78576268888851,61.14297558208426,61.881744384765625,30130842
2025-05-21,61.97895305233584,62.960738500910786,61.59984774339958,62.435829162597656,23449263
2025-05-22,61.82342278462728,62.11504567693047,60.75415120664596,60.76387023925781,26743266
2025-05-23,59.17940003082107,59.869566244755816,58.887780869397545,58.90721893310547,52225373
2025-05-26,58.51839597220361,59.830684082989194,58.51839597220361,59.17940139770508,20402633
2025-05-27,59.19884224616726,59.29604739799039,58.673925526789105,58.86833953857422,13933633
2025-05-28,59.15996117560681,59.373816968325436,58.44063041436897,58.596160888671875,13717005
2025-05-29,59.21827978899383,59.53906346183771,58.89749982428877,59.334930419921875,19767226
2025-05-30,59.00443259366179,59.05303517316414,58.45035502942891,58.70309066772461,17166576
2025-06-03,58.304542489345444,58.79057569153219,58.197614591562115,58.51839828491211,12181757
2025-06-04,58.77113174037954,59.587667638117594,58.76141270827718,59.26688766479492,17609011
2025-06-05,59.422419529597875,59.78208305604638,58.83917747002133,59.62655258178711,20313664
2025-06-06,59.84040750231681,59.87928733921073,59.02387159732125,59.10163497924805,17997297
2025-06-09,59.286328417350205,61.42487142441991,59.10163343733209,61.23046112060547,40723027
2025-06-10,61.24018487039366,63.67035093667912,61.045770843462996,62.358062744140625,59720312
2025-06-11,62.26085344131878,63.145429974113895,61.92062798979715,62.396942138671875,26246629
2025-06-12,62.16364528752549,62.620513961246246,61.26934229624046,62.40665817260742,21908193
2025-06-13,62.18914922971501,62.8812352967824,61.64536193189606,61.70468521118164,20873868
2025-06-16,61.49705773799357,63.593097852454186,61.36852585545625,62.53519058227539,21878518
2025-06-17,62.63406119264275,62.74281865319426,61.71457109908968,62.07050323486328,16390371
2025-06-18,64.27530432979336,64.8586329396266,63.29648718981016,64.50270080566406,48159047
2025-06-19,64.09733668766383,64.46315036851118,61.98151836239085,62.26824188232422,33222283
2025-06-20,62.05072876853705,63.77106616647956,61.85299204575493,61.91231155395508,25267440
2025-06-23,61.49706072929117,63.6326497994236,61.388303267360726,63.2272834777832,26536994
2025-06-24,63.474454723220916,65.19479592484183,63.474454723220916,64.4928207397461,29244677
2025-06-25,64.57190861732921,65.17501541782782,63.523890426443494,65.0365982055664,29758197
2025-06-26,64.769653432591,64.8388620393122,63.29648695025441,63.395362854003906,27423990
2025-06-27,63.672193374321594,65.90665439349752,63.523887070968996,64.6905517578125,43047943
2025-06-30,65.34309801031485,67.51823982761344,65.06626356195409,67.00411224365234,51645738
2025-07-01,66.73716525741125,68.46738806038117,65.94620324449875,67.9137191772461,38897412
2025-07-02,67.92360444819113,68.66512854715904,67.33038667765145,67.67642974853516,34707863
2025-07-03,67.67642433950812,69.20891037216073,66.8558101350494,68.98150634765625,40896103
2025-07-04,69.86145314038642,69.86145314038642,66.86568976980826,66.93489837646484,45585681
2025-07-07,66.63829803466797,67.79507377527767,66.27247677736558,66.63829803466797,22895940
2025-07-08,66.73716445063963,73.75692394347976,66.59874723152915,72.9363021850586,103312342
2025-07-09,72.9461902502298,73.53940797274576,71.82896341377186,72.52104949951172,47907407
2025-07-10,72.99562798658059,77.20747908415261,72.99562798658059,75.58601379394531,91180541
2025-07-11,75.24985556782923,75.8925112050518,74.52810222749602,75.2992935180664,45363574
2025-07-14,75.05212104659874,76.28799440692472,73.1735920302688,74.75550842285156,54100668
2025-07-15,73.75691768201831,76.03092759122416,73.26256835768419,74.30070495605469,45856024
2025-07-16,73.65805676224315,74.17217679246008,72.42218332663504,73.6679458618164,37427170
2025-07-17,74.20184154694773,75.67500051959254,72.50127855095222,73.2625732421875,48477950
2025-07-18,73.16370055398103,73.5097435749938,71.3840399556694,71.44336700439453,46818172
2025-07-21,71.67076216971893,72.19477124104782,71.31483005651968,71.92782592773438,26928646
2025-07-22,71.97727271076674,73.42077199449405,71.38404742051277,73.292236328125,47614358
2025-07-23,73.62839863125917,73.83602446784172,71.99704415162712,72.28376770019531,34809723
2025-07-24,72.04648038637728,75.67500297634467,71.8586252106921,75.51680755615234,56516521
2025-07-25,75.43771151680517,75.78375454257227,74.84448628043617,74.923583984375,28378888
2025-07-28,74.19195341949818,74.6368648296204,72.99562886436007,73.36144256591797,36609000
2025-07-29,73.371328667284,75.18064907510677,72.76822186467642,74.5973129272461,33652802
2025-07-30,74.64675160023975,75.5860123448281,73.16370355520188,73.74703216552734,35846700
2025-07-31,73.16369946797688,74.77527553801337,70.74139081367078,71.1863021850586,46401486
2025-08-01,71.21597118420932,74.52811055451741,71.06766486009967,74.44902038574219,56492594
2025-08-04,73.43065013793263,73.61850530732637,71.77952509663025,72.9461898803711,34095676
2025-08-05,72.73856031356185,75.33883508093695,71.86850820592245,74.55776977539062,38669719
2025-08-06,74.15240801643981,76.34732050063411,74.11285916031694,76.03093719482422,40634178
2025-08-07,75.93206201764994,76.02104127856829,73.62839227146974,73.96454620361328,39319616
2025-08-08,73.67782221376454,84.92921800439552,73.65805155918741,80.67781066894531,119105900
2025-08-11,80.73714033375529,83.78232662979721,80.38120819446152,83.56481170654297,85235538
2025-08-12,83.64390937276148,87.2823209279581,81.86425622033744,87.10435485839844,77984295
2025-08-13,87.00548342922565,88.864234223308,85.74983943054967,88.02384185791016,69593972
2025-08-14,87.1834510765594,88.37977559026673,85.5323260691166,86.95604705810547,51008123
2025-08-15,86.61000073454355,94.91507095142792,86.42215311930923,93.21450805664062,90561393
2025-08-18,94.42072480529966,95.28089538032454,92.84869751041583,94.30207824707031,61016319
2025-08-19,93.92637250805014,98.79076809494784,93.50123178339207,95.3797607421875,73013099
2025-08-20,94.37129353140666,95.6071669801845,91.55350357682778,94.20321655273438,59764577
2025-08-21,93.39247793374571,93.59022219888043,91.00971799845863,91.44474029541016,49812502
2025-08-22,90.9503873745033,97.70320101433977,90.76253975897012,96.7540512084961,67681455
2025-08-25,98.57326282541794,102.33032111051267,98.35575543565115,101.44049072265625,74192770
2025-08-26,100.76817260635481,100.76817260635481,94.51959694346587,95.91366577148438,114860899
2025-08-27,94.47016320086215,98.23710281006623,93.47157540813097,94.0351333618164,84130297
2025-08-28,93.53090008412804,99.52241962841305,93.43203171792881,98.43484497070312,82261923
2025-08-29,98.4249649638793,102.19190484053695,96.6156444155741,98.74134826660156,76317937
2025-09-01,98.45462117201183,100.24416345637479,96.90236447034657,98.07891082763672,59116135
2025-09-02,98.56337545215547,104.17918434910528,97.74275372383018,98.5238265991211,84246039
2025-09-03,100.15517818690338,117.65514161092305,98.86986689993535,113.60147857666016,142919365
2025-09-04,117.16079550775989,122.67773604329679,111.7822721862467,114.68904876708984,165181761
2025-09-05,114.87689762221241,136.10425867182835,114.87689762221241,133.8104705810547,169941087
2025-09-08,138.51669605130402,145.2101754918729,132.24833473053326,135.43194580078125,188697224
2025-09-09,130.7059586952494,133.81047185713078,126.96867899993818,128.4121856689453,130701326
2025-09-10,125.87123469218119,129.87546762288434,123.68621137299422,126.85005187988281,119738925
2025-09-11,125.10004205854894,135.78787231445312,122.10428628217717,135.78787231445312,134665136
2025-09-12,134.4333599578836,139.40651308294198,131.00257435099158,132.40652465820312,112950176
2025-09-15,136.44041351798995,147.63248946250502,135.02658169182118,135.1254425048828,150970821
2025-09-16,136.25257257838726,141.46301922480416,134.13675785288592,138.7243194580078,108524250
2025-09-17,139.20878179362435,142.60990777981644,135.6494603926454,139.39663696289062,93269716
2025-09-18,138.41781079037742,146.43615743318804,134.32459898903002,140.93899536132812,135771680
2025-09-19,139.47573410088538,140.69182928861144,135.33308409693015,135.6494598388672,85317862
2025-09-22,134.4630277072176,137.4291239066415,133.03929911767884,135.6791229248047,66925859
2025-09-23,135.64946952121446,146.8712067023403,135.64946952121446,141.91781616210938,118658558
2025-09-24,141.78928409755696,154.23699710191852,141.40369220825596,152.45733642578125,119440650
2025-09-25,152.23982474831607,161.40506611091985,150.14378828862556,158.03359985351562,102198838
2025-09-26,158.03359836030398,165.58725590959693,155.22569764152405,155.7200469970703,89979702
2025-09-29,161.1579021107067,167.88105687247167,159.2793804519302,163.1352996826172,99539366
2025-09-30,163.13527287073333,165.79487458165303,155.43331723197906,160.14939880371094,92850453
2025-10-09,160.05054426505538,163.03640336274057,155.8782347036511,157.09432983398438,91854085
2025-10-10,153.97004219474138,156.41212915683246,143.36130951482113,144.8641357421875,112500243
2025-10-13,137.44888944225426,142.7483147671071,134.56189121782353,139.6240234375,107810356
2025-10-14,143.20310564886947,149.29349281764976,137.52798517980295,138.21017456054688,103614230
2025-10-15,138.2497437624585,150.36130307672005,134.5915615174608,149.68898010253906,108169455
2025-10-16,148.0872851082615,162.89798691293564,147.31610135505537,161.1578826904297,128279472
2025-10-17,158.3697611173058,159.11128519190353,143.3415428893944,143.56895446777344,121139474
2025-10-20,148.2862372359202,152.4561680818628,145.9574503091307,147.9180145263672,81853286
2025-10-21,149.08240783198804,156.2479142375923,143.31018885486174,152.05807495117188,81369318
2025-10-22,150.27665066122097,151.60028126085138,146.74365351913303,148.60470581054688,50759942
2025-10-23,147.42041220010017,153.55089218140938,146.1764001216836,152.7845916748047,56689703
2025-10-24,155.25270774147728,164.85647493454093,153.26228841145834,164.2095947265625,91066231
2025-10-27,168.36955117113249,171.8030364056778,161.88079557710415,166.15023803710938,94395266
2025-10-28,163.2342824656672,168.68802680903298,161.30357341643108,165.0853729248047,65009449
2025-10-29,169.1756863475612,194.03601804709461,168.10085815107263,190.57269287109375,145290726
2025-10-30,193.9663533421701,202.90334686981387,191.38876401142318,193.74740600585938,127175347
2025-10-31,194.65304998477012,202.40574159000388,186.59186100631675,188.8907928466797,98538998
2025-11-03,192.14512979930058,198.9225049232967,187.09940970586575,198.51446533203125,100944714
2025-11-04,199.0419218493075,199.15139551375236,184.83032984412242,186.2932891845703,103821903
2025-11-05,180.44145984249536,201.7090852779111,180.44145984249536,199.53953552246094,121005563
2025-11-06,200.99253786824906,208.874596092497,197.04155453410968,204.41604614257812,106613569
2025-11-07,201.04229617344717,208.4964219278364,198.92250994264856,200.03713989257812,75430073
2025-11-10,202.22658878490546,204.01796911180634,188.48274656371862,193.07066345214844,90208805
2025-11-11,199.0419219812581,203.04266886507557,190.1845625273695,192.07545471191406,80019064
2025-11-12,187.96523612339266,191.9261813458177,181.33715159343632,186.73118591308594,87989283
2025-11-13,189.3187241095949,193.98625971501875,185.21846528374255,189.59738159179688,85241617
2025-11-14,184.11378479003906,193.17019865669158,183.2280488111796,184.11378479003906,65185322
2025-11-17,181.66556434314904,186.0942594711095,179.83438221645602,182.90957641601562,57255140
2025-11-18,182.81006057561737,183.59626950682113,171.92246472157072,174.1815948486328,83476970
2025-11-19,173.1963263006575,178.90883489880082,172.6688664249928,175.6544952392578,48886934
2025-11-20,180.1329383277706,183.83511926958357,175.91324413987263,176.5103759765625,59955393
2025-11-21,169.20554044315355,173.41527279913848,166.7075546283222,167.0857391357422,69045259
2025-11-24,169.16573046618063,170.95711085649458,163.59256558994093,166.6179962158203,58792409
2025-11-25,171.47461773992057,179.0879651332943,168.38946189443817,174.8682861328125,77232947
2025-11-26,174.35077422867982,187.0197883281947,172.32053811769393,181.65560913085938,84009576
2025-11-27,186.10420818072856,191.95604589631486,179.2969776864921,180.0632781982422,74717874
2025-11-28,179.1675874659091,186.59185794563967,179.1675874659091,182.02383422851562,51208439
2025-12-01,182.1233680250694,183.0290124614547,173.4849554537786,178.69984436035156,59931487
2025-12-02,177.28664864184748,179.635344052398,174.16169090952715,177.84396362304688,33305220
2025-12-03,180.7798309264024,182.7005934907935,174.95786345398216,176.281494140625,46024920
2025-12-04,175.29622888441202,177.84396318400212,173.44513830960136,176.69947814941406,34695556
2025-12-05,179.13773924439818,183.77541991606978,174.6592957632882,181.12815856933594,57158681
2025-12-08,181.2376289495936,187.29845203943916,176.45067298972793,183.39723205566406,70534612
2025-12-09,182.99915394730746,190.68217360331198,180.23247235563525,185.10899353027344,63969388
2025-12-10,185.30802806066643,185.80563287027385,174.47019591484445,177.23687744140625,74614525
2025-12-11,177.14730714596126,182.8199987758562,173.1366137102649,173.2162322998047,65235217
2025-12-12,176.15211246333004,177.7245455720092,169.38468363663947,174.14178466796875,81546925
2025-12-15,170.75806820554763,173.16647366061315,167.39425483478732,169.38467407226562,56358803
2025-12-16,168.68803258496374,168.68803258496374,159.5022519357237,163.1845245361328,71600891
2025-12-17,161.7315132039665,169.8325190698662,161.7315132039665,168.6880340576172,57104002
2025-12-18,165.6924557100104,165.6924557100104,160.45764337071458,160.53726196289062,55622208
2025-12-19,162.23908018049,164.74699754601625,160.338226118653,163.26414489746094,44176914
2025-12-22,165.20479961592582,169.15578308665619,163.32385401085898,166.75732421875,56813715
2025-12-23,166.697614028312,169.77280815895432,164.78681334949462,167.18527221679688,50576046
2025-12-24,165.31426688028006,165.7521615329761,162.79638781297118,165.0853729248047,50560059
2025-12-25,163.9607945113443,168.09090860229912,163.01534835403237,167.0758056640625,47994413
2025-12-26,169.0662105266277,184.2929051517266,168.04114586064247,180.21255493164062,114818561
2025-12-29,181.128150034222,182.05368768757162,174.2114462431308,174.87823486328125,69891303
2025-12-30,174.26122035071623,179.64529315702148,172.8480092473134,178.2122039794922,56484809
2025-12-31,179.09792502202262,179.33676560547764,170.2106954607642,170.22064208984375,51895922
2026-01-05,172.78828494763079,174.3308628563334,169.19557770385092,171.00686645507812,62930532
2026-01-06,171.185997528171,174.49010068349455,170.3898419981255,171.29547119140625,59686525
2026-01-07,169.18564199553566,174.161690289522,168.28995937689584,172.6290740966797,57234097
2026-01-08,171.17606143646483,172.14141602104928,167.2549329482673,170.13108825683594,60152183
2026-01-09,168.56860959415053,170.68839574966523,164.7071914251835,168.2401885986328,60028288
2026-01-12,164.48824285183736,166.08058429946124,159.53210325429055,162.66700744628906,97258237
2026-01-13,162.39830573226772,165.19485764494993,156.39719267136002,159.71124267578125,88296165
2026-01-14,159.0742994767572,167.1852668616892,157.99947128203263,164.87637329101562,81177458
2026-01-15,161.91065404158073,166.000966150175,161.90069222662697,164.66738891601562,41281065
2026-01-16,167.0459408372674,171.67365949726403,167.0459408372674,170.1708984375,72018050
2026-01-19,169.18564383644926,175.71421683948583,167.6430658113898,171.85279846191406,65030187
2026-01-20,171.35518088747227,171.53432651124726,161.72155929084866,162.22911071777344,65660037
2026-01-21,162.3286382803871,165.08537312127277,160.91544247226383,161.30357360839844,49578265
2026-01-22,162.09974892126243,165.2844166908396,157.74072589514802,159.61172485351562,57866722
2026-01-23,160.21880456528595,164.20958973378447,159.76100145159555,162.25897216796875,66065482
2026-01-26,162.71677557997398,163.19447195353558,157.23317594929685,158.90512084960938,54889126
2026-01-27,159.2335475357717,159.91028282366537,154.33711777133004,157.43222045898438,52122651
2026-01-28,156.76542017426672,157.25306315858393,148.46536058342068,152.16754150390625,96896506
2026-01-29,152.2670796108654,152.84430304213112,144.5144029581354,145.5792694091797,88480742
2026-01-30,144.8527675507735,152.66515418949123,143.14100573843635,150.2766571044922,79821817
2026-02-02,152.42631546211985,154.55606353117133,148.28623962402344,148.28623962402344,60934636
2026-02-03,150.2766477007567,151.29176573192146,145.29065313462087,149.16201782226562,48940278
2026-02-04,149.28144303026494,153.39166362112022,147.94786578376105,151.5405731201172,57693010
2026-02-05,150.77426664796593,151.27187148838826,144.10636482344563,145.3006134033203,55259081
2026-02-06,143.3101802416739,146.09677011684505,140.4240785194174,143.8077850341797,41761937
2026-02-09,145.72854465365265,154.47644615482164,144.30540211503083,152.57559204101562,77312327
2026-02-10,152.58554467394984,158.55680233315218,152.31683382729156,154.74514770507812,63815571
2026-02-11,153.96888736027825,154.74514965087997,148.86345713804144,151.4709014892578,47922307
2026-02-12,151.3713844560776,156.745510158669,150.93348980751074,155.80006408691406,48356115
2026-02-13,153.75988061808528,155.25269499301814,148.44546508789062,148.44546508789062,51614659
2026-02-24,151.0330042591213,153.09309543157494,148.88336305243536,149.88851928710938,30488114
2026-02-25,148.88337288584847,155.74036691299102,148.64451709791038,153.36181640625,43837319
2026-02-26,152.26706705842594,152.33673901876185,144.88261373316976,144.9522705078125,81350398
2026-02-27,144.3053898266855,146.16642689123543,143.1907599508943,143.8077850341797,42763556
2026-03-02,141.40932703518007,149.45062234674717,141.39938040612705,148.66441345214844,76617487
2026-03-03,152.27702135988287,156.0488743947735,149.52030159421614,149.76910400390625,76946465
2026-03-04,147.15170060431876,150.27665832226793,145.599175967919,147.9976348876953,44107946
2026-03-05,150.7742555996084,151.15244011003924,145.64893219310704,147.7488250732422,40150589
2026-03-06,147.79858373182213,151.1524506711139,145.6787974451177,149.08241271972656,36455981
2026-03-09,147.77868511249727,156.09863832170032,146.86309406472873,155.0536651611328,82230094
2026-03-10,157.23317953531605,157.92982325966798,152.4661167634119,155.35223388671875,59341753
2026-03-11,155.67068728452855,174.81852588278767,155.6408322107176,170.10122680664062,144572766
2026-03-12,170.71825790833205,172.93758637750923,167.59330019226257,172.2707977294922,102568722
2026-03-13,176.34120035384063,178.52071191755385,174.16168879012739,174.54981994628906,102014338
2026-03-16,178.14252238190932,178.34156126921965,169.38467466901193,172.1712646484375,72537380
2026-03-17,173.81335598018904,176.2814867987731,165.30432578367862,165.6824951171875,73092801
2026-03-18,166.5284375586814,167.18527959197706,160.56712610927576,165.79197692871094,64282465
2026-03-19,162.85609983772963,169.56381807040893,162.85609983772963,164.30911254882812,58342666
2026-03-20,165.7322625529929,179.28701318818491,162.8660538885422,172.76840209960938,118355606
2026-03-23,174.16168097287596,178.6003224953755,166.20995075760757,167.7326202392578,102058382
2026-03-24,169.08610872356115,170.55902989799517,156.13843700665643,163.89111328125,89546048
2026-03-25,163.90108207761187,167.68288183988295,159.33307336208463,166.27963256835938,69325751
2026-03-26,164.29915903214118,171.17606142342808,161.74147810394516,165.20480346679688,57983246
2026-03-27,165.19485779148226,166.69761891906685,160.4477034365389,162.5675048828125,57837513
2026-03-30,163.8015532122434,163.8115150276219,153.85941849339684,156.34744262695312,69815890
2026-03-31,154.79489676313156,156.90475147221827,149.968139244051,150.0377960205078,61477946
2026-04-01,140.22503813308506,142.31498453976505,130.37246835460994,133.80593872070312,166730261
2026-04-02,130.81035745526665,131.86527724350367,125.94378292517946,126.64042663574219,114140536
2026-04-03,126.59065857650796,127.18779041311386,122.24159746697046,122.729248046875,70777062
2026-04-07,122.90838605734999,123.69460255541715,121.15681502883521,121.69422912597656,52224124
2026-04-08,123.96330839954155,126.690188237555,123.25671047727944,126.38166809082031,79422468
2026-04-09,124.73957110112754,124.75947954567737,122.21174532827669,123.20695495605469,59568240
2026-04-10,125.00828855230714,132.36288748243734,125.00828855230714,130.16346740722656,104979485
2026-04-13,128.41190517547818,135.6570305088798,128.40195854542134,133.59695434570312,85077701
2026-04-14,134.36325125816066,141.43919257601598,130.87007080467296,138.7919464111328,106453835
2026-04-15,138.23460603121111,138.67250068069464,132.41263903883217,133.2486114501953,90308043
2026-04-16,134.35329682163626,135.22908613441402,132.28325901869374,133.25856018066406,65055891
2026-04-17,132.4424956980777,135.12955858718374,131.42737765172444,132.11407470703125,65205391
2026-04-20,132.0941686691396,135.6271658588439,130.73073634855743,134.55233764648438,65911870
2026-04-21,135.3385672371697,136.11482955772743,132.7112143401218,135.57740783691406,51737499
2026-04-22,134.91061135230427,136.443242644905,134.30353288704953,136.254150390625,57853849
2026-04-23,136.84132657529696,137.92610144685455,131.92498848535342,133.85569763183594,64880539
2026-04-24,133.31829263341132,134.71158008206874,132.27331945407113,133.1490936279297,42250826
2026-04-27,131.06910214793467,131.8851813144537,128.58107813151338,130.76058959960938,63157361
2026-04-28,125.06799069246367,131.86527419594145,124.21210981478302,129.2677764892578,123803442
2026-04-29,128.38204128923996,138.21471721794637,126.39162204444554,137.40859985351562,115747019
2026-04-30,137.80667450687832,139.5383446774769,135.74658334604416,136.7517547607422,63872533
2026-05-06,137.02045793400907,141.69795545842706,135.14947410993605,139.8568115234375,72947656
2026-05-07,139.93642461340787,141.19038326182405,137.65740127609808,138.8317413330078,53772845
2026-05-08,137.3986352774447,142.30502651383054,137.33892513101173,139.18006896972656,61544670
2026-05-11,139.4885877413779,146.09677918876483,139.38906070241933,143.34999084472656,74684456
2026-05-12,144.0,144.44000244140625,139.60000610351562,139.85000610351562,54310492
2026-05-13,139.5,142.97999572753906,139.39999389648438,142.64999389648438,55546065
2026-05-14,142.64999389648438,143.8000030517578,134.2100067138672,135.02999877929688,82048944
2026-05-15,136.0,155.99000549316406,131.02000427246094,152.9499969482422,173461537
2026-05-18,152.89999389648438,155.3300018310547,148.00999450683594,152.25,95247599
2026-05-19,154.0,161.32000732421875,153.72000122070312,157.3800048828125,101038721
2026-05-20,158.33999633789062,170.88999938964844,156.10000610351562,167.1999969482422,117718579
2026-05-21,167.3000030517578,173.0,164.5,165.3800048828125,113316185
2026-05-22,168.0,171.94000244140625,162.5,164.50999450683594,89052957
2026-05-25,165.44000244140625,171.02999877929688,159.0,167.24000549316406,90412971
2026-05-26,166.8000030517578,181.77000427246094,163.6999969482422,178.99000549316406,113437350
2026-05-27,182.60000610351562,191.7100067138672,180.82000732421875,184.08999633789062,113353605
2026-05-28,182.88999938964844,190.97999572753906,179.02000427246094,190.08999633789062,83424793
2026-05-29,190.13999938964844,190.6300048828125,176.0,177.99000549316406,88135127
2026-06-01,183.82000732421875,186.97999572753906,172.67999267578125,174.0,71915685
2026-06-02,179.99000549316406,181.00999450683594,167.5,172.6999969482422,63562622
2026-06-03,171.0,175.6699981689453,166.6999969482422,170.8000030517578,64297219
2026-06-04,168.7899932861328,169.0,163.0,164.35000610351562,67802628
2026-06-05,165.99000549316406,166.25,152.85000610351562,153.75,84004365
2026-06-08,150.11000061035156,153.75,146.0,146.8000030517578,59025484
2026-06-09,149.44000244140625,153.3000030517578,144.57000732421875,152.5,60309743
2026-06-10,150.27000427246094,150.44000244140625,141.2100067138672,143.5500030517578,64876779
2026-06-11,144.3300018310547,152.0500030517578,142.3699951171875,146.75,54900765
2026-06-12,149.67999267578125,157.0,146.27999877929688,148.75999450683594,86318510
2026-06-15,151.0,151.50999450683594,146.44000244140625,149.10000610351562,56545841
2026-06-16,150.41000366210938,156.8300018310547,147.8800048828125,152.49000549316406,70120677
2026-06-17,150.0,152.32000732421875,146.8000030517578,149.14999389648438,60496780
2026-06-18,148.16000366210938,151.67999267578125,145.25,146.97999572753906,61195652
2026-06-22,149.5,167.14999389648438,149.05999755859375,163.4600067138672,113921549
2026-06-23,161.0,162.0,150.39999389648438,152.0,82372938
2026-06-24,152.25,157.97999572753906,149.22000122070312,154.8000030517578,59710747
2026-06-25,154.9600067138672,155.60000610351562,149.6300048828125,152.66000366210938,57797271
2026-06-26,154.00999450683594,159.97999572753906,150.39999389648438,151.0500030517578,75779008
2026-06-29,149.02000427246094,159.41000366210938,145.0,155.63999938964844,84915861
2026-06-30,154.99000549316406,160.25999450683594,152.33999633789062,159.02000427246094,74179204
2026-07-01,151.07000732421875,151.08999633789062,127.30000305175781,136.9199981689453,165206977
2026-07-02,135.1999969482422,135.24000549316406,127.18000030517578,127.83999633789062,88614749
2026-07-03,127.80000305175781,131.4600067138672,126.0999984741211,126.16000366210938,57446827
2026-07-06,126.0,131.89999389648438,126.0,128.17999267578125,52230639
2026-07-07,127.44999694824219,131.67999267578125,126.3499984741211,127.52999877929688,44220277
2026-07-08,127.0,130.1300048828125,124.01000213623047,124.48999786376953,41308631
2026-07-09,124.0,124.5999984741211,118.05999755859375,124.01000213623047,67351614
2026-07-10,123.16999816894531,123.80000305175781,114.0,114.79000091552734,93937977
2026-07-13,112.54000091552734,114.05000305175781,106.80000305175781,108.0,74568297
2026-07-14,108.0,109.26000213623047,100.7300033569336,108.29000091552734,96031076
2026-07-15,110.08999633789062,111.1500015258789,107.6500015258789,108.94999694824219,54347978
2026-07-16,108.16999816894531,112.0,104.52999877929688,105.83999633789062,62478680
2026-07-17,106.06999969482422,106.23999786376953,100.19999694824219,101.61000061035156,62204958
2026-07-20,102.0,105.48999786376953,99.7699966430664,101.7699966430664,65928400
2026-07-21,102.87999725341797,104.87999725341797,101.16000366210938,104.08000183105469,67068249
2026-07-22,106.36000061035156,113.7699966430664,105.5999984741211,109.94999694824219,84718243
2026-07-23,109.77999877929688,118.2699966430664,108.5,117.79000091552734,93006765
2026-07-24,116.12999725341797,120.44999694824219,113.12999725341797,113.41999816894531,55099616
2026-07-27,114.43000030517578,116.69000244140625,112.01000213623047,116.20999908447266,40718836
2026-07-28,115.72000122070312,115.7699966430664,110.23999786376953,112.08000183105469,49757099
2026-07-29,109.30000305175781,110.0,100.70999908447266,106.55000305175781,90520117
2026-07-30,104.73999786376953,106.69999694824219,102.11000061035156,103.70999908447266,52640078
2026-07-31,107.0,107.69999694824219,103.0199966430664,103.37000274658203,47164010
2026-08-03,102.80000305175781,106.77999877929688,101.41000366210938,103.73999786376953,36075695
2026-08-04,105.0,107.27999877929688,104.76000213623047,106.33999633789062,41950826
2026-08-05,105.20999908447266,108.72000122070312,104.19999694824219,108.25,49845036
2026-08-06,107.0,109.0,104.76000213623047,106.69999694824219,49259302
2026-08-07,106.01000213623047,115.37999725341797,104.16000366210938,114.16000366210938,102159697
2026-08-10,113.0,116.7699966430664,112.18000030517578,113.70999908447266,64050898
2026-08-11,113.81999969482422,122.20999908447266,113.08000183105469,120.06999969482422,84824982
2026-08-12,120.9000015258789,122.05999755859375,116.04000091552734,117.52999877929688,54452403
2026-08-13,116.5999984741211,122.08000183105469,116.19999694824219,118.12999725341797,69669856
2026-08-14,118.47000122070312,120.7699966430664,116.33000183105469,116.72000122070312,42758447
2026-08-17,117.11000061035156,118.9800033569336,115.30000305175781,118.80000305175781,40786820
2026-08-18,118.0,121.38999938964844,116.54000091552734,118.04000091552734,44137690
2026-08-19,116.1500015258789,116.63999938964844,111.2300033569336,111.48999786376953,52541944
2026-08-20,112.95999908447266,113.19999694824219,109.75,110.88999938964844,25014180
2026-08-21,109.93000030517578,114.58999633789062,109.70999908447266,113.08000183105469,30231867
2026-08-24,116.0,117.2300033569336,109.81999969482422,111.5,41631405
2026-08-25,111.0,111.0,108.37999725341797,109.58999633789062,23807031
2026-08-26,109.0,113.9000015258789,108.7699966430664,112.62000274658203,29784508
2026-08-27,111.0,111.08000183105469,96.6500015258789,98.83999633789062,141669210
2026-08-28,97.0,98.87999725341797,96.0999984741211,97.69000244140625,61624286
2026-08-31,97.37000274658203,97.68000030517578,89.5,91.5,110258414
2026-09-01,90.51000213623047,91.5999984741211,88.48999786376953,89.33000183105469,64364371
2026-09-02,97.0,89.30000305175781,86.37999725341797,86.4000015258789,54169126
