date,open,high,low,close,volume
2018-06-11,15.331761787039534,18.396081924438477,15.331761787039534,18.396081924438477,141892
2018-06-12,20.235685348510742,20.235685348510742,20.235685348510742,20.235685348510742,47842
2018-06-13,22.258237838745117,22.258237838745117,22.258237838745117,22.258237838745117,81054
2018-06-14,24.48406410217285,24.48406410217285,24.48406410217285,24.48406410217285,133680
2018-06-15,26.93348503112793,26.93348503112793,26.93348503112793,26.93348503112793,461718
2018-06-19,29.6268367767334,29.6268367767334,29.6268367767334,29.6268367767334,2011370
2018-06-20,32.58951950073242,32.58951950073242,32.58951950073242,32.58951950073242,2358687
2018-06-21,35.84694290161133,35.84694290161133,35.84694290161133,35.84694290161133,2216988
2018-06-22,36.588885360222186,36.94969157122953,32.26428090893209,33.81930923461914,230707078
2018-06-25,34.65781494977734,36.38562427459909,34.15979888981597,35.160911560058594,125967598
2018-06-26,34.50026916692423,38.392918659126906,34.09880810908024,37.696712493896484,112596384
2018-06-27,37.54934648841411,38.077852738289856,36.47200830148554,37.65098190307617,79449951
2018-06-28,37.2495104752198,38.31160323020336,34.271583531324076,34.662879943847656,95545765
2018-06-29,34.9017291990518,37.75769541675345,34.43928761167977,36.56855392456055,82257435
2018-07-02,35.73006041312037,36.32462765984407,35.12024454193333,35.57252502441406,58446327
2018-07-03,35.674164966156276,36.1772614665193,33.46358520469668,35.21172332763672,61038115
2018-07-04,34.6323989443293,34.6323989443293,33.28572535100493,33.49916076660156,47307954
2018-07-05,33.03163588921728,36.527908862588504,32.97065533736345,34.967796325683594,61808009
2018-07-06,34.96779020264143,37.85933072189877,34.911890210101,36.01972198486328,88584168
2018-07-09,35.979067425031594,36.37036737604923,35.12024533528426,36.36020278930664,55924162
2018-07-10,38.11342787846805,38.565708490902374,36.41611242311126,36.79216384887695,65671921
2018-07-11,35.572529935920606,40.11565060347243,35.35909452600546,39.155189514160156,87061053
2018-07-12,38.63683911435122,43.07832336425781,38.4183232046978,43.07832336425781,77553381
2018-07-13,41.67066448678205,44.95858503781582,41.1777326996246,42.026390075683594,86763699
2018-07-16,42.02639928262175,43.06816655919,40.705135511006254,42.63621520996094,53127352
2018-07-17,42.234755659472285,42.77342647290517,40.481536985902515,41.812965393066406,51507628
2018-07-18,41.812965393066406,42.87506188290206,40.71021753074256,41.812965393066406,48804910
2018-07-19,41.67067478544362,43.27143858642627,40.99479774418531,42.122955322265625,45134069
2018-07-20,41.92476388184921,46.335758661764466,41.675757659727736,46.20871353149414,76852143
2018-07-23,45.22791911967797,46.010515453904475,44.4910616765159,45.034812927246094,45025833
2018-07-24,44.97383426278603,47.24031382859319,44.46565725682588,46.635581970214844,47701845
2018-07-25,46.24429037988156,48.31766410542658,41.97050476074219,41.97050476074219,82294826
2018-07-26,40.9084059005936,41.97558289005372,38.92650677427852,39.739593505859375,70716598
2018-07-27,39.63795472253782,39.96319008533038,38.45389729239027,38.64700698852539,41057251
2018-07-30,38.87568963871991,39.30256042157327,38.11341888817267,39.053550720214844,32475322
2018-07-31,39.01797909026469,39.02305963898329,35.83169691021003,36.70068359375,50630952
2018-08-01,36.58888882158955,37.41722076527335,36.090872847613056,36.29414367675781,32280568
2018-08-02,35.775799215099056,37.24443729607362,35.597934636479344,36.87346649169922,35736352
2018-08-03,36.466918439433826,37.168205131189026,34.89156452964952,35.3692512512207,31119960
2018-08-06,35.06434881177083,36.12136125595319,34.35289745715036,35.3946647644043,28272501
2018-08-07,35.81644675937376,37.8389968698517,35.5725211354437,37.49851989746094,35936904
2018-08-08,37.35115219874063,37.391807058118665,36.136604413241265,36.3449592590332,26587470
2018-08-09,36.2839769925393,38.44882131710485,35.7249804999875,37.63573455810547,33254755
2018-08-10,37.401975148414685,37.854252214059564,37.107230007358815,37.8288459777832,21012948
2018-08-13,37.097060014580634,37.70179534611022,36.604128157564716,37.610321044921875,19709202
2018-08-14,37.50361095704681,37.549346370092366,36.30430818266987,36.3703727722168,21124112
2018-08-15,36.07054332085454,36.60413006290792,35.06434689173435,35.12024688720703,23250069
2018-08-16,34.55616868416024,35.51154563384262,33.64652714118539,35.05926513671875,19287527
2018-08-17,35.521705858906024,35.83169609017919,34.606983789669066,34.637474060058594,14804706
2018-08-20,34.495189049832874,35.12025015601345,33.53981197836205,35.0389404296875,19661272
2018-08-21,35.049101834311365,35.96890799783617,34.56633104835717,35.35401153564453,18375910
2018-08-22,35.09484130803258,35.69957674244935,34.154709350563046,34.28683853149414,16199850
2018-08-23,34.378308419324846,35.3946660384873,34.0886473178698,35.115169525146484,21947644
2018-08-24,34.459618626380454,36.1823436110642,34.403718625054495,34.96271514892578,24049677
2018-08-27,34.850916371377835,36.07054836577796,34.50027470279444,35.80629348754883,23247165
2018-08-28,35.88251800874435,37.767862452776235,35.77580204464271,37.102149963378906,33865131
2018-08-29,36.89379192618121,37.351152997536296,36.4923308514929,37.10722732543945,18600906
2018-08-30,37.193617308712646,37.60524296764208,35.38450221203253,35.56744384765625,24627256
2018-08-31,34.80517476415885,35.165980957160954,33.036711129495885,33.28572082519531,28622183
2018-09-03,32.92999634751471,32.92999634751471,30.998916702499855,32.14739990234375,28639449
2018-09-04,32.1169039731376,32.65049061980104,31.893304031220136,32.44721984863281,14521604
2018-09-05,32.32017882843801,32.51328852802124,31.197105407714847,31.197105407714844,17440705
2018-09-06,30.795645636017355,31.837412992748064,30.65335884772379,31.425790786743164,15937331
2018-09-07,31.756104019683416,32.97065182478325,31.613813754257997,32.17789077758789,22947454
2018-09-10,32.29985974773982,32.416740305356285,30.998921496770397,31.176782608032227,11781180
2018-09-11,31.20218599891705,32.0965789020521,31.20218599891705,31.796756744384766,11932788
2018-09-12,31.913639423677434,33.158677501542826,31.817084567263144,32.77754211425781,21808774
2018-09-13,33.35686728060682,33.590628360701274,32.213464624687425,32.929996490478516,17733664
2018-09-14,33.69226541620792,35.06434867057007,33.46866542297385,33.48899459838867,28497290
2018-09-17,32.8131110567883,33.275552599099576,32.31509520924445,32.376075744628906,12836548
2018-09-18,32.015272068809416,33.74816133893749,32.01019152026334,33.72275161743164,14020619
2018-09-19,33.5347258054323,34.8407443100699,33.260309886835365,34.2156867980957,17104669
2018-09-20,34.05307425600951,35.521712482891,34.05307425600951,34.551090240478516,18361290
2018-09-21,34.87633095436638,35.52171786749374,34.48503436623406,35.160911560058594,13946772
2018-09-25,34.7594398186283,35.21680086887341,34.4087947183927,34.7238655090332,7567543
2018-09-26,34.89156537553993,37.351151149641666,34.89156537553993,37.04116439819336,28910833
2018-09-27,36.71592634003095,38.088009386000046,36.43642639093904,36.868377685546875,24650400
2018-09-28,36.644784143542665,38.159157559248634,36.644784143542665,37.09706115722656,21457976
2018-10-08,36.52790108064585,36.52790108064585,34.45452786544522,34.784847259521484,23610103
2018-10-09,35.018611145208574,35.145656271020435,32.5742704616663,32.980812072753906,24100878
2018-10-10,33.34162176539029,33.43817312992143,32.32018021004258,32.980812072753906,12893783
2018-10-11,31.446115994352013,32.2541222351662,30.24173269122902,30.719419479370117,23057037
2018-10-12,30.71941387337336,32.09657747552969,30.68384305568074,31.94412612915039,15480567
2018-10-15,34.962714310355864,35.14057540893555,34.495188623837784,35.14057540893555,35642676
2018-10-16,35.572527218356676,35.75546885054677,34.52567942458771,34.988121032714844,18813954
2018-10-17,35.45564449237192,36.477082499987766,35.171063985110486,35.57252502441406,25617897
2018-10-18,34.91189583151991,36.28397916523174,33.29589029382912,34.57141876220703,19459623
2018-10-19,34.053069409344744,37.737367570742606,34.053069409344744,37.48836135864258,25425201
2018-10-22,37.65097678195301,41.213310317592665,37.65097678195301,40.19695281982422,32591451
2018-10-23,39.688777974488595,40.63399039414605,38.6724204214358,39.63795852661133,22925928
2018-10-24,39.55665059772833,40.38498243898904,38.682579859585545,39.12977981567383,18077045
2018-10-25,38.11342311935278,41.457244622920015,37.86441687973874,41.116764068603516,24069972
2018-10-26,41.00496009542215,41.00496009542215,37.10214594042477,37.91014862060547,31845063
2018-10-29,38.082929961965036,38.31669453572271,35.877434328688025,35.958744049072266,22895587
2018-10-30,35.90284608629432,38.29128698104146,35.51154957738173,38.11342239379883,23197597
2018-10-31,38.260794107947355,39.34829677593158,37.70687818667476,37.85933303833008,17629831
2018-11-01,38.215065027184444,39.03831298791112,37.203787872879545,37.40705871582031,17503126
2018-11-02,38.6927473961298,39.958114702920184,38.64701198514928,39.88188552856445,24670609
2018-11-05,39.88188471623206,41.91460333804908,39.53632363223348,40.344329833984375,23514330
2018-11-06,40.16138261805268,41.87394630178455,38.6215994673443,41.45215606689453,21898501
2018-11-07,40.75595252701472,41.86378441666511,39.74467898655266,40.166465759277344,22785717
2018-11-08,40.57300826875061,40.84742420419625,39.07387997677509,39.287315368652344,14480758
2018-11-09,39.12977438718456,40.17153798556033,38.95699038941944,39.51090621948242,10915086
2018-11-12,39.12977915914993,42.585393237511035,38.97732431400611,42.3058967590332,26801852
2018-11-13,41.670672613788454,41.92984341709394,40.55267968170627,41.48264694213867,25716612
2018-11-14,40.86266900349842,42.17885216453934,40.52726903785919,41.16249465942383,19423287
2018-11-15,40.86267196320102,41.77231009444851,40.60350114701043,41.34035873413086,13638342
2018-11-16,41.50806202424278,41.54871688892153,39.95303351426409,40.71022033691406,17656934
2018-11-19,40.4459658970843,41.40642348122907,40.14614021827608,40.32400131225586,13066201
2018-11-20,39.998766800527704,40.247776524916794,39.414360566812164,39.521080017089844,13899772
2018-11-21,39.38386697830134,40.52726962427442,38.8756899630844,39.9682731628418,13166692
2018-11-22,39.7395949406538,40.36973656973726,39.43468871382289,39.59222412109375,7329182
2018-11-23,39.59222574605697,39.612551432924654,37.55442646622204,37.5950813293457,18726739
2018-11-26,37.50360856972622,38.052440470113304,36.99542804097749,37.92031478881836,13698023
2018-11-27,37.950805473452164,39.0535533246709,37.483279800664086,38.418331146240234,14315997
2018-11-28,38.4945603839931,40.39006948531896,38.240470093410906,39.983524322509766,17853912
2018-11-29,40.40022806914444,41.416589168191535,39.65320587158203,39.65320587158203,17525251
2018-11-30,39.64304481893099,41.15742201453465,39.64304481893099,40.6695671081543,16321638
2018-12-03,41.93492657715158,42.42785845012182,40.938894754831544,41.086265563964844,22761406
2018-12-04,40.75595076454378,42.21950826696595,40.674644534522784,41.82312774658203,17243397
2018-12-05,41.162495416807836,41.975582133738506,40.95922460992217,41.350521087646484,13304797
2018-12-06,41.06085998516916,41.812962668007295,40.146137865423775,40.15121841430664,20493718
2018-12-07,40.237610534514126,40.888081333320216,40.237610534514126,40.50186538696289,10155839
2018-12-10,40.3748223335899,40.84234802621955,39.028145256416906,39.785335540771484,13692295
2018-12-11,39.89205610815208,40.23761725109257,39.5464949652116,39.92254638671875,6210111
2018-12-12,40.689895089929166,41.660517345612824,40.49170480334169,41.41659164428711,17050469
2018-12-13,41.63001876954784,41.80787984342228,40.94905776568799,41.72657012939453,13039970
2018-12-14,41.635107315729144,41.914607330520546,40.303678812060184,40.31892395019531,12762923
2018-12-17,40.04451155448085,40.903333873965416,39.12978922704037,40.735633850097656,12356065
2018-12-18,40.14614357949108,40.954146372596966,39.98352411943794,40.42564010620117,8794060
2018-12-19,40.22744604994574,41.518223063242836,39.81073982904377,40.40022659301758,12766775
2018-12-20,40.33924988542355,40.34433392442541,38.73848594569422,39.30256652832031,17592728
2018-12-21,39.40419654683502,39.89204788208008,38.41832928912246,39.89204788208008,15972737
2018-12-24,39.47534477288175,40.2681023824481,39.13486422342756,39.65320587158203,10689845
2018-12-25,39.150101271647706,39.505826884937235,38.44373408272193,39.23141098022461,11858950
2018-12-26,39.23141708634653,39.58714275500251,38.38275603062868,38.57078170776367,8865507
2018-12-27,39.23141585952241,39.37370612253517,38.50979995727539,38.50979995727539,8786647
2018-12-28,38.46406627741355,38.93667249593077,37.50360870361328,37.50360870361328,10132630
2019-01-02,37.73229028344402,38.09818055467513,37.36640001221291,37.432464599609375,7909372
2019-01-03,36.84806326973705,37.8796661438438,36.84806326973705,37.51885986328125,8090825
2019-01-04,37.26476554724547,39.25174538557952,37.213949585132745,39.10945510864258,14229595
2019-01-07,39.099286484085255,39.46009265637499,38.77405112948898,39.34321212768555,10745206
2019-01-08,39.24157769766583,40.37481568409421,39.23141311119471,40.31383514404297,15434982
2019-01-09,39.12978025510601,39.744676712244846,38.20489355026801,39.6277961730957,22283782
2019-01-10,39.45501143742407,39.5617308769043,38.631763639976725,38.76388931274414,15109691
2019-01-11,38.9265041618407,39.0027333277214,38.01178208637462,38.26079177856445,11046065
2019-01-14,38.26587382147878,38.789299458870566,37.757696809368824,38.662254333496094,8727831
2019-01-15,38.62159631569564,39.373702419367305,38.037190182528235,39.31780242919922,10572543
2019-01-16,39.07896245324706,39.231417309076036,38.82995622846823,38.96208190917969,4632951
2019-01-17,39.10437122086313,39.480422568068974,38.829955278594326,38.95699691772461,6693856
2019-01-18,39.21108917174389,39.21108917174389,37.60524480681138,38.31669616699219,11707068
2019-01-21,38.12866613292254,38.433572328469154,37.73736618478053,38.235382080078125,9434086
2019-01-22,38.11341800435873,38.45389851298119,37.620486140672355,37.74245071411133,7665944
2019-01-23,37.73736201704164,38.44881321746507,37.61031691058121,38.337013244628906,8792636
2019-01-24,38.11341627826879,38.55045161823105,37.960964930109135,38.19981002807617,6837152
2019-01-25,38.4386561421723,40.03941991119304,38.199814505597566,39.35337829589844,16414120
2019-01-28,39.68877970597934,39.7700859409868,38.63176724638837,38.65717697143555,8332007
2019-01-29,38.75372388629124,39.32796895087951,37.65605669075184,38.967159271240234,9425363
2019-01-30,37.77293940147483,39.312718959391326,37.407049185885896,38.72323226928711,13874007
2019-01-31,38.75881202967274,39.521079348436686,38.6470120319927,38.68258285522461,7942959
2019-02-01,38.962084399183716,40.232532307249194,38.72323925731133,39.84123229980469,11185939
2019-02-11,40.14105311612754,41.3556008755957,40.13597256733467,41.16249465942383,15017988
2019-02-12,40.90840441079797,41.46740086414211,40.66955929793864,41.16249465942383,8980417
2019-02-13,41.06086550221028,42.468519691920285,40.84234953006727,41.518226623535156,14178918
2019-02-14,41.41658672197368,45.166946114998446,41.340357550414566,43.052921295166016,22901965
2019-02-15,42.890302056869906,43.70338873214668,41.87394458512089,41.88410568237305,18927563
2019-02-18,42.25507576561334,43.13422700560073,41.955250124430904,42.92079162597656,15801696
2019-02-19,43.02243368428491,43.08341423379489,41.56904065837528,41.818050384521484,16966414
2019-02-20,42.077221655727975,42.94112441424546,41.72149596416539,42.2652473449707,10921395
2019-02-21,42.026402745960965,43.12915414871104,41.82313191655932,42.3465576171875,14811789
2019-02-22,42.17886233209392,43.34767496601423,41.726581720089534,42.87506866455078,16128064
2019-02-25,43.58651386443913,46.57968667632955,43.58651386443913,46.40690612792969,27740343
2019-02-26,45.736109626180856,46.142651272018796,44.557132572351975,44.973838806152344,20383579
2019-02-27,44.5672982541506,45.426120468041745,43.347669797314616,43.72880172729492,16386822
2019-02-28,43.708476663032236,45.3194051504018,43.708476663032236,44.567298889160156,13031852
2019-03-01,46.29510172147844,47.19965923982552,45.43119557233003,45.75135040283203,17314711
2019-03-04,46.498376349798804,48.35831098506417,46.10707984631863,46.95065689086914,25266504
2019-03-05,46.94557273219911,47.25047893915414,46.34591792656139,47.057369232177734,15508245
2019-03-06,47.321626761397255,47.66718784681292,45.42103730222294,46.34592056274414,18779259
2019-03-07,46.16805774576038,46.16805774576038,44.04895241282609,44.663848876953125,24672866
2019-03-08,43.70339548430112,44.87220448929087,43.05292464782714,43.179969787597656,19925393
2019-03-11,43.0580067324975,44.81122190510902,42.966532421532236,44.67909622192383,16838384
2019-03-12,46.54919686342715,47.692599615287016,45.334648973909594,46.27986145019531,26574183
2019-03-13,46.239201790042976,46.239201790042976,44.57237352205089,44.76040267944336,13639897
2019-03-14,44.709582779706665,45.98003052477158,44.37418630574592,45.2025146484375,14368635
2019-03-15,45.74119388389149,46.447564761477395,45.212687607821074,45.649723052978516,14078777
2019-03-18,45.68021046305712,45.73611046379183,44.66893338984058,45.37022018432617,13096371
2019-03-19,45.30415820134796,46.69148662573592,44.719751969108515,45.024658203125,12270650
2019-03-20,44.97382763314876,44.97382763314876,43.611909270671845,44.297950744628906,15865412
2019-03-21,44.21156845601309,44.923019777028045,43.67798170994588,44.272552490234375,14644728
2019-03-22,44.2725540532511,44.2725540532511,43.30192840365132,43.99813461303711,10834185
2019-03-25,44.70450220714687,46.030849945397044,44.22173143618942,45.22792434692383,23383162
2019-03-26,44.72991553769833,44.96875717867685,43.144393386658365,43.3476676940918,17495609
2019-03-27,43.449307431404804,43.977813704603626,41.823133746271736,42.387210845947266,17085819
2019-03-28,42.35163218973589,42.86997377837531,41.72149061388689,42.280487060546875,10542947
2019-03-29,42.39228739127207,43.19520950317383,42.000987432867774,43.19520950317383,12823426
2019-04-01,43.276524175948104,44.19124638072035,43.19521444993644,43.881256103515625,16630362
2019-04-02,43.88125722380738,43.92191208785114,42.85473499190898,43.18505096435547,18434388
2019-04-03,43.09357373682356,43.29684453746315,42.626048103842194,42.93095779418945,12931268
2019-04-04,43.007183312138324,43.27651869220867,42.687028487403154,42.77342224121094,12023296
2019-04-08,43.04784340971017,43.14439478330487,41.21331497058662,41.818050384521484,20478562
2019-04-09,43.073243888966914,43.32225358183273,42.128031540337695,42.641292572021484,21496078
2019-04-10,42.59048233706198,42.59048233706198,41.5182247236751,41.792640686035156,19513506
2019-04-11,41.79771499556546,41.97557955771593,40.949057509736114,41.02020263671875,16116777
2019-04-12,41.12184400765258,41.98066620477903,41.11676345833997,41.66051483154297,10684211
2019-04-15,42.07721840474534,42.183934359274836,41.137086541780135,41.14725112915039,10791108
2019-04-16,40.908399722228154,41.80787658691406,40.842338637940564,41.80787658691406,10293699
2019-04-17,42.43294446507765,43.845682547213656,42.43294446507765,43.7592887878418,36900860
2019-04-18,43.764371375242824,43.8558421912324,42.90046870404806,43.01734924316406,12711205
2019-04-19,42.95128349441643,43.1901286044198,42.12803221531674,42.280487060546875,11334195
2019-04-22,42.28556994533998,42.48376020827178,41.177741577670275,41.27937698364258,11968612
2019-04-23,40.90840362611175,40.984629303482215,38.11850196169855,39.72434616088867,20746684
2019-04-24,39.72943189464593,40.5831699857967,39.33305137662608,40.542518615722656,9241873
2019-04-25,39.937782024278995,41.091349232342154,39.68877581563394,40.19695281982422,9535165
2019-04-26,40.14614021827608,40.83218184829209,40.13597563052667,40.32400131225586,6285241
2019-05-06,39.06371752903264,39.4651786118236,38.14391481874774,38.469146728515625,11777590
2019-05-07,38.62159386297408,39.34320965152454,38.4284876732468,38.54536819458008,6681492
2019-05-08,38.06260442762733,38.707991176095014,37.45278850110138,37.91523361206055,6299245
2019-05-09,37.605246347903694,38.15916232170068,36.90904009623939,36.94461441040039,8664161
2019-05-10,37.34099194892495,37.85424952823791,35.938414970777146,37.65605926513672,9733363
2019-05-13,37.122472923970484,37.22919236962211,36.212831318947224,36.380531311035156,8338897
2019-05-14,36.54823162456063,37.18853783593751,36.54315107544228,36.67019271850586,7799387
2019-05-15,36.84297679138315,38.189650311719475,36.84297679138315,38.1032600402832,11915161
2019-05-16,38.01178321257214,38.01178321257214,37.5544221612886,37.77294158935547,6726880
2019-05-17,37.96604563088585,37.96604563088585,36.54822715098741,36.71592712402344,6480552
2019-05-20,36.26873489591713,36.62954111574688,34.850912762029566,35.41499328613281,8142744
2019-05-21,35.68432843138754,36.1721797793857,35.51154789102936,35.64875411987305,5750888
2019-05-22,35.93841433755175,36.04005323120813,35.191392197015794,35.25237274169922,5008296
2019-05-23,34.962708477380005,35.191388988481165,34.200441270172036,34.29191207885742,7923034
2019-05-24,34.46469718496802,34.65780690373701,34.04291041405913,34.479942321777344,5276001
2019-05-27,34.55109234543741,35.38958894614473,34.39355691652538,35.16598892211914,7864237
2019-05-28,35.1659824187717,36.52790451049805,34.962711610551885,36.52790451049805,9572632
2019-05-29,35.67924511503322,36.22808050967966,35.597935392258606,35.86219024658203,5931203
2019-05-30,35.82153227967558,35.82153227967558,35.013529628684026,35.47597122192383,5170759
2019-05-31,35.724980517084816,35.811374278379915,35.24729374702079,35.28794860839844,4530022
2019-06-03,34.8610740287655,35.40482532595024,34.55616783548244,34.637474060058594,5855106
2019-06-04,34.75944612446283,34.75944612446283,33.946359277701234,33.98193359375,5700020
2019-06-05,34.23601599011782,35.24221244727295,34.23093544107438,35.09992218017578,9016765
2019-06-06,34.96779093055102,35.00844578864379,33.875207757726656,34.01749801635742,6747274
2019-06-10,34.47993512111997,35.70972784365054,34.002248451872426,34.35289001464844,15921439
2019-06-11,32.53361607333345,35.03385678797865,32.52345148609283,34.6527214050293,43392799
2019-06-12,34.1852030580656,35.3184412567413,34.1852030580656,34.88648986816406,27631450
2019-06-13,34.86107634492692,36.721010877363966,34.505350684435136,36.08578872680664,38787753
2019-06-14,36.11627806810503,37.69671258034321,35.97906835638561,36.680355072021484,36779934
2019-06-17,36.71592821861658,37.51885031070772,36.13152205920381,36.56855392456055,21726880
2019-06-18,36.53806090333237,36.78198653966345,35.7757937259712,36.106109619140625,14724194
2019-06-19,37.08690519117888,37.21903088259354,35.12533503916972,35.409912109375,25706694
2019-06-20,35.40991183634035,35.6944923937397,34.683215305080445,35.09484100341797,23068998
2019-06-21,36.08071063423966,36.08071063423966,34.98812723862945,35.11008834838867,21273454
2019-06-24,35.11008275082061,35.13041192546514,34.510431418403414,34.993202209472656,11890530
2019-06-25,34.983042717787804,35.16598436166019,34.459617042784394,34.97795867919922,13749822
2019-06-26,34.779766226789455,35.857107783180204,34.7035405466252,35.56236267089844,17007057
2019-06-27,35.48105678582018,35.93333734556423,35.293031094842156,35.536956787109375,19708023
2019-06-28,35.01352914966187,35.28286452610355,34.556168111391656,35.00336456298828,10298187
2019-07-01,35.572529610613415,36.08070666096304,35.22188447989221,35.735145568847656,23539014
2019-07-02,35.714820115240485,36.781993672620516,35.55220066655872,36.101036071777344,29253592
2019-07-03,36.33987697321237,37.10214777218761,35.71481938446951,36.48725128173828,39780302
2019-07-04,36.58379979527183,36.73117058884606,35.85201939689105,36.106109619140625,14551945
2019-07-05,36.13152155065194,36.33479234513765,35.582689707662965,36.12135696411133,16008748
2019-07-08,35.841863250263174,35.841863250263174,34.50027032046918,34.993202209472656,14947794
2019-07-09,35.00337039010166,36.02480858389931,34.810260658094876,36.00956344604492,17284912
2019-07-10,36.131520982033265,37.33590408426432,36.08070153951773,36.71592712402344,28676721
2019-07-11,37.35115042506952,37.36131501177834,36.53806374428332,36.80231857299805,12721102
2019-07-12,36.990353532429594,37.722130682241655,36.848063240294856,37.54426956176758,16950969
2019-07-15,37.864415968848725,37.89999028187397,37.097064602749484,37.432464599609375,20288685
2019-07-16,37.30541801841204,37.43246314962974,36.2382410098162,37.005592346191406,17292673
2019-07-17,36.81757162482306,37.52393902051813,36.73118134269209,37.09198760986328,7771026
2019-07-18,36.82264826926861,36.995428815205926,36.24840663254892,36.33479690551758,8130679
2019-07-19,36.44151105620843,37.07165614995116,36.370369413189046,36.84297561645508,10324537
2019-07-22,36.915300656527194,37.47539447312589,36.41121307497425,37.21062088012695,15778263
2019-07-23,37.37356259791241,39.181138721031154,36.976403924160465,38.631229400634766,29647269
2019-07-24,38.799251139820306,39.17095016899894,38.391911462152784,38.534481048583984,21543386
2019-07-25,38.544660133572386,39.07929780362765,38.34099030509307,38.600669860839844,21312192
2019-07-26,38.371537695600075,39.598654093542606,38.371537695600075,39.03346633911133,20747431
2019-07-29,38.96218194476342,39.410256199017596,38.702498931984536,39.04364776611328,12667672
2019-07-30,39.155669838633244,39.96526205901125,38.76869579841016,39.593563079833984,17362594
2019-07-31,39.5120972114039,39.5120972114039,38.69741439819336,38.69741439819336,11919823
2019-08-01,38.6464967659521,39.17094991902816,38.33081096514082,38.5955810546875,12150586
2019-08-02,37.67396860686455,38.49374188496408,37.55176462009672,38.330806732177734,12898818
2019-08-05,38.03548574763707,38.290074782595084,37.10878347843347,37.169883728027344,16185000
2019-08-06,36.04969890103129,37.012041889998095,35.90203878791263,36.73708724975586,15288885
2019-08-07,36.91529878502255,37.95910755196693,36.88474865973262,37.337913513183594,15488818
2019-08-08,37.67906431620943,37.77071469672565,37.068051290720895,37.21062088012695,6973912
2019-08-09,37.66378264667428,37.66378264667428,36.411206688556575,36.62506103515625,8518840
2019-08-12,36.56396672427525,37.3735590598004,36.421397136745206,37.35828399658203,7656498
2019-08-13,37.07823062370637,37.826719114835896,36.95603013351579,37.40919494628906,9557082
2019-08-14,37.6790656847555,38.23406899911871,37.424476623535156,37.424476623535156,11384755
2019-08-15,36.63524910054516,37.780896247513134,36.51304510662435,37.765621185302734,8320021
2019-08-16,37.67906477413594,37.78089969691534,37.185165223843924,37.28190612792969,12517245
2019-08-19,37.52630611611842,38.79924774169922,37.28190163167581,38.79924774169922,18922113
2019-08-20,38.78906815168717,38.8756245074286,38.26970554357498,38.40718460083008,12274315
2019-08-21,38.30025734289668,39.1811344597762,38.30025734289668,38.5955810546875,11759565
2019-08-22,38.69740605240804,38.69740605240804,38.18822809287563,38.493736267089844,8851498
2019-08-23,38.488654824524886,38.488654824524886,36.61997518805761,37.628143310546875,29817325
2019-08-26,37.11388008676567,37.5415853600084,36.9153007654898,37.05277633666992,16430207
2019-08-27,37.353185773632866,37.94892366080813,37.22589126364915,37.322635650634766,17289397
2019-08-28,37.76562622218733,37.81654543383828,36.8440178597051,36.92548370361328,15552147
2019-08-29,36.92039138611793,36.93057592720063,36.16680876699424,36.19226837158203,18136944
2019-08-30,36.385753589343764,37.10878251404822,35.92749473682366,36.798187255859375,21414094
2019-09-02,36.757456248662905,37.24117125515044,36.6047021172133,37.14952087402344,17652027
2019-09-03,37.02222215945757,37.11896654830711,36.07006382146815,36.25336456298828,23435033
2019-09-04,36.09043662066976,36.34502569644218,35.59144301110254,36.24319076538086,21079177
2019-09-05,36.258461767380076,36.85929024068433,36.258461767380076,36.30428695678711,22142865
2019-09-06,36.38065649392457,36.81345570775463,36.38065649392457,36.589420318603516,14925956
2019-09-09,36.92038157238982,39.20658493041992,36.691252184479886,39.20658493041992,46445306
2019-09-10,39.37462119528294,39.58847558137911,38.92654683708819,39.3186149597168,33890180
2019-09-11,39.66485378729025,41.284034973628884,39.38989565492653,39.59865951538086,38215101
2019-09-12,39.817597996538034,40.58136502462163,39.3593391781828,39.715763092041016,27728622
2019-09-16,40.219857378380524,40.377702045152006,38.8603591327513,39.0538444519043,24350257
2019-09-17,38.99273900374005,38.99273900374005,37.78598807015467,37.9438362121582,25771678
2019-09-18,38.21368921213754,38.422453022957676,37.9081845219921,37.979469299316406,18154074
2019-09-19,37.979476172773175,38.69741459710024,37.979476172773175,38.3817253112793,25438145
2019-09-20,38.45300165212459,38.75850633043037,37.98455834839952,38.116943359375,23044933
2019-09-23,38.12204736007194,38.127137882360564,36.813461478013814,37.164794921875,22157791
2019-09-24,37.241170027958155,37.63832865889697,36.6912607668412,37.03240966796875,23116806
2019-09-25,36.9662166155315,37.56704510399856,36.58433303502646,37.14952087402344,24111585
2019-09-26,37.271715240830005,37.34809404208863,36.16171232415905,36.38065719604492,23566251
2019-09-27,36.3806634275902,36.60470235567741,36.18208410428343,36.38575744628906,12858712
2019-09-30,36.558874421274346,36.69634998354367,36.23300059475833,36.40612030029297,12169272
2019-10-08,36.462134322173945,36.65052911236978,35.74419581261555,35.77474594116211,15724278
2019-10-09,35.64744667182999,35.65763121207173,34.817488803712905,35.18409729003906,23799342
2019-10-10,35.67799822485732,36.47740600049496,35.5201535778597,36.100616455078125,22113277
2019-10-11,36.23809383630524,36.731996883341694,35.81038855868831,36.38575744628906,17086611
2019-10-14,36.609787491363484,36.66070669343211,35.896939639827316,36.07515335083008,21966458
2019-10-15,36.07514930359869,36.711618280627164,35.97840492826441,36.13624954223633,16083138
2019-10-16,36.15662168512025,36.3195568340488,35.38776413086672,35.4845085144043,14622642
2019-10-17,35.48960045189068,35.62707950220468,35.07716679718616,35.28593063354492,13041907
2019-10-18,35.438680521957764,35.80528898444703,35.31648003195295,35.68817901611328,13730828
2019-10-21,35.7849307213139,35.7849307213139,35.133182987182195,35.45905685424805,9077702
2019-10-22,35.64235951388418,36.1108029581282,35.64235951388418,36.00896453857422,12469244
2019-10-23,35.998773459025635,36.227902846676805,35.66780568020773,36.02932357788086,11371766
2019-10-24,36.115888991820476,36.63524808505314,36.09042939009632,36.472312927246094,16277846
2019-10-25,36.507952027316776,36.533411627963254,35.927492711506545,36.161712646484375,9701485
2019-10-28,35.66781260774155,36.059880700418816,35.47941784071895,36.054786682128906,17939314
2019-10-29,36.09551866693002,36.09551866693002,35.19937008554512,35.2757453918457,17758173
2019-10-30,35.13317566437136,35.49978412543797,34.81748640476742,35.39794921875,13610460
2019-10-31,35.326660603121425,35.55578999237867,34.970236720250476,34.985511779785156,10128250
2019-11-01,34.88877103853545,35.33684532527666,34.83785533352985,35.301204681396484,10104285
2019-11-04,35.438686955507755,35.63726628405314,35.18410138970105,35.60671615600586,14915881
2019-11-05,35.800200830528645,37.85727168363862,35.60671204690752,37.41429138183594,42808559
2019-11-06,38.83489408524462,40.16384551138655,38.366450673403214,38.6464958190918,79466670
2019-11-07,38.34098815917969,39.16076144548136,37.745253769408585,38.34098815917969,38994001
2019-11-08,38.64649139294901,39.30842351726323,38.18823257409003,38.50392532348633,34264508
2019-11-11,38.07621499445055,38.39190423407917,37.526302337646484,37.526302337646484,17984417
2019-11-12,37.67906224596904,38.34099094774046,37.44993281102988,37.9081916809082,16351691
2019-11-13,38.08639974328594,38.13222842465707,37.57213467069202,37.64850997924805,12123433
2019-11-14,37.88273460096255,38.1118640511624,37.58232035522857,37.72998046875,12106575
2019-11-15,37.82671730849165,37.82671730849165,36.45703489974601,36.966209411621094,19299691
2019-11-18,37.1087854380939,37.26663008870539,36.73708640637287,37.103694915771484,8091912
2019-11-19,37.312455286535574,39.19131952731981,37.10878544626388,39.17604446411133,33536430
2019-11-20,39.12003424378615,39.76668790148296,38.79925092794874,38.85017013549805,20244256
2019-11-21,39.05384098105757,39.76668892771692,38.85017113808001,39.2829704284668,22396440
2019-11-22,41.75247209974397,43.07633297514036,40.45916484518273,40.98870849609375,76224913
2019-11-25,41.42151014333453,42.592616967032285,41.243299907494276,42.556976318359375,50550782
2019-11-26,42.25655941547059,45.62221606855263,41.70155616498812,44.807533264160156,70467044
2019-11-27,44.527486468016335,45.245424910520654,43.77390737761584,44.42565155029297,34999693
2019-11-28,44.14560405180695,45.6222191377704,43.86555889484819,44.50712203979492,26140435
2019-11-29,44.35946192969372,45.26579516835555,43.47349427661079,44.50712203979492,23259952
2019-12-02,44.909367444977896,44.970467692845126,43.68734151020787,44.349273681640625,21423092
2019-12-03,44.29835984460897,44.425654373913254,43.07124673549455,43.992855072021484,28240992
2019-12-04,43.97248346909752,45.19450948188139,43.37165849965063,44.14560317993164,30381469
2019-12-05,44.30854311628629,47.58764016788973,44.277992989526716,46.844242095947266,47453374
2019-12-06,46.691487710073005,47.551995761958096,46.3859829479134,47.353416442871094,24187924
2019-12-09,47.60800817432114,47.60800817432114,46.2841506341584,47.29741287231445,26549825
2019-12-10,46.84424311398402,48.08663477455464,46.48781913364663,47.53163146972656,22850838
2019-12-11,47.53162826552357,47.959337013095734,46.08047633330483,46.58456039428711,23985939
2019-12-12,46.5692860244731,47.30249953283239,45.428729347311226,45.673133850097656,26781647
2019-12-13,46.60492785264922,47.557089780548715,45.988824309739385,47.353416442871094,32921668
2019-12-16,47.119190695237094,47.28721986712161,46.47762762678144,46.99699020385742,32792184
2019-12-17,48.26993291905935,49.486868404881854,48.08663216446774,48.570350646972656,49930844
2019-12-18,48.09680691825235,48.11717599692362,46.9307942882726,47.45015335083008,33552966
2019-12-19,47.60799977089053,47.648734433530244,46.59983172956677,47.48070526123047,19518028
2019-12-20,47.47561397909892,48.31066231300747,47.20574990264085,47.24139404296875,18644304
2019-12-23,46.844242777925956,48.57035293487416,46.62020385011028,47.3025016784668,25457220
2019-12-24,47.4552546394051,50.963481102425156,47.4552546394051,50.66306686401367,53467902
2019-12-25,50.58668900104777,53.70794142721346,49.97567946809935,53.61629104614258,41953887
2019-12-26,53.463531570763934,54.471703142960095,52.28224379481726,53.524635314941406,26715018
2019-12-27,53.524637718549656,56.00941737414331,52.521556623224356,53.05619430541992,43298926
2019-12-30,54.26293912055108,56.26400370007198,53.4635313931225,56.00941467285156,42440335
2019-12-31,55.93812686179079,56.1876218573903,53.738483099771635,54.17637634277344,38701260
2020-01-02,54.58881748924681,55.42386593210099,53.81995982154991,54.74666213989258,37100860
2020-01-03,54.746657213795736,56.10615869444617,53.95743403158107,55.7802848815918,32551520
2020-01-06,56.67134824226935,58.30071396175002,54.8892318902509,55.54607009887695,47700360
2020-01-07,55.50533462760577,55.826114447527324,54.690651779663966,55.24565505981445,24313579
2020-01-08,55.5053375500955,56.773185329742205,54.532810002119454,55.80575180053711,34603322
2020-01-09,57.027770902296155,58.809887213388876,56.014508747288076,58.555301666259766,36295831
2020-01-10,58.14795856278547,58.14795856278547,56.86483579630743,57.694793701171875,25970412
2020-01-13,59.06448049792943,60.32723776851821,58.147962672987504,59.52273941040039,38875401
2020-01-14,60.85168455446241,61.483063087062426,58.646946715884155,58.911720275878906,39183251
2020-01-15,58.911723417424135,59.86897231088928,57.134694198987496,58.70805358886719,31965696
2020-01-16,59.06447667724422,59.31906572242358,57.96974867770593,59.26814651489258,23281484
2020-01-17,59.2477865173264,59.85879605184031,58.04612604181133,58.596038818359375,26392332
2020-01-20,58.55021622982393,63.68781255020298,57.48603820790279,62.73055648803711,44805960
2020-01-21,62.37922361291728,62.628722159111184,61.335407731070134,61.94133377075195,25680794
2020-01-22,61.941324840931244,68.13800048828125,60.785489655689204,68.13800048828125,62984809
2020-01-23,67.4659003593764,69.75719498301596,63.697990537179685,66.19295501708984,64302312
2020-02-03,64.44136964015395,73.05663628085063,64.41081952035364,68.922119140625,94742283
2020-02-04,74.22265836147054,75.8163833618164,71.28980439123943,75.8163833618164,64644449
2020-02-05,80.53644541048736,83.39801788330078,79.58428709095894,83.39801788330078,95548287
2020-02-06,78.92744789332761,86.50399017333984,77.8989107839483,86.50399017333984,104254187
2020-02-07,84.52330684237931,86.2188633617898,80.93361448214306,81.57008361816406,81899064
2020-02-10,81.97741354558123,85.83697305891465,81.46823550039687,84.1465072631836,67573657
2020-02-11,85.1343068728377,85.54165350750885,80.24621718153438,80.65355682373047,61190206
2020-02-12,78.18405770892353,82.40512849959312,77.4101095389738,81.29003143310547,58655170
2020-02-13,79.42644979366304,81.15255645190737,78.2553429392344,79.60466003417969,56449728
2020-02-14,80.90814213989962,81.41732016554474,75.79600678947911,76.32555389404297,79131335
2020-02-17,75.86730115366842,79.51300296380364,75.806200904487,78.46410369873047,62004839
2020-02-18,78.46408866961156,80.95905232649896,77.82761271218678,79.74720764160156,50814923
2020-02-19,84.01412968773433,84.06504889738669,77.84800359417834,78.00585174560547,75270209
2020-02-20,79.6861151295471,84.01411430026782,77.90399905792233,81.46823120117188,93319236
2020-02-21,80.34805252718239,82.74118527900903,79.03437617321951,81.41732788085938,60849246
2020-02-24,79.94070739867132,81.39186271230201,77.63923217180329,78.62194061279297,65741545
2020-02-25,76.24409165893015,84.26871235680498,75.78583279174212,82.41021728515625,92884734
2020-02-26,80.80630996277735,81.90104489999081,76.73289942876647,77.83271789550781,60890374
2020-02-27,78.97327458071422,79.7675918030919,75.76546255916233,76.11170196533203,59760441
2020-02-28,71.27963077541241,73.83060495075296,68.99851723252297,69.07998657226562,91520494
2020-03-02,70.67369838732698,72.27760429604899,68.71336505862516,71.27961730957031,57267003
2020-03-03,74.3397644962362,76.21862139337794,73.2704892940675,74.22774505615234,53443909
2020-03-04,73.3163460518033,74.27868571136555,71.17271129754799,73.16868591308594,37070305
2020-03-05,74.61472909346145,75.27156729631082,72.30306558151612,73.94261932373047,40433990
2020-03-06,72.30816801475356,75.00171178414001,72.04848842782162,73.07701873779297,28765564
2020-03-09,70.77043445175413,71.74296177103838,67.72046397679624,68.02088165283203,52604242
2020-03-10,68.0310911569353,72.14524103383901,67.72558982422869,71.53932189941406,52220106
2020-03-11,72.81223981862234,75.65344336319428,70.67370312527588,71.6767807006836,60591630
2020-03-12,69.34984722164445,69.64007693722111,66.86507081750612,68.35186004638672,59658226
2020-03-13,64.20717723222586,68.12783822108874,64.16134853665409,67.10948181152344,48754231
2020-03-16,65.17458898720922,65.62265975886906,60.535991197044105,60.6581916809082,87855633
2020-03-17,61.610363513447865,62.593072107270814,56.64589084529719,60.08283615112305,70094813
2020-03-18,60.541091425535576,62.88330503500861,59.064476369679575,59.76714324951172,55937656
2020-03-19,60.59200672224116,60.846588757188684,56.869922693194916,58.652042388916016,59226946
2020-03-20,60.082828775834926,60.948427275149164,57.64896494145567,59.16122055053711,39662512
2020-03-23,56.416754316223695,56.80882239706749,53.46862191199762,54.48188400268555,54419059
2020-03-24,56.31491384415902,57.47583591765463,54.48187862324626,57.03285217285156,51611752
2020-03-25,59.16631381758931,62.211187264673676,59.06447540472139,61.60017776489258,68667440
2020-03-26,60.597107390633504,62.2977545470042,60.235589372815554,60.897518157958984,34693273
2020-03-27,62.22646007118136,62.796731356107394,59.75694871217854,60.454524993896484,31210338
2020-03-30,59.06447174603159,61.42705425195988,56.365837881901584,60.73966598510742,46761285
2020-03-31,61.23865581230652,62.694901668376566,60.01153937783027,61.055355072021484,34636532
2020-04-01,62.679618225580285,63.93219416400159,60.63273214868586,61.29975128173828,53540258
2020-04-02,59.82824048062882,62.89857342607618,59.425991349993474,62.878204345703125,37032724
2020-04-03,63.46886484198377,63.64707510273861,60.99935982159054,61.74784851074219,32427927
2020-04-07,62.93421764671078,64.2020723517436,62.63889743066729,63.412845611572266,32512577
2020-04-08,63.08696913536429,63.896557885871516,62.425040478521446,62.608341217041016,21098471
2020-04-09,63.12770048721692,63.38228950866887,61.00443546033114,61.21319580078125,28479020
2020-04-10,61.68674657555733,62.664364714144284,60.04719264216889,60.31196975708008,26024497
2020-04-13,58.50438294648813,59.568564317530345,57.57768413519378,58.40763854980469,22195504
2020-04-14,60.08282208922793,64.23770141601562,59.82823308967894,64.23770141601562,69912685
2020-04-15,66.09112129439104,67.15529922832158,64.78253534592152,65.35281372070312,57921285
2020-04-16,65.31206680022488,68.08198896464233,64.57376631798294,67.46588897705078,38350458
2020-04-17,69.28873038841272,71.58002442898506,68.78974041639952,69.56877899169922,51999087
2020-04-20,69.45167630349727,69.62988652699141,67.15019398653142,68.4791488647461,33400719
2020-04-21,67.20620724133313,67.64919455481962,64.66542131147379,66.52900695800781,34597643
2020-04-22,64.83344968903995,67.36405454279382,64.81817113007003,66.89561462402344,25745553
2020-04-23,67.6695576454424,67.6695576454424,65.48009486041161,66.08601379394531,22317582
2020-04-24,66.19294972013665,69.2480113046732,66.19294972013665,67.03308868408203,30291238
2020-04-27,67.73066546045483,69.24801172097504,67.2520374877808,68.24493408203125,25285590
2020-04-28,69.75719480545851,71.33564143189513,67.01782230951058,70.408935546875,40532671
2020-04-29,69.31419074049361,71.38144592087862,69.25309049774499,70.6329574584961,21337034
2020-04-30,73.32142900317845,75.61781418232387,73.32142900317845,73.45890808105469,41613157
2020-05-06,70.77553111519336,74.74711005579283,70.64824010085187,74.23284149169922,34143103
2020-05-07,74.49251683527626,74.95077564903225,71.79388315259645,72.95989227294922,28685871
2020-05-08,72.81224037807564,73.94261597515073,71.73788150112335,73.34687805175781,25239384
2020-05-11,73.4232558520122,74.32958553357808,68.76937897653808,70.07796478271484,51046975
2020-05-12,70.80608633612759,71.22361403908121,69.11052990606774,70.72461700439453,28281862
2020-05-13,69.92521284923295,71.10650773164859,69.69608340111,70.39875030517578,21623808
2020-05-14,70.18997945445217,70.39364926764074,68.99341318355383,69.07488250732422,20227658
2020-05-15,71.25416099855525,75.20028044656986,70.7551639860393,73.98334503173828,57510745
2020-05-18,73.83060002047851,73.83060002047851,71.12686839149228,72.22160339355469,28678935
2020-05-19,72.91407308276901,74.23793036949398,72.56783369985556,73.02609252929688,18356873
2020-05-20,76.37648828093266,79.12604177513653,75.8724006766715,76.03533935546875,58910572
2020-05-21,77.29808274765338,78.18405029166757,74.63508959390222,75.30210876464844,27400683
2020-05-22,74.65546108059492,74.7776615754409,71.79388854060905,72.7002182006836,26173422
2020-05-25,72.64930140704224,73.53017848697496,71.5647614905934,73.3723373413086,17931789
2020-05-26,74.22264875422016,76.5852310848273,73.93241910652743,76.38156127929688,30969136
2020-05-27,76.35610906523682,78.92236144960007,76.32555894107597,77.084228515625,32346210
2020-05-28,76.37137910166155,76.83473546169323,73.06682628919211,75.27156066894531,31083136
2020-05-29,74.84894036702745,75.27155855547744,73.57600227244963,74.18701171875,24402628
2020-06-01,75.08828306649038,77.919299347629,74.52309511795464,76.84494018554688,27065451
2020-06-02,78.41319714209934,78.86636555451477,74.83877604860876,76.12190246582031,24449990
2020-06-03,76.3764892055376,76.94676759575556,75.26139203100172,75.44978332519531,20154198
2020-06-04,76.38811923868971,78.59613381134987,75.7762007183754,76.3983154296875,24527152
2020-06-05,76.26063478695633,77.17851602008768,75.09288386175221,77.09182739257812,17354106
2020-06-08,78.39726535219292,78.81031616389585,76.72468372750865,77.10713195800781,18832410
2020-06-09,78.78480826441286,79.5344103385746,78.07089985976404,78.37175750732422,26926245
2020-06-10,81.53845005401635,81.53845005401635,78.2748708530043,79.83526611328125,35350318
2020-06-11,81.58944065455646,86.7295812141766,80.63586574234492,83.14474487304688,65652006
2020-06-12,81.68124521499779,82.86429059471865,81.01832467168343,81.29878997802734,44895319
2020-06-15,79.66699396300507,82.23196628989403,79.29984704797934,80.4166030883789,28296903
2020-06-16,82.09938164571372,83.26203456403647,80.57467990415779,81.56905364990234,23324088
2020-06-17,81.09990823946293,81.84441225978205,79.55480714238104,80.46759033203125,22335721
2020-06-18,80.46758808475842,81.37017505816752,79.54970682522551,81.05401611328125,17082205
2020-06-19,81.57924524215775,86.07686477328775,81.15599828676483,84.59805297851562,43662441
2020-06-22,84.52157363745043,87.35170303059932,83.88415060929522,84.30229949951172,33722506
2020-06-23,84.64905022167612,86.24514626357211,83.38441441957926,86.12275695800781,28374908
2020-06-24,86.95393758960564,88.51433974479387,86.33182296831227,87.49446868896484,25737728
2020-06-29,86.94376004726604,87.96363132183102,86.18396169007583,87.1579360961914,20696128
2020-06-30,88.21859358535501,91.51786672661457,88.21859358535501,88.98348999023438,29008868
2020-07-01,91.02322921972068,92.75700894933296,85.60772799223386,86.45932006835938,50692460
2020-07-02,87.70866174642026,87.80044847860171,83.88925664491518,85.37825775146484,48175005
2020-07-03,86.6887790789501,87.0661291523783,85.17427368727817,85.56692504882812,42365604
2020-07-06,85.77090584342899,91.78812920292721,85.45984498290463,90.64077758789062,54944582
2020-07-07,95.86759334853026,99.73289489746094,95.61262556270736,99.73289489746094,45437801
2020-07-08,100.96184741802274,101.38509440648609,96.87727132960292,100.75276947021484,51299344
2020-07-09,100.4570085212159,105.43906647885528,99.94707290371399,104.52628326416016,49804416
2020-07-10,103.50640910997052,105.63793825032222,102.29276825696228,103.85826873779297,29880239
2020-07-13,107.90204650221135,114.37310539294619,107.90204650221135,114.28131866455078,54138382
2020-07-14,109.1258840563911,112.54244843084882,106.50482567366346,110.13555908203125,59582926
2020-07-15,111.67555449380012,112.47615157390426,103.06277026613625,105.4390640258789,48909398
2020-07-16,106.0662789721283,108.55475172813092,100.15104582628102,100.32952117919922,48620611
2020-07-17,100.46209749751571,102.5885214064231,95.9083920344697,99.78388977050781,54384643
2020-07-20,104.07243981547253,107.6521782958366,101.52276875262537,104.67926025390625,51730574
2020-07-21,107.08105246223126,107.08105246223126,103.51661524054008,105.55635070800781,33163549
2020-07-22,104.53646840959014,107.6929596043075,103.53189857058379,105.94388580322266,34249622
2020-07-23,105.55635154498779,109.89588841878344,105.04641592335781,108.76893615722656,45569977
2020-07-24,106.57620317865674,107.03514375310478,99.87056989580431,101.34427642822266,61477225
2020-07-27,100.96694373415316,102.48654738637761,96.88237472060477,97.46879577636719,44918911
2020-07-28,99.97257076514671,102.24177656849517,99.6972105727209,100.73237609863281,35896662
2020-07-29,100.72217029818067,104.53647714818611,99.57481868556458,104.0826416015625,33874725
2020-07-30,104.53647255796379,105.54614753503365,103.21064564224226,104.69965362548828,25565349
2020-07-31,105.04640328460053,109.78879419114402,104.79143550446221,108.20799255371094,36952128
2020-08-03,109.06468634918708,110.04375873683475,107.11163966915109,109.90608215332031,26878998
2020-08-04,109.27886202610154,113.7050871403765,107.24932291498578,108.17230224609375,34393899
2020-08-05,107.4634994861906,108.51396628657791,105.32687921620644,107.14224243164062,22614327
2020-08-06,110.59448850412663,111.1044170578783,106.06627364655205,107.81024932861328,26017718
2020-08-07,106.57622214837984,109.2788711227623,103.06277287937971,104.17443084716797,32023526
2020-08-10,104.12852695987131,104.68945750305336,101.00772930798163,102.26216888427734,23310439
2020-08-11,102.36926357198023,104.3325065953628,101.03323337476105,101.18621826171875,21632306
2020-08-12,101.93580776773236,102.11938120588165,95.96957999046879,99.79408264160156,45187084
2020-08-13,102.3947559716969,102.99647828971827,99.16687025622625,99.92157745361328,23283243
2020-08-14,100.81395898737719,102.21627833298099,99.9419676036737,102.06329345703125,21026206
2020-08-17,101.98680845087095,102.17547999463976,99.02918487127441,100.2530288696289,35077215
2020-08-18,101.78283012762212,104.53647391267256,99.88587645386004,101.65534973144531,39602215
2020-08-19,100.86494983005922,100.86494983005922,96.88746899333078,96.9537582397461,33329894
2020-08-20,95.35765533922452,97.39739757366503,94.33779122488211,96.07156372070312,23250700
2020-08-21,97.58097385358123,98.89660455182194,96.88746483506749,97.94812774658203,26071149
2020-08-24,99.02918626202656,106.06628059779516,98.02972146921468,103.01177215576172,46082793
2020-08-25,103.011769404974,105.0464066125772,101.45647219944702,101.9664077758789,25898706
2020-08-26,101.48198400779991,101.97661836545724,98.38668344542867,99.08019256591797,27201997
2020-08-27,103.26164324331572,106.32124982185489,101.47687565703384,104.465087890625,50756310
2020-08-28,105.2095932008609,106.83117973547307,103.86336684990515,106.19376373291016,30083439
2020-08-31,106.9127688329004,107.47369938944584,104.5415802148305,104.76594543457031,23778145
2020-09-01,105.30138326217926,109.63582202084847,104.54158493171676,109.27377319335938,34972844
2020-09-02,108.79952066856526,109.19217203768778,106.06627637888047,107.74905395507812,26107826
2020-09-03,107.08615453482857,107.59609017135303,104.99032593153434,107.02496337890625,22125940
2020-09-04,103.11886341240465,104.87303545467715,102.28257265992764,104.33250427246094,26274443
2020-09-07,103.4656117306158,104.45998540247375,91.78812346756237,95.05680084228516,80128418
2020-09-08,94.33779588132121,95.86759562978347,91.53825526872834,95.3525619506836,39441321
2020-09-09,91.22720520342645,95.61263913700779,90.87535255024648,93.9349594116211,33773522
2020-09-10,94.33780338130384,96.63250668786831,94.08283556914348,94.3479995727539,26517817
2020-09-11,94.84773120915614,96.5305088270602,93.50660300841196,95.50554656982422,20804830
2020-09-14,97.14243243652024,99.42693231650966,96.88746465028035,98.29998016357422,25535766
2020-09-15,99.69211372058506,100.45701015640992,98.3254879241255,99.34535217285156,20729736
2020-09-16,100.34991178895339,100.40600484206641,97.14243257971671,97.97362518310547,21120595
2020-09-17,98.02972034351535,102.98117539803094,97.39740246003667,101.18110656738281,32340459
2020-09-18,101.43097077300115,101.98680319077454,99.55441660832952,101.50236511230469,18265548
2020-09-21,102.95569181306408,106.06629369413633,100.38562816683375,100.93635559082031,28736674
2020-09-22,101.98682231885512,104.12854085360479,100.93125733949239,102.24178314208984,21964042
2020-09-23,101.78281813997057,101.89500423677481,97.44838013728116,100.5130844116211,28019752
2020-09-24,98.74873987438454,99.84509662292038,96.94357271043363,97.3209228515625,18950810
2020-09-25,98.72323430203853,99.28415787033364,97.18832937755681,97.74925994873047,12051552
2020-09-28,98.64674323143532,100.43151088709516,97.81045246150276,98.37137603759766,14712161
2020-09-29,99.68700574648834,105.17390115701615,99.65641017005304,104.10303497314453,35672889
2020-09-30,104.68945516984888,107.60117482554392,103.92455181061476,106.64250183105469,28281126
2020-10-09,112.18038591835823,116.71369906074816,112.06819981108846,114.70455932617188,42773833
2020-10-12,116.26496533430439,119.83450770584601,115.9080145985896,119.49285125732422,33577599
2020-10-13,119.06960811730048,121.66007093911536,116.78509405714983,120.23225402832031,19170466
2020-10-14,120.85437774658203,124.41371688817318,119.73251658183646,120.85437774658203,24448469
2020-10-15,122.95019512124573,124.47490383346019,120.85437366036578,121.77225494384766,17664899
2020-10-16,122.12920469807413,122.38416549446637,114.38330690607668,116.42304229736328,36183337
2020-10-19,117.96304206753621,120.39543593105829,116.26496305259295,116.98907470703125,23248472
2020-10-20,117.60608945445314,123.08788672258056,116.74430122027306,123.07257843017578,24008601
2020-10-21,122.41477157280217,122.70543305153217,116.10178857055122,118.49848175048828,28907145
2020-10-22,117.38681672832641,119.22257933226464,115.75503397182894,117.71827697753906,15980142
2020-10-23,118.56476484872354,121.61926626762273,114.45469158329298,115.60204315185547,20509533
2020-10-26,115.2297930549113,119.1358935506886,111.84383134795738,118.88601684570312,19207751
2020-10-27,119.83450508818052,121.67026769547901,118.30469824684604,120.95635223388672,16117810
2020-10-28,116.08649495288653,125.17352184841573,115.58165740201528,122.41477966308594,39962206
2020-10-29,120.86456777631044,124.43410292728797,118.46787468708733,122.73091888427734,31042854
2020-10-30,122.90428466991291,130.8490633927662,121.51726670699773,126.06077575683594,40831533
2020-11-02,125.95369928827292,135.3874716937545,124.68395153971666,132.6542205810547,34103035
2020-11-03,132.58286185508192,132.58286185508192,126.04550619824771,130.55332946777344,33221997
2020-11-04,130.03319436928174,132.58285853078868,127.48351620201709,130.31365966796875,19911009
2020-11-05,133.0927724795968,136.9172821044922,133.07238009965397,136.9172821044922,28432663
2020-11-06,138.38587859342476,140.3491212875199,132.58283212851322,134.3675994873047,28185093
2020-11-09,136.66233728111794,139.16102062503455,133.14379661867721,135.8617401123047,23811426
2020-11-10,135.29569953758147,138.64087662801543,130.31365558592023,135.60166931152344,25951579
2020-11-11,134.6786828670539,136.39716118624912,127.91185760498047,127.91185760498047,28365116
2020-11-12,132.58284541636507,132.58284541636507,128.79913431490087,129.65072631835938,17490355
2020-11-13,131.62417431991287,132.9755058073387,129.01331908416904,129.1204071044922,20479820
2020-11-16,129.46714409097356,131.40999446884214,126.1729624088887,129.982177734375,22161717
2020-11-17,131.20604241088537,132.58286448127447,125.69875412932893,127.83027648925781,24614735
2020-11-18,127.54468754122587,128.53397007953103,120.7625684798133,122.63912963867188,34709977
2020-11-19,122.89919988199252,124.19443827040224,120.91046644279173,123.45503234863281,17564418
2020-11-20,124.67378224029287,129.31928211142534,124.66868414434914,128.544189453125,22146231
2020-11-23,128.54416886630966,132.42985573890803,127.53449392751098,129.0133056640625,21764327
2020-11-24,131.5629809527105,132.12391152317625,127.48860818211173,129.8802032470703,17625538
2020-11-25,130.8490810333132,130.99185572250616,124.62787773549816,125.55596923828125,21077809
2020-11-26,125.74973761712351,125.74973761712351,121.97622250811214,125.10722351074219,15533073
2020-11-27,125.14801404640143,126.85629631711824,121.36431657750781,123.40404510498047,15179797
2020-11-30,124.42389904769786,124.42389904769786,119.33475362058573,123.81197357177734,22799224
2020-12-01,121.77226473622576,125.77523642883402,121.36431902251276,125.53047180175781,17085547
2020-12-02,125.44376982171076,125.44376982171076,120.65038395286791,124.26581573486328,21537558
2020-12-03,124.26581890507974,125.93840030445182,121.55297397704051,125.43867492675781,19239409
2020-12-04,124.96441313137181,128.14640854336503,124.60236437349292,127.34071350097656,16620811
2020-12-07,127.94247100135854,135.04585597195896,127.94247100135854,133.32737731933594,30803317
2020-12-08,135.38750675340344,137.62611719413212,134.87757108514248,135.65777587890625,20945084
2020-12-09,137.03457091778782,139.00800993943292,133.64351129846597,135.64244079589844,27654568
2020-12-10,134.18913372912004,136.40735135036022,132.07290602269103,135.0407257080078,17974195
2020-12-11,134.27075095911192,136.4175675514419,133.44974743078296,135.9280242919922,23208611
2020-12-14,135.93310224865428,137.03457091778782,133.65370748878092,135.64244079589844,19303408
2020-12-15,136.662315484449,142.46026441060528,134.85205747804122,142.01663208007812,32006269
2020-12-16,142.8835373417834,145.99413219265648,141.25174046532405,145.8717498779297,25719845
2020-12-17,144.92326134493248,146.75902401926874,143.80651225406487,145.2343292236328,15862186
2020-12-18,145.58617308920236,149.38517861543627,144.4235131946813,147.8757781982422,17122712
2020-12-21,151.32291266934138,165.72854614257812,149.56363575822397,165.72854614257812,35658714
2020-12-22,163.17378967460962,168.44650893177507,158.94644610046524,159.9357147216797,30373920
2020-12-23,159.9510055790791,167.92127544549086,156.6415293488479,162.15902709960938,31302576
2020-12-24,161.64909106460345,162.4955849803485,157.31464557296533,158.5894775390625,17061472
2020-12-25,157.5696330731804,160.73122276652714,156.04492428284306,159.5022735595703,17171881
2020-12-28,160.7312006507301,163.1788745248034,158.58946850372135,161.53689575195312,21551511
2020-12-29,161.54199517399925,162.56696439456124,154.703782947566,157.05967712402344,21914623
2020-12-30,163.17887997658679,177.4264455039754,163.17887997658679,173.3775634765625,41187027
2020-12-31,175.91705045109933,180.4656723624605,174.24956695857256,179.04295349121094,27360937
2021-01-04,182.60737883196603,209.63897958953132,182.60737883196603,206.06434631347656,40465452
2021-01-05,201.4239342478156,205.9113504647299,196.83962621076316,204.99346923828125,40941361
2021-01-06,208.05309260449357,212.13256336076716,199.38931359212702,207.42587280273438,33602605
2021-01-07,204.47843656691603,211.62261868354813,202.38261522606606,210.72003173828125,31301076
2021-01-08,213.66235695047286,216.71687243813662,202.647781665066,206.26832580566406,37812033
2021-01-11,209.01176172338361,209.01176172338361,196.83454042579137,198.87428283691406,41409068
2021-01-12,196.57957397204487,206.21732717524947,193.77493524031397,204.5702362060547,29807407
2021-01-13,203.9736359296188,209.3279390407849,190.19520572721183,196.32461547851562,49071540
2021-01-14,191.3272370278025,195.8146531572545,187.66590838375097,188.17074584960938,35291824
2021-01-15,187.65064286063804,195.80448697901392,186.1259340391801,194.055419921875,35681270
2021-01-18,192.11256814605332,199.79217726011458,191.61792679727156,195.76368713378906,25562120
2021-01-19,195.814643639221,196.8345147115475,185.89642617264366,186.69192504882812,29315989
2021-01-20,190.61333314218518,200.59784020165765,189.1396195304551,199.58816528320312,38414903
2021-01-21,197.34445732999095,203.46366997780063,193.77492245450009,199.53717041015625,31462498
2021-01-22,199.63918395010592,209.2157465047247,199.63918395010592,208.0531005859375,34279480
2021-01-25,207.18620001358332,213.32580534649193,200.06750828332295,202.41830444335938,39134565
2021-01-26,202.3469053277127,202.3469053277127,195.6922667070084,196.57955932617188,27187873
2021-01-27,199.8941196891149,200.506045151314,189.69545068891418,199.13941955566406,26709319
2021-01-28,193.77492456365866,195.3098293387834,187.6557118492439,188.6245880126953,32727648
2021-01-29,191.74026801256994,192.2451054448377,174.68298135705797,180.57272338867188,49682386
2021-02-01,180.00671496733833,181.99544833904642,176.53915579652218,178.6451873779297,31545145
2021-02-02,179.50187307291506,188.6704891597561,172.03644095486317,187.55372619628906,45155655
2021-02-03,193.26498205652086,197.63001572735058,191.2507443700344,194.27464294433594,37993129
2021-02-04,196.27872562183978,200.81203939272265,193.51998342649466,198.10939025878906,38934313
2021-02-05,201.42396252548667,202.43873571453625,190.12892095812867,190.4348907470703,33141051
2021-02-08,191.22526110798455,206.42129711789119,190.21050201267377,206.0133514404297,43924784
2021-02-09,209.68486232149223,211.62261466232408,204.38155486843226,209.1749267578125,29166742
2021-02-10,211.10758178781606,212.4385067511444,207.03320936411595,210.4293670654297,29309322
2021-02-18,215.1921489138206,215.1921489138206,197.28326911817123,202.4438018798828,42884872
2021-02-19,198.87428756848124,201.93388725220157,190.81732165976564,197.5994415283203,33642637
2021-02-22,197.59942385170305,201.83187927282827,191.17425528663546,191.22525024414062,30096631
2021-02-23,188.67557740406787,192.0105438232422,184.0249803601292,192.0105438232422,24488542
2021-02-24,191.2252518189155,192.75505853940086,173.0716070278159,176.9470977783203,54489751
2021-02-25,180.44017064173462,180.44017064173462,170.82792095598933,171.89877319335938,44236263
2021-02-26,164.70869142391123,169.80803332004777,162.05193946414826,164.3160400390625,41311143
2021-03-01,169.048220395588,176.24338307869354,167.40112956229672,175.72325134277344,36970923
2021-03-02,180.00672186774256,180.1087117896261,173.91811120843772,178.27294921875,27506035
2021-03-03,176.46268729909093,178.2882537841797,173.56115648818763,178.2882537841797,18835979
2021-03-04,175.92724852044702,175.92724852044702,164.66279654759427,166.01922607421875,32586125
2021-03-05,159.61442695671929,166.68722105210105,157.2279443900759,163.17886352539062,31153213
2021-03-08,164.70870535607324,170.68513025009818,153.428958278943,155.52989196777344,38331925
2021-03-09,152.98019409179688,158.33449605302442,147.37091736722252,152.98019409179688,49243894
2021-03-10,161.13914866551005,164.34153673721494,159.60934196740595,160.37425231933594,42774782
2021-03-11,161.13915930477512,170.05280109423413,158.74246618789633,168.9309539794922,37735705
2021-03-12,171.80187671104295,175.9272442404524,168.94114494796187,174.1220703125,34113673
2021-03-15,173.3775649764991,173.3775649764991,156.54974685998644,159.2523956298828,41472633
2021-03-16,161.64910984161216,165.72348291449447,159.8643420806079,164.70870971679688,24682314
2021-03-17,162.09783237133226,171.43981181897124,159.66034058984496,169.8080291748047,26410640
2021-03-18,170.31798899191406,174.9634889005765,170.06812626562095,171.23587036132812,20460520
2021-03-19,165.72856483476167,169.80293750997106,158.5894804817859,161.3941192626953,34148862
2021-03-22,162.66897029597422,163.68882751590655,152.41419299312307,156.95770263671875,41709389
2021-03-23,155.5298772486175,158.40590330400016,153.04140447880403,154.9740447998047,27210461
2021-03-24,155.5298686264297,155.58086358268463,145.33118550206416,147.2638397216797,45374734
2021-03-25,143.041610484693,149.58917655889582,142.80704204035771,148.67129516601562,33191800
2021-03-26,150.43054291189569,160.14479598385574,149.410671690866,159.92552185058594,42678513
2021-03-29,159.86430763820192,163.0615834267072,155.53496067177673,158.8954315185547,28013837
2021-03-30,158.900545779325,163.67862361908263,157.05968516643983,162.65875244140625,22752694
2021-03-31,162.6128647681213,166.3200763609729,159.60934437885592,164.2854461669922,28898195
2021-04-01,165.11664089243774,171.07777113188573,164.86168009435752,168.27313232421875,20400863
2021-04-02,169.782555750315,171.42963284568086,166.687255306182,169.50209045410156,16673203
2021-04-06,170.827916952856,172.35770982918098,162.7148577883963,166.1365203857422,18834870
2021-04-07,169.76211447550298,169.76211447550298,159.17589277019655,163.17886352539062,24107664
2021-04-08,160.1192576290881,164.02535041393878,158.58945112115356,163.1023712158203,14167751
2021-04-09,165.22373791613137,165.22373791613137,158.07956901585908,159.09942626953125,16782634
2021-04-12,162.2916103313281,165.74895943984612,159.66034877777662,160.6343231201172,25307182
2021-04-13,159.76231885205172,169.80801678748892,159.66032894279232,165.52456665039062,24990777
2021-04-14,168.92075231874628,177.19697784202455,167.60512159537925,176.4371795654297,33307821
2021-04-15,173.3571787267724,174.14248150853177,169.8947175568383,171.8477783203125,22453446
2021-04-16,173.37757102106153,173.5815508624699,165.52458522470408,170.2363739013672,20765284
2021-04-19,170.82792104297965,185.87097339014835,168.9666538576847,185.6160125732422,36985827
2021-04-20,182.54618292185032,188.05856852564048,180.26167598398402,183.06631469726562,25710181
2021-04-21,179.06843694493915,182.50539372260454,177.3550706574604,181.37844848632812,22319357
2021-04-22,186.63586388669077,186.94183366411696,180.32797885429798,184.7797088623047,19424422
2021-04-23,184.77971195388344,190.20541643205118,183.58136531997476,189.4405059814453,20765768
2021-04-26,190.51136225388058,193.7749417235265,177.04909869231074,177.96697998046875,46122597
2021-04-27,178.4769325173722,178.88487823905928,173.51018250136937,177.76303100585938,27325762
2021-04-28,180.01183506439776,191.22527917283844,179.49680132201243,187.16110229492188,42538705
2021-04-29,189.0886662081851,194.74384140533738,187.5894617912361,193.76986694335938,32555376
2021-04-30,190.20538378431755,199.8941171085675,187.6149072977113,197.94107055664062,46557190
2021-05-06,198.8742803261029,198.8742803261029,187.91070001912726,195.81466674804688,34142446
2021-05-07,195.81464651557926,197.62491839583797,186.70212398101813,187.28855895996094,27249352
2021-05-10,186.023931507356,190.71021541061387,183.57624359089212,187.76280212402344,22419504
2021-05-11,184.59610509873718,188.62458045510996,180.00669924824788,186.94180297851562,20541751
2021-05-12,187.14579486138916,188.2013667575021,181.32745321394788,184.34115600585938,24048288
2021-05-13,180.66963988698734,182.95414705544619,178.32394156264178,179.03785705566406,20425689
2021-05-14,180.271872174643,183.83121107152192,174.99405497903487,183.06631469726562,31783788
2021-05-17,183.57623708247894,191.67398669511078,183.571138987516,190.2971649169922,34795652
2021-05-18,189.69548678302408,193.36701224330355,186.87044133284738,188.2166748046875,16131618
2021-05-19,186.89084185113106,193.77495187288548,185.10607414242705,191.2507781982422,21143583
2021-05-20,192.65307087146303,195.7585672056214,188.72658511721852,192.6224822998047,23119144
2021-05-21,195.18743987302946,197.48724106581338,188.15035971112883,191.5159149169922,25301874
2021-05-24,193.77493654751817,198.13487254980856,191.8269879099817,197.83401489257812,30530066
2021-05-25,198.58871742276776,201.93388037671218,196.68155352597148,201.6942138671875,26923869
2021-05-26,201.42395400301524,203.96342191038678,196.15123452899007,196.53878784179688,22857930
2021-05-27,197.6045464335699,198.8742803261029,194.71831011792497,195.81466674804688,14327708
2021-05-28,198.8742692599643,214.93719063080644,198.8742692599643,208.8689727783203,49887091
2021-05-31,212.13257290310594,222.1119831188636,211.1127016667216,221.3623809814453,36011361
2021-06-01,214.1722848155003,219.78156217628327,212.3977134832008,216.8953399658203,28575642
2021-06-02,218.8126933786711,221.15329342264224,213.80004705820565,216.4669952392578,20828188
2021-06-03,217.23190053923668,218.39454638790136,209.07294520002455,211.51043701171875,22276783
2021-06-04,213.66235342532286,224.11601198653418,211.70420860765825,220.39859008789062,32418270
2021-06-07,216.1355256921569,216.20691302640313,203.97360015412,207.798095703125,38753004
2021-06-08,206.01334083696725,216.64546039832607,206.01334083696725,208.86387634277344,29937042
2021-06-09,208.56302218268493,212.13255724072332,205.50340869943236,208.75169372558594,16844830
2021-06-10,209.11883536048296,226.74726409836754,209.11883536048296,221.6326141357422,34830415
2021-06-11,225.9008154155159,233.46823890557016,219.3022682974041,230.4800262451172,35632913
2021-06-15,231.00012506557138,232.47892288997824,222.07627313009027,226.920654296875,18453875
2021-06-16,224.83502868962913,226.30874251377946,212.64761060416632,214.26409912109375,25144857
2021-06-17,216.33950615419394,223.21851732021815,216.33950615419394,221.57142639160156,18490316
2021-06-18,222.9380646313857,232.1219755931217,222.9380646313857,229.47032165527344,28080075
2021-06-21,230.3881967336419,232.4789200498261,224.483159681785,230.89813232421875,21748165
2021-06-22,229.56211023095497,231.5049467723499,224.4831606896898,229.5876007080078,15924609
2021-06-23,231.55084518343926,240.6939712367186,230.23521442632267,238.87860107421875,22402258
2021-06-24,241.26509317730165,242.15748395443842,235.5946105801863,238.29217529296875,16583842
2021-06-25,241.1987813207366,243.23852359241357,234.0597113813791,242.84588623046875,17919961
2021-06-28,242.8407973114,256.48660583668686,238.80719547208096,251.85641479492188,26359068
2021-06-29,261.92767596277565,264.96177166751863,257.1189944988939,259.3066101074219,27612324
2021-06-30,259.561499019192,276.38423233578294,253.94712378690633,272.71270751953125,26020227
2021-07-01,273.7326049368734,275.36438767609894,264.15093041932965,270.01007080078125,20384460
2021-07-02,267.27173021231556,272.89630236458123,259.8929929568784,264.9566345214844,24969092
2021-07-05,262.7373769398917,269.7165034650559,259.20189560565166,264.9158020019531,25832698
2021-07-06,265.28824018580883,275.98649316167365,256.05928154695675,262.854736328125,32499972
2021-07-07,265.28824106829165,276.7670593261719,258.7223626296759,276.7670593261719,32662243
2021-07-08,281.0984319154177,291.5620090170177,276.8385176621564,285.2665100097656,28582221
2021-07-09,285.1797729237985,285.1797729237985,272.7112418644435,278.491455078125,28189314
2021-07-12,283.7104836972161,294.3679050884239,283.7104836972161,288.64892578125,27857361
2021-07-13,285.6950515571045,295.6943751387902,281.61368126688484,287.23065185546875,24546717
2021-07-14,283.144209748266,286.65416130193876,276.0018117249862,281.29229736328125,22658167
2021-07-15,278.0425000001849,290.22534956399545,276.02734511134804,289.7763977050781,24720024
2021-07-16,289.2662581104343,289.2662581104343,269.43595240154,270.900146484375,32129087
2021-07-19,275.49164341297245,276.3487154477319,263.24756103090954,267.0738525390625,32423301
2021-07-20,262.7374004679587,275.11922291093134,262.7374004679587,269.3900146484375,23400984
2021-07-21,270.40015638800895,283.6951558274751,268.35437089352627,283.5421142578125,32768839
2021-07-22,283.9604750518933,287.5775640771195,278.39450903070156,284.2053527832031,19590478
2021-07-23,283.1442637893052,287.73069178706385,278.5527353388001,279.0679931640625,16799171
2021-07-26,277.5323482287457,282.08814475769276,266.56368622743076,275.3794250488281,22912164
2021-07-27,277.0323667444797,285.28181536632843,252.5340270996094,252.53402709960938,32122859
2021-07-28,253.04416874226297,272.07350553175473,253.04416874226297,267.8646240234375,39104537
2021-07-29,278.55269713269706,284.5420851078394,269.8797987937716,284.0625305175781,33516448
2021-07-30,288.24590578405673,297.020841057704,275.4916651413422,280.79742431640625,36325823
2021-08-02,284.16451759833893,293.34244314889827,271.85920278371105,281.6136474609375,32935102
2021-08-03,283.1442302432353,283.65438755530926,266.8187758899341,270.900146484375,22028954
2021-08-04,272.43063688854994,291.3018327370265,267.83910914309985,290.2865905761719,31320775
2021-08-05,288.7560473198213,288.7560473198213,278.82303071027144,284.1645202636719,23362619
2021-08-06,288.1387505435739,289.2662306044228,274.9814909311247,277.4710998535156,25868241
2021-08-09,271.41030222859405,271.6654089076197,256.61027549379236,263.2475891113281,33449599
2021-08-10,260.7018294798473,264.87500790878613,254.5747016069355,260.441650390625,32430335
2021-08-11,260.1865903604615,266.8187755308078,257.5745143045135,263.88531494140625,20225581
2021-08-12,261.2120072680555,261.71196362504134,252.0238519365486,256.1051940917969,30809131
2021-08-13,244.88146410085193,270.3389401717863,244.88146410085193,256.1307067871094,49906373
2021-08-16,252.02384969080396,257.06940135369604,239.71853384184388,243.3509521484375,39679164
2021-08-17,247.43235568139403,252.4320039547542,243.47342386616236,244.88148498535156,28099148
2021-08-18,248.2179797903042,256.56436502433974,243.5601461490447,252.53402709960938,28723465
2021-08-19,256.10520166311466,260.0488037166425,246.92214651175016,256.6153869628906,26016332
2021-08-20,254.57466260890345,254.67669965314522,246.15684466683345,252.07992553710938,22549690
2021-08-23,257.6357053889585,266.9309986436504,256.1103059673804,266.2575988769531,29203975
2021-08-24,263.4516452299196,275.5426584789573,262.7986192573644,266.8187561035156,23964681
2021-08-25,267.32895391960324,271.5123334425453,260.7987779616637,270.5124206542969,17154624
2021-08-26,275.48147415849826,285.15428549862463,265.74232891589855,265.7984619140625,30236859
2021-08-27,265.2882697036609,267.32895495299204,256.1052141061324,258.9111633300781,21524682
2021-08-30,258.8855670122205,268.24719209161583,254.5032149130997,257.7580871582031,28285799
2021-08-31,261.17625132262606,261.17625132262606,247.86592346024355,252.4676513671875,26571756
2021-09-01,251.0035116911609,252.0238542454356,240.54503554041997,249.32504272460938,26032815
2021-09-02,251.00353235020233,253.1003225997072,247.83026646498533,251.76876831054688,20636796
2021-09-03,254.0645196619308,257.0643139786294,245.3304162563303,248.19757080078125,20307641
2021-09-06,251.51371307371778,264.2679552026646,246.4120274319249,263.29864501953125,26625522
2021-09-07,262.7374151717717,268.68599923078267,260.18657273867285,262.2323303222656,16960017
2021-09-08,264.7780995391635,267.1146669412026,255.08485908802302,256.6153869628906,17530911
2021-09-09,259.9315019942146,264.7679360111937,250.39132979851257,258.75811767578125,19829176
2021-09-10,251.73816553669886,257.01332212222655,250.3301044665242,256.15625,20334484
2021-09-13,256.1562814533139,261.2579672453171,253.04422061181202,256.5133972167969,16144138
2021-09-14,258.7172397873281,276.00177154738185,256.5745178898144,270.3388977050781,42090582
2021-09-15,270.3899682540591,271.40518234752454,261.10997654379463,268.0176696777344,18902617
2021-09-16,266.81878624358495,266.81878624358495,254.06454467773438,254.06454467773438,20268734
2021-09-17,253.5543592376157,259.6763866637053,251.0698226851884,256.6153869628906,14748906
2021-09-22,252.32998628099318,255.59508869214488,249.013879343253,251.67185974121094,11563056
2021-09-23,257.5642814097181,257.5642814097181,250.90146632964573,251.50856018066406,14348557
2021-09-24,252.4676707011829,261.46708113417225,250.23824091740389,255.07464599609375,18472485
2021-09-27,257.63568872834384,265.1862065946512,254.97770892301727,261.9721374511719,26093275
2021-09-28,261.2069096000439,264.2424069845939,254.1665487674667,255.30422973632812,16600509
2021-09-29,253.04414994550459,261.1048527220085,252.02383549161416,256.3653564453125,16911835
2021-09-30,257.63570490835235,271.66539448238456,256.1103054896198,268.2115478515625,30085623
2021-10-08,272.43060302734375,280.62904607462184,266.76772885329785,272.43060302734375,22530465
2021-10-11,272.94083244729177,274.2672582765966,264.2985366381112,265.7984619140625,14095598
2021-10-12,266.09430333644025,266.6248904013824,254.51344825252474,257.63568115234375,17263229
2021-10-13,257.63574504519846,266.5637230674297,257.12558768368353,266.4412841796875,13774039
2021-10-14,267.8390998805272,272.8795793222827,267.8390998805272,271.5633544921875,14114797
2021-10-15,271.410294275732,295.321969740277,269.4206415941907,290.2865905761719,41312338
2021-10-18,296.40861904828716,303.6734282052223,290.79674867450046,303.56121826171875,33606388
2021-10-19,308.14250266951325,313.7441718771712,298.4492903112994,301.3062438964844,27160119
2021-10-20,303.5509772149889,312.9279055810043,299.46963493982685,300.74505615234375,22439849
2021-10-21,301.00015976543517,305.591687721262,295.8984744920554,304.0611877441406,18256134
2021-10-22,309.1526686434849,309.1526686434849,301.1685273568274,306.81610107421875,19838885
2021-10-25,312.2238701923574,318.9376900400911,307.8006856198844,311.59637451171875,25293762
2021-10-26,313.04525567128155,314.67269219026775,304.02547069088155,305.076416015625,26689845
2021-10-27,306.10185110499884,313.7747802734375,303.30100243818634,313.7747802734375,24387433
2021-10-28,318.85610399994437,323.9577891089846,307.59665996647266,309.77508544921875,31109162
2021-10-29,313.90233588734685,329.3094551193422,305.561051669525,326.1106872558594,36483663
2021-11-01,327.0187634708489,346.40521415654456,321.9833850622987,331.61029052734375,39923386
2021-11-02,334.16115063098994,339.65058158913763,330.5899658422023,335.691650390625,23653420
2021-11-03,332.12044490772297,334.6815159497595,320.38654875791184,326.5085754394531,22969134
2021-11-04,330.5900491229918,334.16123481141676,324.4935227815439,330.00335693359375,16561816
2021-11-05,325.998468716279,331.4981010864682,323.4425257539936,323.4935302734375,15399153
2021-11-08,324.97813178980726,339.2526716130012,321.91710390919627,337.12017822265625,22085217
2021-11-09,340.6607686434572,340.7934084238877,333.2071864584232,338.3854064941406,12014249
2021-11-10,332.18676880845385,334.91108222997025,323.957723582893,330.5899353027344,22931686
2021-11-11,332.12051277920796,339.32921727436997,331.6613599836494,334.5948486328125,13862543
2021-11-12,335.18154264327796,337.66097896302705,323.40681238727666,327.0188293457031,20556270
2021-11-15,327.0136595234793,327.0136595234793,310.1627498014085,316.3052062988281,25213678
2021-11-16,316.30524652103026,318.9172943766975,309.67303377263966,313.73907470703125,15180323
2021-11-17,317.8357288403258,321.6262891198841,315.0604106315174,319.3050231933594,13610957
2021-11-18,319.30503603448886,324.8046681581716,313.03503953050443,319.3662414550781,13549093
2021-11-19,321.91710361731305,325.99847412109375,316.33076347145186,325.99847412109375,15222222
2021-11-22,329.0543872714172,347.42559814453125,327.58509283282064,347.42559814453125,27556183
2021-11-23,347.0735574566241,347.0735574566241,339.7730178894855,342.83404541015625,17876113
2021-11-24,341.900465990348,344.77272098913505,331.7837758098724,336.0998229980469,15390637
2021-11-25,333.1408156954382,335.94676468047356,329.20741468925974,333.6510009765625,10479650
2021-11-26,332.12046560183734,341.20148315466173,332.12046560183734,335.691650390625,10530399
2021-11-29,333.65099484784497,349.2111552082791,333.14080957609207,346.8133544921875,20637469
2021-11-30,349.34383952578554,349.8029923166926,343.5126215008357,346.9154357910156,12938635
2021-12-01,346.9153874132587,349.4611292168213,338.80880837282575,342.83404541015625,12572227
2021-12-02,342.8238222170093,351.60892887368675,341.3034954461635,350.9967346191406,16522120
2021-12-03,351.4865435716831,353.0374732854259,342.32389003968854,350.4866027832031,14540695
2021-12-06,344.92574474629066,347.01743433388685,334.67134289592303,335.3243408203125,20270187
2021-12-07,337.73234072713075,338.2425260046656,312.3258985907493,320.8967590332031,39850464
2021-12-08,323.85065135213375,328.9472640298307,319.4938003898664,325.99847412109375,21395883
2021-12-09,325.99852209793795,326.508679473759,317.78477536127895,323.34564208984375,24168976
2021-12-10,317.4377492044577,333.3244489908975,316.90719020353356,326.4830627441406,38491952
2021-12-13,326.45760390545644,337.04871982198006,321.44772728961544,335.8753356933594,28949000
2021-12-14,335.35495043475004,335.35495043475004,328.5390935419682,332.1255798339844,15805944
2021-12-15,331.319503639422,337.2221833553366,330.0542833858237,331.1001281738281,12686428
2021-12-16,335.3345539006916,335.3345539006916,330.1206310971011,334.1917724609375,11070399
2021-12-17,332.12563209249925,333.64595927594723,326.35561910716314,332.21746826171875,24568345
2021-12-20,331.100173971923,331.100173971923,310.0199767730053,311.3106994628906,27920433
2021-12-21,309.1628646168005,313.5962504095909,303.0816404666703,308.1782531738281,22618404
2021-12-22,310.5913250807439,314.77470423941577,307.6323345407541,311.3259582519531,15051312
2021-12-23,316.13181083510796,318.60104631962895,314.3309027576333,317.361328125,14349274
2021-12-24,318.34588804860056,318.98361263811057,287.2255390137189,294.2658996582031,44294551
2021-12-27,292.9394752272172,299.97470809849136,292.5823595102225,295.1842346191406,18330377
2021-12-28,294.87809493574383,299.6124629851602,290.7508207441236,298.44927978515625,17387233
2021-12-29,298.4493085609179,298.95436541177475,290.6845148764987,293.6282043457031,17935133
2021-12-30,294.36790962592,304.20909078532577,293.63837690633125,301.0001220703125,22357702
2021-12-31,305.2346140099764,309.15781512125045,296.91885802284446,299.9798583984375,16868010
2022-01-04,309.16287502937473,309.6730603747103,286.20523510084536,290.2253723144531,31422321
2022-01-05,288.9601405193911,289.2050182657291,275.4916682995662,279.31793212890625,29984185
2022-01-06,274.7315120006937,279.06286081716365,271.30316741288067,276.24163818359375,24988683
2022-01-07,280.59336364219115,283.6543916320152,269.3696503950952,275.440673828125,23705042
2022-01-10,272.93063998128,280.08321163995737,267.4514090235486,274.6754150390625,26753230
2022-01-11,276.05796535808247,280.54235575582186,273.6601643318104,273.80810546875,15250098
2022-01-12,281.10352458125305,290.77633519703346,281.0524920390654,288.26629638671875,34495493
2022-01-13,291.30690769754506,296.91877756473417,283.0115277453989,288.2458801269531,25019535
2022-01-14,284.1951500412583,296.3065649060701,283.6543620405126,294.5719909667969,20903072
2022-01-17,300.4185123092121,310.43823669189567,295.2861972511855,309.5964660644531,25835119
2022-01-18,309.5964521852213,310.0658057770046,298.9594055314097,299.3675537109375,19263009
2022-01-19,300.74504515122896,303.5509661112348,284.9297778553982,290.7916259765625,26077390
2022-01-20,288.75612979214816,294.87815827405547,287.404173545156,290.3529357910156,14517649
2022-01-21,287.22555412430563,295.6943779396058,281.6136839343282,290.53656005859375,17851316
2022-01-24,287.7357341175647,302.1531137251794,285.1899641485773,296.40350341796875,20811832
2022-01-25,292.4343985326183,297.59731675924144,288.24589077741757,288.552001953125,12958612
2022-01-26,291.7150599707121,301.3062639319211,289.01117580681347,299.7247314453125,20886616
2022-01-27,298.44931244926494,303.5458971905368,290.7967566347195,293.3424987792969,23306738
2022-01-28,303.34691111112045,308.1424844650671,291.02119379686434,302.3265686035156,43797121
2022-02-07,309.1629021682662,311.19338677446206,292.92931029745125,295.61279296875,26151946
2022-02-08,295.6127560808884,295.6127560808884,266.2167771556363,275.930419921875,37170534
2022-02-09,274.9814769305338,281.05247136546103,268.85942193271444,279.16485595703125,20690481
2022-02-10,281.5116043392939,281.61364138454485,255.02871736709284,264.31890869140625,52620456
2022-02-11,258.1459018837887,262.0129973864554,249.4730035014183,249.97808837890625,43163724
2022-02-14,247.94248895257692,261.6609386782124,247.4629343881694,259.1662292480469,35331415
2022-02-15,264.77809384699026,270.5583068065286,260.69672363436456,268.85943603515625,27271490
2022-02-16,269.36963288208926,276.7313785161212,267.32384723633066,270.798095703125,22872229
2022-02-17,270.37972469709683,277.2772445788083,268.13499358483597,272.9407958984375,19344994
2022-02-18,270.38998176487127,272.94082430428443,266.80856767633395,269.1145324707031,20492602
2022-02-21,268.6043445863847,268.6043445863847,257.87548897186946,260.1865539550781,28135135
2022-02-22,258.47753603497654,259.1662652666747,251.19229632663274,257.1255798339844,24539131
2022-02-23,258.1458640313178,264.8035784284981,256.3500567737271,264.778076171875,27779814
2022-02-24,259.16622267436935,266.0943174726099,255.5950377662947,259.0131530761719,29088041
2022-02-25,265.7984353636291,272.94080518341167,265.74230237107224,269.7777404785156,30541028
2022-02-28,267.32892391732224,273.70602955055205,267.32892391732224,272.1040954589844,17938261
2022-03-01,275.0834862863886,279.6138081111535,270.38995001670725,273.54278564453125,17548257
2022-03-02,270.9001352551567,271.3031550310754,259.61518918697766,262.1456298828125,24143277
2022-03-03,263.8597977902264,264.67606625705866,258.6407464249947,261.71197509765625,15658068
2022-03-04,257.6356997299566,259.6763848660126,248.9628299384088,250.89637756347656,29310030
2022-03-07,242.33062283010088,247.432335787539,231.62216810802866,232.07110595703125,44278675
2022-03-08,236.708530988638,237.9737512075434,226.0102781056894,232.35678100585938,40957308
2022-03-09,232.63737316386874,241.8204415643061,228.55601721491269,241.55003356933594,42223354
2022-03-10,249.98315692495808,257.9162925730539,247.59045669463802,250.39637756347656,43131047
2022-03-11,245.3049090057581,252.53401465407592,241.8714642548527,251.79428100585938,30783909
2022-03-14,246.4120011239671,248.56999676907662,236.20860290527344,236.20860290527344,29323825
2022-03-15,235.18824355955095,245.5395821753504,229.88247069767837,236.3106231689453,38283638
2022-03-16,242.9428619140216,256.8552156734765,239.00945997648674,256.66644287109375,50802575
2022-03-17,264.01286007847943,272.9408374199029,262.7884432699612,267.58404541015625,49734142
2022-03-18,264.7780993251443,267.5687190307212,257.1255440303726,260.441650390625,29505252
2022-03-21,265.2882995605469,272.5327077889793,264.06388266825377,265.2882995605469,24541336
2022-03-22,265.28828746396067,265.28828746396067,258.6560739718574,261.71710205078125,18410862
2022-03-23,265.28824666663934,266.8085455553425,260.1355294705361,262.8853454589844,15139738
2022-03-24,260.16104643986034,264.10467658999823,254.25839438101482,262.22723388671875,15265044
2022-03-25,261.16613986379593,264.35980805625695,256.1052575231488,256.1409606933594,16710550
2022-03-28,259.61520305441826,259.61520305441826,243.90197091696967,248.45266723632812,26903721
2022-03-29,248.4526158396065,255.0848277507009,245.90177372748,248.401611328125,20224704
2022-03-30,251.00349466046748,264.778076171875,251.00349466046748,264.778076171875,29190562
2022-03-31,262.8139479006369,264.26791294282924,256.6918924801232,261.3599548339844,17323059
2022-04-01,259.16624338983786,267.58403505853954,257.7020493333992,264.7270812988281,17132833
2022-04-06,263.51290528073247,264.2679403647989,256.6154123317765,259.25299072265625,15377058
2022-04-07,255.3654534624648,257.6356868376511,248.4781624912667,252.646240234375,21524547
2022-04-08,251.3606428983198,257.56940628564496,249.47299924782394,252.53402709960938,16842834
2022-04-11,242.46836056152688,243.8611201976152,230.64774122386075,234.16790771484375,37328769
2022-04-12,235.0709015166503,241.19802915985238,234.93314728731758,240.80010986328125,22496761
2022-04-13,237.68298499662723,245.7997654348545,235.6984048276076,237.7390899658203,17141619
2022-04-14,242.3306126948621,242.8407979814983,231.61705796901705,234.57603454589844,24754266
2022-04-15,230.15797739724036,233.14247041205482,220.78616320895455,230.01513671875,35980387
2022-04-18,225.49500536589377,230.58650293878873,222.0768622026704,230.08653259277344,21523710
2022-04-19,229.81105087943737,234.4637977927773,223.68390911559206,224.60731506347656,25887839
2022-04-20,223.9696094966305,226.0051941987792,207.01667461011058,207.6390838623047,56159307
2022-04-21,210.12873781780513,212.9958927544145,203.50673901991135,208.715576171875,38009822
2022-04-22,208.14927529269235,215.89365350145184,206.61876127914005,211.83779907226562,35505939
2022-04-25,202.94552804921287,207.17994011932265,198.96620864056015,199.01722717285156,38369714
2022-04-26,196.9816308716342,199.98652556361668,192.333984375,192.333984375,33318918
2022-04-27,187.23228402398004,208.53696871710602,187.09964425621285,207.66458129882812,56902330
2022-04-28,204.05768458513526,205.34332072009525,194.88484430366714,197.69076538085938,46651908
2022-04-29,201.0068837793362,209.1593959803084,191.3238576165556,208.83799743652344,60565782
2022-05-05,186.21195168295205,196.55820444194995,180.08992405203549,191.82382202148438,108498972
2022-05-06,184.6814556482929,197.29795626415535,184.5896194868917,191.8187255859375,43344171
2022-05-09,190.80347975583823,192.31359186462038,185.55383958158995,187.99755859375,30002457
2022-05-10,183.30397679284542,196.41533188873575,182.2020130404717,193.4410400390625,43988023
2022-05-11,193.84919392708719,213.64888235663724,193.6094166341891,209.04205322265625,57157153
2022-05-12,206.31263382694988,208.76143907485474,202.9863267202611,205.85858154296875,24157449
2022-05-13,207.63908887163055,213.48053555284733,204.3280828745104,211.618408203125,26738343
2022-05-16,212.73567816840583,218.25061161446288,207.64418029785156,207.64418029785156,25898056
2022-05-17,209.15937869626936,216.60785974443604,208.27679037153155,215.5773162841797,25001735
2022-05-18,216.53647164440608,217.33233839677084,211.43477211270206,213.76113891601562,19281625
2022-05-19,211.43987256514512,215.24063444253386,208.48599597678367,213.76113891601562,22739320
2022-05-20,218.35264922156483,220.3933344721129,212.99587145722236,217.79147338867188,28488157
2022-05-23,217.79147423647916,217.79147423647916,209.16959443280462,212.58773803710938,24825189
2022-05-24,211.03681079186774,211.0419112436354,205.00150506654356,205.108642578125,27022824
2022-05-25,206.36366591000743,207.15951855990497,201.26196695674312,203.54751586914062,25082787
2022-05-26,203.29756338089445,205.00153488606173,198.3948374794465,198.97132873535156,25307658
2022-05-27,202.02719060457255,208.73082291344272,200.05283957401022,201.21092224121094,33804343
2022-05-30,205.23616896568498,207.74110716391363,203.4556770318136,204.98619079589844,22553179
2022-05-31,204.01688652335616,210.18483222637096,200.75179858520454,208.14926147460938,32039139
2022-06-01,209.22060970813868,219.88316059206926,207.1289199617577,216.8374481201172,34521226
2022-06-02,215.6895479865616,226.40311649853632,214.78654386906325,222.84213256835938,31405993
2022-06-06,222.94418282632634,239.2747096588985,222.94418282632634,237.7340087890625,34268050
2022-06-07,237.32584404211272,238.24414956256308,229.98451434254426,234.16790771484375,22967116
2022-06-08,232.63738498408048,234.67807006835938,217.32720244929746,234.67807006835938,72974570
2022-06-09,227.0306645277375,228.55606411260058,219.62810052114142,220.06173706054688,36460328
2022-06-10,218.33733853689412,232.5353709507528,218.33733853689412,231.6170654296875,44579404
2022-06-13,226.5204629319888,231.70888342827453,223.58698857132487,226.02049255371094,33518847
2022-06-14,223.5665871149307,225.80113158724188,218.7097797415731,225.4031982421875,31465922
2022-06-15,230.59671683101493,243.86111399781495,227.59180814649923,237.56564331054688,68151504
2022-06-16,237.73910452436448,241.8765800233516,231.87725586312794,234.83114624023438,43236406
2022-06-17,230.7497410131282,250.33006524696228,230.1987661637331,247.9730682373047,50928964
2022-06-20,251.93712073392203,263.3037015765893,251.93712073392203,258.4111633300781,45205713
2022-06-21,257.1255408389739,261.6558349090078,253.10030358580394,259.0896911621094,26219894
2022-06-22,262.2272522099962,266.43616220029475,258.6050623722867,258.65606689453125,26393711
2022-06-23,262.737422523176,273.94586181640625,261.1456891777323,273.94586181640625,31884951
2022-06-24,279.57301568278086,287.4806213378906,270.2828233240234,287.4806213378906,34742223
2022-06-27,287.7306146566283,288.2305709896304,278.0373749570524,280.0831604003906,29923169
2022-06-28,278.04247535088945,280.26683264095846,267.89011095590496,277.5323181152344,33557880
2022-06-29,271.91536739297754,276.7670740278384,268.3441824146559,271.685791015625,26249374
2022-06-30,271.6755680838485,275.389593434288,268.6910754202574,272.43060302734375,23537014
2022-07-01,271.9102573598423,273.45095804990154,264.11486170803096,266.6351013183594,22127004
2022-07-04,260.19166690522223,268.18090790304643,260.18656645355554,266.30859375,21947776
2022-07-05,267.5840162897754,273.53770068688493,261.5538251172777,267.2626037597656,27826927
2022-07-06,268.915569114274,272.1653415108549,262.52313380611355,266.30859375,23546433
2022-07-07,271.33382039597444,282.91467822752645,270.9001698286652,280.5933837890625,44282584
2022-07-08,283.14419827086834,288.2305815586809,273.05813937187037,276.0018005371094,29838616
2022-07-11,272.55305214308714,273.19587718153315,263.4006281814967,264.5229797363281,24852675
2022-07-12,264.778073264337,267.99214224837164,254.89098860242493,256.9673767089844,27234444
2022-07-13,259.3192795308398,277.13950195993255,255.9878717025537,274.98150634765625,44216049
2022-07-14,273.19587801759224,286.71538147674596,270.5174963981218,283.6594543457031,35920159
2022-07-15,280.3382309941435,287.45509798093894,271.9204406738281,271.9204406738281,28553074
2022-07-18,276.51200497575195,281.63922025582264,270.568521217298,281.44024658203125,25867899
2022-07-19,280.87906307943285,280.87906307943285,267.32895558882717,267.6401672363281,29355679
2022-07-20,270.379760570145,273.0122384413574,266.74736988214585,268.34930419921875,14104630
2022-07-21,266.81877654069893,274.49683467248224,264.38017189704857,265.7984619140625,15852758
2022-07-22,274.32849615348135,277.527264391032,268.36971066861224,271.4103088378906,25707144
2022-07-25,271.4102849749925,272.4051252939024,264.7781002556409,266.1810607910156,15567944
2022-07-26,266.19635578887215,269.36962141045205,262.8649481411638,266.30859375,14344684
2022-07-27,266.05351627032195,266.3595994205713,260.7987619056758,262.8394470214844,16803950
2022-07-28,264.52298533240895,268.706392573413,261.72726525254023,263.04351806640625,16681528
2022-07-29,267.3034165218416,267.32891877850346,256.6714696706032,259.4722900390625,21442467
2022-08-01,259.0998792575959,273.34891520479704,257.4316392893296,272.89996337890625,29338606
2022-08-02,266.4514357694324,271.634755789749,265.0076716469246,267.2626037597656,21857407
2022-08-03,267.32897897297187,272.3694591004634,254.47269998127263,257.1255798339844,30646024
2022-08-04,258.65602307911274,259.7222976580286,252.5850006638933,255.5439910888672,20457131
2022-08-05,255.08482962494418,262.1761942893036,252.5339874940753,257.96728515625,21929533
2022-08-08,253.044209212635,258.23775896848866,249.47302371421503,255.85015869140625,16136447
2022-08-09,255.5950578843356,264.5740393899192,253.8094512775223,260.9824523925781,20354166
2022-08-10,260.2375897510912,261.61504809403436,255.0848720951416,257.1153564453125,14488349
2022-08-11,257.1969607860299,261.72725460239775,252.02384194377453,260.1865539550781,17641278
2022-08-12,260.2886013284433,261.20690681643157,254.02370538895133,256.1051940917969,13290849
2022-08-15,257.57963647054333,266.81879802356104,256.55419328472647,263.29864501953125,24763573
2022-08-16,265.23724563535353,274.471305072554,264.3597437564533,267.2268981933594,28975260
2022-08-17,269.1043158383356,280.5780341675485,267.31873737489286,279.0628356933594,33031182
2022-08-18,279.0628398413308,285.6950525743215,276.7415737921221,277.9404602050781,25704079
2022-08-19,280.0832074999453,280.4352227776859,270.40019509926435,271.4103088378906,19385294
2022-08-22,272.4306531511989,283.48095113616387,268.96150487520515,281.3739318847656,25749649
2022-08-23,280.5831177632749,288.0724300297863,278.272052790815,284.1083984375,23681118
2022-08-24,292.34254064137133,293.3475817727602,266.30857597166363,267.32891845703125,54123109
2022-08-25,267.8391041401633,268.61966944720194,257.6816383183067,262.22723388671875,32431541
2022-08-26,261.71708914105545,264.7679161647631,256.6154039522968,258.5438232421875,21990571
2022-08-29,256.61025090040664,258.54379848169793,253.20743695790168,256.1051940917969,20269787
2022-08-30,256.10522024654045,256.10522024654045,247.84047001060821,250.74842834472656,28108942
2022-08-31,245.74364476326986,249.88111974451434,242.08572431323725,246.41197204589844,31410284
2022-09-01,244.88145381665478,247.43232418802054,238.07579791567304,238.52474975585938,27857806
2022-09-02,242.26943260829768,242.84082337440253,235.58618681351027,237.8717498779297,20809578
2022-09-05,235.70350047431987,240.80011276420777,234.17300066409103,238.94309997558594,16398016
2022-09-06,238.75943911318706,238.94311142998157,226.45415054839958,232.22926330566406,49544220
2022-09-07,230.33651614668452,243.09076964026426,229.57636671322348,241.7796173095703,39019881
2022-09-08,238.93799424774772,240.28992217177463,228.81111779961267,229.3212890625,38794735
2022-09-09,230.9028436001816,231.83645057202105,227.79081101922895,230.708984375,22044153
2022-09-13,234.16789941562018,234.78010774496636,227.96933737226556,233.1016387939453,18365202
2022-09-14,229.57638255594668,231.10689644372977,218.49549675872834,221.56671142578125,46608814
2022-09-15,221.5667218218011,221.92385155426845,209.7818049683852,211.3888397216797,45690469
2022-09-16,211.36332695165171,213.40399811741392,208.65942889937284,209.16958618164062,26933774
2022-09-19,208.9808288937167,215.08756910279936,208.67983217164127,211.0419158935547,25135846
2022-09-20,213.25094456292507,219.37297172867125,211.72043076537375,214.7865447998047,29824254
2022-09-21,212.74077627274488,216.03646672229488,210.88884992776858,214.42433166503906,15857749
2022-09-22,211.87350333770252,214.27129026356576,207.12891999341355,211.71534729003906,17355769
2022-09-23,212.21018587383736,216.72009200990385,209.1950903720299,212.9142303466797,21633278
2022-09-26,210.72050786491297,221.92384683063122,210.72050786491297,218.68936157226562,33903271
2022-09-27,221.35753407734975,222.09218124826657,215.80688368981407,219.11788940429688,20811470
2022-09-28,218.17407093239584,219.10909889595027,210.91351452169573,212.95730590820312,19255393
2022-09-29,216.75365028862566,217.40765627736837,212.08360434918333,214.0865020751953,16010600
2022-09-30,214.22957768349113,214.699645811151,204.63400469266873,204.83326721191406,21265219
2022-10-10,205.40040768465119,206.67778434816475,199.89752633129072,200.73036193847656,20637635
2022-10-11,206.4223196563048,212.7069549560547,205.8551673481602,212.7069549560547,33199448
2022-10-12,212.5536834702814,223.9375674577122,211.2711984717492,223.7076416015625,33326544
2022-10-13,221.75070127881094,223.9375508581521,219.2010701524278,220.7288055419922,18798139
2022-10-14,223.7944859142029,226.01199889238225,218.98138181877437,223.23756408691406,24417619
2022-10-17,221.23976354590857,221.23976354590857,214.98066941309952,219.3748016357422,18967064
2022-10-18,221.25508037744555,224.24411631716936,218.90983398725803,219.4718780517578,16383456
2022-10-19,219.71713341135919,225.8382775672705,219.5434119724407,220.39158630371094,22199479
2022-10-20,214.74053757065258,216.4726438509981,206.42232681851624,212.04273986816406,30816329
2022-10-21,208.46610288848942,213.04417286416745,208.05734739245887,211.0208282470703,14867787
2022-10-24,207.76099984826453,211.53178953602668,203.87270715692355,206.4325408935547,26158908
2022-10-25,205.91136904280162,208.50186601506755,200.2807398304568,205.2471466064453,25270290
2022-10-26,206.93326372714046,208.75223765232877,203.3975082613708,204.92013549804688,25330294
2022-10-27,203.35664256188198,205.43619163118333,199.2690734790898,199.42234802246094,27507124
2022-10-28,196.86762233485325,197.99169646344072,186.49540404856842,186.75088500976562,43328205
2022-10-31,183.94068537565815,194.2720242798738,182.19325447801364,190.52166748046875,29798280
2022-11-01,192.37130759913254,198.69682285899225,188.0895699656526,197.32748413085938,35849674
2022-11-02,196.71433761755713,202.53401299488314,194.16472037279144,200.03549194335938,25680544
2022-11-03,199.2690533650226,201.3128306833413,194.68586150293538,196.26467895507812,26491411
2022-11-04,197.1230975018101,208.62449861328406,196.2033940701787,206.626708984375,37748053
2022-11-07,208.46609137077579,211.80767824221232,206.9332478201807,209.7434539794922,26600601
2022-11-08,209.74349309200105,216.02812896433576,206.16687150721094,209.38583374023438,21745580
2022-11-09,207.44419482128788,208.25148933391395,201.82378252566986,202.87632751464844,19693963
2022-11-10,200.80189509483324,201.31284296397178,196.20337830614577,196.86761474609375,23263520
2022-11-11,204.88944807009275,207.28579044282415,201.42523610114554,205.64566040039062,35067544
2022-11-14,206.47340739319878,208.46610271404504,196.99535162172964,197.8282012939453,33267061
2022-11-15,198.32891270462505,203.09093443393962,193.1377026295725,202.4267120361328,31093176
2022-11-16,200.807020102851,201.404835755508,195.835518953083,196.23916625976562,24486593
2022-11-17,194.98732224282378,195.17636831748524,189.0552385755446,191.66616821289062,25590895
2022-11-18,193.1377046727958,197.7362214507195,189.56108363075725,194.56324768066406,29533201
2022-11-21,191.66618609469919,197.1486490734085,191.24721414862384,195.38587951660156,14469676
2022-11-22,194.15961316478342,195.62602199426593,190.58299188776425,191.60487365722656,17705233
2022-11-23,191.60484724574974,195.6362114590812,190.83843251590815,193.91432189941406,15892968
2022-11-24,195.75375753211736,195.80485372616508,191.6099839002483,192.4326171875,15383754
2022-11-25,190.61364370334957,191.60487618994637,189.56109859044574,190.17422485351562,11050101
2022-11-28,186.49540561063432,190.23042362278494,183.95089661044605,189.2085418701172,20005291
2022-11-29,190.07714011213415,194.87491941148045,187.77277350269085,193.08660888671875,21090999
2022-11-30,193.64866680996724,196.71434020996094,190.15889921054477,196.71434020996094,25275520
2022-12-01,202.92232236811404,205.477061695276,201.78290961054896,201.95152282714844,37687496
2022-12-02,202.84571233373515,204.01577454219446,200.18879430362134,200.2296600341797,14926618
2022-12-05,200.22963141571873,202.77926250514133,198.24716662590376,200.4493408203125,21777253
2022-12-06,198.8194169467676,206.4427266468157,198.75810432926548,204.38873291015625,24590095
2022-12-07,204.37853136912352,215.45583745185698,203.86758349700915,213.73394775390625,43939510
2022-12-08,213.7390676347536,217.1521979227274,211.53689327226564,214.8376007080078,18780748
2022-12-09,215.40473964644056,217.5098437410854,214.85292605285682,216.9477996826172,16837092
2022-12-12,215.1595049035299,216.4011101386702,211.6033164615474,211.7106170654297,15821915
2022-12-13,212.0427175937123,212.50256926703997,205.42596452011512,207.1427459716797,20287272
2022-12-14,209.48797593604547,210.4843305728192,204.01063567580306,205.55369567871094,16555107
2022-12-15,205.45664779207434,216.72812386828207,204.8894954300336,216.53907775878906,31137795
2022-12-16,213.8361401370532,216.02809794797312,211.47046089162637,213.58067321777344,16096048
2022-12-19,214.08651667126574,219.75802589394817,213.60623208690964,214.80184936523438,18190548
2022-12-20,214.59746777629084,214.9040449497898,208.97706869843609,209.2427520751953,14617431
2022-12-21,209.48799533301474,210.75003342960238,206.68291112420428,207.86318969726562,9725493
2022-12-22,209.99381432263237,209.99381432263237,204.37852420892057,205.40040588378906,13302828
2022-12-23,202.79460359490147,205.82451946390074,201.3639522748064,203.60189819335938,13294368
2022-12-26,203.60191117356229,208.08291151234866,199.8311213073173,206.38145446777344,20722221
2022-12-27,205.51795208014263,207.43911853005585,202.67198798612336,206.20262145996094,14651478
2022-12-28,203.3872918050435,203.50991705313305,194.30266667906858,201.31285095214844,33352779
2022-12-29,199.78002265230407,203.25445148325608,199.4734454964717,201.29241943359375,17815449
2022-12-30,203.61209980220053,205.4004103137385,200.80189356019537,201.01649475097656,13329448
2023-01-03,200.29094712791465,200.5821855888187,195.038424366745,199.08511352539062,18867664
2023-01-04,197.48076462977212,197.73623156002446,195.20704720286136,196.20849609375,35284071
2023-01-05,198.2471720650282,209.57485094933472,196.71943665569543,208.21572875976562,46877868
2023-01-06,207.4442084315739,217.1419736838318,206.45297599664931,212.89089965820312,33106491
2023-01-09,216.068990277105,216.068990277105,211.5317858196065,212.86024475097656,23112543
2023-01-10,213.4018420181344,222.2616491472203,211.1741126799238,220.7288055419922,32869173
2023-01-11,219.9624006745257,222.77260706071303,216.6412463968897,218.61349487304688,22035250
2023-01-12,220.7288092004861,224.1930214914889,219.54340844210165,221.49522399902344,20046236
2023-01-13,226.86017153380186,231.21342390381443,219.70691523291285,224.5609130859375,37363492
2023-01-16,224.04997421286117,229.67038709662333,222.31786798363848,228.20396423339844,30256378
2023-01-17,228.35726851222867,230.8813448640865,226.66091967835862,227.6828155517578,17812441
2023-01-18,229.16453204377777,230.375473858232,226.40542198043002,229.159423828125,13219785
2023-01-19,227.53971667394364,230.69225763539754,225.9353580233901,228.27548217773438,13157982
2023-01-20,228.27549731624126,231.04994629507905,226.99302634047447,230.94775390625,19378170
2023-01-30,244.93234154258312,250.6498100713527,238.85207743878237,240.4768829345703,38113752
2023-01-31,240.08346726934505,243.9768823009691,236.28202819656292,237.6922607421875,25117261
2023-02-01,240.65059855852414,244.92721363301533,240.39002342052822,243.61920166015625,20703900
2023-02-02,244.67686311178502,245.10095730252542,237.5287288630915,238.152099609375,24220281
2023-02-03,237.07909626911317,238.20318445778938,230.6309559328716,233.09371948242188,21636001
2023-02-06,230.94775456528413,231.7243858487678,225.37332954483506,230.232421875,19355252
2023-02-07,230.1762058987288,231.86744634965868,227.19740035052922,228.95504760742188,12980226
2023-02-08,229.721463472683,231.68861775596335,227.37112283160013,228.50030517578125,13193735
2023-02-09,228.5003042594414,232.98641239009544,225.58279729969442,231.45358276367188,14456592
2023-02-10,231.45869800158871,232.82802266179652,227.37623703385037,227.8565216064453,15116022
2023-02-13,230.4265904843886,235.83749646157997,228.39812348219925,235.0353240966797,24153377
2023-02-14,239.63382028848602,239.78712290145378,227.77477417114798,230.46234130859375,23061942
2023-02-15,231.50978395393474,233.50246524730235,228.9039483648235,229.2105255126953,13992096
2023-02-16,230.94263231224744,232.22510321372397,223.7944842277817,226.451416015625,18163924
2023-02-17,225.83829148432434,225.83829148432434,214.59746538666386,214.69454956054688,38645191
2023-02-20,212.5536808562864,215.55804159741174,207.6128291178521,214.8376007080078,30293769
2023-02-21,213.3098590104121,215.8696924498555,210.50986927492252,212.04782104492188,23732272
2023-02-22,208.97706656900354,211.58288831582598,207.7865575012372,209.2172088623047,22255056
2023-02-23,209.48797558775883,212.10913570547936,208.15951677449505,211.13833618164062,17167077
2023-02-24,209.9989226150054,210.4076780918142,206.43251809880636,207.13763427734375,17980898
2023-02-27,205.77341670205487,207.17851286371976,204.42961913047978,204.94056701660156,16597139
2023-02-28,206.41721905807864,208.6193934972118,205.14496449655803,206.37123107910156,16781565
2023-03-01,205.96246423127914,211.62375674499347,205.9266926865829,210.39747619628906,22683609
2023-03-02,209.23250525623013,209.99892001155015,202.43692273399816,204.7872772216797,29061486
2023-03-03,205.55370263593232,207.2960252050305,204.3785323479329,205.5639190673828,14765562
2023-03-06,205.48728781254812,208.91062042868268,200.29607746338377,208.68069458007812,29927991
2023-03-07,206.42231263299428,208.9719297913521,205.3135631678337,205.5026092529297,17853030
2023-03-08,204.38365694834357,205.8756209322714,201.88001356564084,203.21868896484375,14632871
2023-03-09,202.43695107419538,205.03255640158213,198.3698146156856,202.85081481933594,14646031
2023-03-10,205.24204031507728,209.4522347072806,202.283653535242,207.3369140625,34456672
2023-03-13,205.92670765916913,207.78145326471093,199.26908802849331,200.2909698486328,33899754
2023-03-14,199.7187077557447,199.78003441737084,193.13772545301262,197.853759765625,33272393
2023-03-15,200.80190253076114,202.20190451545474,196.00923126841784,198.24717712402344,23342923
2023-03-16,196.20338603266418,199.22308539181296,195.94791910481436,196.77053833007812,18203679
2023-03-17,198.75813123015786,199.26397091818222,191.86035557589963,192.10560607910156,36260544
2023-03-20,191.3698150929104,196.50994274608314,188.02822831359333,194.134033203125,28506553
2023-03-21,195.28369490362354,201.4048394938785,193.49538419567844,201.20045471191406,31126271
2023-03-22,203.734723029094,208.803321872675,202.85589944569426,203.96975708007812,31837033
2023-03-23,203.3566574494328,205.3595693936799,201.53257517458403,203.55081176757812,18051960
2023-03-24,203.5610148564833,205.53327737395298,199.26907500514085,201.09825134277344,21177453
2023-03-27,199.83620702658305,203.66318657287022,196.4179689133076,202.59019470214844,29008297
2023-03-28,201.31286812453706,202.42673995122612,199.3712687858567,200.59754943847656,13663009
2023-03-29,201.93110393831418,206.5653925573379,200.81724621539908,204.4705047607422,24758299
2023-03-30,204.88437467335655,205.40043080570697,203.0245349238627,204.43475341796875,15627459
2023-03-31,206.67780116653907,212.0325166370887,206.67780116653907,207.46975708007812,35293629
2023-04-03,207.5004120168771,207.85296310675758,202.33474284728615,203.7194061279297,30173792
2023-04-04,204.37341549775775,204.37341549775775,195.08441966076245,198.24717712402344,36161461
2023-04-06,196.20340755736385,199.03916935553372,194.23626708972063,198.25741577148438,19046860
2023-04-07,197.301918405676,201.3128502007853,196.3873372642916,199.52964782714844,18104605
2023-04-10,201.25665103847052,205.45662903035247,198.2471820765147,205.40553283691406,31028293
2023-04-11,204.38364489594392,209.42156662751344,203.35664090932664,204.3529815673828,25859329
2023-04-12,204.37852692302337,204.37852692302337,200.29094403503072,200.2960662841797,15726119
2023-04-13,199.26908957140478,199.96397538924694,196.71434991737223,198.38003540039062,18083601
2023-04-14,198.19607145911337,205.58946978468995,197.99168670023406,202.9938507080078,28662577
2023-04-17,202.50335063697378,209.48797947571612,202.23254504032752,208.40478515625,31793684
2023-04-18,208.40989849582027,213.57556765385883,208.10332134860647,208.97705078125,25308930
2023-04-19,211.78724607832962,211.9609675174673,207.444210099887,209.6770477294922,20920239
2023-04-20,209.64127829707945,209.64127829707945,202.33474731445312,202.33474731445312,28518822
2023-04-21,206.67778766129078,212.00183945448902,203.86758141020704,206.9281463623047,45496760
2023-04-24,206.98434029332464,207.44419194689323,200.74057142886002,202.78436279296875,31279291
2023-04-25,203.35665143910185,203.35665143910185,194.1596170929471,197.1741943359375,30418072
2023-04-26,198.22684157611533,212.1399433442966,195.44421554228833,208.92922973632812,39707529
2023-04-27,208.46389678030303,216.35574032513836,206.89110885841117,214.9783935546875,33969078
2023-04-28,217.77035499933703,220.8693963706927,211.1534859524919,214.83883666992188,27104800
2023-05-04,214.97841103314897,216.37437474115643,208.97576992881233,209.8784942626953,19409080
2023-05-05,209.39455914602405,214.04777157149127,208.20333790114265,211.25584411621094,16740879
2023-05-08,214.04777182408145,217.57490059853777,210.38103815640991,214.8015899658203,22753135
2023-05-09,214.4014182959817,214.4014182959817,208.51044971524644,210.1669921875,19653772
2023-05-10,210.13907160642705,218.00299760191845,205.86742609674943,216.3929901123047,28956810
2023-05-11,216.4209056805787,226.1274996668707,215.16453268654294,223.7264404296875,34747371
2023-05-12,225.20615878224748,227.59790235850284,221.47427368164062,221.47427368164062,22309979
2023-05-15,224.29415094050347,227.07677721610239,218.7940643830833,221.76280212402344,26706471
2023-05-16,221.86517751721323,224.2569356791531,220.34823982197906,222.42356872558594,13973953
2023-05-17,222.4235445658366,224.91765950457193,219.68745350286676,223.35418701171875,18246432
2023-05-18,224.56403779454175,224.62917538520765,215.01563666880293,216.28131103515625,24123880
2023-05-19,215.67639964559802,217.9378541072061,214.0477752685547,214.0477752685547,19472168
2023-05-22,213.11714244427247,216.37439134625916,211.2558573574229,214.3269805908203,14679114
2023-05-23,214.8667452127656,215.63918019278856,209.53415345675526,209.78543090820312,19613196
2023-05-24,209.20844148899263,212.66111728844837,208.20334586260074,209.62722778320312,14785735
2023-05-25,209.254950514584,211.88865602519783,207.05863387002876,208.5476531982422,13753272
2023-05-26,208.6500438934139,208.9292394811457,202.4147420362993,204.74134826660156,18211695
2023-05-29,206.78875067443133,206.80736749966607,200.6465189913157,202.0052490234375,16537161
2023-05-30,201.94940076073527,209.38523864746094,201.02805967274304,209.38523864746094,26467083
2023-05-31,209.44109764252434,211.15347643586034,204.89025638168818,205.8302001953125,18869744
2023-06-01,207.19823887572582,212.18648308108982,206.14660834086422,207.44020080566406,15941049
2023-06-02,209.30149533737318,214.0384765173726,208.46392275648913,212.59597778320312,23181483
2023-06-05,210.23213221011,210.23213221011,201.38172726767027,204.5552215576172,33595114
2023-06-06,202.88936909515797,206.88183342717622,201.93080844305095,204.0712890625,17242526
2023-06-07,201.37243114131857,201.48410369852283,190.2698585971469,192.9221954345703,50093939
2023-06-08,197.99418185754067,198.50603804673898,192.64298775328282,193.5829315185547,23857940
2023-06-09,194.08548672197347,198.34783086755073,194.08548672197347,197.3334197998047,24261728
2023-06-12,197.2496795654297,199.1574995743449,194.411217035139,197.2496795654297,18131632
2023-06-13,196.3748622194277,199.09233652412962,196.06774850068192,198.31991577148438,13243699
2023-06-14,202.08899971844627,202.5357183130006,198.22683928118659,198.59909057617188,16362927
2023-06-15,200.07883623462874,214.8667449951172,199.98576630441562,214.8667449951172,50495682
2023-06-16,215.90904467834065,217.92853705597312,212.46567051279,215.07147216796875,29639828
2023-06-19,216.8303975050349,216.8303975050349,210.32520142833192,212.07481384277344,18707081
2023-06-20,212.06550484910412,215.2669173652355,210.11116409249678,212.18649291992188,17960501
2023-06-21,212.94030631285972,214.51309439634534,209.3014907611889,209.31080627441406,17118438
2023-06-26,204.65757567220703,211.2092919865877,204.44351769368862,209.55274963378906,15910609
2023-06-27,208.4452951519844,210.6043924851222,205.83949341217146,207.97067260742188,13420648
2023-06-28,206.807366089298,210.79051463375643,206.60262361454272,208.92922973632812,13558644
2023-06-29,208.0078911602947,211.1720840451569,207.0679473876953,207.0679473876953,9930233
2023-06-30,208.45460430434076,214.03845891906917,205.06706640609127,212.9216766357422,21551522
2023-07-03,215.86253412204334,217.72381920039766,212.69835516903234,213.9361114501953,15554352
2023-07-04,212.651795398708,214.09429400627815,211.88866178936354,213.3497772216797,10155673
2023-07-05,213.35907773874254,214.42932505026351,209.859867324789,211.73045349121094,8636414
2023-07-06,211.2558346798301,212.63318152011135,208.43598921199208,209.2549591064453,10283568
2023-07-07,209.2084378574957,209.25497282281754,206.23038468310867,206.83529663085938,9808377
2023-07-10,207.53327059534686,214.04776787860888,207.53327059534686,212.93099975585938,16093831
2023-07-11,213.7220394738097,214.0384687088128,210.86497444951104,213.2008819580078,9158787
2023-07-12,212.6518012516388,213.48937378206716,210.79051633915182,211.2465362548828,8693260
2023-07-13,212.3819314396748,218.70098777439281,212.3819314396748,214.0477752685547,22257672
2023-07-14,214.18737956305955,214.91327962402207,210.83707486641987,212.44708251953125,13004091
2023-07-17,211.26515560991183,212.18649682672628,208.09167537517368,209.99948120117188,10452522
2023-07-18,212.0003590769952,212.07481217920417,208.9292360631431,209.85987854003906,8575776
2023-07-19,208.46392280039865,209.3480303471798,203.41984208669632,204.27603149414062,17600182
2023-07-20,203.81067097736945,210.96731279198414,203.81067097736945,205.71849060058594,14441648
2023-07-21,205.53240297033915,207.51466185025166,204.51799184722555,206.2210693359375,8393526
2023-07-24,202.08900631912098,205.56031295036036,199.28777760159932,203.79208374023438,13719339
2023-07-25,209.30148176688547,211.85144719744306,205.690598709583,210.6509246826172,19286245
2023-07-26,209.50624042719895,211.25585291620862,208.1475102946311,210.93943786621094,15456786
2023-07-27,214.9783996502673,216.72801194914922,211.14415741277864,211.23721313476562,20859235
2023-07-28,211.23722016728328,214.9784068073367,209.44108704784918,214.09429931640625,18803095
2023-07-31,217.77034453864354,222.88887827779968,216.932771970609,221.26025390625,29902754
2023-08-01,220.93452058591922,222.51662417314353,218.2356630556143,219.1663055419922,15615168
2023-08-02,220.56227560224795,222.8795805720132,219.16631183261347,220.09695434570312,14147185
2023-08-03,219.63161630800474,223.32626793871566,219.19421322423455,222.5538330078125,16180526
2023-08-04,228.0074026042554,232.6233954521269,224.38720400439465,228.48202514648438,31569675
2023-08-07,227.54208981086938,229.81285976858393,226.43462297079736,229.39407348632812,14927749
2023-08-08,228.9194441834669,232.0371023205028,227.89574592687933,229.99899291992188,15066676
2023-08-09,228.4727343663513,230.50152820559512,226.27641749240718,229.8686981201172,11684661
2023-08-10,230.7062598509661,233.89837086882392,227.18843249282205,229.4033660888672,14040964
2023-08-11,231.68342029895175,231.68342029895175,224.75013732910156,224.75013732910156,17204064
2023-08-14,222.6096625973511,223.3355625442612,214.24319638347097,216.74661254882812,25693218
2023-08-15,216.72803099694227,218.32873724075617,213.4893848568662,215.2576141357422,14610073
2023-08-16,215.46234220246922,218.1239801552815,214.1501329508029,216.46743774414062,14009045
2023-08-17,218.6916928399675,220.09695794554497,213.00546642396833,218.93365478515625,20442773
2023-08-18,218.97086103803758,222.53522341065846,218.16120663136775,219.51063537597656,16769998
2023-08-21,217.76105090510939,219.51064920677703,216.09519282262517,216.802490234375,10780439
2023-08-22,218.51486304247567,218.8684975380968,211.73047122787705,214.74575805664062,15188941
2023-08-23,214.69921393799953,215.81598205643778,211.2558396559495,211.72116088867188,11874911
2023-08-24,213.00546482474803,215.48096313910617,210.7905310798444,213.0706024169922,14157716
2023-08-25,212.12131711596024,214.01983557944376,210.148359756299,212.5028839111328,11185129
2023-08-28,224.750159340153,227.03954609344285,213.58244955927586,214.51309204101562,22311515
2023-08-29,215.1645435906402,226.14612795271964,214.90396482615674,221.95823669433594,29174995
2023-08-30,222.79580291355913,225.21547902960526,221.027587890625,221.027587890625,14591637
2023-08-31,220.65533459046432,221.95822836398239,219.75261026149926,220.1434783935547,9671527
2023-09-01,220.19000031637745,222.89815894240647,218.32871549274105,220.0038604736328,9101132
2023-09-04,221.68834699980397,222.200188993242,217.21194483163515,221.16717529296875,14052387
2023-09-05,220.56228423330677,222.88889060707584,219.78054789983517,220.394775390625,11581665
2023-09-06,219.67816089751008,220.72047593405765,216.6535728285137,218.1612091064453,12474783
2023-09-07,216.83971036121721,217.53769226152156,210.79983520507812,210.79983520507812,19266090
2023-09-08,209.39456884578834,211.44197956774045,205.20667746887258,207.47744750976562,16499443
2023-09-11,207.44021314185204,208.04513930338751,204.4435430753204,206.1652374267578,17060897
2023-09-12,206.6026326365715,206.9841994653212,202.45196088584294,202.81491088867188,18231209
2023-09-13,201.94939971531016,203.95027518437283,200.11603306111925,201.5771484375,15135693
2023-09-14,198.85967664606292,201.29796957958325,198.25476471931592,200.02297973632812,18294104
2023-09-15,197.29621007539868,199.15749507610997,192.2707462536692,193.35028076171875,33679992
2023-09-18,191.71236544893327,199.79965148679247,191.71236544893327,198.28269958496094,26593485
2023-09-19,198.2826910277113,198.67355917808894,195.9933184040027,197.59402465820312,15024395
2023-09-20,198.22683989815067,198.53395360768388,194.20645773750866,195.3418426513672,13087485
2023-09-21,195.444214452751,196.31902062174186,192.33587209948814,192.39170837402344,16214929
2023-09-22,191.24703309753212,196.7843531135452,191.24703309753212,196.3004150390625,22509065
2023-09-25,198.24547013695445,198.80384711895164,194.23440321762567,194.76486206054688,13605355
2023-09-26,192.33585266800014,192.96869684991023,189.3857181241285,190.3163604736328,20253782
2023-09-27,191.99154831279952,194.02965763570103,188.40856905010776,189.53465270996094,21848959
2023-09-28,189.85105804442492,192.17766414791052,188.5295474817023,188.94833374023438,15809524
2023-10-09,187.0591309686451,187.31970971654337,179.6139914276045,181.9405975341797,33742826
2023-10-10,184.15554009144194,184.2672126458624,181.21470642089844,181.21470642089844,19865460
2023-10-11,184.14621348785468,184.8255926876027,180.63770174332598,181.26123046875,20248245
2023-10-12,181.48459272832852,184.08109331161504,180.54464889522131,182.35009765625,24205912
2023-10-13,180.40503519225663,181.31706076949877,176.4498049862918,177.3804473876953,28422238
2023-10-16,177.13848223052855,177.31530656980746,171.15445803563807,171.94549560546875,24683649
2023-10-17,172.64347621045857,176.17061905687024,171.76868423371508,172.57833862304688,21558300
2023-10-18,172.2619245183409,175.19344257850761,170.86596083245638,173.37869262695312,17651925
2023-10-19,171.61977086399807,172.8016765046786,169.63749797929455,170.0283660888672,17454160
2023-10-20,166.58501919066708,174.67230535529617,166.58501919066708,168.44630432128906,30026893
2023-10-23,167.79484411072244,167.79484411072244,163.60695289764521,164.96568298339844,20223321
2023-10-24,165.65437692080886,166.77114516107812,163.14164483008332,164.1839599609375,24379459
2023-10-25,165.84047183155425,167.05030978429338,163.49524902168048,163.77444458007812,21534181
2023-10-26,161.9317763262301,165.93354145484707,157.10174003614742,165.71949768066406,41420567
2023-10-27,165.51477014865688,172.9878280999495,163.81169271236854,171.9082794189453,47795283
2023-10-30,174.03012616620947,176.71038078179853,171.9827157572904,174.97938537597656,32259492
2023-10-31,173.732345870279,174.23490080374856,171.79662184651613,172.72726440429688,18152535
2023-11-01,172.90405998733658,177.1012666574404,171.70353743720517,174.53268432617188,19727265
2023-11-02,175.4261166124355,176.71040784584662,172.6993408203125,172.6993408203125,13762677
2023-11-03,173.09949358795473,175.5936085072943,171.7965998540425,174.4396209716797,14365450
2023-11-06,175.49126342100936,183.4296428271506,175.3795766644429,183.41102600097656,34968430
2023-11-07,182.39661039154953,182.50828293619517,176.9337298081889,177.97605895996094,26080293
2023-11-08,176.98958438279627,179.55816677906975,176.82207554850592,178.53445434570312,14652166
2023-11-09,177.408374108443,179.22312403889984,177.3153041836086,178.17149353027344,10997097
2023-11-10,175.8914239034183,176.79414822033644,175.00731641172402,175.91934204101562,11609956
2023-11-13,178.68335816490992,178.86948382290288,174.04876253864126,174.82119750976562,12519595
2023-11-14,174.82122191073242,175.70532955995785,170.3075995219001,170.9404296875,23488284
2023-11-15,173.9277885146181,175.50987803602104,170.84736389460025,171.6849365234375,23807191
2023-11-16,172.61556003303568,172.62487554596947,167.60871323923428,168.58587646484375,17466200
2023-11-17,167.37605161815546,168.67894537812677,167.0410197655233,168.19500732421875,11084035
2023-11-20,168.20433055310903,169.19080933097948,166.5943088038519,167.7948455810547,12408719
2023-11-21,169.3769360206352,171.238221031851,167.52495232230356,168.08334350585938,19766221
2023-11-22,167.09685012858262,168.72547437116046,164.7237091064453,164.7237091064453,18688569
2023-11-23,163.8023797644702,165.3751678466797,162.7600647184756,165.3751678466797,15720253
2023-11-24,164.7516452079559,165.84049525909523,162.39712075369698,162.86244201660156,16621248
2023-11-27,162.20167516578888,162.39711633910625,158.7676162673058,158.8606719970703,18422007
2023-11-28,158.23713431473917,160.04258293613327,157.15758566682644,159.9960479736328,20210730
2023-11-29,159.13985509592322,159.4935037625111,154.83097611262383,155.27769470214844,25188527
2023-11-30,153.7607699469273,156.96218273050047,153.08140483195893,155.4173126220703,23027161
2023-12-01,155.68719101649233,156.06875788254573,153.0255526687072,154.02134704589844,16962209
2023-12-04,152.16004879792075,153.0348550202727,150.05680185943032,150.4383544921875,23930401
2023-12-05,149.0423914101756,151.10841890613025,147.64642765347534,147.7953338623047,24807739
2023-12-06,147.64642562472022,155.28700672961685,147.24625616952733,151.5830535888672,36769276
2023-12-07,150.76408543697102,154.82168731675057,150.39183411608312,153.08139038085938,26908427
2023-12-08,153.55602967027247,154.7937860377328,151.8064170304821,152.2438201904297,24502047
2023-12-11,150.77340256611262,154.19817471954943,149.05172227580306,153.8817596435547,21489569
2023-12-12,152.62538485009216,153.76076994660067,151.67612543159774,152.2810516357422,14733877
2023-12-13,151.2759506852024,152.2438126975819,147.70228666960014,148.2978973388672,25259399
2023-12-14,149.7217711851268,150.28946368285125,145.58971617880172,145.76654052734375,22751400
2023-12-15,146.29699867987674,147.67434560863842,143.8773366915633,144.2495880126953,20204635
2023-12-18,142.4906796531687,143.0304540296145,136.1343894104687,136.7765350341797,42912920
2023-12-19,136.16231021686337,139.57776669635055,136.12509076280094,138.66574096679688,25185181
2023-12-20,138.85185147027877,140.7131363806055,138.0328957660593,138.15386962890625,21249368
2023-12-21,137.33492533702335,144.5567062770391,137.33492533702335,143.68190002441406,42131501
2023-12-22,142.85363253214192,147.4230908961709,141.64379436766978,145.4501190185547,28032127
2023-12-25,144.71491405768063,146.92984783307014,144.06346712388316,146.61341857910156,13005608
2023-12-26,146.08294473647504,146.57618409294014,144.0076160743402,145.30120849609375,12767252
2023-12-27,146.60412146975906,147.04152460938224,143.19796628904714,143.62606811523438,17356460
2023-12-28,143.5236717401818,151.84361704948432,142.91875986173721,151.68540954589844,37850179
2023-12-29,152.6067550283606,153.5560143660298,150.764086832102,151.9366912841797,22683782
2024-01-02,150.96882982088786,151.25732672827326,145.75722606009535,145.95266723632812,21403268
2024-01-03,145.2732904204519,146.37144168233655,143.69118691363596,144.9940948486328,19757581
2024-01-04,144.71490011699413,144.91964259081837,139.38232288624417,140.713134765625,27241762
2024-01-05,140.51771331780085,143.99830710842147,139.12174959630642,140.43394470214844,21035318
2024-01-08,139.7825001709722,142.7512520076645,138.74018511877085,139.59637451171875,19385405
2024-01-09,139.55915427211477,140.8713493927534,135.64114313473,138.38653564453125,23391625
2024-01-10,136.74862546871694,142.49068858787484,136.38567542392346,140.2106170654297,23211960
2024-01-11,140.21060086231554,146.82746953002513,138.209710989802,144.0820770263672,32801802
2024-01-12,143.3189488438332,146.41799015600722,141.6437894588097,143.90525817871094,25462228
2024-01-15,142.85361072545032,143.03973636838498,138.99145038277035,141.17845153808594,17272193
2024-01-16,141.14123869631308,146.34352663239636,140.11752631153956,146.0643310546875,28469270
2024-01-17,145.98057869007957,145.98057869007957,141.22499509130867,141.68101501464844,21761525
2024-01-18,139.6894497484542,144.43571814187914,139.6056811282018,143.8866424560547,30778779
2024-01-19,143.1328263781529,146.939150982201,142.7605608395615,144.15652465820312,26594908
2024-01-22,142.85360904760103,148.8562497147177,140.2012725153867,144.86380004882812,40488810
2024-01-23,144.24956521721887,147.78600901102644,142.56510482450034,143.23516845703125,32305895
2024-01-24,143.78425067840868,144.24027056619443,139.14033999416444,142.83499145507812,24870983
2024-01-25,141.45766050277217,144.34265794321715,139.3264954184077,144.2495880126953,29479609
2024-01-26,141.92298075358073,143.7656489210017,139.59637451171875,139.59637451171875,27181270
2024-01-29,139.07521214165428,140.3222696357429,136.82305908203125,136.82305908203125,21767500
2024-01-30,135.4084821196263,137.21393081996436,130.66219974658244,130.98793029785156,32727425
2024-01-31,134.94316480921933,142.35108548419777,134.0125222932937,141.0760955810547,59522108
2024-02-01,141.06676830203423,141.94157437805603,138.27484126816478,138.684326171875,27968844
2024-02-02,137.73509488040455,138.66573741338024,133.42621540857402,135.87380981445312,30706037
2024-02-05,132.71892864664093,143.78426749980417,132.43043174120967,141.40182495117188,47132613
2024-02-06,140.70384574637347,148.21412354525592,140.35951255598388,147.3486328125,43745926
2024-02-07,147.04151442137163,148.70735824160616,145.18022942869604,148.53054809570312,36607040
2024-02-08,148.43744969256593,153.55598244058544,147.8604559996684,151.54579162597656,30901156
2024-02-19,153.51881143991653,153.51881143991653,148.05592965413308,148.986572265625,27092476
2024-02-20,150.6524166191526,150.6524166191526,145.2453858163851,147.3486328125,22194791
2024-02-21,146.46451495330686,151.9739166144942,145.49663884228056,150.01956176757812,25782663
2024-02-22,150.14054120761887,150.14054120761887,147.8604701508336,149.228515625,20955947
2024-02-23,150.73614847148272,150.76406660703856,148.02797571876062,149.36810302734375,21017639
2024-02-26,148.1862082564069,148.89350567792113,143.9703986695072,145.18023681640625,36066425
2024-02-27,144.32403402295134,146.90191760653482,143.82147914360013,146.88330078125,29040075
2024-02-28,147.2090129039662,151.97391180651226,146.1201629638672,146.1201629638672,40091711
2024-02-29,145.27330683920047,152.4113334496184,144.8638218476495,152.1693572998047,39167504
2024-03-01,152.18797815243943,154.0771814312217,151.1363475054551,153.13723754882812,28101336
2024-03-04,153.5559999441411,156.21763784452526,151.48067131496884,152.53228759765625,26808577
2024-03-05,150.85717359508578,153.74215718174557,148.90281842309096,153.2303009033203,27549599
2024-03-06,151.3038351009065,155.3242026722159,150.4848652880299,152.29031372070312,18718009
2024-03-07,151.69472568955152,152.78357569749897,148.41886015251464,149.04238891601562,22145021
2024-03-08,148.09314976397997,149.64732107894548,145.7851460742605,147.04151916503906,20217023
2024-03-11,153.5559984461938,169.0511889728465,152.71842595304145,168.3066864013672,76335047
2024-03-12,170.62397082831,173.49965237923666,167.5156286819917,172.95057678222656,62164900
2024-03-13,174.03014084757723,174.67228642010718,170.5867665692981,172.33636474609375,34795798
2024-03-14,172.06649700481978,174.92357639148906,170.27036373604963,171.0614013671875,30535646
2024-03-15,170.89389881221013,171.1451620804995,164.5841433554399,168.44630432128906,35483644
2024-03-18,176.8593114579689,180.3213030269002,175.8449144435426,177.71551513671875,48305173
2024-03-19,177.27810435517327,178.96256509758481,173.65790540586724,174.2628173828125,26957576
2024-03-20,172.64348294980644,177.97607463388354,172.64348294980644,176.338134765625,21031584
2024-03-21,176.36605079674737,178.57168312472058,175.96588134765625,175.96588134765625,18756720
2024-03-22,175.97517107640144,176.73830467393688,172.15954569015324,173.57411193847656,19103367
2024-03-25,172.69934103349365,175.14692123000796,171.6849298838699,171.9827423095703,16413365
2024-03-26,172.82031310752652,179.73499441471972,172.81101179449945,178.4972381591797,30247308
2024-03-27,178.44139287306461,178.45069418562218,174.96078491210938,174.96078491210938,20645704
2024-03-28,175.02592785526835,178.40415020496187,173.65788235315702,175.68667602539062,20036725
2024-03-29,177.1012824326854,181.47529963507614,176.82208682392036,176.9709930419922,11091250
2024-04-01,180.54463774335278,185.97028500433655,179.9862465856052,184.11830139160156,27513187
2024-04-02,184.36026958465726,187.58959992689677,182.8712360284084,185.8492889404297,24038110
2024-04-03,185.14201930880634,185.1513206215383,181.1030343086601,183.9414825439453,23489041
2024-04-08,183.94149096781516,186.03543666707148,181.10304260253906,181.10304260253906,18957556
2024-04-09,180.54462946677694,182.87123551660656,180.2747494132063,182.40591430664062,14570001
2024-04-10,180.64701547031544,181.47528672375347,178.24595612652845,179.37203979492188,17961495
2024-04-11,177.57590214230842,180.8238497439005,174.03015630988935,179.24176025390625,19295444
2024-04-12,177.75269235943614,178.6647179043095,174.9700665658266,175.32371520996094,16625645
2024-04-15,180.40505039965066,183.46685791015625,178.5530667525718,183.46685791015625,30548250
2024-04-16,185.19786010085429,185.47705569487073,181.4008369434729,183.47616577148438,27623120
2024-04-17,181.80102630388564,183.2714290241806,179.6326274764435,182.39663696289062,21619164
2024-04-18,180.51674167263957,183.75537386223925,178.11568212157263,181.9964599609375,19539576
2024-04-19,179.6698362638668,180.97274426592224,176.36605259499999,177.56658935546875,18491472
2024-04-22,179.42785783068777,181.3728970415068,177.3525292516913,177.3804473876953,15098743
2024-04-23,177.87370987766752,179.14868558939756,174.84912167940496,176.75692749023438,11113796
2024-04-24,178.68336548999625,179.05561682124252,173.47176164968013,176.4498291015625,15154279
2024-04-25,175.49126007619603,180.8703724992744,174.85841580263997,179.8001251220703,16418323
2024-04-26,178.6926698247973,185.08619376067557,178.6926698247973,184.71392822265625,22488071
2024-04-29,186.65895807021099,198.6921578138566,186.12848507152844,195.090576171875,43863035
2024-04-30,196.19474460015903,196.19474460015903,192.60954251199428,193.18165588378906,21433024
2024-05-06,201.191156920408,201.8586128249464,196.45219817401414,197.3580322265625,27099899
2024-05-07,196.59522483951324,198.21620793168347,195.61310800571007,197.2626953125,13179902
2024-05-08,197.37709496766283,198.13990790641267,193.66793178430635,193.7823486328125,12432997
2024-05-09,196.68104287824403,200.72392688375805,196.6142900142732,199.66552734375,21921628
2024-05-10,199.66551288607226,199.66551288607226,193.5630386689957,194.039794921875,22801132
2024-05-13,187.17453198471333,192.39024722935835,186.42124886010384,190.08274841308594,22196723
2024-05-14,191.27464107444527,191.8467399277913,188.90991925571407,189.758544921875,10694712
2024-05-15,189.7585269320739,193.8777081230033,188.31872822245248,188.6905975341797,13074116
2024-05-16,189.55831183529926,192.26628418522333,187.8229118825288,190.3878631591797,15378204
2024-05-17,190.41646997516705,193.5630645751953,189.34854048161006,193.5630645751953,18496201
2024-05-20,197.56779854719937,198.21619465051228,193.5725786126025,193.99212646484375,19917171
2024-05-21,194.20191466291217,195.0696146438652,191.23648981603753,192.19000244140625,12296358
2024-05-22,193.08629415331967,197.3771006900601,192.2281386657504,195.3651885986328,25236561
2024-05-23,194.70728334496835,196.08987379976787,193.6870323588075,194.8407745361328,17654820
2024-05-24,193.37236284816507,195.33659652357116,191.45579316434905,191.636962890625,15510693
2024-05-27,192.41884710674708,192.41884710674708,189.27225259205264,190.71205139160156,16361785
2024-05-28,190.1876164025426,191.25554578462643,188.41408250761245,188.6047821044922,12689994
2024-05-29,188.80501321221655,193.08628976379234,188.6047837260776,189.5487518310547,13338755
2024-05-30,189.79669171449308,191.54162157151663,188.47130974214596,190.08274841308594,12784004
2024-05-31,190.08273113170776,192.84791168466342,188.56663513183594,188.56663513183594,13808627
2024-06-03,188.566633795764,194.13515806104988,186.69775737374445,193.08628845214844,18718068
2024-06-04,192.59999802141658,197.60593872201554,191.65601539436008,196.3949737548828,17714939
2024-06-05,196.13753305426692,198.1875938127293,194.52609448046607,194.6309814453125,11777390
2024-06-06,194.4974935576857,197.2626887915773,192.80024231560105,195.26983642578125,12412570
2024-06-07,189.61551263559215,193.03861931305232,178.86942176277157,184.2186279296875,51686760
2024-06-11,180.21388696080447,183.07442484907122,176.02796709961873,179.9945831298828,42072363
2024-06-12,177.35333829572815,180.93854032670103,176.8575076847121,176.97193908691406,20310392
2024-06-13,178.30684142229916,181.1769088726328,176.51423322704358,176.57144165039062,22117637
2024-06-14,177.44869373640074,177.9063756926468,170.27827519112626,176.29493713378906,37184949
2024-06-17,174.06372479372567,181.64414691246668,173.83487653619235,179.45106506347656,26929318
2024-06-18,179.40339062164335,181.61554684664372,178.32593127275484,181.4820556640625,15652909
2024-06-19,181.73949996035037,181.83484248678946,178.95523047850293,180.22340393066406,10753975
2024-06-20,181.15786443681986,181.2722812932019,178.4022135998538,179.25083923339844,11562370
2024-06-21,179.5559575888424,180.17574951614208,173.8920903471953,176.55239868164062,18467717
2024-06-24,174.49278977724762,179.25082245214372,174.49278977724762,178.2877655029297,18035490
2024-06-25,178.30685937902823,180.404584226539,176.9719475350072,177.65847778320312,14414412
2024-06-26,176.51425431160456,177.9540677019075,174.6835117985849,176.88612365722656,10481398
2024-06-27,176.88611222435722,177.23892177008094,174.50233079125175,176.3998260498047,12653577
2024-06-28,175.25560443571734,176.8574984887806,171.47968844722382,171.66085815429688,19420506
2024-07-01,170.85991853067011,170.94573116949232,163.21274369982888,167.8849639892578,26995744
2024-07-02,165.76817170347377,168.73359647813672,164.10905453793245,167.89450073242188,14415586
2024-07-03,168.77172094998585,174.01603996255602,168.11379496413372,171.15550231933594,16205321
2024-07-04,172.00413830749153,174.48327690133027,170.8694559791449,171.25086975097656,11834646
2024-07-05,172.58577695604933,174.00651593785318,168.2949703466448,169.36289978027344,13524707
2024-07-08,167.82773388002252,170.07802401553747,166.87422135733732,167.73239135742188,10806397
2024-07-09,167.1507706195947,169.05779592147383,165.04350125926098,167.5989227294922,16443915
2024-07-10,166.87423235489905,171.71807803529887,165.00535583496094,165.00535583496094,17772919
2024-07-11,166.86469502635526,170.659670873681,165.42489632421442,168.78125,20811148
2024-07-12,169.58221228137506,173.31997971918875,168.7717207967532,171.44155883789062,19550460
2024-07-15,170.01131575345244,171.5846058741769,168.87663332299522,169.8396759033203,11469696
2024-07-16,169.2484725254572,172.10901008926774,169.05777293109244,170.9647979736328,15148737
2024-07-17,169.7252301112958,174.16860198697552,167.76099663005402,172.4808807373047,18590141
2024-07-18,171.63226505880812,180.30923538989347,171.32713404830216,179.59410095214844,31994401
2024-07-19,177.6870725141536,181.25320019975436,177.54403689956902,180.6334228515625,20847631
2024-07-22,182.30206574173698,185.15305893862882,178.68824504977982,180.70970153808594,17168252
2024-07-23,180.2234048475704,180.88133084596979,177.54403686523438,177.54403686523438,11903104
2024-07-24,177.35334676202808,180.29969725669105,176.77170348368008,177.65847778320312,14468136
2024-07-25,177.46775857698864,181.863452198421,176.45703755960267,179.00291442871094,20595888
2024-07-26,181.16740007165626,184.31399466700097,179.30805334923153,180.54762268066406,23347718
2024-07-29,178.3068526541594,178.3068526541594,171.6322645868914,175.95167541503906,21362366
2024-07-30,174.7025729000303,176.71448498928422,174.7025729000303,176.29493713378906,12725163
2024-07-31,173.53928890487578,178.19243493353292,173.53928890487578,177.64892578125,19896940
2024-08-01,176.39982588224024,177.35333845457666,171.7276200975706,171.91831970214844,23012659
2024-08-02,170.67875651507828,171.63226912130776,168.52382326280082,168.8575439453125,15493685
2024-08-05,166.87423322276123,171.81343600717977,166.8647033346575,168.771728515625,19347659
2024-08-06,170.1161764043458,171.05061462327706,165.63467035908326,166.8170166015625,15768703
2024-08-07,166.8170220312504,168.0375169628914,165.59652709960938,165.59652709960938,12753959
2024-08-08,164.96721763682356,165.52980115551077,162.21156667202578,164.3855743408203,14658996
2024-08-09,165.52980411653954,166.74075472294626,162.09715270996094,162.09715270996094,15412989
2024-08-12,162.6406527618718,163.16507305746026,159.045906150748,161.1436309814453,17415581
2024-08-13,161.03874005249904,166.8265684327124,160.5524538714856,165.701416015625,19389256
2024-08-14,164.94816070980187,166.34028104924357,163.73719555468313,164.2044219970703,9966285
2024-08-15,164.00415384027832,166.4832922181076,163.32715354766958,165.3390655517578,14481202
2024-08-16,165.33908469941684,167.8182233643513,164.84326860598847,165.54885864257812,11150641
2024-08-19,165.29141006888224,169.6680292796592,165.10069591504805,167.4368133544922,14035843
2024-08-20,166.86469920455696,167.81821177144013,165.5869958568008,166.74073791503906,8436955
2024-08-21,165.91118544423193,167.25564164573353,164.0041603241833,165.92071533203125,11147405
2024-08-22,166.84562732553331,171.60366034183988,166.1972457542813,170.48805236816406,19901136
2024-08-23,168.77172381927988,174.03511724613313,168.77172381927988,173.3485870361328,18415176
2024-08-26,173.44392621887502,175.9802730819507,172.58577074764335,175.37002563476562,14838749
2024-08-27,174.03510528244078,175.91352606825126,173.06251846022437,174.96954345703125,9976992
2024-08-28,174.3020926678219,175.15071823400905,172.85274955441423,174.3211669921875,10639015
2024-08-29,170.84085037640094,174.4832754831883,170.84085037640094,172.39508056640625,15670242
2024-08-30,172.3950796367509,177.31520810599994,172.3950796367509,175.7705078125,25429171
2024-09-02,175.86585297149395,176.96238655878605,172.58576754764928,172.76693725585938,12985176
2024-09-03,171.9183090683581,178.02078333407155,171.65132672857354,177.01959228515625,18196886
2024-09-04,176.70495964683587,180.21387898406059,176.25680756688797,178.4498748779297,16564524
2024-09-05,178.4498705701453,180.73830945389219,177.16263733814432,178.11614990234375,12318215
2024-09-06,177.46775945765427,179.73712408870892,176.78122922556122,177.3056640625,7525486
2024-09-09,176.50472783410194,179.88970066320204,174.94096766466998,176.54286193847656,13475355
2024-09-10,176.87656776136993,176.87656776136993,172.6334400699756,172.7383270263672,15424413
2024-09-11,173.92069781193692,179.05060041479229,172.7383514629295,177.88731384277344,21197083
2024-09-12,179.26037480774409,183.22699084854895,178.0303499142779,180.54762268066406,20709986
2024-09-13,180.0994453542645,180.0994453542645,174.96954345703125,174.96954345703125,17287288
2024-09-18,175.06491759466928,178.7168580160892,174.76931646980975,177.7347412109375,11377895
2024-09-19,178.3068744235092,179.47016107835648,175.06493707195233,178.21151733398438,15769409
2024-09-20,178.21149379028344,179.16500636176585,175.1411821461543,176.97193908691406,15502703
2024-09-23,177.98266208861818,180.62388146575904,176.87658400137832,179.45106506347656,15792549
2024-09-24,183.03627173132725,188.95757639722663,180.10898127936105,188.33779907226562,35451735
2024-09-25,197.74897943975253,197.75850932804332,193.17211600570894,193.65841674804688,42010119
2024-09-26,194.23050446732063,197.69175969643416,189.68224550791197,195.95635986328125,35489346
2024-09-27,202.14467035606307,220.90979126198542,201.83000945344304,216.2661895751953,70181326
2024-09-30,222.18749079335555,243.14569184394128,221.2149039521348,240.18026733398438,91361145
2024-10-08,282.239712616273,287.484031600697,255.21717065021733,285.1002502441406,137646479
2024-10-09,266.8881634307094,266.9739760704339,243.1457061767578,243.1457061767578,108691594
2024-10-10,243.14570316048554,253.62479689877566,238.53070585511068,246.00624084472656,60833833
2024-10-11,243.62246880890504,243.62246880890504,226.8692454769414,230.5498046875,47640230
2024-10-14,238.36859747092308,241.04796529451804,233.55335638839784,238.11114501953125,46759863
2024-10-15,238.19698711593134,239.1791039581688,229.9205044940759,230.00631713867188,32765334
2024-10-16,227.71787082118175,227.71787082118175,222.4830817609725,222.97891235351562,33585954
2024-10-17,223.1219560198856,227.77510232261943,220.12792693561377,220.73817443847656,26164672
2024-10-18,219.3078900500104,246.8453375955913,218.9264908436153,238.27325439453125,68013787
2024-10-21,246.95976548344603,250.3256638258862,240.04679907512562,241.5819549560547,58455809
2024-10-22,242.19218802384523,242.72615272464773,235.765508190451,238.90257263183594,27876033
2024-10-23,236.28993918434898,243.08848822087654,235.38410518516827,237.71067810058594,32154122
2024-10-24,238.1588405323086,239.80841321737412,233.6105814642412,234.71665954589844,21465790
2024-10-25,240.6093417323348,252.680813523078,234.85013261077268,246.84532165527344,57898551
2024-10-28,244.2231915443165,246.58788421405197,241.2386923936625,244.32806396484375,27601935
2024-10-29,244.32805159066714,245.72971623232507,239.56050329078727,240.0753936767578,26994808
2024-10-30,238.3781309186021,240.57121263294255,233.13381203839285,236.4997100830078,27134374
2024-10-31,235.5080857381813,238.85490977507274,232.6570777849012,234.54502868652344,25500279
2024-11-01,235.06945215304285,238.20651664849186,233.7822043668585,234.75479125976562,25915829
2024-11-04,232.65706654757682,242.47824890599102,232.65706654757682,239.52235412597656,24247222
2024-11-05,238.931179695896,250.6021787005879,237.54858938993638,249.23866271972656,48482094
2024-11-06,246.95021049165646,256.97163688555565,241.71543580886217,244.5759735107422,45239310
2024-11-07,246.00620558954785,250.5830535888672,242.0777390553356,250.5830535888672,33571027
2024-11-08,257.12421198203543,259.3554279808859,245.14809601788852,245.5294952392578,40294127
2024-11-11,240.61889648014488,256.4853300928791,239.34117861263908,255.06460571289062,49153907
2024-11-12,265.343457476408,271.941776783411,258.3828278622828,260.3279724121094,74403008
2024-11-13,256.49487055785266,274.8023227725429,254.36852714045185,268.8905334472656,55773688
2024-11-14,269.84404252485797,271.7415231235461,261.8917516186427,262.2159423828125,42657210
2024-11-15,256.97162437499065,262.2159432397864,253.21478271484375,253.21478271484375,35198317
2024-11-18,253.21476753843095,258.3542136853669,248.8667530317643,250.697509765625,30650010
2024-11-19,249.83932950114288,259.3553945258924,246.00621980764794,256.2278747558594,34812887
2024-11-20,254.54020513675317,257.3530499018649,252.2994446635992,255.11228942871094,22708778
2024-11-21,253.31016799054927,258.8119253729509,251.40314273647505,255.789306640625,20550827
2024-11-22,255.47461800517897,256.4948834472354,246.84534081500638,247.05511474609375,22555101
2024-11-25,250.83101638371974,254.1683104059607,249.0384080816643,251.8226776123047,26239071
2024-11-26,249.41027764060522,251.69870187617124,243.77501513745196,244.78573608398438,27360405
2024-11-27,242.85965430102453,248.77142946222915,239.77981270234824,247.8179168701172,27400665
2024-11-28,247.1504863185054,247.46513268414245,241.71545266633115,242.8596649169922,22355598
2024-11-29,239.55095609559726,255.5318213447599,239.55095609559726,249.09561157226562,31366272
2024-12-02,246.61649178341608,251.29821264281597,245.25294676663057,250.00144958496094,20647547
2024-12-03,248.86679276263456,250.764273556726,246.959767530737,249.66773986816406,17310789
2024-12-04,247.91328445005846,249.8203097150589,245.52950286880787,246.93116760253906,16181395
2024-12-05,245.99669330814504,246.91208630677284,243.15522998477718,244.09921264648438,16021580
2024-12-06,244.09922157560243,257.35304067731124,243.14570899132272,254.1587677001953,33038136
2024-12-09,254.57831402885432,257.1242054170308,252.11826437977237,255.5890350341797,22456090
2024-12-10,268.20399298089234,268.413766893397,256.80950704515044,257.99188232421875,32904436
2024-12-11,261.2242788669838,266.5067463155253,254.13014347078078,254.68319702148438,19400821
2024-12-12,253.5389705061574,262.57827957359723,252.87152920871156,260.98590087890625,22329514
2024-12-13,257.33397166557006,259.35541361587076,253.63433831552067,254.616455078125,28316441
2024-12-16,253.84414208617605,256.97166245412944,251.77500680575793,254.77859497070312,16257508
2024-12-17,254.5878725724982,265.0765115174326,254.1492649097646,261.0717468261719,28214610
2024-12-18,261.5580272761965,261.95851535379296,257.743977046834,258.7928466796875,15085329
2024-12-19,256.74280843825477,259.6891588396549,254.22552124158577,257.2481689453125,15346018
2024-12-20,257.248169356387,258.2111972833635,248.21840398083566,250.49728393554688,27740098
2024-12-23,250.49728149006873,256.380466906216,250.49728149006873,251.2505645751953,20639383
2024-12-24,250.77381501340085,255.77975618762272,250.77381501340085,255.7606964111328,19615352
2024-12-25,256.40907577492095,258.31610096761034,253.88227321438652,255.5127716064453,11413810
2024-12-26,254.7785751114479,254.7785751114479,248.86678542725775,249.10516357421875,22443762
2024-12-27,248.45676605304604,251.17428257377847,243.14569429586862,249.82028198242188,24351918
2024-12-30,248.75237352999844,255.06462233150052,248.39957852128842,254.1873779296875,22631352
2024-12-31,252.7666080530936,257.9251138213882,252.7666080530936,253.63430786132812,24933952
2025-01-02,253.8727091915837,253.92037317816582,245.0527183558198,246.74996948242188,23354576
2025-01-03,246.74997599317015,250.77380010945248,245.2529543091625,245.6534423828125,18523758
2025-01-06,246.00623699659963,247.91326208959651,241.2386742641074,244.81434631347656,17289077
2025-01-07,231.70354579517743,240.28515860240623,229.8728034755689,237.85369873046875,40103599
2025-01-08,234.5545605722759,236.76670215236604,232.00868377541087,233.9347686767578,27185752
2025-01-09,230.13025917132333,238.61651502475257,229.94908945937706,235.83226013183594,16932878
2025-01-10,235.04084318827807,238.33045857047617,233.30544336639892,234.5640869140625,14729433
2025-01-13,232.18031184265186,238.37814357561794,230.75004298119816,235.43179321289062,18092226
2025-01-14,236.19459053485588,245.052715361538,233.8108092570199,244.2899169921875,20246734
2025-01-15,244.28992553538967,244.48061058494957,238.0634752344428,239.2076873779297,15062665
2025-01-16,240.38050576690716,240.4377141886857,236.71900672917357,238.31137084960938,16188378
2025-01-17,236.94785786623035,241.71542039875007,236.54738435943221,239.8083953857422,11106600
2025-01-20,244.57594848216075,255.16945805323797,244.3947787850034,253.17662048339844,34283497
2025-01-21,256.0181067734054,256.2660293355578,250.98356192706845,251.89892578125,13893306
2025-01-22,249.82029109038123,252.58547169870204,242.39243463872543,246.00624084472656,25040737
2025-01-23,247.77025567578352,250.29705825361233,245.03367916136727,245.5294952392578,16553688
2025-01-24,245.2803824109626,253.68281269477336,245.2803824109626,249.69715881347656,22439796
2025-01-27,249.7067497089099,251.94867454073483,246.2288818359375,246.2288818359375,17102637
2025-02-05,249.1031678631449,251.0193460774768,240.52827327786565,241.5534210205078,24048140
2025-02-06,240.48036240316458,242.866009508272,238.75579911147724,242.4923553466797,24896101
2025-02-07,246.2288934586351,251.5558664021575,241.07436953218775,250.3295135498047,34441254
2025-02-10,250.32952819262903,250.511567467487,244.48517861746276,247.61814880371094,22926710
2025-02-11,249.52473077718287,249.5822137848432,240.53785022453417,241.24684143066406,24791980
2025-02-12,239.53185898870527,245.27081816095912,236.72466484497681,244.60015869140625,27382214
2025-02-13,245.2612314071833,252.9259295077522,244.40853270187137,250.43492126464844,37534967
2025-02-14,250.5690275689856,261.5583101197496,250.5690275689856,258.40618896484375,38780030
2025-02-17,263.37868182616575,263.37868182616575,254.8708461311029,258.10919189453125,24182960
2025-02-18,261.5200009830162,263.95355556229293,257.72597621145843,259.4217834472656,23845755
2025-02-19,257.314001025969,264.4325961440416,257.29482053096166,262.08526611328125,20445539
2025-02-20,261.36667951029693,261.36667951029693,255.8097747504663,258.87567138671875,19589001
2025-02-21,257.3235522683315,265.27570917629777,256.55709269967474,264.0014343261719,30951906
2025-02-24,261.56790917033317,263.18708205513286,256.92117128314356,260.1211853027344,27753762
2025-02-25,256.2696739186386,262.5164041035428,253.42414822286446,258.18585205078125,23209375
2025-02-26,260.07328584239184,261.44334617466893,255.98222686223457,257.36187744140625,21173074
2025-02-27,258.942755587399,260.3128453542789,256.4517470772068,258.68408203125,23185110
2025-02-28,258.3008205504649,259.93914468244344,252.56184710715667,253.22293090820312,22265458
2025-03-03,253.893602510133,267.5942644595963,251.2492673314248,262.06610107421875,38736403
2025-03-04,258.6840715879723,259.64216074200186,251.71877396405947,251.97744750976562,26836542
2025-03-05,251.97743471794126,252.83014805624802,247.66603374367992,250.05166625976562,20869610
2025-03-06,251.25883719205027,254.4013679042618,250.0612259566258,253.2324981689453,25027321
2025-03-07,251.9390924879704,252.5331030304368,247.83847245699553,249.83131408691406,22287108
2025-03-10,250.82770780746264,250.88519081280188,242.98097057379675,245.74984741210938,28675074
2025-03-11,242.4636136700623,244.79176314771604,242.444447794813,244.50433349609375,17135077
2025-03-12,245.2803877665129,245.86480805422008,240.9498211544086,243.8336639404297,19914690
2025-03-13,243.3546233672668,248.33669821824034,242.39653429889174,242.60731506347656,16885150
2025-03-14,242.3965313743999,253.74989254537877,242.06119435680284,251.0193328857422,35108935
2025-03-17,252.07323585798258,254.34390223691844,245.02169983848853,245.2707977294922,33515486
2025-03-18,247.18697087031856,249.8504572163557,244.79174828436587,246.2288818359375,22576732
2025-03-19,246.42052110747204,255.78104081858848,246.01811083211356,254.26727294921875,36954120
2025-03-20,254.26728403190435,255.3307489140736,250.08041004279212,251.16305541992188,14424653
2025-03-21,251.6708255904923,253.44329618742086,244.95462658748056,245.2707977294922,19432006
2025-03-24,246.89957345444944,248.12592633632946,245.5390740636867,247.3402862548828,16730217
2025-03-25,246.90912882428057,249.1031610060921,244.59055500307582,248.60496520996094,12785778
2025-03-26,248.5283097405194,251.69002135243358,245.94148668192707,246.1522674560547,12904626
2025-03-27,245.45282852752302,251.78578291920576,243.59413348846752,248.03009033203125,14179206
2025-03-28,245.37617816421005,248.03010360598975,245.07918751029152,246.03726196289062,11242068
2025-03-31,245.32828349578358,247.1678273644316,241.5534102428921,242.33905029296875,19463355
2025-04-01,242.33906404301598,243.83368072922627,238.16179490036885,238.62167358398438,19416208
2025-04-02,239.71387526759622,241.87916585779814,237.18452078272134,238.69830322265625,13732112
2025-04-03,234.73183281042623,237.31867049305254,232.3845174061779,232.89230346679688,23281639
2025-04-07,216.6143436538496,220.36047524158332,200.34599614028195,206.19992065429688,72364582
2025-04-08,210.73168960496608,215.57004236865163,207.33047045707153,209.86941528320312,47659421
2025-04-09,203.99631634369032,209.58197719302234,201.2849226101483,202.5304412841797,53602339
2025-04-10,211.7376866546914,213.45265967520356,206.42987958460867,208.84425354003906,37274119
2025-04-11,206.94724110194616,216.0969947319297,205.70172237516195,214.61195373535156,30299115
2025-04-14,217.6299284870433,218.44431005205428,213.34726913358568,214.61195373535156,20696504
2025-04-15,216.52812706869793,220.79162045216827,215.68500401964172,218.5880126953125,26686542
2025-04-16,217.4862138614724,217.65866287283126,212.26463147455712,215.4646453857422,21655096
2025-04-17,213.65388495521208,217.80241281650362,212.9065765719964,216.5281524658203,15737659
2025-04-18,215.77125043253244,217.00717892638522,214.28620941889335,216.01077270507812,11512794
2025-04-21,216.01077800182932,225.1509417138134,214.78441048658698,221.6634979248047,22008191
2025-04-22,224.78409564440918,225.91779292324162,222.04759062792672,225.4584503173828,16935423
2025-04-23,229.6706962467238,233.3356541655545,227.71605202334743,228.05812072753906,19197980
2025-04-24,229.1820272049263,233.24769062693971,226.98305253025217,231.49827575683594,18155439
2025-04-25,231.82080510380788,232.5244782269384,229.75865482322436,231.2344207763672,12761989
2025-04-28,232.84699817362338,232.85676602636198,227.91151841971174,229.52410888671875,14312432
2025-04-29,228.69337692398645,229.4752376054223,225.4877615515764,226.76805114746094,16742435
2025-04-30,227.76492859941422,229.0647688402229,226.2500762939453,226.2500762939453,15632835
2025-05-06,228.60542955769688,230.94122891881554,225.9568799478958,226.37713623046875,19687679
2025-05-07,231.08780275038285,235.41734731785732,230.7261983529933,233.19882202148438,31280985
2025-05-08,234.05888340684106,243.04046129798172,232.58311743928923,239.023681640625,31285640
2025-05-09,240.48964967088736,244.1057383585823,239.10183920395045,242.63975524902344,23693317
2025-05-12,249.2171240780604,252.13930747897186,247.26247996764425,251.17176818847656,30231506
2025-05-13,256.05837222672665,256.05837222672665,249.23666862312677,252.901611328125,20480591
2025-05-14,252.90164532251535,258.4626108147106,250.204256434617,256.6448059082031,23146307
2025-05-15,256.6643160528537,256.9086465692128,253.71281415241637,254.27964782714844,14111893
2025-05-16,253.26325874115872,255.79451935543221,251.8852310259591,253.47824096679688,18900058
2025-05-19,254.59240555396445,254.6315067888757,251.43564445233295,254.10374450683594,16974017
2025-05-20,258.443082424249,259.47904156006786,249.4126200160532,257.0357360839844,34642364
2025-05-21,260.9352007468822,273.640387209984,259.7721851384504,267.8644104003906,56524517
2025-05-22,271.5000515272196,271.6368909294361,262.18617365346785,264.2385559082031,27608118
2025-05-23,266.0857176036639,266.0954705430691,260.89613977301434,260.9352111816406,23000352
2025-05-26,258.9903627537184,260.3390720563656,247.16475909307036,250.0967254638672,33012215
2025-05-27,250.0869474985564,251.37700489491039,246.66632020427866,248.23004150390625,17667995
2025-05-28,249.81330427769282,252.41296974769432,247.5752432150718,247.84889221191406,15456265
2025-05-29,247.26249478801947,248.22026628395983,243.35320633287293,246.13858032226562,21788285
2025-05-30,245.2101198527701,246.92043360399083,241.8579120584987,244.33053588867188,20433747
2025-06-03,246.28516699853444,248.14207300683543,244.76054692220282,245.45443725585938,15841166
2025-06-04,246.77383405500325,247.84889434668028,245.01465126532807,245.35671997070312,13040195
2025-06-05,245.65968429121682,246.71519395149133,242.63976257342554,245.7965087890625,13525851
2025-06-06,246.28517160619475,247.58501180142434,242.86454422277538,243.23593139648438,16551474
2025-06-09,243.2359387465964,245.1905830247587,239.93258514442135,240.01077270507812,18549757
2025-06-10,239.44391836466247,241.26173809651243,236.72696407583055,237.6260986328125,13932459
2025-06-11,240.50920434724986,246.7152059656975,239.248465335189,244.81919860839844,27993404
2025-06-12,246.2851588621919,246.77381989168038,243.12841278726668,244.1448211669922,17569617
2025-06-13,242.47361157949888,244.73122317559998,240.7828336608874,242.5713348388672,17403245
2025-06-16,242.37587693495436,243.05999941149466,240.22577133179138,241.06626892089844,12217571
2025-06-17,241.3594761560286,242.7961259457873,239.65893030681636,240.6753387451172,9765024
2025-06-18,241.37900462888172,243.92004801762624,240.00099182128906,240.00099182128906,10460561
2025-06-19,239.73710783129036,240.57760541177888,236.12101913858447,236.60968017578125,14798456
2025-06-20,235.59327733597092,237.60655859809836,234.06865715349588,234.81141662597656,13688340
2025-06-23,233.87317999793987,235.14370170226206,232.63197676340766,234.1761474609375,12709927
2025-06-24,235.124151681322,242.45406740244775,235.124151681322,240.34304809570312,23501081
2025-06-25,240.90990026055474,250.07718642997412,240.4212392052595,249.11940002441406,31537723
2025-06-26,250.07718764667143,250.47789329302356,246.63700962508491,247.0572509765625,19914530
2025-06-27,250.68311987301752,251.6115878027487,244.43803222005943,245.29808044433594,23620067
2025-06-30,245.79650999516622,247.7511542098395,244.0373272194099,246.50018310546875,17623370
2025-07-01,246.7738308916035,247.00839356480398,244.21325175502665,245.7965087890625,9532258
2025-07-02,245.79650060428946,246.29492949139757,243.5388890086362,244.7703094482422,11571374
2025-07-03,245.76719265418797,257.2409447028772,244.90714442369946,256.635009765625,33803747
2025-07-04,259.0001537690025,263.8574460710279,255.0615466784632,259.772216796875,27206013
2025-07-07,259.77219694388754,262.78236565268605,253.00914485230652,254.97357177734375,17466498
2025-07-08,254.78791788956255,259.86997560219305,253.92786955306156,257.3387145996094,15592292
2025-07-09,256.253867253885,268.2358159514455,256.1561290785159,264.6588134765625,29388371
2025-07-10,268.7537874596413,268.7537874596413,262.410976746503,265.83160400390625,24239349
2025-07-11,265.34295654296875,267.7862618518359,263.974711535104,265.34295654296875,21328153
2025-07-14,264.8542854408534,265.1670356666534,260.0654131821157,262.4109802246094,14978884
2025-07-15,262.41097005208337,266.32025824652777,259.96766493055554,261.677978515625,16952649
2025-07-16,262.4109878173225,262.6064641704793,257.0748174217874,258.4039611816406,15626479
2025-07-17,259.3519777704851,261.6780092918267,258.3648728411329,259.4790344238281,14511017
2025-07-18,262.60649907579926,266.2714574933504,259.77224070582,265.0498046875,22186558
2025-07-21,270.71825147789167,275.60486251539874,267.34647793180903,273.31793212890625,32486275
2025-07-22,273.6501805813201,283.4234013163673,272.8487693229256,280.1591491699219,33309029
2025-07-23,281.6251478698373,284.1564086012748,280.0907449713757,280.510986328125,20018974
2025-07-24,282.44608126278564,282.6415576090856,276.49419337163715,278.7322692871094,22389114
2025-07-25,278.7322544435196,278.7322544435196,275.36048151517406,276.38665771484375,13432601
2025-07-28,276.60166647189055,282.53401827229425,274.9206714098874,279.8072814941406,23897336
2025-07-29,280.1982639513036,285.3780592611153,280.17869842056575,285.2021484375,23394555
2025-07-30,285.5735356152194,285.5735356152194,270.0927269759945,270.8061828613281,41594301
2025-07-31,274.432021217273,275.58528390998947,258.61895751953125,258.61895751953125,44710355
2025-08-01,258.7948740815957,260.55407171564826,256.791375753775,257.1041259765625,25250002
2025-08-04,257.03570652691127,261.9223169171567,255.76519975564858,260.4367980957031,23768168
2025-08-05,261.4336673995326,262.89965058121226,257.52437891505366,259.67449951171875,21976040
2025-08-06,259.20536850028725,260.84726246981967,257.26050706585903,258.9903564453125,15323311
2025-08-07,258.9903542173891,260.44655458939377,256.25386429170857,257.0845642089844,16548104
2025-08-08,258.0130185008466,260.1240376858228,256.06815718585307,257.50482177734375,17428216
2025-08-11,257.504844790474,260.1142781675991,256.5470583687159,257.6807556152344,21330876
2025-08-12,257.52439035558746,259.16628443388885,251.87546943758187,257.2800598144531,22240739
2025-08-13,258.7655836467358,268.7636003156606,258.51150016050883,267.3953552246094,39466769
2025-08-14,270.6107278217384,275.6048293854965,268.2553780057311,273.5426940917969,37170757
2025-08-15,272.06691683194333,275.89800256257644,269.8386237527582,274.30499267578125,24109169
2025-08-18,274.30503622492176,279.005953641921,271.7151085229248,276.5821838378906,28528793
2025-08-19,276.5821788541077,277.5595010408714,269.95593562087055,271.5000915527344,24428585
2025-08-20,272.19354947837024,274.63592526237386,266.8477542807764,273.8610534667969,23353492
2025-08-21,273.9297126852757,276.41133214304335,272.6840087453097,273.6648864746094,18269814
2025-08-22,273.5962347945845,283.8169945378757,273.2725582948343,281.6884765625,26421851
2025-08-25,284.4545119558195,288.26032193970445,281.2960847981221,284.7291564941406,31229720
2025-08-26,281.5314934525755,285.425578936008,280.1190272362063,283.9640808105469,23024462
2025-08-27,283.47367559955586,284.0033579770097,272.87038929797524,272.978271484375,38258429
2025-08-28,270.78109476615754,273.65505923555327,267.5049668487217,272.10528564453125,30466401
2025-08-29,272.9880769055336,310.60474359861604,272.6349752933052,300.32513427734375,78013892
2025-09-01,300.6390229275352,301.0313680310133,293.5766913288788,298.18682861328125,42996421
2025-09-02,298.2162519227135,305.15106458514816,293.31186332421873,297.07843017578125,37116889
2025-09-03,297.6963895532305,305.69053702560046,297.2353758250957,303.0912170410156,50897473
2025-09-04,307.47573549176883,317.147175298142,294.88126934722413,298.21624755859375,65754754
2025-09-05,294.1652377182835,318.8931579589844,294.08678066752105,318.8931579589844,70819779
2025-09-08,327.61317325415666,331.193371106808,317.3139567296996,319.148193359375,58834578
2025-09-09,316.6273049209267,328.1820428593084,311.0951703401283,313.880859375,43402397
2025-09-10,311.90927549540066,315.8426044652959,307.0147055827255,309.99658203125,36752683
2025-09-11,309.51596625223647,316.8039107837951,303.1304723679419,316.3821105957031,38034460
2025-09-12,319.66806233501205,323.5915734528005,316.0388325114663,318.7852783203125,33871316
2025-09-15,339.3934983780639,364.4156678419214,337.4415314239639,347.9173278808594,71841023
2025-09-16,349.3003683793553,352.1351195035743,341.8359029164224,346.6618347167969,37744465
2025-09-17,349.9771422974847,374.5775711376579,347.23069678241467,369.88897705078125,54377100
2025-09-18,367.42697746022054,372.7335294585407,353.9006654701885,359.8742370605469,51889690
2025-09-19,358.0203500216983,368.525541499716,354.8030724572199,361.443603515625,33914886
2025-09-22,363.41519234445434,365.5927420627452,355.84281520944427,362.9737854003906,28527763
2025-09-23,360.96301226364835,369.75166852854386,353.11599025791685,361.1101379394531,34849315
2025-09-24,363.9056253135656,372.73352457993246,359.0600870993056,372.66485595703125,38314548
2025-09-25,369.3985661723831,394.89156928394823,369.2710472756013,385.33782958984375,46639338
2025-09-26,384.52364806963817,392.3412441881804,372.73350941644594,373.1258544921875,36263326
2025-09-29,378.95228259747984,392.24319323756924,378.6286061312275,389.7713623046875,38964745
2025-09-30,388.42756948898085,401.0612790638219,388.42756948898085,394.3128356933594,33031310
2025-10-09,392.3314996980719,416.24527449328264,392.0960686790562,402.052001953125,41208823
2025-10-10,393.33194798421,396.0783935027646,371.7624574728871,374.646240234375,53311798
2025-10-13,355.9212537384996,377.2455544459456,355.9212537384996,367.33868408203125,47150998
2025-10-14,373.71439169771844,378.4225925329042,348.9668373452713,351.1542053222656,49639939
2025-10-15,351.6446612994952,362.6402921178807,347.97618821935515,362.2381286621094,36993355
2025-10-16,360.4725524819528,366.7501637356525,357.52991940046746,361.45343017578125,27629467
2025-10-17,360.47253481989566,367.82911716315886,350.1635011839863,351.2915344238281,31905761
2025-10-20,358.02035218534166,361.8359807180533,352.6549500935872,359.4916687011719,28432420
2025-10-21,365.86737477624297,374.0577093940952,356.1566917274291,368.7119140625,44632870
2025-10-22,368.71194883251275,371.63497537189045,361.1592079418738,365.7300720214844,21945879
2025-10-23,366.65208438816785,371.5564730500428,361.94388324637305,369.2514343261719,23998098
2025-10-24,372.7040795972479,380.38433837899316,370.7717494411598,378.3931579589844,32041578
2025-10-27,385.4849423273237,385.4849423273237,369.36912864014334,378.79534912109375,40451018
2025-10-28,378.7757420739425,386.26963225199296,375.6957716800494,379.0896301269531,28708295
2025-10-29,378.61878662109376,392.3903177076951,377.3436576034874,392.35107421875,34474046
2025-10-30,398.2167497100119,401.2574467113576,389.2416945759355,390.6737976074219,34306088
2025-10-31,390.3893274428605,399.0210392921129,380.77673788646524,381.3358154296875,34048350
2025-11-03,379.59967855805183,384.415791766981,368.58441095956726,379.46234130859375,26368177
2025-11-04,375.7350062262228,379.10922788073606,366.8482567332349,371.70361328125,23939074
2025-11-05,365.72026356159176,385.48494361510575,364.8865115135352,381.2671813964844,31142532
2025-11-06,382.54231194087254,391.85083195254975,381.26718287467463,387.1328125,23447477
2025-11-07,385.9753947440327,389.90872410163,381.4437443270773,387.80963134765625,16554892
2025-11-10,390.7816630534802,392.6551430207296,375.99004075976785,377.15728759765625,23895991
2025-11-11,378.61881606519364,387.2211032601708,377.1474994224533,378.2264709472656,19303175
2025-11-12,383.30740270757514,385.4751341352278,376.63744603756106,378.9915466308594,21299825
2025-11-13,377.6869398233822,413.2437558281628,377.6869398233822,407.65277099609375,56265449
2025-11-14,399.2172361187005,406.6719128536655,396.1569023904758,396.3923034667969,24172120
2025-11-17,380.5805343332907,384.8963900760413,375.18570717134975,383.307373046875,47685503
2025-11-18,381.5614196777344,391.0072765789926,373.7143981933594,377.6379089355469,39565814
2025-11-19,378.12835571432083,390.8209156264045,377.5986733714856,383.62127685546875,29266686
2025-11-20,387.34858514829176,387.44667890190453,369.8006992315595,372.13519287109375,33674285
2025-11-21,367.8291320800781,375.67615356445316,362.92474365234375,362.92474365234375,31631335
2025-11-24,366.6520860430445,367.7310575403295,360.15868021485625,363.4642333984375,22845819
2025-11-25,367.82912491357615,372.40001843125015,363.5034508125112,365.2395935058594,20633246
2025-11-26,368.3195714327578,368.3195714327578,362.9934127770274,365.6908264160156,18910660
2025-11-27,365.86737449029806,371.63494003577995,362.9247414515021,364.101806640625,22200259
2025-11-28,363.41518636247,368.2999680647199,359.1581807539762,366.0635681152344,20340263
2025-12-01,367.5937310969995,375.646728515625,366.8776796101453,375.646728515625,26751013
2025-12-02,376.16659608954575,377.6183058546101,370.183236162336,372.8119812011719,16348461
2025-12-03,372.82181810161,376.03909590436865,367.8291539770432,368.88848876953125,13991135
2025-12-04,371.93901541319235,376.2646896384958,367.9762611454521,376.01947021484375,19165809
2025-12-05,379.79587586092316,381.86551354012323,374.6952995995749,381.64971923828125,23291559
2025-12-08,382.96408276221933,387.8194394717171,378.1283627649781,384.9945068359375,21659758
2025-12-09,384.01364137880967,384.75911805206925,378.61881372214697,380.17840576171875,18691773
2025-12-10,377.68695040528814,380.5805516244916,370.0459345939759,375.0680236816406,19433405
2025-12-11,377.5398190417704,391.23286329053775,376.04889572073364,381.5516052246094,28215378
2025-12-12,384.5040488368503,385.8674831742655,378.1283439454229,384.307861328125,24002022
2025-12-15,384.0136231893695,387.417270037987,377.8438940163745,378.12835693359375,18274993
2025-12-16,378.61877754039824,381.63986756846055,370.8011813767244,371.1739196777344,19121676
2025-12-17,369.25141611086855,377.147469493367,367.88798176179984,376.088134765625,22257408
2025-12-18,372.3117565149091,373.6653725330478,362.93456807894813,364.8865051269531,29639283
2025-12-19,366.9267236480519,370.457889420324,363.70944592976235,366.8482666015625,17559945
2025-12-22,368.8100079667097,370.7619449725435,361.061080275488,364.72955322265625,25493538
2025-12-23,364.88651294987295,373.22397359523296,364.49416784748206,370.869873046875,23604086
2025-12-24,370.85022106931837,370.85022106931837,364.8864979300291,368.41766357421875,21088387
2025-12-25,367.05426315070866,367.05426315070866,362.0615988768887,365.8772277832031,20343144
2025-12-26,365.8281281560949,370.7717600043426,363.0228323825884,367.27001953125,25723689
2025-12-29,366.8482434068363,367.27001361482604,360.9629774698282,362.2479248046875,24124072
2025-12-30,360.08022643083507,363.9056436522365,359.5505440666369,362.14007568359375,19030821
2025-12-31,362.71877147235574,364.88650279831705,360.1292399873969,360.2371520996094,16026597
2026-01-05,362.9247586079781,370.7717804157181,361.1493723186979,370.2813415527344,33688135
2026-01-06,372.73352447314153,373.2239633211325,361.98311330670265,366.83843994140625,34147710
2026-01-07,365.8183408752908,368.29996019575117,361.44360489217803,363.9154357910156,26228535
2026-01-08,360.96298769254093,366.1910525770141,359.9821100085938,362.14984130859375,26959035
2026-01-09,362.11064435989147,370.408861565112,359.9919448733221,362.16949462890625,31477187
2026-01-12,360.9630095017268,360.9630095017268,344.93547076973715,354.76385498046875,48830739
2026-01-13,359.24646478509504,360.7373881425662,350.1733458792599,352.1351013183594,29670920
2026-01-14,353.14538804658594,354.31263487427157,344.98447860841765,347.2110900878906,38083365
2026-01-15,346.0045959688328,351.42884825328,345.0727502144478,346.9854736328125,32370912
2026-01-16,351.14441529055074,354.8031000654072,344.78834664376063,345.5828552246094,31981842
2026-01-19,344.749073225931,348.5450649902508,338.7264700100359,342.22821044921875,33864284
2026-01-20,343.30720105715125,350.0850696758182,341.24735186400585,342.91485595703125,35440589
2026-01-21,345.2101240445356,350.85017121020707,342.3263410120624,343.120849609375,39393573
2026-01-22,344.31747021822287,346.9658517694185,333.0079524416446,339.1874694824219,45994818
2026-01-23,341.3552590473327,343.30719609769005,336.6862716015203,340.36456298828125,33976127
2026-01-26,345.2885370884002,345.80840104179333,334.68525216303465,335.5091857910156,33291386
2026-01-27,338.2949204584347,338.30470888019494,327.63275483661295,332.9098815917969,32294885
2026-01-28,331.4189792573256,337.421946303279,326.64210939997423,333.4886169433594,46308171
2026-01-29,333.98886053550405,338.5597542600244,331.69361028425783,335.352294921875,33844419
2026-01-30,341.737779657729,346.99529961794616,337.520017583482,343.30718994140625,48650115
2026-02-02,350.17336105315985,351.14442045870857,337.5494690449713,342.3067321777344,39191747
2026-02-03,342.3263247550616,346.05364812262917,336.9314972875749,341.2571716308594,26516325
2026-02-04,344.2488181886257,359.6387912036042,340.86480819237903,358.0497741699219,48531685
2026-02-05,358.77562658741505,359.7368975124315,349.21206898483507,355.999755859375,28427157
2026-02-06,352.4489865670416,365.7496859435324,351.16403915938145,362.0517578125,39372618
2026-02-09,363.4152013976425,365.37695687077417,355.66627326557494,361.767333984375,27448630
2026-02-10,358.1871237934019,363.7094401139148,357.03948371051,357.9909362792969,18563499
2026-02-11,359.8840411814314,363.8958275945776,357.5299405636995,360.9630126953125,19653459
2026-02-12,362.9247478262508,370.65406886669496,360.9924175661397,368.6824951171875,27754580
2026-02-13,368.42745440845954,369.7908887645376,358.0301748519443,358.3538513183594,22314532
2026-02-24,365.51427126637697,366.35781169875025,355.0286865234375,355.0286865234375,22695131
2026-02-25,356.73540734288616,359.5897649958413,353.2140600488725,355.2542724609375,18716639
2026-02-26,349.2415068077591,351.35041789267467,336.9315031635968,339.3836975097656,43541381
2026-02-27,340.4822720407917,342.2674766893216,335.4700012207031,335.4700012207031,25446620
2026-03-02,334.4792862679241,338.3047032032477,330.24188753925284,333.7142028808594,28351326
2026-03-03,339.70736385358373,347.57402223907326,337.4513570960464,337.4906005859375,40007479
2026-03-04,334.57740713897863,335.4797979076227,327.80935663809436,332.4194641113281,25080441
2026-03-05,337.9908092065364,347.0835642266266,336.10754087188417,343.5523986816406,31006068
2026-03-06,342.3263385279253,350.1929673934969,338.0693326380264,347.9859924316406,20963113
2026-03-09,342.1693831232539,352.96885648993714,338.46166650790957,350.6637878417969,31797613
2026-03-10,367.829149486505,372.50792549172877,359.49168876481093,369.1042785644531,50741728
2026-03-11,372.321534982437,395.83317406703344,371.7330323242082,389.2122497558594,57598685
2026-03-12,392.35108347819215,393.23386742921565,385.19068817832,387.9371337890625,29150375
2026-03-13,390.34029305510467,395.41141400581944,388.3981444310369,389.408447265625,35582639
2026-03-16,394.0872300408525,405.26925997485813,390.3893318197093,400.5904541015625,37352104
2026-03-17,407.82932289931927,411.9686279296875,396.8238740701229,397.2554626464844,35980678
2026-03-18,397.6085557864664,398.2363318601869,389.1828202389442,394.3324279785156,26529996
2026-03-19,394.25398851162316,406.0833712802844,392.3510833625936,392.8415222167969,29286635
2026-03-20,397.3339137038933,414.0088341069559,392.47858719399636,405.10247802734375,53729677
2026-03-23,409.34966905342407,409.3790941864658,391.1249749286539,394.3030090332031,44614145
2026-03-24,397.2554915345025,404.02354207013946,380.5805696676221,389.3986511230469,36410525
2026-03-25,385.4849528646448,392.8415359345808,380.3843766292173,390.2029724121094,26752828
2026-03-26,386.3088790141879,405.8087329459533,384.5040675951087,394.80328369140625,26763697
2026-03-27,398.3540522827858,410.33056078506985,394.048014685498,408.2216796875,30258043
2026-03-30,405.10247802734375,410.840618388141,397.8439892504599,405.10247802734375,25348419
2026-03-31,405.1024912735835,408.9769701734126,393.9008547361671,394.0185852050781,24925645
2026-04-01,401.8950520168362,402.03235933639974,388.4275897085256,397.951904296875,23170073
2026-04-02,400.10003702398586,404.11182351749903,389.60466282892617,393.4987487792969,22305638
2026-04-03,392.35106886939263,393.13575903352705,377.76542267361475,379.0699768066406,24751501
2026-04-07,382.52269342366134,385.6811207919144,374.1950214564596,377.2357482910156,17257622
2026-04-08,388.9180200182216,390.04602342113145,380.79635360965307,383.81744384765625,36418443
2026-04-09,386.56392430808614,386.7404751175739,379.2661915091267,382.5325012207031,25955199
2026-04-10,386.4658254476694,410.9877686867347,385.1710596604837,408.0451354980469,50788702
2026-04-13,410.00689230130814,425.0437347738331,408.0451368357517,418.9623107910156,41239924
2026-04-14,413.4399748953803,424.2198118742664,406.47573682848935,422.5523376464844,44220826
2026-04-15,430.4876220675743,431.0565179788665,418.9034584942522,422.75830078125,37353628
2026-04-16,432.5670852621371,451.2037624049502,424.7396700859108,445.29888916015625,63506218
2026-04-17,447.2410039144081,448.88890125996187,432.57689972852194,435.7059020996094,36535848
2026-04-20,424.7200531182262,429.5263479634775,417.8637274285272,424.2296142578125,52927821
2026-04-21,426.68179807167905,441.52248241244166,416.97111486098805,439.0408630371094,57774562
2026-04-22,439.40651836256717,446.34120362001613,431.5551648024137,434.7634582519531,46025432
2026-04-23,441.88744934161923,441.9870918264019,433.418355047586,437.3041687011719,35430966
2026-04-24,440.3928990416904,446.81945916546596,436.4074429417656,443.2823486328125,39542497
2026-04-27,443.0133469756109,447.12833531663074,432.22270741893215,433.2987976074219,33061283
2026-04-28,424.64039103195546,431.7245247343505,421.4619873238631,426.1150207519531,35012113
2026-04-29,430.4292859023877,443.53146757480556,426.44382955143965,443.38201904296875,37633560
2026-04-30,444.8765566064677,447.86564881211024,434.41473388671875,434.41473388671875,29812094
2026-05-06,455.83654353929603,464.18607897235324,446.9987994618552,458.32745361328125,47372718
2026-05-07,467.0456376770856,467.0456376770856,445.3747200888688,449.99786376953125,38621274
2026-05-08,447.36747123665884,453.8438377467664,434.61402319478685,435.4111022949219,36604851
2026-05-11,438.40017589114666,448.8719716408459,433.5179981955006,444.4879455566406,34190101
2026-05-12,444.9662280795799,445.2252924688916,427.72914176509863,429.6820068359375,34151497
2026-05-13,429.44287695245896,434.99260157649485,425.52714314487554,432.4718017578125,31685823
2026-05-14,447.7460810020566,448.81219783159236,425.44744873046875,425.44744873046875,34704614
2026-05-15,426.5235059029598,429.93108430696964,419.469261861493,422.059814453125,29704893
2026-05-18,419.05077740909974,421.3623492951805,412.49471536030427,415.7129821777344,28498347
2026-05-19,414.3479442358874,418.3732635602957,405.32088826652813,416.4004821777344,26087668
2026-05-20,415.483823586545,421.45203472761017,411.1596071049661,413.24200439453125,28119031
2026-05-21,418.3433611912218,426.0651824381224,409.92410336599073,410.1333312988281,33867172
2026-05-22,413.1921762497756,414.98561934480136,408.50925313653914,409.6650390625,27788381
2026-05-25,409.7846132341962,412.9929067538321,398.5456277479682,401.4151611328125,38197710
2026-05-26,404.71311531269123,407.28372117903615,398.90429588194405,401.0365295410156,35062703
2026-05-27,412.41503423136504,427.3405487206114,409.794591830449,413.29180908203125,53372888
2026-05-28,418.47290970223776,419.05078748434306,404.72309768895445,414.1686096191406,32777149
2026-05-29,421.4620099337596,429.29341708345095,415.03544939268943,422.4583740234375,49811891
2026-06-01,430.5289087917072,436.64656820045064,416.65950794293076,418.5725402832031,38600452
2026-06-02,423.4547175254971,436.158359051262,421.46198944302415,432.3124084472656,38798160
2026-06-03,435.4110860491618,435.4110860491618,418.5725398324742,424.86956787109375,38552608
2026-06-04,424.869574650985,425.34780993820647,405.69950951391843,406.7158203125,43115462
2026-06-05,406.4069640080886,411.14963640865614,401.23583193900754,401.53472900390625,28738930
2026-06-08,394.3608943698708,401.2158841690979,389.279461839896,391.59100341796875,28652636
2026-06-09,398.53566350904435,400.4088328674398,386.5892677736819,398.0474548339844,27735147
2026-06-10,393.84277989422634,397.54925537109375,383.7197175121733,387.0874328613281,24435715
2026-06-11,385.57298285855404,389.91711565481097,378.6482403357082,380.81036376953125,26865447
2026-06-12,388.5720223788409,398.08731769822595,381.90634417306353,393.41436767578125,41420838
2026-06-15,400.538340495369,406.4168821974353,391.97957711716003,396.65252685546875,34074882
2026-06-16,407.39332828476086,407.5328034371205,397.0510648179204,402.0627746582031,34839262
2026-06-17,398.54561941964283,401.8336086172078,394.141676946144,397.54925537109375,25009264
2026-06-18,398.93422798518856,408.39968673092426,388.5022948670446,390.1263427734375,38548105
2026-06-22,391.57107245876324,411.827140258189,384.5965240943578,407.49298095703125,59464844
2026-06-23,409.5056164129224,412.53457157858855,389.30932846711494,391.0828552246094,37374094
2026-06-24,390.574716661073,397.8182725262363,385.25413615943324,393.9224853515625,34427057
2026-06-25,398.4260761926663,401.08635127870565,391.1526001096144,400.438720703125,32404638
2026-06-26,399.5419972337137,408.31996237133137,379.6147155761719,379.6147155761719,46525303
2026-06-29,385.5530203924455,394.5601598276156,376.8248920788193,390.9333801269531,42525908
2026-06-30,391.0629259084737,400.8970344596875,388.581989092845,391.5810546875,27038346
2026-07-01,388.581972541971,389.5783365741299,368.65469189879303,382.4443664550781,44088579
2026-07-02,386.27041546524407,389.56837810531306,379.0069432857305,380.9598083496094,34075435
2026-07-03,380.5712122342451,386.5394536989986,377.6219830964741,378.61834716796875,25884940
2026-07-06,377.85115502917824,380.50148708885825,372.68996606737073,373.1483154296875,21648005
2026-07-07,374.63289832531416,377.5024317732905,369.4119602170688,371.1356506347656,20848582
2026-07-08,372.6401722239655,375.31042070594975,359.68743896484375,359.68743896484375,27051874
2026-07-09,359.6874257175329,375.2904905484228,358.760814439173,374.13470458984375,37794162
2026-07-10,373.6365268693985,373.8358118463762,344.90139069175683,347.491943359375,55601355
2026-07-13,347.73106581703155,360.6837989276946,346.7347017315959,357.7544860839844,46290681
2026-07-14,351.3179752929522,363.3042337749742,351.20835943439425,362.6864929199219,43631637
2026-07-15,366.6719518393358,378.6083739607647,361.75985385571425,371.643798828125,35849258
2026-07-16,368.1366031680504,373.65643815768243,363.17469921185983,364.8685302734375,25186882
2026-07-17,370.94633663801164,373.8756494800871,358.6910705566406,358.6910705566406,51245336
2026-07-20,352.71287160338613,376.2270691249354,352.5135866319236,375.0613098144531,44790768
2026-07-21,371.31501529763904,389.5783555161998,371.1456200250241,380.81036376953125,44036045
2026-07-22,381.45798587115513,383.60016251556783,368.5251694456764,370.906494140625,31193761
2026-07-23,371.64378864210653,384.5965212221263,364.67921370035197,384.5865478515625,35940928
2026-07-24,381.78676598233307,389.43883452061783,381.25869425679923,381.6174011230469,25454224
2026-07-27,396.5628690311126,402.331795042553,392.5674394226074,398.5456237792969,47327210
2026-07-28,394.81923303484854,398.5356515267824,389.4388427734375,389.4388427734375,37191082
2026-07-29,388.5819684668608,400.39883116916417,379.9933154647802,395.3970947265625,40435873
2026-07-30,388.5819828436964,402.3317946893646,388.38269786933444,400.4187927246094,45239048
2026-07-31,394.11179243143346,398.74490964349945,387.5856199901337,393.8627014160156,39414948
2026-08-03,391.17252978370936,394.44060263199844,388.18343765149547,392.9659729003906,21522258
2026-08-04,393.56380965960506,396.41339631917873,389.79755467203864,393.6634521484375,26165417
2026-08-05,398.56552632942254,406.41687971138873,396.55288194532835,403.7267150878906,30011167
2026-08-06,408.50927372568657,408.50927372568657,382.76322948894,386.5892639160156,45320103
2026-08-07,386.57927043189216,387.4660490141407,382.6237040148667,386.65899658203125,25519302
2026-08-10,385.6099853515625,394.6199951171875,384.6300048828125,393.8699951171875,23160930
2026-08-11,395.0,395.2799987792969,389.5199890136719,390.3999938964844,16299162
2026-08-12,388.42999267578125,395.9100036621094,387.5199890136719,393.92999267578125,20236434
2026-08-13,393.0400085449219,399.3900146484375,391.0400085449219,396.29998779296875,24429304
2026-08-14,395.0,400.989990234375,393.67999267578125,393.92999267578125,15930154
2026-08-17,393.92999267578125,400.5,390.5,399.9800109863281,20399838
2026-08-18,399.0,400.75,394.5,396.260009765625,16933180
2026-08-19,394.0,396.989990234375,388.3299865722656,389.0,21157158
2026-08-20,391.510009765625,392.0899963378906,384.0,385.0,17909645
2026-08-21,386.0,397.8299865722656,383.04998779296875,391.1499938964844,20449615
2026-08-24,391.1499938964844,394.3999938964844,386.67999267578125,387.8900146484375,13972968
2026-08-25,391.0,391.1499938964844,376.05999755859375,376.7300109863281,26064594
2026-08-26,379.8999938964844,385.5,373.7099914550781,379.0,20716240
2026-08-27,376.5,378.6600036621094,370.04998779296875,373.0,23373782
2026-08-28,368.0,371.25,364.1300048828125,368.5,26376977
2026-08-31,366.6000061035156,367.3299865722656,357.29998779296875,363.54998779296875,26242387
2026-09-01,362.489990234375,363.55999755859375,358.0299987792969,358.1000061035156,19808688
2026-09-02,368.0,356.5,347.54998779296875,348.2900085449219,27806728
