date,open,high,low,close,volume
2018-01-02,3.4877664177999392,3.5321531076939108,3.4860593626572975,3.5304460525512695,168876561
2018-01-03,3.530445314546873,3.5731245333533757,3.5270307979521984,3.5492241382598877,126793328
2018-01-04,3.549224421565988,3.568003246777966,3.5423957948546425,3.560321092605591,92220709
2018-01-05,3.567149797211805,3.5825145129151803,3.5551995984502196,3.5739784240722656,127131673
2018-01-08,3.573125291904614,3.5970260990951646,3.5620286193950177,3.5884900093078613,105696705
2018-01-09,3.5884893054874425,3.6200722616735823,3.5825142066175086,3.61751127243042,107946072
2018-01-10,3.614096858488188,3.636290197285807,3.6030001890893786,3.632875680923462,144965698
2018-01-11,3.626901160792038,3.6328762601114626,3.612389972717371,3.6277546882629395,98475059
2018-01-12,3.6277546749126506,3.650801544634633,3.623486630550736,3.6473870277404785,103574919
2018-01-15,3.647387108132136,3.6789700672740646,3.6371443712701392,3.6405584812164307,157364726
2018-01-16,3.64055778217669,3.6798228881814286,3.6362901455632732,3.677262306213379,123183954
2018-01-17,3.6781169826763604,3.6934817003541327,3.6542165820819403,3.6661667823791504,158939722
2018-01-18,3.671287513852484,3.701163007751083,3.668726524647988,3.690066337585449,125086310
2018-01-19,3.6917739026724226,3.725917445282657,3.6892133201370654,3.700309991836548,218506460
2018-01-22,3.689212822623673,3.7498177450419834,3.689212822623673,3.7472567558288574,139873365
2018-01-23,3.75502089820485,3.7860753209270297,3.752432789700301,3.785212755203247,158466266
2018-01-24,3.7852128532224585,3.79556446484231,3.7576086926805914,3.7878005504608154,161345725
2018-01-25,3.785212628756147,3.7869377601460834,3.744669161760333,3.7636468410491943,154871983
2018-01-26,3.7524334019436756,3.8076417306055115,3.7481201612878174,3.782625675201416,98413154
2018-01-29,3.791251524788096,3.7955647651932187,3.7015380987611213,3.711027145385742,214053187
2018-01-30,3.7024004385760465,3.717927856286727,3.6704834487261824,3.6730711460113525,161687140
2018-01-31,3.662719612461239,3.6972247116667227,3.6575438064470935,3.6842854022979736,166736854
2018-02-01,3.6834223069904426,3.698949722800663,3.6368404708929494,3.6584062576293945,439073590
2018-02-02,3.631665058897466,3.6860104031185656,3.6126873784075406,3.680835008621216,212796141
2018-02-05,3.6480550840379684,3.681697616656424,3.6316651006084735,3.677384376525879,230839513
2018-02-06,3.6230382859428225,3.634252462447245,3.567830380433742,3.573868751525879,313173133
2018-02-07,3.6230388854232016,3.6308028004928645,3.4841559159908293,3.4893317222595215,339517812
2018-02-08,3.4850180291425508,3.5126221885456412,3.4341229502222395,3.460864543914795,312348562
2018-02-09,3.3685636612725776,3.382365742758025,3.246933036702861,3.301278591156006,416837179
2018-02-12,3.309042266405303,3.3685636265095678,3.2986906539813883,3.3487231731414795,193558868
2018-02-13,3.378915084651634,3.4341232018362486,3.378915084651634,3.3892664909362793,162462468
2018-02-14,3.399617700748395,3.4254965218987348,3.387540958678221,3.4194581508636475,93035624
2018-02-22,3.4643150524427955,3.4962324539953062,3.4522383089724467,3.490194082260132,189064057
2018-02-23,3.497095456179177,3.5177986826166587,3.4789803387130185,3.509172201156616,157657247
2018-02-26,3.5350505927269995,3.56524244969193,3.4936445586989233,3.554028272628784,202772259
2018-02-27,3.56092955779559,3.5617925349359663,3.4979577292090807,3.503133535385132,211823291
2018-02-28,3.474666506880987,3.4979574269943203,3.4461997810387794,3.4677655696868896,239224566
2018-03-01,3.450513274186209,3.5083092958435125,3.44447490228171,3.4927818775177,118636949
2018-03-02,3.4677658733275707,3.4876065322477237,3.457414260963425,3.4694910049438477,90614682
2018-03-05,3.472079231887647,3.4927820459874,3.441887165242261,3.4617276191711426,96012470
2018-03-06,3.4867433596148047,3.5143475205937613,3.4479252267589193,3.5134849548339844,133593823
2018-03-07,3.5108970427841535,3.530737288045002,3.4772545122115384,3.485018014907837,139728541
2018-03-08,3.486743210990913,3.5221112849667207,3.4772545767046044,3.5203857421875,93207522
2018-03-09,3.5264242292433057,3.5514406926970974,3.5143474860586674,3.546264886856079,111687110
2018-03-12,3.56351772103793,3.5781821626499326,3.5514409768868984,3.55661678314209,294989163
2018-03-13,3.554028207334439,3.560066578616489,3.5169354139351623,3.518660545349121,143512766
2018-03-14,3.510897169085306,3.5238364778223468,3.503133254776515,3.5065839290618896,120903364
2018-03-15,3.502270502584588,3.5350504668842793,3.4953695657144386,3.5324623584747314,100079431
2018-03-16,3.5281495720317513,3.541088880234027,3.4927814989013055,3.4936444759368896,88323264
2018-03-19,3.492781935863421,3.5152102922642845,3.4755293856576217,3.512622594833374,80902013
2018-03-20,3.5014081138172415,3.521248359738088,3.4798423250917767,3.510897159576416,75493600
2018-03-21,3.5246992799652195,3.5488527675832144,3.485018374021412,3.4927818775177,129100272
2018-03-22,3.4988208295164074,3.5100345967371553,3.453101138129637,3.4617276191711426,98444017
2018-03-23,3.3642503985049452,3.384090850733222,3.299553235905502,3.359074592590332,278976065
2018-03-26,3.332332928428009,3.3521733802465032,3.3012782992483403,3.3435471057891846,233957550
2018-03-27,3.382365517198528,3.3901292260788463,3.351310887343865,3.373739242553711,143793379
2018-03-28,3.3418222597526803,3.367701085335179,3.30300391854562,3.3055918216705322,135099139
2018-03-29,3.318530533672936,3.380639786146313,3.2719486971511964,3.3659751415252686,193453972
2018-03-30,3.366838128043887,3.377189533673325,3.345272339732675,3.360799551010132,92303130
2018-04-02,3.3616627213950045,3.395305256433594,3.3469980740961227,3.349585771560669,177505995
2018-04-03,3.3288824231428733,3.345272406131383,3.309904537278988,3.328019857406616,140985282
2018-04-04,3.33578385763599,3.360799911507101,3.3150806328231788,3.3193938732147217,102878409
2018-04-09,3.3228442995100718,3.3426847525901335,3.3021412806294137,3.323706865310669,119199109
2018-04-10,3.327157872391363,3.389266935241057,3.3237071975108465,3.388404369354248,159073409
2018-04-11,3.397029918791411,3.413419901135742,3.3866785133633566,3.392716884613037,136495500
2018-04-12,3.3918542548674715,3.3970300606309065,3.3564865915950026,3.357349157333374,96730312
2018-04-13,3.3771898987970586,3.3875415112122576,3.3280201511581087,3.3340585231781006,121246776
2018-04-16,3.328019679014973,3.338371084295005,3.2702234587851065,3.281437635421753,114159639
2018-04-17,3.29092691783047,3.2952399522579765,3.2305427905125224,3.233130693435669,138299800
2018-04-18,3.2615975419036167,3.2736744912188347,3.2003510522095495,3.2400319576263428,212567660
2018-04-19,3.2477955376811822,3.2943773788564488,3.2469327662643983,3.2857511043548584,171495153
2018-04-20,3.2753995996069234,3.2866137773917217,3.2288177569110608,3.234856128692627,163178579
2018-04-23,3.2288174908849347,3.26849839275154,3.2184658797313515,3.2486579418182373,106409975
2018-04-24,3.255559144656176,3.325432114315443,3.255559144656176,3.316805839538574,179486723
2018-04-25,3.3030039712256194,3.309904909224367,3.2892018895614976,3.2969655990600586,107213904
2018-04-26,3.301278500683621,3.3073170782721477,3.2262299288923426,3.231405735015869,127956877
2018-04-27,3.248658373316484,3.2512462764486143,3.2020763226047664,3.238306760787964,117876195
2018-05-02,3.252108410313899,3.26849839275154,3.227092153803805,3.2486579418182373,113098000
2018-05-03,3.240031663037764,3.2797125648467094,3.2184658750546684,3.2676358222961426,150087441
2018-05-04,3.2659106542571426,3.277124831682129,3.24693276807641,3.252108573913574,111229369
2018-05-07,3.2572846073181374,3.308179692161647,3.25210880111937,3.3047292232513428,151975283
2018-05-08,3.3081794327798852,3.3564866107364293,3.3038661927302235,3.347860336303711,188264393
2018-05-09,3.3469979959542973,3.3478605617556743,3.3237068683175393,3.338371515274048,87267325
2018-05-10,3.3478602425566844,3.3625248881150047,3.3314702598934915,3.360799551010132,99489112
2018-05-11,3.366838580669372,3.372876952848304,3.337509079943181,3.3409595489501953,85096764
2018-05-14,3.347860729999652,3.378052591231314,3.347860729999652,3.3702890872955322,180928713
2018-05-15,3.3771894539402014,3.383227825164795,3.3504480662789162,3.383227825164795,144488809
2018-05-16,3.371151650859843,3.378915360457003,3.348723293579135,3.3556244373321533,87803478
2018-05-17,3.3573493567079677,3.361662596989172,3.326294725949795,3.327157497406006,83591034
2018-05-18,3.331470625659978,3.367701063507297,3.3159434126777683,3.3633878231048584,191679213
2018-05-21,3.385815802846243,3.400480448382828,3.3694258202073417,3.379777431488037,158257390
2018-05-22,3.379777220482306,3.379777220482306,3.345272125923005,3.3659751415252686,84688776
2018-05-23,3.357349092644723,3.3582116583664745,3.321118658665359,3.321981430053711,110004473
2018-05-24,3.321118748738334,3.329745023189605,3.2917894567373343,3.2952399253845215,121639995
2018-05-25,3.294377477152352,3.3116300266703056,3.27885026485284,3.2874765396118164,103168428
2018-05-28,3.2943777733580153,3.3211191658152437,3.2788505596624122,3.3081798553466797,91613409
2018-05-29,3.3038662714227653,3.312492546060947,3.2753995445501043,3.2771248817443848,126385560
2018-05-30,3.245207954780279,3.2495209896230874,3.214153322378875,3.2150158882141113,144032281
2018-05-31,3.2331308981336644,3.2831634169267154,3.227955297626298,3.2805755138397217,170193623
2018-06-01,3.2659109491418032,3.277125127579337,3.243482592266736,3.2581472396850586,121025470
2018-06-04,3.275399687909288,3.2935150094089765,3.2641855098221635,3.2900643348693848,126079681
2018-06-05,3.2866135711352857,3.3211186681025957,3.2805751997326666,3.3176681995391846,104885997
2018-06-06,3.313354870729342,3.3202558072427433,3.304728597254299,3.3116295337677,83502820
2018-06-07,3.3237064819500826,3.3375085615007785,3.304728802526147,3.31076717376709,109814321
2018-06-08,3.3038664659908195,3.3038664659908195,3.250383477817781,3.2667734622955322,135333285
2018-06-11,3.252971091966318,3.282300589391324,3.2521085262283074,3.2753994464874268,76834934
2018-06-12,3.276262656435373,3.3193940341083055,3.2598726712196697,3.3081798553466797,122168366
2018-06-13,3.296964962313918,3.3012779963134977,3.269360804316893,3.274536609649658,114881661
2018-06-14,3.2650482980703215,3.296102929419909,3.2572845888162694,3.2659108638763428,137252556
2018-06-15,3.260734796524048,3.2797126824027396,3.2434822477858205,3.260734796524048,130340300
2018-06-19,3.2391691698216127,3.2391691698216127,3.1149506560455995,3.1485931873321533,351576108
2018-06-20,3.1373790102366352,3.1632578329955376,3.1097748503604987,3.1485931873321533,249030285
2018-06-21,3.1503182015121456,3.188273971345579,3.1175384428377364,3.122714042663574,333719959
2018-06-22,3.1140877410509864,3.1373788655598953,3.0813079826679526,3.1365160942077637,154260956
2018-06-25,3.1468679325179116,3.15204373833838,3.0916598169883303,3.092522382736206,115424451
2018-06-26,3.0631930173655233,3.0804455659099697,3.0252372460344596,3.0623302459716797,202340188
2018-06-27,3.064918649266918,3.070957021676773,2.982106361598475,2.989870071411133,200894524
2018-06-28,2.9760680954523577,3.018336909497234,2.967441819463606,2.9726176261901855,162531044
2018-06-29,2.975204887145932,3.0562920340704425,2.975204887145932,3.0511162281036377,170604955
2018-07-02,3.0459404911053913,3.049391165605802,2.937249386007875,2.970029354095459,212198117
2018-07-03,2.969166504036193,2.9786555501612,2.8889421288577846,2.958815097808838,361552434
2018-07-04,2.9527766200258556,2.9674412659044638,2.923447122602035,2.927760362625122,126890878
2018-07-05,2.9286229104613177,2.956227070573847,2.8984308474840765,2.903606653213501,172621249
2018-07-06,2.9087827459866085,2.95967783123736,2.8725523079719575,2.9286231994628906,235437839
2018-07-09,2.9415628682675563,3.0166114456590503,2.9415628682675563,3.014023542404175,229957247
2018-07-10,3.019198786985082,3.0252371582337276,2.992457399217279,3.021786689758301,145734481
2018-07-11,2.967441516213543,2.9846940664279664,2.93207364430734,2.971754550933838,195431757
2018-07-12,2.970028936176712,3.05887957589429,2.968303599169282,3.0433523654937744,208933958
2018-07-13,3.044215398165731,3.0562921420706224,3.033863785866327,3.0485284328460693,132747563
2018-07-16,3.045940385864798,3.0700940782000528,3.024374802148739,3.0355889797210693,126517900
2018-07-17,3.03213851698931,3.0355889857106946,2.993320178290555,3.016611099243164,121537372
2018-07-18,3.020924128720902,3.0493908536036733,3.001946243576856,3.0028088092803955,127613656
2018-07-19,3.0183365640918134,3.0381770171621505,2.991594967620226,3.0045344829559326,141953100
2018-07-20,3.0028088917933586,3.0752697602133154,2.979517971825016,3.0623302459716797,193402166
2018-07-23,3.045077724600548,3.089934433483037,3.0364514502513464,3.0821707248687744,173776124
2018-07-24,3.0890720543219112,3.1546317844688403,3.0890720543219112,3.1391043663024902,260280530
2018-07-25,3.1399673436557056,3.144280378540325,3.123577358627566,3.13824200630188,202257308
2018-07-26,3.1356542612053113,3.147731006291116,3.08993497852336,3.09769868850708,155486234
2018-07-27,3.0933850562569614,3.1089124742593386,3.0795829754770527,3.0899345874786377,87662456
2018-07-30,3.0890718869042133,3.1115002414845416,3.057154486514297,3.0726819038391113,159982013
2018-07-31,3.068368742403171,3.100286143610677,3.0649182736870273,3.0838961601257324,105773714
2018-08-01,3.1011488584549647,3.1132256023753393,3.0140233366009355,3.014885902404785,269610753
2018-08-02,3.0053968598331324,3.007984762737595,2.91395830943081,2.947600841522217,270606239
2018-08-03,2.9467383992287353,2.9588153493539613,2.905332359465936,2.9061949253082275,167573565
2018-08-06,2.906194164953871,2.9329357557347335,2.857886994091571,2.876002311706543,222204999
2018-08-07,2.8811782925527596,2.9579521955943378,2.8665136467957435,2.9562270641326904,225098060
2018-08-08,2.951051037220304,2.9519136028864748,2.9010185265838397,2.913095474243164,197563683
2018-08-09,2.9027444260568176,2.9924578540534075,2.901019088723565,2.982968807220459,229221996
2018-08-10,2.978655319593122,3.00367157595604,2.963990674322886,2.9881441593170166,137674358
2018-08-13,2.9588151662879705,2.982968653710755,2.9260351983094863,2.9752049446105957,170754010
2018-08-14,2.9726171031172464,2.976930137519363,2.943287605383105,2.9622654914855957,97181092
2018-08-15,2.9605399904545955,2.962265327519906,2.8854914272789958,2.8915297985076904,151489700
2018-08-16,2.8725518014762565,2.913095472764503,2.8397720438459535,2.87945294380188,207748996
2018-08-17,2.9001561535022518,2.9036066220626497,2.8276954910674985,2.835458993911743,180110413
2018-08-20,2.8423604466887906,2.8682392722140353,2.820794655917775,2.8656513690948486,204679525
2018-08-21,2.8647885993134405,2.929485555687022,2.8647885993134405,2.914820909500122,232249206
2018-08-22,2.9199969314908953,2.9199969314908953,2.8949806717126947,2.9096453189849854,116553337
2018-08-23,2.9113703659721777,2.935524057521842,2.8854915429546395,2.91827130317688,245065534
2018-08-24,2.913096168938093,2.946738500273995,2.888942473526026,2.9225850105285645,203133054
2018-08-27,2.928622724628493,2.9967703491862707,2.928622724628493,2.995907783508301,224129105
2018-08-28,2.996770639693694,3.005396914309395,2.9786555247007054,2.9872817993164062,143206281
2018-08-29,2.983831251678542,2.9872817203002326,2.968303834381028,2.976067543029785,132357316
2018-08-30,2.9760677425199065,2.991594955191627,2.9415626426568657,2.9467382431030273,162923699
2018-08-31,2.9346613750691626,2.953639261457207,2.9087825512672527,2.9243099689483643,149124071
2018-09-03,2.920859206045294,2.9286229146505365,2.890667348691468,2.91827130317688,140562775
2018-09-04,2.9174088009290307,2.965715979412974,2.9070571892301116,2.9527766704559326,174997837
2018-09-05,2.9415625868168496,2.9467381871647618,2.8915300695652424,2.892392635345459,195263963
2018-09-06,2.890667694535542,2.9139586174712293,2.8587502905619866,2.8673765659332275,213334039
2018-09-07,2.876002801829364,2.91913417500918,2.857887481127214,2.8863542079925537,185057798
2018-09-10,2.8751403923909877,2.8837666681130343,2.841497855375016,2.8449485301971436,160330584
2018-09-11,2.8458108117962526,2.8587501212534736,2.8242450218120636,2.834596633911133,225378210
2018-09-12,2.833734281823203,2.8389098825964254,2.811305924361592,2.814756393432617,206182200
2018-09-13,2.84322319278608,2.859613178357959,2.8095806557701084,2.8449485301971436,259771423
2018-09-14,2.848398718087472,2.859612895985452,2.836321974402453,2.8492612838745117,175624021
2018-09-17,2.8337337172834474,2.8389093170255806,2.8156183983529153,2.822519540786743,115650820
2018-09-18,2.8130307896936766,2.8803158557071855,2.8121682239242554,2.8768653869628906,236746841
2018-09-19,2.8725521668990095,2.938974667608254,2.8665137951375534,2.9156837463378906,446329246
2018-09-20,2.91568364824042,2.944150374539022,2.907919939522636,2.9139583110809326,244090449
2018-09-21,2.9225847993276557,3.007122418660815,2.9130959584228964,3.005397081375122,477366017
2018-09-25,2.973479813032749,2.982968653710755,2.9588151662879705,2.9752049446105957,208980617
2018-09-26,2.976067916380035,3.0330013756133947,2.974342579019442,3.0079851150512695,301578428
2018-09-27,2.997633087939029,3.0079846993387,2.984693779356043,2.9950451850891113,231202883
2018-09-28,2.999358767081706,3.029550833329182,2.9959082981105554,3.0261001586914062,302266815
2018-10-08,2.9596779336032464,2.9622658368128447,2.881178682800899,2.8820414543151855,429904746
2018-10-09,2.888079881668091,2.9079203362090205,2.877728268632255,2.888079881668091,196570044
2018-10-10,2.8906674481438404,2.91395836909428,2.858750046890827,2.8863542079925537,263664079
2018-10-11,2.80354175904385,2.8225196443499714,2.7172790179552937,2.7379820346832275,667556837
2018-10-12,2.7414326360330445,2.8026793291403242,2.7267679899040558,2.788877248764038,500732547
2018-10-15,2.794053209055361,2.7966411121231247,2.7457460279014745,2.7483339309692383,292629244
2018-10-16,2.7517844395643527,2.7845642027848934,2.719867242156646,2.7302186489105225,493884019
2018-10-17,2.764723521785618,2.773349796203568,2.6957133264420157,2.7397074699401855,643736526
2018-10-18,2.7215924848007123,2.7302187602808003,2.6784611074002713,2.679323673248291,593291440
2018-10-19,2.665521380713112,2.7604106091624163,2.650856734122449,2.7474710941314697,673105315
2018-10-22,2.8035419843181297,2.9070572819422087,2.7604106103080968,2.892392635345459,934186388
2018-10-23,2.8898046978050944,2.891530035011524,2.779388258258915,2.7949156761169434,859975998
2018-10-24,2.7914651650681384,2.8544369899826454,2.7854267934370607,2.7992286682128906,530668997
2018-10-25,2.7345314519274915,2.8173437210460257,2.7267677438539004,2.813030481338501,528384552
2018-10-26,2.819069116475661,2.833733968321722,2.7629984346914727,2.7845640182495117,449965791
2018-10-29,2.7768004482343076,2.782838819711785,2.68277379046615,2.7008891105651855,408324867
2018-10-30,2.6922629732321854,2.7621357373132205,2.6810487954414097,2.732806444168091,546588034
2018-10-31,2.7388447159341345,2.788877231276111,2.7293558757140794,2.764723539352417,379812449
2018-11-01,2.795778195739671,2.8294207282101493,2.7793882123822677,2.7845640182495117,517841018
2018-11-02,2.8898046803484143,2.913958372759458,2.8320086607814257,2.9010188579559326,857183305
2018-11-05,2.881178483597962,2.8846291580832695,2.834596640379092,2.8639259338378906,451180900
2018-11-06,2.853574360416931,2.8596127319129847,2.818206491511555,2.845810651779175,337071814
2018-11-07,2.8483983621637705,2.8777276519244164,2.8199316380823816,2.822519540786743,392048742
2018-11-08,2.850123602119467,2.857024744816247,2.816481277014084,2.819931745529175,312186607
2018-11-09,2.8044044702962085,2.8061298074741594,2.7828388867381695,2.7845640182495117,300641309
2018-11-12,2.7776631850936266,2.8199319937066405,2.7733499448202137,2.8156187534332275,347471891
2018-11-13,2.784564394476183,2.8613383101023864,2.780251359448478,2.8449485301971436,449938160
2018-11-14,2.836321954596146,2.844085457958522,2.803541986918152,2.8104429244995117,341269217
2018-11-15,2.8104428797109633,2.848398652803403,2.807855182409153,2.847536087036133,334424552
2018-11-16,2.8518490695556555,2.88462903611374,2.827695583179473,2.8561623096466064,415306733
2018-11-19,2.8552999108323665,2.8889424475321994,2.84926153845034,2.888079881668091,365042287
2018-11-20,2.8691022375374597,2.8760033820384434,2.8156192417381067,2.825108289718628,382519118
2018-11-21,2.7992286757540246,2.834596545545544,2.7975035442357026,2.827695608139038,289117040
2018-11-22,2.8337338252561364,2.8354589566803825,2.800091294484155,2.819931745529175,322232716
2018-11-23,2.8147558831758848,2.8173437859266786,2.743157788848174,2.746608257293701,367248738
2018-11-26,2.754372162166675,2.7776630829198448,2.737982178797181,2.7509214878082275,426056068
2018-11-27,2.7612732406414366,2.7716248529124905,2.7397076559655664,2.7483339309692383,279828903
2018-11-28,2.7491963769989365,2.7931903159010507,2.743158005326094,2.7897398471832275,251727744
2018-11-29,2.8044045523587346,2.812168261386782,2.7604106125330254,2.7621357440948486,203787998
2018-11-30,2.7604108227239914,2.791465455534218,2.7526471131047776,2.790602684020996,269127077
2018-12-03,2.869964033984184,2.880315645126873,2.8397721775956675,2.863063097000122,592549035
2018-12-04,2.8587502905619866,2.871689806452162,2.8483988835164746,2.8673765659332275,220401803
2018-12-05,2.836321997135506,2.8708270968930427,2.8328713226264584,2.8544371128082275,269428273
2018-12-06,2.830283439912576,2.830283439912576,2.7923278710399115,2.7966411113739014,435470972
2018-12-07,2.7983663936402103,2.804404765899611,2.790602684020996,2.790602684020996,192426645
2018-12-10,2.7716246823305895,2.786289328367622,2.753509361971167,2.764723539352417,260128623
2018-12-11,2.771624999161507,2.7785259372619353,2.7604108204983384,2.775938034057617,151831888
2018-12-12,2.79060221654788,2.8000912619373315,2.7750750055771523,2.785426616668701,209047639
2018-12-13,2.7906023916009777,2.8458107133303,2.7862893571533416,2.832871198654175,417723230
2018-12-14,2.8233828070924476,2.8242453729857515,2.781113993320927,2.7837018966674805,300148418
2018-12-17,2.7785256889493333,2.788877300841498,2.757822670831615,2.7802510261535645,350731460
2018-12-18,2.7664486749675246,2.786289125376084,2.7345314823102562,2.7457456588745117,327863254
2018-12-19,2.7483338257430687,2.7543721974477844,2.7112406184141955,2.7172791957855225,291027768
2018-12-20,2.7112405916965625,2.7224547692281287,2.676735493343007,2.6974387168884277,346518081
2018-12-21,2.6905373351807618,2.6922626722120544,2.6465434003820003,2.6637959480285645,386498126
2018-12-24,2.654307195804471,2.672422516799312,2.6448183552515823,2.669834613800049,241440710
2018-12-25,2.645680819878747,2.6655212716701424,2.610313156352028,2.653444528579712,403131569
2018-12-26,2.645681054937822,2.6612084737193062,2.6318791791320018,2.638780117034912,216459817
2018-12-27,2.671560066421442,2.6758733071607805,2.627566121480035,2.632741928100586,235347582
2018-12-28,2.6379175512137043,2.662933605361722,2.627565938692715,2.638780117034912,389266656
2019-01-02,2.648269072501618,2.648269072501618,2.5956488531349553,2.6025497913360596,350934863
2019-01-03,2.60168722547758,2.6405055684420335,2.596511418993435,2.6025497913360596,268176241
2019-01-04,2.588747665970221,2.670697385487545,2.585297196927378,2.6689722537994385,479847743
2019-01-07,2.588747510684012,2.689675112382767,2.666384190657398,2.6801862716674805,416831608
2019-01-08,2.6801862716674805,2.6827739690444172,2.668972093700952,2.6801862716674805,197084842
2019-01-09,2.690537941671944,2.7422955962786575,2.6896753757951566,2.7000269889831543,439688193
2019-01-10,2.699163838713921,2.7207296279407585,2.686224529711105,2.7026143074035645,247692317
2019-01-11,2.7008889659977777,2.730218256080393,2.6991636289537326,2.72245454788208,251368241
2019-01-14,2.7215922693327133,2.7215922693327133,2.6931255419354647,2.6991639137268066,203912053
2019-01-15,2.7026142770232884,2.751784226547769,2.696575905467638,2.750058889389038,351830119
2019-01-16,2.7518167592803895,2.7526955894537504,2.736875598610106,2.750058889389038,187728100
2019-01-17,2.7500585945235922,2.7641209235127304,2.7333595657524525,2.7351174354553223,238176691
2019-01-18,2.7430274383976183,2.790487613716441,2.7430274383976183,2.7825775146484375,388985926
2019-01-21,2.7825776000358937,2.8124601275838073,2.7799411098102538,2.7975189685821533,285184899
2019-01-22,2.7922459656300815,2.7922459656300815,2.755332373148337,2.7623634338378906,254310704
2019-01-23,2.7553322315216064,2.7790623220598945,2.748301171193456,2.7553322315216064,225512623
2019-01-24,2.7588477398261566,2.783456869868943,2.740391049452534,2.77642560005188,254376976
2019-01-25,2.779062070190435,2.815096827354053,2.779062070190435,2.7975189685821533,272285916
2019-01-28,2.809823686712457,2.837948347156762,2.786972426294537,2.794003486633301,296695511
2019-01-29,2.7878513686654687,2.815097200050266,2.768515847183275,2.8063082695007324,358790006
2019-01-30,2.7931247337905165,2.8150971646604415,2.7852146335319876,2.787851333618164,212926833
2019-01-31,2.798398290840294,2.8265229536397474,2.793124890372316,2.814218282699585,334294802
2019-02-01,2.8291593610220436,2.8625572112877573,2.8142179913945022,2.860799551010132,351264883
2019-02-11,2.8520103973500124,2.9047441867659836,2.8405849769680436,2.9003496170043945,387253735
2019-02-12,2.8994710021477825,2.9275956639851977,2.8950764320599087,2.921443223953247,372881020
2019-02-13,2.925837782978839,2.9970282675029343,2.9205643827111825,2.9820868968963623,427801646
2019-02-14,2.978571109247559,3.0005435386163866,2.9706612190740436,2.985602378845215,379756065
2019-02-15,2.9715404014083684,2.983844862731932,2.9319901076744666,2.936384677886963,447946854
2019-02-18,2.9557203500095475,3.0233953098108683,2.9557203500095475,3.021637439727783,471106363
2019-02-19,3.0277895194385467,3.0506407816537835,2.997907196331533,3.0137271881103516,678230531
2019-02-20,3.0207586094585666,3.0348209414892913,3.001422876723239,3.021637439727783,611614499
2019-02-21,3.022515841209103,3.0655816614609797,3.004059150905994,3.0181214809417725,635292922
2019-02-22,3.013726901447283,3.1007375813606504,2.9970280810315297,3.0989797115325928,592121710
2019-02-25,3.1464401383886322,3.322218962724538,3.1288622769095054,3.317824602127075,1151319843
2019-02-26,3.2905787077358584,3.3028831686289224,3.2281773635320086,3.2431185245513916,782003578
2019-02-27,3.242239219592574,3.2721217487315353,3.1903846801357822,3.2255403995513916,599435862
2019-02-28,3.2246616757480036,3.240481876761424,3.201810413980599,3.219388484954834,462897908
2019-03-01,3.2431184792691443,3.294973231788328,3.214114987829237,3.2853052616119385,652737527
2019-03-04,3.3134299934006233,3.4065927000640586,3.2958521321261878,3.319582223892212,660330540
2019-03-05,3.316945197344663,3.3521009164340576,3.305519567686148,3.3477065563201904,443103496
2019-03-06,3.34770699952899,3.3837415535029125,3.3169456364809116,3.370558261871338,580495917
2019-03-07,3.366163651646991,3.370558221835078,3.3072778360301793,3.3336446285247803,618420999
2019-03-08,3.264211736785414,3.3046408571095647,3.2088414562622725,3.217630386352539,536077631
2019-03-11,3.217630588126511,3.271243002175724,3.205326127137463,3.2606964111328125,452305971
2019-03-12,3.285305529268551,3.3336447554548445,3.2589387357700224,3.2826688289642334,530745016
2019-03-13,3.285305303834504,3.294094234397593,3.2457552210729177,3.2633330821990967,483233618
2019-03-14,3.256301864259046,3.2791531259985827,3.223782841608412,3.239603042602539,354622924
2019-03-15,3.2483921440973993,3.320461463477904,3.2483921440973993,3.2826688289642334,387005565
2019-03-18,3.283547844555904,3.385499487240894,3.2738798736631285,3.383741617202759,571415655
2019-03-19,3.385499320309117,3.394288250977138,3.3441913671238814,3.3591325283050537,397086476
2019-03-20,3.3556169979467727,3.380225919999377,3.322218935681511,3.3591325283050537,327893321
2019-03-21,3.3626477814581572,3.3872569110267055,3.348585451639647,3.3608899116516113,380012707
2019-03-22,3.36001128113189,3.372315741874837,3.315187798620598,3.3652846813201904,302384437
2019-03-25,3.311672101724616,3.3362812330741254,3.2756375492118672,3.281789779663086,435950896
2019-03-26,3.2940941694025643,3.302883099792241,3.2325716566748244,3.2475128173828125,320140031
2019-03-27,3.2598176350486354,3.2853053876506055,3.2527863646919988,3.275637626647949,350739341
2019-03-28,3.2642118640635966,3.2905786553624905,3.2501495334619275,3.266848564147949,256884436
2019-03-29,3.273879686233001,3.4083505548848176,3.273879686233001,3.4004404544830322,634401638
2019-04-01,3.4224128046924123,3.4918454176372324,3.4224128046924123,3.4883298873901367,691035684
2019-04-02,3.4900873573207014,3.5050285172141353,3.4681151373166936,3.482177257537842,383940043
2019-04-03,3.462841657807989,3.5410629855311715,3.4584470881815017,3.5287585258483887,542017944
2019-04-04,3.53930553937752,3.5788558302294975,3.5217276788976695,3.5700666904449463,521370108
2019-04-08,3.6017071230697644,3.628073704481425,3.5164543103876014,3.547215461730957,763948328
2019-04-09,3.5524886309886856,3.5823713693110135,3.534031941381997,3.5683088302612305,371223765
2019-04-10,3.552488810715156,3.6087381315815805,3.5296375503062496,3.573582410812378,385994627
2019-04-11,3.573582681409965,3.5894028826808126,3.4918456034778393,3.5120601654052734,502104128
2019-04-12,3.5006342126794796,3.5138175029825307,3.4742674225287558,3.499755382537842,282398882
2019-04-15,3.5542470886595194,3.5806136711646577,3.476904372920065,3.477783203125,722580318
2019-04-16,3.4610841156943466,3.5850081829948195,3.4575685853871247,3.5832505226135254,669085202
2019-04-17,3.582371531233377,3.6008282216743037,3.5524887915603562,3.5744612216949463,418151517
2019-04-18,3.5744610601301265,3.586765519867919,3.5560043705234383,3.5683088302612305,356951847
2019-04-19,3.570945819818743,3.621042490005493,3.541063080825829,3.621042490005493,457838576
2019-04-22,3.6210426568833287,3.6210426568833287,3.5155754926842238,3.5305168628692627,577508653
2019-04-23,3.519969901689201,3.560399021359258,3.5103019320650883,3.524364471435547,353200067
2019-04-24,3.5322744847248733,3.543700115009746,3.474267503138483,3.529637575149536,463122649
2019-04-25,3.5155754071332073,3.5243645468138785,3.4549317263310884,3.4566895961761475,378555556
2019-04-26,3.4443849998589275,3.461084030337191,3.4021982181234094,3.409229278564453,628809844
2019-05-06,3.320460938031385,3.3310075280350624,3.199173581404488,3.228177070617676,1214522745
2019-05-07,3.2413607088354066,3.2791531318852605,3.2229040171870955,3.2580597400665283,483599688
2019-05-08,3.214115342448807,3.266848930967814,3.201810670825316,3.2158730030059814,475372780
2019-05-09,3.1947792283813405,3.209720389058166,3.136772246021532,3.170170307159424,554053021
2019-05-10,3.1947792224247666,3.2765162956803495,3.1402877704061685,3.2694852352142334,671996480
2019-05-13,3.2387238641898755,3.2413605642426773,3.200931442825891,3.2097203731536865,425777021
2019-05-14,3.1903850547291532,3.231693008938132,3.184232614518889,3.1939005851745605,290068555
2019-05-15,3.2185093802113216,3.2870631641292403,3.2185093802113216,3.262454032897949,357513759
2019-05-16,3.258059736128529,3.282668658296532,3.2439974050848255,3.2782742977142334,247437408
2019-05-17,3.2782739708344457,3.2817895008586757,3.19038467250562,3.204446792602539,315390766
2019-05-20,3.1939003885504134,3.2026893188951844,3.1429244668239624,3.1692912578582764,388224753
2019-05-21,3.168412205196657,3.238723643017456,3.167533375087281,3.208841323852539,350382927
2019-05-22,3.211478349633545,3.2193884500545042,3.181595817891466,3.2009315490722656,283508032
2019-05-23,3.18599078349904,3.1921430147420113,3.14468282541357,3.149956226348877,310608303
2019-05-24,3.151713561232302,3.1842325842462826,3.140287930234871,3.155229091644287,299409208
2019-05-27,3.1561079163275556,3.2070836276891126,3.1235886859850126,3.193021297454834,435101077
2019-05-28,3.1886270206170484,3.232571672784433,3.185990320532542,3.20796275138855,385067256
2019-05-29,3.199173782487108,3.2431184341260875,3.1921425124980947,3.2097203731536865,292852624
2019-05-30,3.2044470115794548,3.2114782816530143,3.170170329570136,3.20796275138855,305426373
2019-05-31,3.20093141682868,3.2299349076293096,3.1895057865408787,3.1921424865722656,276030098
2019-06-03,3.2035682878976366,3.2360873106280876,3.1754436257576932,3.199173927307129,330813060
2019-06-04,3.1965370982734616,3.2035681587526867,3.1569868068300906,3.170170307159424,326322903
2019-06-05,3.1921428372485585,3.1991741079528935,3.160502642940674,3.1631393432617188,328564451
2019-06-06,3.1631389655503366,3.1710490655689223,3.135014305180669,3.1358933448791504,366067403
2019-06-10,3.1464404023545423,3.194779630249807,3.1438037019570078,3.1763229370117188,335497545
2019-06-11,3.181595878633489,3.2835477272199256,3.181595878633489,3.275637626647949,466796339
2019-06-12,3.2712428598820726,3.2712428598820726,3.2439972389422302,3.251028299331665,259724900
2019-06-13,3.2475126077991514,3.2615749374240246,3.2167514581928183,3.244875907897949,301229173
2019-06-14,3.2466337892918338,3.2668483489102704,3.214993599908862,3.2255403995513916,344513947
2019-06-17,3.220266970956457,3.25102812039795,3.2167514409552314,3.228177070617676,235206148
2019-06-18,3.232571572930901,3.2448760332487603,3.205325952292124,3.23520827293396,265370585
2019-06-19,3.3151880628692685,3.345949217178562,3.2800323382045637,3.2826688289642334,628901479
2019-06-20,3.2817893551436765,3.4057134069661905,3.2800316949819117,3.3775887489318848,660928446
2019-06-21,3.3881361875257743,3.410108620051559,3.3688004552848696,3.383741617202759,421955172
2019-06-24,3.3881361291037364,3.4004405905245783,3.3679215669646494,3.389014959335327,307454039
2019-06-25,3.3881358189149964,3.3881358189149964,3.3134298079085127,3.3547377586364746,505703429
2019-06-26,3.3354022475913436,3.3661633984152735,3.331007677733854,3.355616807937622,240208406
2019-06-27,3.3573747179876556,3.4101085124770814,3.3573747179876556,3.3925304412841797,473076803
2019-06-28,3.392530460625643,3.392530460625643,3.365284837778896,3.3916516304016113,386269026
2019-07-01,3.4470218698189816,3.484814293027845,3.43647527863756,3.475146532058716,510266004
2019-07-02,3.4751462358591465,3.4856930356862637,3.460205075800477,3.480419635772705,333843577
2019-07-03,3.4725098846904485,3.4725098846904485,3.4382329913540763,3.451416492462158,251838500
2019-07-04,3.4452640558869283,3.4619628768996384,3.4074716343619467,3.42856502532959,386021727
2019-07-05,3.4276862208689507,3.453173972438092,3.4171394205336987,3.4461429119110107,236203923
2019-07-08,3.430322924491435,3.430322924491435,3.339796710457943,3.3670425415039062,422531310
2019-07-09,3.371436989331356,3.3784682595925544,3.345070197327293,3.3591325283050537,218346083
2019-07-10,3.3705581397464552,3.381983770503646,3.348585708430431,3.360011339187622,174479315
2019-07-11,3.373194581208195,3.403076901107143,3.348585451639647,3.3608899116516113,234524437
2019-07-12,3.3582535886457925,3.4013192008342092,3.356495718751628,3.3881359100341797,246010770
2019-07-15,3.3758315326258783,3.42856511621518,3.331007839893728,3.4004404544830322,448461100
2019-07-16,3.3951672192945943,3.4065928505822756,3.37934722726646,3.386378288269043,182887400
2019-07-17,3.376710109102709,3.397803499044586,3.364405649098666,3.3811044692993164,219966800
2019-07-18,3.3696793289245335,3.374073689486226,3.3573746583535953,3.3591325283050537,230549411
2019-07-19,3.367921272505074,3.412744753566898,3.367921272505074,3.3942880630493164,319938127
2019-07-22,3.3942883838412032,3.4030773148532534,3.348585858760686,3.3679215908050537,308863238
2019-07-23,3.3714370338395625,3.379347134408598,3.359132572650822,3.3758316040039062,167029018
2019-07-24,3.3872568971152726,3.427686016598216,3.385499027315946,3.4030768871307373,297445389
2019-07-25,3.402198412994498,3.4347174361000485,3.3978038428086625,3.4338386058807373,233629586
2019-07-26,3.418897377000815,3.446142999163873,3.4162606768502433,3.438232898712158,285790892
2019-07-29,3.4364750578736003,3.439990588041565,3.4206548578008222,3.4329593181610107,247102162
2019-07-30,3.436475359954072,3.4707520440355717,3.4355963201763413,3.448779821395874,239654855
2019-07-31,3.437353755212257,3.4399904551225067,3.4162603654748795,3.4241702556610107,216422852
2019-08-01,3.4092294727134207,3.4171395733185306,3.379347149820303,3.3925304412841797,312465662
2019-08-02,3.33100762271355,3.3485854827639154,3.3160664626252014,3.3406755924224854,490613929
2019-08-05,3.3266136943397626,3.33188688540375,3.278274468153469,3.2826688289642334,354214662
2019-08-06,3.230813768724324,3.2554226882639576,3.1965368797558797,3.248391628265381,583702695
2019-08-07,3.25630175100429,3.2615751511522557,3.2237827294846735,3.2272982597351074,278581169
2019-08-08,3.248391786748827,3.278274107517607,3.248391786748827,3.2747585773468018,280984950
2019-08-09,3.286184510037841,3.2914577010071078,3.242239645451678,3.2492709159851074,210963917
2019-08-12,3.258938533719336,3.3028831868256963,3.252786303238909,3.3011255264282227,180115577
2019-08-13,3.2756376557957863,3.287063286875431,3.2624541547251806,3.273000955581665,155348999
2019-08-14,3.3125510926885973,3.3169454531413494,3.284426431430314,3.2853052616119385,193700550
2019-08-15,3.23432940652558,3.3037620168903645,3.230813876409117,3.2984886169433594,244306152
2019-08-16,3.2967308213785294,3.335402282164641,3.287941891117072,3.3125510215759277,257412533
2019-08-19,3.338039214932149,3.392530460625643,3.3222190136317358,3.3916516304016113,327943205
2019-08-20,3.3846200182127646,3.396924477523546,3.37583108877012,3.3775887489318848,206912094
2019-08-21,3.3758315846764932,3.3854993456202047,3.3714370145373094,3.3767104148864746,242245207
2019-08-22,3.385499487240894,3.3881361875257743,3.36616375499999,3.383741617202759,264778500
2019-08-23,3.3863780561481485,3.420654947661666,3.3775891257250388,3.4074716567993164,285682076
2019-08-26,3.360011242487955,3.3802258032808625,3.353859012187239,3.3696792125701904,267490225
2019-08-27,3.3828625547156994,3.4399907077250598,3.381104684798245,3.4048349857330322,366176008
2019-08-28,3.4039558233854845,3.412744753566898,3.3863779630226563,3.3942880630493164,173957985
2019-08-29,3.3986825193962535,3.4004401796470556,3.3644056299702,3.384620189666748,233928253
2019-08-30,3.406592542741429,3.425049442908458,3.371436821816113,3.393409252166748,276281765
2019-09-02,3.39165164098465,3.4479009663910047,3.3907728107578765,3.431201934814453,301944194
2019-09-03,3.436475286736671,3.439990817138764,3.42153391582466,3.4347174167633057,231345288
2019-09-04,3.4355962101185784,3.479541073079506,3.4347173799136437,3.477783203125,293760544
2019-09-05,3.4900875061920433,3.557762248435336,3.4900875061920433,3.5103020668029785,527401698
2019-09-06,3.5217278451711485,3.535789966583252,3.5085445539611424,3.535789966583252,264029381
2019-09-09,3.5577623004981045,3.565672610278756,3.530516888622611,3.5480947494506836,282845401
2019-09-10,3.5454581756660795,3.5507315763229426,3.519970421732322,3.5384271144866943,168692850
2019-09-11,3.5489734984235297,3.5507311587393415,3.51030203785092,3.5129387378692627,304195543
2019-09-12,3.524364639125599,3.557762281154875,3.519091238996922,3.548973560333252,217205516
2019-09-16,3.5560047762270326,3.5568836064386793,3.519091392802218,3.5366692543029785,181849801
2019-09-17,3.5313958861471444,3.532274716366805,3.461963060177942,3.4725098609924316,381079011
2019-09-18,3.4856931777425846,3.502391998756572,3.479540947440911,3.4874508380889893,201031097
2019-09-19,3.5015132136896403,3.505028743972365,3.476904292165935,3.504149913787842,242177803
2019-09-20,3.510302324568677,3.5190914650441236,3.5023922238675604,3.5094234943389893,232504313
2019-09-23,3.499755615165932,3.5006344453659852,3.459326492338582,3.4786620140075684,289892128
2019-09-24,3.4804198548811396,3.512938877002479,3.4751464546355963,3.4812986850738525,211482034
2019-09-25,3.4751460276021873,3.478661557485676,3.455810298926089,3.4575681686401367,234976431
2019-09-26,3.470751989627483,3.478662090235203,3.4312019056781637,3.4338386058807373,317094917
2019-09-27,3.439111890092154,3.447900820622242,3.4276862594485755,3.4417483806610107,267734088
2019-09-30,3.4364752166169654,3.4443851074741167,3.3960460939562407,3.4004404544830322,263288381
2019-10-08,3.4048347739929934,3.4461427238103015,3.4048347739929934,3.422412633895874,323423873
2019-10-09,3.4145026467952837,3.4338383771446086,3.395166916445959,3.4320805072784424,250789659
2019-10-10,3.4303228057680033,3.462841826316919,3.4180181359418373,3.4566895961761475,236335248
2019-10-11,3.4637208491553535,3.509423372223103,3.4514163881893087,3.4988765716552734,306020073
2019-10-14,3.5173329922056986,3.5595201912278362,3.5138174621353935,3.524364471435547,395654617
2019-10-15,3.5234853283980083,3.527879898276788,3.5111808680088257,3.5129387378692627,295000513
2019-10-16,3.5173330137427636,3.5428211831562453,3.4979974934653817,3.50063419342041,314366343
2019-10-17,3.5041496657637228,3.517332955776984,3.4953607359066767,3.5059075355529785,193642784
2019-10-18,3.507665559013812,3.5208490599368316,3.4461430436438776,3.4549319744110107,308143071
2019-10-21,3.447021786901326,3.465478687727953,3.4426274264009327,3.4628419876098633,184939266
2019-10-22,3.469873350396775,3.4839356824029704,3.454053357855212,3.4760255813598633,164134229
2019-10-23,3.4769038973162356,3.481298257284444,3.4470213694450633,3.4575681686401367,147826200
2019-10-24,3.4584474080091874,3.4751464388627373,3.4391118865894654,3.461962938308716,202167106
2019-10-25,3.456689753648265,3.4874509057534695,3.435596152725116,3.4830565452575684,250290767
2019-10-28,3.489208772152264,3.5085445031307314,3.4821775020034424,3.5032711029052734,267434287
2019-10-29,3.5059076996774965,3.5059076996774965,3.488329839140519,3.4918453693389893,209553585
2019-10-30,3.4856931711520422,3.4892087013828332,3.4619628706187893,3.468994140625,262846100
2019-10-31,3.476904489617184,3.4848143808163545,3.4593266276606927,3.4672365188598633,192782765
2019-11-01,3.4628422638573846,3.539305944747955,3.457568863200521,3.5384271144866943,320651363
2019-11-04,3.537547673086684,3.556883192761956,3.535789593778585,3.549852132797241,235968262
2019-11-05,3.549852339483281,3.604343581244043,3.5437001092697957,3.5700666904449463,352935688
2019-11-06,3.5683092431415475,3.573582643509235,3.544579151031593,3.5551259517669678,205938945
2019-11-07,3.555125674786152,3.5806134253364856,3.5445788748724816,3.5595202445983887,237722500
2019-11-08,3.5858867206436074,3.589402460208643,3.5419422810714374,3.545457601547241,297216299
2019-11-11,3.527001149022217,3.527001149022217,3.480419796870708,3.486572027206421,347068934
2019-11-12,3.482177257537842,3.497118626975894,3.4610838676615012,3.482177257537842,330054660
2019-11-13,3.477782955061016,3.484814015288255,3.4645994552041657,3.4795408248901367,202016501
2019-11-14,3.47954076715484,3.494481927048274,3.473388327627315,3.482177257537842,238587713
2019-11-15,3.48305651961963,3.497118850283342,3.4628419585801615,3.4654786586761475,187791494
2019-11-18,3.4637207182766185,3.4962397394058304,3.455810618149634,3.4900875091552734,240875274
2019-11-19,3.4883296929199226,3.5270009425713607,3.4830562930709497,3.5252432823181152,237888988
2019-11-20,3.5243648700039567,3.5243648700039567,3.4795411755184684,3.489208936691284,216610292
2019-11-21,3.480419980989346,3.4865722116505196,3.460205419012072,3.4716310501098633,244840685
2019-11-22,3.4795411104100626,3.503271202554987,3.422412955583662,3.4347174167633057,354707168
2019-11-25,3.440869841722882,3.4602055743435973,3.4303232499208423,3.45932674407959,252457634
2019-11-26,3.468994179371044,3.4769042796371448,3.448779618387429,3.464599609375,285821518
2019-11-27,3.46284227468027,3.475146736554975,3.4461432423962273,3.45932674407959,211239168
2019-11-28,3.4593265639271626,3.473388685597565,3.442627532512761,3.4540531635284424,169480950
2019-11-29,3.447021391066391,3.452294790697005,3.3995612134800837,3.416260242462158,302917100
2019-12-02,3.4197761529002944,3.4373540139285628,3.416260622603567,3.4232916831970215,174355701
2019-12-03,3.415381419404997,3.4391117192475558,3.401319089346503,3.4373538494110107,198551900
2019-12-04,3.427686079550808,3.4399905397382216,3.4171392796503848,3.4391117095947266,158939610
2019-12-05,3.4461429182987287,3.470751839733757,3.4452640881173724,3.464599609375,219206401
2019-12-06,3.4663574662985233,3.486572027206421,3.4619628963189397,3.486572027206421,213071653
2019-12-09,3.4856933521780684,3.4936032432219832,3.46459975060859,3.4742677211761475,232220816
2019-12-10,3.468115223694426,3.481298514116254,3.463720653857402,3.4769041538238525,186995451
2019-12-11,3.484047119694799,3.4858329782153743,3.4670822088327538,3.483154296875,170498912
2019-12-12,3.483154382079583,3.485833063485483,3.468868152208444,3.470654010772705,137151900
2019-12-13,3.503690836979593,3.549227995629686,3.50279801412792,3.542977809906006,436082930
2019-12-16,3.542085030531246,3.5608355879324383,3.5277988003241996,3.553692579269409,302848303
2019-12-17,3.551906522805606,3.632266323752719,3.5483350186730407,3.60905122756958,525630459
2019-12-18,3.609944690735828,3.6224450623833735,3.591193707502533,3.5947654247283936,363117684
2019-12-19,3.5983370555408394,3.601015524074429,3.582264967053402,3.5903007984161377,264192000
2019-12-20,3.588515304931641,3.6126232258043354,3.5840507647576643,3.585836410522461,328779836
2019-12-23,3.5849434581636124,3.6001227239021127,3.5376204410097745,3.5394062995910645,447144760
2019-12-24,3.5402989950978854,3.5652999499317417,3.5394061722798473,3.558156728744507,312792100
2019-12-25,3.5581567118746706,3.5688714371642343,3.5474421994660834,3.5644071102142334,310578426
2019-12-26,3.5617285514623327,3.5947653384007534,3.5599426928922893,3.5903007984161377,332255940
2019-12-27,3.593872535076779,3.6322664721719033,3.585836277908427,3.5867295265197754,436813014
2019-12-30,3.576907630165956,3.65012421309201,3.571550267297956,3.638516664505005,542381449
2019-12-31,3.633159462062671,3.6599462775854703,3.6269092760676824,3.6572678089141846,352185905
2020-01-02,3.678696568254974,3.726912406930381,3.6778037454294235,3.7045905590057373,627623614
2020-01-03,3.710840865338265,3.7161982282279156,3.6903042366342764,3.69655442237854,469673776
2020-01-06,3.6840539720465557,3.724233979978045,3.6554815125005646,3.681375503540039,666504783
2020-01-07,3.691197317012347,3.714412415899821,3.6858399537489297,3.7099483013153076,464959514
2020-01-08,3.673339605331421,3.673339605331421,3.673339605331421,3.673339605331421,562852067
2020-01-09,3.6947691976386867,3.718877120507902,3.691197480051313,3.7126269340515137,394431722
2020-01-10,3.718876588025585,3.7286984906630107,3.7001260313411923,3.71173357963562,379555000
2020-01-13,3.7519140243530273,3.754592493150573,3.7519140243530273,3.7519140243530273,373639185
2020-01-14,3.7358415126800537,3.7358415126800537,3.7358415126800537,3.7358415126800537,409962842
2020-01-15,3.735841652235331,3.7411990151879646,3.7010190059242003,3.7072691917419434,319607409
2020-01-16,3.713519236179409,3.717090953265842,3.692090210946692,3.701911687850952,416297801
2020-01-17,3.707268660063115,3.7278052860632753,3.693875467483307,3.70637583732605,321627384
2020-01-20,3.7108408440771066,3.7349487640614223,3.6983404726602,3.7331631183624268,353488249
2020-01-21,3.7170910257769663,3.7170910257769663,3.6608389286995804,3.6653034687042236,618294600
2020-01-22,3.651017366923867,3.690304125920017,3.60190827953574,3.6778037548065186,907393261
2020-01-23,3.643873881858425,3.6519101387204906,3.5322631533434157,3.567978620529175,753583400
2020-02-03,3.3304706444994534,3.335828007372623,3.2465391228754266,3.267075538635254,1471075772
2020-02-04,3.259039735110915,3.3715435048868136,3.258146699370417,3.3661861419677734,735843705
2020-02-05,3.378686435339128,3.4420815402791085,3.3644002055126117,3.3992228507995605,553287488
2020-02-06,3.413509001749327,3.4938690160564594,3.390293905427798,3.4795827865600586,527965212
2020-02-07,3.4554747996626265,3.475118392655293,3.432259915247094,3.4715468883514404,346989051
2020-02-10,3.4536890150118595,3.491190340896123,3.4385099626703903,3.483154296875,398519147
2020-02-11,3.49029731437528,3.535834684400436,3.488511668730986,3.520655632019043,422258801
2020-02-12,3.5170842194685705,3.551014044219457,3.509048387611568,3.545656681060791,290783451
2020-02-13,3.5447637482097467,3.558156942809984,3.5161912875037875,3.5269060134887695,325961046
2020-02-14,3.522441249226798,3.567085583188416,3.5206556035969188,3.551013708114624,313979347
2020-02-17,3.5590499568421308,3.6340526125172907,3.5590499568421308,3.628695249557495,581140084
2020-02-18,3.622445160981398,3.626909275432759,3.5822651505852274,3.6063730716705322,709950982
2020-02-19,3.6036939936895305,3.6331592763776914,3.597443808013979,3.6072657108306885,440377238
2020-02-20,3.620658645271529,3.7001258334248934,3.6063726292557448,3.6885182857513428,605241099
2020-02-21,3.6813756681454706,3.730484332389775,3.6760183051309308,3.701019048690796,444470153
2020-02-24,3.681375036386334,3.6929825832988743,3.6447663244423856,3.671553134918213,372727289
2020-02-25,3.617087574764187,3.6751253166718136,3.5822649296196114,3.6644105911254883,603830762
2020-02-26,3.6286953902809285,3.676911233026956,3.6144089465801095,3.6340527534484863,641793391
2020-02-27,3.645659640159415,3.6581600100246954,3.626015836860903,3.6349449157714844,475330532
2020-02-28,3.58047908137727,3.5885149122013913,3.50369057410802,3.5117266178131104,560071042
2020-03-02,3.52511971356743,3.6519099122473504,3.52511971356743,3.6394095420837402,426683708
2020-03-03,3.676018334937299,3.6956617156418994,3.6206590585921754,3.6367311477661133,408776061
2020-03-04,3.6295878374814188,3.664410481585039,3.614408572450886,3.6626248359680176,295453297
2020-03-05,3.706376018927951,3.7572707492916,3.670660553123896,3.7501273155212402,547831292
2020-03-06,3.7188766958912556,3.722448413070815,3.6760182185464014,3.6795895099639893,249987730
2020-03-09,3.6322664328163903,3.6322664328163903,3.5545853108564653,3.5626213550567627,423642354
2020-03-10,3.5644074694467927,3.6501244288782293,3.52065595394629,3.641195774078369,859648156
2020-03-11,3.6411956512022043,3.6411956512022043,3.579586189538068,3.5813722610473633,703269381
2020-03-12,3.547442293899876,3.54922793957502,3.499226241694293,3.5251200199127197,388119218
2020-03-13,3.4224378312598476,3.509048030112167,3.3483282161311965,3.4724395275115967,717892899
2020-03-16,3.4688680996218535,3.4688680996218535,3.3179701847422787,3.3268990516662598,571080084
2020-03-17,3.356364661597831,3.382258442070547,3.2277887950305493,3.297434091567993,985255849
2020-03-18,3.3090413367658846,3.3599358572359015,3.237610188084041,3.242074728012085,783304767
2020-03-19,3.2447533576117227,3.2563609057822234,3.117963363436161,3.2108235359191895,1248163833
2020-03-20,3.225109914615742,3.26528992366167,3.198323312878786,3.2536823749542236,678689518
2020-03-23,3.1608217608319915,3.1983230857530054,3.13671384226883,3.1483213901519775,807278071
2020-03-24,3.2045733458626127,3.234931450474101,3.1572503304290076,3.224216938018799,832898539
2020-03-25,3.2974337135806486,3.32243445539121,3.2768972987158405,3.3090412616729736,1010026400
2020-03-26,3.2885046005249023,3.3233270293129746,3.2768970533018913,3.2885046005249023,355654180
2020-03-27,3.329577774466637,3.351899835613888,3.301898137641149,3.3036839962005615,491544293
2020-03-30,3.267075496042848,3.290290592936608,3.2411819306284073,3.2733256816864014,497134429
2020-03-31,3.3063626322301536,3.309041313592025,3.2679684832179734,3.2760043144226074,374003032
2020-04-01,3.271540018992928,3.324220398150047,3.262611151994144,3.279576063156128,355438884
2020-04-02,3.2661826766346684,3.3286847460168616,3.2510036239299485,3.3242204189300537,463048932
2020-04-03,3.312612672812248,3.325113043366611,3.288504754491413,3.3010051250457764,324717000
2020-04-07,3.3572571837628495,3.386722466138205,3.3554713252112296,3.375114917755127,546740521
2020-04-08,3.362614576917483,3.3742221254054336,3.350114205586146,3.3617217540740967,221917490
2020-04-09,3.376007734489697,3.382258132968582,3.3661860446759877,3.3715434074401855,328543624
2020-04-10,3.3715433634654275,3.4036873267503847,3.344756762874793,3.3608286380767822,464247186
2020-04-13,3.3483283946779725,3.3554714032886994,3.332256518863344,3.34207820892334,246696932
2020-04-14,3.357257324453751,3.400116015559863,3.3527929972090877,3.397437334060669,376124777
2020-04-15,3.3956515239054545,3.405473214288705,3.3760079302579604,3.377793788909912,239200804
2020-04-16,3.366186136790382,3.390294057007997,3.362614632476844,3.379579544067383,227317249
2020-04-17,3.405473080149437,3.4331527173189413,3.401901575867206,3.409937620162964,570480887
2020-04-20,3.4161876175699346,3.425116484223827,3.4045800696317774,3.4242236614227295,382296046
2020-04-21,3.410830620861921,3.4152951611082396,3.366186282803714,3.3885085582733154,292757173
2020-04-22,3.371543380052614,3.419759218776771,3.36797187586582,3.4188663959503174,345671032
2020-04-23,3.4215451199178304,3.430473986936491,3.4036873858805095,3.41261625289917,201520738
2020-04-24,3.3992227457387028,3.403687285556932,3.3733291811644865,3.3840436935424805,305829499
2020-04-27,3.3858296566928767,3.422437947657526,3.381365116736661,3.3992228507995605,309460942
2020-04-28,3.4108302487897126,3.4322596990248058,3.3536855448850678,3.420652151107788,422865548
2020-04-29,3.416187904569108,3.4510105513090834,3.413509223059803,3.4385101795196533,277834908
2020-04-30,3.453688737018678,3.496547209252962,3.4492241975170863,3.4894042015075684,527998051
2020-05-06,3.4510106723612894,3.505476914453035,3.44654613206218,3.498333692550659,383453463
2020-05-07,3.4983334968452366,3.5045836826095402,3.4813685852672767,3.4920833110809326,274638833
2020-05-08,3.508154957580003,3.5465491053943277,3.506369311981785,3.5295844078063965,370674288
2020-05-11,3.534941812806926,3.564407094341033,3.5135123623232296,3.523334264755249,412309647
2020-05-12,3.5242272457573085,3.5358347943300146,3.4974406443312915,3.5224413871765137,586605193
2020-05-13,3.5117272033317226,3.535835125585596,3.5001196536715606,3.53047776222229,278396942
2020-05-14,3.5179767584293122,3.5179767584293122,3.4974403444753075,3.501011848449707,300179639
2020-05-15,3.507262511188424,3.5179772374515497,3.483154589977386,3.4840474128723145,543570346
2020-05-18,3.4831541576811245,3.5161909423842213,3.4751181139811376,3.4947617053985596,302052954
2020-05-19,3.5269058175360297,3.533156003053016,3.510833729451512,3.520655632019043,278121100
2020-05-20,3.517977378802297,3.5215488834065085,3.500119642900235,3.5063698291778564,197561343
2020-05-21,3.511726755918341,3.5179769414188886,3.4813684383544246,3.483154296875,236523366
2020-05-22,3.4804757283172476,3.4804757283172476,3.4045802512695773,3.4063661098480225,532861629
2020-05-25,3.4036872996312004,3.4188663518901885,3.390293893002107,3.408151626586914,250559675
2020-05-26,3.4233309072472187,3.4519031533838613,3.4233309072472187,3.4492244720458984,475110838
2020-05-27,3.4492245511440256,3.450117586864477,3.4224379500310986,3.433152675628662,231199608
2020-05-28,3.434938620308356,3.4679756228162852,3.406366371029365,3.437617301940918,284073116
2020-05-29,3.4197593782585396,3.4527963789497633,3.413509192419927,3.4519033432006836,246295720
2020-06-01,3.483154421224221,3.550121031362344,3.4777970583522135,3.542977809906006,350928902
2020-06-02,3.5429777988290394,3.561728568822442,3.5358347902760188,3.552799701690674,162838185
2020-06-03,3.5697643195533395,3.5894079119517097,3.5501209400359492,3.5519065856933594,365752469
2020-06-04,3.5635142694013213,3.567085773732836,3.5402991719249948,3.553692579269409,281384424
2020-06-05,3.552799500714884,3.5751217737220644,3.5402989171327572,3.574228525161743,201359632
2020-06-08,3.589407791978567,3.6135157105956544,3.5822647838257167,3.591193437576294,285603662
2020-06-09,3.592979760220752,3.616194857662587,3.583157857222445,3.6153016090393066,294492489
2020-06-10,3.6117302508166444,3.612623073661442,3.5956581623243835,3.6072657108306885,318357157
2020-06-11,3.6010153379227487,3.616194602780976,3.5572638275877364,3.574228525161743,305193298
2020-06-12,3.537620171384841,3.5920861929506596,3.519762438456936,3.583157539367676,309073335
2020-06-15,3.5554783760337183,3.5795860830723734,3.5313702432330953,3.5322632789611816,280526100
2020-06-16,3.5670855381478237,3.5885149884835976,3.5635140340521856,3.5876221656799316,247695273
2020-06-17,3.589407791978567,3.592086260375157,3.5679785546390423,3.591193437576294,279025595
2020-06-18,3.5831576523720567,3.6206587649747726,3.5760146441280085,3.618873119354248,343002705
2020-06-19,3.6170876287875897,3.683161202960828,3.6170876287875897,3.6653034687042236,369563643
2020-06-22,3.6653037384373692,3.696554669245719,3.65816072936146,3.6688754558563232,521244200
2020-06-23,3.660838673532304,3.6903039542900142,3.6483383030001773,3.6858394145965576,398167830
2020-06-24,3.694768389433454,3.720661952551307,3.692982743911375,3.7179834842681885,457942198
2020-06-29,3.7054832189429905,3.7144118725679647,3.6661960360120642,3.6858394145965576,212654964
2020-06-30,3.7036974327465937,3.7429846187021396,3.7019117870365146,3.7304842472076416,542468494
2020-07-01,3.73852021297251,3.8179874105935268,3.734948921424052,3.814415693283081,574064113
2020-07-02,3.812629976202143,3.9063831897875225,3.8063797903472496,3.901918649673462,550437787
2020-07-03,3.916204799195446,3.985850087008712,3.9010255342507802,3.9795994758605957,586768714
2020-07-06,4.0421019444526864,4.284967214587673,4.025137033107989,4.271574020385742,929317489
2020-07-07,4.304610894296481,4.330504459097614,4.21800069441642,4.228715419769287,1074501897
2020-07-08,4.226929343198028,4.319789293344628,4.203714249220901,4.284073829650879,903486859
2020-07-09,4.282288558580762,4.36086250042408,4.250144808750934,4.3501482009887695,642434179
2020-07-10,4.319790156521415,4.336755069030146,4.252823755154945,4.272467136383057,564416770
2020-07-13,4.26978828462392,4.399256961210013,4.265323744730134,4.361755847930908,824378259
2020-07-14,4.354612804160753,4.374256611149577,4.254609400689816,4.323361873626709,737641416
2020-07-15,4.339433665764529,4.370684594156357,4.254609109041045,4.271574020385742,662402942
2020-07-16,4.27693197844607,4.310861805857529,4.062639138343849,4.067996501922607,1289918063
2020-07-17,4.080495863034232,4.1554980830118415,4.054601874531744,4.111746788024902,904292349
2020-07-20,4.149248865414711,4.232287361008934,4.093890010272569,4.220680236816406,724976202
2020-07-21,4.240322893645172,4.253716087220612,4.206393072542907,4.231393814086914,465350652
2020-07-22,4.225143838294354,4.335861960889768,4.221572546903451,4.278717041015625,705437207
2020-07-23,4.234072722491005,4.276038374727202,4.162641788832631,4.255501747131348,430577055
2020-07-24,4.219786389586035,4.234072832144869,4.042101873644871,4.06620979309082,648282022
2020-07-27,4.092104090791065,4.121569375185691,4.051031257217889,4.091210842132568,311101401
2020-07-28,4.120676201056737,4.143891299833721,4.095675456454446,4.122462272644043,374257289
2020-07-29,4.111747211006004,4.243894358070931,4.106389848204781,4.240323066711426,488385416
2020-07-30,4.241215863887983,4.247466049491263,4.204607573102778,4.209072113037109,297474433
2020-07-31,4.205500712073205,4.293896565760454,4.171570887240848,4.24121618270874,518524684
2020-08-03,4.276931311663488,4.31175395661548,4.260859223432886,4.308182239532471,434393304
2020-08-04,4.3296119616942255,4.339433864966232,4.289431951482004,4.31175422668457,311402501
2020-08-05,4.305504149900615,4.326040354089593,4.251038120604282,4.313539981842041,300697444
2020-08-06,4.313539370191574,4.3322903516660505,4.238537147341415,4.2974677085876465,224666976
2020-08-07,4.288538930652053,4.2903245763420035,4.19657136542813,4.254609107971191,343055100
2020-08-10,4.226037194707459,4.301932681252063,4.192107793400218,4.268896102905273,240425812
2020-08-11,4.272467089512863,4.331397658312709,4.219786706751666,4.226930141448975,248052945
2020-08-12,4.21889378552292,4.232286980184725,4.126926642880017,4.198357582092285,424060538
2020-08-13,4.209964870945028,4.218000702093327,4.176927872007219,4.184963703155518,197805792
2020-08-14,4.185857629961193,4.268003303443245,4.169785539298524,4.266217231750488,422185608
2020-08-17,4.285860310452085,4.384077632115188,4.270681045338758,4.354612350463867,563474986
2020-08-18,4.359077171807742,4.368006252042105,4.3251473481363325,4.348362445831299,349311764
2020-08-19,4.345683542622329,4.349254833749338,4.277823902065902,4.280502796173096,405819093
2020-08-20,4.259073241965991,4.26889514384839,4.217107591918721,4.2349653244018555,344280792
2020-08-21,4.256394888321931,4.292110354250109,4.235858261244163,4.270680904388428,289329087
2020-08-24,4.290324274805971,4.313539370191574,4.266216356638143,4.2974677085876465,415934500
2020-08-25,4.309075562359385,4.348362322139502,4.288538933861716,4.305503845214844,216133255
2020-08-26,4.302825319384484,4.329612135857489,4.238537811373279,4.252823829650879,334981700
2020-08-27,4.25818103278187,4.286753494024374,4.232287040204919,4.284967422485352,207431486
2020-08-28,4.279610235029442,4.397471364665053,4.2662166151985135,4.3903279304504395,554996485
2020-08-31,4.4153290603574895,4.435865262700874,4.348362239069932,4.35193395614624,488697161
2020-09-01,4.34479068273826,4.384077439371499,4.339433320331557,4.382291793823242,240533025
2020-09-02,4.393900027160444,4.397471744576323,4.334076634337974,4.378720760345459,385904700
2020-09-03,4.3733631034066995,4.4108646435879875,4.340326529016912,4.360862731933594,229830280
2020-09-04,4.294789314561099,4.327826315921857,4.277824402437628,4.31175422668457,375102467
2020-09-07,4.3037182820451365,4.334969211051715,4.205500529187636,4.225143909454346,445746642
2020-09-08,4.232287480031393,4.259074298280593,4.200143723894385,4.2465739250183105,485820300
2020-09-09,4.19657102661604,4.20460728309594,4.120675556015028,4.147462368011475,515494651
2020-09-10,4.18228528305942,4.201928662627957,4.137640735412246,4.151034355163574,423536864
2020-09-11,4.134069759288612,4.19032143379002,4.131390864829311,4.183178424835205,279946274
2020-09-14,4.20282134127853,4.218000606171183,4.183177962383872,4.2072858810424805,263594672
2020-09-15,4.201035772914026,4.245680319850433,4.191213870405148,4.238537311553955,292860603
2020-09-16,4.236750879986522,4.240322596712101,4.19835694755565,4.213535785675049,188912654
2020-09-17,4.1992506005983135,4.227823062766721,4.167106420998105,4.187643051147461,408145361
2020-09-18,4.192107730455838,4.29746850192344,4.190321658799732,4.295682430267334,873517831
2020-09-21,4.299254312773377,4.330505245929085,4.2412165613684705,4.2465739250183105,381620413
2020-09-22,4.218893329410701,4.264430697252088,4.177820501227907,4.195678234100342,578513427
2020-09-23,4.1992503426517525,4.222465440127428,4.1822854309762985,4.208178997039795,466006228
2020-09-24,4.183178488110364,4.1930003916730465,4.129605281495911,4.139427185058594,344502320
2020-09-25,4.145677296724479,4.166213500631484,4.126033489952048,4.142105579376221,325369201
2020-09-28,4.144784169584405,4.17960681456633,4.138533984005236,4.151034355163574,304679600
2020-09-29,4.1697848498123475,4.18496368923776,4.153712761807245,4.160855770111084,315881012
2020-09-30,4.17246388323695,4.1921076909348125,4.1251408613935725,4.148355960845947,454910191
2020-10-09,4.215322152101165,4.254608910024048,4.214428903535782,4.231393814086914,359609638
2020-10-12,4.254609126060868,4.368898965942975,4.2528234803633245,4.363541603088379,360952774
2020-10-13,4.3617555063710265,4.387649069355792,4.339433234412064,4.377827167510986,320043929
2020-10-14,4.366220537441905,4.372470723812071,4.3421126149052665,4.356399059295654,278946496
2020-10-15,4.351933759956819,4.376041678289704,4.337647318057591,4.345683574676514,330528322
2020-10-16,4.3430052431172514,4.368006413238922,4.307289772385718,4.333183765411377,283570693
2020-10-19,4.357291402119871,4.39211404767177,4.289431756707359,4.305503845214844,601869622
2020-10-20,4.295681932493241,4.334076295101236,4.292110641118894,4.3322906494140625,273913000
2020-10-21,4.334968969610209,4.343004800689484,4.301931970956166,4.337647438049316,348894700
2020-10-22,4.323361873626709,4.338541140321528,4.27871732221065,4.323361873626709,257148347
2020-10-23,4.3144326078083,4.345683962762633,4.26889566120286,4.273359775543213,776805715
2020-10-26,4.247466368781859,4.264431281198037,4.201928994704854,4.24121618270874,507147375
2020-10-27,4.229607599638431,4.25907287699877,4.2260358831430995,4.253715515136719,299348813
2020-10-28,4.251930459486802,4.301931942784998,4.238537265855064,4.289431571960449,482829143
2020-10-29,4.245680182320621,4.349254863669355,4.243001288194998,4.328718662261963,371024766
2020-10-30,4.31978936176523,4.327825617968852,4.239429780062448,4.24746561050415,384587845
2020-11-02,4.249252037767108,4.289432048891788,4.249252037767108,4.272467136383057,200166029
2020-11-03,4.285860380698828,4.3421120507213615,4.285860380698828,4.318004131317139,356112935
2020-11-04,4.326039199725996,4.370683739350267,4.312646008143468,4.351040363311768,344738845
2020-11-05,4.393007397963846,4.4224726842176665,4.376935307526666,4.418900966644287,375894391
2020-11-06,4.427829253067438,4.430507721445275,4.382291884548687,4.4206862449646,354123679
2020-11-09,4.446580347327124,4.530511660661061,4.446580347327124,4.507296562194824,597987950
2020-11-10,4.518010796218107,4.5206896903902996,4.4572945879664045,4.483188152313232,384784687
2020-11-11,4.471581253061316,4.489438989006179,4.436758604104532,4.44122314453125,394072600
2020-11-12,4.446580104806499,4.459080476258537,4.425150653310449,4.438544273376465,258032875
2020-11-13,4.420686918037437,4.422472563894535,4.36354199299023,4.393007278442383,432927885
2020-11-16,4.415328810861209,4.442115197253051,4.384970281832951,4.440329551696777,285050760
2020-11-17,4.43497236034447,4.437650828782202,4.405507078719664,4.432293891906738,298769617
2020-11-18,4.42872192764998,4.448365305715893,4.4055068327712075,4.4260430335998535,360698687
2020-11-19,4.416222301920372,4.4751528718143625,4.409079292852433,4.463545322418213,270079501
2020-11-20,4.464438351630794,4.482296088006837,4.451937978743767,4.476938724517822,284503346
2020-11-23,4.491224510918911,4.558190906075117,4.472473528574173,4.528725624084473,521147087
2020-11-24,4.526046629085336,4.531403991669992,4.492117233731771,4.500153064727783,346142109
2020-11-25,4.513546700860167,4.533190507517294,4.44300858330155,4.444794654846191,425196010
2020-11-26,4.443008302440853,4.455508673653195,4.408185657308489,4.45104455947876,395838615
2020-11-27,4.451044479308002,4.51801087409993,4.443901470995601,4.514439582824707,378780759
2020-11-30,4.526046801584444,4.580513252310653,4.4894385106623425,4.492117404937744,535115737
2020-12-01,4.488545251354223,4.5983705392029774,4.487652428603229,4.5912275314331055,475283650
2020-12-02,4.59390600971348,4.611763742058101,4.560869013283066,4.5814056396484375,292946878
2020-12-03,4.576941467092585,4.595692023693534,4.5564052648425815,4.579620361328125,248986842
2020-12-04,4.5715840427400085,4.595691961725007,4.535868575668754,4.589441776275635,330154760
2020-12-07,4.589441922383204,4.591227993826994,4.533190251548053,4.550155162811279,359375330
2020-12-08,4.550154608878465,4.571583631737497,4.52872516025752,4.535868167877197,361251873
2020-12-09,4.549262393495501,4.559977120239226,4.474260157813446,4.482295989990234,568550630
2020-12-10,4.473367214202881,4.493010595528461,4.457295124520861,4.473367214202881,318844690
2020-12-11,4.482295683417222,4.495688878049827,4.391221363848738,4.423365116119385,403011950
2020-12-14,4.428722383374028,4.466223497839324,4.418007657594808,4.462652206420898,251887731
2020-12-15,4.462652413555822,4.482295794554828,4.434079952072365,4.476045608520508,284133598
2020-12-16,4.48229591554742,4.491224996272898,4.468009897301058,4.484974384307861,284081500
2020-12-17,4.48408100515863,4.5519406478161875,4.476937996921506,4.54836893081665,466230890
2020-12-18,4.544797515286993,4.549261629211891,4.502831864059377,4.522475242614746,460711300
2020-12-21,4.519796547254336,4.572476925742185,4.495688627951994,4.562655448913574,445896144
2020-12-22,4.552833726446172,4.5689058152042445,4.487652974316294,4.493903160095215,515397033
2020-12-23,4.500153747335792,4.551941309668266,4.497475278518152,4.530511856079102,338687208
2020-12-24,4.530511856079102,4.551048486729053,4.509082828251948,4.530511856079102,383376749
2020-12-25,4.513546265647073,4.570691182801696,4.502831966222287,4.568012714385986,403356129
2020-12-28,4.5644413881693895,4.6072998668235385,4.556405556472357,4.5805134773254395,447130014
2020-12-29,4.587656411085993,4.600156782748862,4.559083950530016,4.566226959228516,342717900
2020-12-30,4.56265539219157,4.62515724673102,4.559976497990193,4.623371601104736,340671518
2020-12-31,4.632300605780263,4.726053811833872,4.6305145344209375,4.720696449279785,861799157
2021-01-04,4.714447042386896,4.791235350659007,4.696589306178544,4.762662887573242,506705639
2021-01-05,4.7510546136096385,4.861772731530932,4.736768171363241,4.851058006286621,622830794
2021-01-06,4.8635587930669635,4.9233821840746606,4.836771977665464,4.894809722900391,374945107
2021-01-07,4.901952660549237,5.000170414578739,4.89570247467334,4.999277591705322,470659227
2021-01-08,5.007313115760667,5.027849743635738,4.927846350001975,4.974276542663574,697564767
2021-01-11,4.979633998969213,5.01802793546164,4.890345329003376,4.91802453994751,635965163
2021-01-12,4.907309835963343,5.064458151250948,4.903738544606194,5.060886859893799,596280782
2021-01-13,5.0751733789833375,5.102853018549687,5.009099798957156,5.041243553161621,552434398
2021-01-14,5.0358857474990115,5.0358857474990115,4.944811430451012,4.949275970458984,696047994
2021-01-15,4.949276079257905,4.9787413627391,4.875166246239514,4.934096813201904,709049177
2021-01-18,4.931382404059117,5.018230927296823,4.898813884308065,4.987472057342529,396768553
2021-01-19,4.991995862335608,5.002852036298342,4.899718815034953,4.91962194442749,417009672
2021-01-20,4.917812430719363,4.9711882613623235,4.912384343587656,4.9467620849609375,422385751
2021-01-21,4.96033191560468,5.055322790051536,4.96033191560468,5.031801223754883,511620315
2021-01-22,5.027278551693246,5.0390393357170655,4.9811400249255495,5.034515857696533,554309326
2021-01-25,5.029992444675167,5.110508715227195,5.00375704830575,5.094224452972412,450177153
2021-01-26,5.072511947256746,5.075226206573686,4.978425676744691,4.985663414001465,392744995
2021-01-27,4.980235356731409,5.004661533817917,4.930477961858901,4.9947099685668945,591541591
2021-01-28,4.9395244990450795,4.9395244990450795,4.85267554124698,4.871674060821533,469951845
2021-01-29,4.891576874877711,4.906051485831212,4.77849252088729,4.83820104598999,622113874
2021-02-01,4.8382016875066265,4.897910220526321,4.836392468743191,4.895195960998535,436288063
2021-02-02,4.9033378230774565,4.970283655910102,4.895195476682312,4.967569828033447,573156921
2021-02-03,4.967570078070738,4.998328952467325,4.943143900421018,4.962141990661621,281969488
2021-02-04,4.93500105251303,4.9847584434804375,4.899718703627668,4.952189922332764,300084150
2021-02-05,4.963046702365386,5.0182317555499205,4.953999746036055,4.959427833557129,560000491
2021-02-08,4.993805392313824,5.041753137487406,4.9594276497486804,5.024564266204834,475013428
2021-02-09,5.0435622408830465,5.151218512732839,5.020945714179993,5.149409294128418,418299845
2021-02-10,5.162074615440698,5.276968622877876,5.15393270045127,5.25344705581665,341909857
2021-02-18,5.3583889539806195,5.367435909451602,5.200071115681648,5.214545726776123,470765736
2021-02-19,5.194643111870475,5.248018942132888,5.130411107422047,5.243495464324951,709064650
2021-02-22,5.233544097539173,5.234448706858487,5.051704682878982,5.056228160858154,776075991
2021-02-23,5.020945933822216,5.099652554531325,5.0182316744142526,5.042657852172852,591250364
2021-02-24,5.055323288206787,5.066179463164644,4.85900882376382,4.909670829772949,1011269033
2021-02-25,4.95852294427955,4.996519123399471,4.923240593075653,4.955809116363525,669305438
2021-02-26,4.875292456506882,4.903337499628607,4.813774714868156,4.821012020111084,837070336
2021-03-01,4.8680552280320475,4.903337576953095,4.838200965974436,4.901528358459473,558208540
2021-03-02,4.926859174317898,4.931382651963369,4.801109429175328,4.839105606079102,433859754
2021-03-03,4.824630855096758,4.937715204652493,4.809251204102034,4.934096336364746,361154593
2021-03-04,4.885244389326319,4.885244389326319,4.756780378198369,4.783016204833984,644981648
2021-03-05,4.706118705486598,4.804728019280957,4.685310966483974,4.764017581939697,593632850
2021-03-08,4.794776646683858,4.817393171738802,4.586701423947407,4.595747947692871,563722005
2021-03-09,4.593034596531551,4.609318427239418,4.456428665879314,4.504376411437988,931719068
2021-03-10,4.556847211054674,4.578559127105928,4.507994429328574,4.523374080657959,636535760
2021-03-11,4.545086712058449,4.64279141884988,4.536944365570767,4.640077590942383,620676884
2021-03-12,4.654551653362443,4.660884349115345,4.595747741812251,4.6518378257751465,448201493
2021-03-15,4.630125953680182,4.631030562968581,4.5170415963611195,4.559561252593994,386572405
2021-03-16,4.561370505169583,4.601176333833958,4.5342305007849655,4.589415550231934,323236064
2021-03-17,4.576750161061396,4.632839819849176,4.535135113772851,4.610223293304443,306294597
2021-03-18,4.62107924688821,4.66721777414195,4.619270028213981,4.6464104652404785,319610130
2021-03-19,4.588510841260848,4.602985452433868,4.507994576386005,4.520660400390625,492195605
2021-03-22,4.518851166577839,4.588511263796314,4.514327688401256,4.5722270011901855,423486762
2021-03-23,4.567703514551824,4.575845861531115,4.493520370676814,4.5315165519714355,491638773
2021-03-24,4.512517884636543,4.550514492457922,4.443762837073562,4.462760925292969,755052862
2021-03-25,4.4383349006916175,4.47904533761752,4.42205063964474,4.459142208099365,284908649
2021-03-26,4.4781406712924,4.574036595662713,4.4745222339012365,4.553228855133057,556534950
2021-03-29,4.563180495898338,4.595748589868422,4.52789814245755,4.5622758865356445,639256772
2021-03-30,4.559561166560388,4.61746047375132,4.550514642464507,4.602080821990967,268283890
2021-03-31,4.598462547921716,4.599367157225114,4.5351351514752585,4.568608283996582,230812676
2021-04-01,4.5740365876306,4.631935468231092,4.570417718863174,4.624698162078857,322996435
2021-04-02,4.640981763547921,4.672645243068966,4.621983675835294,4.6690263748168945,280334645
2021-04-06,4.678978661356313,4.683502139524139,4.631935523729211,4.643696308135986,234635544
2021-04-07,4.648219372841176,4.650028591394326,4.583987368995917,4.612032413482666,175217273
2021-04-08,4.596652313947289,4.6409816152427394,4.5749403992763416,4.621983528137207,140755921
2021-04-09,4.609318314028502,4.609318314028502,4.5459913486475,4.5577521324157715,222329800
2021-04-12,4.546896166555009,4.567703475739752,4.466379895099093,4.481759548187256,663938234
2021-04-13,4.474522064575602,4.517946331304611,4.459142412097307,4.47542667388916,453545245
2021-04-14,4.479949910170025,4.513422609879015,4.4718075640220345,4.500757217407227,527184200
2021-04-15,4.487187457730621,4.491710935681014,4.42747892920976,4.47542667388916,493540700
2021-04-16,4.486282628749357,4.500757239822753,4.44919106041402,4.489901065826416,499764030
2021-04-19,4.486283052089626,4.61112820206314,4.46547531140273,4.603890895843506,567369226
2021-04-20,4.587606460031953,4.628316899130806,4.5794641133826195,4.596652984619141,369851557
2021-04-21,4.567703306620519,4.621079138704207,4.565894087988646,4.607509136199951,414321361
2021-04-22,4.6147466394816465,4.630126292658162,4.582178545801983,4.603890895843506,448399160
2021-04-23,4.596652874524848,4.659075661350032,4.596652874524848,4.650028705596924,322992630
2021-04-26,4.659980148171056,4.696167107467203,4.587606229578762,4.592129707336426,538061634
2021-04-27,4.5957485488866245,4.612032811417767,4.571322370781222,4.603890895843506,317792609
2021-04-28,4.587606421347698,4.640982253248094,4.574036418890042,4.638267993927002,301245972
2021-04-29,4.639172564816473,4.686215699754826,4.631935258991172,4.679883003234863,380984480
2021-04-30,4.66902681793575,4.678978383036495,4.6084136807932445,4.639172554016113,404241300
2021-05-06,4.6219840960942,4.6518383598950175,4.5550378313303215,4.578559398651123,407574566
2021-05-07,4.589415300822838,4.611127648256661,4.519755212291466,4.523374080657959,338289245
2021-05-10,4.526993475544591,4.545991566067509,4.482664166275166,4.522469997406006,369199148
2021-05-11,4.493520668943769,4.563180770657033,4.461857182429854,4.545991897583008,397926530
2021-05-12,4.536039513022848,4.580368817528907,4.519755252303322,4.574036121368408,253971232
2021-05-13,4.5378486420544855,4.54780020641729,4.501661684313003,4.52427864074707,472543935
2021-05-14,4.541467895332547,4.640077643935263,4.516137109042894,4.638267993927002,848963043
2021-05-17,4.634649394813873,4.717879488043921,4.629221307743863,4.693453311920166,667255521
2021-05-18,4.703404824505534,4.715165608874749,4.674455168259573,4.695262908935547,283458826
2021-05-19,4.686215120276108,4.700690161519382,4.661788946522037,4.682596683502197,393359467
2021-05-20,4.678978646412953,4.7097375213672175,4.660885165182055,4.695262908935547,270139103
2021-05-21,4.701595084496126,4.72873551902452,4.634649254502851,4.645505428314209,541063511
2021-05-24,4.645506137004163,4.671741534898445,4.610223782426077,4.670836925506592,349612789
2021-05-25,4.670836198205407,4.829154033076377,4.670836198205407,4.819202899932861,1536160149
2021-05-26,4.822821764852907,4.842724895671032,4.80925176211881,4.820107936859131,486861122
2021-05-27,4.81287078448378,4.879816622342951,4.791158434309942,4.837296962738037,530753500
2021-05-28,4.836392479573043,4.860818658464647,4.794777428242414,4.823726654052734,345621858
2021-05-31,4.8210120999770485,4.830059055217503,4.7857297510279,4.829154014587402,328603031
2021-06-01,4.824631142404433,4.840010362932434,4.76854105320826,4.836391925811768,454422825
2021-06-02,4.840914860898814,4.846342947837583,4.773064421238069,4.79749059677124,577607087
2021-06-03,4.794777083993091,4.815584392473192,4.7585901229456615,4.760399341583252,443276399
2021-06-04,4.749543199914989,4.841820253193395,4.734163547241052,4.790253639221191,558117757
2021-06-07,4.790253412087831,4.79296723993435,4.7504475839941165,4.784825325012207,265277430
2021-06-08,4.784825210132475,4.8309637334762385,4.716069729747057,4.746829032897949,454203706
2021-06-09,4.734162862644274,4.764017122967316,4.732353644255769,4.754065990447998,259513156
2021-06-10,4.748638365429771,4.816488806801193,4.747733756147597,4.784825325012207,404112579
2021-06-11,4.788443852748856,4.801109244563105,4.736877244891513,4.740495681762695,337555800
2021-06-15,4.7404958342493675,4.749542789483445,4.6626938310430885,4.68712043762207,431236597
2021-06-16,4.6816924815804555,4.688929787140411,4.608413522560984,4.622888565063477,557301699
2021-06-17,4.613841116049669,4.6536469394454025,4.611127288523442,4.632839202880859,342210455
2021-06-18,4.631935346520691,4.663599261101456,4.603890731994866,4.637363433837891,523765660
2021-06-21,4.621079470422085,4.663599562384176,4.602081379275854,4.631031036376953,449263050
2021-06-22,4.650028981571778,4.659980547214294,4.623793584819388,4.654552459716797,678314191
2021-06-23,4.660884337328559,4.707022857256269,4.646409727467829,4.682596683502197,586465223
2021-06-24,4.686215525798293,4.695262481281036,4.663598999856596,4.694357872009277,217509708
2021-06-25,4.697976210085061,4.784825169082188,4.696166991579675,4.767636299133301,619258662
2021-06-28,4.774874161088644,4.785730336151484,4.755876070419986,4.775778770446777,445496481
2021-06-29,4.775778200484453,4.775778200484453,4.717879326030251,4.726925849914551,290185647
2021-06-30,4.727830592192571,4.764922592171319,4.726925982916946,4.754971027374268,371170976
2021-07-01,4.7703508251153455,4.7803023911167,4.724212726796874,4.753162384033203,564373863
2021-07-02,4.7224028233026685,4.724212473358418,4.623793503494831,4.625602722167969,442235989
2021-07-05,4.625601947114241,4.64279081577677,4.60479464171173,4.631934642791748,257570313
2021-07-06,4.631935297354589,4.640982253248094,4.587606421347698,4.638267993927002,381688734
2021-07-07,4.618365431850038,4.706119008535836,4.61112812575018,4.686215877532959,349465134
2021-07-08,4.694358211168447,4.700690907910862,4.632840031035924,4.6464104652404785,328035047
2021-07-09,4.631935468231092,4.639172774383326,4.5740365876306,4.624698162078857,426231921
2021-07-12,4.659075871812836,4.712451705296039,4.633745084772024,4.686215877532959,596692894
2021-07-13,4.6853110939573215,4.71697500796344,4.675359960208556,4.700690746307373,346440364
2021-07-14,4.696167280603689,4.696167280603689,4.639172580350578,4.6491241455078125,382469318
2021-07-15,4.641887278652267,4.716975466321777,4.635554581512201,4.710642337799072,355286695
2021-07-16,4.704309451233912,4.7088329294039974,4.660885182395903,4.664504051208496,370235145
2021-07-19,4.656361236340245,4.693453235948684,4.619269668114383,4.684406280517578,332046158
2021-07-20,4.650028136776966,4.685310483409466,4.6418862227012125,4.672645092010498,306679327
2021-07-21,4.686215356588891,4.726925792026104,4.678978051293568,4.707927703857422,578430257
2021-07-22,4.708832589425985,4.734163375137387,4.7024998929981345,4.712451457977295,269684073
2021-07-23,4.713356357799356,4.714260967147296,4.654552436357095,4.665408611297607,268144135
2021-07-26,4.64731439479225,4.648219003997044,4.453713789342438,4.507089614868164,915273374
2021-07-27,4.504375955638735,4.52337404379723,4.345153082314196,4.350581169128418,807205216
2021-07-28,4.345153588262702,4.381340550316075,4.283635839048492,4.359628200531006,913347342
2021-07-29,4.43200176936067,4.448285597426554,4.394909773164397,4.4383344650268555,640206355
2021-07-30,4.417527217639017,4.418431826922604,4.361437559613287,4.407576084136963,225870235
2021-08-02,4.393101149269353,4.526993248325898,4.364151494571111,4.5170416831970215,375203941
2021-08-03,4.497138886361457,4.540563151771618,4.482663843636345,4.518850803375244,233009764
2021-08-04,4.508899730045225,4.559561301803044,4.507090080066308,4.558656692504883,248645287
2021-08-05,4.526993505185853,4.575845861531115,4.506185764441688,4.5315165519714355,209871649
2021-08-06,4.523374379720144,4.527897857631687,4.4889966378045685,4.5170416831970215,112699204
2021-08-09,4.496234453375647,4.583988036724865,4.479950621260132,4.566799163818359,229090628
2021-08-10,4.555942500083046,4.621079115715071,4.525183626581206,4.618365287780762,324122381
2021-08-11,4.612032785490486,4.635554354109032,4.591225044920565,4.593939304351807,239129600
2021-08-12,4.577654960235812,4.596653050385061,4.555942610703749,4.5649895668029785,133971695
2021-08-13,4.553228499181044,4.583082762237346,4.514327280588852,4.540563106536865,202566401
2021-08-16,4.535134644988101,4.563179687174347,4.524278471794552,4.537848472595215,186203629
2021-08-17,4.532421750380638,4.561370976345909,4.428383905805888,4.436525821685791,352300896
2021-08-18,4.4365250117150845,4.510708576009742,4.425669269651345,4.484472751617432,384771032
2021-08-19,4.469093544880535,4.484472764488131,4.433811196770086,4.453713893890381,240311000
2021-08-20,4.443762778010195,4.444667387239682,4.331583037285225,4.372293472290039,418441340
2021-08-23,4.381340762742017,4.442858514938869,4.378626934578613,4.4374308586120605,352961261
2021-08-24,4.4419530984382325,4.50347127083973,4.4419530984382325,4.484472751617432,317705413
2021-08-25,4.491710889842225,4.498948195659435,4.467284713095019,4.497138977050781,207656406
2021-08-26,4.494424976550671,4.495329585907086,4.405766788882644,4.420241832733154,194840259
2021-08-27,4.413909063423817,4.4727125530694485,4.41119480401649,4.432002544403076,232236414
2021-08-30,4.442858083140145,4.452809648204045,4.3958153798680755,4.415718078613281,215532211
2021-08-31,4.416623263525555,4.430193267557546,4.351486640236285,4.413909435272217,245032607
2021-09-01,4.414813909167453,4.512518625410769,4.378626945271215,4.477236270904541,386518269
2021-09-02,4.487187556478144,4.49442486252848,4.451000594843853,4.4736175537109375,224004834
2021-09-03,4.473616789971627,4.49532870441596,4.441048271231321,4.449190616607666,348367264
2021-09-06,4.449191318063475,4.53784907094165,4.4455724493942705,4.52518367767334,494535866
2021-09-07,4.523374199485505,4.603890463848925,4.510708806943916,4.582178115844727,457495603
2021-09-08,4.585796495395239,4.607508843127057,4.548704927505527,4.563179969787598,236943077
2021-09-09,4.551419239431906,4.562275413423681,4.525183413721355,4.561370372772217,182545189
2021-09-10,4.556847189076658,4.638267628795657,4.554132929969237,4.60569953918457,389334975
2021-09-13,4.600272123586501,4.621984474083692,4.555038203844896,4.581274032592773,320015733
2021-09-14,4.582178578333414,4.597557800236495,4.502567346586995,4.5215654373168945,327711994
2021-09-15,4.514327562012557,4.5152326027286325,4.448286335460846,4.4736175537109375,270735874
2021-09-16,4.473617517710369,4.482664042354836,4.415718207008393,4.422955513000488,429348425
2021-09-17,4.42205021546186,4.463665257668035,4.403956737606242,4.458237171173096,513992694
2021-09-22,4.396719395402355,4.443762523703966,4.389482090598077,4.428382873535156,491629600
2021-09-23,4.448286234243875,4.482663976428998,4.438335100419571,4.45461893081665,286973255
2021-09-24,4.458237545947837,4.5007572009137595,4.449191021950816,4.460951805114746,464771190
2021-09-27,4.47361723621449,4.521564978546163,4.451904888221815,4.489901065826416,359893578
2021-09-28,4.482664157536686,4.505281116802906,4.456428760872746,4.481759548187256,263635257
2021-09-29,4.452809382958155,4.477235558130346,4.41300355645631,4.451904773712158,592261073
2021-09-30,4.453714347724649,4.480854784183901,4.4519051290882325,4.46457052230835,312959671
2021-10-08,4.503471609177565,4.536944309872075,4.49713891275522,4.528802394866943,244624120
2021-10-11,4.5360397498714375,4.577654797405878,4.5242789661903435,4.527897834777832,260322371
2021-10-12,4.511613383119589,4.521564947778946,4.444667552441151,4.480854511260986,330606824
2021-10-13,4.473617670672387,4.545991595833164,4.471808020575533,4.5315165519714355,253573666
2021-10-14,4.526087702316464,4.548704657966484,4.497138482232892,4.507089614868164,199808658
2021-10-15,4.504376218468958,4.538753959837452,4.487187347784712,4.528802394866943,217970095
2021-10-18,4.526088196737632,4.526993237423839,4.447381579349747,4.4763312339782715,251260474
2021-10-19,4.469093841579904,4.523374281188254,4.466379582339064,4.518850803375244,288469796
2021-10-20,4.523374402661174,4.543277101637269,4.49713900712984,4.506185531616211,156696300
2021-10-21,4.505281404088061,4.5478010659009165,4.488997140612081,4.526088714599609,224085516
2021-10-22,4.532421873348281,4.588511539406039,4.532421873348281,4.555943012237549,334597340
2021-10-25,4.543277393763132,4.578559747432038,4.533326259326541,4.571322441101074,265374504
2021-10-26,4.573131885234922,4.602986152781381,4.54418222710159,4.555943012237549,247909532
2021-10-27,4.54508672504238,4.54508672504238,4.485378197080915,4.496233940124512,278104300
2021-10-28,4.487187836959929,4.502567490738017,4.456428960786391,4.477236270904541,441341200
2021-10-29,4.474522048840014,4.507090140926588,4.46366587435029,4.506185531616211,426484699
2021-11-01,4.484473402076573,4.512518448983596,4.468189570927766,4.491711139678955,195002345
2021-11-02,4.488996210769834,4.5188504719338525,4.409384991459969,4.444667339324951,429413513
2021-11-03,4.441953450978135,4.465475018184405,4.41390883729573,4.426574230194092,340635107
2021-11-04,4.44466762356593,4.479045364409669,4.443763014288345,4.4690937995910645,284423300
2021-11-05,4.4600465898551365,4.49351971951353,4.452809284664353,4.453713893890381,265600790
2021-11-08,4.451000739734007,4.476331527426063,4.434716477053703,4.450096130371094,312485200
2021-11-09,4.464570317647619,4.479949969499942,4.425669530452313,4.448286056518555,262840000
2021-11-10,4.444667280779671,4.444667280779671,4.365960671726267,4.425669193267822,489426383
2021-11-11,4.4166221930792675,4.500756887898329,4.414812974682205,4.498043060302734,352364995
2021-11-12,4.501662027337608,4.515232461061648,4.4817593284779855,4.496233940124512,272906704
2021-11-15,4.499852626820409,4.51523227853289,4.471807582583566,4.4908061027526855,335915381
2021-11-16,4.492615472735729,4.519755477236366,4.4781404298038066,4.487187385559082,351870307
2021-11-17,4.480854738233784,4.499852827869138,4.46999856376141,4.486282825469971,226981757
2021-11-18,4.475427070691108,4.479950549042563,4.434716628293291,4.44647741317749,360601200
2021-11-19,4.441953499376143,4.501662027337608,4.437430452850727,4.496233940124512,275920589
2021-11-22,4.499852736796237,4.518850826047088,4.493520040379288,4.507994651794434,353647489
2021-11-23,4.501661853432395,4.523374201446004,4.492615329348445,4.510708808898926,317267246
2021-11-24,4.51070883559506,4.537848839390117,4.499852661524004,4.520660400390625,178594706
2021-11-25,4.521565332297483,4.522469941637521,4.496234113863344,4.503471851348877,137259970
2021-11-26,4.491710909249272,4.492615518557507,4.457333167240746,4.465475082397461,204637800
2021-11-29,4.4329068136759915,4.4672845543140935,4.4329068136759915,4.459142208099365,233856000
2021-11-30,4.46185626168003,4.477235481363422,4.422050435860698,4.44285774230957,183680000
2021-12-01,4.442858146983982,4.459142408763661,4.439239709732453,4.45461893081665,211626158
2021-12-02,4.4510005688594365,4.473617527594485,4.435620916132473,4.463665962219238,161035147
2021-12-03,4.463665971903101,4.505281020768136,4.456428665879314,4.504376411437988,219632143
2021-12-06,4.507090440501936,4.537849316012223,4.4953296559201235,4.499853134155273,332899117
2021-12-07,4.518850981039185,4.531516374307495,4.503471759805923,4.52518367767334,212426758
2021-12-08,4.529707444911115,4.594844065437908,4.513423181933758,4.590320587158203,341191710
2021-12-09,4.593939247724124,4.707928220630972,4.592130029047342,4.666313171386719,633221175
2021-12-10,4.652742862701416,4.659075559036488,4.634649382975128,4.652742862701416,396126046
2021-12-13,4.67445518552354,4.728736060799327,4.658171354323425,4.664504051208496,429033771
2021-12-14,4.647315048498458,4.663599310622974,4.627411917663178,4.636458873748779,362687781
2021-12-15,4.631935435670168,4.646410479255498,4.591224995698932,4.594843864440918,203583199
2021-12-16,4.597557024500523,4.620173980241131,4.5821778051923445,4.619269371032715,377304328
2021-12-17,4.612032776565628,4.614746604609,4.551419636437475,4.553228855133057,622618900
2021-12-20,4.526088273025089,4.5405633162746275,4.475426700108215,4.485378265380859,851825300
2021-12-21,4.4808548433237245,4.51613719549512,4.477235974620527,4.504376411437988,517133515
2021-12-22,4.5161365696811915,4.526992742903805,4.4962334416455505,4.507089614868164,666046188
2021-12-23,4.517041965151749,4.54689623101929,4.503471961952673,4.541468143463135,302305260
2021-12-24,4.54689579491019,4.552323881945718,4.50347153000855,4.520660400390625,260396101
2021-12-27,4.520660203802461,4.539658291909354,4.496233597513524,4.52427864074707,504491326
2021-12-28,4.524278499152838,4.556847018930428,4.516136584899716,4.547800064086914,639914174
2021-12-29,4.545991303820588,4.551419390997235,4.486282776260073,4.487187385559082,403865556
2021-12-30,4.487187272606881,4.53875388379568,4.482663794843109,4.5197553634643555,474498019
2021-12-31,4.532421164971238,4.549609603899563,4.517946122475568,4.530611515045166,351416595
2022-01-04,4.545990960625806,4.547800179087239,4.470902786503064,4.514327049255371,486355276
2022-01-05,4.504376481382237,4.516137265621991,4.455524125734832,4.471807956695557,464073106
2022-01-06,4.453714486203401,4.462761442431982,4.394005955519138,4.421146392822266,517272800
2022-01-07,4.4329071537446465,4.460047159522229,4.426574456971037,4.432002544403076,478519700
2022-01-10,4.422050906699253,4.453714390050458,4.395815510691484,4.443763256072998,491122307
2022-01-11,4.443762764901815,4.454618507006191,4.400338070954077,4.40305233001709,412218898
2022-01-12,4.4184322143734,4.462761524217122,4.4184322143734,4.450096130371094,511332582
2022-01-13,4.460046842436653,4.4618564923737525,4.375007531018238,4.376816749572754,488272297
2022-01-14,4.36505595030345,4.378626383560639,4.334297078075803,4.337011337280273,410029000
2022-01-17,4.340629936622128,4.388577680995028,4.339725327314352,4.37410306930542,498349057
2022-01-18,4.371388771858266,4.430192690176596,4.3560095509950685,4.415718078613281,624167062
2022-01-19,4.423987096370036,4.446038276349817,4.3697783106818395,4.391829490661621,522439260
2022-01-20,4.387235179731253,4.453388277905833,4.38631645363521,4.426743030548096,541278488
2022-01-21,4.419393107344624,4.423987176275809,4.377128637029678,4.395504474639893,781436980
2022-01-24,4.373454008946751,4.4092865221553135,4.3624284180604755,4.397342205047607,460574013
2022-01-25,4.375291366851851,4.389073136104632,4.296275218026934,4.299950122833252,595270865
2022-01-26,4.313732760282535,4.328433257202544,4.272387010287447,4.32383918762207,521842100
2022-01-27,4.311894109385321,4.317406904287054,4.241147378023015,4.249416351318359,607621674
2022-01-28,4.260442620428205,4.280655912881128,4.180507738779621,4.184182643890381,858391702
2022-02-07,4.249416490360952,4.284330713176167,4.231959378953345,4.250335216522217,484586760
2022-02-08,4.250334900939414,4.250334900939414,4.148348856664446,4.230121612548828,448141306
2022-02-09,4.2319594738968425,4.275142671246774,4.2172589787577515,4.265954971313477,458938095
2022-02-10,4.272386315840957,4.275142494272491,4.2319592987101755,4.255847930908203,495383095
2022-02-11,4.239309591588462,4.27973660915422,4.220015028016574,4.222771644592285,461743608
2022-02-14,4.208070741321857,4.220933783793391,4.158456023756078,4.177750587463379,329967908
2022-02-15,4.178669226419639,4.22001496956646,4.1768317741376295,4.216340065002441,604314440
2022-02-16,4.235634803771973,4.257685546413103,4.22460921339414,4.235634803771973,449800548
2022-02-17,4.2310407332262105,4.26687368288389,4.225527938039296,4.2448225021362305,629040692
2022-02-18,4.22644681639585,4.267792562729144,4.2218527472222505,4.266873836517334,304105215
2022-02-21,4.259523015912283,4.260441742000547,4.2310403166036155,4.251253604888916,324195053
2022-02-22,4.217258915352629,4.2236904366436026,4.179588075660323,4.196126461029053,315316769
2022-02-23,4.208070571237873,4.242984792600582,4.199801598015971,4.240228176116943,446903932
2022-02-24,4.217259304548529,4.2282848958118615,4.124460943177621,4.1621317863464355,591236542
2022-02-25,4.183263141106489,4.236553198351925,4.183263141106489,4.194288730621338,384466069
2022-02-28,4.191532509870454,4.201639374232248,4.154780833427894,4.199801921844482,269317076
2022-03-01,4.215420936983092,4.242066185873852,4.201639168520521,4.234715938568115,326162903
2022-03-02,4.216340247674626,4.217258973855434,4.182344750297509,4.2025580406188965,194601292
2022-03-03,4.217259079870304,4.226446780023885,4.166725195624695,4.175913333892822,200689920
2022-03-04,4.139161888229879,4.165806702089431,4.116191979391191,4.129055023193359,405376626
2022-03-07,4.096897211522376,4.096897211522376,3.9765353157370207,3.9930737018585205,583112990
2022-03-08,3.9939922054277415,4.016042947579332,3.9030317440018045,3.9177322387695312,691708074
2022-03-09,3.9250828954923476,3.945296625549177,3.739487048650389,3.880980968475342,786748812
2022-03-10,3.9508092846611413,3.9746979189103606,3.934270898308323,3.936108350753784,552846528
2022-03-11,3.884655936968026,3.967346987385789,3.835959945260339,3.961834192276001,397342208
2022-03-14,3.9048692138061507,3.9269203941710162,3.832284589572082,3.8332033157348633,433100428
2022-03-15,3.79920827565995,3.825853086968614,3.645769614749731,3.6503636837005615,1044477802
2022-03-16,3.7073286745697063,3.831365908407051,3.621881006824095,3.809314727783203,1325138541
2022-03-17,3.8800619230758318,3.9452963010384514,3.863523537511815,3.886493444442749,1147561626
2022-03-18,3.8681178367872575,3.928758149350659,3.8488232715379134,3.912219762802124,403021732
2022-03-21,3.9168134353540176,3.9324330940868477,3.869954897270043,3.9067065715789795,372016391
2022-03-22,3.888331130348679,3.9342709469698685,3.8874124041145848,3.903032064437866,250422476
2022-03-23,3.912219541395306,3.9379456269384976,3.8956811557827384,3.9260013103485107,308244671
2022-03-24,3.9048691999456007,3.923245037479587,3.870873703356189,3.901193857192993,220641762
2022-03-25,3.90027496291533,3.9085443742236192,3.8286090681875242,3.83044695854187,356808307
2022-03-28,3.798289335768182,3.835041013316931,3.7514312316679876,3.8074774742126465,415593846
2022-03-29,3.8175841035724876,3.834122050769879,3.7845073329486487,3.7909388542175293,231033117
2022-03-30,3.8166648964013454,3.906706631268314,3.8166648964013454,3.9039504528045654,500257530
2022-03-31,3.894762340970517,3.8993564098885534,3.8681175298520554,3.8754677772521973,424278996
2022-04-01,3.8469850855116388,3.940702163974735,3.8451476331855474,3.9223263263702393,375247241
2022-04-06,3.8984378545557337,3.9223264882388795,3.8846560853122405,3.9113008975982666,339893770
2022-04-07,3.8929249111614865,3.9214076128805906,3.860767304778322,3.863523483276367,278398351
2022-04-08,3.866279857743207,3.8920059412385095,3.835959705591029,3.889249324798584,320271297
2022-04-11,3.863523667114506,3.8644423933242367,3.756024814514129,3.7679691314697266,580058497
2022-04-12,3.769807161646655,3.836878996701542,3.744999800606804,3.832284927368164,806475900
2022-04-13,3.813908738336371,3.8469850706508795,3.7992082435553725,3.8028831481933594,387260208
2022-04-14,3.8368788345909692,3.869955168541753,3.815746379419028,3.8433103561401367,573689243
2022-04-15,3.8221778615877504,3.864442333381629,3.8129901615184076,3.841472864151001,532237966
2022-04-18,3.8083960186760817,3.8258531303957692,3.782669933242662,3.823096513748169,279709272
2022-04-19,3.8221776930801283,3.8460663255676053,3.77623831852965,3.7982890605926514,313996240
2022-04-20,3.7964517418313672,3.801964537069673,3.728461184711645,3.733973979949951,390343438
2022-04-21,3.7229483037363886,3.7495931150124733,3.652201131569503,3.6714959144592285,792508456
2022-04-22,3.6430132305023073,3.709166553103855,3.631068914055221,3.6806838512420654,617378397
2022-04-25,3.6246373091915163,3.637500570569962,3.497843900164017,3.503356695175171,1654284344
2022-04-26,3.5061132783549986,3.558484395619873,3.4675239302905942,3.4757931232452393,1543759738
2022-04-27,3.4647673939443133,3.5750226384209096,3.4546607489980534,3.5731849670410156,1372583856
2022-04-28,3.5575654828026533,3.615449392334209,3.5548090852956973,3.597073554992676,1072926129
2022-04-29,3.6099367745614543,3.6926282657156126,3.5768602219112453,3.688952922821045,763121189
2022-05-05,3.6567952986963803,3.7036538393437013,3.647607379616531,3.675171136856079,736095393
2022-05-06,3.606261415536227,3.622799800311391,3.5832917287581756,3.586048126220703,520669718
2022-05-09,3.5630783451684405,3.588804430309976,3.5373520409696404,3.5566468238830566,318700633
2022-05-10,3.521732670376184,3.613612079692034,3.498762982340173,3.597992420196533,547467162
2022-05-11,3.5915612391483145,3.699060099089821,3.5915612391483145,3.648526430130005,629011561
2022-05-12,3.6338254420173617,3.6558766233615647,3.613612151194873,3.630150318145752,307105783
2022-05-13,3.664145808713528,3.6742526737651677,3.6310692538461242,3.658633232116699,279973247
2022-05-16,3.675171187980469,3.688034231059739,3.6200436727345076,3.630150318145752,442584342
2022-05-17,3.6384194605366815,3.676089863046883,3.628312596208758,3.675171136856079,300849564
2022-05-18,3.681602541414286,3.69079067925968,3.6384193450158,3.6623079776763916,264017324
2022-05-19,3.626475361071649,3.672414959222914,3.6163687151955557,3.67057728767395,324962036
2022-05-20,3.693546742618847,3.7486742536293356,3.6843590431743554,3.747755527496338,600461424
2022-05-23,3.7477556529715508,3.7477556529715508,3.6944655924429015,3.7183542251586914,512091273
2022-05-24,3.717435778619368,3.7201919573179576,3.638419627103843,3.6430134773254395,415664500
2022-05-25,3.638419721070706,3.66047068462988,3.6273941297624765,3.658633232116699,457684097
2022-05-26,3.6595514996178182,3.6935467764802192,3.6126929614892376,3.667820692062378,481614068
2022-05-27,3.695384227592777,3.7275422712194115,3.6613889507411415,3.6770083904266357,553297211
2022-05-30,3.693547267009296,3.714679723526574,3.6816029493555065,3.69814133644104,450531920
2022-05-31,3.6981408484515903,3.7698067449176302,3.689871436942729,3.756943702697754,452258118
2022-06-01,3.756944022166859,3.7633755438236967,3.7302987712046254,3.7514312267303467,377434508
2022-06-02,3.735811229157977,3.7652126561251427,3.728460981944814,3.7615373134613037,290132608
2022-06-06,3.759700081013222,3.837797502741341,3.73489272139676,3.836878776550293,423835904
2022-06-07,3.8230964888722285,3.8607673287140885,3.8175841318419637,3.8423914909362793,380864188
2022-06-08,3.8451480158632214,3.8864937641167887,3.8267721764299214,3.880980968475342,427291052
2022-06-09,3.8727118436581196,3.8901689561589228,3.8341222756667714,3.8497419357299805,291614828
2022-06-10,3.8212592959996434,3.9140576554761166,3.8203405697655493,3.903032064437866,648069142
2022-06-13,3.8681176931378376,3.880062009960224,3.8313660164711942,3.855254650115967,579900248
2022-06-14,3.826771547798031,3.8956808248243897,3.780831737704126,3.8920059204101562,624902550
2022-06-15,3.88924923919677,4.00961111904786,3.88924923919677,3.9370265007019043,1121885205
2022-06-16,3.9489714408336063,3.966428553615744,3.9039507885851368,3.912219762802124,507512036
2022-06-17,3.896600387516884,3.9848042360813722,3.8910875922172856,3.9701037406921387,715647404
2022-06-20,3.979291376803898,4.0316627122508,3.9581593602573113,3.989398241043091,732434457
2022-06-21,3.9893984399296145,4.02247477472985,3.9554029407862807,3.987560987472534,422401546
2022-06-22,3.987560397853209,3.993991918616553,3.9342703414465747,3.9416205883026123,361964272
2022-06-23,3.942539911387694,4.012368362379936,3.936108389650468,4.010530471801758,405693924
2022-06-24,4.019718439712787,4.066576980462417,4.008692849169987,4.054632663726807,414833849
2022-06-27,4.069332951571072,4.13364860104866,4.069332951571072,4.098734378814697,455981050
2022-06-28,4.0978160363432705,4.158456348800154,4.073008675621324,4.146512031555176,374882378
2022-06-29,4.132729935101523,4.159374746180839,4.082196053306424,4.095978260040283,544835604
2022-06-30,4.0923034582927365,4.175913683450451,4.091384732011928,4.141918182373047,568051561
2022-07-01,4.152943038800999,4.157537107506363,4.110678570563566,4.128135681152344,445571244
2022-07-04,4.11435414551207,4.1556994518518335,4.087708896007754,4.153861999511719,387421725
2022-07-05,4.158456069932207,4.194289019264169,4.099653213882648,4.144674301147461,392115820
2022-07-06,4.134567468974793,4.143755606978602,4.063820295934877,4.090465545654297,318962717
2022-07-07,4.084034416785342,4.123542274900757,4.062901960214409,4.105166435241699,403045946
2022-07-08,4.126298812420118,4.146512104221792,4.095059491297666,4.101491451263428,208249030
2022-07-11,4.08495252249201,4.08495252249201,4.015124079526724,4.031662464141846,452207498
2022-07-12,4.026149714378774,4.049119620249156,3.9857226975714832,3.9985861778259277,343539200
2022-07-13,4.001342891101155,4.02339407378266,3.9765355296417484,4.00501823425293,295600301
2022-07-14,4.001342553596054,4.032581434350201,3.9838854417980967,4.005936622619629,326414269
2022-07-15,3.996748357632638,4.042688170180234,3.9443774620166425,3.9462149143218994,737307108
2022-07-18,3.961834363721694,4.005018000302864,3.926920577334871,3.9884796142578125,389115108
2022-07-19,3.9848039180260155,3.9848039180260155,3.9370266546526325,3.9682655334472656,353527001
2022-07-20,3.9875606121454408,4.005936449330301,3.9673468845619317,3.9792912006378174,299838373
2022-07-21,3.9645908540106634,3.985722870409922,3.9370268781480076,3.937945604324341,310492643
2022-07-22,3.951727551136486,3.9829664296477483,3.913137987469453,3.940701961517334,314768801
2022-07-25,3.9370271002011736,3.9397837170001826,3.907625670327575,3.924164056777954,251676078
2022-07-26,3.929676073567311,3.9691843603508223,3.926919895429017,3.950808525085449,376254537
2022-07-27,3.941621187861946,3.948052709603588,3.9214078964045798,3.928758144378662,257178619
2022-07-28,3.9434585802218685,3.9783728052098075,3.9278393582793267,3.931514263153076,369581028
2022-07-29,3.935189883058857,3.9554031756305386,3.8690367714161176,3.877305746078491,471265353
2022-08-01,3.8644424594492306,3.903032027720075,3.8414729894692816,3.89384388923645,298391483
2022-08-02,3.8681175197427686,3.8681175197427686,3.7964516220209985,3.8286092281341553,543973256
2022-08-03,3.8405539751506583,3.867199227302353,3.7771574819725413,3.787264347076416,376662823
2022-08-04,3.8028832645175816,3.824015719290516,3.787264043099319,3.815746307373047,261750872
2022-08-05,3.818502812257939,3.880980572330935,3.8157461956613075,3.8754677772521973,393385248
2022-08-08,3.859848916170585,3.8763868648342164,3.852498229970564,3.862605094909668,157282357
2022-08-09,3.8607672242262168,3.8763864449516436,3.849741634235022,3.8690361976623535,241824356
2022-08-10,3.8607676130724453,3.8736306566528644,3.8111524531149614,3.827690839767456,203763174
2022-08-11,3.843310398297133,3.9140575742285435,3.8368788766774187,3.9085447788238525,348050252
2022-08-12,3.906706550669152,3.9195695927969814,3.8938435085413223,3.9094631671905518,205589752
2022-08-15,3.8975190518589296,3.9379456325950044,3.8938437090126787,3.900275230407715,232822800
2022-08-16,3.9048697795481115,3.9250830724014123,3.8837377603989234,3.8910880088806152,168483356
2022-08-17,3.8920064663936906,3.9388650091646253,3.8690365581244435,3.928758144378662,281022766
2022-08-18,3.9232452188562834,3.9269205617788066,3.890168885011756,3.8947625160217285,199968110
2022-08-19,3.8910878174867896,3.9057883137270895,3.865361291894412,3.867199182510376,289441065
2022-08-22,3.8589291519950653,3.9030315098818535,3.855254247580832,3.8920059204101562,310932370
2022-08-23,3.8892496642574548,3.9048693238083367,3.8616861261394204,3.879143238067627,275877595
2022-08-24,3.8901691097211186,3.8938440147413713,3.8001273650063645,3.808396339416504,403161100
2022-08-25,3.815746340104848,3.846066495128401,3.789101527977757,3.841472864151001,332510691
2022-08-26,3.8396350546244395,3.859848783809483,3.8295286281464693,3.8359601497650146,226855432
2022-08-29,3.8047207765514974,3.8230966149352326,3.7900202810903276,3.812990188598633,234594502
2022-08-30,3.816664956609541,3.818502847062223,3.7725630336921903,3.804720640182495,232094792
2022-08-31,3.7891014190791457,3.8423914799163152,3.778994554990251,3.804720640182495,555279634
2022-09-01,3.7946140609303844,3.8157460763091233,3.765212634134934,3.773481607437134,320251600
2022-09-02,3.7762382471328637,3.7845072204858337,3.733973778001379,3.752349615097046,263737445
2022-09-05,3.7440801253275007,3.75143081050365,3.711922520611243,3.750511646270752,215865010
2022-09-06,3.762456372828284,3.781751375879195,3.743161807891926,3.7771573066711426,264101508
2022-09-07,3.7642942221128024,3.795533103778898,3.7615376053723697,3.7845075130462646,183572795
2022-09-08,3.788182860541999,3.7955331083343933,3.767050405259996,3.7679691314697266,171632183
2022-09-09,3.7734817560984903,3.8286092692188407,3.7725630299303305,3.821259021759033,392975947
2022-09-13,3.827690659451489,3.8543359097110566,3.8240157546670956,3.8341221809387207,327431190
2022-09-14,3.7982892409260973,3.817584243554772,3.7799134026105614,3.7918577194213867,429913863
2022-09-15,3.798289148341653,3.8102334648613323,3.7348926610384545,3.7578625679016113,588844446
2022-09-16,3.7459183109224625,3.755106010945042,3.6714960130355934,3.675171136856079,725780900
2022-09-19,3.6696584234016605,3.6889529881822827,3.6522013110436076,3.665064573287964,397790449
2022-09-20,3.6806838145667795,3.696303035540701,3.6567951819106397,3.6669018268585205,301514995
2022-09-21,3.6567951276624084,3.6659830463125247,3.6227998505627044,3.6393380165100098,363488622
2022-09-22,3.62463738779613,3.642094499357609,3.6016677001612103,3.6126930713653564,279846800
2022-09-23,3.6126933514480895,3.6301504643629734,3.575941673137144,3.6053431034088135,520249045
2022-09-26,3.583291849047048,3.636581690644549,3.5777790539369323,3.5823729038238525,756033583
2022-09-27,3.592480092814358,3.6356632933207007,3.575941705988131,3.628312826156616,519160341
2022-09-28,3.6154495370223128,3.618205934639578,3.57410401087787,3.576860189437866,530081606
2022-09-29,3.5979925844053438,3.617287368580329,3.558484508885318,3.5777792930603027,506083627
2022-09-30,3.5786980660289243,3.597073905159302,3.5511343073333577,3.5538907051086426,638378801
2022-10-10,3.5529719801178303,3.555728158836802,3.4702804849447912,3.4813060760498047,684109248
2022-10-11,3.4831433304325348,3.4950876470978973,3.4638487661533808,3.4785494804382324,491380691
2022-10-12,3.479468134762034,3.538270990686949,3.4169903741633934,3.5355145931243896,731512983
2022-10-13,3.506113390228872,3.534595874794001,3.4969254707829647,3.505194664001465,345140276
2022-10-14,3.539189588414996,3.604423963266047,3.5309203960274145,3.586048126220703,749629133
2022-10-17,3.578697739813206,3.5888043846964592,3.554809107309824,3.5851292610168457,388760090
2022-10-18,3.605342951213412,3.610855746538794,3.571347672116587,3.578697919845581,431134380
2022-10-19,3.5741041036943835,3.585129475392496,3.5226517119313687,3.524489164352417,288162283
2022-10-20,3.5097883733424466,3.5612407639861177,3.4831433423014384,3.5134634971618652,372305013
2022-10-21,3.5254079787713297,3.5272456502956326,3.476711983478751,3.4932503700256348,327572110
2022-10-24,3.490493835613845,3.5217327169030166,3.3866703273442726,3.4032084941864014,629793970
2022-10-25,3.3921827282564876,3.435366143168071,3.363700246089378,3.388507604598999,823516971
2022-10-26,3.3903455272467777,3.462011210580028,3.3894265819713487,3.414234161376953,686287021
2022-10-27,3.4353664445871215,3.4454730902962867,3.3894266281373473,3.390345573425293,512397050
2022-10-28,3.378401197714307,3.3839139931174302,3.303060171671926,3.3113293647766113,738137151
2022-10-31,3.2892780131688113,3.3223545648208272,3.2635519280268346,3.275496244430542,597656387
2022-11-01,3.2938722868614163,3.4041273198498976,3.289278217624924,3.402289867401123,1069157204
2022-11-02,3.3857513943660944,3.4610924192695793,3.379319872845431,3.4335286617279053,751646303
2022-11-03,3.415152770417501,3.428934758503295,3.3894264656764412,3.4059648513793945,488110710
2022-11-04,3.4041272302460177,3.538271113053118,3.4032085040458133,3.5226516723632812,1129245726
2022-11-07,3.5006004911001964,3.541946236911208,3.499681764899992,3.5226516723632812,534073373
2022-11-08,3.522651677641888,3.5309206515706637,3.479468260308486,3.5015194416046143,801257895
2022-11-09,3.5015193509105527,3.513463448393557,3.461092332286281,3.4647674560546875,520923983
2022-11-10,3.4454729557037354,3.460173670106527,3.4243407198229607,3.4454729557037354,506496368
2022-11-11,3.5300017979992706,3.5814541874049386,3.5006003700368136,3.5355145931243896,1376702267
2022-11-14,3.581454468942655,3.6007490343400494,3.5281644039537334,3.5373523235321045,850966866
2022-11-15,3.530001744519417,3.614530684337912,3.523570223323305,3.6062614917755127,767183469
2022-11-16,3.5998302956750035,3.6182061347683234,3.5750229348047493,3.5796167850494385,537797213
2022-11-17,3.5704287903182594,3.5704287903182594,3.5235704673341997,3.563997268676758,791622815
2022-11-18,3.5667536895730363,3.585129528398853,3.5456214530176196,3.5520529747009277,649194923
2022-11-21,3.5254079311010544,3.5254079311010544,3.482224731908023,3.521732807159424,518248908
2022-11-22,3.5162197340430428,3.556646751380294,3.4960064444316767,3.519895076751709,649025638
2022-11-23,3.5097884102740577,3.542864963111412,3.5042756149582863,3.5226516723632812,548791595
2022-11-24,3.5373521722053596,3.5538905581732902,3.5006004954641,3.506113290786743,482148926
2022-11-25,3.508869624528307,3.5410274506197386,3.4960065817146417,3.5254077911376953,549215773
2022-11-28,3.4656865943200095,3.490493954960046,3.427097244959242,3.484062433242798,626091449
2022-11-29,3.5042753660571533,3.598911167789146,3.5042753660571533,3.590641975402832,720706845
2022-11-30,3.5814542543723955,3.608099285270513,3.578697856758296,3.5933985710144043,459485800
2022-12-01,3.6567953681454317,3.684359344965739,3.6338254604809337,3.63474440574646,635412583
2022-12-02,3.633825226191161,3.6420944187040996,3.6117742652139184,3.613611936569214,1030421029
2022-12-05,3.6512826204910356,3.681602776332279,3.6356631794602854,3.678846597671509,876177074
2022-12-06,3.667820981947726,3.7211110453925342,3.6641456389770473,3.6999785900115967,765807260
2022-12-07,3.6935469919106185,3.7358114636827042,3.675171153666866,3.688952922821045,682075053
2022-12-08,3.6889528210625713,3.7054912064601058,3.6779272307975486,3.6972222328186035,509409492
2022-12-09,3.6963032196240713,3.7385676919579036,3.6825214502867154,3.728461265563965,647455186
2022-12-12,3.7165167991163606,3.7165167991163606,3.6861966449253045,3.6898715496063232,466857524
2022-12-13,3.691709302034,3.7008970015075633,3.6751709172441696,3.679764986038208,363674333
2022-12-14,3.6843592918460133,3.705491308674785,3.6705770845772925,3.688952922821045,621907353
2022-12-15,3.689871609387327,3.6981410212826558,3.6641455237452765,3.687115430831909,530751298
2022-12-16,3.6852780962457725,3.6990598656924125,3.667820983826571,3.690790891647339,908368692
2022-12-19,3.695384456445972,3.7054913208533433,3.6218811032293834,3.637500762939453,745196491
2022-12-20,3.624637656545257,3.6273940543149834,3.5584845481863923,3.5796167850494385,815565496
2022-12-21,3.584210656102997,3.5933985751414586,3.566753544212739,3.576860189437866,523055800
2022-12-22,3.5979924031765265,3.6237187077615944,3.5658347962667762,3.5842106342315674,687820977
2022-12-23,3.568591414088464,3.594317501203846,3.5575658230062825,3.5750229358673096,1084791027
2022-12-26,3.574103850401783,3.601667606279564,3.5722661790536936,3.58329176902771,651193684
2022-12-27,3.620043336388254,3.6319876521541667,3.6007485545047975,3.6264748573303223,582048797
2022-12-28,3.6191246517521494,3.624637446972858,3.5989113613525756,3.6145308017730713,649268983
2022-12-29,3.60074897526708,3.6136122377115933,3.579616738677788,3.6035053730010986,721271003
2022-12-30,3.617287297960523,3.6301503411212037,3.6145309002750525,3.618206024169922,630228576
2023-01-03,3.6172874539964153,3.639338417374101,3.5741042534900727,3.628312826156616,656310782
2023-01-04,3.6273941181209017,3.643013559719242,3.6117746765225616,3.632906913757324,980799721
2023-01-05,3.652201125773272,3.707328638684754,3.6494447282219715,3.7018158435821533,774502293
2023-01-06,3.7027352021656856,3.7321361934363635,3.6990598591995756,3.7165169715881348,541080825
2023-01-09,3.7348931016356053,3.754187667955563,3.7229487837068813,3.7394871711730957,780959941
2023-01-10,3.737648485361273,3.7596996639585045,3.732135690711965,3.7449991703033447,744262224
2023-01-11,3.7459178963924806,3.7716439793462566,3.738567211450409,3.7449991703033447,571511439
2023-01-12,3.75143081050365,3.762455962038863,3.737648604384249,3.750511646270752,325587208
2023-01-13,3.756944027111756,3.8111523790987887,3.756944027111756,3.8074774742126465,655908997
2023-01-16,3.8121436004095033,3.904530901673445,3.81027732512749,3.866269588470459,1716375927
2023-01-17,3.8662694257527574,3.874668109155298,3.8466722011555396,3.8625364303588867,601513127
2023-01-18,3.8690689896762476,3.8746682604922826,3.850404901951781,3.854137897491455,445690058
2023-01-19,3.8457383841682815,3.8821334183392295,3.828941018387003,3.8802671432495117,607432404
2023-01-20,3.894265262020071,3.913862486256307,3.8867997163567796,3.901731252670288,570082196
2023-01-30,3.975454388237913,3.981986796195959,3.9175954091958847,3.9241278171539307,801347080
2023-01-31,3.926927613547601,3.93532629650916,3.874667905712033,3.8812003135681152,1139222231
2023-02-01,3.885866429324978,3.9119960606350355,3.8569369403820373,3.9101297855377197,715651962
2023-02-02,3.9213284119823126,3.9241278246896005,3.8849333768660577,3.9007976055145264,1001852833
2023-02-03,3.876534318656147,3.8793341764008296,3.827074466707054,3.8606700897216797,960052104
2023-02-06,3.8289414199430425,3.8298745575857636,3.786947111111925,3.8074774742126465,731459703
2023-02-07,3.8130766587624834,3.827074613060418,3.798145566842946,3.81680965423584,553988104
2023-02-08,3.8186757541022414,3.834540427901724,3.793479259528358,3.8009448051452637,462871301
2023-02-09,3.7953456484134995,3.8550709051122602,3.7916130979866627,3.8513379096984863,595888582
2023-02-10,3.8522711207884077,3.8522711207884077,3.8130766706373524,3.8289413452148438,520522436
2023-02-13,3.8168094435220956,3.8644025745049984,3.810277035544563,3.8588037490844727,828010137
2023-02-14,3.8644026626094674,3.87000193314457,3.8438723006387105,3.8672025203704834,332632366
2023-02-15,3.8644028118396077,3.8765344909696595,3.8336070452007798,3.8410730361938477,645506758
2023-02-16,3.84480567218496,3.8895998391914883,3.7906796837100427,3.81400990486145,792510051
2023-02-17,3.8121435932966694,3.827074685498821,3.756151330058173,3.7598838806152344,743394922
2023-02-20,3.7645499043301043,3.8606701981706224,3.7589506336703793,3.85787034034729,1049525486
2023-02-21,3.857870297363282,3.87280183395183,3.8392062103677986,3.8625364303588867,560902494
2023-02-22,3.847605508901623,3.8578704679615567,3.8186760170339094,3.8252084255218506,452945439
2023-02-23,3.8289414210807973,3.849471784187619,3.8084106129870214,3.8252084255218506,465559533
2023-02-24,3.824275252613483,3.824275252613483,3.7701492649361232,3.788813352584839,808776154
2023-02-27,3.770149187905049,3.7916131330053466,3.7589506465472367,3.774815320968628,456957503
2023-02-28,3.7860138862555934,3.8037448360197064,3.751485124348592,3.7990787029266357,484545431
2023-03-01,3.7953458616384896,3.8597372549752835,3.788813453037593,3.8448057174682617,1180480952
2023-03-02,3.835473700979519,3.8578703386214603,3.8326738431574388,3.840139389038086,439132860
2023-03-03,3.850404673908505,3.8597369397115036,3.820542046320606,3.848538398742676,420175727
2023-03-06,3.849471784187619,3.8513380594736155,3.8074774753440233,3.8252084255218506,929302452
2023-03-07,3.8214754265242687,3.842939372241729,3.769216158667763,3.7720155715942383,674649418
2023-03-08,3.760817365106029,3.7654830531806085,3.742153277846887,3.757084369659424,431315362
2023-03-09,3.762683726778741,3.7664162773241556,3.725355551402891,3.7477521896362305,407936491
2023-03-10,3.7234889075985067,3.7365539464624136,3.694559639564894,3.6964259147644043,498112925
2023-03-13,3.6964259084850024,3.740286490507523,3.6964259084850024,3.7374870777130127,467452924
2023-03-14,3.7328207134226665,3.7328207134226665,3.681494366314938,3.7141566276550293,463541570
2023-03-15,3.73842043072376,3.7477522522301046,3.7122905740281658,3.713223934173584,393301056
2023-03-16,3.6954929267487833,3.713223876822637,3.667496795181714,3.6702964305877686,433143817
2023-03-17,3.6954927546669776,3.736553923714767,3.6721625348673945,3.6898934841156006,1123501196
2023-03-20,3.689893607058536,3.7104241922664856,3.6637639736061205,3.669363021850586,570954757
2023-03-21,3.679628370066968,3.713223771493178,3.6777618723513847,3.7094907760620117,556743661
2023-03-22,3.7188225508048993,3.741219409305394,3.713223503049866,3.726288318634033,581756157
2023-03-23,3.714156881959447,3.7626835972752577,3.712290384257505,3.7617504596710205,534472929
2023-03-24,3.7542845118277355,3.7645499155656923,3.745885828306551,3.757084369659424,254895254
2023-03-27,3.7561511646372114,3.7561511646372114,3.7178896306971776,3.7374870777130127,491254674
2023-03-28,3.7384203829862415,3.7496189246404223,3.723489068278492,3.7300214767456055,507206125
2023-03-29,3.7496189246404223,3.7505520622804456,3.724422205918515,3.7300214767456055,616336308
2023-03-30,3.7309543223106205,3.771082130105425,3.715089871204785,3.770148992538452,557206977
2023-03-31,3.7748150398455693,3.7916128506312994,3.7692157695836594,3.7794811725616455,671162479
2023-04-03,3.7794815649832043,3.817742878256484,3.774815431782646,3.8074774742126465,551339698
2023-04-04,3.8074775078602356,3.8280083161293468,3.80001196166554,3.826141595840454,480308724
2023-04-06,3.812143423968023,3.8196089697374926,3.8009448828203527,3.8149428367614746,378286841
2023-04-07,3.814942990152933,3.8532047481103935,3.8130767148822593,3.842006206512451,329585683
2023-04-10,3.85227108788709,3.853204670490571,3.8242751794431413,3.8280081748962402,474361579
2023-04-11,3.8308074349595085,3.8373398430016903,3.8056109403701046,3.8186757564544678,535954987
2023-04-12,3.8196089697374926,3.8242751027135107,3.807477290992005,3.8149428367614746,335833687
2023-04-13,3.806544193656094,3.8121434642891527,3.7860138313261698,3.7916131019592285,402190738
2023-04-14,3.802811027421281,3.820541976131694,3.7990784771581945,3.8112101554870605,456032644
2023-04-17,3.808410199729973,3.8700017273539915,3.8074770621882315,3.868135452270508,632547999
2023-04-18,3.8672025755136112,3.88493352496311,3.859737029689332,3.8746681213378906,416054295
2023-04-19,3.876534589876628,3.876534589876628,3.8401395515578796,3.843872547149658,408573024
2023-04-20,3.842939299556371,3.846672295041353,3.8168096661223343,3.8289413452148438,607308636
2023-04-21,3.82894122872542,3.83174064151378,3.755218018788766,3.760817289352417,683648627
2023-04-24,3.7598839316792234,3.7626837896219976,3.69829261927517,3.713223934173584,594093664
2023-04-25,3.7141568312364592,3.7216223769553367,3.661897343723923,3.695492744445801,966426771
2023-04-26,3.693626381525499,3.704824923005841,3.6712295210582875,3.68709397315979,903465326
2023-04-27,3.6842939916250166,3.732820703489118,3.6768284463352097,3.7197558879852295,467769671
2023-04-28,3.7300213439094447,3.7608173323617144,3.7244220732817594,3.7561511993408203,451806234
2023-05-04,3.7449526580854497,3.7580174745544035,3.7290882063026536,3.7561511993408203,337861124
2023-05-05,3.7570841942425255,3.768282735072543,3.7225556566745857,3.7412195205688477,337949905
2023-05-08,3.747752192127918,3.7925463585982815,3.7430865039430485,3.7832140922546387,684815156
2023-05-09,3.787880354097877,3.812143713431215,3.750552177429199,3.750552177429199,566890688
2023-05-10,3.748685682784067,3.7505519580122293,3.714156921141427,3.7216224670410156,916593316
2023-05-11,3.73095433053872,3.740286373709407,3.714156741828867,3.716956377029419,321615029
2023-05-12,3.716023463004424,3.7290882797306315,3.6674967466002553,3.669363021850586,518774522
2023-05-15,3.671229498006947,3.7290882578029696,3.6609643167100696,3.7281548976898193,810757396
2023-05-16,3.727221840139373,3.7328211109646716,3.69735921073343,3.7122905254364014,406820310
2023-05-17,3.7057580606313785,3.7160234644861827,3.677761929423996,3.68709397315979,640580508
2023-05-18,3.69362634876622,3.7122904360722737,3.6684298531523942,3.6861608028411865,700600219
2023-05-19,3.6768287695379622,3.701092127602825,3.6600309574191474,3.6805615425109863,341712585
2023-05-22,3.679628201823249,3.718822649617181,3.667496523460329,3.699225425720215,500375723
2023-05-23,3.702025069324033,3.705757842099531,3.645099450147212,3.6460328102111816,611757337
2023-05-24,3.641366834622435,3.642300194726711,3.594706616680059,3.5965731143951416,767277616
2023-05-25,3.5909737399355093,3.6003057832542136,3.5573783394894805,3.5881741046905518,491856745
2023-05-26,3.5863077863018593,3.6031055986112945,3.5583116549462748,3.5928401947021484,446203660
2023-05-29,3.600306092576349,3.611504412024826,3.5639110537584644,3.577909231185913,403013549
2023-05-30,3.570443133132502,3.590040357230221,3.5368477328982246,3.581641674041748,572097944
2023-05-31,3.5723097079778383,3.5723097079778383,3.5321818988438443,3.548046350479126,733875712
2023-06-01,3.5452467702275166,3.583508082265781,3.5405806371775737,3.555511951446533,674975697
2023-06-02,3.5741761188397834,3.6143039294969164,3.5741761188397834,3.6049718856811523,692978097
2023-06-05,3.5993726456703823,3.6031054184991715,3.578842061371847,3.5881741046905518,361154926
2023-06-06,3.589107046065828,3.615236899425817,3.5499123772725696,3.553645372390747,411569703
2023-06-07,3.564843950022719,3.571376358215347,3.530315411364483,3.542447090148926,372176673
2023-06-08,3.5424471041583336,3.5863076864785626,3.530315425325913,3.572309732437134,383488893
2023-06-09,3.573242995763117,3.5900405857025333,3.5667105873148177,3.5872411727905273,527068856
2023-06-12,3.5835078477537228,3.6115039767408468,3.569509894506888,3.5909736156463623,459659336
2023-06-13,3.583507986315424,3.62083638223507,3.580708351059114,3.6180367469787598,350388028
2023-06-14,3.6199030221539905,3.6432332417920863,3.6161702493100654,3.6180367469787598,444113622
2023-06-15,3.626435475507718,3.6796283235479263,3.6208364274186926,3.6786949634552,508430549
2023-06-16,3.6852275796806335,3.7216226180279897,3.6852275796806335,3.713223934173584,602148804
2023-06-19,3.713223747187145,3.713223747187145,3.6805614835857927,3.685227394104004,400307379
2023-06-20,3.6777618258559404,3.6945596376034167,3.6730959153661744,3.6786949634552,353892342
2023-06-21,3.6721626478036575,3.675895420788221,3.6255024292629354,3.627368927001953,489353700
2023-06-26,3.6077712470299925,3.611504019774063,3.5751092074025546,3.5863075256347656,640495600
2023-06-27,3.585374650031118,3.6199031898000866,3.5788422416283514,3.6105711460113525,397102074
2023-06-28,3.604971708284825,3.618969884566375,3.580708351059114,3.6180367469787598,462745613
2023-06-29,3.6180367776685056,3.6199030528595673,3.590040424867928,3.601238965988159,300262647
2023-06-30,3.6003059763231113,3.6395006493608966,3.595639843166803,3.6227028369903564,529918250
2023-07-03,3.6301686301421037,3.6758954894203404,3.6283021323682365,3.6646971702575684,473909707
2023-07-04,3.6628304567403083,3.673095860151722,3.657231186241985,3.671229362487793,252121289
2023-07-05,3.6656300341526418,3.6712293045626185,3.6404335398012044,3.6460328102111816,271215241
2023-07-06,3.6395005347645353,3.658164621815146,3.615237177100048,3.619903087615967,346743884
2023-07-07,3.6161701451863117,3.6245690507134043,3.6012388317470774,3.60963773727417,302277670
2023-07-10,3.6264354528144045,3.648832535004218,3.613370636532657,3.6245691776275635,428486811
2023-07-11,3.636700880815516,3.6534984700775723,3.6273688373380475,3.6488325595855713,587438934
2023-07-12,3.6525653305123407,3.658164601094502,3.6217695648039205,3.631101608276367,389410768
2023-07-13,3.6488325375612765,3.692693119391289,3.6488325375612765,3.6898934841156006,572286552
2023-07-14,3.6954929120292936,3.6992256850580065,3.6861608682107745,3.6880271434783936,363262103
2023-07-17,3.6824280057828855,3.6824280057828855,3.6469661066373438,3.6618974208831787,448612566
2023-07-18,3.66283056883645,3.669362977119922,3.644166481599825,3.6562981605529785,266670716
2023-07-19,3.648832533445596,3.661897349721763,3.634834357082942,3.6544315814971924,501240659
2023-07-20,3.660964361840129,3.67869508929995,3.6217696889153372,3.6283020973205566,871507069
2023-07-21,3.628301940282711,3.6553649328569215,3.6161702616285285,3.6301684379577637,727250149
2023-07-24,3.6115041919708624,3.636700909804999,3.605905143834523,3.6143038272857666,454981986
2023-07-25,3.6581647817652287,3.7197563162239735,3.6581647817652287,3.718822956085205,1140982393
2023-07-26,3.714156719127383,3.716023216747496,3.6964257704634136,3.7104239463806152,588038574
2023-07-27,3.7188229444308725,3.730954623755544,3.695492945917373,3.706691265106201,602465765
2023-07-28,3.6889603275880942,3.8028111232455912,3.6889603275880942,3.796278715133667,1496488403
2023-07-31,3.8261412465132416,3.864402556631383,3.8018778898555095,3.8112101554870605,1790634998
2023-08-01,3.8074774297344187,3.8308076504777175,3.7841472089911203,3.794412612915039,1135981581
2023-08-02,3.787880082199209,3.807477306795507,3.757084316408759,3.7673497200012207,789439831
2023-08-03,3.7617503569163167,3.802811080302759,3.7617503569163167,3.8009448051452637,737931112
2023-08-04,3.8401393215540875,3.85600399563524,3.807477280783399,3.820542097091675,1422357458
2023-08-07,3.8037447808330334,3.8037447808330334,3.7785478404907997,3.7916131019592285,1281422408
2023-08-08,3.7776148319244385,3.8028113281404337,3.765483152636222,3.7776148319244385,1116579062
2023-08-09,3.768282717404506,3.784146946016883,3.764549722149696,3.770148992538452,1332507901
2023-08-10,3.768282912674394,3.7794814540322066,3.7458858299587687,3.774815320968628,938250908
2023-08-11,3.774815328791678,3.7776147416434624,3.684294305113193,3.6861608028411865,1288559813
2023-08-14,3.6572310169908957,3.669362695011339,3.6245689780846657,3.660964012145996,1038600330
2023-08-15,3.6646968604237964,3.672162405901133,3.6217694176954693,3.657231092453003,816519410
2023-08-16,3.6413667077121277,3.66003079423859,3.627368754064012,3.629235029220581,855849476
2023-08-17,3.6124374527323986,3.6478991282569027,3.597506138961332,3.641366720199585,1156118339
2023-08-18,3.643233249898756,3.652565293276066,3.5937733977496635,3.5947065353393555,1275546546
2023-08-21,3.586307820753085,3.596573224760844,3.543380374430119,3.546180009841919,1100924357
2023-08-22,3.562977731853316,3.5844414544698626,3.520050286620222,3.567643642425537,1331528873
2023-08-23,3.555511799605628,3.5657772028797226,3.5079184459934587,3.516317129135132,1082419722
2023-08-24,3.522849670956711,3.5648437530884918,3.520050035815465,3.53778076171875,952654779
2023-08-25,3.5237830236516947,3.5545787895921914,3.5163172553213955,3.5312485694885254,1174535468
2023-08-28,3.7430864655382794,3.7430864655382794,3.555512007835562,3.5807085037231445,2822011765
2023-08-29,3.5648439298408743,3.6283019586997405,3.562977654649813,3.601238965988159,2194052531
2023-08-30,3.6059050661787793,3.6245691528805497,3.592840027492769,3.6003057956695557,1036132286
2023-08-31,3.6003057934642118,3.6068382015564837,3.5741759386016607,3.5825748443603516,838468826
2023-09-01,3.599372566633805,3.6208362880448623,3.5928399362100416,3.6040384769439697,792692488
2023-09-04,3.630168608131368,3.6674967834345638,3.615237293511395,3.6581647396087646,1185523274
2023-09-05,3.6488326233466157,3.650698898578641,3.6255024029985305,3.632967948913574,629770096
2023-09-06,3.620836356147704,3.632967812179691,3.6077713175479,3.623635768890381,715176127
2023-09-07,3.6161703809543018,3.6171035185758873,3.570443300094526,3.574176073074341,941034963
2023-09-08,3.5601780517389536,3.572309730565017,3.5424471023018667,3.5545787811279297,818635834
2023-09-11,3.555512007835562,3.6031055867285278,3.5489795994568163,3.5807085037231445,816650788
2023-09-12,3.577908911366194,3.589107229813683,3.5695100056604803,3.576042413711548,594936910
2023-09-13,3.5751095239249873,3.5853747055033733,3.5340483526244872,3.5527124404907227,1032133123
2023-09-14,3.5517789502965003,3.5629774909020675,3.5321817267302134,3.549912452697754,928283035
2023-09-15,3.5564454020832152,3.562977810524644,3.5172507289411654,3.534048318862915,1190622112
2023-09-18,3.5256496468133536,3.556445413849678,3.5125846073937943,3.546180009841919,985926393
2023-09-19,3.542447057422515,3.5443135551003655,3.5200501977556327,3.5415139198303223,727006269
2023-09-20,3.5321819071225367,3.5396474529118844,3.5247161388397217,3.5247161388397217,634135498
2023-09-21,3.517250720080167,3.530315536930111,3.4911208638868043,3.4920542240142822,899197017
2023-09-22,3.486454895156621,3.56297774220727,3.485521535044688,3.562044382095337,1247116554
2023-09-25,3.5517793505688156,3.554578986035716,3.529382489327094,3.535914897918701,700905651
2023-09-26,3.5331149404053988,3.543380121186033,3.5144508539896315,3.516317129135132,862908481
2023-09-27,3.5153841438580855,3.550846043080423,3.5144510062449092,3.5256495475769043,1078053958
2023-09-28,3.5321818948532497,3.5377809429290785,3.505118902097302,3.5125844478607178,1120612353
2023-10-09,3.506052141622142,3.516317322968634,3.4649911937427014,3.5032525062561035,875213072
2023-10-10,3.5144509906535446,3.525649531935859,3.475256318658914,3.478055953979492,927932376
2023-10-11,3.494853598665217,3.5107182732304816,3.4780560089696344,3.4855215549468994,893498708
2023-10-12,3.5181837409064998,3.5321819174191664,3.501386151584767,3.5191168785095215,933521569
2023-10-13,3.499519780573226,3.5004529182100286,3.4752564220685445,3.486454963684082,1135095339
2023-10-16,3.4864545385399555,3.4883208135859847,3.4360613299085436,3.446326732635498,1138980584
2023-10-17,3.4528593429135594,3.464991021398487,3.440727664428632,3.4575252532958984,888060300
2023-10-18,3.451925891831224,3.455658887030828,3.4295290331008816,3.4313955307006836,810270594
2023-10-19,3.415531277368233,3.415531277368233,3.354872883034667,3.3595387935638428,1690368777
2023-10-20,3.3436743886120337,3.3595388406230047,3.3268767989808503,3.3427412509918213,1740446164
2023-10-23,3.329676431185099,3.3315427064237584,3.277416942113618,3.307279348373413,2710241709
2023-10-24,3.315677972619963,3.3250100155005216,3.284882208864776,3.3119451999664307,1535012975
2023-10-25,3.348340509694108,3.362338463920991,3.3287430622856133,3.3306095600128174,1383351568
2023-10-26,3.3175447552983104,3.346474023966143,3.31101234696988,3.3427412509918213,1143609497
2023-10-27,3.335275359433096,3.4052657957152914,3.326876676174265,3.393134117126465,1647662397
2023-10-30,3.380069662886453,3.4183312004149395,3.3782031650215925,3.4080657958984375,961401373
2023-10-31,3.4015330941177613,3.4061992271312476,3.3800693717413535,3.400599956512451,839660029
2023-11-01,3.434195275531252,3.434195275531252,3.389401334146531,3.398733377456665,811983400
2023-11-02,3.4043327275679327,3.4239299522295497,3.3819358675984468,3.382869005203247,1075381583
2023-11-03,3.3884681438382427,3.4229966812991206,3.387535006269788,3.408998727798462,1057822683
2023-11-06,3.4295292144086176,3.457525344924971,3.428596076806113,3.4537925720214844,1176649562
2023-11-07,3.445393735340772,3.4537926414124627,3.4304626434268397,3.4435274600982666,657529091
2023-11-08,3.436995105286558,3.4491267845256575,3.413664884444144,3.4332621097564697,1135321220
2023-11-09,3.4257964396100027,3.4481932995120026,3.423929941912558,3.4360616207122803,818569445
2023-11-10,3.422996986298968,3.422996986298968,3.3996667650611285,3.410865306854248,784176792
2023-11-13,3.414597900252009,3.421130308456384,3.3875351298320178,3.4061992168426514,674463335
2023-11-14,3.4099319897460845,3.424863303853285,3.3922010403379423,3.4061992168426514,753317217
2023-11-15,3.434195561772778,3.444460743521493,3.418331109072588,3.4295294284820557,994063130
2023-11-16,3.424863357566474,3.4276629929113236,3.3940675912666025,3.3959338665008545,881556665
2023-11-17,3.3875352418809355,3.3950007879347384,3.370737429519666,3.391268014907837,1198450872
2023-11-20,3.3940675809298404,3.4127316681763467,3.368870862902934,3.4015331268310547,858430360
2023-11-21,3.410865127348576,3.4397946179604855,3.3968671733373346,3.4061992168426514,931605485
2023-11-22,3.397800514517545,3.402466425303026,3.368871022172338,3.3698043823242188,762202706
2023-11-23,3.3679376483085175,3.3894013704007553,3.3548728320332764,3.3875350952148438,774971808
2023-11-24,3.383802347843092,3.3847357079979155,3.357672713377661,3.3642051219940186,743453294
2023-11-27,3.363271803182392,3.363271803182392,3.3194109980594915,3.3418080806732178,776295648
2023-11-28,3.336208718612088,3.3502066723686723,3.32780981286206,3.345540761947632,727483741
2023-11-29,3.346473841560501,3.349273476762011,3.3082125312956308,3.3203442096710205,759056998
2023-11-30,3.3166111231157527,3.3334089338624464,3.3100787153231894,3.3240768909454346,667810076
2023-12-01,3.32314394681395,3.328742994895268,3.2839492752839265,3.3110122680664062,860468131
2023-12-04,3.3138121848913973,3.316611597923158,3.287682327486931,3.2886154651641846,692522952
2023-12-05,3.2839492214511696,3.2839492214511696,3.226090463949304,3.2270236015319824,1008789571
2023-12-06,3.2232907859305477,3.250353777910231,3.213958742747222,3.231689691543579,1001944865
2023-12-07,3.229823328508781,3.2363557367599944,3.201827197792096,3.2232909202575684,934505826
2023-12-08,3.2242240802255124,3.2410218922680913,3.2195581696537765,3.229823350906372,709198592
2023-12-11,3.2102260694293285,3.2634186949729136,3.1868958495014845,3.2522201538085938,998247834
2023-12-12,3.2438215411946794,3.261552268433703,3.2410219058425236,3.25968599319458,640724215
2023-12-13,3.2494207739576875,3.2531535468858195,3.202760333628898,3.2055599689483643,708815211
2023-12-14,3.2204913964763424,3.2335562134312608,3.185962856312569,3.19062876701355,741533123
2023-12-15,3.2008939090792903,3.223290768096663,3.177563690003327,3.184096097946167,899976785
2023-12-18,3.1710314750671387,3.190628700088454,3.154233885405079,3.1710314750671387,847303752
2023-12-19,3.170098180483709,3.1859626317383425,3.154233729229076,3.1728978157043457,1098536629
2023-12-20,3.176630847393723,3.1812967581460785,3.1402358090527405,3.1439685821533203,1034717610
2023-12-21,3.130903509888258,3.183162996517706,3.1281038746676213,3.1728978157043457,1592448074
2023-12-22,3.1700983923049098,3.200894159296178,3.1561002152663895,3.178497076034546,2076526541
2023-12-25,3.1775638038544987,3.191561980300319,3.173831030966769,3.1868958473205566,1004146545
2023-12-26,3.185029537243778,3.185029537243778,3.1588996823288875,3.168231725692749,777169320
2023-12-27,3.1691649995792113,3.1831631764737636,3.1523674097992225,3.1775639057159424,836172465
2023-12-28,3.1738311917622326,3.264351995719693,3.1728980541163914,3.255953311920166,2383299192
2023-12-29,3.2550198497683334,3.270884524211302,3.2494208015752823,3.2652852535247803,2518873484
2024-01-02,3.2680848297267593,3.2680848297267593,3.220491252246078,3.222357749938965,942930578
2024-01-03,3.2158254437157137,3.2288902604997576,3.1990276314275365,3.2130258083343506,1061750273
2024-01-04,3.2120922764334554,3.2120922764334554,3.1607661496714243,3.1850295066833496,1666152481
2024-01-05,3.1766306642756246,3.2092927051397324,3.1514341691823224,3.1691648960113525,1699669666
2024-01-08,3.1626323948503665,3.1756974333053356,3.12250458690183,3.1253042221069336,1730424386
2024-01-09,3.1271707909552036,3.145834877751949,3.11597224987977,3.13277006149292,1131217813
2024-01-10,3.1262375431729192,3.1551670344925267,3.109439953449819,3.1178388595581055,958254057
2024-01-11,3.1178386081116742,3.154233642485602,3.1113062002743215,3.1355693340301514,1266237158
2024-01-12,3.127170719741489,3.1514340765234126,3.12250458690183,3.1253042221069336,841327273
2024-01-15,3.1253042221069336,3.1253042221069336,3.1253042221069336,3.1253042221069336,0
2024-01-16,3.1169052864941,3.1430351406591015,3.103840470658328,3.142102003097534,1768952352
2024-01-17,3.1327699987185857,3.1327699987185857,3.070245108958241,3.0721116065979004,1286215182
2024-01-18,3.067345629890067,3.121677263161951,3.017780025048381,3.115004777908325,4754351134
2024-01-19,3.0968945951849154,3.1312092286990927,3.0902223368983743,3.1216773986816406,3694452124
2024-01-22,3.112145591989329,3.121677422078221,3.0435163244466072,3.055907726287842,4647056467
2024-01-23,3.0492349824815395,3.094987899387859,3.0368438089463603,3.0768773555755615,1392480372
2024-01-24,3.0873626317577862,3.126443064963587,3.038750141689675,3.1254899501800537,2278936853
2024-01-25,3.1169112866775373,3.183634095015087,3.1083325717142567,3.178868293762207,1648701409
2024-01-26,3.172196232446943,3.1931661228713146,3.156945258429461,3.173149347305298,2183305124
2024-01-29,3.175055607490909,3.188400123707836,3.1436005465471544,3.1445536613464355,1011393030
2024-01-30,3.1273964205704843,3.1436007366788217,3.089269099212245,3.0911755561828613,1889262338
2024-01-31,3.0816435810793474,3.096894554357563,3.047328948017551,3.0711584091186523,1909099700
2024-02-01,3.05018841687757,3.0959411079129717,3.040656587307133,3.06734561920166,1890997581
2024-02-02,3.0673456607601195,3.0806904041449297,2.956776390793632,3.038750171661377,2538694215
2024-02-05,3.0101547335230094,3.0825966859175784,2.96535515590222,3.057813882827759,2660178739
2024-02-06,3.035890700211215,3.1588513755705745,3.033031128481299,3.155992031097412,2008918168
2024-02-07,3.155038553921884,3.1855404995637646,3.1331153231024222,3.183634042739868,3465814670
2024-02-08,3.195072319288231,3.2084168352440035,3.176961774915829,3.204604148864746,2394261979
2024-02-19,3.2160423735054247,3.233199575511005,3.197931829480778,3.230340003967285,1486187642
2024-02-20,3.2246209440136075,3.2455910601226035,3.2141359995874823,3.2417783737182617,980166818
2024-02-21,3.2293870435639978,3.3323309422882357,3.2236679002031927,3.2875311374664307,1600958050
2024-02-22,3.2856247635868163,3.314220251878532,3.279905620477125,3.3123137950897217,944635129
2024-02-23,3.3123140541675333,3.3332841714576977,3.30182910915083,3.315173625946045,1090877384
2024-02-26,3.3132672519462765,3.318986395254186,3.276093047701612,3.2818121910095215,1117236848
2024-02-27,3.274186774200408,3.32279926778318,3.2722805444955214,3.320892810821533,1046884914
2024-02-28,3.3237521436405757,3.34948806086008,3.2846717104193637,3.2865779399871826,2854997884
2024-02-29,3.2789525373719752,3.3428157724477834,3.2760929657895184,3.339003086090088,1483585030
2024-03-01,3.3370968043683207,3.374271009633916,3.3313776609033443,3.364739179611206,1225639313
2024-03-04,3.360926472354087,3.371411417137467,3.3437690420648267,3.361879587173462,1014654993
2024-03-05,3.350441404000458,3.3990536668469513,3.34376891874067,3.389521837234497,2799101870
2024-03-06,3.3847562647700924,3.404773040131789,3.37236486271092,3.3761775493621826,1299527425
2024-03-07,3.37522399976077,3.393334544311847,3.3504414244227245,3.3580667972564697,1058948004
2024-03-08,3.3599731610078805,3.374270791489235,3.3399561601745495,3.367598533630371,862187698
2024-03-11,3.365692160325868,3.416211107415664,3.364739045538601,3.413351535797119,1120761515
2024-03-12,3.415257951419038,3.4305089251298315,3.4009603198041902,3.4181175231933594,1105839572
2024-03-13,3.4171642741231847,3.4171642741231847,3.388568784760002,3.3981006145477295,685870558
2024-03-14,3.393334658827164,3.4190705770805,3.3695051974749743,3.385709285736084,701881148
2024-03-15,3.3761772804090153,3.399053625750972,3.357113621414594,3.3942878246307373,849023790
2024-03-18,3.39428786602558,3.4247895844345906,3.39428786602558,3.4238364696502686,787332932
2024-03-19,3.4181174928709552,3.431462009528235,3.3981007178850353,3.4019134044647217,654875208
2024-03-20,3.3942878142460557,3.4143045879519347,3.391428242679967,3.4047727584838867,537962049
2024-03-21,3.412398193166654,3.4257429364698178,3.398100562333131,3.4028663635253906,619733207
2024-03-22,3.4000067502718725,3.4009600923040457,3.347581801515277,3.3733177185058594,1450637754
2024-03-25,3.364739273526062,3.3885689628763362,3.3523478714250015,3.3552074432373047,630542664
2024-03-26,3.355207431985012,3.372364862801291,3.347582058682283,3.365692377090454,879103283
2024-03-27,3.3609264107464907,3.3666455540714093,3.328518234914283,3.3294713497161865,874647452
2024-03-28,3.327564923501373,3.3780836445755003,3.3180330936243068,3.345675468444824,1031925094
2024-03-29,3.3428158450309957,3.3647390761346947,3.3418627302350625,3.360926389694214,319229143
2024-04-01,3.374270895745108,3.425742957935854,3.373317780952033,3.4162111282348633,1093262535
2024-04-02,3.4152577027217177,3.419070389057589,3.3942878142460557,3.4047727584838867,583191382
2024-04-03,3.4028665303879166,3.404772987312352,3.3818966405029074,3.3914284706115723,598346410
2024-04-08,3.3838027565107764,3.389521899835224,3.3590199536093355,3.363785982131958,709948668
2024-04-09,3.3618794836733428,3.3685517417170563,3.3475818527958836,3.3580667972564697,534537135
2024-04-10,3.3590200581373106,3.3590200581373106,3.317080051214161,3.3332841396331787,681671142
2024-04-11,3.318033145436079,3.348535092421686,3.3123140019691832,3.3304245471954346,539115871
2024-04-12,3.3304245276266697,3.340909699673288,3.295156779463711,3.3037354946136475,740512912
2024-04-15,3.3037353402510483,3.3790368616719313,3.3018288834434437,3.3733177185058594,1099953730
2024-04-16,3.3590199639718388,3.3695051358512553,3.3275649028470866,3.34281587600708,913229847
2024-04-17,3.3428160187295948,3.390475169853927,3.327565044918457,3.386662483215332,996466434
2024-04-18,3.37808380895112,3.4257431879122806,3.37522423712318,3.3923816680908203,930219267
2024-04-19,3.3790371212553687,3.387615609406749,3.35330097503095,3.365692377090454,644275741
2024-04-22,3.364739138130188,3.385709254824329,3.3533008513412472,3.3590199947357178,725182362
2024-04-23,3.3590199957333775,3.3647391391295463,3.3294713911955056,3.335190534591675,942847430
2024-04-24,3.340909687836365,3.3523477474056698,3.3256587144872074,3.3485350608825684,594231908
2024-04-25,3.339003137915361,3.371411313343897,3.33137753782487,3.3580667972564697,664755214
2024-04-26,3.359019922258401,3.4133515560768086,3.359019922258401,3.4057259559631348,1374313959
2024-04-29,3.409538765387418,3.4676830877317895,3.4047729639941027,3.4467129707336426,1530322426
2024-04-30,3.4457597423397743,3.4543384572731064,3.4276491976772117,3.429555654525757,823109014
2024-05-06,3.4695894403296736,3.492465786294666,3.4648234118228953,3.477214813232422,1309061067
2024-05-07,3.474355417860901,3.48484036294835,3.4667300445712583,3.479121446609497,686018359
2024-05-08,3.4724488476206328,3.4734021896933043,3.448619386425371,3.451478958129883,638775858
2024-05-09,3.4505255223820157,3.4905592979015863,3.449572407591971,3.484840154647827,650202324
2024-05-10,3.4915128167299296,3.498185075111562,3.4610108693366746,3.4867467880249023,865095400
2024-05-13,3.4667299923157002,3.4943721405165626,3.4495725617874866,3.483887195587158,741159442
2024-05-14,3.4838871541530563,3.4981850127565224,3.4676830659069635,3.47816801071167,587666800
2024-05-15,3.4762619278196603,3.48007461452262,3.447666436662321,3.453385353088379,855946284
2024-05-16,3.4600576830708887,3.4800744578025715,3.451478967932988,3.4648234844207764,1051197527
2024-05-17,3.464823442800741,3.5067634486543224,3.453385156087605,3.503904104232788,932046931
2024-05-20,3.5096229887942196,3.526780418709742,3.498184929440619,3.5115294456481934,936535896
2024-05-21,3.506763333842512,3.5105762474598885,3.488653016815314,3.500091075897217,496983882
2024-05-22,3.4981850640266865,3.516295382180835,3.4915128056661966,3.5077168941497803,676684556
2024-05-23,3.499138085825271,3.501997657511843,3.4610107663466434,3.4724488258361816,698806053
2024-05-24,3.4619639344922675,3.4791213648760304,3.4295557578874973,3.433368444442749,841274200
2024-05-27,3.436227973980151,3.4638703488656257,3.4324152874717146,3.4619638919830322,669622487
2024-05-28,3.4610107046208576,3.462916934206742,3.433368330314819,3.4400405883789062,531753198
2024-05-29,3.4390875562264633,3.462917017419858,3.432415298002043,3.4409937858581543,615245082
2024-05-30,3.434321517772523,3.455291634458168,3.42002388654889,3.4276492595672607,777925303
2024-05-31,3.4333683930238776,3.446712909395785,3.412398276398916,3.414304733276367,723218340
2024-06-03,3.412398224170197,3.430508768830165,3.398100593206773,3.4190704822540283,707511590
2024-06-04,3.417164499834128,3.454338706638725,3.4114453561323805,3.4429004192352295,681737902
2024-06-05,3.4438533684962134,3.452432083636312,3.4286023951105102,3.430508852005005,583939433
2024-06-06,3.437181110250609,3.46005768395754,3.417164335513797,3.430508852005005,1026699323
2024-06-07,3.4333683512222595,3.440993724125724,3.3885687740867243,3.408585548400879,1028127109
2024-06-11,3.400006834066567,3.401913290921157,3.3675986583357678,3.384756088256836,879916985
2024-06-12,3.3780837265816297,3.389522013614485,3.370458353397564,3.3809432983398438,569835311
2024-06-13,3.388568732434473,3.391428304052309,3.3599732435128553,3.368551731109619,548803711
2024-06-14,3.3618795245780437,3.3914283559960117,3.3523476947915136,3.387615442276001,674103954
2024-06-17,3.371411209645034,3.3866621821001766,3.3666454085847173,3.3780834674835205,393017195
2024-06-18,3.3828494966759983,3.3981004691350876,3.3771303535967476,3.388568639755249,549035200
2024-06-19,3.3904749625979362,3.3942878762602104,3.3742708749318773,3.3790369033813477,530859528
2024-06-20,3.3771303734153286,3.384755973317993,3.3513944566644085,3.3571135997772217,554655780
2024-06-21,3.352347768142796,3.3599733684929216,3.329471421605925,3.3513946533203125,1965867737
2024-06-24,3.338050106289759,3.360926452617684,3.3294713911955056,3.335190534591675,2087545529
2024-06-25,3.331377714519771,3.3399564298553055,3.297063307691149,3.315173625946045,1738458468
2024-06-26,3.307548159681359,3.342815907615399,3.3018290162851898,3.335190534591675,1045489522
2024-06-27,3.3266116117988687,3.3323307548379604,3.31136063944687,3.317079782485962,1433704942
2024-06-28,3.3113607635438638,3.3466285105976445,3.310407648753875,3.3237521648406982,1275543418
2024-07-01,3.323752175003964,3.3428158344025025,3.3046885156054255,3.337096691131592,853604020
2024-07-02,3.3304244852814895,3.346628573298617,3.3256586839855107,3.3323309421539307,599204907
2024-07-03,3.3304244437189947,3.3390031586527966,3.317079927548689,3.3266117572784424,791424029
2024-07-04,3.329471224418795,3.344722196959058,3.310407565557651,3.3123137950897217,1559923712
2024-07-05,3.307547962471423,3.315173335040491,3.267514188341974,3.296109676361084,1636384501
2024-07-08,3.2894375012555317,3.2961097592354114,3.265608040935496,3.273233413696289,942625516
2024-07-09,3.268467467448822,3.32089264508168,3.2579825228249497,3.3085012435913086,1068895639
2024-07-10,3.301828778502463,3.3189862074553695,3.2980160922651733,3.300875663757324,579282100
2024-07-11,3.3266117264697472,3.3542541006070525,3.314220325210153,3.344722270965576,1052437774
2024-07-12,3.3466286453608407,3.3590200471566565,3.340909729133872,3.3542542457580566,872369380
2024-07-15,3.346628531471477,3.3656921909306283,3.3437689598269293,3.360926389694214,1255008224
2024-07-16,3.355207256922801,3.3885687747092685,3.3523476852692893,3.384756088256836,1612508698
2024-07-17,3.3828495792314532,3.4028663532405843,3.3742708644032215,3.389521837234497,2256564400
2024-07-18,3.37522411246892,3.411445202780598,3.366645624558683,3.409538745880127,1961181500
2024-07-19,3.3981007574525934,3.4371811930487537,3.3857093554817608,3.431462049484253,3169662602
2024-07-22,3.426696145741673,3.429555717438574,3.3847561396150465,3.4038197994232178,1716307285
2024-07-23,3.3990536978052153,3.403819726283223,3.3342371194961364,3.337096691131592,919533700
2024-07-24,3.331377569236584,3.3447223127065846,3.303735422011058,3.316126823425293,1491083494
2024-07-25,3.301828913436101,3.313267199872146,3.279905682604843,3.297063112258911,2045552535
2024-07-26,3.2980163196501198,3.319939551096974,3.290390719393051,3.3113608360290527,1357970329
2024-07-29,3.3075480978819165,3.3094543274738553,3.2913440100667013,3.292297124862671,594937600
2024-07-30,3.2846716791648576,3.2846716791648576,3.2570293053838144,3.270373821258545,1525086114
2024-07-31,3.2703740047994683,3.345675530399745,3.2665613182293884,3.343769073486328,1538908320
2024-08-01,3.3380501586285334,3.3504415604289393,3.3180331564280863,3.319939613342285,796540400
2024-08-02,3.298016143413855,3.3199393736891962,3.279905599434935,3.2856247425079346,1299773300
2024-08-05,3.2703739878079947,3.3113608795510965,3.247497641249619,3.248450756072998,2018310938
2024-08-06,3.2675144160811036,3.277046246085156,3.222714837787731,3.248450756072998,1293627530
2024-08-07,3.2417783737182617,3.264654719401056,3.2322465440790356,3.2417783737182617,612543796
2024-08-08,3.237012448509323,3.2684675100476506,3.2246210468574517,3.245591163635254,854107231
2024-08-09,3.2560762649520525,3.2694210093196054,3.233199917439732,3.2341530323028564,604053582
2024-08-12,3.2322464607486783,3.2427314049044917,3.2246208608798455,3.230340003967285,510219975
2024-08-13,3.2322464198559833,3.2389186776213363,3.214135876060462,3.2351059913635254,695806300
2024-08-14,3.236059417804564,3.236059417804564,3.2112766138566595,3.2122297286987305,561099800
2024-08-15,3.2074638643298963,3.2627486147074536,3.203651177779626,3.248450756072998,1904638108
2024-08-16,3.244638007686707,3.26179521046432,3.23891886434192,3.250357151031494,1640761708
2024-08-19,3.2494038599541923,3.2827653784844104,3.247497630313853,3.2589356899261475,747825318
2024-08-20,3.2637017822501573,3.2656082391844645,3.229387148229925,3.243685007095337,1594474848
2024-08-21,3.2322466165882076,3.2465442477394144,3.2160425285636904,3.229387044906616,1055369805
2024-08-22,3.231293439308757,3.2360592405147712,3.213182894761063,3.220808267593384,1250479415
2024-08-23,3.213183141773547,3.245591319687398,3.213183141773547,3.2341530323028564,820342800
2024-08-26,3.236059106113794,3.2474973921439627,3.2198550190755464,3.2351059913635254,1400679914
2024-08-27,3.2284339409385265,3.2312935126297195,3.2093702811684075,3.218902111053467,1214220097
2024-08-28,3.212229574007558,3.218902059351001,3.1884001133060367,3.199838399887085,1995580276
2024-08-29,3.1922128819928135,3.20460428368929,3.183634166836002,3.1903064250946045,1508247743
2024-08-30,3.1855406840337634,3.262748667393042,3.1855406840337634,3.2331998348236084,1785899811
2024-09-02,3.2227147350321346,3.224620964618113,3.174102244481738,3.176008701324463,1133306500
2024-09-03,3.174102327341494,3.195072444131907,3.172196097705753,3.1874470710754395,1293552308
2024-09-04,3.175055762967714,3.1864938228894317,3.1655239327379023,3.1674301624298096,680305800
2024-09-05,3.170289619862929,3.1836341362519374,3.1645704764799962,3.174102306365967,1600555757
2024-09-06,3.1788683149356403,3.1884001447616357,3.145506796916281,3.1474132537841797,793315700
2024-09-09,3.1378814659075074,3.1416941524375264,3.0978476892004276,3.108332633972168,1018897104
2024-09-10,3.1102390908655537,3.1216773777123628,3.0873627444286877,3.108332633972168,866655438
2024-09-11,3.100707375182569,3.1140518921577973,3.089269087914224,3.1016604900360107,780890193
2024-09-12,3.1064265301775094,3.1188179323446135,3.089269099212245,3.0911755561828613,642379317
2024-09-13,3.0930814426288196,3.1045197286695836,3.07592424082441,3.0768773555755615,850468092
2024-09-18,3.075924623449486,3.098800971119947,3.064486335985873,3.086409568786621,1225439069
2024-09-19,3.091175544735659,3.132162437769661,3.0654396256398284,3.1121456623077393,1634887021
2024-09-20,3.10547298976302,3.125489991277638,3.087362672354028,3.1207239627838135,2306561983
2024-09-23,3.1159582236591272,3.1455068282369116,3.1102390802552327,3.129302740097046,897316534
2024-09-24,3.1588513417704935,3.26846749938851,3.1388345671320192,3.266561269760132,3918516217
2024-09-25,3.325658694475588,3.378083645180467,3.3046885778395865,3.3113608360290527,3237346937
2024-09-26,3.305641680352591,3.4724488162389355,3.3046885655452845,3.4695894718170166,4442962141
2024-09-27,3.5267805959671903,3.7488724904355664,3.4981851052608457,3.687868595123291,2559461161
2024-09-30,3.819407832405086,4.041499490526895,3.69454070235157,4.03482723236084,6370234083
2024-10-08,4.438024512927283,4.438024512927283,4.010998155540763,4.205447673797607,8629822438
2024-10-09,4.084392797673702,4.084392797673702,3.8175015646696258,3.833705425262451,5409196572
2024-10-10,3.879458602761544,3.989074532138239,3.811782451913472,3.894709348678589,3779000075
2024-10-11,3.8670671181827667,3.869926462538222,3.7393404194459277,3.7908122539520264,4090077741
2024-10-14,3.8003442578512643,3.8699266400066428,3.76126382278695,3.850862979888916,3104931745
2024-10-15,3.826080095710518,3.8565820421592374,3.743153198670451,3.7469658851623535,2613870743
2024-10-16,3.708838555480421,3.7746082494967963,3.7002598404547853,3.7231361865997314,2161119628
2024-10-17,3.746012876640375,3.7746083670261177,3.6811962954119717,3.6821494102478027,2935435621
2024-10-18,3.677383422872992,3.9252112209419763,3.6659451363943445,3.827986240386963,3620917893
2024-10-21,3.8289398096880913,3.869926472637507,3.79367183546451,3.827986240386963,2529336395
2024-10-22,3.814641889311182,3.856582123375585,3.8136887744823222,3.850862979888916,1666924499
2024-10-23,3.8508628343210307,3.9051944681338213,3.832752289716767,3.8651604652404785,2266629209
2024-10-24,3.848956647574728,3.8527691067884846,3.806063299825484,3.823220729827881,1598248721
2024-10-25,3.8241739466268,3.88708407046665,3.815595004140042,3.850862979888916,1685265820
2024-10-28,3.8460967547370264,3.8575350411259914,3.812735464863784,3.856581926345825,1396308141
2024-10-29,3.860395101119165,3.888037249667798,3.815595067312941,3.825127124786377,1794628159
2024-10-30,3.813688797846898,3.823220855220914,3.7603105037388893,3.785093307495117,1812859109
2024-10-31,3.7831870778257186,3.8194079413686053,3.753638245382483,3.785093307495117,1763649256
2024-11-01,3.7784210286025437,3.829893092761397,3.775561456857232,3.7927188873291016,1817756019
2024-11-04,3.7955782523237267,3.8451436296101345,3.785093080743142,3.8432374000549316,1249314386
2024-11-05,3.8356120087867636,3.945227934410494,3.8222674929378564,3.943321704864502,2763014444
2024-11-06,3.9433216103806474,3.984308271718306,3.8937560072646162,3.918538808822632,2173424760
2024-11-07,3.888990094420037,4.051031424106452,3.885177635306253,4.0491251945495605,2788718924
2024-11-08,4.081533473331488,4.089158846266368,3.982402261637565,3.997653007507324,2808023160
2024-11-11,3.9576193780915,4.021482613704559,3.9366494893193953,4.017670154571533,2304365136
2024-11-12,4.012903979125981,4.068188725150845,3.9509469753492765,3.9738235473632812,2304166776
2024-11-13,3.95571333298263,4.009091399441949,3.951900419158318,3.9986066818237305,1572794347
2024-11-14,3.991934267780884,4.006231898665628,3.9242581180057434,3.9309303760528564,1443885260
2024-11-15,3.921398328638931,3.940461988036026,3.860394891276324,3.8651604652404785,1676993542
2024-11-18,3.8804116454994473,3.925211222126427,3.8251268971782952,3.84895658493042,1610092584
2024-11-19,3.8508628661435846,3.8708796404989236,3.7946250022803962,3.8680202960968018,1670544920
2024-11-20,3.8565819054615686,3.893756108767655,3.8489565327480473,3.877551794052124,1548530434
2024-11-21,3.869926380477173,3.890896268846313,3.8584880942709225,3.8823177814483643,1045470681
2024-11-22,3.8804117196548202,3.883271064073243,3.7612637331307472,3.7679359912872314,1757191250
2024-11-25,3.7698422313705184,3.786046319403667,3.711698137412943,3.7469658851623535,1359085769
2024-11-26,3.7307615907535774,3.7707953648458683,3.729808475997513,3.739340305328369,784707886
2024-11-27,3.732668076765178,3.8051102573658127,3.7183704454147652,3.800344228744507,1451987366
2024-11-28,3.7974845429349258,3.8022505714130457,3.7631699105653986,3.7727017402648926,1072407289
2024-11-29,3.7746083201703673,3.8575352185339398,3.7717487484416146,3.8136887550354004,1529771604
2024-12-02,3.8098760374182286,3.85372272781601,3.8003442074856895,3.8422844409942627,981634781
2024-12-03,3.8413314182972504,3.8623013082976656,3.8175017292660653,3.846096992492676,1524423707
2024-12-04,3.8413312842808662,3.851816001658526,3.8155949119558876,3.826080083847046,1006947918
2024-12-05,3.8184548250765533,3.833705571452944,3.807016538037504,3.8194079399108887,759522918
2024-12-06,3.8194077234931916,3.893756130520723,3.8184546087128624,3.8670670986175537,1776229382
2024-12-09,3.8642075061798096,3.8889903098461582,3.8413313866894567,3.8642075061798096,1246418685
2024-12-10,3.983355304214951,4.0014658486778485,3.8823178647476695,3.893756151199341,2482795311
2024-12-11,3.887083975336961,3.9023347212525032,3.874692573838021,3.8842241764068604,1258715973
2024-12-12,3.8861309123063754,3.929024260721366,3.87564574027881,3.924258232116699,1360180433
2024-12-13,3.9004285351347483,3.9004285351347483,3.824173895679733,3.831799268722534,2346569729
2024-12-16,3.8298931232714937,3.832752467782829,3.7993911759163526,3.8089230060577393,989323074
2024-12-17,3.8060634232031685,3.853722801028036,3.8041569662777417,3.8194079399108887,1364669228
2024-12-18,3.831799383166074,3.8499099287545695,3.827033354429414,3.8356122970581055,1023609617
2024-12-19,3.8127355270760073,3.848956616394252,3.794624982416885,3.8413312435150146,990362211
2024-12-20,3.835612255702242,3.855629030764172,3.8241739686629925,3.829893112182617,1223061986
2024-12-23,3.8289398512724993,3.8632542565676258,3.827033167163024,3.833705425262451,1424702200
2024-12-24,3.8356120986606204,3.8851777041256597,3.8337054145564697,3.878504991531372,1456343427
2024-12-25,3.8813648223876953,3.9023347115980607,3.8642073923900346,3.8813648223876953,1418137500
2024-12-26,3.881364666683423,3.8880369245514896,3.8661139214174085,3.8823177814483643,947023402
2024-12-27,3.885177777338062,3.90710078158422,3.8708796915982178,3.876598834991455,1086963910
2024-12-30,3.875645689025533,3.9013816068314835,3.8746925742199054,3.894709348678589,1311933462
2024-12-31,3.895662432266771,3.902334690366198,3.8317991956664708,3.833705425262451,1843618788
2025-01-02,3.8317992498396416,3.832752364651107,3.699306746262443,3.7259957790374756,2172980338
2025-01-03,3.7259959160650835,3.737434203250325,3.672617621295222,3.687868595123291,1593022599
2025-01-06,3.684055961222898,3.6916813346177206,3.648788211572508,3.6726176738739014,1298673930
2025-01-07,3.664992247943176,3.7002599970880192,3.6564135325544003,3.6983537673950195,968974000
2025-01-08,3.6888216686626416,3.7164640442129313,3.636396716583107,3.6926345825195312,1409796811
2025-01-09,3.6821491926716887,3.6983535074638527,3.6764302767378725,3.6850087642669678,806065805
2025-01-10,3.6840557642391887,3.693587594101438,3.643068873105839,3.644021987915039,826572500
2025-01-13,3.623052006137227,3.6468814665565157,3.6154264060879293,3.6297242641448975,949394700
2025-01-14,3.636396603307468,3.734574473300579,3.630677459957044,3.7231361865997314,1644546233
2025-01-15,3.713604284260668,3.7212298843312612,3.6954939670135913,3.7012128829956055,742049621
2025-01-16,3.713604461305776,3.748872437207265,3.6802431695837665,3.7031195163726807,1109005172
2025-01-17,3.6935876136593904,3.7383871915235085,3.68691535544616,3.715510845184326,847699295
2025-01-20,3.737434045353211,3.764123077982218,3.725042643844958,3.73362135887146,920294300
2025-01-21,3.752685205356994,3.7564978920285523,3.722183257471007,3.7383873462677,743926440
2025-01-22,3.7326679645311174,3.7326679645311174,3.6869152728773877,3.7040724754333496,1099680655
2025-01-23,3.731714850263455,3.7727017407016983,3.7116980760692244,3.714557647705078,1038592839
2025-01-24,3.706931934149675,3.758403994763131,3.701212791052986,3.7450592517852783,1143647489
2025-01-27,3.7517317576950107,3.7603102451308468,3.721229812514787,3.7240893840789795,1305384964
2025-02-05,3.746012802801848,3.7498254893267764,3.6974003110245683,3.7050259113311768,751549710
2025-02-06,3.7021663892160728,3.75268511130417,3.699306817469883,3.7479190826416016,1388636482
2025-02-07,3.7488722386594757,3.8260799902042675,3.74219998066845,3.801297187805176,1930631373
2025-02-10,3.8022506444502953,3.8127355891441193,3.7879527859980344,3.805110216140747,1267264550
2025-02-11,3.8098760697424927,3.810829184566808,3.7774678931482484,3.7898592948913574,999035889
2025-02-12,3.7879527645327418,3.8308461123897084,3.774608248224085,3.826080083847046,978953664
2025-02-13,3.821313921335235,3.8451436086996194,3.810828977068412,3.8165483474731445,1175822696
2025-02-14,3.8127356186134818,3.8508629384385364,3.8098760469009276,3.8451437950134277,1292428680
2025-02-17,3.854675737834023,3.8632542254603566,3.824173791976463,3.851815938949585,1334102006
2025-02-18,3.8460969318006812,3.8680203908077404,3.8089229538386444,3.824173927307129,1246591063
2025-02-19,3.81750156513323,3.8518159704325234,3.8127355366292046,3.8441905975341797,1019076858
2025-02-20,3.840377600516124,3.844190514139327,3.8203608266496505,3.832752227783203,1018603498
2025-02-21,3.843237512687905,3.8889902049480294,3.8317992259944993,3.8842241764068604,1437266514
2025-02-24,3.879458675209646,3.8975692203952845,3.851816072762722,3.871832847595215,1538578218
2025-02-25,3.846096743694186,3.861347943673512,3.8203608266496505,3.832752227783203,892489991
2025-02-26,3.839424702513461,3.8651606210110523,3.8308462145187674,3.8642075061798096,1345658133
2025-02-27,3.8661141175317715,3.8785050646180337,3.839424630192164,3.876598834991455,1128585642
2025-02-28,3.859441322400144,3.8746925226276145,3.7955783133951804,3.807016372680664,1329334000
2025-03-03,3.8079695602521655,3.838471506776573,3.7803274126747186,3.7946250438690186,1145768613
2025-03-04,3.7746081663207263,3.7974845119615765,3.7669825662692804,3.7908122539520264,1012184770
2025-03-05,3.79367185655256,3.8117824011588417,3.78223357001033,3.807016372680664,1191901642
2025-03-06,3.8270331051906408,3.871832681565196,3.8232206460604155,3.8594412803649902,1371007879
2025-03-07,3.8508628972180663,3.8708796717349303,3.8413312946205833,3.849909782409668,1155997084
2025-03-10,3.8480035937417867,3.8527691678344915,3.8117825035562016,3.834658622741699,1442783688
2025-03-11,3.8070165570091006,3.847050107331761,3.803203870396003,3.846096992492676,1002917003
2025-03-12,3.848956657622827,3.860394944320953,3.829892997963784,3.8365652561187744,609231681
2025-03-13,3.8356120895611534,3.8441905772122538,3.806063258408597,3.8175015449523926,641043804
2025-03-14,3.8241739037476496,3.9204453180856857,3.8222676741113033,3.9137730598449707,1903718328
2025-03-17,3.925211503114401,3.929977531908702,3.8966157848621163,3.9023349285125732,1133042029
2025-03-18,3.915679279905016,3.9223515381294134,3.899475419008695,3.9109137058258057,811404323
2025-03-19,3.906147956369326,3.9280709622408367,3.8928034389669226,3.916633129119873,879831286
2025-03-20,3.9166329127234594,3.9166329127234594,3.8775520230459084,3.8851778507232666,875142561
2025-03-21,3.8727862519461658,3.888036997498313,3.8127354754934255,3.822267532348633,1014915677
2025-03-24,3.821313982938124,3.842284326323314,3.8165484089992083,3.8384714126586914,791222086
2025-03-25,3.8394246927883593,3.84990986493249,3.8289399751577378,3.8403778076171875,611531644
2025-03-26,3.836565411949093,3.8508630436457296,3.822267780252456,3.825127124786377,774255385
2025-03-27,3.8232206670271807,3.860394870831664,3.80796946688218,3.8384714126586914,801525164
2025-03-28,3.8384716831748267,3.8403779128847346,3.8127357640369834,3.8203611373901367,704304791
2025-03-31,3.8165485234312357,3.8356121832989567,3.7831870050343475,3.7974846363067627,902172863
2025-04-01,3.80129715725408,3.8155947879037266,3.792718669766989,3.7955782413482666,615015541
2025-04-02,3.796531573903932,3.808922975714697,3.785093286922686,3.7927188873291016,629117600
2025-04-03,3.763170004152795,3.793671950852436,3.7584042028128994,3.7736551761627197,1114330792
2025-04-07,3.622098705267536,3.660226024177182,3.435274797158923,3.5220143795013428,6560988000
2025-04-08,3.5248741054904285,3.5639547681637795,3.4991381868251823,3.5553760528564453,5853533299
2025-04-09,3.5220145321938587,3.597316058482036,3.505810443680426,3.589690685272217,1698201419
2025-04-10,3.638302885923045,3.6668983758349976,3.620192568058535,3.6497411727905273,1429631663
2025-04-11,3.6316306168171737,3.6707112786597875,3.622098786875006,3.6602261066436768,861984187
2025-04-14,3.6783366311784937,3.6840557745632205,3.6621325430929343,3.667851686477661,941570983
2025-04-15,3.6640390206810984,3.676430422332454,3.645928475612693,3.6707112789154053,981793477
2025-04-16,3.6611792625022166,3.687868294080124,3.632583774130141,3.6792895793914795,2177133740
2025-04-17,3.66213263515481,3.689775010704721,3.6611795203189788,3.6821494102478027,1387340598
2025-04-18,3.6764304006086905,3.697400290004959,3.666898343465432,3.691681146621704,1378050739
2025-04-21,3.684055711853489,3.7040724861025587,3.6764303389748187,3.6935875415802,712631513
2025-04-22,3.6935875623581698,3.710744765060068,3.6916811054994043,3.6964471340179443,752043609
2025-04-23,3.7097917539817704,3.7240896126803986,3.6916812087157598,3.7002599239349365,615504094
2025-04-24,3.7002599239349365,3.7202769261130157,3.689774979060446,3.7002599239349365,487361469
2025-04-25,3.705025952586731,3.716464012288879,3.6935876656278284,3.7002599239349365,577193480
2025-04-28,3.701212997291796,3.7040725689994813,3.6831026794854598,3.6945407390594482,624709030
2025-04-29,3.692634623869395,3.6983537674620153,3.6811963366841534,3.687868595123291,494734986
2025-04-30,3.6888214506417594,3.704072423397669,3.6831025347079436,3.6850087642669678,500453684
2025-05-06,3.704072517377267,3.7231361769916504,3.6983536012983507,3.7202768325805664,717825309
2025-05-07,3.765076565853959,3.77651462574217,3.726949245046406,3.7431533336639404,1047081171
2025-05-08,3.734574452653692,3.7803273719473847,3.734574452653692,3.7650763988494873,782005719
2025-05-09,3.7612637535213054,3.7650764400232872,3.747919009879243,3.760310411453247,693374829
2025-05-12,3.7774679028059204,3.8051102780925086,3.771748759331902,3.803203821182251,836500229
2025-05-13,3.8232206877010717,3.824173802494009,3.801297229409549,3.807016372680664,793400917
2025-05-14,3.807969590244118,3.8756457420175305,3.8051102457881374,3.8556289672851562,1214790218
2025-05-15,3.848956647574728,3.8518159919850454,3.816548471690309,3.823220729827881,817722375
2025-05-16,3.8146417979516816,3.821314056107412,3.7908123370036084,3.802250623703003,730283731
2025-05-19,3.7974845536231228,3.801297240062302,3.7793740089660877,3.7965314388275146,556298093
2025-05-20,3.797484831269504,3.8279865522697647,3.793672144551567,3.8155951499938965,549987479
2025-05-21,3.816548677811109,3.842284596947879,3.815595108442673,3.8308463096618652,560603133
2025-05-22,3.829893029517149,3.8384715173546695,3.8155949437699452,3.828939914703369,491932009
2025-05-23,3.841331190264817,3.8422843050473228,3.80034407302267,3.801297187805176,845089070
2025-05-26,3.7955783759917123,3.8060633206571763,3.770795572912661,3.781280517578125,740485719
2025-05-27,3.779373925934908,3.783186839547066,3.7545911237395897,3.761263608932495,578288400
2025-05-28,3.762216847559227,3.770795562583881,3.753638132534573,3.757450819015503,539920166
2025-05-29,3.7603103187575995,3.7927187213674194,3.7545911755172345,3.780327320098877,891039442
2025-05-30,3.7736551761627197,3.778420977502616,3.747919030802975,3.7736551761627197,737030741
2025-06-03,3.761263598523082,3.7860461733930717,3.757450684921476,3.7717485427856445,596786798
2025-06-04,3.773655268307304,3.798437844942054,3.772701926210645,3.7879528999328613,464543350
2025-06-05,3.7917654928950957,3.8070164662406234,3.7812805481448746,3.7974846363067627,531965733
2025-06-06,3.8003441460660836,3.8117824327029703,3.7917654310884186,3.799391031265259,488880795
2025-06-09,3.8022506540213623,3.8222676559049145,3.797484625439695,3.807969570159912,581098178
2025-06-10,3.80987595449686,3.8175015546309727,3.7727017503920233,3.786046266555786,771051770
2025-06-11,3.7879526317331873,3.8356120064619548,3.7879526317331873,3.8165483474731445,1103509525
2025-06-12,3.8108291421517344,3.8251270006410896,3.7936719392212592,3.8184547424316406,690087151
2025-06-13,3.8108290489004073,3.814641735318688,3.7812804450877984,3.7936718463897705,698016832
2025-06-16,3.7879528476704523,3.807016507746012,3.7850932759334426,3.803203821182251,649326744
2025-06-17,3.8041568533150696,3.8098759966647666,3.78795276532876,3.802250623703003,482891300
2025-06-18,3.80420021205606,3.811022985460005,3.7837316594609347,3.8051748275756836,480803410
2025-06-19,3.7993265722221894,3.80030118771681,3.7652124736943486,3.7749593257904053,600788572
2025-06-20,3.7739846822749503,3.789579691989509,3.7730100667875663,3.7798328399658203,423044140
2025-06-23,3.771060666009478,3.8032253014597455,3.7642378927180014,3.792503833770752,749244714
2025-06-24,3.7973771053620458,3.8500102925390403,3.7973771053620458,3.83636474609375,1224554880
2025-06-25,3.8392886613060537,3.9016684693035955,3.835389966878074,3.89971923828125,1724116122
2025-06-26,3.893870938220311,3.9026434070335974,3.8841240863147304,3.885098934173584,937967872
2025-06-27,3.8889976273355376,3.911415409950224,3.857807608293379,3.8626811504364014,1069691383
2025-06-30,3.8607317615095282,3.8841241600503436,3.8558584516558634,3.8812003135681152,1081958996
2025-07-01,3.8792508557459873,3.8909471712247687,3.8685293881459604,3.8870482444763184,640686095
2025-07-02,3.8841240980009797,3.8977698766164726,3.8743772460660733,3.890947103500366,518883509
2025-07-03,3.8928963294967334,3.9182381909718527,3.889972250681659,3.9133646488189697,686381903
2025-07-04,3.9094661823495884,3.9620991361929616,3.902643409250135,3.929934501647949,1052562084
2025-07-07,3.924086547940635,3.9299347058678613,3.9036182275786335,3.9123902320861816,402251440
2025-07-08,3.9143394403985066,3.9533273146090373,3.911415593835172,3.9455294609069824,612248738
2025-07-09,3.945529341928046,3.9659976615539017,3.9377319532277055,3.942605495452881,647660804
2025-07-10,3.9426056090402093,3.9864665607972976,3.941630993520409,3.962099313735962,632387667
2025-07-11,3.9630737934174225,4.025453832212324,3.9620991779310275,3.9757447242736816,1264855146
2025-07-14,3.9747700691223145,3.990364846282134,3.972820838168977,3.9747700691223145,820547885
2025-07-15,3.978668531028989,4.000111930581942,3.9504028231393558,3.9747700691223145,807481346
2025-07-16,3.9757447804576698,3.989390326993158,3.9533272296541018,3.9659976959228516,479181889
2025-07-17,3.9659976467235034,3.99913736191752,3.965023031235426,3.9981627464294434,597822533
2025-07-18,4.004010722212142,4.03130228163908,4.001086875541362,4.027403354644775,713129616
2025-07-21,4.0322765067155295,4.0546940566537515,4.029352195561338,4.051770210266113,767461325
2025-07-22,4.053719837480107,4.0966061753905505,4.0371504434639025,4.094656944274902,1082109050
2025-07-23,4.09758069958206,4.126821489497771,4.081985921471406,4.09270715713501,994731531
2025-07-24,4.0888083452596256,4.120972979032453,4.083934803229428,4.118048667907715,885235951
2025-07-25,4.118048712230975,4.118048712230975,4.086858693575174,4.0966057777404785,820085976
2025-07-28,4.096605761656247,4.116099465143766,4.080035904546907,4.107327461242676,602771297
2025-07-29,4.1014796941209335,4.1287707886478655,4.085884450986547,4.127796173095703,805978553
2025-07-30,4.1199986531982375,4.157036366838309,4.1005044837070885,4.124871730804443,950252156
2025-07-31,4.114150651307552,4.114150651307552,4.037150445010774,4.049821376800537,1122912575
2025-08-01,4.042997694259199,4.056643704874821,4.01375737165877,4.028377532958984,611567102
2025-08-04,4.017656609642401,4.048846165562646,4.012783067242394,4.046896934509277,435567200
2025-08-05,4.0488460247522395,4.079061428861555,4.04592217827387,4.077112197875977,548068072
2025-08-06,4.0751629384565895,4.092706946737527,4.070289396260078,4.087833404541016,408944907
2025-08-07,4.089783060585799,4.103428606790341,4.065415814606305,4.086858749389648,533965616
2025-08-08,4.081985740106492,4.094656671045892,4.069314809167092,4.077112197875977,423062400
2025-08-11,4.077112034667731,4.111225899382616,4.077112034667731,4.095631122589111,688151892
2025-08-12,4.093681552821133,4.129745114319296,4.093681552821133,4.120973110198975,482487210
2025-08-13,4.12682128595225,4.1638589983299035,4.121947743745576,4.155086994171143,758840813
2025-08-14,4.157036412666027,4.1940745914809945,4.140467019089102,4.148264408111572,887934379
2025-08-15,4.1346185749370195,4.19309968570743,4.132668879241417,4.186276912689209,1071833947
2025-08-18,4.189201133216052,4.249631945079078,4.176530201512507,4.217467308044434,1009247534
2025-08-19,4.216492247692879,4.236960566416331,4.188226075846311,4.196023464202881,774332431
2025-08-20,4.186276910794932,4.25450464094626,4.158985818734401,4.253530025482178,1378416563
2025-08-21,4.257429054796003,4.282770916539625,4.247681970386965,4.267175674438477,913002468
2025-08-22,4.264251737756815,4.37049272468808,4.2632771222898445,4.36561918258667,1360263420
2025-08-25,4.387062345824108,4.456265160018168,4.383163883753028,4.449442386627197,1456091826
2025-08-26,4.438720640453083,4.456265113891081,4.412404162679372,4.426049709320068,1114294146
2025-08-27,4.42604983498033,4.468936171901945,4.359771330910497,4.361720561981201,1412690404
2025-08-28,4.355872080483182,4.445543209807767,4.339302688079659,4.443593978881836,1276415694
2025-08-29,4.43482228035045,4.496227241644888,4.425075195516459,4.484530925750732,1355057364
2025-09-01,4.490378761184556,4.506948618305607,4.464062284696132,4.499151229858398,1193986671
2025-09-02,4.496227270722312,4.525468060646803,4.434822309030764,4.473809719085693,1034412186
2025-09-03,4.475758669331975,4.492328526710627,4.405581242682989,4.433846950531006,918862472
2025-09-04,4.430923059041625,4.4396950629960745,4.304213753218713,4.343201160430908,1420822833
2025-09-05,4.337353252629643,4.447493172351148,4.329555863691518,4.438720703125,1060332474
2025-09-08,4.4387207427462245,4.457239832118689,4.409480417775606,4.439695358276367,1034021993
2025-09-09,4.4299485732101544,4.448467661892855,4.388036853608974,4.413378715515137,680354536
2025-09-10,4.41142942855513,4.446517909721077,4.3929103401074,4.423125743865967,608658332
2025-09-11,4.412404324424879,4.543987182883438,4.402657704224204,4.542037487030029,978341822
2025-09-12,4.543986994605292,4.545936225611343,4.498176347830508,4.504024505615234,915858027
2025-09-15,4.504999450580495,4.543986858129997,4.497201597257348,4.51182222366333,721191518
2025-09-16,4.514746165930336,4.534239870118928,4.474784142058708,4.503049850463867,788903361
2025-09-17,4.498176247247101,4.541062581787257,4.48258147001426,4.535214424133301,715407882
2025-09-18,4.537164054011874,4.55763237312037,4.438720455571186,4.477707862854004,1187372710
2025-09-19,4.473809345302342,4.515720598464774,4.470885034170923,4.487454891204834,731613811
2025-09-22,4.487455033491481,4.504024426284219,4.466011633736318,4.5020751953125,629276623
2025-09-23,4.509872715174833,4.538138888919943,4.442619597028251,4.50499963760376,1055000135
2025-09-24,4.480632183849725,4.545936067953356,4.4796575683804996,4.544961452484131,1004485867
2025-09-25,4.5449618264251885,4.598569399775622,4.53911366836212,4.5761518478393555,771336231
2025-09-26,4.558606974965326,4.580049909476834,4.532290498366391,4.533265113830566,715305937
2025-09-29,4.530341136661047,4.6346329000478494,4.522543747606249,4.608316421508789,1195436520
2025-09-30,4.61416464170296,4.629759420022815,4.600518629714843,4.620987415313721,740380927
2025-10-09,4.633658115091488,4.7135821633224335,4.629759188323351,4.694088459014893,897090608
2025-10-10,4.66582253486887,4.672645307822958,4.58492341010863,4.599543571472168,1174642559
2025-10-13,4.481607039793001,4.584923721339508,4.47965780874996,4.573227405548096,965836187
2025-10-14,4.605392001158428,4.620012163386046,4.503049936031949,4.527417182922363,1161909516
2025-10-15,4.530341170098334,4.595645523926555,4.5098728493909475,4.5868730545043945,997401276
2025-10-16,4.570303339587754,4.6268352200214,4.570303339587754,4.6014933586120605,812463337
2025-10-17,4.59564546799222,4.604417472541022,4.495252631997034,4.506948947906494,840058205
2025-10-20,4.533265130005655,4.55958160669849,4.506948653312821,4.522543430328369,764417805
2025-10-21,4.538138721155375,4.603442605859393,4.534239794476075,4.590771675109863,959868519
2025-10-22,4.571278305325699,4.588822779514905,4.549835368938845,4.5761518478393555,554484198
2025-10-23,4.568353778408316,4.599543798351158,4.524493292154221,4.593695640563965,699342841
2025-10-27,4.686291014268529,4.708708564809472,4.674594698870401,4.703835487365723,758524912
2025-10-28,4.693113740819558,4.72722760641963,4.670695725734824,4.680442810058594,725949138
2025-10-29,4.688240302324676,4.740873257490489,4.688240302324676,4.738924026489258,679278356
2025-10-30,4.735024910062461,4.75062015174737,4.694088272076863,4.700911045074463,816461854
2025-10-31,4.697012200636919,4.7038354385204455,4.634632627105599,4.6356072425842285,1432568620
2025-11-03,4.631708605013666,4.646329232405406,4.585898421292701,4.642430305480957,775988137
2025-11-04,4.639506482369601,4.652176949213428,4.586873060072525,4.609291076660156,1201524329
2025-11-05,4.573227287855499,4.630733785044521,4.549835121641256,4.615139007568359,763353285
2025-11-06,4.6219618158721,4.6911646290765,4.6219618158721,4.683366775512695,732664905
2025-11-07,4.668746681642076,4.690189617339432,4.653151903819741,4.673620223999023,539255553
2025-11-10,4.675569477891046,4.689215024743939,4.642430226281652,4.685316562652588,448348844
2025-11-11,4.692139416126371,4.701886036287607,4.636582147477579,4.642430305480957,565193563
2025-11-12,4.633657904163696,4.661923611454653,4.611239889608896,4.644379138946533,523690675
2025-11-13,4.636581792868934,4.693113672733596,4.631708250777752,4.690189361572266,645956059
2025-11-14,4.66387328807662,4.674594988650642,4.619037719448793,4.620987415313721,593631715
2025-11-17,4.61026537897325,4.6200119985216626,4.572252586724662,4.590771675109863,752466929
2025-11-18,4.581024902977212,4.597594761535227,4.545936419538572,4.564455509185791,856823933
2025-11-19,4.559581593174799,4.597594384899827,4.559581593174799,4.578100681304932,856961494
2025-11-20,4.604417242826221,4.609290785006452,4.554708135074298,4.5576324462890625,561939501
2025-11-21,4.527417164910772,4.53618916925913,4.446518035691081,4.44846773147583,1496400410
2025-11-24,4.463088081819984,4.468936239887653,4.418252513145583,4.44164514541626,1155747722
2025-11-25,4.464062447420208,4.505974167097368,4.463087831924599,4.480632305145264,895940577
2025-11-26,4.483556394882231,4.52839196347872,4.477708236824725,4.5088982582092285,914079306
2025-11-27,4.511822410969839,4.55568289770896,4.501100710780324,4.50499963760376,479369411
2025-11-28,4.504024619720905,4.524493404869292,4.486480610688837,4.517670631408691,519234054
2025-12-01,4.528391629811175,4.5693287331973345,4.521568856707908,4.568353652954102,578301370
2025-12-02,4.567379122132671,4.567379122132671,4.533265255984046,4.547885417938232,383444900
2025-12-03,4.5469108874813795,4.565429976527431,4.517670563026144,4.527417182922363,395034780
2025-12-04,4.530341052381712,4.552759068359618,4.510847347724071,4.539113521575928,402618836
2025-12-05,4.538138697982191,4.590771651667918,4.525467767297363,4.579075336456299,687203054
2025-12-08,4.591746246133689,4.633657964655816,4.58979701519619,4.6122145652771,826343751
2025-12-09,4.607341452872112,4.61903730317466,4.57517635404881,4.588822364807129,700105499
2025-12-10,4.581024738113295,4.589797207232192,4.540088098113695,4.582974433898926,620776436
2025-12-11,4.588822614250067,4.602468160983589,4.543987047225676,4.549835205078125,619944253
2025-12-12,4.559581937703173,4.582974569691248,4.530341147718079,4.57517671585083,867153920
2025-12-15,4.555682846378804,4.592721024101104,4.434822158179574,4.5488600730896,691785514
2025-12-16,4.542037258841051,4.54886003206873,4.48453076176972,4.503049850463867,769355001
2025-12-17,4.502075175876768,4.595645233613784,4.499151329431813,4.580049991607666,1085613318
2025-12-18,4.564455367325959,4.573227371721344,4.543011966944786,4.549835205078125,678018855
2025-12-19,4.561530931507821,4.594670646689332,4.54788538514676,4.569328784942627,831788937
2025-12-22,4.582974163252964,4.615138797000772,4.582974163252964,4.610265254974365,837121964
2025-12-23,4.615139205633866,4.642430299771671,4.606366736256293,4.620012283325195,808340536
2025-12-24,4.6200120401574365,4.644379286397909,4.606366493806748,4.636581897735596,533429378
2025-12-25,4.629759017135123,4.656075493738906,4.623910859582443,4.6453537940979,427244304
2025-12-26,4.645354066808817,4.679468398663265,4.634632831304963,4.662898540496826,816080091
2025-12-29,4.6590001639516245,4.672645711037309,4.628784758395273,4.642430305480957,852905033
2025-12-30,4.625860378751051,4.6687467152207915,4.621961916650719,4.652176856994629,477224225
2025-12-31,4.656075909429322,4.6677722255789185,4.6219620412984925,4.632683277130127,666829236
2026-01-05,4.661924025925011,4.725278683864781,4.659000179296988,4.72137975692749,1017132485
2026-01-06,4.727227695707889,4.795455892963294,4.725278464712942,4.79448127746582,1052301545
2026-01-07,4.795456097445426,4.802278870985237,4.752569760361899,4.776937007904053,933402554
2026-01-08,4.76426592842614,4.770114086245327,4.720404977165528,4.739898681640625,682719778
2026-01-09,4.7340504907572365,4.77888605721347,4.721379559698593,4.7613420486450195,1134855258
2026-01-12,4.769139641385,4.8042281247890735,4.7379496201554945,4.788633346557617,1333075333
2026-01-13,4.7974051172753445,4.839316836974305,4.752569551088037,4.772063255310059,1271783195
2026-01-14,4.77206344906887,4.8237217905930265,4.718455876473338,4.742823123931885,2136722288
2026-01-15,4.726253157877158,4.770114109350218,4.720405000029645,4.7515950202941895,5217148860
2026-01-16,4.780835626303356,4.794481172502387,4.71553127697005,4.736000061035156,5320166468
2026-01-19,4.736999988555908,4.769000053405762,4.7179999351501465,4.73799991607666,2913439864
2026-01-20,4.735000133514404,4.750999927520752,4.688000202178955,4.723999977111816,2886765633
2026-01-21,4.709000110626221,4.763999938964844,4.709000110626221,4.730000019073486,4903973986
2026-01-22,4.741000175476074,4.760000228881836,4.703000068664551,4.7270002365112305,4316344208
2026-01-23,4.73199987411499,4.742000102996826,4.686999797821045,4.703999996185303,6769378109
2026-01-26,4.711999893188477,4.760000228881836,4.693999767303467,4.711999893188477,5939852882
2026-01-27,4.711999893188477,4.742000102996826,4.678999900817871,4.710000038146973,4339135015
2026-01-28,4.724999904632568,4.743000030517578,4.703999996185303,4.724999904632568,8497782253
2026-01-29,4.723999977111816,4.7789998054504395,4.703999996185303,4.76800012588501,3545664739
2026-01-30,4.736000061035156,4.757999897003174,4.642000198364258,4.710999965667725,1670274801
2026-02-02,4.679999828338623,4.718999862670898,4.591000080108643,4.599999904632568,2651134391
2026-02-03,4.639999866485596,4.668000221252441,4.585000038146973,4.664000034332275,1052944612
2026-02-04,4.6519999504089355,4.709000110626221,4.64300012588501,4.706999778747559,1052505916
2026-02-05,4.679999828338623,4.695000171661377,4.644999980926514,4.678999900817871,933982876
2026-02-06,4.64300012588501,4.690999984741211,4.610000133514404,4.64900016784668,881673740
2026-02-09,4.695000171661377,4.730000019073486,4.685999870300293,4.7270002365112305,701119504
2026-02-10,4.732999801635742,4.738999843597412,4.71999979019165,4.732999801635742,680461663
2026-02-11,4.7270002365112305,4.73199987411499,4.714000225067139,4.7230000495910645,372078690
2026-02-12,4.729000091552734,4.735000133514404,4.716000080108643,4.7270002365112305,398012411
2026-02-13,4.714000225067139,4.714000225067139,4.666999816894531,4.671000003814697,1367357151
2026-02-24,4.724999904632568,4.736000061035156,4.704999923706055,4.716000080108643,624245587
2026-02-25,4.7170000076293945,4.7779998779296875,4.716000080108643,4.75,873403106
2026-02-26,4.750999927520752,4.754000186920166,4.711999893188477,4.735000133514404,766372132
2026-02-27,4.71999979019165,4.73199987411499,4.699999809265137,4.724999904632568,606245261
2026-03-02,4.693999767303467,4.743000030517578,4.673999786376953,4.738999843597412,1242367525
2026-03-03,4.741000175476074,4.750999927520752,4.664999961853027,4.677999973297119,966557866
2026-03-04,4.639999866485596,4.650000095367432,4.586999893188477,4.610000133514404,829224020
2026-03-05,4.646999835968018,4.677999973297119,4.638999938964844,4.6539998054504395,568420959
2026-03-06,4.639999866485596,4.682000160217285,4.624000072479248,4.666999816894531,504375859
2026-03-09,4.623000144958496,4.638000011444092,4.559999942779541,4.629000186920166,838098260
2026-03-10,4.642000198364258,4.689000129699707,4.640999794006348,4.683000087738037,546012517
2026-03-11,4.685999870300293,4.718999862670898,4.682000160217285,4.710999965667725,593712221
2026-03-12,4.710999965667725,4.710999965667725,4.664999961853027,4.693999767303467,343383626
2026-03-13,4.671999931335449,4.716000080108643,4.670000076293945,4.677000045776367,325112905
2026-03-16,4.675000190734863,4.685999870300293,4.631999969482422,4.679999828338623,403862701
2026-03-17,4.685999870300293,4.730999946594238,4.644999980926514,4.645999908447266,723337660
2026-03-18,4.6519999504089355,4.670000076293945,4.616000175476074,4.6620001792907715,770262709
2026-03-19,4.620999813079834,4.640999794006348,4.580999851226807,4.598999977111816,772241809
2026-03-20,4.5980000495910645,4.635000228881836,4.572999954223633,4.576000213623047,761273568
2026-03-23,4.5279998779296875,4.5370001792907715,4.406000137329102,4.429999828338623,1523498110
2026-03-24,4.4629998207092285,4.480000019073486,4.40500020980835,4.479000091552734,850435100
2026-03-25,4.510000228881836,4.548999786376953,4.504000186920166,4.544000148773193,867712637
2026-03-26,4.535999774932861,4.546999931335449,4.4770002365112305,4.48799991607666,474242414
2026-03-27,4.449999809265137,4.53000020980835,4.445000171661377,4.507999897003174,562690826
2026-03-30,4.461999893188477,4.505000114440918,4.453000068664551,4.5,543994287
2026-03-31,4.500999927520752,4.5289998054504395,4.461999893188477,4.4629998207092285,530565553
2026-04-01,4.519999980926514,4.541999816894531,4.500999927520752,4.533999919891357,501228066
2026-04-02,4.520999908447266,4.526000022888184,4.46999979019165,4.488999843597412,466351103
2026-04-03,4.494999885559082,4.50600004196167,4.446000099182129,4.453999996185303,426109595
2026-04-07,4.454999923706055,4.46999979019165,4.431000232696533,4.446000099182129,428568561
2026-04-08,4.519000053405762,4.604000091552734,4.517000198364258,4.6020002365112305,996884580
2026-04-09,4.572999954223633,4.585999965667725,4.559999942779541,4.572000026702881,704955323
2026-04-10,4.5879998207092285,4.664000034332275,4.5879998207092285,4.642000198364258,906387271
2026-04-13,4.629000186920166,4.659999847412109,4.623000144958496,4.6519999504089355,392892599
2026-04-14,4.678999900817871,4.711999893188477,4.663000106811523,4.711999893188477,427657077
2026-04-15,4.73199987411499,4.745999813079834,4.684000015258789,4.693999767303467,675980605
2026-04-16,4.703999996185303,4.747000217437744,4.699999809265137,4.745999813079834,853234423
2026-04-17,4.736999988555908,4.75,4.7220001220703125,4.738999843597412,736150074
2026-04-20,4.735000133514404,4.7769999504089355,4.728000164031982,4.764999866485596,762457819
2026-04-21,4.763999938964844,4.785999774932861,4.730000019073486,4.776000022888184,636108137
2026-04-22,4.760000228881836,4.813000202178955,4.75600004196167,4.810999870300293,1012592563
2026-04-23,4.820000171661377,4.834000110626221,4.771999835968018,4.801000118255615,1008518112
2026-04-24,4.784999847412109,4.797999858856201,4.75,4.7820000648498535,719322606
2026-04-27,4.785999774932861,4.809999942779541,4.7729997634887695,4.7820000648498535,928036020
2026-04-28,4.765999794006348,4.789999961853027,4.756999969482422,4.769999980926514,864420229
2026-04-29,4.755000114440918,4.828000068664551,4.755000114440918,4.821000099182129,1279679774
2026-04-30,4.829999923706055,4.841000080108643,4.808000087738037,4.823999881744385,1651786402
2026-05-06,4.866000175476074,4.914000034332275,4.8520002365112305,4.888000011444092,1867782757
2026-05-07,4.90500020980835,4.914000034332275,4.879000186920166,4.9120001792907715,2094622649
2026-05-08,4.889999866485596,4.9019999504089355,4.861999988555908,4.886000156402588,1253564919
2026-05-11,4.910999774932861,4.980000019073486,4.900000095367432,4.966000080108643,2116521779
2026-05-12,4.974999904632568,4.986999988555908,4.943999767303467,4.9629998207092285,1002170459
2026-05-13,4.940000057220459,5.0229997634887695,4.939000129699707,5.017000198364258,1272615005
2026-05-14,5.0370001792907715,5.040999889373779,4.931000232696533,4.940999984741211,1028164563
2026-05-15,4.934999942779541,4.953999996185303,4.8520002365112305,4.877999782562256,1047902445
2026-05-18,4.855000019073486,4.885000228881836,4.818999767303467,4.8520002365112305,583576370
2026-05-19,4.8429999351501465,4.874000072479248,4.789000034332275,4.86899995803833,967499889
2026-05-20,4.84499979019165,4.881999969482422,4.840000152587891,4.870999813079834,959720086
2026-05-21,4.896999835968018,4.953999996185303,4.801000118255615,4.808000087738037,1205577337
2026-05-22,4.828000068664551,4.868000030517578,4.807000160217285,4.861999988555908,1325051845
2026-05-25,4.880000114440918,4.938000202178955,4.872000217437744,4.936999797821045,1625055928
2026-05-26,4.9120001792907715,4.974999904632568,4.909999847412109,4.9720001220703125,968675161
2026-05-27,4.9629998207092285,4.993000030517578,4.913000106811523,4.932000160217285,640521540
2026-05-28,4.916999816894531,4.947999954223633,4.866000175476074,4.932000160217285,439649824
2026-05-29,4.946000099182129,4.978000164031982,4.900000095367432,4.922999858856201,656685445
2026-06-01,4.922999858856201,4.940000057220459,4.861000061035156,4.868000030517578,499092716
2026-06-02,4.867000102996826,4.955999851226807,4.855999946594238,4.935999870300293,680943744
2026-06-03,4.938000202178955,5.015999794006348,4.927999973297119,4.965000152587891,760461891
2026-06-04,4.919000148773193,4.960999965667725,4.909999847412109,4.926000118255615,609728284
2026-06-05,4.908999919891357,4.947999954223633,4.824999809265137,4.8429999351501465,618292734
2026-06-08,4.789999961853027,4.808000087738037,4.704999923706055,4.738999843597412,923272364
2026-06-09,4.763999938964844,4.828000068664551,4.741000175476074,4.826000213623047,436164482
2026-06-10,4.789999961853027,4.814000129699707,4.750999927520752,4.783999919891357,393162295
2026-06-11,4.765999794006348,4.793000221252441,4.7179999351501465,4.750999927520752,416068768
2026-06-12,4.809999942779541,4.8460001945495605,4.789000034332275,4.817999839782715,780885896
2026-06-15,4.857999801635742,4.920000076293945,4.839000225067139,4.919000148773193,1623300671
2026-06-16,4.920000076293945,4.933000087738037,4.89300012588501,4.909999847412109,908529432
2026-06-17,4.8979997634887695,4.960000038146973,4.894000053405762,4.958000183105469,1391186980
2026-06-18,4.942999839782715,5.000999927520752,4.940999984741211,4.984000205993652,1293343039
2026-06-22,4.982999801635742,5.09499979019165,4.953999996185303,5.091000080108643,1913157765
2026-06-23,5.078999996185303,5.09499979019165,4.914999961853027,4.941999912261963,2617335439
2026-06-24,4.928999900817871,4.978000164031982,4.915999889373779,4.9670000076293945,2590673409
2026-06-25,4.9730000495910645,5.054999828338623,4.966000080108643,5.047999858856201,2640608736
2026-06-26,5.007999897003174,5.014999866485596,4.880000114440918,4.9070000648498535,958242943
2026-06-29,4.896999835968018,4.966000080108643,4.866000175476074,4.959000110626221,1484805733
2026-06-30,4.947000026702881,5.021999835968018,4.941999912261963,5.019000053405762,2029721263
2026-07-01,5.008999824523926,5.053999900817871,4.956999778747559,4.998000144958496,962619027
2026-07-02,4.954999923706055,4.960000038146973,4.835000038146973,4.849999904632568,1369153610
2026-07-03,4.829999923706055,4.927000045776367,4.828000068664551,4.875999927520752,1998330782
2026-07-06,4.900000095367432,4.914000034332275,4.830999851226807,4.876999855041504,617991815
2026-07-07,4.857999801635742,4.876999855041504,4.796000003814697,4.826000213623047,698696778
2026-07-08,4.835999965667725,4.872000217437744,4.793000221252441,4.797999858856201,484684769
2026-07-09,4.813000202178955,4.925000190734863,4.7769999504089355,4.915999889373779,955859248
2026-07-10,4.918000221252441,4.948999881744385,4.827000141143799,4.828999996185303,824280021
2026-07-13,4.802000045776367,4.821000099182129,4.718999862670898,4.74399995803833,1619052968
2026-07-14,4.74399995803833,4.8379998207092285,4.696000099182129,4.836999893188477,1808440038
2026-07-15,4.828999996185303,4.869999885559082,4.818999767303467,4.8379998207092285,722032704
2026-07-16,4.775000095367432,4.824999809265137,4.723999977111816,4.752999782562256,1657822791
2026-07-17,4.71999979019165,4.730000019073486,4.546000003814697,4.589000225067139,3164775715
2026-07-20,4.630000114440918,4.684999942779541,4.577000141143799,4.650000095367432,4010453802
2026-07-21,4.677000045776367,4.789000034332275,4.617000102996826,4.7870001792907715,2738832112
2026-07-22,4.75,4.822999954223633,4.75,4.764999866485596,1265037941
2026-07-23,4.77400016784668,4.795000076293945,4.755000114440918,4.7870001792907715,581178559
2026-07-24,4.75,4.758999824523926,4.698999881744385,4.701000213623047,1024763152
2026-07-27,4.702000141143799,4.757999897003174,4.673999786376953,4.752999782562256,971592730
2026-07-28,4.690000057220459,4.699999809265137,4.609000205993652,4.626999855041504,1685398667
2026-07-29,4.624000072479248,4.685999870300293,4.573999881744385,4.6570000648498535,1509202712
2026-07-30,4.630000114440918,4.65500020980835,4.535999774932861,4.605000019073486,1512038903
2026-07-31,4.679999828338623,4.703000068664551,4.644000053405762,4.6529998779296875,1501626267
2026-08-03,4.624000072479248,4.638000011444092,4.591000080108643,4.598999977111816,926392107
2026-08-04,4.618000030517578,4.671999931335449,4.614999771118164,4.651000022888184,1173042866
2026-08-05,4.619999885559082,4.736999988555908,4.61299991607666,4.714000225067139,1424565836
2026-08-06,4.688000202178955,4.730999946594238,4.668000221252441,4.709000110626221,878355996
2026-08-07,4.705999851226807,4.763999938964844,4.705999851226807,4.750999927520752,943535585
2026-08-10,4.755000114440918,4.771999835968018,4.71999979019165,4.758999824523926,561085163
2026-08-11,4.75,4.775000095367432,4.7220001220703125,4.728000164031982,535321917
2026-08-12,4.7270002365112305,4.758999824523926,4.71999979019165,4.748000144958496,901013743
2026-08-13,4.769999980926514,4.785999774932861,4.724999904632568,4.729000091552734,915582741
2026-08-14,4.736999988555908,4.742000102996826,4.701000213623047,4.72599983215332,685952984
2026-08-17,4.730000019073486,4.802000045776367,4.724999904632568,4.801000118255615,835656114
2026-08-18,4.794000148773193,4.802999973297119,4.750999927520752,4.7870001792907715,657644405
2026-08-19,4.748000144958496,4.749000072479248,4.626999855041504,4.6539998054504395,1532722915
2026-08-20,4.670000076293945,4.689000129699707,4.631999969482422,4.6529998779296875,748866292
2026-08-21,4.6479997634887695,4.692999839782715,4.640999794006348,4.679999828338623,727384630
2026-08-24,4.677999973297119,4.691999912261963,4.5929999351501465,4.626999855041504,922973800
2026-08-25,4.60099983215332,4.638999938964844,4.586999893188477,4.616000175476074,745256800
2026-08-26,4.614999771118164,4.679999828338623,4.611000061035156,4.6519999504089355,846320851
2026-08-27,4.658999919891357,4.693999767303467,4.64900016784668,4.690999984741211,641929734
2026-08-28,4.684000015258789,4.705999851226807,4.675000190734863,4.678999900817871,604693322
2026-08-31,4.639999866485596,4.691999912261963,4.618000030517578,4.684999942779541,673126494
2026-09-02,4.650000095367432,4.6539998054504395,4.60099983215332,4.619999885559082,636459777
