date,open,high,low,close,volume
2018-01-02,20.16064874827479,20.883152344818875,20.16064874827479,20.577478408813477,67591307
2018-01-03,20.66084293365658,21.174932347230214,20.591371104781242,20.820627212524414,71850339
2018-01-04,21.035989687541196,21.09156688476454,20.424639193019527,20.598318099975586,51686593
2018-01-05,20.751155897665342,21.015147246995753,20.466321277902576,20.910940170288086,47990820
2018-01-08,20.78589299928805,20.87620545379345,20.36211601453082,20.473270416259766,65857890
2018-01-09,20.508003696271416,20.77894234127236,20.38990199779784,20.681682586669922,39867797
2018-01-10,20.605267772139147,21.376402631248983,20.549690568558756,21.209671020507812,79928286
2018-01-11,21.202721991004612,21.640392268198287,21.119355529838465,21.480607986450195,54074486
2018-01-12,21.619550907583506,21.939119460154387,21.55007907983095,21.89048957824707,48734315
2018-01-15,21.869650508799698,22.508790348133896,21.74460146741105,22.189220428466797,67314601
2018-01-16,22.091955470687957,22.425418639475623,21.911330581393273,22.15447998046875,65281903
2018-01-17,22.300373084823512,23.002037431398684,21.883544721606853,22.015541076660156,102654638
2018-01-18,22.300370636876984,22.75193685590099,22.300370636876984,22.453208923339844,81103971
2018-01-19,22.689412099193092,23.168764924129434,22.376789539395574,22.55046844482422,84132890
2018-01-22,22.355950291833047,23.37023452580003,22.33510966994316,22.9811954498291,94572955
2018-01-23,23.064562058853653,23.738434494203812,23.064562058853653,23.65506935119629,86899482
2018-01-24,23.79401205759934,24.55819824611257,23.23824004321426,23.516124725341797,117648367
2018-01-25,23.627279480571076,23.634228121552642,22.85614728981006,23.210451126098633,78904029
2018-01-26,23.05761024203807,23.82874499650939,23.05761024203807,23.252132415771484,70667394
2018-01-29,23.272976582408276,23.67591297141991,22.79362369042941,22.911724090576172,68492095
2018-01-30,22.85614956269266,23.03677449422458,22.515737674255572,22.62689208984375,36571313
2018-01-31,22.467103661552706,23.61338551525502,22.38373852768721,23.57864761352539,66479420
2018-02-01,23.655067466812856,24.259469343197917,23.51612380611528,23.932954788208008,69284961
2018-02-02,23.648119074751815,24.02326612549824,23.40496703069189,23.967687606811523,49473207
2018-02-05,23.50223150112786,24.391466677124253,23.48138822972616,24.238628387451172,74328591
2018-02-06,23.68980156076199,24.09968388220062,23.266027259049988,24.051054000854492,141691337
2018-02-07,24.023267599885543,24.266417008738717,22.300370516672373,22.50183868408203,150288262
2018-02-08,22.196164783715762,22.494892714946385,21.4180826994624,21.73070526123047,106982961
2018-02-09,21.070727318860953,21.404190539865933,19.868869464989857,21.334718704223633,132753969
2018-02-12,21.119352335779162,21.286083907830278,20.424636789700475,20.876201629638672,87696616
2018-02-13,21.105459763063596,21.723757560355967,21.084619142692254,21.47365951538086,79926773
2018-02-14,21.50145131882136,21.862702473651535,21.133251522959124,21.793231964111328,33494293
2018-02-22,22.14753244861675,22.369842550696507,21.66123233016281,21.883541107177734,67768109
2018-02-23,21.883543104667766,22.300371437085666,21.68902224449178,22.07806396484375,51500754
2018-02-26,22.15448093362889,22.474049486199768,21.695968725552902,21.89048957824707,71861812
2018-02-27,21.932175383801226,21.987752589197893,21.293036859207024,21.44587516784668,71533820
2018-02-28,21.105463910511094,21.36250932114376,20.848419824943566,21.04988670349121,53257706
2018-03-01,20.862313983028294,21.438927989632216,20.848419350323354,21.11935806274414,40276961
2018-03-02,20.924834920943265,21.161037011142906,20.855363094383428,20.8623104095459,33875997
2018-03-05,20.9109396465626,21.24440281370132,20.78589062761937,20.945674896240234,33620119
2018-03-06,21.112408299444912,21.167985498758117,20.487164475905118,20.869258880615234,61883656
2018-03-07,21.1888264580555,21.591761465566748,21.08461937983214,21.376399993896484,84233444
2018-03-08,21.431978102880336,21.577867753589913,21.126302845357724,21.480607986450195,40500723
2018-03-09,21.6751288811197,21.883543046777312,21.52229058957683,21.640392303466797,35510045
2018-03-12,21.841861334704237,21.876596588653562,21.39724239877584,21.425031661987305,58173696
2018-03-13,21.46671354641335,21.80017674391506,21.279140000919273,21.34861183166504,37374686
2018-03-14,21.237456710403766,21.258298656438335,20.987358658248578,21.112407684326172,26317599
2018-03-15,20.98735973786413,21.313876950544273,20.98735973786413,21.202722549438477,24195976
2018-03-16,21.23745702314937,21.31387616800324,20.910941147522273,20.931781768798828,36802429
2018-03-19,20.848418504857637,21.355560652435837,20.7719993531446,21.334718704223633,32273332
2018-03-20,21.223562491413695,21.605656892403292,21.195774554560145,21.529237747192383,38239459
2018-03-21,21.73070294815026,22.091954028216964,21.619548565812078,21.716808319091797,58514545
2018-03-22,21.730705204182115,21.90438411024956,21.23050910666634,21.695968627929688,44627524
2018-03-23,21.049885950949655,21.119357788507145,20.737264669538575,21.056833267211914,86642819
2018-03-26,21.022095879732646,21.022095879732646,19.973075081653654,20.223173141479492,90578029
2018-03-27,20.528844316655995,20.626105396330686,19.799393506952093,19.95223045349121,80543133
2018-03-28,19.729923748080335,20.452428643745897,19.62571666795374,19.938339233398438,78797873
2018-03-29,19.959182695115015,20.69558232629097,19.590984204592143,20.362117767333984,67949417
2018-03-30,20.403798963231274,20.494111413550556,20.132858962143573,20.209278106689453,35675322
2018-04-02,20.146754466506174,20.57053144999486,20.077282634367293,20.153701782226562,47738697
2018-04-03,20.04949373330514,20.12591155242805,19.83413093151487,20.01475715637207,30225398
2018-04-04,20.063389482430694,20.334329515245347,19.882764560641032,19.980024337768555,37782179
2018-04-09,20.04949529408632,20.264856787576786,19.89665699381274,20.035600662231445,27742411
2018-04-10,20.035601799232023,21.06378076367048,19.875817499028432,21.042940139770508,58601460
2018-04-11,21.077673863809206,21.501450853164894,20.876205680323714,21.181880950927734,56043306
2018-04-12,21.188826747999293,21.188826747999293,20.695579285962268,20.79283905029297,33767498
2018-04-13,20.876203979323147,21.08461946164344,20.508005546500954,20.521900177001953,26010873
2018-04-16,20.285695836279217,20.285695836279217,19.417301345429333,19.52845573425293,91462703
2018-04-17,19.625717571888067,19.653506834569715,19.160258022490247,19.236677169799805,61074971
2018-04-18,19.64656225532854,19.695192146729763,19.007423700344297,19.549301147460938,65977970
2018-04-19,19.577088029678674,19.97307575436348,19.46593362713785,19.618770599365234,42432862
2018-04-20,19.486774596334996,19.625718264516877,19.313095673640156,19.597929000854492,39799455
2018-04-23,19.403409163725154,19.764661635514177,19.389514532102883,19.653507232666016,30152180
2018-04-24,19.660452077318233,20.494111375146783,19.660452077318233,20.04949378967285,67026412
2018-04-25,20.0494910706,20.20927532807695,19.87581218419512,20.02170181274414,25167546
2018-04-26,20.21622415966798,20.36906111415062,19.834129785864118,20.007808685302734,33960749
2018-04-27,20.077281060196988,20.45242812929434,19.688240685813163,20.376008987426758,57507932
2018-05-02,20.827575851559825,20.910942316521353,20.403800186111667,20.535795211791992,49057035
2018-05-03,20.382958560045065,20.619162001918486,19.97307619473913,20.35516929626465,32174138
2018-05-04,20.341274478407893,20.348221793836924,19.87581494518236,19.966127395629883,33769717
2018-05-07,19.986969154721486,20.146753432897857,19.813290245817196,20.09812355041504,30749361
2018-05-08,20.14675473116281,20.765051262684594,20.063388266488023,20.61916160583496,50312902
2018-05-09,20.63305420865072,20.771996536026776,20.51495250159539,20.667789459228516,22262572
2018-05-10,20.84146673063699,20.973463057615827,20.4246371310113,20.73031234741211,32219188
2018-05-11,20.65389441117739,20.980411590289215,20.619159161302232,20.897045135498047,43534500
2018-05-14,21.188827825951773,21.682075313082084,21.049884162640854,21.411136627197266,70766757
2018-05-15,21.431978893970083,21.431978893970083,21.063779108248234,21.230510711669922,32987550
2018-05-16,21.105460518354878,21.126302464536955,20.7581026990431,20.820627212524414,34451912
2018-05-17,20.841469754250284,20.987359406498854,20.563583755873275,20.702526092529297,29046705
2018-05-18,20.681684614612184,21.237456588357713,20.542740958643346,21.16103744506836,39401791
2018-05-21,21.341664447383987,21.52923799227425,20.93872942043358,21.029043197631836,41521642
2018-05-22,20.938729930352046,21.008201762566017,20.584424778619294,20.716421127319336,36542624
2018-05-23,20.702528790707916,20.785895263618723,20.501061912526588,20.570533752441406,29651343
2018-05-24,20.563584418183975,20.619161619649404,20.14675474466075,20.21622657775879,35522498
2018-05-25,20.20233204480932,20.44548279930768,20.139807527222175,20.292644500732422,25150520
2018-05-28,20.30653660434753,20.36906111415062,19.73687002619924,20.007808685302734,60507216
2018-05-29,19.903603839543184,20.132859959472643,19.736872236418574,20.105072021484375,48053415
2018-05-30,19.799395545700545,19.889707994985706,19.646558583423772,19.660451889038086,33958888
2018-05-31,19.72297557128815,20.160647143794513,19.702134951212035,19.993915557861328,52292583
2018-06-01,19.993916903276315,20.13285923837114,19.799396044065624,19.868867874145508,29325987
2018-06-04,20.084231122293406,20.34127651869009,19.882764254903627,20.3204345703125,43334396
2018-06-05,20.264856616279804,20.389905651786602,20.077283063019603,20.327381134033203,37288225
2018-06-06,20.26485403950042,20.327378549303507,19.980020750426274,20.007808685302734,34560815
2018-06-07,20.077281951904297,20.334327324561222,19.98002218525489,20.077281951904297,49443068
2018-06-08,19.9730735813148,19.993915526423,19.577085899713023,19.590980529785156,42621627
2018-06-11,19.590982841248948,19.903604104367755,19.410356604194412,19.88970947265625,37833156
2018-06-12,19.88276226061139,20.11896435987374,19.88276226061139,19.966127395629883,31197155
2018-06-13,19.973073149313713,20.125910101606863,19.868866076156344,19.945283889770508,26753233
2018-06-14,19.903603475660226,20.18148947578752,19.750766506856454,19.848026275634766,34338356
2018-06-15,19.778554805933478,20.202331792040813,19.743819552181893,20.105072021484375,41954931
2018-06-19,19.89665600235263,20.313485661772884,19.764660981503766,20.139806747436523,120609433
2018-06-20,19.993914694236686,20.063385191576135,19.67434484120305,19.80634117126465,36452637
2018-06-21,19.813288252234457,20.18843396868738,19.813288252234457,19.903600692749023,31621666
2018-06-22,19.91749625146761,19.99391539128296,19.646557592216602,19.882761001586914,22199749
2018-06-25,19.924445102215145,19.945285723724,19.20888750396056,19.222782135009766,48216015
2018-06-26,19.09078598115155,19.097733296745652,18.20155078614604,18.687850952148438,62322818
2018-06-27,18.53501322334444,18.673955554327488,18.132078210883254,18.29186248779297,44268936
2018-06-28,18.236284798505405,18.27102004904804,17.784719916126818,17.958398818969727,43970014
2018-06-29,18.04870867894924,18.472485565177347,18.041761364823323,18.36827850341797,30911069
2018-07-02,18.36828446279379,18.569751337550205,17.57630762133256,17.673568725585938,43518710
2018-07-03,17.673565439401756,17.69440605960126,17.15947604846442,17.520727157592773,65858403
2018-07-04,17.492939811721474,17.72219591709476,17.34010152476268,17.402626037597656,36964950
2018-07-05,17.48599515852419,17.72914593155996,17.326210856982012,17.673568725585938,49592511
2018-07-06,17.708303397592097,18.18765761145276,17.35399822430944,17.951454162597656,44125891
2018-07-09,18.062607177773806,18.77121746968668,18.062607177773806,18.72258758544922,52705816
2018-07-10,18.76427057393727,18.826795090803028,18.451647989608485,18.618379592895508,32684186
2018-07-11,18.118184412130603,18.611433221189102,18.06260721217267,18.47943687438965,31671258
2018-07-12,18.50813178928042,18.97442303966616,18.29292149546675,18.680301666259766,46942652
2018-07-13,18.85247009389102,18.86681644334954,18.630084573863094,18.816600799560547,24706106
2018-07-16,18.77355783427993,19.067679187929052,18.35030976570708,18.414873123168945,35932194
2018-07-17,18.292918669589415,18.41487151545095,18.005971199407412,18.199661254882812,28936901
2018-07-18,18.34313743583239,18.60856474621305,18.08488398446458,18.142274856567383,33235525
2018-07-19,18.350308093734633,18.5726922112445,18.29291859991681,18.379003524780273,39528670
2018-07-20,18.379005836799983,19.69179187026615,18.22118368274236,19.64157485961914,101089231
2018-07-23,19.648749697706982,20.19395066887396,19.354628319195992,19.98591423034668,92410884
2018-07-24,19.9859144846764,20.51676774455582,19.777876675228047,19.90700340270996,69453892
2018-07-25,20.2298152594021,20.409157588410014,19.978735725136342,20.24416160583496,43021684
2018-07-26,20.344598546547317,20.767846642050564,20.000260162083304,20.17243003845215,45865724
2018-07-27,20.172429092084357,20.430681157974654,19.806570516443358,20.150907516479492,30843001
2018-07-30,20.15090858606304,20.696109549195608,20.014608003211478,20.523941040039062,38339128
2018-07-31,20.51676768917915,20.610025120845645,20.050477794299248,20.366119384765625,34827776
2018-08-01,20.581330516137598,20.868278031022715,19.97874005074201,19.993087768554688,53686611
2018-08-02,19.942868537278343,20.15808017570204,19.368973571362208,19.49810028076172,57192390
2018-08-03,19.60570677653907,19.899828138018297,19.498101633995827,19.5411434173584,29811645
2018-08-06,19.64157468264815,20.150907697003937,19.512449332683023,19.79222297668457,38596405
2018-08-07,19.792222867828272,20.445028945757226,19.720485650504227,20.430681228637695,51396000
2018-08-08,20.516767380895633,20.516767380895633,20.093519278661987,20.16525650024414,28244143
2018-08-09,20.043302965508843,20.775018770074702,20.014607530523616,20.63871955871582,40392118
2018-08-10,20.667413000018822,20.696108434135706,20.179601566220622,20.401987075805664,27144565
2018-08-13,20.172432019398105,20.172432019398105,19.54831991902544,19.87830924987793,46760018
2018-08-14,19.842439819976605,19.935698619139274,19.541144581935313,19.734834671020508,26591733
2018-08-15,19.734833591941115,19.749181309223733,19.060505930668068,19.153764724731445,38443306
2018-08-16,18.859643446890026,19.469406383142204,18.795080087100608,19.182458877563477,38370246
2018-08-17,19.44071337749923,19.512450599876647,18.96724962539148,19.024639129638672,25936325
2018-08-20,19.361800200354143,19.447885131544034,18.952899855817677,19.34027862548828,36955056
2018-08-21,19.397668288959853,19.670268045655902,19.29006178957671,19.440710067749023,36990629
2018-08-22,19.505275890588436,19.512449749340846,19.239848589843927,19.39767074584961,20268137
2018-08-23,19.469405648704722,19.691791154378695,19.239847652901275,19.584184646606445,32131989
2018-08-24,19.476579795943533,20.30155436869905,19.34027922081132,19.87113380432129,48026975
2018-08-27,20.122210262825885,20.523938094816156,19.97873720992092,20.473722457885742,51080755
2018-08-28,20.495243380212344,20.810886296882305,20.47372317407422,20.531112670898438,36844355
2018-08-29,20.5382891223576,20.80371645153839,20.40916375580149,20.631547927856445,26096941
2018-08-30,20.610025225613015,20.710457885157133,20.143735328362812,20.186777114868164,27257333
2018-08-31,20.093518159746804,20.624371380656076,20.071996583988486,20.294382095336914,46088148
2018-09-03,20.315903842657946,20.40198878394237,20.057650387078382,20.186777114868164,26070101
2018-09-04,20.215470470944204,20.624370821348027,20.036128115975963,20.545459747314453,32822355
2018-09-05,20.337425941993075,20.43068337652701,19.856788314147956,19.863962173461914,35940314
2018-09-06,19.871131736829092,19.978736866727758,19.677441682047423,19.727657318115234,24591932
2018-09-07,19.835263410014402,20.22981739647646,19.79939548773309,20.208295822143555,39719587
2018-09-10,20.05764634631571,20.30155203449896,19.928521012812915,20.014604568481445,26378471
2018-09-11,20.050479831310344,20.158084992095652,19.46940950017676,19.655925750732422,33469330
2018-09-12,19.526799010480513,19.799400210628733,19.376152059035856,19.655925750732422,22987613
2018-09-13,20.043303666319087,20.100693170022506,19.5770137776946,19.91417694091797,30676478
2018-09-14,20.079172390591946,20.079172390591946,19.856788225942132,20.000261306762695,17546004
2018-09-17,19.892652173687434,19.928521462920674,19.634400132575486,19.691789627075195,16220219
2018-09-18,19.69179004099972,20.265684998060163,19.641573035017615,20.215469360351562,39937229
2018-09-19,20.201120629804976,20.552631444384915,20.05764621360876,20.373289108276367,43273486
2018-09-20,20.502419394578503,20.696109479833098,20.351772462674045,20.45220375061035,28658273
2018-09-21,20.58850196044705,21.736291885375977,20.409159613642714,21.736291885375977,77837295
2018-09-25,21.399128664317065,21.58564486830045,21.033270114381217,21.24848175048828,52738186
2018-09-26,21.341741509480055,22.231279478791595,21.09783578276696,21.843900680541992,74931799
2018-09-27,21.707600737187196,22.016069834048448,21.528258366293322,21.829553604125977,40257193
2018-09-28,22.001717882237887,22.317360777389112,21.736290622350246,22.01606559753418,55600815
2018-10-08,21.305874617193503,21.585648283293878,21.061968878648756,21.112184524536133,62333382
2018-10-09,21.040444456117495,21.298697878073636,20.803712608748878,21.090660095214844,42149330
2018-10-10,21.054794213956654,21.442173016177104,20.911319772675792,21.2341365814209,39000377
2018-10-11,20.559807535942102,20.853928889655915,20.165254900942667,20.409160614013672,61547691
2018-10-12,20.588502099940918,21.069139647363954,20.416332241761552,20.91849136352539,66130702
2018-10-15,20.91849224889906,20.93283996573353,20.480896463362892,20.617197036743164,34999884
2018-10-16,20.67458431761774,21.37760594779598,20.617194824710808,20.87544822692871,57769191
2018-10-17,21.090660334571144,21.16239754907016,20.215470148849096,20.803712844848633,66876404
2018-10-18,20.645890361993423,20.696105997512305,20.00025685311221,20.014604568481445,57441873
2018-10-19,19.907002222475867,21.076313823052967,19.72765986011122,20.954360961914062,76703229
2018-10-22,21.18392255513451,21.908465939211602,21.18392255513451,21.521085739135742,84079684
2018-10-23,21.635860583895486,21.635860583895486,20.62436985855518,20.81805992126465,59411438
2018-10-24,20.882623997568906,21.750640328336683,20.882623997568906,21.083486557006836,63582428
2018-10-25,20.63871758690701,21.320217683412324,20.617196012724246,21.277175903320312,55841884
2018-10-26,21.262830648712864,21.463694592851336,20.789366908069162,21.2341365814209,49576295
2018-10-29,21.377608344318304,21.377608344318304,19.67026971273204,19.97873878479004,95487744
2018-10-30,20.172430578294446,20.70328383452934,19.78505039850823,20.337425231933594,74357588
2018-10-31,20.6602399224459,20.789366644305655,20.36611855299808,20.739151000976562,66601308
2018-11-01,21.126529390689235,21.270002449815973,20.559806907559018,20.839580535888672,68260026
2018-11-02,21.449343458176994,21.84389742470988,21.09783263813578,21.7578125,122005102
2018-11-05,21.41348058409482,21.686080401416742,21.313047920219347,21.521085739135742,42833488
2018-11-06,21.5210833535594,21.599994430370014,21.06196734653103,21.427825927734375,37506553
2018-11-07,21.43499820207716,21.664557571551416,21.18391999343497,21.212614059448242,54986767
2018-11-08,21.5354293207075,21.786508879749036,21.377607179912157,21.528255462646484,47914976
2018-11-09,21.23413698533372,21.23413698533372,20.437856420798173,20.516767501831055,119302121
2018-11-12,20.373292437248043,20.58850409670769,20.25133957403634,20.48807144165039,68397744
2018-11-13,20.15808151562833,20.638719094634087,20.12221222270335,20.502418518066406,50035645
2018-11-14,20.502417487999832,20.55263312729829,20.08634328888949,20.201122283935547,53587479
2018-11-15,20.258510758335557,20.423505384347287,20.143731769086227,20.35894203186035,35412435
2018-11-16,20.35894401131365,20.574155663285786,20.222644803498937,20.430681228637695,49695528
2018-11-19,20.588504690571323,20.832410424030048,20.40916231998542,20.767847061157227,50288177
2018-11-20,20.653065368036494,20.68893329018048,20.30872702139602,20.387638092041016,33827788
2018-11-21,20.229816060353592,20.39481068118783,20.158078852255485,20.373289108276367,32337787
2018-11-22,20.380464799029188,20.409160232158808,20.158080665368868,20.30155372619629,27585849
2018-11-23,20.294384064233416,20.33742585165221,20.000261306762695,20.000261306762695,32538936
2018-11-26,20.086344935797175,20.337424521149373,20.021781574755934,20.2800350189209,27546954
2018-11-27,20.244166790961064,20.358945801462536,19.97874084227906,20.079172134399414,33765856
2018-11-28,20.136560260988862,20.33742419975104,20.12221254359007,20.287208557128906,29087389
2018-11-29,20.445028155297276,20.516765369847768,20.30155372619629,20.30155372619629,39794993
2018-11-30,20.272859579834638,20.50241757085444,20.23699028856682,20.48089599609375,25438081
2018-12-03,21.15522289848864,21.25565417406178,20.753496427922563,21.13370132446289,69025556
2018-12-04,21.105008917419646,21.25565584260496,21.02609784140432,21.212614059448242,32368558
2018-12-05,20.918491197944714,21.21261253690659,20.80371220558269,21.06913948059082,26230736
2018-12-06,20.731975555419922,20.911317906882505,20.645891992951075,20.731975555419922,37338023
2018-12-07,20.868277096259476,20.940014313835814,20.466550593415047,20.502418518066406,30522873
2018-12-10,20.30155435236227,20.445028785888475,20.244164852606513,20.330249786376953,26698642
2018-12-11,20.337424744890665,20.480897817903433,20.287209100922514,20.45220375061035,22729013
2018-12-12,20.803716260502814,20.803716260502814,20.380468130568612,20.416336059570312,20209393
2018-12-13,20.466549797043072,20.85392856764425,20.380464865646385,20.624370574951172,55152033
2018-12-14,20.495244750149634,20.523940184616563,20.229818822698682,20.323076248168945,39815540
2018-12-17,20.32307616140772,20.445029020824283,20.158081518748137,20.294382095336914,31130374
2018-12-18,20.12221320995687,20.27286151108578,19.97874013603861,20.02178192138672,41460993
2018-12-19,20.028956031814264,20.079171676729864,19.067680814569716,19.203981399536133,82965478
2018-12-20,18.995942211761044,19.08202714555436,18.400525638534216,18.5870418548584,101575505
2018-12-21,18.55834667757466,18.55834667757466,18.1135770547832,18.214008331298828,87574990
2018-12-24,18.077709120934937,18.264223957693233,17.87684519976063,18.257051467895508,64971791
2018-12-25,17.934237050015824,18.33596357681954,17.769242397541365,18.142274856567383,74992294
2018-12-26,18.077711133370535,18.09923134170641,17.826631546020508,17.826631546020508,44678702
2018-12-27,18.070537274500687,18.092057482836562,17.80510996941096,17.826631546020508,64018096
2018-12-28,17.89836685027296,18.19248819108022,17.869671417865653,18.077709197998047,61338228
2019-01-02,18.041839018286563,18.07770830702786,17.503812001628273,17.625764846801758,55516612
2019-01-03,17.50381326614452,17.97010310727954,17.489465549611488,17.8481502532959,37410758
2019-01-04,17.762067523730742,18.400525888386767,17.683156447371502,18.300094604492188,66853140
2019-01-07,17.76206536233061,18.400523649295003,18.142271612381307,18.307266235351562,45604029
2019-01-08,18.292918276007875,18.30009213364226,18.049012589532563,18.09205436706543,26928031
2019-01-09,18.092057264905005,18.723343155110715,18.092057264905005,18.4363956451416,63820048
2019-01-10,18.29291916199145,18.70899334702345,18.27139758804594,18.54399871826172,42630689
2019-01-11,18.543999672472246,19.06767901763153,18.47226245723603,18.98159408569336,49391033
2019-01-14,18.98159424484436,19.053331460682053,18.809425747798045,18.87398910522461,29424462
2019-01-15,18.873989251581996,19.2470216822118,18.86681539311524,19.225500106811523,36671891
2019-01-16,19.153762666343148,19.282888003189157,19.089199313783404,19.261367797851562,22995524
2019-01-17,19.26137069827869,19.26137069827869,18.96007546372122,18.98876953125,32368214
2019-01-18,18.988766601505567,19.555489056702463,18.981592743661793,19.440710067749023,54639785
2019-01-21,19.42636291476174,19.871132536044534,19.390494992777402,19.60570526123047,41558808
2019-01-22,19.584181756482227,19.69178824837451,19.196803037799498,19.354623794555664,34907241
2019-01-23,19.333106283948403,19.67026941646158,19.31158470891726,19.483753204345703,27325047
2019-01-24,19.49810245020681,20.115040633415074,19.49810245020681,19.993087768554688,54340953
2019-01-25,19.993083686600176,20.538283169432592,19.97873597171685,20.459373474121094,53648170
2019-01-28,20.459377443955432,20.90414574545196,20.445029726288148,20.5598087310791,57736588
2019-01-29,20.48807024845556,20.681760320206923,20.423506891205104,20.545459747314453,34662858
2019-01-30,20.516764800997006,20.653065368036494,20.31590087947952,20.387638092041016,26689204
2019-01-31,20.409161384406335,21.01175183141344,20.409161384406335,20.954360961914062,57142036
2019-02-01,20.95436135201963,21.11218350953381,20.717629484022027,21.018924713134766,39652160
2019-02-11,20.875450139264185,21.183919204999366,20.731975709716895,21.083486557006836,35363599
2019-02-12,21.083485519590763,21.219786084126643,20.78936418493731,21.03326988220215,39582711
2019-02-13,21.0332691082897,21.549775915621602,20.889796059354634,21.406301498413086,53577589
2019-02-14,21.270004092295583,21.59282089473751,21.15522508882149,21.420652389526367,45238656
2019-02-15,21.334565882580073,21.413476954763354,20.739149332777675,20.911317825317383,49566659
2019-02-18,21.054793487887007,21.51390949491538,21.054793487887007,21.427825927734375,44664584
2019-02-19,21.420653116226656,21.973026576082514,21.320220458574383,21.434999465942383,49367644
2019-02-20,21.714773748966554,21.83672661114708,21.506735950075335,21.62868881225586,33434029
2019-02-21,21.650209353234153,21.980198630252854,21.406303640536166,21.578472137451172,45313976
2019-02-22,21.571299755339773,21.980200134531387,21.377609669952054,21.973026275634766,41487507
2019-02-25,22.238451772526275,23.601454749977382,22.21693019758728,23.328853607177734,110184676
2019-02-26,23.163860296383607,23.67319195129156,22.468011051211114,22.589963912963867,94856286
2019-02-27,22.740609264019206,23.18537750107818,22.525397635010552,22.74778175354004,80834244
2019-02-28,22.740612116358513,23.027558254481235,22.56126975382658,22.769306182861328,48764347
2019-03-01,22.99169002208685,23.62297589599773,22.70474251952446,23.601455688476562,68267071
2019-03-04,23.67318924691758,24.23991170687264,23.314504561358223,23.450803756713867,95646115
2019-03-05,23.572761517037872,23.572761517037872,23.027559180548675,23.20690155029297,67380367
2019-03-06,23.17820700366454,23.393417282896493,22.798000717529593,23.113643646240234,54673630
2019-03-07,22.962994516755032,23.027557875666318,22.216931012397605,22.453662872314453,70772728
2019-03-08,22.051935822511503,22.38909895757618,21.779336044755272,22.080631256103516,77006601
2019-03-11,21.929984961483708,22.116501191980312,21.650211299875654,21.901290893554688,67530995
2019-03-12,22.17388732710758,22.47518252009019,21.8438980705556,21.994544982910156,83869724
2019-03-13,22.087804712344955,22.468009622601617,21.70042457554735,22.267147064208984,66661144
2019-03-14,22.22410336393798,22.88408325717563,22.22410336393798,22.561267852783203,67871540
2019-03-15,22.539749045965156,22.919955361756738,22.38192825343638,22.719091415405273,59594269
2019-03-18,22.805176607911193,23.35755144030373,22.661702163457072,23.21407699584961,59313092
2019-03-19,23.242771272379283,23.400590690511926,22.905606755216642,22.97734260559082,48675050
2019-03-20,22.869740103757717,23.2929896058479,22.740614737202947,23.14951515197754,46537913
2019-03-21,23.049079511462576,23.24276957720309,22.8984312264621,22.94147300720215,38622372
2019-03-22,23.013214199130832,23.22842449551451,22.747785521595155,23.20690155029297,43026848
2019-03-25,22.95582153458405,23.027557382260756,22.31018932757859,22.36040496826172,63921055
2019-03-26,22.66170113192554,22.704742915993087,22.389099973525912,22.589963912963867,40336190
2019-03-27,22.733438130439087,23.343202433289903,22.56126962756479,23.24277114868164,59415447
2019-03-28,23.077772671043512,23.422112396973137,22.919953261251827,23.328853607177734,38742255
2019-03-29,23.328850712172073,24.620114946253107,23.249939648795173,24.333166122436523,116415221
2019-04-01,24.534037752694672,25.143800740665654,24.318827447325358,24.447954177856445,104639618
2019-04-02,24.462296680259126,24.813808908084486,24.45512418997777,24.74207305908203,69428666
2019-04-03,24.677506637200885,25.072059230833954,24.612943286493884,25.007495880126953,58160643
2019-04-04,25.036197351628214,25.861170657996553,25.036197351628214,25.53118133544922,82285226
2019-04-08,25.610088903256678,26.018989254721976,25.57422097947935,25.775083541870117,81066201
2019-04-09,25.753567246483833,25.760739737709823,25.150976731240135,25.27292823791504,51123625
2019-04-10,25.14380009369454,25.416401266306753,24.763595139440156,25.15814781188965,67454117
2019-04-11,25.244231640347657,25.574223689084572,24.907069837261673,25.07923698425293,57251604
2019-04-12,25.00750162144515,25.10793291525858,24.820984015893764,24.964458465576172,36335801
2019-04-15,25.409224203210773,25.983121943363376,24.978803634643555,24.978803634643555,92492092
2019-04-16,24.892718639909923,25.89703415445547,24.820980058233545,25.825298309326172,84081516
2019-04-17,25.7463866639409,26.169634708483727,25.559871828833376,25.703346252441406,49478982
2019-04-18,25.681824042809417,25.681824042809417,25.201187857039745,25.46661376953125,32274070
2019-04-19,25.53834945571483,26.148115085502166,25.52400447592663,25.825298309326172,41174863
2019-04-22,25.681827977440705,25.9329089485218,24.67751230275887,24.964458465576172,71582971
2019-04-23,24.892723262343182,25.531181706811992,24.871200315570043,25.27292823791504,49569211
2019-04-24,25.488133665909917,25.75356231172039,24.97880205348505,25.68182373046875,54009831
2019-04-25,25.35900813440745,25.724868074421355,25.308792493471767,25.416399002075195,43378827
2019-04-26,25.22270822562929,25.2514036586635,24.63446553116356,24.648813247680664,51734443
2019-05-06,23.816664778464553,24.426427677715644,23.587106787931404,24.32599639892578,113367874
2019-05-07,24.51968824774484,24.51968824774484,23.931445512203048,24.182523727416992,61747624
2019-05-08,23.88840237613257,24.08926768498966,23.67319208629391,23.766450881958008,48174511
2019-05-09,23.67318997193456,23.85253232020679,22.970168295093057,23.25711441040039,58110375
2019-05-10,23.572757512799896,24.247083723335493,23.572757512799896,24.11078453063965,65477578
2019-05-13,23.709056925293115,23.881226776678602,23.4077631060522,23.529714584350586,34340859
2019-05-14,23.171033974879197,23.744929019450545,23.16386148406156,23.35755157470703,48864253
2019-05-15,23.67319190104519,24.28295484024108,23.522544972991707,24.12513542175293,44059100
2019-05-16,24.125133064405418,24.34751582126491,23.967310924791317,24.153825759887695,33464291
2019-05-17,24.175350114310966,24.24708596202741,23.65167076364882,23.89557647705078,35925693
2019-05-20,23.88840167218421,24.239913899915194,23.544064671279877,23.874053955078125,41830436
2019-05-21,23.881229698765118,24.462297203127783,23.77362318641418,24.12513542175293,50344418
2019-05-22,24.125134810240244,24.28295422472806,23.8884015836877,24.053396224975586,34508085
2019-05-23,23.89557602591761,24.103611074986603,23.63732260053858,23.92426872253418,38386013
2019-05-24,24.08926601244605,24.48381863918061,23.952964073658883,24.10361099243164,42990884
2019-05-27,24.01753010336849,24.35469463805185,23.52971863314264,24.23274040222168,47725947
2019-05-28,24.211216843452394,24.8209797285946,24.117958056785184,24.66316032409668,69457087
2019-05-29,24.32599859833029,24.885545908777218,24.28295544500847,24.569904327392578,37682884
2019-05-30,24.68468118369605,24.756417029772226,24.290128557182836,24.605770111083984,29730764
2019-05-31,24.534035776781177,24.892720502358248,24.397733829671626,24.541208267211914,30522399
2019-06-03,24.56990279952192,24.856851664062216,24.304476878577812,24.677509307861328,39481401
2019-06-04,24.677511351592585,24.684683842353866,24.218392582995577,24.41208267211914,32789127
2019-06-05,24.627293606090255,24.720549660769915,24.33316951556353,24.354692459106445,26927425
2019-06-06,24.48381748826732,24.48381748826732,23.94579045804389,24.318822860717773,30232510
2019-06-10,24.4120809513142,25.036194328901132,24.39773323425559,24.921415328979492,49305517
2019-06-11,24.921414868279676,25.495309857278798,24.921414868279676,25.409223556518555,52369707
2019-06-12,25.387704034990026,25.473787601527086,25.14379831601232,25.344663619995117,27091558
2019-06-13,25.34466427719346,25.46661577157095,25.021847473624646,25.287273406982422,25623223
2019-06-14,25.34466190205274,25.516829023456822,25.237055398764895,25.359006881713867,34183657
2019-06-17,25.323144556065554,25.81095606876543,25.294449117307288,25.538354873657227,26237633
2019-06-18,25.610087403156953,25.839645385742188,25.473785469620896,25.839645385742188,30228448
2019-06-19,26.535496661740282,26.757879435677832,26.234200075388415,26.399194717407227,65238879
2019-06-20,26.44223672503996,27.604374395737096,26.44223672503996,27.532638549804688,74229868
2019-06-21,27.532639629973627,27.618723195779197,26.901353762122596,27.03765296936035,59617631
2019-06-24,26.91570264371403,27.252867167815477,26.887007208354902,27.23134422302246,30881629
2019-06-25,26.908525958030566,26.908525958030566,24.928587546877328,25.91855812072754,243512152
2019-06-26,25.158148075787206,25.775086281911147,25.12228014819691,25.445096969604492,104997810
2019-06-27,25.739214819305513,26.22702622987056,25.645956031140905,26.148115158081055,92805629
2019-06-28,26.076379077288415,26.20550580050225,25.710521852547437,25.81095314025879,53062339
2019-07-01,26.363323602409732,26.70766056189231,26.327455682232838,26.470930099487305,81245491
2019-07-02,26.48527989033057,26.48527989033057,26.040511578925663,26.198333740234375,61223395
2019-07-03,26.105074242630657,26.17681283064445,25.86834374355343,25.932907104492188,47928441
2019-07-04,26.090727407947824,26.140943052983136,25.83247395545341,25.882692337036133,37917354
2019-07-05,25.9687759594474,26.277245057576145,25.825301514833285,26.162466049194336,36451591
2019-07-08,25.882689323346675,25.968772885305743,25.366182478498086,25.50965690612793,50610541
2019-07-09,25.524005348971226,25.61008891338027,25.251404202370875,25.315967559814453,28106075
2019-07-10,25.53835059332497,25.574221254034565,25.093582313307483,25.194013595581055,44487076
2019-07-11,25.437918635288913,25.86834192344494,25.33031486566025,25.753562927246094,59828966
2019-07-12,25.915628282359947,26.225023288932963,25.812496613502276,26.077693939208984,49746675
2019-07-15,25.790391138666635,26.28395337946219,25.414696856375997,26.0040225982666,42271763
2019-07-16,26.055590270827295,26.15135658883323,25.893527436656097,26.01139259338379,27014554
2019-07-17,25.864066103909813,26.09242831433813,25.79039860850744,25.93773078918457,22637619
2019-07-18,26.004027183741165,26.210293337370352,25.83459617870357,26.018760681152344,33890048
2019-07-19,26.283954818898348,26.88064874593675,26.210290150925342,26.792247772216797,49864204
2019-07-22,26.784882429470276,27.086912064362735,26.585984453790807,26.792247772216797,33732997
2019-07-23,26.792250236474594,26.88801656174932,26.527052911176714,26.67438507080078,25079506
2019-07-24,26.843815920164847,27.22687840898663,26.696486571494866,26.836450576782227,34263449
2019-07-25,27.072177868714412,27.609937799367525,27.072177868714412,27.447872161865234,50994342
2019-07-26,27.293177935463536,27.52890826717688,27.278444438465552,27.418411254882812,23391862
2019-07-29,27.403677627565312,27.403677627565312,26.961681150109317,27.131114959716797,31750358
2019-07-30,27.10901290249669,27.381575566255467,27.035348229089614,27.0869140625,26183718
2019-07-31,26.88801615403196,27.109012985053365,26.851183817216256,26.93221664428711,27306707
2019-08-01,26.814352963267137,26.954316974957866,26.45338929820628,26.667020797729492,32231581
2019-08-02,26.188187649375653,26.490217274429774,26.07769065101548,26.335519790649414,48948013
2019-08-05,26.1660958097405,26.29132633673311,25.84933260482934,25.93773078918457,45212718
2019-08-06,25.414696979291378,25.834591748052134,25.34103231499633,25.69462776184082,58569559
2019-08-07,25.709363560295774,25.76829473498671,25.370498767846406,25.436798095703125,55056614
2019-08-08,25.63569781884272,26.143993636944828,25.63569781884272,26.048227310180664,45625739
2019-08-09,26.12188877479771,26.15135576558376,25.716727486933767,25.77566146850586,33614193
2019-08-12,25.77566321840285,26.121890548199907,25.63569640773031,26.085058212280273,39225849
2019-08-13,25.922991117708555,25.96719160442562,25.63569497936501,25.672527313232422,29736510
2019-08-14,25.94509270037737,26.077691350065564,25.63569491439593,25.679895401000977,37749308
2019-08-15,25.193705851874117,25.738831234766725,25.120038360856572,25.687265396118164,30054809
2019-08-16,25.701996175522613,26.077693314651622,25.42943351290843,25.900894165039062,40844467
2019-08-19,25.760926959167204,26.0040225982666,25.370496371936653,26.0040225982666,71493374
2019-08-20,25.78302838791096,26.195557853763287,25.709363716567765,26.026126861572266,38036943
2019-08-21,25.95982734652472,26.22502184752834,25.90089336177254,26.114524841308594,29982516
2019-08-22,26.2176575364007,26.25448987325697,25.886160884439946,26.033493041992188,22862467
2019-08-23,25.94509563088829,26.917483965015496,25.94509563088829,26.718585968017578,70609852
2019-08-26,26.151354680742536,26.37235148221641,25.613594766776284,25.78302574157715,86736265
2019-08-27,26.062962777960564,26.239759137524622,25.598867416381836,25.598867416381836,81751179
2019-08-28,25.783028533493262,25.841962519002255,25.348400225809293,25.41469955444336,51476226
2019-08-29,25.41469724817883,25.451529580716038,24.825371497202948,24.994802474975586,71161785
2019-08-30,25.26000410966127,25.333668787404537,25.009540271155903,25.252635955810547,59657969
2019-09-02,25.252632551566276,25.532563347483112,25.23053371324785,25.296833038330078,50798281
2019-09-03,25.318934644584825,25.385233976915078,25.053737315263813,25.156871795654297,40716969
2019-09-04,25.1274016736691,25.827227247797865,25.053734196845234,25.701993942260742,63463616
2019-09-05,25.805128270466604,26.44602273959448,25.805128270466604,26.166091918945312,72370246
2019-09-06,26.446022099252872,26.512321428587434,26.188190125117522,26.43865394592285,47316276
2019-09-09,26.58598402168964,26.843813165531632,26.033490590490874,26.151355743408203,75615132
2019-09-10,26.306052160761567,26.32815380799771,25.598861271994455,25.78302574157715,67533066
2019-09-11,25.922990206278907,25.959825348978175,25.569394755355344,25.81985855102539,60908940
2019-09-12,26.077693058230945,26.099791897917537,25.760929908796555,25.996660232543945,52582171
2019-09-16,26.151354680742536,26.180821670306198,25.650427098667464,25.78302574157715,46166805
2019-09-17,25.83459739865211,25.91563023317643,25.50310071656509,25.628334045410156,44307090
2019-09-18,25.635698318481445,25.738829990794148,25.56939898483366,25.635698318481445,35374807
2019-09-19,25.7388288920892,25.753562388951703,25.311568723585264,25.42206573486328,53845325
2019-09-20,25.569397893361156,25.60623023045383,25.326302220447772,25.42206573486328,69494464
2019-09-23,25.341035409033843,25.341035409033843,24.95797292565024,25.075838088989258,61025444
2019-09-24,25.230537139680145,25.230537139680145,25.02427379369139,25.10530662536621,36571835
2019-09-25,25.083200507178244,25.392598281192083,24.950601862619003,25.304197311401367,46779376
2019-09-26,25.377868078092224,26.239756569399475,25.25263475970761,25.94509506225586,108440812
2019-09-27,25.893532267314672,26.291325489152957,25.65043375551528,25.93036460876465,67267796
2019-09-30,25.628334413018333,26.026130437228673,25.562035075649945,25.598867416381836,39120377
2019-10-08,25.562029772676766,25.856691247530335,25.41469763018654,25.643062591552734,64588657
2019-10-09,25.42943426997727,26.27658927633072,25.41470077289366,25.91562843322754,82161376
2019-10-10,25.93772602734166,26.062959341470613,25.79776202696422,25.86406135559082,37870052
2019-10-11,26.004023848882987,26.792247593468637,26.004023848882987,26.73331642150879,104387314
2019-10-14,26.961681150109317,27.58047397044595,26.961681150109317,27.131114959716797,87433443
2019-10-15,27.418412910706515,27.418412910706515,26.86591938548891,26.99114990234375,45810496
2019-10-16,27.23424585347209,27.587841339303388,26.814351038414475,27.11638069152832,51489760
2019-10-17,27.11637984428239,27.36684365685309,26.917481862817972,27.256343841552734,34258778
2019-10-18,27.330012493089644,27.462611166716155,26.593354444110112,26.65228843688965,45434980
2019-10-21,26.593352176936516,26.88801649545817,26.350256502764275,26.681753158569336,35942551
2019-10-22,26.865919472085803,26.87328481598973,26.27659079518553,26.615455627441406,33207388
2019-10-23,26.556518080082242,26.740682564424183,26.387087091702902,26.519685745239258,31347067
2019-10-24,26.65228542286507,27.072180238488603,26.490219771176296,26.888015747070312,43122021
2019-10-25,27.013245298973946,27.013245298973946,26.54915282027097,26.814350128173828,24614215
2019-10-28,26.873284143405797,27.20478081333366,26.59335330989701,26.667020797729492,32808346
2019-10-29,26.71858424831075,26.792248919438016,26.453386936049274,26.630186080932617,26610094
2019-10-30,26.600719345536415,26.68911751376895,26.011393540441013,26.085058212280273,48326260
2019-10-31,26.298687887086587,26.423918382630724,25.989290104349287,26.151355743408203,50704205
2019-11-01,26.202924533931053,27.079546532206592,26.062960527186053,26.961681365966797,66855574
2019-11-04,27.234247120505064,27.462609301698816,27.027980969911905,27.388944625854492,59640216
2019-11-05,27.396308314316688,28.10350208628442,27.241610818312875,27.742538452148438,72333061
2019-11-06,27.742534871317226,28.346594091187182,27.64676856276417,28.103498458862305,70844894
2019-11-07,28.088769613781214,28.27293410910606,27.860404627932617,28.110868453979492,35055161
2019-11-08,28.346593973823186,28.398159798955167,27.698334273429655,27.808834075927734,45708215
2019-11-11,27.646775459309264,27.76464063380446,27.381578114163215,27.484712600708008,39293988
2019-11-12,27.484709812839235,27.61730847196232,27.190045501426347,27.403676986694336,36383152
2019-11-13,27.29317617661051,27.53627464622047,27.18267917143719,27.256343841552734,39293401
2019-11-14,27.396307434648094,27.440507922141556,26.998514287714908,27.0648136138916,29291220
2019-11-15,27.241611971485394,27.300545959197073,26.961681150109317,27.131114959716797,31500856
2019-11-18,27.13111247963893,27.911968074549613,27.057445001733335,27.624671936035156,57445530
2019-11-19,27.587844180892088,27.84567337103614,27.48471250483447,27.6394100189209,39018448
2019-11-20,27.433147020454538,27.528910543669753,26.88065348291429,26.94695281982422,48277448
2019-11-21,26.78488748108338,27.02798317934357,26.57125596949315,26.84381866455078,29743640
2019-11-22,27.03534757049935,27.145844577918222,26.578620424221754,26.689117431640625,32273896
2019-11-25,26.814354146004362,27.05008449721134,26.770153651355262,26.94695281982422,26416258
2019-11-26,27.101646190190273,27.10901153310806,26.519685745239258,26.519685745239258,44859522
2019-11-27,26.65965127637103,27.167947080896404,26.563887762291994,26.998516082763672,35069510
2019-11-28,26.932217885978996,27.167948224620307,26.84381690139303,26.983783721923828,20852093
2019-11-29,26.87328091662275,27.02797840730483,26.46075146467689,26.541784286499023,33478873
2019-12-02,26.593351298614646,26.799617438818157,26.4975877868661,26.600719451904297,19733974
2019-12-03,26.460755015855742,26.961682699686182,26.32079100218711,26.858551025390625,27680568
2019-12-04,26.57124894926792,26.829078077807388,26.54915011257218,26.7259464263916,23090627
2019-12-05,26.873282440370804,26.96168061004042,26.60808512123481,26.799617767333984,26477925
2019-12-06,26.865916798000015,26.94694962351461,26.65228531439374,26.82171630859375,25584640
2019-12-09,26.799618797549385,26.843816479019644,26.541786811754786,26.718585968017578,25078780
2019-12-10,26.57125139038995,26.78488286516443,26.556517894530298,26.608083724975586,22735572
2019-12-11,26.7333173051894,26.85118246313211,26.600718651237965,26.814350128173828,28077921
2019-12-12,26.88801479809039,26.946948782125258,26.69648497023112,26.814350128173828,25011328
2019-12-13,27.057445001733335,27.624671936035156,27.027978010571097,27.624671936035156,65495601
2019-12-16,27.440507591636646,27.60993857646373,27.33000777929739,27.46260643005371,35287693
2019-12-17,27.44050745646159,27.882501083387375,27.182678309109374,27.624671936035156,56312739
2019-12-18,27.661506357798952,28.103502828213323,27.661506357798952,27.985637664794922,54132237
2019-12-19,27.993005075456168,28.177169582531537,27.794107070599484,27.82357406616211,30188408
2019-12-20,27.860405723394074,28.01510323111907,27.551010707944076,27.654142379760742,28800748
2019-12-23,27.838304372973134,27.99300186675365,27.440508408857198,27.551008224487305,35874675
2019-12-24,27.587843334067035,28.103504508654026,27.587843334067035,28.000370025634766,34185644
2019-12-25,28.000367357270466,28.16243300501467,27.713071207270872,27.83830451965332,23502761
2019-12-26,27.830933448315015,28.06666374206543,27.764634127564786,28.06666374206543,19223976
2019-12-27,28.06666793897647,28.361332255290094,27.84567110680484,27.88987159729004,35953534
2019-12-30,27.69834114150197,27.93407148916457,27.337380276074356,27.867774963378906,44496289
2019-12-31,27.88250419602025,27.904605846922696,27.48471101143062,27.683609008789062,37680506
2020-01-02,28.015104838414995,28.81806222807607,28.007739494345792,28.641265869140625,82624452
2020-01-03,28.692827776868576,29.18638725557998,28.67072612743415,29.024324417114258,52010611
2020-01-06,28.86962466196568,29.584183787881614,28.655995987625367,28.90645980834961,54887720
2020-01-07,29.134823795775397,29.422119970669375,28.803327128541078,28.84016227722168,34767128
2020-01-08,28.295032501220703,28.295032501220703,28.295032501220703,28.295032501220703,36323418
2020-01-09,28.611795832530664,28.729660996006633,28.420265995679905,28.655996322631836,30335989
2020-01-10,28.655996901697037,28.935924914279617,28.545497079274764,28.75912857055664,28593121
2020-01-13,28.80332374572754,28.80332374572754,28.80332374572754,28.80332374572754,32780852
2020-01-14,28.589698791503906,28.589698791503906,28.589698791503906,28.589698791503906,33564638
2020-01-15,28.61179453424076,28.64862686925685,28.007735247570356,28.08139991760254,48859891
2020-01-16,28.155073712125926,28.25083724261933,27.816208847650064,27.96354103088379,45384826
2020-01-17,28.037203089624892,28.11823310506603,27.757272276787404,27.941436767578125,42135711
2020-01-20,28.15506945774225,28.47183262028544,27.993003799661388,28.22136878967285,58580886
2020-01-21,27.95616967888718,28.10350183046127,27.772005191951333,27.83830451965332,41720185
2020-01-22,27.772006796261575,28.066668306304457,27.366845463623097,27.86040496826172,53125460
2020-01-23,27.64677251521171,27.772005830473468,26.851183374623066,27.11638069152832,78750274
2020-02-03,24.899037280469745,26.15135631386324,24.899037280469745,25.805126190185547,113106226
2020-02-04,25.812493259241364,26.13662172069264,25.5472959679963,26.040855407714844,122967652
2020-02-05,26.03349381297639,26.158724324021843,25.65779946971276,26.048227310180664,80257198
2020-02-06,26.15135531658893,26.394453771209665,25.878792681814932,26.335519790649414,73070159
2020-02-07,25.85669406309762,26.121891386432317,25.790394732263948,26.092424392700195,67552464
2020-02-10,25.878796826484155,25.959829657669037,25.74619815911386,25.8566951751709,57504178
2020-02-11,26.00402673198894,26.409188068312154,25.89352971851565,26.202924728393555,55743628
2020-02-12,26.151358594845487,26.26922376061435,25.959828754268788,26.22502326965332,40538973
2020-02-13,26.17345387150498,26.188187366485888,25.930358229637072,25.981924057006836,42235080
2020-02-14,25.937726743182075,26.306055732355787,25.937726743182075,26.25448989868164,40339677
2020-02-17,26.2471271373778,26.644920349121094,26.062962624674025,26.644920349121094,66942541
2020-02-18,26.519689554173027,26.519689554173027,26.22502521285347,26.29869270324707,51639665
2020-02-19,26.22502393506455,26.43865543160587,26.12189226366592,26.173458099365234,41952131
2020-02-20,26.26922494954133,26.55652112847281,25.93036293388509,26.504955291748047,74600588
2020-02-21,26.44602254672319,26.468121386832912,26.129259391223624,26.25448989868164,73031468
2020-02-24,26.14398982196712,26.291319152256804,25.805125055971054,25.81985855102539,79856482
2020-02-25,25.643066195159413,25.841964193953217,25.414701201701206,25.510467529296875,87373432
2020-02-26,25.348399070178612,25.775662015258636,25.230533914661184,25.65779685974121,77970475
2020-02-27,25.628331904734253,26.04085857676076,25.562032573854683,25.94509506225586,68937853
2020-02-28,25.672528683847926,25.915627158579998,25.193702697753906,25.193702697753906,83534097
2020-03-02,25.223173044712603,25.694633750386725,25.120038556484854,25.598867416381836,70429063
2020-03-03,25.731464435577173,25.856694948033862,25.355767277952523,25.50309944152832,68607306
2020-03-04,25.547297473314334,25.63569563889574,25.370498332024507,25.620962142944336,56088606
2020-03-05,25.775663139085427,26.755416760142783,25.635696328843597,26.689117431640625,135541300
2020-03-06,26.401821359417884,26.53442001683024,26.085058212280277,26.085058212280273,67067378
2020-03-09,25.694631492224257,25.694631492224257,25.178970336914062,25.178970336914062,96659166
2020-03-10,25.18633667276694,25.73883018734166,25.105306651136278,25.547300338745117,66829810
2020-03-11,25.60622698475145,25.775660772130202,25.348397847656543,25.377864837646484,56655064
2020-03-12,25.31893356753973,25.480999219703385,25.06110440284949,25.164236068725586,61918002
2020-03-13,24.16238022012112,24.72224183630543,23.86771872592728,24.61174201965332,114095770
2020-03-16,24.597011175329236,24.597011175329236,23.30785962265892,23.329959869384766,106602730
2020-03-17,23.315224370756397,24.022416749594772,22.91742979927396,23.374156951904297,84344133
2020-03-18,23.48465731779052,23.779320248020174,22.659601113147488,22.703800201416016,82431704
2020-03-19,22.453337835963755,22.453337835963755,21.149452703258717,21.591447830200195,155945747
2020-03-20,21.952408522459503,22.917431544195125,21.952408522459503,22.86586570739746,134315310
2020-03-23,22.107107169728145,22.47543617674448,22.01134084106825,22.217605590820312,92897116
2020-03-24,22.94689414261058,23.315223106071628,22.69643033505199,23.21209144592285,82535893
2020-03-25,23.742486439616975,24.073983093779383,23.698285949019592,23.934019088745117,80952655
2020-03-26,23.646722660865372,24.619111077677903,23.646722660865372,24.103452682495117,69463585
2020-03-27,24.39811422115278,24.552814549835112,23.926653511198523,24.103452682495117,58177545
2020-03-30,23.705653554485757,24.103449530284347,23.42572274076151,24.051883697509766,47749415
2020-03-31,24.250780441938428,24.294980934369434,23.69092158844889,23.779319763183594,37754006
2020-04-01,23.66145318147641,24.0518838159994,23.573055012016948,23.668821334838867,35814313
2020-04-02,23.38889044033803,23.823518753051758,23.359423447242527,23.823518753051758,28960147
2020-04-03,23.573053881558106,23.808784195563526,23.5656871336125,23.68355369567871,25161829
2020-04-07,24.191847956661277,24.221314950025114,23.867719460040526,23.956117630004883,43184378
2020-04-08,23.941382182451918,23.941382182451918,23.661451388560018,23.735118865966797,31813445
2020-04-09,23.78668487394221,23.830882550591674,23.654086223739917,23.794050216674805,28664595
2020-04-10,23.87508395413845,23.985583770259055,23.506754980572524,23.646718978881836,43743153
2020-04-13,23.51412144170822,23.720386170210958,23.440455366881277,23.521488189697266,23055549
2020-04-14,23.705654843672818,24.09608268737793,23.63199016716791,24.09608268737793,42707944
2020-04-15,24.00768342026788,24.037150413578868,23.80878543060945,23.882450103759766,23783848
2020-04-16,23.720386459671253,23.87508395413845,23.543587315903704,23.646718978881836,29499982
2020-04-17,23.904549579723437,24.457043008483794,23.823516760551616,24.206579208374023,69795242
2020-04-20,24.228681498328616,24.36864831870459,23.978217662533353,24.23604965209961,33602426
2020-04-21,24.236048188883878,24.339179854433038,24.000317864735184,24.051883697509766,32871489
2020-04-22,23.90455360665627,24.1255504533639,23.81615542999869,24.110816955566406,27943538
2020-04-23,24.177114743682104,24.280246411538563,24.05188423560703,24.081348419189453,24614551
2020-04-24,24.103449852756885,24.103449852756885,23.875084868751998,23.948749542236328,22259784
2020-04-27,24.125549143703886,25.031638133107116,24.10345030327097,24.736976623535156,65341471
2020-04-28,24.751708459649105,24.972708114748308,24.530711614677255,24.943241119384766,36651091
2020-04-29,24.972707640832592,25.856695003944267,24.96533948706786,25.79776382446289,65876588
2020-04-30,25.893531396429488,26.556521950613078,25.81986390587969,25.84933090209961,71533247
2020-05-06,25.436800042635866,25.62096454409747,25.178970864640537,25.510467529296875,50173590
2020-05-07,25.488361834918518,25.50309532991349,25.08320055800073,25.377864837646484,29948465
2020-05-08,25.613598853814057,25.915628519718013,25.451533195480682,25.76093101501465,39215460
2020-05-11,25.768296424416558,26.136625423296373,25.694631748691496,25.753562927246094,29584829
2020-05-12,25.77566330148091,25.812495637519255,25.37049917467777,25.480998992919922,34963382
2020-05-13,25.341032620814655,25.547295931431442,25.12003300500884,25.444164276123047,27983494
2020-05-14,25.333664430520862,25.355763268017817,24.899036162277365,24.994802474975586,42063019
2020-05-15,25.186334946109245,25.237900779124253,24.825374115004195,24.935871124267578,36192753
2020-05-18,24.766439658120646,25.267367292287453,24.68540683345733,24.899038314819336,36370093
2020-05-19,25.34103801596882,25.39996919863724,25.09057416684128,25.245271682739258,26430448
2020-05-20,25.245270663182698,25.80512952149572,25.120037338612885,25.547300338745117,38051757
2020-05-21,25.716729901705886,25.91562789299763,25.532565407190628,25.584131240844727,36252721
2020-05-22,25.407335765318216,25.554665117847666,24.759075935705,24.7738094329834,42396439
2020-05-25,24.987437467556784,25.002170964451537,24.236048796814643,24.376012802124023,43264917
2020-05-26,24.530708064485058,24.670674867141585,24.376010576406,24.626474380493164,32246077
2020-05-27,24.729606039212538,25.03163567265939,24.486510387963577,24.626474380493164,32083331
2020-05-28,24.73697630852915,25.562032459002303,24.626476487517284,25.208436965942383,69362331
2020-05-29,24.943241486153273,25.142139492590765,24.825376313093358,24.913774490356445,35043328
2020-06-01,25.15687118080244,25.760930500546767,25.12003603364249,25.65043067932129,48823746
2020-06-02,25.451532540161637,25.974559029336117,25.444167196848507,25.812496185302734,49295713
2020-06-03,26.114526061142058,26.51968738979403,25.797762903620452,25.94509506225586,61018691
2020-06-04,26.151357142252497,26.18818947761054,25.834593999944627,25.89352798461914,25756086
2020-06-05,26.00402510166314,26.129258414567378,25.64306427943607,25.959827423095703,32717303
2020-06-08,26.18819217131274,26.659652856694795,26.151359832166143,26.27659034729004,50180979
2020-06-09,26.232392088808616,26.291323268124707,25.97456010018476,26.173458099365234,30093079
2020-06-10,26.25448987325697,26.261858026704523,25.91562787797583,26.033493041992188,27273061
2020-06-11,25.93772633490891,26.018759160871976,25.27473585090835,25.392601013183594,58892745
2020-06-12,25.03900523226838,25.41469955444336,24.825373749988934,25.41469955444336,54661576
2020-06-15,25.07584062486793,25.178972301953216,24.6485776082261,24.729610443115234,65434347
2020-06-16,25.046373936879387,25.178972611943653,24.90640991770154,25.149505615234375,38163105
2020-06-17,25.046370544291477,25.274735522664596,24.921140040431027,25.193702697753906,30627774
2020-06-18,24.95797050338404,25.090569150537128,24.324444258125258,24.965335845947266,92293933
2020-06-19,24.899040626339456,25.2968366333652,24.751708459649105,24.943241119384766,67949603
2020-06-22,24.795906618360643,24.935870617969957,24.552810954815296,24.678041458129883,59581469
2020-06-23,24.530710692029743,24.707509847433872,24.390746684508265,24.567543029785156,45252939
2020-06-24,24.692775030852314,25.016903519958362,24.685406877618604,24.972705841064453,47989117
2020-06-29,25.171601531621008,25.26736785473003,24.67067669643088,24.781173706054688,56729748
2020-06-30,24.935870474284645,25.016903298375194,24.781172979271997,24.840106964111328,39156798
2020-07-01,24.891676000828966,25.6356993893999,24.75907732799416,25.628334045410156,79909645
2020-07-02,25.525196662410963,26.129255899114682,25.267364718371645,26.0040225982666,124517798
2020-07-03,26.077691874220225,27.079544299595764,26.04085672957884,27.0648136138916,153570417
2020-07-06,27.3889420140023,29.76834678649902,27.3889420140023,29.768346786499023,187492888
2020-07-07,30.792302445704397,31.89728939574255,29.834647651030092,30.247177124023438,201633829
2020-07-08,30.12930859543202,30.843864832400058,29.44421653814303,29.834644317626953,182703889
2020-07-09,29.84201427428858,29.923047103720886,29.12008977317925,29.400020599365234,169323629
2020-07-10,29.4000175199698,29.62027151632629,28.13925736106193,28.291156768798828,152815945
2020-07-13,28.108878074518927,28.860778580750548,27.850649939748912,28.329132080078125,163406373
2020-07-14,28.154449489495004,28.420271298023867,27.516474251785304,27.7291316986084,131086591
2020-07-15,28.093687502005395,28.1164713974573,27.11393943621325,27.235458374023438,134114248
2020-07-16,27.379767379793755,27.782301306044957,27.030400716983074,27.037994384765625,142952326
2020-07-17,27.24305756611384,27.49369205588391,26.817742646126717,27.40255355834961,116991781
2020-07-20,27.417740939527043,28.4430599031587,27.227867379288654,28.306350708007812,159415734
2020-07-21,28.306347658560966,28.43546027493826,27.73672703921111,27.979764938354492,83162093
2020-07-22,27.934196319328926,28.17723423651278,27.539258979595033,27.675968170166016,99881181
2020-07-23,27.478502444410918,27.653185775816258,26.77217255376634,27.037994384765625,119707588
2020-07-24,26.962043622718927,27.189891299237487,25.921537398365256,26.27849769592285,130419436
2020-07-27,26.536726191771184,26.55951298779747,25.830396357005593,26.012676239013672,89346903
2020-07-28,26.32406750507644,26.49115714761782,25.982294553169215,26.263309478759766,78035052
2020-07-29,26.202550337797046,26.848119259687152,25.99748655270195,26.635461807250977,96913071
2020-07-30,26.620269872201703,26.711408360666226,26.187358430444824,26.248119354248047,79887927
2020-07-31,26.27850141015984,26.84812213058736,26.19495947151275,26.430400848388672,98989455
2020-08-03,26.734195787316377,26.878498638897767,26.415206724293864,26.58229637145996,102185800
2020-08-04,26.688624155049833,28.21520902973554,26.582295436860836,27.858245849609375,235440404
2020-08-05,27.645590365173273,27.84305758471801,27.197488665995095,27.569639205932617,106065970
2020-08-06,27.66837435826046,28.35192030754461,27.600019763332046,28.11647605895996,125242884
2020-08-07,28.01014801831884,28.01014801831884,27.493691710053092,27.805084228515625,89795414
2020-08-10,27.87343824956298,28.41267844648089,27.258246892856317,28.101285934448242,122448139
2020-08-11,28.21521129343084,29.468375011936658,28.21521129343084,28.51141357421875,173638283
2020-08-12,28.69368975151557,29.058246617339137,28.124069105433666,28.70128631591797,93003691
2020-08-13,28.746855532754847,28.98989345530396,28.344324516765486,28.35192108154297,64048694
2020-08-14,28.351920972942025,28.921541644967203,28.298753711425025,28.860780715942383,67065745
2020-08-17,28.906351241209673,30.022805781631522,28.906351241209673,29.658248901367188,148309043
2020-08-18,29.62027102713256,29.74178997186709,29.263307859432313,29.506345748901367,57366054
2020-08-19,29.498753683651273,29.68103355926768,29.12660026550293,29.12660026550293,56393694
2020-08-20,29.020269533055163,29.03545976307331,28.200017392756276,28.496219635009766,73440819
2020-08-21,28.860777590224355,28.868371256909757,28.450650055446665,28.686094284057617,56125442
2020-08-24,28.89875069720399,29.096220790931255,28.382294463634413,28.481029510498047,62098893
2020-08-25,28.708882497954686,29.01268136137374,28.42027386743065,28.54179573059082,54524608
2020-08-26,28.59495762032024,28.777234604791012,28.108878901503846,28.275968551635742,62700022
2020-08-27,28.27597072379787,28.32154142203652,27.65318566740622,28.025339126586914,57481502
2020-08-28,27.88862998844256,29.20255470275879,27.797488591771355,29.20255470275879,118294177
2020-08-31,29.24052509729806,29.620272176483752,28.519005067397195,28.625333786010742,119031365
2020-09-01,28.43546305948744,28.63293318265393,28.108880307300275,28.420272827148438,71275936
2020-09-02,28.47343736686637,28.54179195723684,27.94938454161269,28.253183364868164,79722127
2020-09-03,28.177232391253266,28.42786685663345,27.9190042590011,28.08609390258789,64047956
2020-09-04,27.820272071971285,28.01773928006279,27.60761173567238,27.949384689331055,48543721
2020-09-07,27.949383293559357,28.541790682730113,27.865838476032703,27.941789627075195,61613878
2020-09-08,28.146857861354274,28.5721727858109,28.11647739611005,28.549388885498047,68354491
2020-09-09,28.306350449742464,28.8000199635137,28.22280562044133,28.556982040405273,60543334
2020-09-10,28.769641854293052,28.792425753767745,28.38229817978019,28.632932662963867,55014607
2020-09-11,28.7620447852611,28.769641349779796,28.116475868714584,28.283565521240234,55310513
2020-09-14,28.405082509488967,28.541791688944837,28.15444804807311,28.36710548400879,46023997
2020-09-15,28.29875326787426,28.92913485904375,28.275969368467347,28.784832000732422,53080495
2020-09-16,28.830401831382897,29.08862999940859,28.693692630825723,28.906352996826172,47887482
2020-09-17,28.936726308224404,29.21774123315696,28.746852768413902,28.762042999267578,55771354
2020-09-18,28.746854604657162,29.612680435180664,28.70888047371747,29.612680435180664,108169240
2020-09-21,29.620269898736584,29.719004942959593,29.316471099853516,29.316471099853516,50152092
2020-09-22,29.240525543012776,29.31647380111148,28.66331124863775,28.76963996887207,58311689
2020-09-23,28.72406739720842,28.89875069720399,28.40508125736611,28.481029510498047,43076028
2020-09-24,28.367109348020985,28.367109348020985,28.02533925006753,28.14685821533203,54027975
2020-09-25,28.17723041333583,28.405080964865647,28.162043080657952,28.237991333007812,35225153
2020-09-28,28.25318264117466,28.594955584272626,28.13925736106193,28.291156768798828,35324476
2020-09-29,28.367107962558347,28.44305912291459,27.546855711394613,27.57723617553711,79668910
2020-09-30,27.569638833113963,27.774702614429973,27.18989173376738,27.3417911529541,65466059
2020-10-09,27.64559001719673,27.94938595861401,27.440526235688836,27.478500366210938,49472433
2020-10-12,27.63040214255263,28.59496020574606,27.56964121074169,28.5266056060791,99864635
2020-10-13,28.465842072530894,28.86837306864517,28.20002026325551,28.70128631591797,51141560
2020-10-14,28.70888435694864,28.936732070646475,28.397491805538735,28.898757934570312,64294015
2020-10-15,28.96710948314038,29.794958310144363,28.898754886516542,29.62786865234375,119665720
2020-10-16,29.551919754272582,30.53166798578376,29.529135854966903,30.212678909301758,110589580
2020-10-19,30.600019060542948,31.556980385413734,30.296220250962293,30.37217140197754,98154659
2020-10-20,30.42533777664084,30.61521132090965,30.151919409335296,30.356983184814453,42436836
2020-10-21,30.42534158374936,31.040530089924722,30.37217721648089,30.98736572265625,54185565
2020-10-22,31.139258866995053,31.89875298570225,30.630399198136498,31.28356170654297,64497499
2020-10-23,31.070902685589935,31.974699597454247,31.03292856105177,31.306346893310547,55183362
2020-10-26,31.64052929122921,31.64052929122921,30.440529922536307,30.85065460205078,50454000
2020-10-27,30.850649241466535,31.32913133120672,30.63039815643442,30.72153663635254,45883207
2020-10-28,30.941791946071582,31.200020064617966,30.08356277307327,30.455713272094727,69355712
2020-10-29,30.189894336014376,31.03293335838985,30.174704104402874,30.524070739746094,52307034
2020-10-30,30.759517913697003,31.25319034775139,30.060784576456467,30.2354679107666,43842279
2020-11-02,30.713943966213172,30.91141407784676,29.756982562670146,30.56964111328125,51692798
2020-11-03,30.911413285552943,31.974703384765178,30.911413285552943,31.32154083251953,87069016
2020-11-04,31.989892172875418,32.72660241135457,31.4278681351154,32.60508346557617,88450085
2020-11-05,32.73419774845477,33.19748965826575,32.187363913165385,32.498756408691406,68048685
2020-11-06,32.50634736243388,32.54432148852544,31.967107239109446,32.263309478759766,46364547
2020-11-09,32.65066033357074,33.01521723987293,32.354455131037014,32.68103790283203,49714162
2020-11-10,33.24305988312039,33.70635178640069,32.96204785386065,33.20508575439453,56207925
2020-11-11,33.417745232574404,33.68356704711914,33.04559179497128,33.68356704711914,52696972
2020-11-12,33.41774487151701,33.75192127722562,32.92407248156433,33.098758697509766,47159435
2020-11-13,32.810145631110366,32.810145631110366,31.754449297867605,32.33926010131836,54486290
2020-11-16,32.62028239331368,32.7342048056578,32.392434671384464,32.65825653076172,38943199
2020-11-17,32.658247503370276,33.41774163135563,32.50634809832517,33.29622268676758,47285620
2020-11-18,33.11394622675326,34.17723927417947,32.96964337060218,33.98736572265625,62820215
2020-11-19,33.820278306689076,34.17724153427518,33.41015361018068,34.07850646972656,47734174
2020-11-20,33.99495975814446,34.40508732921458,33.805086204564645,34.215213775634766,31468757
2020-11-23,34.19242853851596,34.61774632490043,34.04052912214719,34.48103713989258,58462113
2020-11-24,34.17724153427518,34.40508923172222,33.820278306689076,34.07850646972656,39946734
2020-11-25,34.572176339236854,34.572176339236854,33.54685743066814,33.744327545166016,37807249
2020-11-26,33.77470466371814,34.465844201534566,33.77470466371814,34.24559020996094,35153429
2020-11-27,34.48104102294164,34.91395252513828,33.949394454400284,34.822811126708984,44607770
2020-11-30,34.82280864608387,36.28103904742673,33.440529404688334,33.569644927978516,115360181
2020-12-01,33.72154177142584,35.35445247265237,33.71394520739188,35.08863067626953,78072787
2020-12-02,34.93673202215883,35.71901009466851,34.37470505832095,35.54432678222656,61994358
2020-12-03,35.50635086761999,35.77217265639594,34.556983197362776,35.30888366699219,50237589
2020-12-04,35.19495965076651,35.392426858481166,34.260782177375816,34.7696418762207,46115543
2020-12-07,34.70888707253374,34.70888707253374,33.4936945598144,33.736732482910156,70482524
2020-12-08,33.71394654248584,33.994958580824566,33.41774427271794,33.615211486816406,37716735
2020-12-09,33.736727639333644,34.124071265509535,33.58483113213699,33.60002136230469,37519456
2020-12-10,33.44812462923833,33.89622631463297,33.26584474990814,33.630401611328125,36887355
2020-12-11,33.60761631385484,33.62280654460338,32.41521072387695,32.41521072387695,77143525
2020-12-14,32.90128883329665,33.919011187117974,32.90128883329665,33.69875717163086,60742701
2020-12-15,33.75951820644656,34.13166874680919,32.992427432062335,33.68356704711914,43879226
2020-12-16,34.0177444508923,34.063312246699425,33.32660487449447,33.463314056396484,36790200
2020-12-17,33.34179660226837,33.54685748708653,32.924072473682045,33.455718994140625,50232903
2020-12-18,33.48610007193652,33.71394775710203,32.506351838760274,32.73419952392578,76059993
2020-12-21,32.688632324541686,32.77217715332351,32.13420188481931,32.57470703125,62385090
2020-12-22,32.65065751558415,32.658251182933896,31.800021910387592,31.830402374267578,78468607
2020-12-23,31.83040358851316,32.21015070977781,31.73166852575698,32.14179611206055,71181993
2020-12-24,32.24053035819208,32.73419986498754,32.141795297936774,32.331668853759766,48211014
2020-12-25,32.31647926052033,32.58230398227219,31.883567776464517,32.445594787597656,47673197
2020-12-28,32.468378938936304,32.901290426342875,32.0734415842909,32.68863296508789,84140901
2020-12-29,32.772170716882776,32.8784994245438,32.3924236768134,32.52913284301758,72714756
2020-12-30,32.55951502703271,32.696224212646484,31.822807634825597,32.696224212646484,93349643
2020-12-31,32.69622247974121,33.68356429232443,32.54432307074988,33.37976837158203,89119921
2021-01-04,32.81014793969864,33.25065304121114,31.913944608727387,32.78736114501953,154952285
2021-01-05,32.47597036513791,32.50635082814626,31.473438263785727,32.035465240478516,138717699
2021-01-06,31.974700573261597,33.569639927699015,31.898752321867466,33.53166580200195,120064563
2021-01-07,33.63800025984725,34.91395080249523,33.61521346274387,34.86078643798828,107832187
2021-01-08,35.248122694445435,35.71141458041939,34.79242737227707,35.392425537109375,129959481
2021-01-11,35.3772412467474,37.34432844451264,35.308886652819005,36.77470779418945,144523356
2021-01-12,36.873441057258134,38.01268230247048,36.12154345787256,37.74686050415039,104448591
2021-01-13,37.4430612972563,37.9595175549211,37.124075142531716,37.519012451171875,64910979
2021-01-14,37.51901378923845,38.03547006532199,36.88103855979645,37.25318908691406,70377099
2021-01-15,38.35446213663031,40.92914734917429,38.33927190296671,38.840538024902344,177574522
2021-01-18,39.11395523138138,40.31395757867019,38.91648799431955,39.43294143676758,123764160
2021-01-19,39.72154514770093,40.427874968892176,39.106356714382365,39.3797721862793,90188002
2021-01-20,39.56964589605732,40.34433031274828,38.7266097840387,39.28104019165039,79228118
2021-01-21,40.230408953344444,40.632939954751194,39.60762393721908,39.979774475097656,73671459
2021-01-22,40.13926306843272,40.13926306843272,38.73420010584234,39.22027587890625,87000132
2021-01-25,38.810153029247516,39.84306561992684,38.05065881812924,39.57724380493164,86536206
2021-01-26,39.49369736330211,40.329139802475815,38.734203183238606,39.038002014160156,60117533
2021-01-27,39.1974920616877,40.177240173448254,39.1974920616877,39.49369430541992,60923156
2021-01-28,38.73420260040984,39.30382322688645,38.58230318723467,39.19749450683594,52386951
2021-01-29,39.6304091195613,39.84306657666392,38.589902836571305,38.81015396118164,62148914
2021-02-01,38.68863678251114,40.08610634478775,38.339270116252166,39.79750061035156,79662587
2021-02-02,39.7595186318732,40.10129158774622,39.18989800449828,39.47091293334961,72030553
2021-02-03,39.546860472948175,41.01268442587439,39.10635536901299,40.29116439819336,76587606
2021-02-04,40.1544562432674,41.9240790626731,39.95698903244376,40.632938385009766,96910977
2021-02-05,41.12661295729315,42.48610540209638,40.784839980628455,41.57471466064453,115157754
2021-02-08,41.916482093870364,42.22787458689758,40.77724084173564,41.96964645385742,81637776
2021-02-09,42.060787840041236,42.060787840041236,41.20255861887246,41.96964645385742,61900527
2021-02-10,42.75952334213068,42.75952334213068,40.97471311176026,41.4304084777832,75350767
2021-02-18,42.26584893856615,43.74686015483256,41.91647944144984,42.296226501464844,107091322
2021-02-19,42.26585670598777,43.07091876693644,41.68104577842203,41.9240837097168,71018164
2021-02-22,41.97724365391337,42.334206845440185,40.52660988677554,41.16458511352539,80151145
2021-02-23,41.6354728274274,43.0861066689089,41.16458722317302,42.189903259277344,95299102
2021-02-24,42.41774702666729,42.41774702666729,40.139264581605694,40.708885192871094,84432226
2021-02-25,41.392431984018764,42.15192614886315,40.94433031087097,41.35445785522461,88618727
2021-02-26,40.708889534570964,41.35446136786768,38.627876968590975,38.81015396118164,132728876
2021-03-01,38.817748920040636,38.96205177464182,37.99749379559491,38.270912170410156,89418363
2021-03-02,38.62787686582544,38.65825733025658,37.22281080691104,37.632938385009766,100778621
2021-03-03,37.97471456457476,40.23800720495452,37.67091568916184,40.078514099121094,131593315
2021-03-04,39.63800461293708,40.92155177390699,39.49370174571899,39.79750061035156,83303904
2021-03-05,39.417749104191905,39.78989962996842,38.05825382654055,39.038002014160156,73519585
2021-03-08,39.18230723530806,39.47850951989017,37.746863611723676,37.921546936035156,69813759
2021-03-09,37.98989587687508,38.719009529958846,36.592426593177805,36.83546447753906,98322245
2021-03-10,37.22281044445988,37.97471099698604,36.87344379862534,37.40509033203125,67590993
2021-03-11,38.126607905075964,39.68357037378601,38.126607905075964,39.47091293334961,90421033
2021-03-12,39.75952076767189,40.54939544206654,39.59243401145645,40.49623107910156,85580753
2021-03-15,40.23799972099716,41.612685175560564,39.97977159409685,40.336734771728516,93931916
2021-03-16,40.85319107303062,41.96205183802818,40.63293707392774,41.25572204589844,69716276
2021-03-17,40.97471280912429,41.25572485285489,40.48104041854526,40.55699157714844,53231461
2021-03-18,40.625344730804315,41.24053315885456,40.17724305127568,41.19496536254883,48279311
2021-03-19,41.0278790391127,41.36205546045698,39.14433367862198,39.31142044067383,77628361
2021-03-22,39.64560441383613,41.559530463854806,39.56965324285864,40.845603942871094,79169531
2021-03-23,40.929144601291,41.35446242359463,40.11648598691347,40.61775207519531,59592261
2021-03-24,40.982307934567,41.01268839908924,39.205091321383506,39.645599365234375,57501314
2021-03-25,39.994961068947475,40.16964437248474,38.400024542918416,38.74179458618164,78453830
2021-03-26,39.075977053263074,39.35698909520021,38.529140303772046,39.18989944458008,70947525
2021-03-29,39.265854043098244,39.34180231063069,38.392434480271646,38.688636779785156,77980362
2021-03-30,38.81015346729343,39.159523010253906,38.30129373077618,39.159523010253906,56940202
2021-03-31,39.113952811820155,39.113952811820155,38.081040196337874,38.81015396118164,52164954
2021-04-01,38.74939475083163,38.946861969672284,38.50635683660906,38.772178649902344,33719469
2021-04-02,38.87091133645639,38.92407569587152,38.46838035881598,38.69622802734375,41153422
2021-04-06,38.81015019981761,39.36458348308497,38.58230253254132,38.72660827636719,44400201
2021-04-07,38.84812916600544,38.84812916600544,37.98989991591139,38.301292419433594,50061023
2021-04-08,38.12661396222198,38.453196738913455,38.01268865975164,38.354461669921875,29501067
2021-04-09,38.521544478889275,38.521544478889275,37.868379041858354,38.164581298828125,31506834
2021-04-12,38.19496497961024,38.46838336208577,37.73926670973752,38.32407760620117,41474239
2021-04-13,38.35445591818596,38.88610242125245,37.9291381362847,38.21774673461914,49039895
2021-04-14,38.415216179235586,38.43040351293361,37.42787144892598,37.74686050415039,55438353
2021-04-15,37.762049212821644,37.95951641257907,36.668375807272255,37.54938888549805,57296514
2021-04-16,37.76205433548446,37.86078650013672,37.28357215564745,37.777244567871094,31558344
2021-04-19,37.89876582184603,39.326612985659246,37.594966950220666,39.31901931762695,67932061
2021-04-20,38.7417962238618,39.63799957362581,38.7417962238618,39.48610305786133,35574407
2021-04-21,39.53926854611297,40.39749489418575,39.5164817503058,40.169647216796875,52446360
2021-04-22,40.169646731692836,40.4810392297199,39.622809994771025,39.95698928833008,42927078
2021-04-23,40.02534558589837,40.63294037656717,39.72914330652487,40.481040954589844,47104918
2021-04-26,41.012687623105855,41.3924347307272,39.265851507495746,39.5468635559082,91625741
2021-04-27,39.45572506130642,39.82028193695405,39.17471301289396,39.5468635559082,36329922
2021-04-28,39.6455997592587,39.782308953726954,39.098762981385704,39.31142044067383,38985543
2021-04-29,39.49369916242763,40.51901519332523,38.954458965355286,40.465850830078125,55274544
2021-04-30,40.101289287666596,40.389897866876865,39.34939172511269,40.02534103393555,45068841
2021-05-06,40.025343255413866,41.30129369014608,39.85825361124359,40.76205062866211,63835290
2021-05-07,40.92154731399201,41.92407940187962,40.48863586227874,41.14939498901367,72368376
2021-05-10,41.16458856879981,41.202562701518985,40.26078856498411,40.93674087524414,49224048
2021-05-11,40.594964420950234,41.12661092535718,40.46584890403809,40.89116668701172,32853312
2021-05-12,40.89875970391466,41.50635735485917,40.306355181208126,40.77724075317383,31749677
2021-05-13,40.62534050067887,41.35445413805499,40.131668179007924,40.405086517333984,39120553
2021-05-14,40.62534385063059,41.77217875624355,40.10129102654575,41.756988525390625,57881421
2021-05-17,41.77217771704119,42.903825260888546,41.50635592682883,42.26585006713867,52668425
2021-05-18,42.5164820174189,42.827874501916675,42.30382458329561,42.49369812011719,29335118
2021-05-19,42.53167872925471,42.59243966097203,41.40003100256542,41.62028503417969,35729344
2021-05-20,41.84812783082185,42.1671168904845,41.25572330218595,42.12914276123047,34210477
2021-05-21,42.4329419418067,42.4557287388963,40.8607891129312,41.09623336791992,51486455
2021-05-24,41.16458667493347,41.544333779135364,40.8380039335406,41.073448181152344,44539914
2021-05-25,41.1569881267662,43.76205336781504,40.95952091688428,43.70888900756836,96850204
2021-05-26,43.784843358238085,44.475982989120375,43.75446289381147,44.43041229248047,61306169
2021-05-27,44.05065799412753,44.64306246762139,43.146861054151,44.0126838684082,51903739
2021-05-28,44.05066517886952,44.696234113111906,43.75446289381147,44.43041229248047,41014056
2021-05-31,44.2101555938422,44.324080879922285,43.29116832989613,44.19496536254883,36165671
2021-06-01,43.82281477655939,43.868382573137104,43.215220011853404,43.5645866394043,47426844
2021-06-02,43.481043529020184,43.81521993846373,43.20003148250539,43.7316780090332,40582027
2021-06-03,43.67091908042748,44.301300694350886,42.675980576631986,42.74433517456055,49067257
2021-06-04,42.569651570282694,44.74939922773914,42.5468676702009,43.693702697753906,60832907
2021-06-07,43.45066129517937,43.481041757684004,42.91142112330386,43.291168212890625,32489742
2021-06-08,43.25319370303585,44.005091311351265,42.53926732665677,43.06332015991211,47616623
2021-06-09,43.06332468779391,43.564590778456456,42.744335595241026,42.888641357421875,39140950
2021-06-10,42.903824592625995,43.640531927128364,42.729138393504215,42.79749298095703,48113526
2021-06-11,42.843064696309185,43.10129282205782,41.83293898783734,42.78230667114258,68208900
2021-06-15,42.40256609521643,42.40256609521643,41.1038287035452,41.62028503417969,52924052
2021-06-16,41.620279998404484,42.805091948371775,41.39243232651394,42.227874755859375,51877228
2021-06-17,42.167118235173625,42.53167510267052,41.66585218021034,41.863319396972656,31901934
2021-06-18,41.58230240945325,42.30382239143973,41.065846184278094,41.5367317199707,42711681
2021-06-21,41.24053265826087,41.612686074602365,40.344329310082074,40.77724075317383,57971550
2021-06-22,40.9063581360731,42.21268908912256,40.9063581360731,42.12154769897461,64359218
2021-06-23,42.060789134217636,42.12914372733855,41.37724320300852,41.63547134399414,40871965
2021-06-24,41.63546946981435,41.84812690673333,41.11141954430389,41.772178649902344,36360389
2021-06-25,41.772182836000084,42.94939831829379,41.605093177539096,42.83547592163086,46955964
2021-06-28,42.68357182226594,42.75192641167608,41.03546800970608,41.54433059692383,69882474
2021-06-29,41.164589112935964,41.65825863929207,40.78484198624327,40.86079025268555,53244931
2021-06-30,40.93673893305161,41.34686360309771,40.906358469421384,41.15699005126953,35730350
2021-07-01,41.172174481827824,42.53166961669922,40.86078201659516,42.53166961669922,65298735
2021-07-02,41.7721785819091,41.9240779925641,40.02534260247732,40.29116439819336,92981851
2021-07-05,40.20762252807617,40.32154781873781,39.113951906134524,40.20762252807617,56860927
2021-07-06,40.25319486234244,40.66332244873047,39.80509314326825,40.66332244873047,45250713
2021-07-07,40.48104931405012,40.944341342993944,40.26079525156189,40.57978439331055,36597833
2021-07-08,40.83040703496611,40.83040703496611,37.97471010951629,38.24053192138672,155418868
2021-07-09,38.240531821568744,38.6658496166917,37.602556577504544,37.89876174926758,82701878
2021-07-12,38.43040374849983,38.840531294627894,37.82280899344361,38.278507232666016,83956374
2021-07-13,38.5534421363037,39.565956184046186,37.93814406389137,38.91950607299805,59445017
2021-07-14,38.78710011822721,38.84941013987979,37.32284729155058,38.12507247924805,88551424
2021-07-15,38.16401629268062,40.08000496900294,38.140651519173545,39.76067352294922,87727298
2021-07-16,39.5348021864378,40.18904255222308,39.26999053906982,39.72172927856445,46210377
2021-07-19,39.721733116794425,39.877505213434354,38.48334955372073,39.58932876586914,46963076
2021-07-20,39.29335977644049,40.10337225461002,38.63911938578132,38.87277603149414,44688930
2021-07-21,38.9584512256504,39.38682224234523,38.35873061383544,38.7092170715332,50631917
2021-07-22,38.701423468933825,39.79961229352552,38.45997957436661,39.1375846862793,59235589
2021-07-23,39.19989744761852,39.449131597509584,38.55344432870359,38.981815338134766,42035280
2021-07-26,38.646909537660996,38.670277283750195,37.03467469947256,37.15150451660156,74992971
2021-07-27,37.11255811972338,37.330637251671845,35.67167007634936,35.95984649658203,74949518
2021-07-28,36.06888803386076,37.64996763887157,36.06888803386076,36.97236251831055,84730981
2021-07-29,37.54092865157756,37.61881320599302,36.995727857353394,37.346214294433594,64274521
2021-07-30,37.19044111108267,37.22938338713501,35.91311544149248,36.21686935424805,59195897
2021-08-02,36.45053011325293,37.55650929935203,35.21214657934709,37.1592903137207,83614684
2021-08-03,37.07361368328213,37.46304241092629,36.56735812000797,37.065826416015625,51875828
2021-08-04,37.0580429654244,37.346219421651384,36.45053206737917,36.60630416870117,51149988
2021-08-05,36.35706697620469,36.839957776212046,35.8975409495686,36.41158676147461,44230311
2021-08-06,36.19350689800222,37.22938576856088,35.90532750034964,37.065826416015625,50755757
2021-08-09,37.05804181946594,38.9428755709702,37.05804181946594,38.210750579833984,73043020
2021-08-10,38.22632704371124,39.3556680275744,37.82132079228978,39.1064338684082,66357548
2021-08-11,39.10643107317978,40.3214497405977,38.94287172500005,39.64384460449219,56855459
2021-08-12,39.48807353833787,40.11115890773205,39.262204163462044,39.472496032714844,39718245
2021-08-13,39.495863057224,39.99433138115661,39.1843218403189,39.8619270324707,46740470
2021-08-16,39.877500141474144,39.90865515106069,38.55344194509821,39.62047576904297,74413969
2021-08-17,39.62047966850617,40.03327615839244,38.56902324586993,38.646907806396484,60323196
2021-08-18,38.935085738152786,41.72339390036944,38.88056298252814,41.388484954833984,123124236
2021-08-19,41.12367753704763,41.35733420493596,40.00212374852018,40.1734733581543,67630059
2021-08-20,40.29808534096513,40.944535472603285,38.86498752938862,39.745094299316406,69376473
2021-08-23,40.095577952755896,41.17818924602536,39.88528610159414,40.41490936279297,53901721
2021-08-24,40.51616604359434,41.162616200277725,39.729518333179115,40.6563606262207,52827690
2021-08-25,40.95232791971108,41.05357725339768,39.88529102782958,40.056640625,40738077
2021-08-26,40.44607187309076,40.44607187309076,38.537870325533675,38.63133239746094,76303507
2021-08-27,38.70921759254294,39.58153714369417,38.553445501346694,39.21547317504883,38614176
2021-08-30,39.21546875115344,39.21546875115344,37.08140114715721,37.73564147949219,107968202
2021-08-31,37.735642302513575,38.51449971651342,37.268326071450524,38.13285827636719,71044024
2021-09-01,38.07055271847592,39.68278739087736,37.85247061366768,39.558170318603516,82605536
2021-09-02,39.48028101396617,40.407123232684825,39.17652709966871,40.18904113769531,72620098
2021-09-03,40.26692702954489,40.75760800950565,39.26220029904121,40.50058364868164,64257332
2021-09-06,40.11894635186417,41.084730907012066,39.86192493571455,39.87750244140625,54742847
2021-09-07,39.94759844273898,41.34175396056378,39.293358080320466,41.13146209716797,77232009
2021-09-08,41.06137030697981,41.70782051780278,40.703093581870725,40.819923400878906,55390668
2021-09-09,40.57847213745117,41.03021088659555,40.251353433123505,40.57847213745117,35780025
2021-09-10,40.50058697139887,42.46330808116084,40.30587261095945,42.151763916015625,107097799
2021-09-13,41.8012801947535,42.44773333963456,41.6688758471642,41.995994567871094,59283043
2021-09-14,42.29195912931074,42.75148514570346,40.34481549563064,40.57847213745117,63116569
2021-09-15,40.50058890314989,40.882230375100605,39.565959334240716,40.03327560424805,54233793
2021-09-16,39.90086491987378,40.368181150435504,39.10643000191358,39.48807144165039,62989614
2021-09-17,39.550375152345204,40.142308400219825,39.33229604581507,39.916439056396484,42016472
2021-09-22,37.914783229589254,38.927297382481356,37.46304445474654,38.48334884643555,112259622
2021-09-23,38.55344399444104,39.35566622175346,37.8602613353724,38.039398193359375,86102453
2021-09-24,37.73564818111814,38.42104364412101,37.69670589857262,37.98488235473633,53203933
2021-09-27,37.61102642912918,38.78709985431863,37.548716407900564,38.23411178588867,66790515
2021-09-28,38.24189747467368,39.70615023095499,38.23411020789417,39.269989013671875,70992547
2021-09-29,38.903933072749574,40.63299471811014,38.639121401498954,40.157894134521484,90460986
2021-09-30,40.033276886703845,40.056641661065775,39.02075975480497,39.29336166381836,58611808
2021-10-08,38.95844947425377,39.78403942959308,38.95844947425377,39.66720962524414,64555292
2021-10-11,40.06442693310141,42.19849769465289,40.06442693310141,41.27944564819336,97177865
2021-10-12,41.04578679082275,41.89474150083007,40.73424263314647,41.34954071044922,58937329
2021-10-13,41.240499807399246,41.590986230627465,40.53952696094281,41.30280685424805,44255673
2021-10-14,41.27165635258039,41.47415797625795,40.65635827235562,40.780975341796875,28899621
2021-10-15,40.851071439322794,41.62213860556395,40.773183916249565,41.52088928222656,42035759
2021-10-18,41.520892062528475,41.55204410273854,40.15010127570142,40.39154815673828,57794539
2021-10-19,40.69530450668817,41.52868179669649,40.50059013105808,41.18598556518555,48169257
2021-10-20,41.44301033004607,41.777919320760994,40.718672556742234,40.812137603759766,30570959
2021-10-21,41.16261355765164,42.05830078125,40.967899202182885,41.86358642578125,57658698
2021-10-22,42.12839997246777,42.68138805393146,41.848010812541,42.28417205810547,54715058
2021-10-25,41.92589575671054,42.78263771825244,41.3573272335122,42.517826080322266,62334126
2021-10-26,42.51783173382772,43.795157579179396,42.29196234209695,43.07081985473633,71542369
2021-10-27,42.992933566730166,42.992933566730166,41.92589964914084,42.46331024169922,42039441
2021-10-28,42.29195945657025,42.83716027244058,41.94147300557465,42.229652404785156,34623228
2021-10-29,42.22964934834054,42.64244282124458,41.82464314218148,42.034934997558594,40543943
2021-11-01,42.058301854914205,42.75927474093825,41.51310105146276,42.151763916015625,42501781
2021-11-02,42.330900484067165,42.43994302090238,40.24356231662115,40.6953010559082,75220649
2021-11-03,40.773185172060046,40.88222770772107,40.243561883270544,40.266929626464844,44437241
2021-11-04,40.50058823737545,40.57847279554361,39.93980991102728,40.30587387084961,48291475
2021-11-05,40.28251121680969,40.58626516919307,40.048851587801906,40.157894134521484,36197416
2021-11-08,39.97096080503121,40.422699514964826,39.5659546078475,39.95538330078125,38674906
2021-11-09,40.03327479105906,40.26693143576375,39.41018644370597,39.768463134765625,38788364
2021-11-10,39.76846456186097,39.838561854898366,38.97402956447229,39.433555603027344,55807106
2021-11-11,39.37124487916608,41.178193988624194,39.301147587372206,41.139251708984375,84973170
2021-11-12,41.13925635500365,41.419645553844596,40.695307780540766,40.812137603759766,34359656
2021-11-15,41.115886424793544,41.754549310492436,40.78876474344959,41.22492599487305,36695032
2021-11-16,41.20156264939135,41.57541389023591,40.62520679614833,40.890018463134766,32231509
2021-11-17,40.6719355857985,41.14703908927525,40.35260416116572,40.37596893310547,33938551
2021-11-18,40.34481533160951,40.50058741589171,39.7217299655861,40.04106140136719,34244267
2021-11-19,40.09557597692019,41.07693790064867,39.80739958964976,40.757606506347656,46466797
2021-11-22,40.578467601333614,40.765394676557385,40.181251651752554,40.25913619995117,37653834
2021-11-23,40.30587387084961,40.73424488298538,40.06442698675961,40.30587387084961,38914891
2021-11-24,40.181254457472384,40.42270132751562,39.85413279576526,40.2980842590332,31503965
2021-11-25,40.26693313238812,40.26693313238812,39.90865939733823,40.048851013183594,21566020
2021-11-26,39.87750461564311,40.072218990747714,38.849412952779275,39.02075958251953,82335731
2021-11-29,38.77152214409137,39.02075628547788,38.023819719931836,38.802677154541016,82724704
2021-11-30,38.53786405900282,38.82604046706402,38.09391557565536,38.545654296875,61004256
2021-12-01,38.53786255688109,39.09864081761164,38.38209048766648,38.935081481933594,50036103
2021-12-02,38.95065960757535,39.72172978720151,38.545656349807984,39.63605499267578,55607048
2021-12-03,39.776244496168545,39.93980382606614,39.308931276145415,39.916439056396484,49407647
2021-12-06,40.103372106168806,40.812132279167336,39.978755030842876,40.36039352416992,60471643
2021-12-07,40.7264553677281,40.9523247334966,39.799613132714335,40.37596893310547,54077371
2021-12-08,40.48500957971265,40.71866621867499,40.03327380719952,40.531742095947266,49097472
2021-12-09,40.695303736558,41.93368726097403,40.34481727283544,41.380699157714844,84055721
2021-12-10,41.20155724113409,41.66108322143555,41.03020766407435,41.66108322143555,56426281
2021-12-13,41.715609254037844,42.21407758444962,40.81992193019407,40.82770919799805,64554566
2021-12-14,40.749816049778225,40.89001060955653,39.60489480195705,39.83855438232422,81062947
2021-12-15,39.72172927856445,39.986540925932424,39.550379691707136,39.72172927856445,37849327
2021-12-16,39.65163306553463,39.95538699875937,39.41797642236986,39.87750244140625,38365339
2021-12-17,39.79182522868863,40.03327209558641,39.45691630442293,39.5425910949707,47644905
2021-12-20,39.69057369125608,39.955385334775904,39.24662519640009,39.480281829833984,47082627
2021-12-21,39.44913310938071,39.71394477517694,39.17653120485503,39.433555603027344,35694442
2021-12-22,39.43355061340532,39.527012668594026,38.849407569041865,38.95065689086914,43682819
2021-12-23,39.02854487596045,39.145371703556506,38.69363595552905,39.114219665527344,42370871
2021-12-24,39.11421709397689,39.11421709397689,38.81825046886906,38.83382797241211,34465068
2021-12-27,38.84162034786426,38.98960516543662,38.16401519568708,38.42103958129883,73594333
2021-12-28,38.4210369776786,38.78709793541804,38.31978468374398,38.654693603515625,65322073
2021-12-29,38.68584465764052,38.724789903543915,37.08140035555271,37.08918762207031,143890268
2021-12-30,37.299478444842066,37.99266101893268,37.12034160881567,37.77458190917969,96791651
2021-12-31,37.80574414831659,38.07055581985932,37.64218478471521,37.938148498535156,49293501
2022-01-04,37.938149808029394,37.938149808029394,37.00352017202394,37.65776062011719,71960645
2022-01-05,37.766798884825235,38.693638176482644,37.69670159580205,38.20295715332031,83717375
2022-01-06,38.0238205233591,38.46776903277835,37.46304220783777,37.50198745727539,68186664
2022-01-07,37.49419699591044,38.2730544423435,37.41631243970929,38.20295715332031,66073705
2022-01-10,38.53008585043386,38.94287942154838,38.09392453131439,38.34315872192383,57093634
2022-01-11,38.545655992767806,39.02075653519134,38.07833974634851,38.82604217529297,71561748
2022-01-12,38.8416180885603,39.02075493579163,38.31199481365674,38.755943298339844,51841118
2022-01-13,38.826041356952125,38.98181343580867,38.257475794565245,38.42882537841797,40140754
2022-01-14,38.530077809514964,38.530077809514964,37.385156442703476,37.400733947753906,66657098
2022-01-17,37.673336470551476,38.04718771429132,37.29948522681163,37.83689880371094,53180761
2022-01-18,37.89141633298541,38.42882690675303,37.60323693575291,38.17180252075195,57907708
2022-01-19,38.53008020895557,38.92729621360938,38.24969104279735,38.7092170715332,62028026
2022-01-20,38.8494145247349,40.41491685663401,38.8494145247349,40.009910583496094,138624871
2022-01-21,40.0254845771492,40.500588105299784,39.885289996019345,40.36039352416992,85808094
2022-01-24,40.46164607441902,40.500588353614866,39.74509565857254,40.383758544921875,63815520
2022-01-25,40.15010015425399,40.33702724582034,39.48807252337112,39.64384460449219,58351289
2022-01-26,39.9164436377731,40.10337072989975,39.41018511538848,39.72172927856445,43669628
2022-01-27,39.643843390263996,39.86192251449087,39.036332589609465,39.5425910949707,52940057
2022-01-28,39.76067355837889,39.877503368229306,38.28084613653797,38.32757568359375,71514411
2022-02-07,39.17652410726314,40.11115352140027,39.04411978390543,39.99432373046875,73234913
2022-02-08,40.1501021613758,40.50058861864284,39.713943877759455,40.27471923828125,52824176
2022-02-09,40.422702465641535,40.765398670840675,39.939808711958904,40.204620361328125,51220706
2022-02-10,40.422704059741484,40.422704059741484,39.7217311452074,40.27471923828125,33554247
2022-02-11,40.36039291763389,41.27944494851569,40.22798857694848,41.0925178527832,80993265
2022-02-14,41.271658004207126,41.271658004207126,39.7217303555946,39.87750244140625,59405166
2022-02-15,39.682785212256064,40.01769413268747,38.903927810528195,39.114219665527344,56617903
2022-02-16,39.37903672428209,40.002122137255334,39.12201232018372,39.77625274658203,40495579
2022-02-17,39.93202759314549,40.48501574955532,39.65942566355759,40.08000946044922,44157043
2022-02-18,39.916445693653145,40.58626359920645,39.916445693653145,40.54732131958008,35439010
2022-02-21,40.36818242202453,40.414911966779,39.72951658969515,40.31365966796875,31345076
2022-02-22,39.78403828733632,39.994327175358166,39.519226646706485,39.8930778503418,36983993
2022-02-23,40.08000685929232,40.08000685929232,39.449134176003774,39.58932876586914,37499974
2022-02-24,39.371239963316576,39.39460770506719,38.826039203115805,38.95844650268555,48238083
2022-02-25,38.97402821763686,39.33230193806681,38.592386752931596,38.794891357421875,45184050
2022-02-28,38.62354238856308,38.89614131696706,38.405463245839904,38.78710174560547,33528964
2022-03-01,38.94287179724702,39.332300515219494,38.444403513619115,39.129798889160156,40645436
2022-03-02,38.78710414084595,39.12201311419864,38.50671495654085,38.53008270263672,39707598
2022-03-03,38.615755253043716,38.91950919461915,38.514502948816734,38.732582092285156,31128967
2022-03-04,38.35872989539035,38.467769464386166,37.77458680053669,37.93035888671875,57789720
2022-03-07,37.39294827450406,37.587662654746666,36.216874725125194,36.419376373291016,101435369
2022-03-08,36.26360321579292,36.42716256395404,35.20435662961656,35.42243576049805,83466464
2022-03-09,35.51589933621405,35.617151638917555,33.498658376166766,34.573482513427734,90043112
2022-03-10,35.51589602023219,35.593783542388,34.76040636750446,34.81492614746094,67149583
2022-03-11,34.65915483130757,34.88502419383528,33.568753266150175,34.62021255493164,74052488
2022-03-14,33.880302451632986,34.2541537083597,32.789900724517466,32.8288459777832,108046557
2022-03-15,32.40825532200036,32.40825532200036,30.515631693845833,30.725923538208008,131309249
2022-03-16,31.201025090901286,33.335092468979006,31.084195305275227,33.16374588012695,137744932
2022-03-17,34.38656020367952,35.18099224812226,34.01270598486391,34.66694641113281,131964759
2022-03-18,34.73704055626182,35.95984649658203,34.2853047870678,35.95984649658203,92358531
2022-03-21,35.741764862774666,35.741764862774666,34.73703812473198,34.90060043334961,79103220
2022-03-22,35.079737731029255,35.71840055627891,34.90838815363368,35.46137619018555,54903830
2022-03-23,35.58599459185071,35.80407669067036,35.282240672218464,35.6405143737793,46995984
2022-03-24,35.51589668101992,35.89753811892105,35.32897256657852,35.6483039855957,38033234
2022-03-25,35.60156753953499,35.788494604437076,35.04857955298638,35.18877410888672,31825936
2022-03-28,34.92396887405979,35.43801468247789,34.46444285054169,35.087528228759766,38645874
2022-03-29,35.16541996483893,35.47696120566512,34.978492843458575,35.05637741088867,34962089
2022-03-30,35.32897144530755,36.06109631732643,35.321181207641686,36.00657653808594,52072269
2022-03-31,35.81965832198097,36.69976517227404,35.68725099982626,36.450531005859375,61588490
2022-04-01,36.20908447514068,36.972364426297794,36.04552215116704,36.68418502807617,47613944
2022-04-06,36.138986058768175,37.17486489908509,36.12340855358454,36.91005325317383,47826855
2022-04-07,36.87889953890646,37.065826636574336,36.27918190933861,36.49726104736328,37720107
2022-04-08,36.37264307817597,36.74649429321289,36.29475555143577,36.74649429321289,36423474
2022-04-11,36.38043011666875,36.50504718756458,35.508110620397936,35.74955749511719,49261173
2022-04-12,35.983216894814575,36.18571853640593,35.13426210567496,35.593788146972656,58884049
2022-04-13,35.59378629811986,35.90532749754763,35.29003236595798,35.632728576660156,44822252
2022-04-14,35.835228729554345,36.16235039223118,35.632727106834615,35.6405143737793,32661329
2022-04-15,35.59378999361528,36.60630419631345,35.430230624101384,36.473899841308594,42315903
2022-04-18,35.7962917809396,35.7962917809396,33.31952456912286,33.79462814331055,236677506
2022-04-19,32.712013361045614,33.296156456778576,32.24470007290142,32.78989791870117,250477022
2022-04-20,32.556240538463754,32.696435115958,31.855270622097873,32.01103973388672,131826851
2022-04-21,31.699501670986002,32.7899004167617,31.621614136291246,32.15123748779297,114350098
2022-04-22,31.668342654593285,33.46750436872244,31.66055538766086,33.1014404296875,119533984
2022-04-25,31.450262742350628,31.894211224051798,30.15735957314797,30.24303436279297,236874515
2022-04-26,30.26640291193657,30.500059567611693,29.285040798553236,29.915916442871094,145471877
2022-04-27,29.464181493375285,30.0872669169653,29.29283188772341,29.62774085998535,154620795
2022-04-28,29.643315946291857,31.21660836932271,29.557641150462118,30.85833168029785,156452310
2022-04-29,30.45332413272138,31.31785634995223,30.157360450381585,31.099777221679688,123692861
2022-05-05,30.88948798684952,31.29449423886783,30.391019667782533,30.577943801879883,94425132
2022-05-06,30.141785481116994,30.18072776142676,29.51870008284413,29.526487350463867,88945545
2022-05-09,29.44081088087325,29.456388386334517,28.155697876925213,28.404932022094727,125240592
2022-05-10,28.023289494959283,28.94234148430864,27.462511204209097,28.802146911621094,121763735
2022-05-11,28.685319514582677,29.253885060970774,28.50617969772001,28.98128318786621,87239856
2022-05-12,28.66195317260747,28.864457770648617,28.373776751970045,28.51397132873535,63002311
2022-05-13,28.802145845456362,29.28503659400212,28.739838799404563,28.934553146362305,70130077
2022-05-16,28.918977031362413,28.918977031362413,28.381563506434006,28.7320499420166,64474236
2022-05-17,29.09811091936607,30.08726010523128,29.09811091936607,30.063892364501953,118395443
2022-05-18,30.37544022597276,30.437750247438657,29.51869822855413,29.986011505126953,88775539
2022-05-19,29.510911668119903,29.79130085744928,29.22273521068947,29.619951248168945,54201095
2022-05-20,30.180725463601238,31.294491828075465,30.180725463601238,31.12314224243164,133887244
2022-05-23,31.130927413072616,31.193234452461013,30.725921258181117,30.757076263427734,61808829
2022-05-24,30.84275181864738,31.021891635028798,30.250821502565277,30.29755401611328,68742972
2022-05-25,30.359864115473087,30.453326180860643,30.095052454287103,30.204092025756836,48902540
2022-05-26,30.37544229344799,30.37544229344799,29.658894824451167,29.931493759155273,61542963
2022-05-27,30.297552176133657,30.694768118300477,30.165144881341377,30.46889877319336,60839589
2022-05-30,30.764869191129907,30.764869191129907,30.211881116202736,30.429960250854492,47153667
2022-05-31,30.414381160972265,30.95958194030561,30.219666809146442,30.91284942626953,64540394
2022-06-01,30.92063966416149,30.92063966416149,30.58573074133266,30.91284942626953,43383408
2022-06-02,30.609099929133407,30.710352238601157,30.172941619621213,30.313133239746094,54728121
2022-06-06,30.258610544203673,30.398805121966138,29.674467460561864,30.352075576782227,69870287
2022-06-07,30.344286828452834,30.764870582391357,30.11841744528894,30.648040771484375,62272629
2022-06-08,30.65582846832684,30.84275258495271,30.391016827185805,30.788232803344727,59693086
2022-06-09,30.764872655959003,31.621614756670006,30.694775358911322,31.380170822143555,90860722
2022-06-10,31.08420141755082,31.278915784478876,30.764869974633022,31.247760772705078,79539375
2022-06-13,30.811599373368026,30.811599373368026,29.861392408190724,30.040529251098633,97131216
2022-06-14,29.752354055266377,30.609096029315104,29.682256768582008,30.562366485595703,59836244
2022-06-15,30.52341815253756,32.011035556384826,30.52341815253756,31.52814483642578,139489478
2022-06-16,31.839692624219644,31.917577178909394,31.12314224243164,31.12314224243164,63688339
2022-06-17,31.02968068938893,31.286702100947267,30.585732183974685,31.03746795654297,55073077
2022-06-20,31.068622789356308,31.23218213860223,30.686984307782488,30.92064094543457,61420616
2022-06-21,30.951797516009087,31.66055770290059,30.725928134082935,31.41132354736328,58391388
2022-06-22,31.465844762958056,31.520364551265057,30.609099714651922,30.61688995361328,73071187
2022-06-23,30.62467333864259,31.317855963035196,30.62467333864259,31.263336181640625,61602983
2022-06-24,31.364587910902735,31.613822041662257,30.889484420672023,31.310068130493164,63995033
2022-06-27,31.41132497996741,32.21354726899669,31.271130389695507,32.127872467041016,89340811
2022-06-28,32.01104289644806,32.26027706525997,31.85527376926986,32.15123748779297,49916367
2022-06-29,32.14344736539965,32.486143574306716,31.925368229832014,31.940942764282227,62280411
2022-06-30,31.964308135354116,33.25721128943875,31.901998117757184,32.86778259277344,83262823
2022-07-01,33.00797961304831,33.00797961304831,32.09671485018931,32.229122161865234,69574815
2022-07-04,32.151240006067,32.22133730722988,31.7773887235669,31.972103118896484,48691785
2022-07-05,32.2914270309546,32.45498637158555,31.746226257746255,31.91757583618164,53453841
2022-07-06,31.902000134027556,32.003252433469335,30.84275353677457,30.998525619506836,88526638
2022-07-07,30.998525560303055,31.28670198158888,30.803811200035945,30.959583282470703,50812921
2022-07-08,31.310073004474418,31.325650511459962,30.866124454256294,31.006319046020508,48036145
2022-07-11,30.827180283305708,30.912852109817866,30.531213610928095,30.718137741088867,40375487
2022-07-12,30.655830952944957,30.998527175271008,30.39880655787129,30.609098434448242,58062988
2022-07-13,30.42995950417233,30.57015407903851,29.355135420566715,29.51869773864746,141083081
2022-07-14,28.95013030327309,28.965707808974106,27.649439773845334,28.4127197265625,232523374
2022-07-15,28.528132174890754,29.2271125780006,28.33306975104602,28.341196060180664,138245173
2022-07-18,28.56877251049365,29.129580844584012,28.454982481416472,28.958900451660156,90308021
2022-07-19,28.85324156338711,29.137708901996486,28.609411973084583,29.023921966552734,53781384
2022-07-20,29.21085593834274,29.357154301844623,29.02391982952616,29.137706756591797,46968871
2022-07-21,28.88575308720201,29.121456368721212,28.747581021998467,28.820730209350586,46624082
2022-07-22,28.893878256571032,29.300261925722417,28.65004867517247,28.926389694213867,51033274
2022-07-25,28.75570823008019,29.243367374778988,28.625665584796433,29.137706756591797,40464861
2022-07-26,29.13770671750671,29.544090371030993,29.08894266337898,29.5278377532959,45628522
2022-07-27,29.446558905854722,29.54409011372198,29.186473617901246,29.300260543823242,44247135
2022-07-28,29.340897737288998,29.544089558462638,29.05643042783036,29.080812454223633,57066760
2022-07-29,29.12145475083728,29.405922074479598,28.454982691732873,28.50374984741211,64970631
2022-08-01,28.438729997008632,28.454982615063294,27.99983489846194,28.05672836303711,70588273
2022-08-02,27.796641132852326,27.804767441314002,27.089534479165597,27.560937881469727,81160751
2022-08-03,27.552811290768958,28.03234409708371,26.780681775453882,26.870086669921875,100320625
2022-08-04,27.089536426643978,27.390259468722327,27.008257833878687,27.35774803161621,59307271
2022-08-05,27.479665876003125,27.910431589644087,27.325238091519413,27.877920150756836,48871948
2022-08-08,27.788511723929577,28.032344384234925,27.325234630087127,27.560937881469727,57211197
2022-08-09,27.593453293661604,27.593453293661604,27.14643185276825,27.308982849121094,49867119
2022-08-10,27.276471774528666,27.3902587007484,26.84570299610384,26.9432373046875,52960480
2022-08-11,27.19519165496086,27.959194860269882,26.967617815316995,27.92668342590332,82668809
2022-08-12,27.76412835747562,27.99170218894693,27.65846774980926,27.9348087310791,40200050
2022-08-15,27.715361528709085,27.902300721538346,27.25208445187003,27.41463851928711,45918083
2022-08-16,27.52030013823919,27.934810079928358,27.43089524285537,27.560937881469727,47915454
2022-08-17,27.634087549303345,27.9023022402091,27.26021534421756,27.829153060913086,45395476
2022-08-18,27.73974959984418,27.772257936410938,27.178938162724954,27.40651512145996,50734443
2022-08-19,27.21144777048566,27.756003452483558,27.195192053064414,27.512170791625977,42844967
2022-08-22,27.260215595991603,27.73161901100556,27.227704160346185,27.32523536682129,52563482
2022-08-23,27.300854783930685,27.308981093041165,26.837577653100368,26.902597427368164,53965720
2022-08-24,26.935108029391223,27.17893760114085,26.658767021285325,26.6912784576416,58965852
2022-08-25,26.74004584802647,27.44715254247551,26.488086864734857,27.382129669189453,65073875
2022-08-26,27.390258789062504,27.666599796684803,27.08953575444627,27.3902587890625,54968310
2022-08-29,27.073281918701422,27.487791908725143,26.910727826363352,27.04889678955078,38901392
2022-08-30,26.91072737933641,27.52842919940642,26.886345351052224,27.463409423828125,59087736
2022-08-31,27.26021441940339,28.641919370085862,27.203320959710084,28.487491607666016,166545105
2022-09-01,28.33306875659838,28.479367119577745,28.032345721790225,28.04047203063965,60742108
2022-09-02,28.121748436533213,28.36558111641138,27.73162048937399,27.894174575805664,47663498
2022-09-05,27.837279658881588,27.95106658331126,27.27647134542342,27.82102394104004,46737206
2022-09-06,27.8941730887715,28.243663270806863,27.227704160346185,27.32523536682129,87756101
2022-09-07,27.105789508363493,27.21145013053499,26.870089336465874,27.13017463684082,62522016
2022-09-08,27.122044679128127,27.252087326687775,27.02451346857371,27.06515121459961,41667222
2022-09-09,27.187066980234164,28.251790165798056,27.13017351690455,28.04047203063965,135166615
2022-09-13,27.999834521583487,28.975155916183414,27.86979187566758,28.7313232421875,143861057
2022-09-14,28.365578374543603,28.690683415520393,28.211150612153187,28.333066940307617,56078636
2022-09-15,28.56877063478527,29.30838872268964,28.56877063478527,29.26774787902832,134095049
2022-09-16,29.007661689270414,29.2596206499218,28.38183054220288,28.40621566772461,86516134
2022-09-19,28.357452091174746,28.706942296578145,28.243665159268776,28.52000617980957,44998129
2022-09-20,28.52813048371629,28.601279663437044,27.918555019530373,28.072982788085938,50434551
2022-09-21,27.999830920938862,28.349321068231582,27.520298144453097,27.96731948852539,53038925
2022-09-22,27.634087899918057,27.837279722711575,27.560938719693947,27.77225685119629,38514551
2022-09-23,27.634086717526337,28.170512982730465,27.634086717526337,27.92668342590332,36643717
2022-09-26,27.65034400941574,28.056727660758483,27.504045646895452,27.59345054626465,52549140
2022-09-27,27.544681260289305,27.6747238946367,27.178935382293204,27.552810668945312,47541362
2022-09-28,27.463407644532463,27.63408803238652,27.16268151302444,27.365873336791992,48729860
2022-09-29,27.62596196246711,27.89417355991917,26.821320969188523,26.9432373046875,61785902
2022-09-30,27.032638968470405,27.59345038841032,26.91885204281917,27.349620819091797,53971707
2022-10-10,26.813195785771907,26.89447127920838,25.398979256563468,25.84600067138672,127799132
2022-10-11,25.83787146936417,26.0654453058757,25.44774201348778,25.520891189575195,61866447
2022-10-12,25.398977112679745,25.439614855967818,24.423655771460627,25.155147552490234,117369975
2022-10-13,24.76501644852442,24.83816562179112,24.13918687201994,24.293611526489258,135038091
2022-10-14,24.62684799994288,25.374593960646237,24.46429547384336,25.260807037353516,126919692
2022-10-17,24.95195656857882,25.342084497998187,24.82191392543903,25.2120418548584,64630961
2022-10-18,25.43961537736134,25.50463669809321,24.951956246987578,25.033231735229492,56281382
2022-10-19,24.96820965871246,25.252678509640024,24.55369817025753,24.594337463378906,52827518
2022-10-20,24.383019332282082,24.74876524235856,24.28548657285148,24.439912796020508,55115404
2022-10-21,24.504933603676598,24.602466361056553,23.976635172630846,24.041656494140625,72871094
2022-10-24,23.887229132496984,23.968506168057107,22.757483143925857,22.773738861083984,145145835
2022-10-25,22.77374050538301,23.1394848664651,22.6030585633602,22.911911010742188,86028249
2022-10-26,22.741227877136588,23.017568873375378,22.562419635547595,22.700590133666992,75402189
2022-10-27,22.920038941824824,23.115102911726787,22.676207816774397,22.70871925354004,76286564
2022-10-28,22.432377180798614,22.75748378192283,21.93658864519009,22.091014862060547,94946422
2022-10-31,21.863439364967853,22.05037546597026,21.37577869042329,21.798418045043945,95303253
2022-11-01,22.02599451465639,22.96067661550701,21.952845332393846,22.911911010742188,105901901
2022-11-02,22.887526754194795,23.326421834748484,22.63556932844948,23.098846435546875,72836102
2022-11-03,23.04195352893672,23.066335556068374,22.65995190141422,22.79812240600586,50172213
2022-11-04,22.798122104149947,23.773443482498536,22.749356500301698,23.635272979736328,92682957
2022-11-07,23.40769588489419,23.919740114069835,23.26139908393163,23.700292587280273,54538019
2022-11-08,23.732804667989893,23.879101472940825,23.521484993864508,23.69216537475586,43978188
2022-11-09,23.692165343769208,24.017271938063622,23.570250564687615,23.716548919677734,46305956
2022-11-10,23.570251817714976,23.814081388840474,23.38331570983672,23.72467803955078,40004562
2022-11-11,24.464295848468232,25.845999317509868,24.14731554979367,25.390850067138672,168871688
2022-11-14,26.414935731443464,27.382127646674967,26.276766786607972,26.93510627746582,204968536
2022-11-15,26.943239264923253,27.495921318595833,26.618131080247114,27.04889678955078,91330506
2022-11-16,27.032640323854206,27.21145013053499,26.707535248616193,27.13017463684082,61459443
2022-11-17,27.065149252875187,27.065149252875187,26.00855243047918,26.26051139831543,103715191
2022-11-18,26.2442566503493,26.561235398729927,25.87038288923188,26.065446853637695,56273194
2022-11-21,25.68344553577665,25.984168551619724,25.236422615949994,25.90289306640625,47910404
2022-11-22,26.06544755509134,26.723790196687197,25.84600000789272,26.374300003051758,65416650
2022-11-23,26.27676756748937,26.780682411366016,26.130469209515322,26.187362670898438,57764427
2022-11-24,26.496212003989324,26.71565954095039,26.073575748132207,26.187362670898438,40630100
2022-11-25,26.1792314400577,27.000128069392797,26.154849415579136,26.837574005126953,83012155
2022-11-28,26.089830633832083,26.097960043571458,25.561533717843776,25.976043701171875,80937686
2022-11-29,26.650638974358152,28.373704682872088,26.618127540122167,28.333066940307617,175318695
2022-11-30,27.90230360788812,28.8044727294788,27.796642988067827,28.414344787597656,87332461
2022-12-01,29.178345399991876,29.666004507882253,28.32493731049222,28.446853637695312,83139723
2022-12-02,28.44685357907128,28.44685357907128,27.764128969155127,27.951065063476562,59846240
2022-12-05,28.422473690115066,29.340898513793945,28.12987696380769,29.340898513793945,105060439
2022-12-06,29.186473911246168,29.243367374778988,28.788216566055212,29.137706756591797,65110353
2022-12-07,29.09706761438768,29.218983944940042,28.690683979827902,28.706939697265625,56460628
2022-12-08,28.650047011165928,29.072686374591658,28.57689783094876,28.81260108947754,44355151
2022-12-09,29.09706644342755,30.015494288701237,28.95889750145891,29.86919593811035,95816291
2022-12-12,29.592856417467747,29.747281083858255,28.999536677595454,29.08894157409668,60626240
2022-12-13,29.040176693127197,29.47094239128314,28.942645480432923,29.373411178588867,38290398
2022-12-14,29.373409683101226,30.104901492219227,29.275878475372558,29.99924087524414,64436167
2022-12-15,29.763537915989456,30.039878924404416,29.438432853446763,29.5278377532959,40340341
2022-12-16,29.50345517266792,30.23494705234244,29.50345517266792,30.14554214477539,60782001
2022-12-19,30.153665222125912,30.348730735950237,29.46281426573453,29.666006088256836,54784253
2022-12-20,29.454690485609504,29.706646382871476,28.690687183043714,29.03205108642578,70291116
2022-12-21,29.25149603949047,29.44655845221997,29.02391909069118,29.218984603881836,33049776
2022-12-22,29.690388114811945,29.950473399603606,29.46281426573453,29.666006088256836,35971483
2022-12-23,29.495323023631958,29.909832939742095,29.38153610942372,29.56034278869629,33058360
2022-12-26,29.544089658584724,29.90983555802898,29.170217450468883,29.218984603881836,36047352
2022-12-27,29.625369627313866,30.056135317575784,29.527838416406905,29.804176330566406,36790747
2022-12-28,29.804177261555253,30.495031369917992,29.731031176436147,30.340606689453125,52885997
2022-12-29,29.991113441160266,30.332474205632984,29.787921624080486,30.25932502746582,51362913
2022-12-30,30.34872953389212,30.584432782792895,30.226813205023156,30.283706665039062,52322805
2023-01-03,30.137414772381277,30.70634943599577,29.69039025031077,30.543798446655273,60626616
2023-01-04,30.706348076227368,31.559756234780423,30.503156248088306,31.4134578704834,83645411
2023-01-05,31.689797475569854,31.917371320846836,31.210264658406846,31.291540145874023,61908519
2023-01-06,31.421581711025826,31.641029240232257,30.795750557465485,31.194007873535156,59000699
2023-01-09,31.218393017804623,31.77920135927609,31.218393017804623,31.535371780395508,49914886
2023-01-10,31.519115987713178,31.535371706328544,31.01520111248201,31.088350296020508,54197159
2023-01-11,31.194012036214644,31.844225301856294,30.99894650629144,31.632904052734375,54170698
2023-01-12,31.78732878316331,31.819840218439502,31.478476348961735,31.738561630249023,30434871
2023-01-13,31.75481926416854,32.234352111816406,31.673543771534515,32.234352111816406,46376708
2023-01-16,32.51068718465359,33.4372412733425,32.348133128638175,32.8926887512207,88046855
2023-01-17,32.8764412543823,33.27469553569622,32.73826918706619,33.063377380371094,43204705
2023-01-18,33.03899329762227,33.28282287721589,32.69762940582214,32.81954574584961,29467472
2023-01-19,32.67324790987431,33.16090707699994,32.445670944815824,33.03899383544922,47249021
2023-01-20,33.307207939505666,33.40473916013648,33.063378337697834,33.36410140991211,41340273
2023-01-30,34.58324958648045,34.64827246169427,34.014311830204846,34.16061019897461,100700740
2023-01-31,34.4206909565981,34.4206909565981,33.494136810302734,33.494136810302734,64231185
2023-02-01,33.8436276930893,33.88426543537602,32.47005216084783,32.9495849609375,91679130
2023-02-02,33.07962800144302,33.12026574422716,32.1449444151025,32.535072326660156,72723293
2023-02-03,32.34001264878133,32.34001264878133,31.70605202612628,31.941755294799805,63816364
2023-02-06,31.470350458219247,31.486606176073174,30.78762581065999,31.16962432861328,73100066
2023-02-07,31.29154251023766,31.64915902276001,31.0152014913236,31.218393325805664,42657086
2023-02-08,31.291539241677068,31.632899999728618,31.17775232232655,31.28341293334961,31706528
2023-02-09,31.226516373213332,31.608517974285228,31.145240888094683,31.28341293334961,49817481
2023-02-10,31.128984671430754,31.20213384704807,30.803879635712317,31.01519775390625,41102639
2023-02-13,30.803877764343927,30.868897527353205,30.129279507915562,30.65757942199707,82518134
2023-02-14,30.706348734077583,30.933925694782566,30.48690118293062,30.88515853881836,48607663
2023-02-15,30.885154310002616,30.958303483702636,30.072387091318337,30.210556030273438,77104778
2023-02-16,30.234944229205222,30.76324111478666,30.088645866930683,30.291837692260742,65415231
2023-02-17,30.194306687293828,30.38124279579932,29.812305060956696,29.836687088012695,57581280
2023-02-20,29.926090008548822,31.299665550004526,29.926090008548822,31.28341293334961,108022830
2023-02-21,31.234650474596815,31.551629254826867,30.990820882147663,31.445968627929688,53046540
2023-02-22,31.25902730581032,31.372814223334824,30.998942037051183,31.01519775390625,38309139
2023-02-23,31.01520172449989,31.51099030043734,31.01520172449989,31.10460662841797,37063824
2023-02-24,31.023328342874812,31.0883512192673,30.397500210134805,30.446264266967773,53369015
2023-02-27,30.29183370520043,30.54379265161249,30.145535362181914,30.202428817749023,44933367
2023-02-28,30.210560325873068,30.462519315656827,29.950475026949785,30.324350357055664,37822552
2023-03-01,30.27558296801997,31.16149947955901,30.234945221712206,31.088350296020508,57119401
2023-03-02,30.91766990125111,31.291542128020644,30.698222350635607,31.088350296020508,34907009
2023-03-03,31.291542128020644,31.510989678636143,30.803882971404843,31.088350296020508,35711390
2023-03-06,30.901414566935667,31.072094963827706,29.99924232556156,30.072391510009766,81051939
2023-03-07,29.982986695579758,30.462519550502947,29.592858744187204,29.71477508544922,73741149
2023-03-08,29.46281439728207,29.519707859805443,29.09706849501668,29.25962257385254,61658357
2023-03-09,29.2596251947554,29.324648072298576,28.853241511494907,28.918264389038086,53999602
2023-03-10,28.487490992038353,28.98327950190382,28.40621550865032,28.471235275268555,55845366
2023-03-13,28.381830996609438,28.755706289472474,28.211150617529523,28.487491607666016,58420463
2023-03-14,28.186769031944998,28.38996084843799,27.910428037496082,28.105493545532227,62666750
2023-03-15,28.568768885756114,29.023916542471685,28.349321365356445,28.349321365356445,67638378
2023-03-16,28.04047341326766,28.568773427905075,27.80477013901642,28.162389755249023,40389489
2023-03-17,28.46310969110745,28.747576990662278,27.650342434709618,27.92668342590332,83271578
2023-03-20,27.991704164249466,28.37370578014254,27.650343392953552,27.731618881225586,52072515
2023-03-21,27.804768223198494,28.04047148120919,27.64221414524418,27.82102394104004,36747539
2023-03-22,28.056727070318974,28.22740745618036,27.861661557576582,28.072982788085938,45986740
2023-03-23,27.959197981999665,28.72319817215061,27.894175106006543,28.609411239624023,54214633
2023-03-24,28.43059911265585,28.43059911265585,27.821023652005955,27.983577728271484,67871839
2023-03-27,28.121748277486528,28.121748277486528,27.674726867673613,27.80476951599121,44983610
2023-03-28,27.96732239941699,28.2192813761545,27.780386294274127,27.959196090698242,53323436
2023-03-29,28.129876214865295,28.20302539449458,27.71536316347895,27.731618881225586,41863012
2023-03-30,27.75600143719375,27.95106383116356,27.39838188081435,27.91855239868164,56228970
2023-03-31,27.92668578911925,28.300558014589473,27.747875985432927,27.85353660583496,57779428
2023-04-03,27.886044681741488,27.999831597477144,27.617830008540945,27.9348087310791,50467501
2023-04-04,27.942942413789382,27.97545075149999,27.682857109336148,27.861663818359375,48782066
2023-04-06,27.77225776854237,27.77225776854237,27.414641264779366,27.471534729003906,48679567
2023-04-07,27.51217195176742,27.845406421802156,27.43089646169503,27.747875213623047,39414120
2023-04-10,27.756003881617076,27.87791711346968,27.60970552302505,27.829153060913086,33015949
2023-04-11,27.82915154622371,27.910427029701772,27.333363035809047,27.41463851928711,73399153
2023-04-12,27.544682778921672,27.593449932163505,27.357746675519675,27.42276954650879,41612769
2023-04-13,27.34962020507454,27.829153024168324,27.024512052974607,27.642213821411133,63430456
2023-04-14,27.79664040307042,28.27617320170749,27.650342050912602,27.951065063476562,69392338
2023-04-17,27.894175106006543,28.60941123962402,27.71536529748683,28.609411239624023,89373012
2023-04-18,28.617538668725228,29.544092984654597,28.54438948060125,28.999540328979492,94271463
2023-04-19,29.129578138983227,29.129578138983227,28.69068308326319,28.85323715209961,51088648
2023-04-20,28.934513766162304,29.048303789113916,28.333067718580732,28.43872833251953,68091530
2023-04-21,28.43872937440819,28.593154046236982,27.983578567310033,28.04047203063965,53159146
2023-04-24,28.056730454282548,28.19489942127477,27.235833660577708,27.308982849121094,72987368
2023-04-25,27.317109376931473,27.747875052646272,27.235830786869407,27.658470153808594,51221280
2023-04-26,27.47153724884317,27.60157990763624,27.105791302093436,27.48779296875,49650070
2023-04-27,26.796938459639932,26.81319417744443,26.122340122828387,26.520597457885742,155927939
2023-04-28,26.382428527879206,27.430899196847243,26.341790778790994,27.308982849121094,94021308
2023-05-04,27.057025225569536,27.959197460135965,26.683152996971597,27.739749908447266,72543303
2023-05-05,27.780386736596377,28.495622833219734,27.756004709590755,28.194896697998047,80088973
2023-05-08,28.333068926173645,29.21898541820153,28.154259125803964,28.93451499938965,106426580
2023-05-09,28.99953663642037,29.340897403891894,28.414343205942206,28.43872833251953,98552978
2023-05-10,28.365579736781292,28.54438643274424,27.869791192486183,27.959196090698242,63837387
2023-05-11,28.121747295198805,28.71507015166332,27.959196315825658,27.999834060668945,44580284
2023-05-12,28.016089456140257,28.081109227048685,27.634087837996848,27.66659927368164,45936569
2023-05-15,27.707239144588907,28.32494096770281,27.398386682801263,28.203027725219727,52809453
2023-05-16,28.406216796424573,28.60940861456715,28.09736436471875,28.300556182861328,38524804
2023-05-17,28.292431011428828,28.552516301067428,27.983578567310033,28.04047203063965,39637635
2023-05-18,28.227407912160302,28.316812811092248,27.804768544775502,27.999834060668945,32901230
2023-05-19,27.91855560706212,27.999834197607395,27.58532113697952,27.59345054626465,39298980
2023-05-22,27.61783250516885,27.91042922948869,27.61783250516885,27.796642303466797,29693441
2023-05-23,27.80477144919721,27.94294351665095,27.308982849121094,27.308982849121094,34692126
2023-05-24,27.300853473989868,27.300853473989868,26.764427185058594,26.764427185058594,46399873
2023-05-25,26.62625748596572,26.62625748596572,26.138598307649037,26.349916458129883,70605103
2023-05-26,26.36616984960832,26.707533724660248,26.187363153591754,26.610002517700195,29462374
2023-05-29,26.780681957843235,26.780681957843235,26.36616891711606,26.569360733032227,38730090
2023-05-30,26.56936241607539,26.740045908607364,26.30115081431586,26.528724670410156,34007178
2023-05-31,26.4962137651342,26.658767851516764,26.20362013019917,26.252384185791016,52541398
2023-06-01,26.26051145743383,26.414936121671463,26.024808206391338,26.05731964111328,47239881
2023-06-02,26.18736107165746,26.902593999783967,26.171105355046276,26.878211975097656,55885607
2023-06-05,26.878212362562206,27.04076643055642,26.6912762695302,26.853830337524414,31273034
2023-06-06,26.853829950411342,27.471531679331676,26.805062800577794,26.878211975097656,38663375
2023-06-07,27.02451346857371,27.317110200698238,26.951364285542578,27.06515121459961,33890635
2023-06-08,27.081405170086594,27.812896952777365,27.000129683325877,27.69911003112793,54961501
2023-06-09,27.674725420438758,27.837279497450407,27.42276954650879,27.42276954650879,41510872
2023-06-12,27.41463851928711,27.56906317807981,27.130171226652937,27.41463851928711,40677376
2023-06-13,27.27646957728221,27.585318894867612,27.227702426918803,27.41463851928711,23124556
2023-06-14,27.577195032834958,27.666599932867722,27.1382999420166,27.1382999420166,38263310
2023-06-15,27.227705318267017,27.463408586028393,27.073280643075744,27.40651512145996,36953706
2023-06-16,27.52029884856976,27.666597197712637,27.430893957375677,27.577192306518555,42680637
2023-06-19,27.560938104585286,27.560938104585286,27.27647079920761,27.292726516723633,27896062
2023-06-20,27.227703214241753,27.276470366015324,26.902595070006686,26.975744247436523,30764875
2023-06-21,26.87008612285231,27.341489510729907,26.821318972191467,26.959487915039062,42786599
2023-06-26,26.76442640340701,26.902595350849612,26.349913360157043,26.50434112548828,43210300
2023-06-27,26.520595560492666,26.829444875298346,26.3661678026289,26.675020217895508,34571527
2023-06-28,26.666893248759475,26.967616248020246,26.593744075916494,26.861955642700195,33381801
2023-06-29,26.861956529698645,26.967617138507674,26.55310411188968,26.561233520507812,25854831
2023-06-30,26.60187491446905,26.821322470372923,26.52872572916776,26.626256942749023,29361327
2023-07-03,26.740046164691524,27.43902345802672,26.65876757212142,27.40651512145996,45366767
2023-07-04,27.308977574071967,27.308977574071967,27.113915175942537,27.235828399658203,22408656
2023-07-05,27.22770281647783,27.22770281647783,26.691276556649246,26.845701217651367,41307158
2023-07-06,26.845700350091956,26.918849524089246,26.42306102260327,26.479957580566406,40784246
2023-07-07,26.414936062205417,26.479958931502924,26.244255680991053,26.26051139831543,47279440
2023-07-10,26.431193467089038,26.56936242247636,26.276768793339457,26.374300003051758,27207677
2023-07-11,26.60187278313439,26.658766244870286,26.39055465389551,26.585617065429688,32916654
2023-07-12,26.59374733845477,27.178937692529306,26.59374733845477,26.983875274658203,63204933
2023-07-13,27.436721138506996,27.445297990433076,26.973582585569403,27.316648483276367,56385028
2023-07-14,27.39383647958478,27.608251218338374,27.256610130696895,27.3852596282959,34752056
2023-07-17,27.24803740119847,27.256614253784765,26.956430956733843,27.145116806030273,26200279
2023-07-18,27.145113662071203,27.24803424531909,26.922120428256758,26.98215675354004,31638946
2023-07-19,26.836355133509095,27.13653675936002,26.8106245787788,27.0850772857666,24029564
2023-07-20,27.248035558723515,27.53106349559652,27.102232346350217,27.17942237854004,27239443
2023-07-21,27.273765563964844,27.428145634486512,27.11081027696292,27.273765563964844,31566900
2023-07-24,26.982156529741538,27.21372661322819,26.930697056478003,26.973581314086914,23912203
2023-07-25,27.445298766925212,28.603145999961043,27.445298766925212,28.534534454345703,126162096
2023-07-26,28.53453595748422,28.92906136282523,28.363002176807992,28.603147506713867,50175140
2023-07-27,28.731797910121607,29.00625064334519,28.47449888169133,28.8690242767334,54848896
2023-07-28,28.723222264681194,30.267019683944675,28.654607446532566,30.104061126708984,125628759
2023-07-31,30.464281154316044,30.91026763915639,30.026869885532378,30.49858856201172,116275605
2023-08-01,30.472854834901266,30.515740728227154,29.821030480200058,30.00971794128418,66009585
2023-08-02,29.297856849925974,29.863916016694905,28.963367788435416,29.186359405517578,91535761
2023-08-03,29.177783917120003,29.82960832936833,29.04913276925283,29.74384307861328,50929381
2023-08-04,30.086906598800383,30.447124529847873,29.778146502625866,29.915372848510742,81264248
2023-08-07,29.80387867360875,29.829607593853943,29.400774807183314,29.589462280273438,34467192
2023-08-08,29.443661916393825,29.718114649432437,28.997675407272418,29.289281845092773,50228255
2023-08-09,29.17778205871582,29.426505850492077,29.11774573266423,29.17778205871582,38683250
2023-08-10,29.07486468241483,29.37504632890691,28.989096160749543,29.280702590942383,28772469
2023-08-11,29.297854676811205,29.563732171684208,28.43161392211914,28.43161392211914,60624004
2023-08-14,28.131429184953998,28.157161376049828,27.65971379016626,27.83982276916504,66707291
2023-08-15,27.83982408764678,27.994204154595504,27.573949850361963,27.754058837890625,58295914
2023-08-16,27.573948805118167,27.659714051623226,27.34237707760597,27.419567108154297,58015181
2023-08-17,27.25661136548565,27.333801394715366,27.007887574441636,27.265188217163086,64607569
2023-08-18,27.230882808081535,27.98562945239122,27.230882808081535,27.342378616333008,67459467
2023-08-21,27.28234001870858,27.308070573490067,26.699127197265625,26.699127197265625,80957531
2023-08-22,26.76773970574945,26.990732934019253,26.58763073437795,26.862083435058594,60107044
2023-08-23,26.759165736450978,26.965005271547714,26.458982467651367,26.458982467651367,56074358
2023-08-24,26.587632016806285,26.716281521972228,26.416098252673553,26.63909149169922,41225614
2023-08-25,26.58763224601365,27.316648296061665,26.501865363207905,27.06792449951172,64747134
2023-08-28,28.560262141178356,29.10059235339555,27.471026500812954,27.668289184570312,140509367
2023-08-29,27.66829083577027,27.822670905616917,27.248036523648004,27.47960662841797,72116998
2023-08-30,27.60825201855098,27.60825201855098,27.059346607089665,27.153690338134766,63980158
2023-08-31,27.27376546033122,27.513914053416105,27.00788958203601,27.059349060058594,50322017
2023-09-01,27.40241571704589,27.985628568538495,27.342377752795674,27.676868438720703,69752619
2023-09-04,27.942744845279123,28.826139303943883,27.848401112463584,28.757524490356445,110429932
2023-09-05,28.560259798107825,28.680332441697736,28.2772318913222,28.39730453491211,44732261
2023-09-06,28.38872996601421,28.6974901045641,28.10570202016655,28.611724853515625,54674047
2023-09-07,28.56884142407845,28.56884142407845,28.31153913470416,28.423036575317383,35870198
2023-09-08,28.302961329985017,28.52595291908245,28.260078709589457,28.448762893676758,29850098
2023-09-11,28.414464164068086,28.55169053847117,28.22577667236328,28.22577667236328,63287369
2023-09-12,28.21719833582884,28.345846207258372,28.148583520345507,28.200044631958008,27759078
2023-09-13,28.260080517218128,28.37157795476578,28.011356722586612,28.088546752929688,29891534
2023-09-14,28.26007811392684,28.46591599618058,28.174309603209323,28.36299705505371,43734390
2023-09-15,28.560260268175682,28.663179211270364,28.13142752159126,28.268653869628906,43960215
2023-09-18,28.191464905579025,28.345844961899445,28.045663336684367,28.32011604309082,36040192
2023-09-19,28.30296127457187,28.30296127457187,28.062815983439542,28.268653869628906,38465270
2023-09-20,28.182891407866087,28.182891407866087,27.985628717595066,28.071393966674805,30931758
2023-09-21,28.088546188419652,28.140007298192273,27.762632369995117,27.762632369995117,39031854
2023-09-22,27.951322848535682,28.620300989054634,27.719752737186493,28.594572067260742,71283316
2023-09-25,28.543106641255278,28.543106641255278,28.217196108637093,28.302961349487305,45651541
2023-09-26,28.24292711096273,28.37157825346713,28.088547048651233,28.13142967224121,32202356
2023-09-27,28.21719727139107,28.380152544415104,28.088546133080165,28.148582458496094,35246679
2023-09-28,28.32011765549527,28.42303660832379,28.088547557830204,28.27723503112793,38856469
2023-10-09,28.045662244351917,28.045662244351917,27.771209548634946,27.9427433013916,36134267
2023-10-10,28.405882346687296,28.4144608344331,27.95132064819336,27.95132064819336,34263698
2023-10-11,28.165736365660987,28.174311581467773,27.788364707209226,27.831247329711914,37609124
2023-10-12,28.294385518213847,28.5859919111851,28.11427328157414,28.36299705505371,61745963
2023-10-13,28.11427500399935,28.200043519971487,27.882704918476108,27.968473434448242,41037187
2023-10-16,27.94274601654174,28.01135756127075,27.65113959004077,27.7111759185791,28677414
2023-10-17,27.779787501587336,27.959896487450507,27.633985924003206,27.891284942626953,28622914
2023-10-18,27.865554809570312,27.99420267741614,27.79693999599836,27.865554809570312,24931667
2023-10-19,27.788365841506362,27.788365841506362,27.03361922206036,27.076501846313477,60429338
2023-10-20,27.00789043638426,27.282343175676292,26.930700398974952,27.145116806030273,37258937
2023-10-23,27.093655067128022,27.1451145424874,26.58763225780367,26.784894943237305,39380184
2023-10-24,26.91354382631637,26.939274381333817,26.62193904878795,26.84493064880371,36552663
2023-10-25,27.1022312391028,27.230880742207507,26.75916535220118,26.947851181030273,37569332
2023-10-26,26.896391582505274,27.230880616203187,26.81062470220994,27.016464233398438,28702985
2023-10-27,26.97358309297163,27.1451152271182,26.716282437950877,27.04219627380371,39145276
2023-10-30,26.596211035859085,26.699129994031566,26.201684000551655,26.501867294311523,83850056
2023-10-31,26.36463836516319,26.5790547490398,26.253142565328922,26.381792068481445,52801599
2023-11-01,26.41609691671206,26.484710091721684,26.098761595742726,26.115915298461914,52989707
2023-11-02,26.24456774075652,26.424676731907937,26.16737770572954,26.313180923461914,36466771
2023-11-03,26.31317991779438,26.621940046101756,26.244566737711324,26.579055786132812,43956879
2023-11-06,26.71628139582024,26.887815159143006,26.553324484250336,26.707704544067383,51982385
2023-11-07,26.707705980147978,26.707705980147978,26.287450036863856,26.416099548339844,51624067
2023-11-08,26.364638616382646,26.398946023346056,26.158799082203796,26.244565963745117,44518298
2023-11-09,26.20168249373639,26.398946817979432,26.175953573606566,26.2960262298584,32764958
2023-11-10,26.158799644029042,26.210259119712177,25.815733746362767,25.8671932220459,51696462
2023-11-13,25.875769587231296,25.961536469001345,25.39547733953311,25.575586318969727,63424273
2023-11-14,25.618471131057728,25.901500701904297,25.609894279108772,25.901500701904297,44834267
2023-11-15,26.11591626201173,26.39036897217619,26.0644551519555,26.278871536254883,60193960
2023-11-16,26.30460341062681,26.39037029582176,26.04730439090924,26.19310760498047,31571993
2023-11-17,26.12449247790633,26.175953589932572,25.81573398508516,26.012996673583984,43245282
2023-11-20,26.02157363611275,26.235990029531035,25.850039867031214,26.227413177490234,36922708
2023-11-21,26.373215221882997,26.47613580594508,26.047303038109582,26.09876251220703,48854470
2023-11-22,25.987265877262285,26.081609612570727,25.858616370120835,25.8671932220459,27370542
2023-11-23,25.747119581016708,25.91007485375189,25.6870832557072,25.850038528442383,29979383
2023-11-24,25.781426593501358,25.81573400154072,25.66993078910794,25.72996711730957,29116276
2023-11-27,25.72996601091717,25.75569656584027,25.121024267208377,25.21536636352539,58101958
2023-11-28,25.223943593057477,25.292556771346494,24.90660825692098,25.0095272064209,47516511
2023-11-29,25.04383505038692,25.078140822196286,24.597848565794507,24.700767517089844,62063752
2023-11-30,24.700767293611047,24.855147355024542,24.529235164381674,24.69219207763672,55156006
2023-12-01,24.63215624778854,24.649309952957083,24.074673916749774,24.23763084411621,88273644
2023-12-04,24.246206968246923,24.40916225485017,24.031790567684148,24.083250045776367,55787830
2023-12-05,24.066094822167216,24.074671673952466,23.585802573263575,23.594379425048828,61890167
2023-12-06,23.637262164142406,23.980328057900532,23.54292006577593,23.808795928955078,61125926
2023-12-07,23.817373076398603,23.963176287538886,23.405693998779178,23.8516788482666,59496698
2023-12-08,23.757335838617557,23.971752221147078,23.58580207824707,23.58580207824707,53349765
2023-12-11,23.37138630096326,23.885985959534057,23.071203030474692,23.808795928955078,75808597
2023-12-12,23.757336371786742,24.074671708966548,23.680146341474423,24.057518005371094,50420111
2023-12-13,23.94602197443846,23.94602197443846,23.32850337372018,23.34565544128418,67123932
2023-12-14,23.534343866170623,23.705875999869853,23.182701110839844,23.182701110839844,44526808
2023-12-15,23.560070401862664,24.057516320215726,23.32850196301357,23.354230880737305,98068659
2023-12-18,23.15697066339863,23.482882864064866,23.07120377821259,23.397117614746094,47716425
2023-12-19,23.328503025777316,23.457152527858096,23.174122968933514,23.40569305419922,37657373
2023-12-20,23.422845724154932,23.50861260637121,23.20842933654785,23.20842933654785,53112808
2023-12-21,23.13981751375486,23.80022041888709,23.08835803575687,23.765913009643555,75910481
2023-12-22,23.8259503849551,23.88598671377512,23.50861340079136,23.680147171020508,62364372
2023-12-25,23.671568535600834,23.774487481291004,23.517188481198435,23.61153221130371,41903386
2023-12-26,23.577226102668874,23.577226102668874,23.29419653264845,23.388540267944336,36525708
2023-12-27,23.43999904866123,23.474306455339754,23.199852109513156,23.414268493652344,41063687
2023-12-28,23.37138544994859,24.126130388734186,23.37138544994859,24.006057739257812,106106285
2023-12-29,23.928869376094653,24.057518886035542,23.817373570377153,23.86025619506836,65577345
2024-01-02,23.971754027805577,23.98032924418992,23.637263333460574,23.654417037963867,54219480
2024-01-03,23.654416359384935,23.877409603928783,23.602956883218585,23.817373275756836,43395588
2024-01-04,23.808796224464793,23.86883255213422,23.465730326448604,23.8516788482666,63710249
2024-01-05,23.8002188899919,24.68361499085695,23.688723088847382,24.26335906982422,119063315
2024-01-08,24.160440374811667,24.520659997574665,23.97175452893289,24.12613296508789,81682070
2024-01-09,24.1175540106079,24.254780356499992,23.928866558105963,24.160436630249023,55866306
2024-01-10,24.03178908584513,24.31481865170124,24.03178908584513,24.057518005371094,45364048
2024-01-11,24.014637254606118,24.503506394121825,23.885987739344195,24.34054946899414,73531826
2024-01-12,24.237628630901526,24.683615109355046,24.237628630901526,24.47777557373047,57783201
2024-01-15,24.443469190651726,24.820842506374802,24.331973384300532,24.675039291381836,48245229
2024-01-16,24.55496241823332,24.983795166015625,24.529233500321332,24.983795166015625,85344024
2024-01-17,24.97522101397064,25.3697463735115,24.898030985214007,25.03525733947754,130860146
2024-01-18,24.820841727754107,25.455514044911904,24.529235306915766,25.369747161865234,129512645
2024-01-19,25.189639324364563,25.644201044192904,24.992374993633362,25.498397827148438,96861623
2024-01-22,25.524127686134907,26.158800014779587,25.472668209722436,25.94438362121582,154970267
2024-01-23,25.738545382818167,26.03015182369804,25.558434752454787,25.721391677856445,88605552
2024-01-24,25.85861699340298,25.97869128738081,25.198214102060376,25.807157516479492,97489239
2024-01-25,25.995844448339348,26.58763418336682,25.884348637674602,26.501867294311523,123450922
2024-01-26,26.51901799910811,26.887814435215535,26.29602476713927,26.6905517578125,100991578
2024-01-29,26.759167867614487,27.102233786764963,26.733437310227952,26.8878173828125,83882433
2024-01-30,26.759164984614003,27.016463987288937,26.398945399348797,26.587631225585938,74399913
2024-01-31,26.51901977143344,26.750589870400564,26.23599019576271,26.338909149169922,80894928
2024-02-01,26.304603468277566,26.450406682668348,25.901501233605302,26.090187072753906,85970009
2024-02-02,26.115918314931744,26.29602730668498,25.421207997367578,25.927230834960938,98729165
2024-02-05,25.927230063806544,26.544750327718877,25.78142684992361,26.338909149169922,106397881
2024-02-06,26.338909307190576,26.887816393502188,26.244567205312507,26.870662689208984,106215843
2024-02-07,26.9478517298751,26.999311204991617,26.424675219277646,26.85350799560547,111051058
2024-02-08,26.853508363110617,26.9735826545154,26.60478620008753,26.93069839477539,87300436
2024-02-19,27.436720095490113,27.436720095490113,26.93927415375879,27.119384765625,87549010
2024-02-20,27.119385865896945,27.119385865896945,26.836356295081856,26.93069839477539,60640469
2024-02-21,26.93069622961147,28.637450369231043,26.887813609186363,28.302961349487305,152865612
2024-02-22,28.140008159999883,28.260080814745614,27.77978692402824,28.13142967224121,75276038
2024-02-23,28.140007684806324,28.64603048678571,27.977049137488,28.260080337524414,63984872
2024-02-26,28.182890249510084,28.354424012353817,27.513912173327377,27.659713745117188,66639018
2024-02-27,27.65113915108149,27.788365510095577,27.43672112477134,27.59967803955078,54349154
2024-02-28,27.694022031245073,27.694022031245073,27.102232330100357,27.462451934814453,68370752
2024-02-29,27.350955479634226,27.616832993644472,27.316649706261256,27.47960662841797,49892829
2024-03-01,27.376683272209608,27.513911259446857,27.230880069395482,27.393836975097656,42717392
2024-03-04,27.239458465731342,27.333802201099193,26.990734667349642,27.033618927001953,59135015
2024-03-05,26.94785201630025,27.6254069594489,26.85350828102785,27.59967803955078,89402867
2024-03-06,27.565369720292665,27.66828866821614,27.33380126953125,27.33380126953125,51610177
2024-03-07,27.333801440950083,27.556794677338985,27.2566114115898,27.445297241210938,51949197
2024-03-08,27.35095543519822,27.453874391017234,27.059349000598832,27.162269592285156,44107117
2024-03-11,27.059347774629153,27.230881541045623,26.759166137201177,26.999311447143555,73853794
2024-03-12,26.947851002351772,27.573948082146455,26.82777835169915,27.402414321899414,76925375
2024-03-13,27.410990596738877,27.436721152530264,26.95642889549503,27.033618927001953,46938714
2024-03-14,26.982156705018134,27.205149938431568,26.724857701161877,26.802047729492188,50817498
2024-03-15,26.793473409734837,26.947853480983436,26.587633860025814,26.742013931274414,52078063
2024-03-18,26.71628090045328,26.87923780900168,26.587631398280198,26.699127197265625,46189770
2024-03-19,26.67340020715912,26.681977059373157,26.35606321870887,26.416099548339844,54702530
2024-03-20,26.416100084001297,26.75916763605033,26.296027422304533,26.742013931274414,49827225
2024-03-21,26.733436851425818,27.239459686938602,26.63051625951334,27.059349060058594,64676108
2024-03-22,27.04219436562499,27.059346432722258,26.501864173315816,26.759164810180664,55287852
2024-03-25,26.681977831322214,27.02504375047269,26.519020906275486,26.8878173828125,48375902
2024-03-26,27.273763130661514,28.011356008073196,27.21372680545213,27.78836441040039,124430791
2024-03-27,27.694021448475215,28.00278157055208,27.625406633909495,27.70259666442871,78208488
2024-03-28,27.736904398564867,27.874130757578953,27.50533430427838,27.59967803955078,69474492
2024-03-29,27.531064210862585,27.994204416034044,27.505335290042368,27.616832733154297,30480176
2024-04-01,27.59967631165705,28.1743106316362,27.59967631165705,27.99420166015625,57015232
2024-04-02,28.04566431031299,28.234348507683794,27.822669433782334,27.91701316833496,53661899
2024-04-03,27.908438463678845,27.98562849593303,27.642560958862305,27.642560958862305,49808163
2024-04-08,27.65113805681689,27.925590763983887,27.471025809454396,27.78836441040039,47729123
2024-04-09,27.874131200078207,27.985628640964187,27.7111759185791,27.7111759185791,38477207
2024-04-10,27.60825253040988,28.028510084202114,27.60825253040988,27.865554809570312,50401372
2024-04-11,27.711175152116645,27.805515614542855,27.55679509107821,27.70259666442871,44374773
2024-04-12,27.685444136662877,27.848402692310533,27.496759932062094,27.5482177734375,47820414
2024-04-15,27.53106297900247,28.302963286416702,27.522487763024287,28.157161712646484,76464473
2024-04-16,28.054239345725115,28.277234220820418,27.83124774236424,28.088546752929688,74155610
2024-04-17,28.037086161561646,28.72322123142733,27.848401961909623,28.56026268005371,94821196
2024-04-18,28.525956503996476,29.24639574107723,28.465920173550966,28.860448837280273,100657401
2024-04-19,28.783257050410324,29.023402357577,28.663181125092557,28.834714889526367,54038350
2024-04-22,28.971943764421614,29.323586539788593,28.345848250804053,28.594572067260742,60753507
2024-04-23,28.560264726522224,29.00625124519802,28.500228394367284,28.62887954711914,51245244
2024-04-24,28.62887724145357,28.774678815877603,28.388728660439774,28.69748878479004,44338353
2024-04-25,28.680335021189233,29.50369644165039,28.628877181727844,29.50369644165039,91948180
2024-04-26,29.503696044400403,29.906796625603043,29.349315984625978,29.572307586669922,95489883
2024-04-29,29.50369381085611,30.155518135875738,29.332160060566473,29.915372848510742,81806412
2024-04-30,29.503697984792932,29.65807805472059,29.20351306138487,29.4265079498291,86804180
2024-05-06,30.1040570292686,30.327051886165375,29.778146502625866,29.915372848510742,100070494
2024-05-07,29.915375896900038,29.975412224859014,29.700959505122412,29.906797409057617,47384857
2024-05-08,29.863914374671044,29.983987028939005,29.632344282125214,29.649497985839844,41286158
2024-05-09,29.675226108687237,29.958257304776833,29.675226108687237,29.881067276000977,51239131
2024-05-10,29.88106695243717,30.74730769111125,29.846759546300646,30.550045013427734,94036570
2024-05-13,30.39566515184728,30.93599535088135,30.301324691970272,30.798768997192383,74780026
2024-05-14,30.781615675989496,30.987456844944436,30.18982763181242,30.309900283813477,68777884
2024-05-15,30.301324874249904,30.39566533469442,29.752416184457708,30.061176300048828,67494406
2024-05-16,30.086906940684297,31.261907745158734,30.018292131095095,31.090373992919922,129147553
2024-05-17,31.13326121940345,31.647862552258317,30.92742330364925,31.604976654052734,91687944
2024-05-20,31.60497243301985,31.73362356698511,30.95314809120701,31.201871871948242,91425000
2024-05-21,31.184717495374287,31.321943841829,30.987454826829026,31.081798553466797,44599944
2024-05-22,31.06464984569048,31.201876214208106,30.67012117343444,30.92742347717285,66447739
2024-05-23,30.79019391007228,30.884534370343317,30.292746331038128,30.447126388549805,92458495
2024-05-24,30.27559590816517,30.42997598240401,29.726690431642506,29.795305252075195,87044000
2024-05-27,29.889642906188552,30.19840302557302,29.803877660463716,30.13836669921875,57093814
2024-05-28,30.104058649407026,30.30132459948376,29.778148105224457,29.87249183654785,47619058
2024-05-29,29.803878047537065,30.069755547512155,29.5551542512766,29.649497985839844,49104118
2024-05-30,29.546577999444217,29.932528140156652,29.315007915016757,29.452234268188477,55924484
2024-05-31,29.615190389538952,29.67522671629005,29.400774002075195,29.400774002075195,50893248
2024-06-03,29.349318175961553,29.48654454248086,29.092015875970034,29.289281845092773,60811135
2024-06-04,29.289278823384283,29.74384050213314,29.24639292998704,29.623767852783203,53378842
2024-06-05,29.743841891767012,29.76099559558047,29.066285313940522,29.152053833007812,69104122
2024-06-06,29.23781739194815,29.33216112160688,28.971939905794844,29.160627365112305,67724066
2024-06-07,29.20351167271372,29.375045439113833,28.86044741164796,29.152053833007812,67826559
2024-06-11,28.971942834000757,29.134901391421316,28.405883670570827,28.611724853515625,69044831
2024-06-12,28.603143340844674,28.611721828083187,28.26007910119212,28.380151748657227,51138059
2024-06-13,28.47449627627852,28.491649979502263,28.06281721411173,28.148582458496094,55018421
2024-06-14,28.148584563484132,29.17778393173317,28.148584563484132,28.9976749420166,99167429
2024-06-17,28.817560639423426,28.989094400604333,28.637451662463942,28.929058074951172,45768248
2024-06-18,29.040556431596155,29.41792810077624,28.834715257303262,28.91190528869629,45367539
2024-06-19,28.911906883363695,29.503698247262605,28.869024257276656,29.289281845092773,58593722
2024-06-20,29.2978558566185,29.357892185018034,29.074864247096595,29.169204711914062,39246667
2024-06-21,29.057709910835968,29.229243676131794,28.723220867963047,28.903329849243164,52396280
2024-06-24,28.980519671382872,29.349316119006552,28.72322066115888,29.220664978027344,69258954
2024-06-25,29.220666005181727,29.56373354536272,29.134900756003745,29.41792869567871,63816020
2024-06-26,29.315008487529397,29.469388546829364,29.117745805475973,29.21208953857422,45263801
2024-06-27,29.12632219717787,29.45223603238338,29.01482802786468,29.383621215820312,55517260
2024-06-28,29.332163998373826,29.57230931797804,29.194937634066477,29.323585510253906,52574940
2024-07-01,29.32358221838416,29.503694459602492,29.117744330897825,29.46938705444336,47223865
2024-07-02,29.486543684842395,30.232711826604838,29.469389980559576,30.086910247802734,86877071
2024-07-03,30.026870210261325,30.095485026394716,29.426506927766695,29.55515480041504,69137270
2024-07-04,29.62376972709551,30.052602514325955,29.57230861480343,29.76957130432129,69691892
2024-07-05,29.76957130432129,29.76957130432129,29.76957130432129,29.76957130432129,0
2024-07-08,29.031977906313607,29.357891735300374,28.91190525135387,29.152053833007812,54573002
2024-07-09,29.15205120072116,29.632341777192245,28.920481127750815,29.563730239868164,62103701
2024-07-10,29.56373408898692,30.018295807110956,29.54658038448899,29.74384307861328,72631424
2024-07-11,30.082133401331628,30.127601467715113,29.818413759719874,29.918445587158203,73238896
2024-07-12,30.018469816179707,30.991504341686618,30.018469816179707,30.918752670288086,94490425
2024-07-15,30.918756431232005,30.96422449689149,30.664132488346052,30.718692779541016,47460366
2024-07-16,30.70050531018183,30.818725057824867,30.427693443228822,30.7277889251709,45579255
2024-07-17,30.645942603807136,31.09153447529407,30.600474541062262,30.982410430908203,57795422
2024-07-18,30.982410988247405,31.146098792266177,30.700503443772657,31.000598907470703,59862717
2024-07-19,30.918755301593865,31.19156715457445,30.54591162642252,31.146099090576172,81007218
2024-07-22,31.073348792401955,31.073348792401955,30.091225384275,30.31856918334961,80820577
2024-07-23,30.31856918334961,30.65503703466253,30.21853735671821,30.31856918334961,53875468
2024-07-24,30.41859879429049,30.536818532515664,30.036659435790245,30.173067092895508,48245294
2024-07-25,30.209443579844187,30.300379707207995,29.43647262128824,29.854787826538086,76207854
2024-07-26,29.827503521872593,30.045755079074922,29.20003593202597,29.436471939086914,60146167
2024-07-29,29.44556795581284,29.691099659485623,29.28188015336432,29.50922393798828,41347533
2024-07-30,29.46375486636036,29.636534887923855,29.236411089518047,29.4819393157959,39078161
2024-07-31,29.48194170347067,30.00938097357649,29.327349587813387,29.76384925842285,59536965
2024-08-01,29.763848701419253,29.872972749781706,29.345536958537387,29.74566078186035,40913881
2024-08-02,29.481941485966193,29.645629294861003,29.309161451684332,29.354629516601562,38613024
2024-08-05,29.281880453108595,29.57288022288682,29.145472793341536,29.190940856933594,58441984
2024-08-06,29.42737975338654,29.45465989720164,28.654410546209466,28.827192306518555,51438864
2024-08-07,28.854473094797818,29.009066939686083,28.690785290269602,28.718067169189453,39073173
2024-08-08,28.745348577166407,29.081816405854898,28.53619097786512,29.036348342895508,39459978
2024-08-09,29.07272335953654,29.62744449893646,28.927223472101847,29.400100708007812,48274847
2024-08-12,29.372817140743468,29.40919297990754,29.036349300953184,29.209129333496094,31894321
2024-08-13,29.19094073094244,29.309160470964247,28.88175477775914,29.045442581176758,28237769
2024-08-14,29.00906659325399,29.227316418520083,28.92722269196728,28.972692489624023,28244610
2024-08-15,28.96359865168759,29.9366280426909,28.78172292928792,29.791128158569336,73978983
2024-08-16,29.782036738122137,30.236724321910263,29.754756593171958,30.145788192749023,41850302
2024-08-19,30.23672145414624,30.46406522447817,30.03665782617714,30.391313552856445,42284342
2024-08-20,30.41859883867941,30.555003026992903,30.154879218019502,30.445878982543945,42372873
2024-08-21,30.282192813252276,30.400412558020708,29.84569314294308,30.227632522583008,37810105
2024-08-22,30.264006216891076,30.50953794261357,30.173070082471412,30.282194137573242,38286399
2024-08-23,30.254911103124748,30.782346876597593,30.07303538265483,30.64594268798828,46558726
2024-08-26,30.64594446310538,30.773256434111413,30.436788586596748,30.7096004486084,35117460
2024-08-27,30.709598669804127,30.864190777359514,30.491347111442057,30.64594268798828,38720857
2024-08-28,30.764161866542455,30.90056605266836,30.409502657037255,30.62775421142578,41523208
2024-08-29,30.54591195797288,30.709599765336108,29.918444342407803,29.945724487304688,51638782
2024-08-30,29.827503806120554,30.109411347486976,29.209128435310287,29.236412048339844,111222983
2024-09-02,29.10000432483682,29.445567847511693,28.95450444197227,29.036348342895508,55802065
2024-09-03,29.10909815504676,29.172757609489402,28.554380471471667,28.754444122314453,50575188
2024-09-04,28.67259921658101,29.036348931111196,28.508911411418563,28.51800537109375,38052590
2024-09-05,28.518003155145877,28.59075309239899,28.09968971506898,28.37250328063965,54206345
2024-09-06,28.4179744720459,28.863568103628115,28.372506406688828,28.4179744720459,38318214
2024-09-09,28.172441486379583,28.181535445940163,27.317630101630144,27.49950408935547,87107347
2024-09-10,27.508598736879083,27.67228654407235,27.22669292143261,27.454036712646484,47602357
2024-09-11,27.408565928521398,27.46312968528821,27.217597983323802,27.35400390625,41579376
2024-09-12,27.372193746122516,27.735943477618402,27.22669385352416,27.49041175842285,41026697
2024-09-13,27.535879735416877,28.099691348274444,27.28125407298401,27.826879501342773,49597443
2024-09-18,27.83597329301261,28.372504758639433,27.83597329301261,28.290660858154297,41854027
2024-09-19,28.37250675188905,28.399786897636993,27.85416143423614,28.02694320678711,45119126
2024-09-20,28.026942560155554,28.290662192938107,27.881442671205008,28.13606834411621,48741755
2024-09-23,28.054224486192062,28.636224042957313,28.045130526305666,28.545286178588867,34460872
2024-09-24,28.809005053778016,30.136691941338185,28.799911094130906,30.127599716186523,136121800
2024-09-25,30.782347112518373,31.364350116280843,30.64594292286364,31.05516242980957,185624279
2024-09-26,31.064255788819338,32.1736946105957,30.836911995438346,32.1736946105957,174532999
2024-09-27,32.837538800241475,33.19219457075342,31.74628787398014,32.401039123535156,74545782
2024-09-30,33.05578451711272,34.556254865995705,32.664752934530874,34.20159912109375,256101260
2024-10-08,37.62084672403326,37.62084672403326,35.30194092464444,36.375003814697266,297303868
2024-10-09,36.10219281004201,36.120380728646474,33.65597152709961,33.65597152709961,185593210
2024-10-10,34.010629530252345,35.92031581911539,34.010629530252345,35.220096588134766,143329841
2024-10-11,35.220100373918285,35.66569573934474,34.58353705287666,34.947288513183594,90347580
2024-10-14,35.474720960007986,36.19312811823167,35.183721206877756,35.765724182128906,129293839
2024-10-15,35.62022407083355,36.36591490855185,35.01094436645508,35.01094436645508,95597653
2024-10-16,34.69265984818914,35.92031478881836,34.67447193075138,35.92031478881836,101254815
2024-10-17,35.947601540607074,36.184041041784454,35.001853942871094,35.001853942871094,84892228
2024-10-18,35.02003356788274,35.856660463596384,34.74722173173355,35.5110969543457,92819433
2024-10-21,35.6020389564254,35.6020389564254,35.01094371391871,35.3292236328125,71753946
2024-10-22,35.32013199464841,36.01125560244468,35.238288090002314,35.62022399902344,60052610
2024-10-23,35.5201950770105,36.32044272190725,35.48381923797221,36.065818786621094,62709968
2024-10-24,35.96578762049674,36.08400736503441,35.59294393602349,35.74753952026367,33631220
2024-10-25,35.692971980998706,35.91122352711101,35.52019196419484,35.55656433105469,44793119
2024-10-28,35.474724744855635,35.55656865096747,34.810881270389,35.02913284301758,66464094
2024-10-29,35.10187530517578,35.55656282710288,34.929095295680064,35.10187530517578,51468161
2024-10-30,35.02003596502743,35.37469519218781,34.20160040055741,34.4471321105957,70340828
2024-10-31,34.3743784070524,34.54716189781921,33.565035115536496,33.9742546081543,85039251
2024-11-01,34.04700599607753,34.8290692175324,33.992445704621375,34.56534957885742,70310211
2024-11-04,34.64719361382116,35.23828887939453,34.0197259768055,35.23828887939453,64661209
2024-11-05,34.94728823287678,35.556567934664294,34.92000808771943,35.53838348388672,62874476
2024-11-06,35.46562592838559,35.53837759540537,34.69265854574771,35.06550216674805,64833629
2024-11-07,34.93819164527232,35.99307015093435,34.90181927565607,35.98397445678711,74347218
2024-11-08,36.084007385047634,36.23859950038255,35.23828819094566,35.283756256103516,74536846
2024-11-11,34.82906633260914,35.19281776747864,34.45622267291376,34.85634994506836,70314555
2024-11-12,34.7290382004504,35.32013347760005,34.110662776936984,34.183414459228516,89328928
2024-11-13,34.18341082007345,34.53806656101025,34.11065914552704,34.3925666809082,48530440
2024-11-14,34.24706930887402,34.99275668263088,34.12884956357373,34.61082077026367,67644030
2024-11-15,34.629006154193256,35.07459801932229,34.383474456085295,34.3925666809082,69927688
2024-11-18,34.60172478227902,35.15644419514694,34.374380988086656,34.4653205871582,76344807
2024-11-19,34.47441195795649,34.71994366587648,34.05610021957025,34.301631927490234,52124855
2024-11-20,34.37438143566801,34.41984950130032,34.01063344161856,34.08338165283203,45129126
2024-11-21,34.08338234267562,34.24707015745776,33.892414381760155,34.03791427612305,35033614
2024-11-22,34.03791192599278,34.14703597198276,33.064880799187534,33.146724700927734,69049090
2024-11-25,33.37406831525551,33.51956819882376,32.84662906920134,32.93756866455078,53409473
2024-11-26,32.764787457781274,33.264946594681675,32.592007418028196,33.0921630859375,45942121
2024-11-27,33.09216268795453,33.3558823262411,32.83753874422463,33.28313064575195,39207688
2024-11-28,33.28312945055336,33.51047324043143,32.901193548673845,33.164913177490234,45193910
2024-11-29,33.27403567380871,33.64687933306411,33.019411751095,33.04669189453125,66437999
2024-12-02,33.14672221681007,33.355878068028936,32.919378447790784,33.2012825012207,42465209
2024-12-03,33.328604141639474,33.846947754155764,33.08307240902787,33.75600814819336,72198609
2024-12-04,33.728722119881795,33.728722119881795,33.219470822260355,33.474098205566406,62051124
2024-12-05,33.33769298532861,33.97425628651528,33.29222492145619,33.56503677368164,56894934
2024-12-06,33.65597238455556,34.392567496343865,33.65597238455556,34.283443450927734,87723587
2024-12-09,34.18341163055009,34.547163073925,33.965160070726974,34.283443450927734,49299535
2024-12-10,35.28375100774472,35.45653448623093,34.920003071597336,35.10187530517578,103895319
2024-12-11,35.04731879056924,35.27466257597409,34.76541124783052,34.82906723022461,51770936
2024-12-12,34.819976441107755,35.311039870391035,34.74722476166238,35.283756256103516,58688876
2024-12-13,34.9654758215113,35.10188001499726,33.90150507356774,33.91969299316406,111798280
2024-12-16,33.96515739891769,34.356188955639105,33.937877256957314,34.31981658935547,64031589
2024-12-17,34.13794530830151,34.70175695219343,34.13794530830151,34.41984939575195,60310408
2024-12-18,34.574445246616506,35.15644481497131,34.428945354527805,35.02913284301758,80585536
2024-12-19,34.90182327886825,35.03822748580418,34.55625971044622,34.57444763183594,61119582
2024-12-20,34.60172297379731,34.81087883724369,34.42894294807834,34.47441101074219,54215038
2024-12-23,34.54716625523607,35.19282183114107,34.53807056036914,34.87453842163086,90269156
2024-12-24,34.87453629678713,35.729351174655044,34.84725615183082,35.66569519042969,99342846
2024-12-25,35.6747882640237,35.974883741642586,35.45654016120183,35.829383850097656,75591307
2024-12-26,35.82938191959588,35.9566938842142,35.47472270088519,35.902130126953125,53925194
2024-12-27,35.90213421421952,36.04763411448925,35.26557084966775,35.77482223510742,70031955
2024-12-30,35.774817906083314,36.19312963511597,35.69297400527337,36.029441833496094,67884533
2024-12-31,35.97488478069133,36.28407249277834,35.73844528198242,35.73844528198242,64371699
2025-01-02,35.78391003930952,35.92031769663993,34.86544268278937,35.02003479003906,64200070
2025-01-03,35.101880789567566,35.50200809153406,35.04732049856561,35.15644454956055,68258306
2025-01-06,35.374692770766465,35.55656501553878,34.67447352762277,35.5110969543457,61715863
2025-01-07,35.43835080738234,35.60203861237185,35.110975197403334,35.37469482421875,49275205
2025-01-08,35.3110369689356,35.96578468518932,35.30194127525681,35.720252990722656,75148102
2025-01-09,35.82938486600566,35.856665012384134,35.31104127086777,35.465633392333984,44708335
2025-01-10,35.774820543143,35.874852370283314,35.29285279672999,35.447444915771484,48142480
2025-01-13,35.40197346997079,35.602037105152874,35.047317730504915,35.5292854309082,60632274
2025-01-14,35.547478033138574,36.34772921031576,35.37469798752845,36.23860168457031,70801188
2025-01-15,36.365912796909235,37.28438014735395,36.274973202960226,36.95700454711914,79670088
2025-01-16,36.966099949169795,37.42078750835274,36.85697243729253,37.27528762817383,59259386
2025-01-17,37.24800801911421,37.42988375613349,36.493228393622225,37.02066421508789,47590050
2025-01-20,37.26619406083418,37.34803796491691,36.475038634028465,36.484130859375,54257482
2025-01-21,36.66600331479661,36.83878333288805,36.38409578834048,36.502315521240234,40068506
2025-01-22,36.502318846608055,36.52050676632577,35.75663148313705,35.87485122680664,58891222
2025-01-23,36.07490985651468,36.584161179768145,35.938505667976116,36.22041320800781,60661810
2025-01-24,36.06581885526884,36.875162195961124,35.88394312872214,36.61144256591797,57465234
2025-01-27,36.902442806638064,37.257098536596935,36.8751591950323,36.96609878540039,52606047
2025-02-05,37.14797125816331,37.19344278812423,36.2840676927568,36.375003814697266,50478889
2025-02-06,36.37500523097469,36.720568751986384,36.129473529386715,36.556880950927734,46608842
2025-02-07,36.4659413564558,36.738756670880775,36.338629393185926,36.556880950927734,52106618
2025-02-10,36.55687963616107,37.21162734785688,36.33862808626867,36.92062759399414,58180595
2025-02-11,37.05703752077814,37.320757147962354,36.95700569881234,37.26619338989258,45777119
2025-02-12,37.2480066406561,37.88456996217036,36.884258649070105,37.84819412231445,60359149
2025-02-13,37.87547816074476,38.14829002473633,37.59357060219187,37.93003845214844,46220698
2025-02-14,37.91185110939587,38.221038818359375,37.75725898940967,38.221038818359375,49873690
2025-02-17,38.184664399294775,38.184664399294775,37.61175707860957,37.93913269042969,53612561
2025-02-18,37.748160078012305,38.63025506320951,37.748160078012305,38.23922348022461,54666539
2025-02-19,38.19375554587291,38.33016320327594,37.975503987826244,38.175567626953125,37470223
2025-02-20,38.19375399586135,38.27559789318354,37.90275424293595,38.05734634399414,40767508
2025-02-21,38.15738018436673,38.184663797582424,37.484444520888076,37.64813232421875,59525579
2025-02-24,37.6390389084525,37.96641453492999,37.37531926834662,37.52991485595703,57110709
2025-02-25,37.42078828073126,37.68450443406758,37.202536721462714,37.31166076660156,50732120
2025-02-26,37.402602487282614,37.92094606738794,37.32985080706171,37.720882415771484,47644661
2025-02-27,37.8300031408939,38.55750600317285,37.539003383578624,38.5393180847168,62259657
2025-02-28,38.53931893790685,38.793942863946945,38.23922348022461,38.23922348022461,70542365
2025-03-03,38.30287946173463,38.75756702622955,38.148287354921955,38.23922348022461,47014902
2025-03-04,38.11191460932569,38.284694649015165,37.98460263597648,38.01188278198242,31724542
2025-03-05,38.15738214455325,39.02128926895812,37.966414187187524,39.00310134887695,63203743
2025-03-06,39.00309740809425,39.19406534616502,38.60297361370921,39.06675338745117,57205304
2025-03-07,39.01219553108607,39.83063108906543,38.96672399815034,39.62147521972656,60541319
2025-03-10,39.5487294005361,39.630573308177695,38.93944620609505,39.16679000854492,50874971
2025-03-11,38.89397414650676,39.68512952649395,38.839410390683554,39.56690979003906,56574109
2025-03-12,39.557820479684594,39.885196100761924,39.33047668382434,39.59419631958008,41825836
2025-03-13,39.64875284487732,40.35806777950956,39.55781672276609,39.86700439453125,58553928
2025-03-14,40.01250403030877,41.349286525034735,39.95794027597625,41.067378997802734,91127535
2025-03-17,41.21288352683824,41.37657133932629,40.90369582202649,40.95825958251953,65420973
2025-03-18,41.185598170720446,41.26744206661044,40.758190773407044,41.049190521240234,42822001
2025-03-19,41.17650244388294,41.92218973072427,41.012814652235754,41.84944152832031,67070594
2025-03-20,41.75850480844395,41.75850480844395,40.7218177027713,41.140132904052734,67865603
2025-03-21,41.03100279499205,41.231066423433155,40.485379132504406,40.64906692504883,67541170
2025-03-24,40.51266242896809,41.09466197266289,40.51266242896809,40.967350006103516,44957619
2025-03-25,40.92187924727707,41.376566794469035,40.87641118635601,41.00372314453125,35687155
2025-03-26,40.46719181497949,40.54903571246604,38.74847343675258,38.793941497802734,157832632
2025-03-27,38.8757855027213,39.77606837756129,38.86669327808242,39.33956527709961,82795081
2025-03-28,39.37594034132816,39.512347991170806,39.15769226436868,39.303192138671875,38618409
2025-03-31,39.29409632052731,39.81243983789948,38.748472660869425,39.36684799194336,53956888
2025-04-01,39.357752704998525,39.36684839851478,38.87578501835673,38.98490905761719,38936035
2025-04-02,38.98491313639374,39.23954054662929,38.812133100405106,38.857601165771484,33120189
2025-04-03,38.211943765209114,38.96672332686486,38.211943765209114,38.78485107421875,46416550
2025-04-07,37.22981961829439,38.193758583769174,35.820288745310656,37.129791259765625,181563292
2025-04-08,37.084316517086776,37.46625587376751,36.77512883557982,37.4207878112793,161047736
2025-04-09,36.920627847014764,37.30256719469626,36.64781600952268,36.79331588745117,97396935
2025-04-10,37.275288269085166,37.69359999816814,36.87516098997028,37.37531661987305,74378875
2025-04-11,37.38440955584968,37.91184529078437,37.11159772957377,37.7481575012207,58305691
2025-04-14,37.90275814733271,38.11191402448126,37.65722643007371,37.720882415771484,48215984
2025-04-15,37.72997495214086,38.45747434850005,37.69359911507521,38.284690856933594,61456386
2025-04-16,38.17556890629586,38.721196085202216,38.030069019052355,38.42110061645508,57629358
2025-04-17,38.30288314819336,38.52113472651249,38.05735142345602,38.30288314819336,40579288
2025-04-18,38.31197423256501,38.912161664477665,38.23922255888312,38.87578582763672,43500128
2025-04-21,38.7939430384899,39.17588239825929,38.44837951660156,38.44837951660156,41646585
2025-04-22,38.475661833023835,38.68481769030588,38.20284652709961,38.20284652709961,43378813
2025-04-23,38.46656976812718,38.46656976812718,37.98460202844497,38.18466567993164,46774359
2025-04-24,38.19375951302013,38.539323070407846,38.14829144549334,38.384727478027344,41365185
2025-04-25,38.45747796885169,38.69391399405477,38.23013416927559,38.266510009765625,42434993
2025-04-28,38.33016311905641,38.70300678361584,38.22103560577743,38.51203536987305,38697317
2025-04-29,38.512036016781906,38.78485133557115,38.193756103515625,38.193756103515625,45769853
2025-04-30,37.86637862416863,37.86637862416863,36.83878378943856,37.047943115234375,117268210
2025-05-06,37.19344186932696,37.6572216301516,36.8387826769427,37.620845794677734,66640999
2025-05-07,38.00278491606493,38.402908697061854,37.56628529979813,38.21194076538086,71291388
2025-05-08,38.20284979412193,39.48506865945355,38.19375756867591,38.92125701904297,83380964
2025-05-09,38.92125926878649,39.64875876120478,38.92125926878649,39.539634704589844,66815472
2025-05-12,39.512351338164144,40.37625843270221,39.2031636454555,39.830631256103516,84897409
2025-05-13,40.09435159101981,40.603602937685224,39.8761000227372,40.521759033203125,69912417
2025-05-14,40.51266405391376,41.19469544697289,40.30350817632122,40.74910354614258,71279018
2025-05-15,40.76728829257997,41.26744391475561,40.60360049346928,40.84912872314453,68460048
2025-05-16,40.69453721484018,40.903693079218556,40.0397860087925,40.25803756713867,61965535
2025-05-19,40.194379984516786,40.43081598340041,39.785160497034866,39.86700439453125,50281701
2025-05-20,40.03978609412532,40.56722533767466,39.89428621124806,39.92156982421875,50053483
2025-05-21,39.96703788718211,40.348973778863346,39.867006067268214,39.92156982421875,49920035
2025-05-22,39.92157189449179,40.52175937610916,39.78516422953697,40.476287841796875,56565562
2025-05-23,40.57631934132663,40.63088310066896,39.92157157417363,40.05797576904297,54146009
2025-05-26,39.91247515914377,40.16709909349527,39.676039144244655,39.830631256103516,45609975
2025-05-27,39.83062992866115,40.14891330498397,39.712410190656065,39.77606964111328,36375001
2025-05-28,39.812440332835706,40.05797202343132,39.6487525391053,39.72150421142578,30035524
2025-05-29,39.73969250803897,39.96703628271999,39.51234873335796,39.53053665161133,49298970
2025-05-30,39.60328373593055,39.90337917514043,39.42140802752977,39.49415969848633,57139144
2025-06-03,39.557818255230224,40.40353740579234,39.557818255230224,39.985225677490234,50368513
2025-06-04,40.057974313268886,40.25803795459579,39.92157012335671,40.06707000732422,37341667
2025-06-05,40.067068258977976,40.39444038187668,40.012504503999494,40.34897232055664,42131680
2025-06-06,40.42172678378764,40.6581628003652,40.28531912142189,40.43991470336914,37349895
2025-06-09,40.55813217163086,40.630883852099444,40.20347640182417,40.55813217163086,47477446
2025-06-10,40.53084808744695,40.967347720869284,40.42172404633904,40.62178421020508,52834892
2025-06-11,40.667257287070264,41.54025658711339,40.667257287070264,41.20378875732422,77676108
2025-06-12,41.28563424908409,41.512978042374215,41.01281892194314,41.131038665771484,45239070
2025-06-13,41.140131229439405,41.240159576922636,40.87641161673366,41.085567474365234,47408056
2025-06-16,40.99463145448559,41.658474865763054,40.87641171935678,41.63119125366211,41447435
2025-06-17,41.72213226377389,41.876724371973836,41.56753668658309,41.81306838989258,47420901
2025-06-18,41.758506907179104,41.89491457277735,41.51297865948791,41.69485092163086,42642859
2025-06-19,41.68575707274297,41.885820716098344,41.25834964157138,41.494789123535156,51345430
2025-06-20,41.58572695124081,41.99494647983858,41.422039139801704,41.822166442871094,44815652
2025-06-23,41.740317673425544,42.14044146088009,41.31291027458297,42.058597564697266,53893148
2025-06-24,42.113162789148596,42.7406303691354,41.99494305298038,42.51328659057617,65581461
2025-06-25,42.51328875893041,43.19532012939453,42.36778887199103,43.19532012939453,60767987
2025-06-26,43.18622636562758,43.5408821105957,42.7860990890557,43.5408821105957,59020064
2025-06-27,43.513601544355716,43.53178946447245,41.867634667188504,42.03132247924805,95414320
2025-06-30,41.94947729682512,42.09497718434082,41.622101682667065,41.785789489746094,62461363
2025-07-01,41.79488314357043,42.440538699677745,41.75850730320045,42.240478515625,45061309
2025-07-02,42.467824422906276,42.886136200956294,42.24048061279328,42.64970016479492,51856318
2025-07-03,42.64969450130261,42.69516256348921,42.1404431854366,42.3859748840332,55622576
2025-07-04,42.37687953695598,43.195318538974995,42.19500728672137,42.80428695678711,67894832
2025-07-07,42.804288497645295,43.013444368136895,42.4678206598102,42.922508239746094,56742742
2025-07-08,42.99525567184519,43.34991142274891,42.831567868506426,43.304443359375,63742101
2025-07-09,43.195320225333425,43.44085193552476,42.85885238647461,42.85885238647461,61456635
2025-07-10,42.8315688292032,44.1501635105674,42.8315688292032,43.86825942993164,121978404
2025-07-11,43.90620281354073,44.114919720848405,43.280055710651325,43.29903030395508,118444284
2025-07-14,43.30851861107249,43.725948798952544,43.10928719457574,43.23262023925781,64848437
2025-07-15,43.422366228986206,43.564670259645965,42.50211829744418,42.900577545166016,66620626
2025-07-16,42.938519074641675,43.204159754470126,42.578012669001,42.79621505737305,46818639
2025-07-17,42.78672955180325,43.004935577569995,42.60647633381531,42.69186019897461,41689506
2025-07-18,42.739295959472656,42.84365442165151,42.44519878682381,42.739295959472656,54343057
2025-07-21,42.73929524380717,42.91006297559782,42.53058194197828,42.54955291748047,56641201
2025-07-22,42.549553419474286,42.67288647589679,41.94238086329259,42.63493728637695,92231906
2025-07-23,42.66339818666811,43.355954564277816,42.65390908039428,42.805702209472656,85324905
2025-07-24,42.891086119532154,43.03339376153215,42.502115999636985,42.5780143737793,82662013
2025-07-25,42.540067915838,42.85313968167578,42.454684048966996,42.530582427978516,69626423
2025-07-28,42.502118965499676,42.8436544349056,42.13212341332123,42.16058349609375,63512720
2025-07-29,42.1605844389949,42.5021199160391,41.875972747802734,41.875972747802734,78581282
2025-07-30,41.904432183063875,42.45468458068729,41.67674428124546,42.14160919189453,72546085
2025-07-31,42.12263734513301,42.274430482885236,41.600845041265465,42.19853210449219,73319517
2025-08-01,42.217507571856636,42.66340150654913,42.07519991894466,42.14160919189453,59462094
2025-08-04,42.03725460366973,42.66340176602955,42.03725460366973,42.59699249267578,49800832
2025-08-05,42.48314128751038,43.07134282837033,42.350322752165766,42.92903518676758,55525830
2025-08-06,42.96698444482487,43.38441464503199,42.79621672223249,42.805702209472656,43029640
2025-08-07,42.80570377963682,43.26108318357581,42.653910644990496,42.83416748046875,44064325
2025-08-08,42.8816041337162,42.95749889502192,42.245967864990234,42.245967864990234,45642153
2025-08-11,42.24596889610203,42.34084187384222,41.8380241394043,41.8380241394043,53672371
2025-08-12,41.8664856735648,42.19853203087041,41.7431526184082,41.7431526184082,56225243
2025-08-13,41.87597079232683,41.98032925199868,41.25931276004546,41.30674743652344,87673736
2025-08-14,41.31623286550107,41.68622840815095,41.26879818909049,41.5344352722168,67635168
2025-08-15,41.42059124609227,41.49648962343163,41.07905578613281,41.07905578613281,93295684
2025-08-18,40.88931204274698,41.430075295904224,40.69008423769614,41.278282165527344,92639738
2025-08-19,41.22136198177783,41.45853897405615,41.06956885148106,41.173927307128906,57411852
2025-08-20,41.07905542089783,41.39213079608838,40.9367513932025,41.22136306762695,54724013
2025-08-21,41.268797453358374,41.35418131698874,41.01264586246727,41.24033737182617,57854002
2025-08-22,41.2403347783347,41.24982026523766,40.8323900798701,41.04110336303711,79449625
2025-08-25,41.0980309562138,41.61981964111328,40.89880314145772,41.61981964111328,90738990
2025-08-26,41.63879408356907,41.76212713850575,41.192900159667595,41.28777313232422,75572231
2025-08-27,41.268799049909724,41.42059218901011,40.7944450378418,40.7944450378418,75814078
2025-08-28,40.81341992344658,41.07905701400671,40.414960668572455,40.77547073364258,82242557
2025-08-29,40.775470231236085,41.73366735729421,40.690086364746094,40.690086364746094,136087899
2025-09-01,40.43393184781624,40.45290644111536,39.73188999091693,39.826759338378906,127633329
2025-09-02,39.71291541970229,41.26879588075909,39.71291541970229,41.21187210083008,145214114
2025-09-03,41.21187307214664,41.33520612204951,40.50983119831061,40.6995735168457,81840560
2025-09-04,40.6141928931681,41.09803240593355,39.97855661824282,40.841880798339844,93536328
2025-09-05,40.79444106876831,40.81341566168897,40.348547182716615,40.566749572753906,57232838
2025-09-08,40.50983278003018,40.88931381288362,40.19675739936808,40.25368118286133,85168162
2025-09-09,40.24418971630353,40.680598126094466,40.225218741952034,40.63316345214844,58952653
2025-09-10,40.60470270920784,40.93675268907574,40.37701481007423,40.7944450378418,47138694
2025-09-11,40.91777716283741,41.10751948715198,40.58572719052846,41.07905578613281,65073072
2025-09-12,41.15495473389673,41.24033860007005,40.24419228837002,40.35803985595703,82314003
2025-09-15,40.3011173027024,40.59521809939799,39.9500963395092,40.0544548034668,69949106
2025-09-16,40.14932192054934,40.253680378685196,39.52317479076798,39.608558654785156,85905078
2025-09-17,39.618045806884766,40.02599054999181,39.561125641170996,39.618045806884766,57236258
2025-09-18,39.63702187397199,39.69394566083392,38.707288402764895,38.73575210571289,100352240
2025-09-19,38.70728374765859,39.399840118868916,38.4701067594756,38.89702606201172,83656307
2025-09-22,39.03933486559359,39.248048160469736,38.70728490082479,38.821128845214844,65611030
2025-09-23,38.87805235690383,39.60855793148106,38.54600601347496,39.41881561279297,93885081
2025-09-24,39.37138266159148,39.74137820876343,39.1721548468118,39.20061492919922,64389951
2025-09-25,39.200615149553435,39.23856433897256,38.71677565107818,38.726261138916016,66694887
2025-09-26,38.71677594165975,38.89702916420262,38.2329328205192,38.7072868347168,68276667
2025-09-29,38.67882487268991,39.172153457770406,38.28985474470791,38.593441009521484,83555055
2025-09-30,38.56497940194828,38.69779793516875,38.33728790283203,38.33728790283203,70002520
2025-10-09,38.14755074098239,38.36575316345524,37.7775551716139,38.26139831542969,97231953
2025-10-10,38.23293116438483,38.564981131360106,38.07165254368003,38.11908721923828,95504979
2025-10-13,37.72062719450391,38.23293036550949,37.663707032636864,38.052677154541016,106593617
2025-10-14,38.03370535038104,39.361898049874576,37.78704285312113,39.14369201660156,173382668
2025-10-15,39.1342028652329,39.4377891191496,38.906511365278575,39.37137985229492,106276702
2025-10-16,39.37138265625566,39.83625117637912,39.02036170373419,39.779327392578125,106248776
2025-10-17,39.73189039829915,40.05445124962424,39.25753641805834,39.456764221191406,82982705
2025-10-20,39.475739467150426,39.6465071923823,38.991896372648874,39.29548263549805,64947729
2025-10-21,39.36189446916816,39.94060327914,39.36189446916816,39.826759338378906,75993124
2025-10-22,39.826761778953234,40.03547869900005,39.589584776730526,39.798301696777344,55133364
2025-10-23,39.798302908145345,40.310606117107845,39.63702065982724,40.073429107666016,71317373
2025-10-24,40.17778272891337,40.27265570122276,39.70342872446795,39.798301696777344,69883194
2025-10-27,39.750864991792824,39.81727425950384,39.29548198601203,39.456764221191406,98894862
2025-10-28,39.48522596758512,39.58009893905567,39.11523042643456,39.466251373291016,70595074
2025-10-29,39.3998418620191,39.3998418620191,38.602927001705325,38.67882537841797,91098760
2025-10-30,38.707284468233176,39.23856223450546,38.64087519982835,39.086769104003906,113153844
2025-10-31,39.14368831611352,39.18163750257639,38.745232715354234,38.792667388916016,70260700
2025-11-03,39.029849385326976,39.817278819848575,38.95395462169358,39.64651107788086,92198068
2025-11-04,39.6939417826404,40.89880134407804,39.66548170150709,40.80392837524414,134003592
2025-11-05,40.889309832847694,41.24033436833767,40.55726350904204,40.604698181152344,73171377
2025-11-06,40.4623975964451,40.69008548949823,40.13983673209166,40.168296813964844,87197274
2025-11-07,40.22521974728503,40.5288060109674,40.11137218412884,40.32957458496094,59319118
2025-11-10,40.27265698887538,40.68060173526452,40.1113747403096,40.52880859375,53236873
2025-11-11,40.50034103426805,40.83239098779156,40.33906242009684,40.756492614746094,54467066
2025-11-12,40.90828819137057,41.13597970510743,40.72803497314453,40.72803497314453,58792878
2025-11-13,40.76598731959431,41.079059103819354,40.54778489567161,40.993675231933594,58798006
2025-11-14,41.022134538234894,41.354180882736365,40.96521075673447,41.031620025634766,51820955
2025-11-17,40.88931424312568,40.984187216612696,40.32009087833916,40.462398529052734,61067446
2025-11-18,40.37701294844293,40.70905929396752,40.2631653850913,40.680599212646484,51743927
2025-11-19,40.680597723051605,41.26879563602881,40.60469935026301,41.00315856933594,51169639
2025-11-20,41.003160233968686,41.54392349542355,40.84187799476204,41.01264572143555,58585152
2025-11-21,41.02213655600932,41.316233727309736,40.56675351967427,40.7944450378418,79126405
2025-11-24,40.88931453682662,40.99367299889498,40.32957665585135,40.443424224853516,67854882
2025-11-25,40.47188217416534,41.07905470070159,40.26316526103085,41.031620025634766,66640949
2025-11-26,41.11700388836854,41.39213007040331,40.76598295003359,41.031620025634766,45107206
2025-11-27,40.96521162543609,41.16443943636177,40.41495924969797,40.97469711303711,62143434
2025-11-28,40.88931330576119,40.908287900023616,40.62367622415491,40.74700927734375,49465789
2025-12-01,40.87034027835687,41.2403358003114,40.72803263805115,41.21187210083008,56791942
2025-12-02,41.21187316529527,41.411104590675976,41.003159871565266,41.15495300292969,40673497
2025-12-03,41.05059447517856,41.344695250013075,40.79444288787761,40.80392837524414,46895972
2025-12-04,40.84187633667697,41.19289726324022,40.80392715028267,41.00315856933594,36120746
2025-12-05,41.03162074499939,41.31623241942384,40.70905988224266,41.22136306762695,54890622
2025-12-08,41.211876275580074,41.401618608864,40.8608553113769,40.965213775634766,58003881
2025-12-09,40.96521218868352,41.079056136630086,40.633165832575294,40.832393646240234,46593870
2025-12-10,40.870344841247835,40.870344841247835,39.41881905279099,39.561126708984375,108315686
2025-12-11,39.7129163146898,39.893169526643504,39.28599700318502,39.54214859008789,84623107
2025-12-12,39.608560805440305,39.684459186036136,39.35240919948032,39.59907531738281,71762547
2025-12-15,39.599074250403994,40.1113738294863,39.4947157894136,39.6559944152832,56266557
2025-12-16,39.63702147166256,39.96907146310245,39.304975099256694,39.561126708984375,56617635
2025-12-17,39.46624890989958,39.70342589522118,39.11522798495303,39.39035415649414,63126744
2025-12-18,39.40932874626294,40.24418912881998,39.27651021353948,40.196754455566406,76811931
2025-12-19,40.196756737596345,40.301115196098955,39.76035192843432,39.83625030517578,57382341
2025-12-22,39.92163758013012,39.96907226012913,39.570612986262354,39.62753677368164,52473989
2025-12-23,39.599070662425106,39.88368231813481,39.52317229075129,39.76034927368164,60651014
2025-12-24,39.77932522036934,39.83624900106193,39.41881518071695,39.68445587158203,53630520
2025-12-25,39.779327762392526,39.92163541370107,39.56112535101096,39.637020111083984,49921351
2025-12-26,39.6465105788936,39.73189444880283,39.48522832727216,39.561126708984375,50880959
2025-12-29,39.523172865293624,39.779324444866056,39.29548136599581,39.7224006652832,68255105
2025-12-30,39.75086745970654,40.30111622905031,39.63701989167634,40.11137390136719,83478293
2025-12-31,40.07342732293473,40.15881118729244,39.769837434858786,39.94060516357422,55414239
2026-01-05,40.301113197940225,40.60469945178646,40.10188539742244,40.17778015136719,84082964
2026-01-06,40.272658642053386,40.59521953339199,39.93112315486732,40.53829574584961,92371482
2026-01-07,40.55726810668843,40.81341970796211,39.97855563185166,39.98804473876953,88055952
2026-01-08,40.035478838014285,40.08291351481677,39.18164017943423,39.44728088378906,111572692
2026-01-09,39.40933214288856,39.61804544699969,39.01087289134205,39.181640625,98547074
2026-01-12,39.18163961646944,39.30497266961091,38.89702794071003,39.01087188720703,118664058
2026-01-13,39.08677212754579,39.257539864948924,38.92548987820551,39.020362854003906,115936473
2026-01-14,39.020360309833386,39.058305878644674,38.00524305869819,38.01472854614258,191774380
2026-01-15,38.052677154541016,38.346774308277276,37.94831869907318,38.052677154541016,121727094
2026-01-16,38.43518198546017,38.444913241255165,37.617619124982134,37.68574905395508,152524530
2026-01-19,37.695478860052226,37.8804024154666,37.471622857349814,37.520286560058594,98870273
2026-01-20,37.53975426418858,38.0847974093088,37.481355590953406,37.69548034667969,111387322
2026-01-21,37.88040377282781,37.89986999716936,37.160172036203875,37.218570709228516,121499985
2026-01-22,37.24776873466721,37.54948964717455,36.79032173795023,36.838985443115234,187754633
2026-01-23,36.838986450262986,37.1504386271971,36.3815431538426,36.49833679199219,189211273
2026-01-26,36.49833721542153,37.27696766678995,36.31341364347242,37.00444793701172,216679416
2026-01-27,37.0433771736146,37.48135421195514,36.85844990490834,37.082305908203125,157240627
2026-01-28,37.10177351523351,37.413225680369365,36.692993940793706,36.790321350097656,204166688
2026-01-29,36.86818835241415,37.617621327804734,36.54700120033124,37.500823974609375,199998187
2026-01-30,37.50082129006952,38.12372561130857,37.50082129006952,37.637081146240234,166084303
2026-02-02,37.84147674899197,38.25025634025071,37.384029738276205,37.4229621887207,138497888
2026-02-03,37.63708196739343,37.63708196739343,37.12124001126336,37.2769660949707,84279156
2026-02-04,37.27696801926256,37.977737288521695,37.2380355681253,37.96800231933594,102131628
2026-02-05,37.8998704968608,38.85369322535633,37.870673016364854,38.6493034362793,121889452
2026-02-06,38.6395712635037,38.882893496003334,38.25998917485267,38.542240142822266,80297978
2026-02-09,38.54223918575554,38.678502751325894,38.27945444844761,38.425445556640625,65894891
2026-02-10,38.43518321622835,38.503313147382954,38.25999090388716,38.289188385009766,49596465
2026-02-11,38.30865513488382,38.39625129225455,38.152929045425054,38.34758758544922,52881696
2026-02-12,38.347588075272114,38.36705058800057,37.6954825147821,37.94853973388672,77752571
2026-02-13,37.909604925581654,38.04586478302547,37.59815276205216,37.6760139465332,70537032
2026-02-24,38.15292904202156,38.357318838267425,37.783078187288936,37.899871826171875,75467438
2026-02-25,37.860941787369455,38.10426402581578,37.68574947866388,37.744144439697266,72397149
2026-02-26,37.76361006251505,37.97773481703243,37.47162412359303,37.666282653808594,59332534
2026-02-27,37.71494674682617,37.909605279047746,37.60788436846417,37.71494674682617,63703472
2026-03-02,37.56895121815487,37.83173967482809,37.393758913706066,37.637081146240234,68547313
2026-03-03,37.62735030377,38.493576867055545,37.5300228948086,38.133460998535156,138465642
2026-03-04,37.96799895991798,37.987465183764236,36.99471004442064,37.56895065307617,115193902
2026-03-05,37.62735009368949,38.19185945836133,37.59815261372462,38.10426330566406,78336979
2026-03-06,38.05559627646911,38.269721032533994,37.90960516235434,38.15292739868164,46595667
2026-03-09,37.860941926477324,38.13346164644163,37.71494709775203,37.75387954711914,76677490
2026-03-10,37.899870368181325,38.19186002336023,37.76361050925927,38.172393798828125,61371700
2026-03-11,38.250253432166915,38.44491195678711,37.90960379868349,38.44491195678711,68940710
2026-03-12,38.396248253832695,38.522776851756205,38.279454624181604,38.44491195678711,52772330
2026-03-13,38.405981583002315,38.980222219596136,38.298919203040334,38.697967529296875,76527668
2026-03-16,38.7077037578616,38.97049223192014,38.581175148988336,38.843963623046875,61094451
2026-03-17,38.82449527686495,39.281942267401746,38.76610031657697,39.0483512878418,65622927
2026-03-18,39.05808842654381,39.24301199906815,38.7271700195825,38.853694915771484,70583141
2026-03-19,38.81476501706415,38.9704911031658,38.63957270609945,38.70770263671875,65024684
2026-03-20,38.785563647643805,39.00942337615327,38.60064008148679,38.688236236572266,61580273
2026-03-23,38.52277777913927,38.63957141160201,37.5202876526926,37.64681625366211,95773829
2026-03-24,37.76361071929754,38.26972142153918,37.69548078945758,38.20159149169922,61633642
2026-03-25,38.27945642713213,38.34758635703771,37.89987061548324,38.21132278442383,65381669
2026-03-26,38.104262847031556,38.62983604408656,38.09452787862535,38.50331115722656,61679007
2026-03-27,38.44491524727006,38.63957378855099,38.201592998869614,38.38651657104492,46800671
2026-03-30,38.191858298410786,38.51304170667744,38.08479592472106,38.425445556640625,64605410
2026-03-31,38.48384674625659,38.66877031385813,38.23078953500945,38.26972198486328,66309671
2026-04-01,38.50331322959362,38.97049149256671,38.367049654190694,38.75636672973633,88152581
2026-04-02,38.79529865326356,38.85369361484082,38.52277893176233,38.697967529296875,53462988
2026-04-03,38.69796850212931,38.7563671779774,38.30865513488382,38.34758758544922,46448537
2026-04-07,38.337853106105,38.54224290497981,37.91933853918826,37.94853973388672,52836661
2026-04-08,38.44491291042056,38.581172767193884,38.143192004134896,38.56170654296875,66949789
2026-04-09,38.4254475428715,38.464379992189755,38.07506292461266,38.21132278442383,53585405
2026-04-10,38.26972106954222,38.32811974292621,38.08479750636361,38.16265869140625,54320208
2026-04-13,38.08479946101647,38.113996942805656,37.88040595008362,37.938804626464844,52514495
2026-04-14,37.95826830491646,38.13346060950182,37.90960460093222,38.08479690551758,50399861
2026-04-15,38.20159299935198,38.85369484292803,38.172395517640474,38.834232330322266,105210379
2026-04-16,38.83423236673487,39.07755461536654,38.68823753243473,38.843963623046875,61725776
2026-04-17,38.78556176814775,38.8342291841279,38.444912133102044,38.464378356933594,58792518
2026-04-20,38.44491493760668,38.8342320170327,38.27945759217247,38.805030822753906,58877642
2026-04-21,38.843963273257074,39.077554263473246,38.79529956652953,38.805030822753906,54594915
2026-04-22,38.80502983555993,38.96075592080812,38.56170759530946,38.678504943847656,50759455
2026-04-23,38.65903928073683,38.79529914320826,38.46438074314787,38.74663543701172,56948934
2026-04-24,38.6785058131871,38.73690077596595,38.308654960108846,38.328121185302734,62941438
2026-04-27,38.46438104885714,38.92182805890649,38.26972250972106,38.328121185302734,92616843
2026-04-28,38.32811910292836,38.571441335428005,38.21132175811065,38.542240142822266,66930520
2026-04-29,37.87067462090182,37.97773700432668,37.31590019115746,37.47162628173828,253311717
2026-04-30,37.37429700464107,37.48135566992711,37.10177357510541,37.24776840209961,116957410
2026-05-06,37.26723623440347,37.32563119747839,36.8097892220348,36.984981536865234,143177103
2026-05-07,37.03364485649014,37.14070723807855,36.92658247490173,36.936317443847656,79008987
2026-05-08,37.01417849259665,37.160173323815684,36.887653599196454,36.92658233642578,86953912
2026-05-11,36.93631761881287,36.96551510018337,36.692995373251264,36.95578384399414,92548934
2026-05-12,36.96551453756728,37.12124062384444,36.8487209010601,36.88765335083008,96729929
2026-05-13,36.94604813705066,37.07257674180023,36.83898575709354,36.868186950683594,71830416
2026-05-14,36.80005645751953,37.004446245510394,36.722191559540526,36.80005645751953,86786790
2026-05-15,36.80005514866158,36.95578122627824,36.60539662344012,36.64432907104492,82173796
2026-05-18,36.6443314117307,36.654062667852216,36.35234174884616,36.469139099121094,70768410
2026-05-19,36.478869477162206,36.73192668386378,36.34260961792415,36.37180709838867,71991007
2026-05-20,36.371805435692316,36.43993536219686,36.177146911621094,36.177146911621094,69318422
2026-05-21,36.18688180524146,36.34260788161679,36.11875187887741,36.157684326171875,72519969
2026-05-22,36.10901963492633,36.332879367357506,35.982494740877335,36.031158447265625,79761712
2026-05-25,36.02142277685715,36.264745016863166,35.914364110008805,35.95329284667969,71066833
2026-05-26,35.95329337205535,36.293946740723285,35.914364634815605,36.01169204711914,70620290
2026-05-27,36.021423303228374,36.19661561561696,35.79756728468802,36.01169204711914,84514627
2026-05-28,36.06035670033843,36.43020755985041,35.982495511011265,36.12848663330078,99579106
2026-05-29,36.109019998319454,37.02391402395894,35.94356265237358,36.994712829589844,153138355
2026-06-01,36.98497938016363,37.17963790893555,36.79032085139172,37.17963790893555,96137886
2026-06-02,37.14070650057418,37.84147573865381,37.03364412111171,37.76361083984375,125696953
2026-06-03,37.77334720658988,37.77334720658988,37.22830403315557,37.47162628173828,88127454
2026-06-04,37.37429555083354,37.61761777782385,36.97524724708152,37.082305908203125,73884128
2026-06-05,37.16017101707843,37.666281697670485,37.09204109015283,37.54948806762695,77870900
2026-06-08,37.37429886742634,37.72467978663104,37.33536641658042,37.47162628173828,76947767
2026-06-09,37.47162624531426,37.60788611033968,37.37429883109693,37.46189498901367,66450037
2026-06-10,37.4229620566286,38.036135154155204,37.35483212499262,37.86094284057617,93586076
2026-06-11,37.89013887799424,38.04586496048535,37.53975426418858,37.69548034667969,59445402
2026-06-12,37.55922165452239,38.29891964111637,37.3158994110266,38.289188385009766,111983390
2026-06-15,38.16266043756431,38.31838652757762,37.69548216752438,37.90960693359375,97740434
2026-06-16,37.77334393222905,37.851205114368675,37.38402688312328,37.53975296020508,78966910
2026-06-17,37.64681636585041,37.812273702932146,37.12123944899788,37.20883560180664,66045163
2026-06-18,37.130974069158796,37.179637772973166,36.26474380493164,36.26474380493164,100346053
2026-06-22,36.02142104777573,36.88765129937111,35.96302608917109,36.64432907104492,110076764
2026-06-23,36.64433084606957,37.16990406298258,36.35234118769234,36.40100860595703,100800729
2026-06-24,36.48860323881548,36.5761993901141,35.76836780449323,35.778099060058594,123616556
2026-06-25,35.748901075362355,36.001958270116674,35.23305914322839,35.26225662231445,118116225
2026-06-26,35.408253401730086,35.495849556635626,34.92160892176657,35.03840255737305,105541023
2026-06-29,34.941074716000145,35.73917135628292,34.454430242032466,35.447181701660156,108073461
2026-06-30,35.39851816155961,35.41798438614523,34.4057629845092,34.5517578125,109903751
2026-07-01,34.57122357175882,35.15519545025638,34.337632592678204,34.9508056640625,89122129
2026-07-02,35.310923309035296,35.81703402851068,35.16493218846535,35.62237548828125,94461448
2026-07-03,35.690503573552704,36.07008937811882,35.379051410423564,35.84623336791992,85312390
2026-07-06,35.71970444785195,36.75138833671574,35.54451214355383,36.722190856933594,97154407
2026-07-07,36.71246194420752,36.848721808956924,36.30367863715644,36.547000885009766,65258740
2026-07-08,36.36207666217126,36.95578353035126,36.15768686870683,36.92658233642578,76713452
2026-07-09,36.69299571884291,36.80005810194683,36.37180856953114,36.547000885009766,76564557
2026-07-10,36.61000061035156,36.91999816894531,36.33000183105469,36.880001068115234,79377153
2026-07-13,36.810001373291016,37.400001525878906,36.709999084472656,37.25,93308476
2026-07-14,37.099998474121094,37.2400016784668,36.81999969482422,37.18000030517578,80415432
2026-07-15,37.0,37.959999084472656,36.75,37.7599983215332,115462595
2026-07-16,37.70000076293945,38.119998931884766,37.5,37.66999816894531,76689870
2026-07-17,37.7599983215332,38.20000076293945,37.68000030517578,38.02000045776367,115858449
2026-07-20,37.95000076293945,38.90999984741211,37.88999938964844,38.90999984741211,143361015
2026-07-21,39.18000030517578,39.400001525878906,37.900001525878906,37.9900016784668,156012742
2026-07-22,37.849998474121094,38.709999084472656,37.630001068115234,38.709999084472656,108454598
2026-07-23,38.68000030517578,38.9900016784668,38.45000076293945,38.90999984741211,79493797
2026-07-24,39.18000030517578,39.25,38.900001525878906,39.20000076293945,98296005
2026-07-27,39.119998931884766,39.2400016784668,38.689998626708984,39.0,71584573
2026-07-28,39.16999816894531,39.59000015258789,38.95000076293945,39.59000015258789,105018681
2026-07-29,39.97999954223633,40.06999969482422,39.4900016784668,39.65999984741211,114871245
2026-07-30,39.65999984741211,40.54999923706055,39.54999923706055,40.54999923706055,137457952
2026-07-31,39.849998474121094,40.16999816894531,39.040000915527344,39.619998931884766,149155003
2026-08-03,39.880001068115234,40.41999816894531,39.79999923706055,40.36000061035156,121749307
2026-08-04,40.15999984741211,40.15999984741211,39.209999084472656,39.279998779296875,110499947
2026-08-05,39.18000030517578,39.47999954223633,38.720001220703125,38.939998626708984,96045405
2026-08-06,39.0,39.150001525878906,38.470001220703125,38.970001220703125,85375464
2026-08-07,38.900001525878906,39.099998474121094,38.47999954223633,38.79999923706055,77964748
2026-08-10,38.790000915527344,39.27000045776367,38.70000076293945,38.90999984741211,65175786
2026-08-11,39.0,39.20000076293945,38.77000045776367,38.95000076293945,50076953
2026-08-12,38.95000076293945,38.970001220703125,38.560001373291016,38.70000076293945,55748865
2026-08-13,38.59000015258789,38.810001373291016,38.5,38.77000045776367,50198478
2026-08-14,38.650001525878906,38.75,38.459999084472656,38.459999084472656,48680178
2026-08-17,38.349998474121094,38.459999084472656,38.060001373291016,38.20000076293945,65674416
2026-08-18,38.150001525878906,38.36000061035156,38.029998779296875,38.290000915527344,60136128
2026-08-19,38.54999923706055,39.150001525878906,38.400001525878906,39.150001525878906,124893872
2026-08-20,38.79999923706055,39.06999969482422,38.470001220703125,38.86000061035156,74785718
2026-08-21,38.79999923706055,39.099998474121094,38.7599983215332,38.900001525878906,51421949
2026-08-24,38.869998931884766,39.70000076293945,38.77000045776367,39.58000183105469,104578329
2026-08-25,39.70000076293945,39.91999816894531,39.41999816894531,39.5,63418322
2026-08-26,39.40999984741211,39.97999954223633,39.380001068115234,39.79999923706055,64645543
2026-08-27,39.630001068115234,39.939998626708984,39.31999969482422,39.58000183105469,61459228
2026-08-28,39.459999084472656,39.54999923706055,39.22999954223633,39.349998474121094,48103294
2026-08-31,39.5099983215332,40.279998779296875,39.5,40.119998931884766,113625091
2026-09-01,40.040000915527344,40.880001068115234,39.900001525878906,40.86000061035156,114766127
2026-09-02,40.900001525878906,41.0,40.630001068115234,40.869998931884766,64861142
