date,open,high,low,close,volume
2018-01-02,29.90214729309082,29.90214729309082,29.90214729309082,29.90214729309082,0
2018-01-03,29.90214729309082,29.90214729309082,29.90214729309082,29.90214729309082,0
2018-01-04,29.90214729309082,29.90214729309082,29.90214729309082,29.90214729309082,0
2018-01-05,29.90214729309082,29.90214729309082,29.90214729309082,29.90214729309082,0
2018-01-08,29.90214729309082,29.90214729309082,29.90214729309082,29.90214729309082,0
2018-01-09,29.90214729309082,29.90214729309082,29.90214729309082,29.90214729309082,0
2018-01-10,29.90214729309082,29.90214729309082,29.90214729309082,29.90214729309082,0
2018-01-11,29.90214729309082,29.90214729309082,29.90214729309082,29.90214729309082,0
2018-01-12,29.90214729309082,29.90214729309082,29.90214729309082,29.90214729309082,0
2018-01-15,29.90214729309082,29.90214729309082,29.90214729309082,29.90214729309082,0
2018-01-16,29.90214729309082,29.90214729309082,29.90214729309082,29.90214729309082,0
2018-01-17,29.90214729309082,29.90214729309082,29.90214729309082,29.90214729309082,0
2018-01-18,29.90214729309082,29.90214729309082,29.90214729309082,29.90214729309082,0
2018-01-19,29.90214729309082,29.90214729309082,29.90214729309082,29.90214729309082,0
2018-01-22,29.90214729309082,29.90214729309082,29.90214729309082,29.90214729309082,0
2018-01-23,29.90214729309082,29.90214729309082,29.90214729309082,29.90214729309082,0
2018-01-24,29.90214729309082,29.90214729309082,29.90214729309082,29.90214729309082,0
2018-01-25,29.90214729309082,29.90214729309082,29.90214729309082,29.90214729309082,0
2018-01-26,31.133024215698242,31.133024215698242,31.133024215698242,31.133024215698242,0
2018-01-29,31.133024215698242,31.133024215698242,31.133024215698242,31.133024215698242,0
2018-01-30,31.133024215698242,31.133024215698242,31.133024215698242,31.133024215698242,0
2018-01-31,31.133024215698242,31.133024215698242,31.133024215698242,31.133024215698242,0
2018-02-01,31.133024215698242,31.133024215698242,31.133024215698242,31.133024215698242,0
2018-02-02,31.133024215698242,31.133024215698242,31.133024215698242,31.133024215698242,0
2018-02-05,31.133024215698242,31.133024215698242,31.133024215698242,31.133024215698242,0
2018-02-06,31.133024215698242,31.133024215698242,31.133024215698242,31.133024215698242,0
2018-02-07,31.133024215698242,31.133024215698242,31.133024215698242,31.133024215698242,0
2018-02-08,31.133024215698242,31.133024215698242,31.133024215698242,31.133024215698242,0
2018-02-09,31.133024215698242,31.133024215698242,31.133024215698242,31.133024215698242,0
2018-02-12,31.133024215698242,31.133024215698242,31.133024215698242,31.133024215698242,0
2018-02-13,31.133024215698242,31.133024215698242,31.133024215698242,31.133024215698242,0
2018-02-14,31.133024215698242,31.133024215698242,31.133024215698242,31.133024215698242,0
2018-02-22,31.133024215698242,31.133024215698242,31.133024215698242,31.133024215698242,0
2018-02-23,31.133024215698242,31.133024215698242,31.133024215698242,31.133024215698242,0
2018-02-26,31.133024215698242,31.133024215698242,31.133024215698242,31.133024215698242,0
2018-02-27,31.133024215698242,31.133024215698242,31.133024215698242,31.133024215698242,0
2018-02-28,31.133024215698242,31.133024215698242,31.133024215698242,31.133024215698242,0
2018-03-01,31.133024215698242,31.133024215698242,31.133024215698242,31.133024215698242,0
2018-03-02,31.133024215698242,31.133024215698242,31.133024215698242,31.133024215698242,0
2018-03-05,31.133024215698242,31.133024215698242,31.133024215698242,31.133024215698242,0
2018-03-06,31.133024215698242,31.133024215698242,31.133024215698242,31.133024215698242,0
2018-03-07,31.133024215698242,31.133024215698242,31.133024215698242,31.133024215698242,0
2018-03-08,31.133024215698242,31.133024215698242,31.133024215698242,31.133024215698242,0
2018-03-09,31.133024215698242,31.133024215698242,31.133024215698242,31.133024215698242,0
2018-03-12,31.133024215698242,31.133024215698242,31.133024215698242,31.133024215698242,0
2018-03-13,31.133024215698242,31.133024215698242,31.133024215698242,31.133024215698242,0
2018-03-14,31.133024215698242,31.133024215698242,31.133024215698242,31.133024215698242,0
2018-03-15,31.133024215698242,31.133024215698242,31.133024215698242,31.133024215698242,0
2018-03-16,31.133024215698242,31.133024215698242,31.133024215698242,31.133024215698242,0
2018-03-19,31.133024215698242,31.133024215698242,31.133024215698242,31.133024215698242,0
2018-03-20,31.133024215698242,31.133024215698242,31.133024215698242,31.133024215698242,0
2018-03-21,31.133024215698242,31.133024215698242,31.133024215698242,31.133024215698242,0
2018-03-22,31.133024215698242,31.133024215698242,31.133024215698242,31.133024215698242,0
2018-03-23,31.133024215698242,31.133024215698242,31.133024215698242,31.133024215698242,0
2018-03-26,31.133024215698242,31.133024215698242,31.133024215698242,31.133024215698242,0
2018-03-27,31.133024215698242,31.133024215698242,31.133024215698242,31.133024215698242,0
2018-03-28,31.133024215698242,31.133024215698242,31.133024215698242,31.133024215698242,0
2018-03-29,31.133024215698242,31.133024215698242,31.133024215698242,31.133024215698242,0
2018-03-30,31.133024215698242,31.133024215698242,31.133024215698242,31.133024215698242,0
2018-04-02,31.133024215698242,31.133024215698242,31.133024215698242,31.133024215698242,0
2018-04-03,31.133024215698242,31.133024215698242,31.133024215698242,31.133024215698242,0
2018-04-04,31.133024215698242,31.133024215698242,31.133024215698242,31.133024215698242,0
2018-04-09,31.133024215698242,31.133024215698242,31.133024215698242,31.133024215698242,0
2018-04-10,31.133024215698242,31.133024215698242,31.133024215698242,31.133024215698242,0
2018-04-11,31.133024215698242,31.133024215698242,31.133024215698242,31.133024215698242,0
2018-04-12,31.133024215698242,31.133024215698242,31.133024215698242,31.133024215698242,0
2018-04-13,31.133024215698242,31.133024215698242,31.133024215698242,31.133024215698242,0
2018-04-16,31.133024215698242,31.133024215698242,31.133024215698242,31.133024215698242,0
2018-04-17,31.133024215698242,31.133024215698242,31.133024215698242,31.133024215698242,0
2018-04-18,31.133024215698242,31.133024215698242,31.133024215698242,31.133024215698242,0
2018-04-19,31.133024215698242,31.133024215698242,31.133024215698242,31.133024215698242,0
2018-04-20,31.133024215698242,31.133024215698242,31.133024215698242,31.133024215698242,0
2018-04-23,31.133024215698242,31.133024215698242,31.133024215698242,31.133024215698242,0
2018-04-24,31.133024215698242,31.133024215698242,31.133024215698242,31.133024215698242,0
2018-04-25,31.133024215698242,31.133024215698242,31.133024215698242,31.133024215698242,0
2018-04-26,31.133024215698242,31.133024215698242,31.133024215698242,31.133024215698242,0
2018-04-27,31.133024215698242,31.133024215698242,31.133024215698242,31.133024215698242,0
2018-05-02,31.133024215698242,31.133024215698242,31.133024215698242,31.133024215698242,0
2018-05-03,31.133024215698242,31.133024215698242,31.133024215698242,31.133024215698242,0
2018-05-04,31.133024215698242,31.133024215698242,31.133024215698242,31.133024215698242,0
2018-05-07,31.133024215698242,31.133024215698242,31.133024215698242,31.133024215698242,0
2018-05-08,31.133024215698242,31.133024215698242,31.133024215698242,31.133024215698242,0
2018-05-09,31.133024215698242,31.133024215698242,31.133024215698242,31.133024215698242,0
2018-05-10,31.133024215698242,31.133024215698242,31.133024215698242,31.133024215698242,0
2018-05-11,31.133024215698242,31.133024215698242,31.133024215698242,31.133024215698242,0
2018-05-14,31.133024215698242,31.133024215698242,31.133024215698242,31.133024215698242,0
2018-05-15,31.133024215698242,31.133024215698242,31.133024215698242,31.133024215698242,0
2018-05-16,31.133024215698242,31.133024215698242,31.133024215698242,31.133024215698242,0
2018-05-17,31.133024215698242,31.133024215698242,31.133024215698242,31.133024215698242,0
2018-05-18,31.133024215698242,31.133024215698242,31.133024215698242,31.133024215698242,0
2018-05-21,31.133024215698242,31.133024215698242,31.133024215698242,31.133024215698242,0
2018-05-22,31.133024215698242,31.133024215698242,31.133024215698242,31.133024215698242,0
2018-05-23,31.133024215698242,31.133024215698242,31.133024215698242,31.133024215698242,0
2018-05-24,31.133024215698242,31.133024215698242,31.133024215698242,31.133024215698242,0
2018-05-25,31.133024215698242,31.133024215698242,31.133024215698242,31.133024215698242,0
2018-05-28,31.133024215698242,31.133024215698242,31.133024215698242,31.133024215698242,0
2018-05-29,31.133024215698242,31.133024215698242,31.133024215698242,31.133024215698242,0
2018-05-30,31.133024215698242,31.133024215698242,31.133024215698242,31.133024215698242,0
2018-05-31,31.133024215698242,31.133024215698242,31.133024215698242,31.133024215698242,0
2018-06-01,31.133024215698242,31.133024215698242,31.133024215698242,31.133024215698242,0
2018-06-04,31.133024215698242,31.133024215698242,31.133024215698242,31.133024215698242,0
2018-06-05,36.17963790893555,36.17963790893555,34.727200271400605,36.17963790893555,171049369
2018-06-06,36.17963495175463,39.47018326039882,36.10578209044905,37.35307312011719,130037489
2018-06-07,38.567544473786505,39.4537789131689,38.0751940943212,39.3635139465332,92564111
2018-06-08,39.55224357403366,39.675329588853096,38.58395189874323,38.92859649658203,68918609
2018-06-11,38.87936384214523,40.906209044178844,38.82192307510098,40.45488739013672,81359261
2018-06-12,40.13486250641827,40.676449159715794,39.617892432270146,40.651832580566406,59097999
2018-06-13,41.02929724594186,41.439590218401285,40.04459348598187,40.44668197631836,61359784
2018-06-14,40.20871594813482,40.397450361644644,38.945012695638766,39.1829833984375,69231610
2018-06-15,39.41274548892175,39.88047926930555,38.97783590056525,39.35530471801758,44718551
2018-06-19,38.567538866306094,39.035272597878766,37.632071403160744,38.87115478515625,121603097
2018-06-20,38.41162964129323,38.78909842893953,37.911071708407626,38.37059783935547,39640272
2018-06-21,38.52651174737597,40.60259324061353,37.99312961711723,39.43736267089844,63991486
2018-06-22,39.182982320791574,39.97895175915716,38.69883644543837,39.91330337524414,34092986
2018-06-25,40.372830679592745,40.4713001203161,37.533603951487,37.68951416015625,54995389
2018-06-26,37.09048766510078,38.67421888865105,37.016634800209786,38.02595520019531,47269185
2018-06-27,38.18186624667498,38.542926096379055,36.417608193964256,36.81148910522461,54767293
2018-06-28,36.59813257036753,36.72122171650415,35.211343424625234,35.40007781982422,52787001
2018-06-29,35.67087494786285,37.32845906794786,35.66266733478096,37.27101516723633,36714780
2018-07-02,36.92637326101111,37.870048496463035,36.02372983341248,36.54890441894531,36701000
2018-07-03,37.21357259110726,37.377690411622105,35.47393120633889,36.69660568237305,33643558
2018-07-04,36.67198856585365,36.90175478292455,36.11398981484721,36.43402099609375,21796108
2018-07-05,36.42581795971392,37.00022887913464,35.564203145726665,36.950992584228516,46055740
2018-07-06,36.77866471658323,37.131516951294756,35.81037297439168,36.09757995605469,37081639
2018-07-09,36.105781161510734,37.63207150236595,35.99910411341684,37.57463073730469,40893212
2018-07-10,37.58283803524452,37.73875137805292,37.27922209284541,37.69771957397461,23714037
2018-07-11,36.63916866052831,37.21357639562403,36.34375717945772,36.92637252807617,26478445
2018-07-12,36.72122059890167,38.124421796775195,36.72122059890167,37.85363006591797,28697567
2018-07-13,37.9931335006795,41.439595537801665,37.77978250494003,41.42318344116211,74407210
2018-07-16,41.37394486779006,42.063237237172025,40.701064594141855,41.94015121459961,49258206
2018-07-17,41.72679483078893,43.47464380277736,41.16059164506289,42.73611831665039,54528204
2018-07-18,42.82638441450499,45.091203643884505,42.50635635890051,43.65517807006836,61597455
2018-07-19,43.39259007427045,44.12291113896974,41.74321040361748,42.15350341796875,56655778
2018-07-20,42.014005076287646,42.54738411398735,41.275476402196034,41.76782989501953,43355177
2018-07-23,41.74320802185578,43.770056398796136,41.5216494311132,43.73723220825195,49710184
2018-07-24,44.106497240510095,45.07478896523636,43.02332397730566,43.409000396728516,50615062
2018-07-25,43.458232625549414,44.59884663364942,42.670470838265715,43.02332305908203,44031046
2018-07-26,43.26950227743853,43.68800291818757,42.580209866458375,43.45823669433594,35417641
2018-07-27,43.48284717831787,43.53208032775679,41.44779144033929,41.64473342895508,35810507
2018-07-30,41.84988682301135,43.146414231046435,41.84988682301135,42.35044479370117,30304963
2018-07-31,42.75252992981699,42.95767643260937,41.58729929649413,41.81706237792969,26026860
2018-08-01,42.014006467701094,43.78647221393394,41.997594371034715,42.79356384277344,47900690
2018-08-02,42.42429577639621,42.64585436654887,40.82415248992949,41.858089447021484,47038807
2018-08-03,41.76782852991425,42.046827894309466,39.74918459680197,39.80662536621094,40224653
2018-08-06,39.38813130504404,39.75739566208631,38.15725220176141,38.60857391357422,38268858
2018-08-07,38.74807149164816,40.10203649844894,38.74807149164816,39.88047790527344,33990226
2018-08-08,39.47018146536659,40.79953290841055,38.961419071891854,39.855857849121094,37986515
2018-08-09,39.38812285695673,41.25905769097041,39.215800570726365,40.939029693603516,31408848
2018-08-10,40.939029693603516,40.939029693603516,40.939029693603516,40.939029693603516,0
2018-08-13,40.939029693603516,40.939029693603516,40.939029693603516,40.939029693603516,0
2018-08-14,40.939029693603516,40.939029693603516,40.939029693603516,40.939029693603516,0
2018-08-15,40.939029693603516,40.939029693603516,40.939029693603516,40.939029693603516,0
2018-08-16,40.939029693603516,40.939029693603516,40.939029693603516,40.939029693603516,0
2018-08-17,41.02930035867948,41.972975519043985,38.9778353407455,38.99424743652344,47252533
2018-08-20,38.70703792697628,39.62609644877222,38.042365307974826,38.97783279418945,28223944
2018-08-21,38.969628270957664,40.03638938340776,38.88756779751566,39.535831451416016,20435658
2018-08-22,39.66712598617131,40.315389654903136,39.12553937021122,39.823036193847656,18028831
2018-08-23,39.82303335705942,40.192297643974776,38.40342010317315,39.37171173095703,26413057
2018-08-24,39.01886402531388,39.46198122057314,38.73166017484243,39.04348373413086,12331709
2018-08-27,39.26504321833501,40.82415804398931,39.10092850429773,40.70106887817383,28310363
2018-08-28,40.61900763242948,41.73500511065127,40.41386112923539,41.259063720703125,30054312
2018-08-29,40.79953858950074,41.11135902844061,40.356421380118014,40.807743072509766,21072403
2018-08-30,40.95544811686975,42.0468290255781,40.807742382904905,41.28368377685547,27412080
2018-08-31,41.021093708554375,41.021093708554375,40.126654882782006,40.45488739013672,19306391
2018-09-03,40.10203495898712,40.10203495898712,38.797303158343,39.461978912353516,28258115
2018-09-04,39.461978971843784,39.675329944280946,38.165451651512726,38.953216552734375,26657191
2018-09-05,38.97782928181066,39.141947083791415,38.050566361363096,38.066978454589844,20049624
2018-09-06,38.05877594877923,38.28033452341152,36.68839583093219,36.885337829589844,29631514
2018-09-07,37.172543194711906,37.93568838450165,36.77866231131833,37.303836822509766,23938358
2018-09-10,36.992015895986455,37.115101909540485,35.720105177252776,35.8267822265625,22661519
2018-09-11,35.61343540016215,36.06475709625736,32.90549896301626,33.8737907409668,55593588
2018-09-12,33.88199297020687,34.50563688438934,33.159876493032314,34.01328659057617,25816068
2018-09-13,34.5302632561652,34.94055629031001,33.799939025945996,34.46461486816406,22014237
2018-09-14,34.817463558938314,35.08005082345112,34.2922890299127,34.620521545410156,17747918
2018-09-17,34.464605244366844,34.464605244366844,32.322875703335335,32.7249641418457,33494785
2018-09-18,32.002854651326956,34.45640821858841,31.96182597654937,34.14458465576172,34845947
2018-09-19,34.013287523547554,34.80104926737135,33.65222770991313,34.349727630615234,27991340
2018-09-20,34.275872879639394,35.38366257510446,34.16099135629182,34.792842864990234,27685646
2018-09-21,34.96516761053646,36.18783891538939,34.25946319712697,35.8267822265625,26711737
2018-09-25,35.28519407903036,35.71189912724841,35.12107627121007,35.359046936035156,15138286
2018-09-26,35.43290131053189,36.926367478112596,35.16210644648799,36.713016510009766,31341299
2018-09-27,36.713016510009766,36.713016510009766,36.713016510009766,36.713016510009766,0
2018-09-28,35.605229905245444,35.605229905245444,34.13638005448569,34.85029220581055,44587799
2018-10-08,33.619407988713306,33.980464686420405,32.798822023689596,33.21731948852539,25576023
2018-10-09,33.13526059339219,33.47990518003484,31.920793797629152,32.14234924316406,29196614
2018-10-10,32.23261803062351,32.87267725812939,31.92079759521751,32.19158935546875,18592487
2018-10-11,30.788387387304127,31.77309122269002,29.959593766491846,30.279624938964844,38355017
2018-10-12,30.525799382668513,31.305356697402832,30.099094293231968,30.936092376708984,27291430
2018-10-15,31.190472994040547,31.650002288477896,30.771975504505647,30.829416275024414,18961104
2018-10-16,30.85402777004987,31.526907939791162,28.720505738717005,29.385181427001953,38582558
2018-10-17,29.87753649672359,30.000625650329553,28.991305233737155,29.72162628173828,23120513
2018-10-18,29.532890332550497,29.79547759159327,29.04874448676157,29.204654693603516,20059538
2018-10-19,29.204654693603516,29.204654693603516,29.204654693603516,29.204654693603516,0
2018-10-22,26.25874807444146,27.653744691953502,25.528427144466928,26.644424438476562,96182263
2018-10-23,26.25875359329687,26.266958076468338,23.977523811427478,24.02676010131836,92617609
2018-10-24,24.059584560551706,24.888376721734733,24.059584560551706,24.25652503967285,44682865
2018-10-25,23.370290046476242,23.94470090060525,22.943584929988617,23.796995162963867,49544368
2018-10-26,24.04317034893706,24.264728955399136,23.723142294143173,23.796995162963867,26944783
2018-10-29,22.96820173916792,23.3702886876216,22.05735078676951,22.23788070678711,45458840
2018-10-30,22.319938610175523,23.12411247073357,21.991702975941337,22.85331916809082,37385705
2018-10-31,23.058468139586083,23.42773092014226,22.75485061477247,23.238996505737305,29949116
2018-11-01,23.43593657063399,24.35499361258638,23.280026351890143,23.755966186523438,41929277
2018-11-02,24.346788061795856,26.135665893554688,24.346788061795856,26.135665893554688,64877965
2018-11-05,25.856664723796673,25.971546261511097,24.765285420078943,25.29866600036621,52640151
2018-11-06,25.31507652384217,25.31507652384217,24.54372530316554,24.945812225341797,25487260
2018-11-07,24.83093262246551,25.536637085432993,24.781697900557702,24.85555076599121,32909594
2018-11-08,25.26584413729296,25.40534225721771,24.338581064443353,24.47808074951172,26614170
2018-11-09,24.363199604200954,24.363199604200954,23.854435578289667,23.985729217529297,20640378
2018-11-12,24.034968199546103,24.642201740364044,23.920085078479488,24.625789642333984,20632586
2018-11-13,24.264728798472117,24.929403048416034,24.0677883379385,24.58475685119629,27690918
2018-11-14,24.519108443141164,25.233018935842804,24.28934536997008,24.675020217895508,27908033
2018-11-15,24.683226891598498,24.89657944005712,24.53552116073148,24.85555076599121,20828622
2018-11-16,24.954019877502166,25.1509603276544,24.51910873853459,24.90478515625,32084108
2018-11-19,24.90478601014655,25.58587234387055,24.90478601014655,25.520225524902344,30156507
2018-11-20,25.42175364225666,25.42175364225666,24.86375491758689,24.90478515625,21299954
2018-11-21,24.494490622997358,24.691431060787927,24.297550185206784,24.576549530029297,18015317
2018-11-22,24.74066638044099,24.904784198494877,24.453460981418445,24.798107147216797,14497892
2018-11-23,24.69964016855523,24.69964016855523,23.493377685546875,23.493377685546875,27758683
2018-11-26,23.452349091015908,23.796995292338277,22.97640924777489,23.099496841430664,16487068
2018-11-27,23.304640157203593,23.53440478162936,22.804083802950377,22.97640609741211,15837530
2018-11-28,23.025642378798246,23.255407018827643,22.845114024938862,23.165142059326172,15317032
2018-11-29,23.206171013104903,23.92007990646891,23.206171013104903,23.29643440246582,25600145
2018-11-30,23.337465861105937,23.796993574652127,23.222582758861723,23.698522567749023,19145931
2018-12-03,24.609374610476916,25.86487178751282,24.19087555146495,25.126344680786133,45119911
2018-12-04,25.06890173239604,27.05472148477573,24.945814145137753,27.030101776123047,63751892
2018-12-05,26.381838454009362,27.793244101067764,26.349014266097416,26.907012939453125,60173633
2018-12-06,26.42286878636726,26.816749675234327,25.61048730100659,25.70075225830078,43870118
2018-12-07,25.98795832908508,26.053605145586328,25.33969464663465,25.602283477783203,20515970
2018-12-10,25.347898163036476,25.97154364009132,25.257634777575912,25.561250686645508,19336805
2018-12-11,25.643312145466144,25.782811826143224,25.274047824514007,25.577665328979492,15119250
2018-12-12,25.848457348270657,25.88948601959147,25.438164374488583,25.54483985900879,13665002
2018-12-13,25.643313890062085,26.7921356044518,25.49560815163234,26.340810775756836,36855812
2018-12-14,26.340809979433114,26.57057619353727,25.48740133284643,25.520225524902344,24782890
2018-12-17,25.438166264355598,25.987958952674834,25.109932173973277,25.733577728271484,19263813
2018-12-18,25.618692714629667,26.05360383020762,25.446370416942838,25.873075485229492,16885712
2018-12-19,25.881282265869533,25.9223109383451,24.871960332449266,24.91299057006836,23258878
2018-12-20,24.863752386657573,25.093517004352112,24.51910624268747,24.633989334106445,15988988
2018-12-21,24.519109531211065,24.519109531211065,23.56722987546358,23.780582427978516,24578961
2018-12-24,23.78878559882037,24.37960689692027,23.68211011803667,24.117019653320312,14241074
2018-12-25,23.780580868634146,23.788786916093976,22.99281909421298,23.616464614868164,26511726
2018-12-26,23.59184423983741,23.854431473127445,23.238992058175164,23.2471981048584,13780775
2018-12-27,23.879050929434403,24.002138506181,23.26361148055797,23.2800235748291,20962772
2018-12-28,23.45234846961826,23.46876056570915,22.467644616175615,22.968202590942383,18336651
2019-01-02,23.27181847165102,23.56722835479665,23.074878027839425,23.337465286254883,22288121
2019-01-03,23.337465997615375,23.419524909657362,22.58252682408751,22.60714340209961,20181662
2019-01-04,22.26249775964673,23.427729956295973,22.155822267024245,23.345672607421875,24369561
2019-01-07,22.262498315534952,23.682113337600804,23.247202178047914,23.591848373413086,19204590
2019-01-08,23.52619902695323,23.74775760699554,23.32925858863011,23.624670028686523,12432445
2019-01-09,23.7641704192559,25.758194700907314,23.7641704192559,25.241226196289062,54860023
2019-01-10,25.257637026913805,25.53663638531493,24.937607430428077,25.06890106201172,26170409
2019-01-11,25.11813984059359,25.90590170827782,25.11813984059359,25.364315032958984,28388569
2019-01-14,25.405340185317144,25.70895767457901,24.888371727014864,25.54483985900879,21490409
2019-01-15,25.42175347370121,26.636220357492732,25.323284031849767,26.275163650512695,34551049
2019-01-16,26.201313259909927,26.75110441995751,26.070019614951743,26.52134132385254,27524435
2019-01-17,26.59519333108789,26.67725068266411,26.061812720124195,26.070018768310547,20648419
2019-01-18,26.19310440380275,26.529546093731383,26.020780535051813,26.299779891967773,25539537
2019-01-21,26.472103325371467,27.32551352768831,26.381841493644195,27.235248565673828,36643281
2019-01-22,27.120363568310395,27.15318775582052,26.58698460756148,26.652629852294922,22264013
2019-01-23,26.381842835644456,26.824956924903066,26.381842835644456,26.71007537841797,12809042
2019-01-24,26.62801657718378,26.775722308999754,25.274048412299763,25.848459243774414,34763527
2019-01-25,25.848458858852197,26.923427639885617,25.848458858852197,26.5295467376709,27755085
2019-01-28,26.652630813359725,27.17780531131173,26.127456315407716,26.431072235107422,27316681
2019-01-29,26.373633327353602,26.956248631405835,26.22592759811682,26.874191284179688,22550553
2019-01-30,27.07933717843837,27.30910024977568,26.480309792246757,26.628015518188477,21861015
2019-01-31,26.81675021242182,27.046513286291745,26.60339610358222,26.833162307739258,20497009
2019-02-01,27.005485032525257,28.5974207395936,26.87419139823392,28.2609806060791,40761496
2019-02-11,28.129687501450242,29.13900792099853,27.981981768805397,28.950273513793945,34850024
2019-02-12,29.048742285779213,30.419119244434192,28.78615504663231,29.606740951538086,42333462
2019-02-13,29.606743951673405,30.97712104919258,29.50006689674546,30.72273826599121,43051956
2019-02-14,30.689923758829895,31.53512650531738,30.59965878002292,31.059185028076172,32543477
2019-02-15,31.018146893416727,31.018146893416727,29.87753297489572,29.926769256591797,44428149
2019-02-18,30.2221886250889,31.46127230220305,30.2221886250889,31.288949966430664,35567710
2019-02-19,31.879766282214334,31.945414667705816,30.788388480860572,31.116621017456055,32773144
2019-02-20,31.17405855238767,31.247911405836977,30.287824310995987,30.476558685302734,29163293
2019-02-21,30.624266631327785,31.165853219459166,30.304238619743817,30.56682586669922,28824396
2019-02-22,30.361683451334635,30.821212760204215,30.041655396882756,30.771976470947266,29666122
2019-02-25,31.18226368112185,33.086022687020034,31.18226368112185,32.790611267089844,72502728
2019-02-26,32.798821440923156,34.19381505244772,32.421349524700986,32.85626220703125,58010827
2019-02-27,32.82343766878797,33.890198766966186,32.478793075803424,32.831642150878906,35675124
2019-02-28,33.64403058664856,34.6041148349978,32.83985657265098,33.537353515625,42914408
2019-03-01,33.66043594732228,34.6943728640069,33.51273022632633,34.53025817871094,42996593
2019-03-04,34.64513874072666,35.359047618698256,33.7424923454314,34.09534454345703,55481362
2019-03-05,34.07893310696504,34.07893310696504,33.2337305899495,33.66864013671875,39921980
2019-03-06,33.54555003262437,34.02969580368038,33.31578386871345,33.791725158691406,34528613
2019-03-07,33.57017180698367,33.57017180698367,32.08491007882702,32.47879409790039,56564287
2019-03-08,31.72385715831106,31.73206164163734,30.76377296447754,30.76377296447754,54782886
2019-03-11,30.81300399629729,32.0849116835461,30.81300399629729,32.06029510498047,41846084
2019-03-12,32.53623784028595,32.6182951924287,31.247918003863322,31.81412124633789,36042039
2019-03-13,31.8223222600004,31.94541140508203,31.10841335727312,31.297147750854492,25728567
2019-03-14,31.354586000262497,31.904380172463995,31.11661534169339,31.658205032348633,29150053
2019-03-15,31.748468910754635,33.791729279907415,31.740264428675964,33.66864013671875,77004129
2019-03-18,33.72608615458843,34.85849580530859,33.47991096015903,34.46461486816406,65409245
2019-03-19,34.47281935152049,35.203143581739695,34.30049702844865,34.46461486816406,36730928
2019-03-20,34.39075987764653,34.768228694531125,33.4552923182859,33.86558532714844,34045592
2019-03-21,34.17740825876137,34.26767008960179,33.53734904816886,33.685054779052734,24955206
2019-03-22,33.750701557223906,34.341521322383535,33.74249394462768,34.103553771972656,22539814
2019-03-25,33.50452422097981,33.97225793944033,33.15167202911846,33.17628860473633,23676535
2019-03-26,33.414260498549694,34.792845129000185,33.2337305899495,33.66864013671875,42898083
2019-03-27,34.078940017226635,36.909962712036126,33.89020558827768,36.737640380859375,78669238
2019-03-28,36.10578670360667,36.49966763746607,35.28520064216106,35.85961151123047,53621880
2019-03-29,35.92525307407726,37.66489759925514,35.79395944295884,37.36127853393555,55305618
2019-04-01,38.28855030855097,40.11025259534706,38.28855030855097,38.55934524536133,61282866
2019-04-02,38.96963433124118,39.79842489502764,38.56754577456286,39.01886749267578,51367952
2019-04-03,38.551129385650064,38.96142238012946,37.95210198934459,38.428043365478516,40032712
2019-04-04,38.977831847695214,40.04459293536423,38.45265735101428,38.92039108276367,50650845
2019-04-08,41.94015032516889,42.80176498605216,40.627210866896505,41.275474548339844,113846035
2019-04-09,40.46309152013184,42.04682254441264,39.65891772043946,41.26726531982422,58653969
2019-04-10,40.69286000306348,41.242651122388125,40.04459630959849,40.290771484375,37710261
2019-04-11,40.29076944980174,40.61900508645355,38.280336348742246,38.34598159790039,51675236
2019-04-12,37.74695457811391,38.977833531748054,37.63207304328731,38.04236602783203,35180327
2019-04-15,38.731656439022004,39.53583027306354,37.89465841658198,37.92748260498047,35893689
2019-04-16,37.70593527088134,39.248638152416746,37.36128745051304,39.15016555786133,32892404
2019-04-17,39.25683342028804,39.61789012469392,38.65780603034126,38.961421966552734,27764135
2019-04-18,38.78089468918211,38.96142461881802,38.4608666359456,38.46907424926758,16310806
2019-04-19,38.40342263750157,39.10092258776835,38.11621880110687,38.83012771606445,18158521
2019-04-22,39.1583695711324,39.81483782302024,38.14904904692592,38.36240005493164,31080879
2019-04-23,38.567546039526164,39.53583787136706,38.198281674792355,39.22401428222656,35017901
2019-04-24,39.61788494554029,39.63429703863419,37.894655864407504,38.419830322265625,28083703
2019-04-25,38.32136575484723,38.69063007058249,37.36127853393555,37.36127853393555,26492005
2019-04-26,37.23819400907171,37.525397860447505,36.023727089945595,36.09757995605469,39897550
2019-05-06,35.28519376866957,35.28519376866957,33.4388754900764,34.874900817871094,53106251
2019-05-07,34.97337751210237,35.99090561870718,34.669761541943345,35.27699661254883,30571825
2019-05-08,34.4646100665034,35.588811946954216,33.89019927267094,34.96516799926758,21370699
2019-05-09,34.366143091306505,34.366143091306505,32.86446918539873,33.102439880371094,42519749
2019-05-10,33.80813975867309,34.66975432895667,32.2572329061053,34.54666519165039,43651283
2019-05-13,33.79173326540474,34.0050842577698,32.7495886224311,32.880882263183594,34956360
2019-05-14,32.577265646535224,33.44708482505835,32.44597200844001,32.97935104370117,24092811
2019-05-15,33.47170413075403,33.931230293403836,33.13526399154804,33.660438537597656,26329441
2019-05-16,33.25014678557636,33.660439806429544,33.15167733705205,33.64402770996094,22064954
2019-05-17,33.80814112494161,33.80814112494161,32.49520175166717,32.67573165893555,27977053
2019-05-20,32.4952024524285,32.53623425426483,31.182266181127403,31.691028594970703,34172859
2019-05-21,32.09311698475936,33.6440239284186,31.986439934847436,33.41426086425781,36808293
2019-05-22,32.962933868336016,33.77531528094138,32.962933868336016,33.55375671386719,20957300
2019-05-23,33.34861348299139,33.40605425074925,32.65932113961004,32.91370391845703,18028555
2019-05-24,32.880883200785185,33.28297174784191,32.57726723481627,32.938323974609375,18354893
2019-05-27,32.8174159190734,33.50830822690385,31.936526991176667,33.29240417480469,24584412
2019-05-28,33.26649806209079,34.009208557876654,32.99014112799855,33.59467315673828,22114260
2019-05-29,33.53421658394701,34.44101287980521,33.29240182246644,34.04374694824219,17882335
2019-05-30,32.8174101909656,33.40466937372706,32.618778893036556,33.2664909362793,30788855
2019-05-31,33.378769484466865,33.46512979196262,32.64469369301469,32.85196304321289,16695122
2019-06-03,32.713784745375975,33.45649525368201,32.69651202489972,33.067867279052734,17063586
2019-06-04,33.11968145766545,33.22331777836893,32.35106353183779,33.016048431396484,13683154
2019-06-05,33.30967605520302,33.51694538954804,32.8260498046875,32.8260498046875,10734479
2019-06-06,32.92104684097659,33.07649801212354,32.55832963792315,32.65332794189453,11959067
2019-06-10,32.65332938986113,33.2146779377314,32.54105836251335,33.041954040527344,10529447
2019-06-11,33.05059222232865,34.717371744469844,32.93832119438639,34.63100814819336,30146928
2019-06-12,34.38056694934644,34.88146270277495,34.061026538357154,34.35465621948242,14496156
2019-06-13,34.371923864468755,34.449649453711004,33.836482746596786,34.18193054199219,10522629
2019-06-14,34.16465904526963,34.36329038167745,33.473763429756985,33.54285430908203,14637918
2019-06-17,33.5514836365216,33.724207512676315,33.145586316157036,33.38739776611328,8856880
2019-06-18,33.48240212275252,33.6551260301688,33.25786005478099,33.59467315673828,8249412
2019-06-19,34.78645805595657,35.209631426162694,34.156018651129095,34.45828628540039,29110913
2019-06-20,34.42374667912332,36.064615693150515,34.34602107936597,35.8746223449707,29314190
2019-06-21,35.891887150354556,36.61732482327872,35.891887150354556,36.25460433959961,19510588
2019-06-24,36.271881365043626,37.3168562041818,36.17688305340662,37.1009521484375,19899943
2019-06-25,36.833228782708545,37.480940871775395,36.19415140527827,37.213218688964844,20107509
2019-06-26,36.85913469123735,37.152764291276476,36.45323407795077,36.66050338745117,14090976
2019-06-27,36.96277322696727,37.55003251487672,36.77277990047968,37.06640625,15572389
2019-06-28,37.1786746445015,37.67957359344814,36.81595744238221,36.95413589477539,15360946
2019-07-01,37.82638665261369,38.4568260458066,37.65366276399398,37.912750244140625,25058443
2019-07-02,37.80911824246017,37.999114871034394,37.29094981199261,37.58457946777344,14629812
2019-07-03,37.47230605458925,37.7832084109085,36.876412067933565,36.962772369384766,16687845
2019-07-04,37.09231680757,37.506852192246434,36.79004915798645,37.014591217041016,10727014
2019-07-05,37.18731255346965,37.740026361594346,36.8591374944828,37.55002975463867,13593640
2019-07-08,37.30821404760898,37.36002890221124,36.0041519662221,36.159603118896484,22825023
2019-07-09,36.194151268101365,36.401420585368186,35.51189374620589,36.038700103759766,14724000
2019-07-10,36.15960515574119,36.40141990376358,35.53780380445183,35.78824996948242,9017711
2019-07-11,36.081883609425624,36.58278258436143,35.86597956045696,36.00415802001953,10922440
2019-07-12,36.12506476123477,36.5396001136042,35.85734257151457,36.358238220214844,10548243
2019-07-15,36.35823942460772,36.453237730379,35.40826295576338,35.88325119018555,11583344
2019-07-16,35.92643070528863,36.263243772829554,35.66734651785531,35.79689025878906,7533062
2019-07-17,35.87462046123325,36.42733434406989,35.805529578661364,36.099159240722656,10354436
2019-07-18,35.82279617493644,35.82279617493644,35.06281306874765,35.24417495727539,13914355
2019-07-19,35.20099467973625,35.69325894206073,34.98509063085691,34.99372863769531,11047187
2019-07-22,34.99373022232595,35.1923615609575,34.29419988628351,34.786460876464844,10441069
2019-07-23,35.10599380602512,35.66734226275632,34.72600063498403,35.5637092590332,11463874
2019-07-24,35.98688385966097,37.12686022344435,35.98688385966097,36.82459259033203,20131013
2019-07-25,36.841867531196385,37.04913687195975,36.6000560456678,36.867774963378906,10714865
2019-07-26,36.94549913115546,37.55003111612371,36.87641154985198,37.48957824707031,17658400
2019-07-29,37.73138851299761,38.50000965597132,37.73138851299761,38.32728576660156,19833894
2019-07-30,38.4050115932093,38.48273717919196,37.904112640335704,37.98183822631836,12607477
2019-07-31,38.258195133271315,39.17362944657434,37.81775234232573,37.98183822631836,18744727
2019-08-01,37.93865943785826,38.327287381708395,37.722755390656445,37.92138671875,10907482
2019-08-02,37.023227363775334,38.197745979740816,36.87641418399691,37.56730651855469,15892150
2019-08-05,37.472305513958986,37.86093345375114,36.0300680750389,36.11642837524414,16965285
2019-08-06,35.45144547603618,36.453240168047124,35.30463229870608,36.142337799072266,20528477
2019-08-07,36.28051609504355,36.61732918949041,35.93507158234841,36.09052276611328,10549139
2019-08-08,36.90232023224306,37.85230003924146,36.34097167279502,37.82638931274414,22952789
2019-08-09,38.050927820766006,38.32728471842613,36.98004237150746,37.083675384521484,14626099
2019-08-12,36.95414128732602,37.72275924682617,36.893688411484526,37.72275924682617,12004840
2019-08-13,37.27367591906262,37.43776181484703,36.185520931541056,36.68641662597656,15640846
2019-08-14,37.18731534828204,37.55867058373142,36.93686585564233,37.031864166259766,10202386
2019-08-15,36.25460998078687,37.049138648300406,36.030071204092465,37.04050064086914,10908306
2019-08-16,36.8764102836012,37.49821167171839,36.74686654325828,36.79004669189453,13022170
2019-08-19,36.96277449040368,37.757303145971015,36.28051686871277,37.56730651855469,18649830
2019-08-20,37.53275854704383,38.12001781542235,37.25640163185797,37.90411376953125,17191067
2019-08-21,36.98867944192397,37.670933662643286,36.9627687185004,37.57593536376953,18816114
2019-08-22,37.80047634064271,38.04228778961525,37.273670003009194,37.42048645019531,12629051
2019-08-23,37.420490280409986,37.55866873602825,36.86777316350266,37.057769775390625,11877358
2019-08-26,36.66050515036501,36.94549675839446,36.17687893456362,36.66913986206055,15097375
2019-08-27,37.06640587234818,38.171836853027344,36.99731828917506,38.171836853027344,30401484
2019-08-28,37.826392277635215,38.163202098590595,37.46367502258624,37.72275924682617,15586339
2019-08-29,37.95593352156648,39.16499425270449,37.783209618708355,39.03545379638672,33013672
2019-08-30,39.32044686172416,39.51044349120145,38.525921491972845,38.612281799316406,18158642
2019-09-02,38.58637437268705,38.97500234466951,38.43092318389406,38.776371002197266,17083418
2019-09-03,38.81954937764786,39.08726829485647,38.16319921182448,38.60364532470703,12771447
2019-09-04,38.361826704742796,39.42407743797057,38.26683169828381,39.363624572753906,20025038
2019-09-05,39.6140728175957,41.013133385770175,39.55361994921665,40.56405258178711,31540524
2019-09-06,40.56405599239359,40.96131867355302,40.11497515065202,40.33087921142578,13640644
2019-09-09,40.935407761233705,41.27221754030459,40.417236082757206,40.7626838684082,17400074
2019-09-10,40.84904416760383,41.09949364747909,40.04588086623437,40.7626838684082,13677276
2019-09-11,40.75404752941047,41.168582912493164,39.9854296340425,40.15815353393555,13750067
2019-09-12,40.287694753598075,40.77131768962027,39.79543381118454,40.49496078491211,12628556
2019-09-16,40.779959038480385,41.69539012494529,40.74541359895186,40.82313919067383,13952686
2019-09-17,40.823136615466964,41.01313322645405,39.821341993375995,40.14951705932617,12537287
2019-09-18,40.2963372700984,40.58133223639537,39.73498534556881,39.89907455444336,9736637
2019-09-19,40.218601699669804,40.218601699669804,39.38089302457208,39.691795349121094,11119339
2019-09-20,39.605437819631995,39.90770215934594,39.00954055786133,39.00954055786133,22186302
2019-09-23,39.078629926252866,39.43271240817194,38.24955923118881,38.81954574584961,15565878
2019-09-24,38.90591145649288,39.16499567295811,38.508648771617224,38.612281799316406,11814667
2019-09-25,38.51728149762991,38.86272929805302,37.955932939985324,38.58637237548828,14142876
2019-09-26,39.20818291633997,39.259997787987864,37.930027841777424,38.197750091552734,15817662
2019-09-27,38.258198461927684,38.39637692742639,37.98184153093029,38.14592742919922,9226629
2019-09-30,38.17183462875185,38.301375075066,37.78320670094105,38.12865447998047,8171065
2019-10-08,38.24956262742079,38.90590949568259,37.800481804111385,38.38774108886719,10314841
2019-10-09,38.0595663635589,38.10274651545839,37.144131988891296,37.6450309753418,12307299
2019-10-10,37.63639242429623,38.47409782790113,37.429123104109344,38.20637893676758,12542161
2019-10-11,38.38774166717325,38.8540952169933,38.06820458797111,38.672733306884766,10354073
2019-10-14,39.00090362007725,39.39816624229734,38.845452455828685,38.96635818481445,11165156
2019-10-15,38.87136134197402,38.87136134197402,37.8263865943635,37.94729232788086,12027903
2019-10-16,38.00774833867992,38.34456143132658,37.705483979882885,38.059566497802734,8257784
2019-10-17,38.04228867478964,38.11137954435164,37.42912203237978,37.52412033081055,7673399
2019-10-18,37.722753675878614,37.85229741608471,37.308218319426935,37.35139846801758,6299626
2019-10-21,37.420495094030144,37.947298258917066,37.256405891952134,37.74003219604492,8513396
2019-10-22,37.610479714195655,38.12001333437987,37.5327541350342,37.8177490234375,5394873
2019-10-23,37.69684620697453,38.068201414454954,37.63639334012275,37.912750244140625,5028016
2019-10-24,37.930024271384994,37.94729699178668,37.23049721450667,37.239131927490234,7180309
2019-10-25,36.69505596192606,38.69000739369943,36.401426304749585,38.612281799316406,22949945
2019-10-28,38.58637726288768,38.81955406354259,38.085478218273096,38.70728302001953,10486616
2019-10-29,38.586370347149135,39.28590062373881,38.20638042220585,38.75909423828125,11802440
2019-10-30,38.74182329736488,39.19090411714045,38.525919247151684,38.931819915771484,10959978
2019-10-31,39.03545149905697,39.62271075755232,38.71591443895734,39.38953399658203,11792077
2019-11-01,39.29454079904947,39.8558926996669,39.07863672872502,39.52771759033203,11918361
2019-11-04,39.786796556026665,40.641778011034326,39.62271067026869,40.14951705932617,19138998
2019-11-05,40.45178136346731,40.58132510619304,39.92497497488621,40.348148345947266,15339802
2019-11-06,40.33087715889757,40.82313812885473,40.07179295804133,40.33951187133789,12846831
2019-11-07,40.33950991220998,40.51223380253708,39.89042911513318,40.11497116088867,9420660
2019-11-08,40.57269230969551,40.89222940983491,40.08043129521993,40.12361145019531,11066585
2019-11-11,40.07178991454692,40.47768725710077,39.48453068017741,39.631343841552734,9875272
2019-11-12,39.62270777390686,40.054515825906265,39.48452932904441,39.691795349121094,6628529
2019-11-13,39.87315573488068,40.572685996599944,39.64861698728606,40.22724151611328,9633279
2019-11-14,40.37405862555811,40.78859401932262,40.2704256007256,40.477691650390625,7991607
2019-11-15,40.61586785022508,40.67632071920938,39.354989019360744,39.42407989501953,10380055
2019-11-18,39.4240821155647,39.86452494217725,39.22544748407482,39.467262268066406,7899658
2019-11-19,39.501801850999655,39.90769917765558,39.501801850999655,39.8386116027832,7713901
2019-11-20,39.942245276077934,40.10633115175638,39.63998095392447,39.726341247558594,5772016
2019-11-21,39.562258463131954,40.1495177301456,39.43271471812466,40.03724670410156,8541407
2019-11-22,39.9681579445153,41.41903346990829,39.88179763956062,40.477691650390625,17154829
2019-11-25,40.41723525056583,42.446735184218085,40.41723525056583,42.230831146240234,35042041
2019-11-26,42.27401036963067,42.97353732892936,41.73856928960723,42.52445983886719,21049260
2019-11-27,42.40355825603376,42.67991520355065,41.911297237367144,42.144474029541016,11529801
2019-11-28,42.05810764708769,43.05990226081983,42.04946964060532,42.66263961791992,14881718
2019-11-29,42.783542451437256,42.904448178516525,41.11676311228116,41.807655334472656,19145898
2019-12-02,42.02356309723495,42.79218096868323,42.006290378339735,42.56764221191406,13847237
2019-12-03,42.56763771883324,42.636725292687494,41.626296052227225,42.31718826293945,8748490
2019-12-04,42.14447357277739,42.38628837005987,41.77311831086984,42.109928131103516,7688760
2019-12-05,42.3690136767198,43.31035550468325,42.06674601779753,43.059906005859375,14651204
2019-12-06,43.08581400882558,43.742164201019214,43.08581400882558,43.34489822387695,10585575
2019-12-09,43.57807003043094,43.87169965248124,43.16353467478948,43.78533935546875,9989791
2019-12-10,43.79397987310184,44.8994109291253,43.63852868232408,44.787139892578125,14924351
2019-12-11,44.908047841369395,44.95122799771453,43.94943321610752,44.21715545654297,8165520
2019-12-12,44.04442999354098,45.270763521836436,44.04442999354098,45.03759002685547,11536583
2019-12-13,45.25349231644685,46.02211024332242,44.795773468802054,44.864864349365234,16538837
2019-12-16,45.2534896103645,46.41937014745714,44.700772482214134,46.16028594970703,18705905
2019-12-17,46.143013673325164,46.33301029090088,45.55575439575874,46.03074264526367,11535783
2019-12-18,45.93574330366929,45.987561460325146,45.13257999489197,45.34848403930664,11907777
2019-12-19,45.38302208174206,45.616198807044995,44.908033920317756,45.167118072509766,7819673
2019-12-20,45.218944875569775,45.9616553365921,45.16712671743995,45.84938430786133,8993648
2019-12-23,46.03074022297904,46.523001165853266,45.391666115656164,45.77165603637695,11459973
2019-12-24,45.77165560153288,46.20346367324546,45.40030039630533,45.90119934082031,5381425
2019-12-25,45.754383642040054,46.63527251827286,45.52120688411659,46.60072708129883,8630051
2019-12-26,45.51257189025366,45.909834529692475,44.05305848426342,45.210304260253906,23573963
2019-12-27,45.03759146979659,47.369352849789756,44.994408019146185,46.98072814941406,20954580
2019-12-30,47.14481032897715,48.83749735634753,47.08435745617353,48.40568923950195,18987502
2019-12-31,48.36250613597844,49.39020820537164,48.086149221613304,48.50931930541992,14206842
2020-01-02,48.7943197321071,49.74429632062204,48.09478936057068,48.267513275146484,21337965
2020-01-03,48.27614662303963,49.88246997857337,48.27614662303963,49.1743049621582,17784857
2020-01-06,48.96703991965385,49.528388481255966,46.33301112976931,47.67161560058594,27494534
2020-01-07,47.67161178983665,48.35386933400539,47.14480541508445,47.30889129638672,20063006
2020-01-08,46.85118103027344,46.85118103027344,46.85118103027344,46.85118103027344,16752874
2020-01-09,47.21389430086578,47.98251545734643,46.635273049908314,47.809791564941406,12766954
2020-01-10,47.80978689003001,47.90478518628541,46.229367876545936,46.946170806884766,18782492
2020-01-13,46.98072814941406,46.98072814941406,46.98072814941406,46.98072814941406,14425518
2020-01-14,47.55934143066406,47.55934143066406,47.55934143066406,47.55934143066406,18304321
2020-01-15,47.49888867601866,47.49888867601866,46.263917306887436,46.60072708129883,12622778
2020-01-16,46.92890170483414,47.611159253737476,46.54891178497573,46.73027038574219,9710876
2020-01-17,46.85981464411382,46.98072368222962,46.34164622992668,46.566184997558594,7658252
2020-01-20,46.7302736483868,47.412531244924445,46.53164231542667,47.09299087524414,11263316
2020-01-21,47.248437616372684,47.30889048183445,45.67665652549847,46.445274353027344,15582329
2020-01-22,46.11710746229477,46.782089052542304,45.788932376277884,46.566184997558594,11202786
2020-01-23,46.46254864796774,46.46254864796774,43.975333190140645,44.83031463623047,24097403
2020-02-03,40.348153553679616,42.14447369842629,40.348153553679616,41.87675476074219,33451373
2020-02-04,42.14447412972008,43.43989855969775,42.14447412972008,42.72309875488281,30937981
2020-02-05,42.57627461232769,43.612614628728856,42.26537227796393,42.757633209228516,30460908
2020-02-06,42.77491174201543,43.15490499986487,42.31719618444357,42.947635650634766,22417811
2020-02-07,42.731735612927864,42.731735612927864,41.69539535804429,42.18765640258789,22110648
2020-02-10,42.15310559274527,43.457164533568964,41.609026494187084,43.43989181518555,28483129
2020-02-11,43.526256810937774,43.91488145657931,42.92172482575697,43.180809020996094,17544737
2020-02-12,43.1980814331476,44.41578010711433,43.00808482058559,43.56079864501953,21629859
2020-02-13,43.776705031124436,44.346691604876746,43.31035477582486,43.37080764770508,15858471
2020-02-14,43.15489731369281,43.681703658658535,42.783542129354146,43.14625930786133,12121483
2020-02-17,43.016726225160234,44.4762364889969,43.016726225160234,44.46760177612305,17441253
2020-02-18,44.5626000744479,44.5626000744479,43.52626314273474,43.854434967041016,14892892
2020-02-19,43.785347304222114,44.86486768502426,43.31899370905124,44.21715545654297,19458630
2020-02-20,44.061703673215426,44.72668861429377,44.001250796247824,44.579872131347656,18739001
2020-02-21,44.56259587594168,45.32257907610561,44.21715136272859,44.39850997924805,21312034
2020-02-24,44.04442729522253,44.07033472764776,42.99081445080407,43.172176361083984,27079535
2020-02-25,42.31719594645595,42.654005754430464,41.45357970265073,42.11856460571289,28189659
2020-02-26,41.332673104379175,42.230834770103215,41.07358889546037,41.8508415222168,20795659
2020-02-27,41.99765843210081,43.3017174974496,41.88538739910486,43.059906005859375,22560738
2020-02-28,42.351744326236634,42.351744326236634,40.58996627593592,40.62451171875,26527468
2020-03-02,40.65904901582657,43.74215833895745,40.65904901582657,43.31898498535156,29235655
2020-03-03,43.966697617350135,44.21714708896595,42.36037106758546,42.59354782104492,24127514
2020-03-04,42.792180454218844,43.603981760362494,42.59354913096338,43.09444808959961,14987455
2020-03-05,43.310359609190044,45.75439207284781,43.30172160113778,45.080772399902344,39493561
2020-03-06,44.67486639780112,45.806204825224235,44.47623506372245,44.56259536743164,17861814
2020-03-09,43.18080807898153,43.18080807898153,41.79902353822781,41.90265655517578,41334656
2020-03-10,41.20312747498709,42.96490528644212,41.194492762671565,42.800819396972656,19922596
2020-03-11,42.826723960260026,42.84399667816864,41.88538224806229,41.94583511352539,13835996
2020-03-12,41.36721941764581,41.36721941764581,39.441352293852106,40.13224792480469,34596130
2020-03-13,37.99911148775402,39.23408287466077,37.35139936012185,38.828182220458984,34516121
2020-03-16,39.03545143239021,39.19953731822941,36.168246019661076,36.64323425292969,31693750
2020-03-17,36.58278082751618,37.48957713074991,34.70009734736828,35.79689025878906,29138082
2020-03-18,36.530964426612584,37.437760773394146,35.70189366923712,36.00415802001953,29332901
2020-03-19,35.90915794092818,36.5136865572262,34.07828949191915,34.87281799316406,44118269
2020-03-20,35.24417652309914,36.03870180553292,34.67418999174277,35.03690719604492,33007438
2020-03-23,33.57739846954667,33.98329583959726,32.471967503500714,33.2060432434082,36565724
2020-03-24,34.01783801096625,34.156016456647436,32.972863309600164,33.85375213623047,22955468
2020-03-25,34.985087664140295,35.883249221978964,34.846909216352344,35.65871047973633,26250238
2020-03-26,35.32190091831581,36.19415175718897,34.99372586755628,35.51189422607422,14603080
2020-03-27,36.18552226792919,36.25460985496671,35.26145314206471,35.65007781982422,13957741
2020-03-30,34.933275156872696,34.95054787581321,34.38056132851343,34.544647216796875,15844511
2020-03-31,35.32190782486136,36.27188443270597,34.803736070590446,35.62417221069336,18437812
2020-04-01,35.84007353822163,36.40142540538925,35.460083583089904,35.74507522583008,15526972
2020-04-02,35.33054471455313,36.444610595703125,35.23554638903004,36.444610595703125,17925949
2020-04-03,36.444604817369246,38.111384370636586,36.35824121947997,37.06640625,23453686
2020-04-07,37.82638752787024,38.0422915700321,37.38594473141112,37.653663635253906,15744812
2020-04-08,37.46367058565455,37.80048036672056,37.06640464147239,37.47230529785156,11722957
2020-04-09,37.45503284884866,37.78320792008183,37.135495784309,37.29094696044922,7145378
2020-04-10,37.30822132230984,37.60185096856787,36.634598431227076,37.049137115478516,11491107
2020-04-13,36.79005062266609,37.265042191717036,36.39278794167304,36.55687713623047,9639575
2020-04-14,37.100949349993,38.007745656834516,36.83323044950156,37.98183822631836,15497813
2020-04-15,38.34455487692162,38.34455487692162,37.144125770695915,37.22185134887695,12725632
2020-04-16,37.0750501352969,37.118230293870596,36.34097755623927,36.444610595703125,16474414
2020-04-17,36.833231507869634,38.310014389539845,36.833231507869634,38.102745056152344,24705534
2020-04-20,37.91275394539818,38.47410252017156,37.679577167162655,38.14592742919922,10574384
2020-04-21,37.82638811071565,37.82638811071565,36.712322445330244,37.092315673828125,17915440
2020-04-22,36.617330068128794,37.00595474243164,36.332335126243215,37.00595474243164,14134878
2020-04-23,37.092315212903756,37.49821257316316,36.755505433236365,37.057769775390625,11526581
2020-04-24,36.859144746976064,37.32549834975494,36.8073265818557,36.91959762573242,8548382
2020-04-27,36.76414433207144,36.76414433207144,35.66735127438445,36.3150634765625,17994905
2020-04-28,36.48778172661276,36.80731877432143,35.891887779085664,36.70368576049805,12824280
2020-04-29,36.70368742938106,37.653663903897225,36.410057798168644,37.47230529785156,13676570
2020-04-30,37.48094722706204,39.25135991181661,37.48094722706204,38.86273193359375,20762296
2020-05-06,38.21501890531342,39.726347336597,38.21501890531342,39.57089614868164,21734492
2020-05-07,39.726340608406794,40.02860492569717,39.311805275651146,39.63998031616211,12935875
2020-05-08,39.657255635967616,41.02177085848361,39.657255635967616,40.44314956665039,17559929
2020-05-11,40.58996565711689,41.45358194769385,40.140884790684716,40.374061584472656,14301994
2020-05-12,40.3740557537737,40.78859111805254,39.72634362938161,40.184059143066406,11488834
2020-05-13,40.24451085123316,40.84904280879606,39.76952263258879,40.46041488647461,8865316
2020-05-14,40.32223696935167,40.32223696935167,39.73497772216797,39.73497772216797,9432079
2020-05-15,40.51706453571337,40.51706453571337,39.03288866557631,39.077327728271484,14023367
2020-05-18,39.343941892857565,40.06381193203457,38.81070369672578,39.65499496459961,10547168
2020-05-19,40.41041770094216,42.61446025008299,40.41041770094216,42.43671417236328,28156380
2020-05-20,42.12565231323242,42.73887259402674,41.9212421627439,42.12565231323242,15336300
2020-05-21,42.51669956460398,42.51669956460398,40.65037423171196,40.97920227050781,16186905
2020-05-22,40.988079932900156,41.165825974701036,39.36171161744795,39.72608947753906,14779917
2020-05-25,39.54834991277911,40.17045946585645,39.14842210078479,40.05492401123047,11817143
2020-05-26,40.19711792819686,41.59241891247279,40.13490731541188,41.4146728515625,13649041
2020-05-27,41.503552126963534,41.503552126963534,40.15268666227029,40.44596481323242,9864141
2020-05-28,40.801453224275676,41.01474917919306,39.717205284708676,40.037147521972656,11533301
2020-05-29,40.79256552782551,42.31228769311877,40.77479058323317,41.30802536010742,23571299
2020-06-01,42.05455665868303,42.81886233551691,41.84126410109744,42.587791442871094,22971102
2020-06-02,42.65889652057149,43.10326002599411,42.01901198789108,42.80997848510742,16264121
2020-06-03,43.61871999652656,44.729628675449206,43.38764909278507,43.538734436035156,18535358
2020-06-04,44.21416894656152,44.223054725002754,43.174359967487845,43.62760925292969,11088818
2020-06-05,43.45875066999525,43.72536808590071,42.747766373948174,43.37876510620117,11497382
2020-06-08,43.991986071260285,44.86293811594518,43.645383087074144,44.249717712402344,16112403
2020-06-09,44.418573862785706,44.56965921165344,43.796464301412925,43.99198532104492,8471627
2020-06-10,44.00086474721406,44.58742433121089,43.44096927400609,43.68981170654297,10138638
2020-06-11,43.54762268066406,44.214167925776266,43.165469802248445,43.54762268066406,10608488
2020-06-12,42.658892759342784,43.183241785118675,42.054558174034156,43.10325622558594,14951315
2020-06-15,42.6855564963092,42.96106308531313,41.867929287999885,41.9123649597168,14605024
2020-06-16,42.51669510403513,43.13880461313969,42.48114521432079,42.881072998046875,11260390
2020-06-17,42.87219135290024,43.005498366841465,42.11677137966896,42.498924255371094,9686602
2020-06-18,42.30340403839466,43.325441449183124,42.26785753480183,43.19213104248047,11959873
2020-06-19,43.103254597844455,43.849785328550105,42.987719151721514,43.494293212890625,15748614
2020-06-22,43.49429276390274,43.62760315345491,42.36560920709288,43.14768981933594,16974350
2020-06-23,43.11214439703556,43.24545480040031,42.52558472463454,42.67667007446289,13215295
2020-06-24,42.78331308874637,45.058455208600265,42.78331308874637,44.45412063598633,25575763
2020-06-29,44.45411891003214,44.48077963153983,43.103253646650444,43.70758819580078,17156271
2020-06-30,43.991985816560764,44.498559927472904,43.814239741277255,44.42746353149414,12286615
2020-07-01,44.436346406764,46.569292390378344,44.258600343092105,46.258235931396484,24242987
2020-07-02,46.0360568174453,48.675577028989025,45.956071253755354,48.22232437133789,33771014
2020-07-03,48.168999443819416,49.16437263879407,47.39580797746918,47.63576126098633,21079766
2020-07-06,48.43561576066981,49.85757743608609,48.4178408159491,49.4576530456543,24921096
2020-07-07,49.59096355565958,50.83518265237987,48.799997105837456,49.0488395690918,25436350
2020-07-08,48.39118213287775,49.99977571030135,48.35563224193849,48.915531158447266,18183715
2020-07-09,49.05772423317619,49.68871950148155,48.355629187483416,48.87997817993164,24888373
2020-07-10,48.53338233852216,48.995520788454115,47.609105438658254,47.80462646484375,23148095
2020-07-13,47.902383468642746,49.0577278137207,47.81350874042184,49.0577278137207,26334728
2020-07-14,48.87997890533457,49.99088751681944,48.08012334897584,48.84442901611328,20947283
2020-07-15,49.324344480661296,52.60374562294888,49.01329141209815,51.77722930908203,38367859
2020-07-16,51.19066869389233,53.19030424271975,49.999774498092805,50.6485481262207,38977471
2020-07-17,50.92405403241815,55.27881748416701,50.92405403241815,55.18105697631836,49871291
2020-07-20,55.63430394025213,59.59802519723227,55.63430394025213,58.033870697021484,45684767
2020-07-21,57.767250354145936,58.0605318678669,56.13199267005037,57.38509750366211,29223382
2020-07-22,57.54506749529488,61.01999297240584,57.40286793489985,59.75799560546875,31059711
2020-07-23,58.655981220233976,60.966670033426155,57.61617227136482,58.95814514160156,30175907
2020-07-24,57.82946052553603,58.21161337309643,54.26566706111074,55.198829650878906,41631380
2020-07-27,55.98980046466787,57.56284425623009,55.900929121607376,56.567474365234375,23526504
2020-07-28,57.2162410114259,61.00221987651216,56.060899996002995,58.81595230102539,24785859
2020-07-29,57.50062650657662,59.206987271772924,56.86963462474625,58.34492111206055,27916314
2020-07-30,60.522302167093535,61.65987154491893,59.26031156234651,59.60691452026367,32891714
2020-07-31,59.62468258453265,62.03313837431223,59.36695775846124,60.06904602050781,24765576
2020-08-03,59.980173768287656,60.14903404110837,57.76724578964066,60.07793426513672,28144416
2020-08-04,60.086821968294274,61.14440907365018,59.082563083841734,59.446937561035156,18212992
2020-08-05,58.87815684297659,60.87779235839844,58.87815684297659,60.87779235839844,19385935
2020-08-06,61.499899999353595,62.788558098427806,60.44231957788033,61.94426345825195,26083279
2020-08-07,61.419921320144105,61.83762408010666,58.860390092464336,60.0512809753418,20513828
2020-08-10,59.98906824111213,59.98906824111213,57.936111186604236,59.455833435058594,16302484
2020-08-11,59.989071921287525,61.01110931751774,59.10034492986104,59.2780876159668,14789959
2020-08-12,59.05589789731992,59.52692883477782,56.36305656162301,57.269561767578125,22575872
2020-08-13,57.26067599208874,59.81132470526649,57.26067599208874,58.61153793334961,19201857
2020-08-14,59.189214153830925,60.575632821525105,59.162553429914446,59.97129821777344,11424422
2020-08-17,60.797813788220964,60.8777959589532,59.10034206234143,59.713565826416016,22443064
2020-08-18,60.255690105829316,61.482130859605846,58.487118588016045,61.313270568847656,20663535
2020-08-19,60.82447732922119,60.984448458544136,59.820211491630346,60.13127136230469,13985446
2020-08-20,58.122740199930334,61.47323760554356,57.81168714324711,61.144412994384766,22465187
2020-08-21,61.29550502514562,61.73986854508381,60.140157161126645,61.499908447265625,12855702
2020-08-24,61.650993769382815,64.08610382472588,61.633215432522206,63.27735900878906,24398484
2020-08-25,63.588418694730635,63.96168240233098,61.4910224609066,61.819847106933594,17610916
2020-08-26,61.8820591415258,62.1842298501547,60.94001068255431,61.6065559387207,11264515
2020-08-27,62.21977913733118,62.92187428063304,60.96667081334396,62.51305389404297,12765685
2020-08-28,62.29087047378471,67.18775800854212,62.14867768350242,66.26348114013672,26137569
2020-08-31,66.62786542905467,66.92114697144287,64.94817191239353,65.13480377197266,17860845
2020-09-01,64.61934232282441,66.05908256988013,64.25496776193052,65.99687194824219,11714066
2020-09-02,66.29903235773756,66.6100854493668,64.52157837077168,65.3214340209961,12111477
2020-09-03,65.83689751466164,68.6897103591936,65.57027670358622,67.36550903320312,21062383
2020-09-04,65.7035803641095,69.36513765401868,65.05480674000067,68.87633514404297,19595480
2020-09-07,68.62749466431936,69.47178253619174,63.632846873493975,64.77041625976562,26397078
2020-09-08,64.8237435158739,65.6324814847622,61.855392086338085,65.48139953613281,22394023
2020-09-09,63.27735383494703,63.446214119071854,60.45120196513553,61.94426345825195,21763560
2020-09-10,62.779669969743,65.09924780601787,61.793182532226176,63.81059646606445,18092631
2020-09-11,63.36622660608873,64.69931687033647,62.433060708936225,64.12164306640625,15200980
2020-09-14,64.7704073073616,66.52120020348724,64.30827235073203,65.83688354492188,17502535
2020-09-15,66.03241152953308,67.58768360800373,64.87706384477562,67.010009765625,13550053
2020-09-16,66.6545160178776,67.94316728204403,66.583416240151,66.90335845947266,11564663
2020-09-17,67.54325519821599,68.4053215139072,66.03242193885664,67.45438385009766,15545159
2020-09-18,66.61896916006401,68.36976227866339,66.03241291825233,66.6456298828125,20695724
2020-09-21,67.18775129733349,67.86318562994099,66.4767738560423,67.54324340820312,12971044
2020-09-22,66.21015877001577,66.85893243666298,63.98834136162598,63.997230529785156,20462760
2020-09-23,64.37938181947597,64.9303881837829,62.548599709068505,63.18848419189453,16136709
2020-09-24,63.13516233668233,63.13516233668233,61.59766175425857,61.84650421142578,13086663
2020-09-25,63.7306082088818,63.7306082088818,61.05553821444447,61.348819732666016,13735140
2020-09-28,61.67765025703698,63.02851220634056,61.33104729700355,62.495277404785156,12141398
2020-09-29,62.96630656234142,63.623962643486,62.495282337449396,62.51305389404297,11082236
2020-09-30,62.495281812696575,63.081844882092796,61.05554164454583,61.588783264160156,13511721
2020-10-09,63.09960713900018,64.414925876844,62.61080465320906,64.16607666015625,14166659
2020-10-12,64.761528553158,68.92077051787228,64.761528553158,68.60971069335938,20890856
2020-10-13,68.43197642314495,72.08464479803702,67.88096326293213,70.29830169677734,18567301
2020-10-14,70.91151835302699,72.1468481700313,70.6182368562121,71.23146057128906,15726436
2020-10-15,71.22256982619233,72.04908607498479,70.42271429825642,70.71599578857422,13558479
2020-10-16,70.92040997233426,71.79135854514482,69.6050911650645,70.74266052246094,12684042
2020-10-19,71.52474168193596,72.69786088241376,69.87170915665617,70.47604370117188,14078403
2020-10-20,70.1649902986651,71.16925609606548,70.01390834380882,71.00928497314453,8763998
2020-10-21,71.27589813153789,71.80913972180977,69.88059710194989,70.31607818603516,9834156
2020-10-22,70.73377274477608,70.92041136592258,69.05407939804434,69.6850814819336,8223224
2020-10-23,69.01853244495108,71.88022729010208,68.28088751056168,69.94280242919922,19635018
2020-10-26,69.29404730583828,69.57843968295569,66.56565560708873,67.98761749267578,16645358
2020-10-27,68.48529751139317,69.89837690658808,68.25423338323188,68.9563217163086,11367121
2020-10-28,71.09815999034413,73.71990192780851,70.56492514650634,73.1422348022461,26092389
2020-10-29,72.47567788201461,73.14222302459433,69.22293433161059,69.72061920166016,28363479
2020-10-30,69.56066639417129,72.16463704070902,69.36515212982734,69.75618743896484,16977260
2020-11-02,69.94280006922313,71.70248220773038,69.11628383121102,70.72488403320312,15737738
2020-11-03,71.88912074958799,71.96910969903695,70.0316847224585,71.14259338378906,12357007
2020-11-04,70.36939887795627,73.90653505729722,70.36939887795627,73.87986755371094,17866884
2020-11-05,74.16426518648895,75.27517393272424,72.69787106581747,74.25314331054688,16108504
2020-11-06,75.1418687655682,77.5147681715254,73.81766068530625,76.30609893798828,21033774
2020-11-09,77.4081152283893,78.99004809897534,75.69287196052333,77.67473602294922,20144486
2020-11-10,78.45681126372297,81.65622681355697,77.76360535231123,80.19871520996094,22333400
2020-11-11,79.21222398188202,80.68751385000449,78.28794721759708,78.65232849121094,15169461
2020-11-12,79.15891707237334,80.51866835682553,78.68789282669505,80.41202545166016,12813883
2020-11-13,79.1144800773938,79.9854355815686,76.62604837201462,78.11911010742188,21205458
2020-11-16,79.07892395050081,82.39387154935106,77.42589134469327,81.71843719482422,22862973
2020-11-17,81.096329293921,81.90507402423438,79.0966937770846,80.33202362060547,16959002
2020-11-18,80.04763128498443,82.60716230557371,79.0966937770846,80.33202362060547,18596765
2020-11-19,79.54106232479737,79.98542580147222,77.15927381860226,79.53217315673828,14004045
2020-11-20,79.45218432716283,81.22963808490495,79.31887393924256,80.5186538696289,9655341
2020-11-23,81.0518900022058,82.94488262548249,78.91006171398543,79.46107482910156,22803831
2020-11-24,79.92321614714415,79.92321614714415,76.12835499409981,77.54142761230469,29173755
2020-11-25,78.94560763261433,78.94560763261433,74.7063767653698,74.81302642822266,20450936
2020-11-26,74.38643923086865,74.83080268333607,71.16925217449128,72.9644775390625,34868160
2020-11-27,73.76435502735549,75.97728377965011,73.05337057997198,74.54643249511719,25316193
2020-11-30,73.76434612797878,74.83081588993848,72.16463470458984,72.16463470458984,21721681
2020-12-01,72.67120433468136,74.85747873736337,72.18240854939877,74.65306854248047,18912335
2020-12-02,74.20870367149901,74.86635974563093,72.87561318638227,73.72879028320312,12104299
2020-12-03,74.01318374181797,74.49309713720109,72.78674291836037,73.89765167236328,12171738
2020-12-04,73.90654507872829,75.94172406596388,73.70213487287333,74.97301483154297,14083698
2020-12-07,74.74193634702434,75.09742848886016,73.05335375864071,73.97763061523438,13085909
2020-12-08,73.98651829229894,75.43514077405757,73.50660492755995,73.75544738769531,11795735
2020-12-09,73.9420864876363,74.644181657875,73.11557007512232,73.40885162353516,8537528
2020-12-10,72.76896990880152,74.20871020035707,72.24462419313927,72.98226928710938,11530855
2020-12-11,73.00891872150365,74.71527280133657,71.98688139499124,72.71563720703125,14171881
2020-12-14,72.57344266181519,73.00891694880927,70.9115209006057,71.3292236328125,18322832
2020-12-15,71.7469311108505,74.96411839555981,71.36477824338823,74.73304748535156,21177358
2020-12-16,75.03522289006268,77.05263025067524,75.03522289006268,76.7415771484375,17992802
2020-12-17,76.83043367766405,78.11909168191043,75.93282443866406,76.38607025146484,16885278
2020-12-18,76.39496344950831,78.38570980539748,76.39496344950831,77.40811157226562,15824973
2020-12-21,77.23038273562562,79.04338674852296,76.2705558851889,78.93673706054688,15795557
2020-12-22,78.07466539031965,78.53680722616593,76.26166150139343,76.41275024414062,17854690
2020-12-23,76.50162171732161,78.47459674038849,75.98615843048543,77.28369903564453,14307676
2020-12-24,77.6303021861796,78.93673196260421,76.48384354116308,78.7412109375,15865419
2020-12-25,77.94135726400454,81.53181525330021,77.05263024033083,81.060791015625,19656933
2020-12-28,80.77639782501237,81.5140428745336,77.82582440737646,78.20797729492188,20818535
2020-12-29,78.74120020141694,80.54531468270484,78.2701760399514,79.40774536132812,16319700
2020-12-30,79.16779654329729,81.12299307691023,79.16779654329729,81.06967163085938,12382552
2020-12-31,79.8787720188362,81.3007404954386,78.83007399658844,80.90969848632812,21363134
2021-01-04,80.07429426445806,84.59791782035319,79.98542292840504,83.64698028564453,20779108
2021-01-05,83.36259342065263,87.80622831982497,82.87379086956416,86.75753021240234,24627077
2021-01-06,86.82862893627343,89.0771140389192,85.22892433548242,87.46851348876953,20736405
2021-01-07,92.24985797901813,96.21357927027859,91.17449242770645,95.08489227294922,55305421
2021-01-08,95.00491344726616,97.38670197296824,94.82716398687131,96.8712387084961,28583705
2021-01-11,96.84458560405993,98.7997823590934,94.48945761700884,96.57796478271484,24837309
2021-01-12,95.56480897858363,101.13713081802177,95.25375589849546,100.4350357055664,25284811
2021-01-13,101.18156045992225,105.02974972590648,99.53741698193534,101.03936767578125,25014992
2021-01-14,99.14637856034737,100.9327216677963,96.52463671216678,97.44891357421875,23226723
2021-01-15,98.29320630073394,98.61314856791178,93.31633638306052,95.71589660644531,21945295
2021-01-18,96.24024238960041,99.35078671978614,94.33836725586559,97.58222198486328,19395570
2021-01-19,97.67998311752754,99.72405105075687,94.20505746036481,95.52925872802734,19254043
2021-01-20,96.42687896483929,98.8442174762951,96.07138681072246,97.71553039550781,13910116
2021-01-21,98.82642377742246,103.71442149048728,98.19542852266238,100.81717681884766,24393412
2021-01-22,100.79052763419568,105.11862358329475,100.02622190732774,103.52780151367188,16485259
2021-01-25,103.89217331324895,106.02511917487475,101.67924528728057,103.54557037353516,19506458
2021-01-26,102.46132637987223,105.04751816497415,101.03936467840312,103.98104858398438,13886840
2021-01-27,104.8964414926687,105.6696363850617,99.8307005575383,102.4791030883789,18456584
2021-01-28,100.89717050813303,102.98567750440446,98.2043289088966,98.97752380371094,16130100
2021-01-29,101.99031125204029,102.54131764625099,98.20433237681564,99.35968017578125,16400013
2021-02-01,101.40373973173837,107.5981674194336,101.2793185059683,107.5981674194336,27528156
2021-02-02,107.70482380271879,107.70482380271879,102.69240422790095,107.60706329345703,23055752
2021-02-03,108.4246821034065,112.30842110823576,106.43393574036125,109.48226928710938,22275342
2021-02-04,109.8466537060722,115.88999312018726,109.49116155690102,115.53450775146484,23835728
2021-02-05,116.9386910693353,117.21419424787446,109.0112484815427,109.9799575805664,28830973
2021-02-08,109.99773007757085,117.21419525146484,107.34043843281214,117.21419525146484,22902222
2021-02-09,118.4584024001176,122.10218811035156,115.97886031871867,122.10218811035156,24064419
2021-02-10,120.42249400031403,125.39047407752003,120.26252966880578,124.79502868652344,19201336
2021-02-18,130.19850389041903,133.46901270075637,126.08369359180114,127.95890808105469,30570648
2021-02-19,126.2970004854985,130.02076896135324,117.10756612551089,122.18218994140625,31842389
2021-02-22,124.42177478141095,126.06592508680993,119.57821554674261,120.28919982910156,37258483
2021-02-23,121.74672124144844,122.1999671467603,114.55690923176722,116.23660278320312,28745470
2021-02-24,118.49396288784791,120.83131904699452,112.09512494066276,114.48580932617188,43807430
2021-02-25,120.09368222125848,122.19996084321427,117.10755899930838,118.51174926757812,29634087
2021-02-26,117.2230825636729,121.93333824277103,116.21883030345711,116.24549102783203,34315770
2021-03-01,116.51211177978418,118.63616870637549,111.57967435919424,115.65892791748047,38601831
2021-03-02,117.31195648664944,117.39193865691144,107.71370278919873,108.7979507446289,42559249
2021-03-03,109.37562317459981,112.51282815752475,109.13566988652258,111.84628295898438,23746626
2021-03-04,109.62446120438511,110.82424115722651,100.66609247039264,101.59925842285156,44286733
2021-03-05,100.63943903968352,102.1858288318192,97.47557323221032,97.57333374023438,40804988
2021-03-08,99.98178215981804,104.27433496785387,95.7336684115882,95.88475036621094,37986448
2021-03-09,94.29392720205811,97.39558233150555,92.42760197971133,92.44537353515625,35023050
2021-03-10,95.18265665127603,98.48872204788826,94.89826429352706,96.80902862548828,33367020
2021-03-11,97.59110813552584,100.9416126688568,96.25801765690001,98.426513671875,34393378
2021-03-12,101.15489837713382,103.47447619484818,100.42614256952862,103.38560485839844,35970964
2021-03-15,104.69204533711162,105.26083008567703,98.73757025367203,100.67499542236328,29493675
2021-03-16,100.7371950729189,104.42541314872965,100.67498445970779,104.14990997314453,20952531
2021-03-17,104.13212133706666,106.06954610314106,100.42613207283667,104.86976623535156,24210132
2021-03-18,105.9362531737615,106.17621325511821,103.98105653234143,105.02975463867188,17118373
2021-03-19,102.02584255301838,103.69664654847516,99.45742256287556,102.41687774658203,20599813
2021-03-22,101.38596744291749,102.99456097904935,96.29355926909737,98.02658081054688,30215638
2021-03-23,98.38207355124824,98.44428416836308,91.68996050546411,95.98251342773438,37752157
2021-03-24,95.25375019237232,95.25375019237232,89.10376162137435,90.08135986328125,35697090
2021-03-25,89.62811178839236,94.16061788928687,89.49480138945017,92.32095336914062,23442934
2021-03-26,93.89401046991343,96.87124461341007,92.45427026497265,96.18692779541016,21069383
2021-03-29,97.22672862242945,101.15490007114761,95.72477792361725,98.81755065917969,23112908
2021-03-30,98.95974383584873,99.87513150308921,97.22672900762149,98.8708724975586,14953050
2021-03-31,96.96899705957388,97.67109215650639,92.48092329605596,93.84956359863281,28518834
2021-04-01,94.56943841322366,95.80476833663182,93.34299087743098,95.76921844482422,15428080
2021-04-02,96.4446389838289,99.51075081828765,96.17802498547252,99.09304809570312,17460344
2021-04-06,99.5818567084448,99.80403844426868,94.52499823134966,95.30707550048828,19504141
2021-04-07,96.54240349605318,97.17339879963477,92.96083507041982,95.03157043457031,17947535
2021-04-08,95.10266807190109,97.62664922932584,93.3252142606054,96.9778823852539,19466729
2021-04-09,99.30634855959846,99.44854812773895,94.69386025033158,95.00491333007812,17269869
2021-04-12,97.75106737556898,97.75106737556898,87.98396088858394,88.93489837646484,48401607
2021-04-13,89.76143453949558,94.79163303662168,88.96157881622206,92.80976867675781,35599049
2021-04-14,92.80975016385145,94.43612201335108,92.08988354672294,93.59182739257812,16750705
2021-04-15,94.20504341535857,94.20504341535857,90.91675687624678,92.88972473144531,14725686
2021-04-16,93.76069430361645,94.52500003184484,90.0280437828557,92.02767944335938,18631154
2021-04-19,91.7166135630704,96.33799752117746,90.14356993011883,95.92918395996094,26972598
2021-04-20,95.1826487314114,100.60388141391896,95.12932728766039,99.55518341064453,27425068
2021-04-21,97.69776311331003,100.22174463511162,97.16452824903004,99.37745666503906,18907579
2021-04-22,100.15064215204556,100.47946678401516,95.80476790955414,97.40447235107422,14992985
2021-04-23,97.38670026712367,100.03510276635515,96.56018393699873,98.75534057617188,15666453
2021-04-26,99.80745626430604,101.77681005380394,97.43344393264042,97.79314422607422,18719884
2021-04-27,97.92803423571749,98.21579310285321,95.35618635913023,96.5881576538086,14173351
2021-04-28,97.1097178696619,97.65825929334348,93.65661139341665,97.55035400390625,13697928
2021-04-29,96.2194604891882,96.22845488313058,93.52171860631375,94.8615951538086,25619943
2021-04-30,93.98034354470917,94.52888498334194,91.3635304331286,92.388671875,25303950
2021-05-06,91.72322712049053,95.50006313999039,91.66927447643593,94.31305694580078,20412305
2021-05-07,94.73569870493147,98.89022357019444,93.52171626023433,95.87774658203125,25593374
2021-05-10,97.91005379306193,97.99098962609624,92.08293452169141,93.21598815917969,21764531
2021-05-11,92.17285546203303,93.92638508995238,89.92473703612978,93.629638671875,19598510
2021-05-12,92.61346982255844,95.64393544200001,92.61346982255844,95.1673355102539,13564187
2021-05-13,94.23211997997232,94.30406140641281,88.81864770278649,89.69991302490234,34550038
2021-05-14,89.7089179161283,93.03613038016289,89.39418271451089,92.982177734375,25775097
2021-05-17,91.56136231287509,98.6114649050426,91.54338038509732,97.99098205566406,35171093
2021-05-18,98.57549351889685,99.31287604560147,96.21046868050406,97.5143814086914,13278900
2021-05-19,97.568332171446,98.46757947256533,95.66192542321657,97.47840881347656,11253163
2021-05-20,96.21946554160931,96.50722441646413,93.37784064929444,94.49291229248047,20160369
2021-05-21,95.65294006096698,95.75185781519225,92.06493830835055,93.07209777832031,16153782
2021-05-24,93.07210030773432,93.78250653433491,91.44446480695952,93.58467102050781,15307016
2021-05-25,93.8094828412655,98.3057195703536,93.25194701700198,98.1888198852539,26902567
2021-05-26,98.87223612923098,101.41710758946314,98.78231277297552,100.6617431640625,25284921
2021-05-27,98.02695178941651,100.706704947765,97.46042158976218,99.81645202636719,19703283
2021-05-28,100.266076348389,101.25524702990772,97.63128142193557,98.28773498535156,16919617
2021-05-31,98.01795727202362,98.2877342106353,96.22845703732288,97.82012176513672,17974849
2021-06-01,97.1367007289219,105.34683384793897,97.1367007289219,105.07705688476562,34042377
2021-06-02,105.66155178826276,105.93132870732612,103.03575146698915,104.5734634399414,19002235
2021-06-03,104.57346831344233,105.30185642386206,101.47106104247848,101.59696197509766,19302785
2021-06-04,100.89554607677259,103.26955844135223,100.71569935791847,102.42427062988281,17400906
2021-06-07,102.56814552430491,103.14366325127318,100.94051009591459,102.25341033935547,17109352
2021-06-08,102.53216273466109,102.67604557981585,98.61145125415736,99.87039184570312,18890383
2021-06-09,98.91719953909951,103.23358917236328,98.64742261425346,103.23358917236328,25051057
2021-06-10,102.51419818514513,103.77314585078948,101.97465114578694,102.6580810546875,18700783
2021-06-11,102.91884713980548,105.30185377357168,102.17247712106082,103.23358917236328,20170783
2021-06-15,103.2785589288035,107.81976088527657,102.69404676697336,103.16165924072266,21629962
2021-06-16,103.5033664912338,106.00327297527639,98.7823180005064,98.92620086669922,24732007
2021-06-17,97.51438330085453,99.0610898163234,95.52704751179229,96.9478530883789,22274852
2021-06-18,96.84893424379683,96.84893424379683,92.35269761482367,93.70156860351562,33860918
2021-06-21,93.03611791043852,94.73569463208939,92.35268809230377,94.42095947265625,18090125
2021-06-22,95.32021575037805,97.3525166109611,95.32021575037805,95.97666931152344,15695903
2021-06-23,96.21947220213465,96.21947220213465,94.00732441217491,94.32205963134766,16375363
2021-06-24,94.67276223648618,94.87059775606124,93.11706812476046,94.41197967529297,11045306
2021-06-25,94.11523620775777,98.89023770788285,94.11523620775777,98.46759033203125,25555406
2021-06-28,98.91720447193728,99.27690476943229,96.21946253179354,97.36150360107422,17766093
2021-06-29,96.408304190247,97.82911660000597,96.26442818686179,96.91188049316406,13492048
2021-06-30,96.92086875562599,99.07906355556592,96.31837473693676,97.85608673095703,14067921
2021-07-01,98.44959514238846,98.44959514238846,94.42995870677875,96.21046447753906,15823334
2021-07-02,94.87959141919463,95.76984438970493,93.13504933535307,93.47676086425781,17488411
2021-07-05,94.55584783738834,101.43509053581823,94.4209593804168,101.30919647216797,47780381
2021-07-06,102.51419603154706,107.01043269959737,102.51419603154706,106.9205093383789,40894921
2021-07-07,105.21193803237725,107.14532117178142,104.10586079332329,106.9205093383789,28117584
2021-07-08,107.30716966753451,111.20091167722249,107.1542992906111,107.81974029541016,25215563
2021-07-09,110.84121813399811,112.9724297290649,107.28918737436672,112.09117126464844,34737522
2021-07-12,113.33213150849373,118.52079206030622,112.98142562462499,114.58208465576172,39020857
2021-07-13,114.58209027969386,116.47950264745226,112.31599008341608,113.6198959350586,24031424
2021-07-14,115.01372793038695,115.2385328885923,111.59658553855452,112.76560974121094,16371285
2021-07-15,113.67385645396283,118.34095221718343,113.21523840202416,116.40756225585938,26212923
2021-07-16,117.80139297387069,118.3049692522242,111.72247947650969,112.30699157714844,25367665
2021-07-19,113.26019963650248,113.54795851063969,109.88802211424799,112.00125885009766,17922928
2021-07-20,109.52833456022942,109.52833456022942,106.27305654707453,108.28736877441406,26028133
2021-07-21,109.60026118969179,110.51749730058434,108.13449052396362,109.51033782958984,19992481
2021-07-22,110.30168594803715,112.8465507967793,109.41142611000042,110.24772644042969,20784881
2021-07-23,110.78726875647456,111.85737527889859,106.83058597716044,106.9205093383789,23245137
2021-07-26,108.3593030400318,109.25855036816485,102.50520101288615,105.3738021850586,20947965
2021-07-27,106.69569161627763,107.0104267935279,100.49987837851775,100.6617431640625,24539734
2021-07-28,99.81645505873021,100.66174975645745,96.42629559481848,97.88307189941406,30752694
2021-07-29,100.53584940757393,103.41343798102179,97.43344215171588,102.98179626464844,33038051
2021-07-30,104.76231964049799,104.85224300624422,100.33802418293821,102.26241302490234,28485170
2021-08-02,101.50703893049813,108.35930624329153,101.1743218001094,107.90068817138672,31990003
2021-08-03,108.35930301874143,109.15063819748647,104.96914361105952,108.44922637939453,22212054
2021-08-04,107.01941594034012,108.44022136522564,105.1939451410768,107.16329193115234,17446583
2021-08-05,106.42592478362334,106.42592478362334,102.8019589830887,104.08788299560547,21517231
2021-08-06,104.75331615964829,104.75331615964829,100.47290394712601,101.16532135009766,22940572
2021-08-09,101.50703027160488,103.85406621606084,100.26607149781125,102.80194854736328,20160378
2021-08-10,101.62393546802016,102.87388861910442,100.4279349574767,102.31635284423828,18231171
2021-08-11,102.52319106487239,104.30369695451846,100.89554871560905,101.2552490234375,15870563
2021-08-12,101.52502045602463,101.79479052671117,98.33268983089131,98.98914337158203,23396399
2021-08-13,99.4567564833778,103.41344623313601,98.98915087564599,102.0645751953125,26438725
2021-08-16,103.11668085896757,104.7263342651859,100.91352783331634,103.0537338256836,29085402
2021-08-17,103.21559857742686,104.078875116819,99.45674478633964,99.825439453125,20988028
2021-08-18,99.90637627279249,100.52685912146089,97.46941684929335,98.60247039794922,14575163
2021-08-19,98.04493763428462,98.04493763428462,95.09540741914023,96.20148468017578,26459911
2021-08-20,96.20148124991051,96.92087498901633,91.45344964039185,94.29507446289062,27795531
2021-08-23,94.29507621540975,96.13853599876057,93.58466999658182,95.41014099121094,17626738
2021-08-24,95.4281314090449,96.83095508192751,94.73570710640517,96.20148468017578,19008229
2021-08-25,96.8489282848673,96.8489282848673,93.92637465585388,95.41912841796875,20457024
2021-08-26,95.57201228214484,97.82912517024508,93.97135301275179,95.84178924560547,20155133
2021-08-27,95.32022369647747,95.62596451707857,93.61165227694515,94.15119934082031,20167849
2021-08-30,94.51989162614953,97.45143997386378,94.49291530275887,96.09357452392578,20955990
2021-08-31,97.51437163059947,97.99996595715854,94.28607051348793,95.94967651367188,19736671
2021-09-01,96.57915981997851,96.69605949721908,93.76451142594081,96.2194595336914,22059596
2021-09-02,95.32021875964337,96.4173016204401,94.06127110199608,94.51089477539062,24102383
2021-09-03,94.83462306684525,94.87059378350841,91.73222250730944,92.48758697509766,23484330
2021-09-06,91.80415824665486,94.5648541847579,91.80415824665486,94.05227661132812,18983841
2021-09-07,93.97134250970657,96.71404950905954,92.78433635243351,96.2464370727539,22736235
2021-09-08,95.32021446184761,98.62944482325346,94.96051416720758,97.49639129638672,26092193
2021-09-09,96.96583468290454,98.449594049204,93.95335770327365,94.96051025390625,23509965
2021-09-10,94.96052099939679,95.76085061067867,94.15119699340586,94.55586242675781,14751540
2021-09-13,94.86159268382406,104.01593017578125,94.55585190486771,104.01593017578125,55670746
2021-09-14,105.03208253271227,105.50868248198348,100.56282256043939,100.91352844238281,41001787
2021-09-15,100.89555166596836,100.91354045527781,96.0576033093797,99.46575164794922,33045570
2021-09-16,99.81644894767747,103.76414399233674,99.52869009000456,100.22110748291016,30689978
2021-09-17,100.2211106910496,101.16532311776713,98.1708279069102,100.74267578125,16360271
2021-09-22,98.92619461545058,100.58080630783539,97.07374056419617,99.87939453125,14270163
2021-09-23,100.3290268391356,101.07540378824552,96.21946671283821,96.52520751953125,19519965
2021-09-24,96.59714755773331,96.6690889914608,94.02529961803371,94.17817687988281,22779315
2021-09-27,94.35801373544649,95.2572609808579,91.77717167125945,92.75735473632812,22095248
2021-09-28,92.95519615377006,95.65293806198076,92.30773699808549,95.1853256225586,17161859
2021-09-29,94.53785979690787,96.75000718228067,93.23395404421932,95.50904846191406,17514694
2021-09-30,95.51805181063895,96.5072224944578,94.59182816504368,95.9946517944336,13072987
2021-10-08,97.9999794894156,98.17982621562176,95.59898384421517,96.52520751953125,13248834
2021-10-11,96.78598495557911,97.88306776526032,94.91555577554698,95.50006103515625,11791087
2021-10-12,95.6169738414633,95.6169738414633,93.52172583719354,94.08824920654297,12377312
2021-10-13,94.13320777195241,94.75369060526053,92.45161284871067,93.18899536132812,13080764
2021-10-14,93.1889939674576,95.99464797532833,93.1889939674576,94.38499450683594,11763280
2021-10-15,93.52171858996405,94.97850167631803,93.34187187542216,94.39398956298828,10793379
2021-10-18,94.90655723400563,95.52704004269292,92.54153939535155,94.1871566772461,12699575
2021-10-19,94.45694235700549,99.74451429897555,94.42097163976194,97.8920669555664,33939613
2021-10-20,98.91720402056188,102.33434654010267,97.02878604322093,97.19963836669922,31839481
2021-10-21,98.01796031158243,101.30920887757217,97.7122195083398,100.49089050292969,26766109
2021-10-22,100.70670617560015,101.20129494946937,98.60247072469326,99.84342956542969,15618889
2021-10-25,99.41179203795907,100.70670348830456,98.12586812092584,99.47473907470703,16164950
2021-10-26,100.42793922000095,100.71569808295231,98.03593809738885,98.25176239013672,12885533
2021-10-27,98.25175696916939,98.26074450200365,94.6727498767629,95.23028564453125,19243802
2021-10-28,95.62595575314425,96.10256259094558,93.23396147359118,93.97134399414062,17782971
2021-10-29,93.97134170283282,95.11338274117773,93.51272366443197,94.84361267089844,14889388
2021-11-01,94.51090202635062,95.86876754517837,93.39583715178297,93.88143157958984,17146728
2021-11-02,93.88141296710475,94.42095993746216,91.88508300214164,93.50373077392578,22386261
2021-11-03,93.16201767642583,93.32388246271478,91.61531124315648,92.23579406738281,17213632
2021-11-04,92.53255604626963,93.30590933584338,91.75020836196698,92.874267578125,12251662
2021-11-05,92.82030769832399,93.16201920355209,89.92473028541949,90.42830657958984,27258863
2021-11-08,89.81682264359922,91.31857092882096,88.19818153371313,90.36536407470703,14257137
2021-11-09,90.3743478785927,90.80598957374106,86.2557938610372,86.9212417602539,31277784
2021-11-10,86.33674391624866,87.61367356468067,83.98970767728017,87.5327377319336,22382124
2021-11-11,86.354718546334,89.22331967610037,85.88711296133091,88.91757202148438,14625761
2021-11-12,89.02548327825151,89.29526021428879,87.39784785010744,88.59384155273438,10658280
2021-11-15,88.56686633213586,89.07044949495067,86.20184835823417,87.69459533691406,12682670
2021-11-16,87.99135215462252,88.37802879099799,87.11908112414442,87.4518051147461,8640477
2021-11-17,87.40683876247259,89.47511039014805,87.37087490627562,88.49493408203125,12205341
2021-11-18,88.73772160406627,88.84563374720557,87.67660954235592,87.76653289794922,9249484
2021-11-19,88.01831704940659,90.92288864236606,87.7935052402544,90.14054107666016,14444634
2021-11-22,90.14054582069977,90.50924050025526,88.89059264488634,89.92472839355469,11266103
2021-11-23,89.92472845765617,89.92472845765617,88.39601081816093,88.84563446044922,13194537
2021-11-24,89.10641636394269,89.10641636394269,87.73956341455894,88.36903381347656,8645193
2021-11-25,87.96437940696363,88.28810901618974,87.02016690326863,87.20901489257812,11629848
2021-11-26,86.72340393066406,88.03630404613274,86.33672735235596,86.72340393066406,8990995
2021-11-29,85.2486429773749,86.72340793465999,84.97886605513723,85.4284896850586,17411361
2021-11-30,85.33857689765051,86.57953580002989,85.06879994200966,86.10293579101562,11907963
2021-12-01,86.21982480386382,86.95720728250637,84.97886605513723,85.4284896850586,11937047
2021-12-02,85.14073953460729,86.55255760236805,84.61917442404271,85.59935760498047,12769946
2021-12-03,85.25763867799068,85.69827481723954,84.13357949550178,85.44647979736328,11738154
2021-12-06,85.69827874480454,90.3743624139789,85.69827874480454,87.8294906616211,23468251
2021-12-07,88.56687115439935,90.17652476278963,87.70359450634382,89.47511291503906,20562485
2021-12-08,90.46427539177355,90.80599375052493,89.10641007203144,89.92472839355469,15152642
2021-12-09,89.9247334440838,92.96418696463726,89.5200748878705,92.48758697509766,23941209
2021-12-10,91.72322459859606,93.30590176757131,91.14770687546186,92.26277160644531,16242370
2021-12-13,94.06126369287529,100.32002391024491,94.06126369287529,96.03961181640625,47373865
2021-12-14,95.32022369647747,96.39931782422781,93.10807593209007,94.15119934082031,17769409
2021-12-15,93.98034050181533,95.21230495466526,92.46960471101738,92.78433990478516,13140655
2021-12-16,93.4857571356903,93.88142817973286,92.62248047109,93.51273345947266,9355361
2021-12-17,93.836448686537,95.11337812845031,92.6674313839294,92.75735473632812,10849298
2021-12-20,91.03080782303918,92.12788377357698,90.2034950872146,90.73405456542969,14550470
2021-12-21,90.28443812712379,92.31673912248856,90.27544373234376,91.49842071533203,8760147
2021-12-22,91.54337464201521,91.91206245438661,90.17651495242748,91.27359771728516,8904237
2021-12-23,91.43546759937576,92.55053235307071,91.14770873194762,92.29874420166016,7887000
2021-12-24,92.51456837312169,92.59550420523242,90.46428543582421,91.04879760742188,7293021
2021-12-27,91.6332972277488,91.89407975660959,90.8869203548761,91.40848541259766,6159910
2021-12-28,90.89592452887675,91.9930074025743,90.71607094097632,91.61531829833984,6875701
2021-12-29,91.99298508653034,92.21779687133544,90.55418417520875,91.6242904663086,7794461
2021-12-30,91.62430702754376,91.64229581557794,89.16037134171884,90.57218933105469,12242263
2021-12-31,90.57218647054812,91.41748110293457,89.83480398082129,90.823974609375,8941507
2022-01-04,90.86895105992392,91.30058596301619,88.82765565259554,89.9697036743164,14154523
2022-01-05,89.73589685258608,93.07210380832352,89.47511428916125,90.41932678222656,13387736
2022-01-06,89.9427143018944,92.43363323065695,89.92473237413311,90.77901458740234,10359634
2022-01-07,90.78801006186148,93.62064053749266,90.46428047260576,92.48758697509766,13644260
2022-01-10,92.62247072683812,93.48574730061831,90.29342354247994,90.55419921875,12687301
2022-01-11,90.0865886002114,90.6441243577697,88.12622934644367,88.30607604980469,11893975
2022-01-12,88.28810076829699,89.53805397464957,87.24497060030383,89.19634246826172,9140442
2022-01-13,88.7557105891724,89.56503457529786,87.11908068865772,87.2899398803711,9077309
2022-01-14,87.25396383199913,88.02731705363313,85.78819321275498,86.41766357421875,9025330
2022-01-17,86.5975222606168,87.20901073100694,85.71625684184082,85.90509796142578,9200240
2022-01-18,86.5885218551626,89.27726931504708,86.50758603198031,88.84563446044922,17950305
2022-01-19,88.66579119753739,88.719750706171,86.3457312869726,86.75039672851562,13063064
2022-01-20,86.77737503524753,87.04715200244034,85.24865718305698,85.71626281738281,11303520
2022-01-21,85.60834552556818,85.77021032403633,83.54907511826899,84.23249816894531,13316623
2022-01-24,83.89977817404174,84.10660121681056,82.10128352388618,84.01667785644531,8686115
2022-01-25,83.60302026981012,83.94473176451643,81.45381983102259,81.4718017578125,11710458
2022-01-26,81.52575921045084,82.7307472357427,81.52575921045084,82.19120025634766,7260754
2022-01-27,82.75772857666016,83.62999956228182,81.87647005768027,82.75772857666016,11326415
2022-01-28,82.87462855137795,83.6299929363712,81.0851216122742,81.24698638916016,11427689
2022-02-07,81.78654353915856,84.06164509212006,81.6516619255571,83.29727935791016,9952210
2022-02-08,82.91060312054407,84.53824549315354,82.37105608141877,84.52925109863281,10346106
2022-02-09,84.59219964690567,86.02200652982583,84.59219964690567,85.32958221435547,10950630
2022-02-10,85.64430982112069,87.99134579256203,85.05081017838242,86.8672866821289,16416116
2022-02-11,87.34389446692664,90.80600232558469,86.51658853415212,88.25213623046875,19829171
2022-02-14,87.22698564185244,90.14953928449182,87.09209717851124,89.13339233398438,14340793
2022-02-15,89.29526177196354,89.64596767850225,87.05613100164705,87.38885498046875,9299041
2022-02-16,88.03632081137039,89.00750963868072,86.41767276585317,87.67662048339844,8548705
2022-02-17,88.00933461814616,88.43197508085225,86.65146929116001,87.93739318847656,6865197
2022-02-18,87.53273273553859,88.57586294252157,87.10109785456909,88.50392150878906,7196984
2022-02-21,87.95537225832201,89.42114968219701,87.37985456108554,88.18917846679688,6781585
2022-02-22,87.361872631102,87.8204906544387,85.75221921333855,86.50758361816406,10396921
2022-02-23,87.19101969506178,87.2269904113004,84.9788721017308,85.69827270507812,11521167
2022-02-24,85.65330816282453,85.65330816282453,83.21634872236984,84.17854309082031,12629280
2022-02-25,84.68212093575858,86.48961002242113,84.6281682904206,84.97887420654297,10030936
2022-02-28,85.4284886733272,86.62448916132468,84.83498219571808,85.24864196777344,8288183
2022-03-01,85.29359837853991,85.8331453443038,83.47712199296872,84.60118103027344,10620418
2022-03-02,84.52924822636444,85.22166564524984,83.63899529902247,83.71092987060547,7087221
2022-03-03,83.74689926746265,85.86912346176229,83.72891734002833,84.29544067382812,9280085
2022-03-04,84.14256832005806,84.259467997442,81.95739713952075,82.254150390625,13937349
2022-03-07,81.60668428278173,82.26313776459605,78.09961879270165,78.27947235107422,20636081
2022-03-08,78.23452631891048,79.57440306705068,76.2292015336314,76.82270812988281,16374824
2022-03-09,78.10862657427369,78.36940913308042,72.2275479913033,75.17707824707031,20164624
2022-03-10,76.47199226514215,77.63202212135329,74.62853253054898,75.55475616455078,21760507
2022-03-11,74.63753400567086,74.90731096925374,72.81206288613784,74.4666748046875,18931329
2022-03-14,73.10879723151972,74.57456764006697,72.15559057169145,72.24551391601562,16650225
2022-03-15,71.58008052645076,71.58008052645076,67.9381332397461,67.9381332397461,26942373
2022-03-16,69.15211714099635,70.81572323533477,66.09467501964579,70.42904663085938,28095764
2022-03-17,71.4901588958275,73.63036495643736,71.13045861100164,72.42537689208984,25345944
2022-03-18,72.82105873050334,73.56742887127335,71.1574455231526,72.94695281982422,15514564
2022-03-21,72.95594003732202,73.00090515218984,70.44703893553243,71.71498107910156,17120383
2022-03-22,71.73295425677416,73.36958407187039,70.86069013689406,71.07650756835938,12725581
2022-03-23,70.95061482405119,72.46135059403363,70.92363850220173,72.02970886230469,12300076
2022-03-24,71.921802913851,72.56026768103246,70.91464345621563,72.02071380615234,9571130
2022-03-25,71.04953896815445,72.83004497748232,69.90749092858657,70.00640869140625,12068629
2022-03-28,69.51182518157749,70.59091929272243,68.47768932298099,70.27618408203125,9293247
2022-03-29,70.14128864918726,70.6898300451725,69.2690176798103,70.28517150878906,8518972
2022-03-30,70.9775880583428,73.93611243172428,70.9775880583428,73.64835357666016,16509425
2022-03-31,73.19873801834412,73.6123909893737,72.25452552616564,72.74011993408203,7696485
2022-04-01,72.5332900714711,78.63018563079991,72.11963027855163,77.36224365234375,31212783
2022-04-06,76.77773776299126,78.88198017039409,76.50796766918415,77.94676208496094,17505194
2022-04-07,76.97556848746356,80.23084622474734,76.96657409334962,78.77406311035156,18929576
2022-04-08,78.14458797090184,80.20386501180708,78.14458797090184,79.60136413574219,16842102
2022-04-11,79.60136644288414,80.29379069253588,78.68413723327821,79.33159637451172,14986318
2022-04-12,78.67514156949593,79.46648355632426,76.34609443812775,78.23451232910156,12588489
2022-04-13,78.20753321231165,78.90894495867485,77.38921493441329,77.87480926513672,8357719
2022-04-14,78.12659739350177,79.37655050267966,77.64999745613764,77.87480926513672,9862243
2022-04-15,78.50429904418667,78.50429904418667,76.01337995876551,76.12129211425781,11408240
2022-04-18,75.53677201495503,76.03136076648074,74.99722501556211,75.34793090820312,7276527
2022-04-19,74.99722251264538,75.806546415081,73.24368624724953,74.22386932373047,11938398
2022-04-20,74.35876605688752,74.81737726869613,71.93978847402046,72.23654174804688,11038136
2022-04-21,71.93978881835938,73.0188829063496,71.58908289672691,71.93978881835938,10608506
2022-04-22,71.67899754549049,72.0476922114989,70.34811545616584,71.7689208984375,12481249
2022-04-25,71.31031638899107,71.48116871730662,67.9111557006836,67.9111557006836,15387735
2022-04-26,67.46152835763917,70.44702907187357,66.31948732346045,69.5118179321289,19909557
2022-04-27,68.98126304239838,71.41822252514862,68.9722686479448,70.84270477294922,18027651
2022-04-28,70.77076330911703,71.99374024720692,69.96144618716549,71.91281127929688,13434223
2022-04-29,72.40479774754004,73.6765255908714,70.75248426541366,72.26555633544922,13107464
2022-05-05,73.75077872477318,76.6655352896192,72.98960039412127,75.8301010131836,20154347
2022-05-06,74.98536780902694,75.04106153354763,73.16596629286592,73.79718780517578,10768525
2022-05-09,73.24023277102518,73.8436074495577,72.21914097464573,73.14740753173828,7403254
2022-05-10,72.68327483710608,73.58368745574558,70.65036879446589,72.36766052246094,11749582
2022-05-11,72.3954952879511,77.19463800707493,72.3954952879511,76.21995544433594,22228160
2022-05-12,76.10857249866153,78.0486532720616,75.67228608675335,76.4427490234375,10919246
2022-05-13,77.6773466794865,77.68663132815615,75.47735236416382,76.10857391357422,6615394
2022-05-16,76.71195339591267,78.21574787939397,75.93221282958984,75.93221282958984,8265444
2022-05-17,76.58199956220992,76.95330764317649,75.21744643687254,76.51702117919922,6595468
2022-05-18,76.67481794818573,77.78874209136973,75.93220893484168,77.39886474609375,8171703
2022-05-19,76.20140461844221,76.396346843925,74.72546406916092,75.56090545654297,9345962
2022-05-20,76.09929588811626,78.41996229370258,75.71870319818642,78.1414794921875,15034653
2022-05-23,78.14147716704525,78.38282844903601,76.58198910561018,77.18536376953125,7276191
2022-05-24,77.08325740250174,78.67059239928884,76.0807277996535,76.14570617675781,8242424
2022-05-25,77.09253910004533,77.21321120087329,75.72798615097989,76.4056167602539,6103937
2022-05-26,76.58199561094054,77.97439553113945,75.56090375255043,77.13895416259766,7512642
2022-05-27,77.96511051517341,79.24612296828084,77.2225014771621,77.51954650878906,11328096
2022-05-30,78.06721321256238,79.53387601944866,77.71447448318064,79.21826171875,11207231
2022-05-31,78.90265692839607,78.90265692839607,77.46384093979826,78.08578491210938,14822592
2022-06-01,78.62417548035398,78.62417548035398,76.74908012903738,77.34317016601562,9233184
2022-06-02,76.83261560593894,76.87903176409586,75.44950049462204,75.83937072753906,11657373
2022-06-06,75.83937823311416,77.3153258068146,74.59550439105448,77.05541229248047,13290037
2022-06-07,76.3406370550947,78.25287091298378,76.266381115478,77.9743881225586,16548457
2022-06-08,78.43852361874491,79.20898655636367,77.61236695429986,78.52206420898438,14962471
2022-06-09,78.28999497365828,81.12121069526111,78.28999497365828,79.61741638183594,21164956
2022-06-10,79.12544167302994,81.3904144052923,78.75413362283925,81.14906311035156,20817342
2022-06-13,79.93304104669403,80.94484828626898,78.53135643537844,78.91194915771484,15494261
2022-06-14,77.9836832629213,80.50856968449413,77.9836832629213,80.20223999023438,13140628
2022-06-15,80.76847559020271,87.83258469775406,80.76847559020271,85.57689666748047,42395701
2022-06-16,86.78363595832167,87.7211871371705,83.63681298631909,83.77605438232422,18478020
2022-06-17,83.54398831634758,89.05789381150225,83.54398831634758,88.33384704589844,23647761
2022-06-20,89.40135665850774,89.57772958406838,85.98533518486707,86.32879638671875,18454996
2022-06-21,85.8646570791973,87.34988216360429,85.73470032694368,86.42161560058594,11745880
2022-06-22,86.4216102400055,87.1270947671308,84.3887114089285,84.49081420898438,12112124
2022-06-23,84.90854576991124,86.02246284046785,84.10095129038488,85.27985382080078,9224241
2022-06-24,85.75325285157288,86.72793546544338,85.10346916373325,86.7186508178711,13950717
2022-06-27,87.07140460026389,89.85620423035192,86.38448225905509,88.7886962890625,16299423
2022-06-28,89.07646537921434,89.07646537921434,86.42162223849847,88.03680419921875,12089818
2022-06-29,86.79291685793319,88.7422750714752,86.39376198375129,87.6933364868164,14269313
2022-06-30,87.72118817970069,91.24860387056506,87.26633955731573,90.0325698852539,17079459
2022-07-01,90.50598847068035,91.58278106625797,89.3456552851588,89.66126251220703,9776329
2022-07-04,89.15999817669305,89.93045397216875,88.26885612423641,89.29923248291016,10675178
2022-07-05,89.85619976807395,91.5177905659199,87.62835875821624,89.80049896240234,11265437
2022-07-06,89.21569306414335,89.21569306414335,86.0224540671253,86.8857421875,16858859
2022-07-07,86.32878232962054,88.14818377402587,86.23595709837652,87.21991729736328,8892304
2022-07-08,88.0739346078551,88.73300306008599,87.42415080484218,87.5355453491211,6725299
2022-07-11,87.26634188025302,87.52625538567733,84.37943229251096,85.19630432128906,11282825
2022-07-12,84.67647482888131,87.11781327712647,84.67647482888131,85.87393951416016,8282638
2022-07-13,85.67899645384577,86.55156210392299,85.40051368507179,85.8646469116211,6587934
2022-07-14,85.84609008055475,85.84609008055475,84.17520752738181,84.9271011352539,6885680
2022-07-15,84.37942894592219,86.62583224755083,83.3119210206008,83.36761474609375,13744572
2022-07-18,83.45117219781918,86.00390545308993,83.26551462089567,85.55833435058594,8804666
2022-07-19,85.72540895200086,85.99460708400736,83.45115888389641,84.38871002197266,9979611
2022-07-20,84.81571755274916,84.81571755274916,82.89420607006448,83.07057189941406,14870996
2022-07-21,83.07057455305932,83.55327714233789,80.94484322753758,81.13050079345703,16479992
2022-07-22,81.6874564368961,82.24441495072531,80.07227462215785,80.56425476074219,12775356
2022-07-25,80.46214317277722,80.82416655321916,79.85876851133678,80.06298828125,6245793
2022-07-26,80.6663642205044,81.11192819636257,80.29505618588145,80.53640747070312,5672435
2022-07-27,80.53641202397266,80.74063180866679,78.74485720658151,79.13472747802734,10220627
2022-07-28,79.16256509945828,80.65707471427389,78.93978312494683,79.0418930053711,10332928
2022-07-29,79.73809825705077,80.26720990856441,76.92545173678813,77.69590759277344,14811178
2022-08-01,77.69591042576378,77.69591042576378,74.89254845179751,76.1828384399414,19524055
2022-08-02,76.02503176445836,76.02503176445836,74.2613239052855,75.18959045410156,13016090
2022-08-03,75.18030258847007,76.73051304106046,74.51194956878511,75.00393676757812,11774979
2022-08-04,75.18959295399104,75.81152986266903,74.45626150619127,74.9018325805664,11643534
2022-08-05,74.89255264292407,76.60055985756239,74.72546436478663,76.41490936279297,8658435
2022-08-08,76.58198742176883,76.62840358032358,74.89254264920336,75.85794067382812,10533024
2022-08-09,75.85794670233588,76.73051956130686,75.38452875947802,75.76512145996094,7995417
2022-08-10,75.8393726590886,76.70266081516985,75.18958892101091,75.94148254394531,9540295
2022-08-11,75.94148576507668,77.53810539734582,75.18959211024998,77.36173248291016,12221292
2022-08-12,77.49169796084851,82.39294441731428,76.58199358755792,81.56678771972656,29346543
2022-08-15,81.39970253809207,82.59716733310056,80.75919630115182,81.73387908935547,18257176
2022-08-16,82.31867865559786,82.37437238280809,79.9423185331375,80.19294738769531,13820453
2022-08-17,80.01657546887331,80.64779701950313,78.82839539289057,79.83092498779297,9436592
2022-08-18,80.06299715282371,80.52713046965168,78.60561882126841,78.89337921142578,8979912
2022-08-19,78.2714403591163,79.81236633284688,78.2714403591163,78.79126739501953,6501292
2022-08-22,78.5313470961275,83.22838055822228,78.45708407395023,82.94989776611328,19227582
2022-08-23,83.46044256644936,85.23342785949437,81.78027542281555,84.36085510253906,18997013
2022-08-24,84.23090446451575,85.95748080794563,82.31867764459065,82.61572265625,13073446
2022-08-25,83.08914119646882,83.39546377675461,80.75919016392074,83.07057189941406,11905005
2022-08-26,83.36762588423723,83.54399881467755,81.68746550768472,82.30940246582031,9939440
2022-08-29,81.48323886901014,82.7920981399553,80.67565148082961,81.5018081665039,16482063
2022-08-30,81.21403619054978,82.5043260921626,79.93303093716689,82.10517120361328,12432373
2022-08-31,80.76847444244468,84.36086145590035,80.65707990696176,82.21656799316406,17861849
2022-09-01,82.24441466517399,83.05200911079504,81.48323637975746,81.78956604003906,8819287
2022-09-02,81.92881021799953,82.22585523989522,80.29505905651719,80.71277618408203,7998035
2022-09-05,81.37185060187872,83.54399096762323,81.23260920051031,82.29083251953125,12213622
2022-09-06,83.43259929910447,86.1245738503859,82.81066237799912,84.93639373779297,19350569
2022-09-07,84.65790149242054,85.91106692608227,83.5625467452785,84.02667999267578,12622106
2022-09-08,84.47225412077262,85.96676379870907,83.27478944876762,85.40980529785156,12915216
2022-09-09,85.70685092257146,89.26211345324946,85.10347625807307,88.7515640258789,22265948
2022-09-13,88.7237259861863,88.75157285188274,85.98533518486707,86.32879638671875,17657143
2022-09-14,85.33554629439554,86.05030843910123,84.27732296829979,84.80643463134766,12733368
2022-09-15,84.79715233163645,86.85790531283888,84.61150184483586,84.93639373779297,12308982
2022-09-16,84.60221307893872,85.21487240336921,83.63681501390725,83.896728515625,10871854
2022-09-19,84.36086356041223,86.28237508222945,83.07985823990471,84.80643463134766,10444962
2022-09-20,84.75073282657911,85.40051653256938,82.62500172825202,83.12626647949219,9364304
2022-09-21,82.61571988375975,83.6368116344401,81.44610209117823,81.63175964355469,15284500
2022-09-22,81.13050436723475,82.56931338540168,80.85202154714447,81.73387908935547,9062895
2022-09-23,81.72458940894371,82.46719841328031,80.20223280562502,81.46467590332031,8146246
2022-09-26,80.74989824833828,82.31867084903098,80.57353243486068,81.01909637451172,7548654
2022-09-27,81.03767253595107,81.64104012692857,80.20223122568227,81.3718490600586,8339289
2022-09-28,82.50433359237368,83.42332263366946,80.57354442960316,80.83345794677734,10650483
2022-09-29,81.86382962899036,83.98027623807936,81.50180623965207,83.07057189941406,13214063
2022-09-30,84.03596897918487,86.57941732324281,83.61825186780614,85.49334716796875,15291143
2022-10-10,85.44693918089034,85.44693918089034,81.56678469950884,83.47901153564453,11588511
2022-10-11,82.66213471783469,86.58869804970195,82.61571855995646,86.11528015136719,13002123
2022-10-12,86.01317904023003,88.02751568652556,84.12879205789939,87.44270324707031,15562891
2022-10-13,86.31950378417969,87.052835202439,84.93638861916489,86.31950378417969,10857938
2022-10-14,87.02499415060511,87.25706080167339,85.64187889322957,85.78112030029297,9315052
2022-10-17,85.72541656639505,86.58870476222984,85.1220418777601,86.04103088378906,6683257
2022-10-18,85.55832037068768,87.21991823156421,84.20305215009755,84.37942504882812,12189435
2022-10-19,84.370147301461,85.1963039755406,79.06974607928834,79.3760757446289,23936579
2022-10-20,78.90265479324218,81.7895642587168,78.45708374416301,80.4435806274414,16622972
2022-10-21,80.44358375198318,81.38112788152749,79.51531718894869,80.22079467773438,9314920
2022-10-24,79.82164141335785,81.22332593534777,78.80054958945016,79.8773422241211,14683365
2022-10-25,75.88578750701721,78.80982844205852,75.18958762163174,77.51025390625,21546115
2022-10-26,77.3988627660601,77.91869685242558,76.117857470387,76.45203399658203,16207364
2022-10-27,76.19211821937016,78.11362964655966,76.19211821937016,77.16679382324219,12124837
2022-10-28,77.23177146181229,78.79125949527732,76.13641668732957,76.30350494384766,11662750
2022-10-31,75.70013654187527,76.7212282840052,74.26132062197983,74.59549713134766,14223370
2022-11-01,74.26131840048978,75.70013427734375,72.35836928363274,75.70013427734375,17913272
2022-11-02,75.04106277557895,76.54485710153061,74.26132229093766,75.92292022705078,13961248
2022-11-03,76.4798813425733,76.56342901570503,74.81828334965198,75.65372467041016,10548326
2022-11-04,75.18959197322185,77.14823499736485,75.00394149255247,76.49845123291016,13832020
2022-11-07,76.11785052740434,77.51025023217395,75.60730113614439,76.90687561035156,11328662
2022-11-08,77.10181428359635,77.51025381548656,75.56089555511218,76.2756576538086,8619698
2022-11-09,76.34064633204024,76.95330571258164,76.11786432189446,76.41490936279297,6804799
2022-11-10,76.04359643414963,76.20140005283578,75.11532985536721,75.72798919677734,6434536
2022-11-11,77.19464479097682,80.9819666918524,76.86974585343778,80.2764892578125,21194772
2022-11-14,81.1304993116476,83.53470631896883,80.94484174911909,82.29083251953125,19241682
2022-11-15,82.24441045214034,83.06128950437937,80.46214047252833,82.7920913696289,12227303
2022-11-16,82.60643435741746,83.4975693530163,81.78027773393173,82.01234436035156,7994612
2022-11-17,81.88239338800938,82.60644018033949,81.00982054488752,82.31867980957031,6922561
2022-11-18,82.4950505547393,83.13554965612593,81.94736960948853,82.61572265625,7562168
2022-11-21,81.7802832213389,81.7802832213389,79.28325096934776,80.24864196777344,10285377
2022-11-22,80.71277817301451,81.94737445279955,80.25792952124029,81.22332763671875,8234836
2022-11-23,81.48323896468136,81.76172177051937,80.22079585387642,80.28577423095703,6143159
2022-11-24,80.39716155870416,81.61318839876381,79.840203079095,80.31361389160156,6693760
2022-11-25,80.29506036204992,82.71783673838709,79.97016847064901,81.59463500976562,10763114
2022-11-28,79.8587658281012,81.59462673192743,79.00476234816895,80.7499008178711,10127440
2022-11-29,81.68745092122508,84.47225038444866,81.13977709287117,84.39798736572266,16351416
2022-11-30,83.33048572688293,84.19377390839622,81.81741378814965,83.0798568725586,12700683
2022-12-01,83.54398335552001,86.42160803245457,83.27478522596554,83.96170043945312,12521062
2022-12-02,84.14736491524191,84.14736491524191,82.98703171751963,83.48829650878906,6770900
2022-12-05,85.10347663375009,85.63258827803723,83.43259402962664,84.65790557861328,10139192
2022-12-06,84.00811276225737,86.43088873556096,83.896718239974,86.2173843383789,13866254
2022-12-07,86.14313937150123,86.58870335313237,85.38196107761223,85.9853286743164,9822493
2022-12-08,85.87393833449669,86.47731299303854,85.08491320353191,85.8089599609375,8763466
2022-12-09,85.77182959167786,86.94144741342261,85.40052155977823,86.7000961303711,17661367
2022-12-12,85.8646481438416,86.46802276343676,84.1659188105865,84.2958755493164,13104469
2022-12-13,84.29588166749194,85.19630133840927,83.5439880413951,84.61149597167969,7959693
2022-12-14,84.91782924738641,85.49334999031991,84.16592850712618,85.21487426757812,5931376
2022-12-15,85.22415014404352,85.22415014404352,83.91529798425663,84.71360778808594,7214261
2022-12-16,84.50938275955757,85.25199170809132,84.3051629970246,84.84355926513672,6752514
2022-12-19,85.2427103373195,85.39122928755238,83.69250705581288,84.22161865234375,9714452
2022-12-20,83.55327673688996,84.56508390832111,82.89420831582606,83.18196868896484,7588157
2022-12-21,83.91529643793875,83.91529643793875,82.63428408315619,83.40474700927734,5890761
2022-12-22,84.17520146326191,85.5397542696966,83.61824301303228,85.00135803222656,10154029
2022-12-23,85.34483291450209,85.34483291450209,81.78028551101647,82.4393539428711,9750531
2022-12-26,82.810664301864,84.75074521992937,81.69674719095751,83.80390930175781,8370512
2022-12-27,84.73217188532118,85.51191949150214,84.03597195364014,85.25199890136719,7529929
2022-12-28,84.70431998646657,86.63511604860457,84.67647312399242,86.1988296508789,8632725
2022-12-29,85.53976233989846,86.37520363511761,85.10347593672225,86.24524688720703,7915162
2022-12-30,86.44945493667926,86.96000433472757,85.92962797292914,86.00389099121094,8423465
2023-01-03,85.40052727041983,86.2266839785321,84.75074348272888,85.77183532714844,9448947
2023-01-04,85.95748634147299,86.49588267292482,85.58617828246784,85.81824493408203,6735121
2023-01-05,86.79292041474012,86.83933657400975,86.03174214465467,86.2359619140625,6673576
2023-01-06,86.01318553858427,87.62836742049853,86.01318553858427,86.96001434326172,9380628
2023-01-09,87.07140677089383,89.00219584681656,86.32879068484611,86.43090057373047,10534845
2023-01-10,86.54228766232477,86.69080661748373,83.60896216523916,84.37942504882812,12557135
2023-01-11,84.5372365426648,85.35410857756521,83.77605823588364,83.98027801513672,7659056
2023-01-12,84.46297045515082,85.08491441908723,84.01740648212568,84.65790557861328,5295898
2023-01-13,85.31697980984603,86.64439414328875,84.797145739415,86.63511657714844,7039956
2023-01-16,86.36591669809444,89.03004412388468,86.05030240288143,88.61231994628906,12658920
2023-01-17,88.96506211646546,89.4756115481596,88.18532161945443,88.7886962890625,8131450
2023-01-18,89.09502880395415,89.57772430584605,87.81401640050028,88.12034606933594,5923113
2023-01-19,88.3802523545123,89.02075850389907,87.44270120928597,88.9743423461914,8997426
2023-01-20,89.55915400597583,89.55915400597583,87.80472382561369,88.11105346679688,9078040
2023-01-30,90.45029426074379,91.52707976845605,88.83510537600787,90.84944915771484,15753445
2023-01-31,91.60133615148364,91.71273067818375,89.48488971895975,89.67982482910156,11590678
2023-02-01,90.02329919881485,90.3203442315384,88.75157139009505,89.99544525146484,9503258
2023-02-02,90.00472216934295,93.10513607155538,88.90936737736777,92.86378479003906,20734376
2023-02-03,91.89838590007356,93.06800370361118,90.88657878806205,92.80809020996094,18316346
2023-02-06,92.17687032305622,92.34395858366433,89.91189769750439,92.07476043701172,14293031
2023-02-07,91.69416314739762,91.83340453792476,90.3760264255781,91.00724792480469,7775940
2023-02-08,90.78446022060592,91.8983771103108,90.04184423939543,90.28319549560547,10321268
2023-02-09,90.0418556959713,90.8772970106037,89.7169638186453,90.4874267578125,9077620
2023-02-10,90.4317342464676,91.43426391601515,90.11612698870952,90.96084594726562,8009946
2023-02-13,90.14396619294246,91.34143090499362,90.06041851985843,90.94227600097656,9445700
2023-02-14,89.85620986409485,93.12370518546551,89.3363757513836,92.82666015625,14387842
2023-02-15,92.8266502776544,93.55069701668228,91.78698924498457,92.27897644042969,5790002
2023-02-16,92.80809609116774,93.5692744059982,91.43425843209931,91.89839172363281,7856946
2023-02-17,92.08404115319362,95.77854522763367,92.08404115319362,94.3211669921875,18971093
2023-02-20,94.4139877529273,96.97600535428128,93.36504912540417,96.54900360107422,15729061
2023-02-21,96.50258955811204,100.25278726491214,95.99204720556702,99.13887023925781,16075448
2023-02-22,98.40554550639673,99.56587877122323,95.59289880559527,95.79711151123047,15016549
2023-02-23,95.70427791673787,96.93887410250771,94.50681324205637,95.32369232177734,11398745
2023-02-24,94.81314917886166,95.87137252760297,94.21905912630908,94.44184112548828,8344691
2023-02-27,94.06125169794507,97.44942603940018,93.82918505924418,95.47221374511719,14627487
2023-02-28,96.02917378675691,97.3751645618667,95.20301710642934,96.78107452392578,12078028
2023-03-01,96.72537845023432,98.19204140164246,95.22159106648492,95.806396484375,12323724
2023-03-02,95.76925763483894,99.46376159570485,95.62073867051242,98.70258331298828,13522123
2023-03-03,97.93211494282488,99.32451468134846,97.73717982928494,98.40553283691406,8116352
2023-03-06,97.46797907889534,98.3962455463134,96.14055774720308,96.63253784179688,10782385
2023-03-07,96.43760856480166,97.44942275816666,94.97094575788952,95.28656005859375,8612946
2023-03-08,94.86883765100958,95.22158346911746,93.23509363807928,93.74563598632812,11291170
2023-03-09,93.45788116401646,94.21905948941493,91.53636959367445,91.98193359375,13412017
2023-03-10,91.6199033638097,92.81736803325462,91.06294486414293,91.19290161132812,9960190
2023-03-13,91.8055664817485,94.10766364177195,91.52708367398361,91.89839172363281,8922942
2023-03-14,91.78699887307586,91.88910876566112,89.8562097271732,91.1650619506836,7361419
2023-03-15,92.91018437409963,93.29077701306865,90.68235058872997,90.71019744873047,7149560
2023-03-16,90.50599149955336,91.18362921870491,89.57772492007075,89.8097915649414,10266545
2023-03-17,91.23004203535858,92.52961671628952,90.05114654725526,90.43173217773438,10054944
2023-03-20,90.8772976810212,92.36252276126235,89.95831576920196,90.11611938476562,10923832
2023-03-21,89.92117718369819,91.8055570199761,89.62413219101563,90.98867797851562,8292003
2023-03-22,91.1743403796094,92.56674018483959,90.50598733996107,90.83087921142578,7827617
2023-03-23,90.84016659840862,91.06294859097055,89.57772350370455,90.14396667480469,7814800
2023-03-24,89.64270642881911,90.05114600433521,87.51697503769282,88.7422866821289,12610369
2023-03-27,88.92793174888584,89.91189195287126,87.72118249024956,88.07392120361328,12170293
2023-03-28,89.57771698583433,91.49922835188332,87.8418560863933,88.9743423461914,14725016
2023-03-29,90.04185089843789,90.71948856256545,87.88827289219269,88.16675567626953,7982133
2023-03-30,88.07392514549002,89.57771946218742,87.25705315487687,89.51274108886719,8761525
2023-03-31,89.67055033729999,90.94227810324331,88.6030423523809,89.002197265625,10907857
2023-04-03,89.44775981211399,89.72624259279644,88.07392228665118,88.94649505615234,9311524
2023-04-04,89.00218986427726,89.11358439433027,87.72118463816886,88.16675567626953,8380446
2023-04-06,87.8697168495547,87.92541057743703,86.43090083429163,87.26634216308594,6756444
2023-04-07,87.14566375585635,88.64017351236694,86.79292500592732,88.148193359375,5683096
2023-04-10,88.1853166920151,88.29671122055457,86.63511335092535,86.8857421875,8153769
2023-04-11,86.88574423907284,87.81401075248624,86.57013702392578,86.57013702392578,7327119
2023-04-12,86.6815201340985,86.96000290702752,85.0384916037284,85.51190948486328,10138589
2023-04-13,85.5119133493866,85.78111148682085,84.28660184092365,85.32625579833984,8021193
2023-04-14,85.3819580078125,86.21739221386186,84.68575811469701,85.3819580078125,7379065
2023-04-17,85.86465957972993,90.37603577394741,85.86465957972993,90.29248809814453,20045988
2023-04-18,89.72625149352285,91.32286407053539,89.65198846702589,91.0907974243164,11365355
2023-04-19,91.1557696138446,91.1557696138446,89.29923657012384,89.49417877197266,6958739
2023-04-20,89.52203246271019,89.78194597551794,87.62836776382392,87.81401824951172,9678151
2023-04-21,87.81401274465078,88.04607937826884,85.72541304208826,85.8460922241211,8633453
2023-04-24,86.71866608387485,86.79292911330442,84.07310762892921,84.23091125488281,9139280
2023-04-25,84.25874984172847,87.79545013811341,84.25874984172847,87.48912048339844,14893286
2023-04-26,87.53553949165577,87.58194857041562,85.12204076856538,85.14989471435547,7631860
2023-04-27,85.15917933809654,87.51697744711247,84.58365855541985,86.79293060302734,7536905
2023-04-28,86.25452696502414,87.41486016380712,85.25199738156883,85.56761169433594,6749181
2023-05-04,85.29840764694636,85.56760578031174,83.10769815248655,83.59040069580078,15644021
2023-05-05,83.73892814775537,84.00812630843141,81.3996994594952,83.64610290527344,12822074
2023-05-08,83.4418866474162,84.05454602147947,81.95666145862812,82.99632263183594,10654911
2023-05-09,83.07986114416946,84.56508629568748,82.35581432543643,83.31192779541016,8469956
2023-05-10,83.35833868271544,85.02921421663068,83.31192252256014,83.44187927246094,6709256
2023-05-11,83.53470455449116,83.64609908965531,81.96593890640509,82.61572265625,5414293
2023-05-12,82.60643948568496,83.38618708156086,81.14906126457768,81.45539093017578,8317478
2023-05-15,80.96340946745198,82.40221836790046,80.32290328291577,82.19800567626953,7419792
2023-05-16,82.75496461824609,82.8942060176216,81.87310714360908,82.2258529663086,5294768
2023-05-17,82.08661553183629,82.61572720933066,81.09337055541309,81.21404266357422,5687634
2023-05-18,81.26046016374923,81.73387811943984,80.3878872811258,80.8613052368164,6138875
2023-05-19,80.58281288910443,81.68745229436063,79.73809405375839,80.75918579101562,6925317
2023-05-22,81.650323009786,82.69926163759501,80.6663627556977,82.52289581298828,5932005
2023-05-23,82.78281349120842,82.78281349120842,81.5018081665039,81.5018081665039,4318492
2023-05-24,81.51107626795168,82.70854086121868,80.74062048211323,81.41825103759766,9137247
2023-05-25,80.94484685084137,81.4553963273334,80.12797477056644,80.49928283691406,6024164
2023-05-26,81.30313517311043,81.87056283802222,80.57493044403236,81.58684539794922,4442888
2023-05-29,81.58684582516814,82.51364988105672,78.98612906673942,79.16581726074219,14861935
2023-05-30,79.50627863499585,80.06425436937205,77.65267766080655,78.57002258300781,9144974
2023-05-31,78.57001893535613,79.05232848249011,77.1230758634857,77.7945327758789,13123979
2023-06-01,77.80398511371182,79.83727420499122,77.63375609176204,77.73778533935547,10833685
2023-06-02,78.02149629734038,80.52764277296835,77.94583735715355,79.85618591308594,12883683
2023-06-05,80.08316237198123,80.38579094339404,79.0428771087018,79.91293334960938,5689512
2023-06-06,79.44953635587625,82.71225092553605,79.44007718356495,81.10453796386719,12347705
2023-06-07,81.38824353863836,82.51364687654579,80.19664764404297,80.19664764404297,6816247
2023-06-08,80.96267477689989,82.4285361492627,80.38578795669781,82.24884796142578,8155419
2023-06-09,83.03379147054518,83.56338963555751,81.7003296711956,82.60821533203125,9688263
2023-06-12,82.60822146487894,84.73608066971961,82.19211168229171,83.83765411376953,9142217
2023-06-13,83.6957936515301,85.0576258232096,83.41207621068544,84.75499725341797,8748274
2023-06-14,85.00088375498255,87.28952013501144,84.87794337042634,85.54940032958984,10475853
2023-06-15,85.6250542770046,86.78827992164841,84.95359735708128,86.62751007080078,7384569
2023-06-16,86.61804553780871,87.41245000117198,85.93713670308374,86.33433532714844,7767260
2023-06-19,86.33433754228622,87.21385292684373,85.9182205643606,86.91122436523438,7807234
2023-06-20,87.00579341120066,88.13119674354648,85.59667986426302,85.78582000732422,8665400
2023-06-21,85.48320085248932,86.41945692952872,84.86848449707031,84.86848449707031,7294890
2023-06-26,83.6958010245702,84.62260515977162,82.99597374813335,84.00788879394531,11121055
2023-06-27,84.00787868710451,85.00087526760296,83.54447306763788,84.54693603515625,7626279
2023-06-28,84.61313652869471,85.25622312617291,83.44045175043472,83.93222045898438,6650606
2023-06-29,84.64151515432945,84.66042628468857,82.53256696516632,83.12837219238281,7339298
2023-06-30,83.12835730845666,83.63904431953293,82.40961182450856,83.07160949707031,6798740
2023-07-03,83.08106926988788,84.35778319920841,82.44744189081352,82.82572937011719,10403865
2023-07-04,82.92030905037525,83.18510815202002,82.0691639270639,82.65550994873047,7653556
2023-07-05,82.33396087207258,82.84464793268258,81.41661599737876,81.64359283447266,7032386
2023-07-06,81.88001957975129,82.11644836771646,80.7073275964756,81.25584411621094,7186034
2023-07-07,80.85863994726151,81.37878613126128,80.4708932982374,80.77352905273438,4757086
2023-07-10,80.77353490716602,83.17564505310474,80.53710611825414,82.5609359741211,8007229
2023-07-11,83.2985961636133,84.96304971297069,82.5514802932297,84.64151000976562,9257737
2023-07-12,84.67933597395093,86.60859575892766,84.0646196792146,85.91822052001953,11276870
2023-07-13,86.41944992083603,87.00579592564533,85.5588528652324,86.67479705810547,8959698
2023-07-14,86.67479747834014,87.1287367231002,85.63451222592792,86.18302154541016,7731767
2023-07-17,86.75990824854345,86.75990824854345,83.9416810638615,85.55885314941406,6301744
2023-07-18,85.84257142568407,86.26814762405682,84.73608629733765,86.06008911132812,5341954
2023-07-19,85.59668528940966,86.29651252137214,85.58722611708689,86.20194244384766,4974361
2023-07-20,86.64642767906302,88.22577030329238,86.58022790485084,87.24222564697266,8231808
2023-07-21,87.26114648784932,87.56377509153445,86.2681497641489,86.63697814941406,7026338
2023-07-24,85.36025591324712,87.13819789053346,85.14273824269438,87.00579833984375,5906423
2023-07-25,87.85694201715398,90.29688892298884,87.85694201715398,89.72945404052734,13823405
2023-07-26,89.72944524636873,90.12665106820948,89.24713574487434,89.84293365478516,6974731
2023-07-27,90.22122764934706,90.22122764934706,89.09582430079189,89.52140045166016,5490798
2023-07-28,88.90669128309847,90.84540318615433,88.87832098047947,90.514404296875,15977009
2023-07-31,91.5452241155076,94.36345105910544,91.5452241155076,92.45310974121094,16540985
2023-08-01,91.92351605962392,93.81494649060576,91.63980582411733,92.30180358886719,8663397
2023-08-02,92.56660011067156,92.66117740176801,91.2236862738196,91.78166198730469,4531356
2023-08-03,91.99917168501315,92.04646033017318,90.89268665451725,91.40337371826172,5638535
2023-08-04,91.98970729712704,92.94488159637419,90.89268150091125,91.2993392944336,6211874
2023-08-07,91.49794699325994,91.9046048240616,90.79811975486913,91.6776351928711,6104910
2023-08-08,91.27097364928045,92.48148792003352,90.7981160613154,91.77220153808594,5333271
2023-08-09,91.24260159731621,92.1599392395662,91.11965400905501,91.69654083251953,4537939
2023-08-10,91.6587175488922,92.30180418821116,90.4009145724657,91.4979476928711,6043143
2023-08-11,91.94242231147119,91.95188148264761,89.84293365478516,89.84293365478516,7618153
2023-08-14,88.16902642629127,90.00370890712601,88.04607883929658,89.26605224609375,8577288
2023-08-15,89.33224926544705,89.7672773543129,88.45273391626088,89.4930191040039,5011331
2023-08-16,88.86886111390643,89.26605977794,88.15011552048765,88.64189147949219,6425576
2023-08-17,88.1974075544061,88.68917631705803,87.19494446805294,88.11228942871094,7306250
2023-08-18,87.8569432942637,88.22577164408452,86.81665802001953,86.81665802001953,8192846
2023-08-21,86.06953642288154,87.88530774971375,85.87093711043745,86.52347564697266,9048129
2023-08-22,87.00580462108093,88.59460655929267,86.63697624392775,87.98934936523438,8304676
2023-08-23,87.66780209470119,88.3392662816091,86.21140693741505,86.4951171875,7715377
2023-08-24,86.34379587485395,88.48110691378032,86.34379587485395,87.83802032470703,7310351
2023-08-25,87.21385832132444,88.59460167002302,87.14765854485377,87.76237487792969,6560554
2023-08-28,91.26152308386494,91.73438071642383,87.95151965595275,88.23523712158203,12222577
2023-08-29,89.10528541368926,89.72945368056502,87.71508294465721,88.35816955566406,9465620
2023-08-30,88.80265192643591,89.81456682437849,87.96096604007404,88.56622314453125,8031681
2023-08-31,88.5189307835158,89.41736444615199,88.33924982317536,88.6607894897461,5731652
2023-09-01,88.66080518707183,91.47903982265487,88.66080518707183,91.3371810913086,10193469
2023-09-04,92.23559209457878,93.72036450566138,91.3560767672984,92.45310974121094,14006779
2023-09-05,91.90459863260277,92.49094462351442,91.26151204152464,91.87622833251953,5270250
2023-09-06,91.60197422012229,92.20723136674681,90.97779872909645,91.28988647460938,4517587
2023-09-07,91.28989123625158,91.73437855482074,90.22123560933456,90.89269256591797,5665922
2023-09-08,90.86432448916719,90.96835374564624,89.13366382072641,89.4173812866211,4188264
2023-09-11,89.44573767719918,90.55222263465583,89.19039055456533,89.4930191040039,5071523
2023-09-12,89.41737601535098,89.96588535371853,89.01071818633356,89.19039916992188,4795586
2023-09-13,89.84294330331436,90.75082902244604,89.01071653125221,89.23768615722656,5665617
2023-09-14,89.92805177233414,90.02262906122735,88.50002706504353,88.90668487548828,6341822
2023-09-15,89.24715182693538,89.37009221344817,87.17603309533588,87.80020141601562,6880784
2023-09-18,87.75291214694934,88.53785747558076,87.06253689297893,88.04608154296875,5702428
2023-09-19,87.95151503492174,88.23523248564432,86.58968281582857,87.76237487792969,6422968
2023-09-20,87.77182339556305,87.95151158832813,86.47619821894725,86.74099731445312,4488220
2023-09-21,86.3721680450838,86.96796600357739,86.14519120974269,86.17356872558594,6308627
2023-09-22,86.06953580115065,88.16902453929936,85.7952775482612,88.13119506835938,10149770
2023-09-25,88.69863198155805,88.69863198155805,86.34380308724683,86.46674346923828,8621107
2023-09-26,85.87094016036527,86.70316691091357,85.87094016036527,86.17356872558594,5443502
2023-09-27,86.1735679535844,86.50456681644886,83.84710952643611,84.36724853515625,13043599
2023-09-28,84.58476199547184,84.80227243087921,82.61767282924372,83.52555847167969,11135404
2023-10-09,83.22294227464795,83.74308854995842,82.75008464808745,83.12837219238281,6773367
2023-10-10,84.05516631796586,84.05516631796586,82.16373587432386,82.36233520507812,7782404
2023-10-11,83.48773167356005,84.0362481881822,82.63658660177292,82.74061584472656,8449342
2023-10-12,84.05515733941958,84.44290400226072,82.08807537172858,82.47581481933594,9628279
2023-10-13,81.80436583068666,82.4663635929337,81.59630732962775,82.3528823852539,5321473
2023-10-16,82.27722843881486,82.70279742395614,81.3315131694032,81.70980072021484,8516738
2023-10-17,81.62467216534516,82.87301587286568,81.16127376280488,82.80681610107422,7711820
2023-10-18,82.26774964414429,82.560926214096,81.21800536825344,81.3031234741211,5478961
2023-10-19,80.48035578346462,81.15181265712918,80.23446783042719,80.24392700195312,8086302
2023-10-20,79.86564174388973,80.66950539571562,79.7899900152663,80.38578796386719,7672437
2023-10-23,80.37633598211535,80.3857951547522,78.54165332847234,79.32659149169922,6318391
2023-10-24,79.32659082123033,80.3857944753309,79.30767969135111,80.06425476074219,8250536
2023-10-25,81.66250663700211,82.37179304186647,81.23693768017728,81.2936782836914,9697731
2023-10-26,81.35041722789938,81.98405188689877,80.29122083598976,81.3409652709961,5568546
2023-10-27,81.33150592613339,83.13782539315415,80.98158871012964,83.0810775756836,7838757
2023-10-30,82.37179015456461,84.37670891952234,82.09753188846892,83.81873321533203,7855875
2023-10-31,83.7714565712268,83.9795150756836,82.8919411211724,83.9795150756836,5505592
2023-11-01,83.84711372528541,84.02679470827604,80.85865020751953,80.85865020751953,11437849
2023-11-02,81.75706982143511,82.46635616649753,81.06670181943862,81.67195892333984,7550061
2023-11-03,81.68142630616403,82.48528280166497,81.07616914141735,82.36233520507812,4623154
2023-11-06,82.58931455914653,83.79982892536839,82.56094425606864,83.37425994873047,7942908
2023-11-07,82.94867876853489,83.07161914622402,81.927304627745,82.46636199951172,6806013
2023-11-08,82.25830967415502,82.27722080308484,77.4351564755799,78.85372924804688,32842022
2023-11-09,78.09716187809104,80.6411308248912,77.926932855813,80.34796142578125,19777850
2023-11-10,80.06425284645131,80.66951000139898,78.38087371806655,78.80644989013672,12152929
2023-11-13,78.94830460061023,79.17527421836837,78.04041169910948,78.58892822265625,9235584
2023-11-14,78.74025087066595,79.42116698033152,77.5581068511728,78.19173431396484,10194270
2023-11-15,78.6645801361277,79.27929637721341,77.99312329948229,78.77806854248047,10519445
2023-11-16,78.76862090983683,78.76862090983683,77.73778757635685,77.87964630126953,7677300
2023-11-17,77.73778202728451,78.05932892848291,76.84881469740789,77.83235931396484,11809048
2023-11-20,78.02149945685758,78.38086861444737,77.17035438337234,77.83235931396484,8613883
2023-11-21,78.02150363159349,79.29821770251816,77.87964490921645,78.23902130126953,13348916
2023-11-22,78.19173362420548,78.19173362420548,77.26492954639536,77.37841796875,7135836
2023-11-23,77.21764763531172,77.58647598662921,76.61239048365051,77.31221771240234,7980745
2023-11-24,77.15144545020428,77.65267333684098,76.9528461299464,76.98121643066406,6359860
2023-11-27,76.69749626968556,76.98121369725655,75.58155211793164,76.77315521240234,12355482
2023-11-28,76.7731570052429,76.80152730561574,76.13007040760039,76.41378784179688,5800764
2023-11-29,76.41378745720462,76.49889835789476,75.66667161846593,75.97875213623047,7531046
2023-11-30,76.15844608453999,76.48944497098074,75.71395877336187,76.27193450927734,6424404
2023-12-01,75.90310646820866,75.98821737569489,73.90764675337265,74.59801483154297,16176300
2023-12-04,74.71150818833793,75.24110644383573,73.9738514138274,74.94793701171875,8152863
2023-12-05,75.36404210926078,75.36404210926078,73.51989324993153,73.54826354980469,8611045
2023-12-06,73.30238903917223,73.78469860848722,72.77278360732457,72.91464233398438,11475155
2023-12-07,72.91465003632541,73.54827757174,71.76087618662402,71.85545349121094,11680999
2023-12-08,71.84598051571923,72.20534967231278,71.41095241608477,72.05403900146484,11652176
2023-12-11,71.45823671414827,72.72549880766418,70.78677980196755,72.45124053955078,10005624
2023-12-12,72.34721348302452,72.34721348302452,71.30692819625014,72.03512573242188,8905101
2023-12-13,71.95001361801617,71.95946557497784,69.48169638696726,69.66138458251953,15913210
2023-12-14,70.11531742060868,71.6662896180924,69.84105917388814,70.97592163085938,18078791
2023-12-15,71.25963703167525,72.49852881795337,70.84352726080985,71.0799560546875,11986767
2023-12-18,71.0799545434795,72.11078059955756,69.93563285603467,71.75141143798828,10130651
2023-12-19,71.23127231649055,71.72304107161534,70.83407364328573,71.68521881103516,6766973
2023-12-20,71.6946665554892,72.33775317608338,71.46769692917195,71.71358489990234,8438829
2023-12-21,71.46769636157106,72.96192808803058,71.16506779047343,72.51744079589844,10235396
2023-12-22,72.86736195209113,73.21727197229578,71.8838172390386,73.16999053955078,8926650
2023-12-25,73.17944440357394,73.66176120764094,72.83898633190722,73.4347915649414,5493172
2023-12-26,73.39695076481064,73.45369136292277,72.20534769781969,72.65929412841797,5467669
2023-12-27,72.65929698583216,73.34966500745844,71.76086326073356,72.06349182128906,8678604
2023-12-28,72.44178266459198,74.13461373345763,72.1580724345643,73.95492553710938,12473730
2023-12-29,73.95492568590943,74.32375403635156,72.54581205947065,72.64984130859375,13695166
2024-01-02,72.7255040484545,72.7444151787201,71.44878990610093,71.56227111816406,9638911
2024-01-03,71.42040635865678,71.87435281429217,70.92863764568305,71.44878387451172,8571760
2024-01-04,71.11777831230184,72.10132296066094,70.26664042652966,71.0799560546875,9417155
2024-01-05,70.92864243238094,71.95001661506353,70.49361429129048,71.11778259277344,7945531
2024-01-08,70.92864334687862,71.22181276383728,69.53844078284224,69.63301086425781,7543544
2024-01-09,69.69920357036595,69.8410622857122,68.19551994730418,68.39411926269531,10376519
2024-01-10,68.10095254353755,69.46277750460655,68.09149337141481,69.0372085571289,8754651
2024-01-11,68.904808158625,68.94263763141517,67.4389467527512,67.59972381591797,12580554
2024-01-12,67.40111888269182,67.5902662511404,66.45540368615198,66.99446105957031,11851986
2024-01-15,66.82424183310297,66.93772304332302,65.89743772997637,66.02037811279297,12543331
2024-01-16,65.91633977631487,66.51214490880352,65.28271238912139,66.25679779052734,11808330
2024-01-17,66.25680610225669,66.25680610225669,64.02491760253906,64.02491760253906,14145282
2024-01-18,63.693919505231875,66.16223684080265,63.154862110982776,66.02037811279297,18031245
2024-01-19,65.69883785865198,66.61618278166713,65.26380972082475,66.38920593261719,13399710
2024-01-22,66.33246794504787,67.42004194014226,64.4694077231899,65.41512298583984,22245533
2024-01-23,65.41511447085617,66.30408901090583,64.9233457729943,65.84069061279297,9987153
2024-01-24,66.62563141175569,66.6634608847082,65.01791849506237,66.48377990722656,10287312
2024-01-25,66.8053210723138,68.3846637228025,66.24735256828167,68.17660522460938,11814308
2024-01-26,67.9023532203657,69.46277750460655,67.85506457498629,69.0372085571289,11842596
2024-01-29,69.39658090702927,69.91672716907681,68.75349426269531,68.75349426269531,8999933
2024-01-30,68.46032325974566,68.87644025971426,67.0228393197619,67.37274932861328,9499455
2024-01-31,67.33491554540191,67.8077731186568,65.8879725256794,65.90689086914062,10177909
2024-02-01,66.23788130025032,67.24033691913829,65.83122355037885,66.39865112304688,12127225
2024-02-02,66.81478316697914,66.81478316697914,63.18323289248244,64.03437805175781,19740537
2024-02-05,64.73419791986953,67.33491453369565,64.59234642221155,66.20951843261719,31706973
2024-02-06,66.20952489293626,68.71567168111353,65.87852600738104,68.37521362304688,27920862
2024-02-07,68.37520566833143,69.49114979211423,67.57134204877374,69.36820220947266,24791789
2024-02-08,69.54789143857205,71.22180404186422,69.39657355465009,70.49360656738281,23021362
2024-02-19,71.40150043735318,71.55281833867875,69.92618697560216,70.559814453125,14031524
2024-02-20,70.56926841176085,71.0988665968017,69.97346323835576,70.89080810546875,12195395
2024-02-21,70.81514716861808,74.99521357588941,70.5787183833413,73.79415130615234,21149898
2024-02-22,73.59555767087234,74.7020427396863,73.2172701421946,74.5223617553711,12366501
2024-02-23,74.15353373501317,74.80607232932292,73.1699890420894,73.40641784667969,10557101
2024-02-26,73.41586614812607,73.76578335897989,72.23372218403985,72.63092803955078,9743279
2024-02-27,72.63092762602588,74.10624097593083,72.51743920863545,74.05895233154297,12708626
2024-02-28,74.34266289457148,74.94791996756403,73.49151788091523,73.56717681884766,11594859
2024-02-29,73.47261290631928,75.28838427734162,73.42532426234341,75.23164367675781,14367794
2024-03-01,74.9006339110378,75.20326245797241,74.33320628743961,74.4561538696289,10193794
2024-03-04,74.39941022478953,74.5223578138669,71.77978239505178,72.00675201416016,21644746
2024-03-05,71.4960734832222,72.88627609455948,71.35421474865484,72.69713592529297,16028971
2024-03-06,72.69713567884195,72.82007606692491,71.70413175547172,71.82707214355469,8946161
2024-03-07,71.82707206646506,73.04704563392329,71.76087228599377,72.82007598876953,11143104
2024-03-08,72.59310436753525,73.47261983570378,72.51744541613188,72.99030303955078,9898775
2024-03-11,73.0659592156363,73.64284607151382,72.687671688223,73.21726989746094,9818826
2024-03-12,73.49153818741425,75.18436951142425,72.83899229410012,74.73042297363281,18100251
2024-03-13,74.90063905554969,75.1465270215833,73.38749621694717,74.00221252441406,10466840
2024-03-14,74.01166702183743,74.22917745805533,72.82952312646349,73.09432220458984,9534139
2024-03-15,73.09432392395522,74.23863837576634,72.47960764085431,74.0400390625,10968600
2024-03-18,74.0495030443513,74.95738877050181,73.54826792756622,74.70204162597656,10267880
2024-03-19,74.3332116659964,74.78715812686156,72.56472889807314,74.31430053710938,12840096
2024-03-20,73.9454745951572,74.64530183044658,73.54826872329102,73.65229797363281,8732257
2024-03-21,73.95491612669456,74.04949340657029,72.88626068729303,73.00920104980469,8738660
2024-03-22,72.8484435128437,73.29293082843432,71.97838722692376,73.04704284667969,10374056
2024-03-25,73.04704444737033,74.61693523766743,72.86736345485828,73.99275970458984,14250757
2024-03-26,73.86035233924379,75.75178265377107,73.79415256684469,75.66667175292969,15200850
2024-03-27,75.64775233331646,77.07578422073922,74.91955484728358,75.41132354736328,17482414
2024-03-28,75.18435998718603,77.06633125464992,74.94793118219488,76.0827865600586,11906759
2024-03-29,76.03549622308522,78.39978399609637,76.03549622308522,78.30521392822266,9362011
2024-04-01,78.87265397633972,81.44500063306215,78.78753585118025,79.9602279663086,19353317
2024-04-02,79.91293038760914,81.3125919880359,79.6292129557607,80.38578796386719,11240765
2024-04-03,80.27230327419282,80.83027899199934,79.48736514474675,80.29122161865234,9881446
2024-04-08,80.30068039230403,82.71224980205083,80.05479242219108,82.2772216796875,20150338
2024-04-09,82.26777387957465,83.84712395164335,81.6625166504261,82.18266296386719,18063748
2024-04-10,82.26776538251278,82.83519307432812,81.69087851818405,82.67442321777344,12611045
2024-04-11,82.16373309146842,82.77844940787875,81.33150632193758,82.08808135986328,11449118
2024-04-12,81.8043599451031,82.22047691728253,80.83973367305452,81.43553161621094,13920358
2024-04-15,81.42607819430718,83.68633697055272,81.35987841817074,83.22293853759766,17372160
2024-04-16,83.16619626877979,83.81873484470763,82.02188175262604,82.2772216796875,15089504
2024-04-17,82.22993478995484,82.75008104260212,81.52064838101825,82.3528823852539,10441218
2024-04-18,82.15427514157538,83.79035826003235,81.54901804148064,82.47581481933594,11830684
2024-04-19,82.27722300979472,82.79736925974352,80.98159057870781,81.85165405273438,13685104
2024-04-22,82.45403350999983,84.33346200771109,82.07814781045758,83.16725158691406,14080622
2024-04-23,82.88774063742372,83.35037312294239,81.12396485674383,81.44202423095703,11853433
2024-04-24,82.16488987077922,82.16488987077922,80.7384463185114,81.37456512451172,8700027
2024-04-25,81.31673145624906,81.87573621157948,80.55531993311466,81.44202423095703,8840302
2024-04-26,81.42275975493632,84.32382568598621,81.38420643100712,83.60096740722656,16554085
2024-04-29,83.60095894591271,89.28744496728082,83.36964637904344,86.5984115600586,24739005
2024-04-30,87.04176735054259,87.81281907674432,85.87555694580078,85.87555694580078,9823168
2024-05-06,87.70680820130846,89.1621649897253,86.85865709885563,88.61279296875,20019552
2024-05-07,88.53567756221798,89.15251600360098,88.36219129099813,88.6320571899414,10473491
2024-05-08,88.64170313176619,88.9597625419329,87.18634639248691,87.58151245117188,9070595
2024-05-09,87.10922892000991,87.57186140033919,85.96229891731805,87.06104278564453,13199487
2024-05-10,87.12851098363926,88.0923219295793,86.26107966163441,86.95502471923828,11064427
2024-05-13,86.64660905527082,88.04413204273717,86.04904359715653,87.32127380371094,9994380
2024-05-14,87.35019210530145,87.64897852861665,86.14542830258038,86.42493438720703,8547963
2024-05-15,86.41529336487048,86.83936518291661,84.82500382563899,85.49002838134766,8587372
2024-05-16,85.47076441646344,86.02977659161675,84.68043964766885,85.5382308959961,9736311
2024-05-17,85.10451727095786,86.82009973550387,85.10451727095786,86.80081939697266,10087264
2024-05-20,87.22489128346577,88.27544169309985,85.57677543553257,86.57913970947266,12776601
2024-05-21,86.27071770905819,86.55022375890445,84.93102111540136,85.39364624023438,7924512
2024-05-22,86.24180639706779,88.88264632141365,85.97193315631728,87.9766616821289,22242289
2024-05-23,87.50440418133576,87.5525903207958,85.58642229307362,85.86592102050781,11511208
2024-05-24,85.59605156425853,86.21289000884128,84.84428016950419,85.49967193603516,11029225
2024-05-27,85.22980878234291,87.56222968566793,85.20089562827357,87.2634506225586,10815248
2024-05-28,87.26344906384894,87.71644141162945,86.75263040896263,86.85865020751953,7434625
2024-05-29,86.59841280824698,87.95738978394117,86.59841280824698,87.15742492675781,8814588
2024-05-30,87.15742767130364,88.84409689512373,85.24907868547486,85.65388488769531,14011705
2024-05-31,86.62733462188638,86.62733462188638,84.23708733310816,84.38166046142578,11740584
2024-06-03,84.09251178698577,84.76717656201053,83.65879976779765,84.0635986328125,9782184
2024-06-04,84.02503885548253,85.53822175177656,83.8611927588894,84.9117431640625,8628266
2024-06-05,85.2972746770751,85.32618783094699,84.4876769554842,84.95030212402344,5199783
2024-06-06,85.00813325780373,87.01286204407039,84.95030694677706,85.58642578125,9851420
2024-06-07,86.46348891928284,86.55023573800395,84.33346736870855,84.80573272705078,7572901
2024-06-11,84.98885510736369,85.44184745833194,83.89011114485514,85.1045150756836,7356154
2024-06-12,85.11415133755186,85.2876376204087,82.66607039203635,83.51422882080078,11753155
2024-06-13,83.63952480642676,83.70699128826647,81.93358242088293,82.65644073486328,10118115
2024-06-14,82.4347517173842,83.99612814789919,80.88301545556521,83.34073638916016,15434196
2024-06-17,83.03231540418423,83.92865988819618,82.28054403436015,82.64678955078125,9956514
2024-06-18,82.70461660424878,82.93593653036221,81.54804638685808,82.04922485351562,7587472
2024-06-19,82.0395971693168,82.21308344810535,80.73844640175544,81.15288543701172,11802502
2024-06-20,81.16252622560388,82.50222297352508,80.90230048208237,80.9986801147461,8854035
2024-06-21,80.9986718290941,81.2492647310214,79.52404227563005,80.28545379638672,9407864
2024-06-24,80.38183708418057,81.41311453712876,79.48549257996997,81.22998809814453,11368850
2024-06-25,81.6155143452745,83.12869729465116,80.81554946448898,82.67570495605469,13220914
2024-06-26,82.38656675920588,82.69498598224305,81.5962420405922,82.29981994628906,8236353
2024-06-27,82.02031925220003,82.357651650554,79.09997293412951,80.09269714355469,18236498
2024-06-28,79.81319019093455,80.31437605159897,77.93376159667969,77.93376159667969,19036039
2024-07-01,77.68317201620407,79.80356081615997,77.68317201620407,79.3216552734375,10944245
2024-07-02,78.64697762176051,79.49513602396372,77.37474737175022,77.39402770996094,14415598
2024-07-03,77.39402146551068,78.33855206938102,77.23016801711798,77.50967407226562,7468345
2024-07-04,77.92411009009157,78.2325292851304,76.52658722110492,78.07832336425781,10339838
2024-07-05,78.07832336425781,78.07832336425781,78.07832336425781,78.07832336425781,0
2024-07-08,77.70244703054482,77.71207984636668,76.33382979450477,76.37238311767578,9605013
2024-07-09,76.3338328692222,76.60370614228974,75.17726254068346,75.73627471923828,11146650
2024-07-10,75.58206145899592,76.48804620723465,74.59897741456471,74.93630981445312,8781155
2024-07-11,75.30254446217086,78.38674381527012,74.94593912821152,77.61569213867188,14511803
2024-07-12,78.35783826634858,80.91193156712421,78.0686920212484,80.30473327636719,16335320
2024-07-15,80.47822275308016,80.71917551581393,78.36747419847798,78.64698028564453,9913340
2024-07-16,78.50240231007956,79.49513380801238,78.3096430531127,78.81082153320312,8040429
2024-07-17,78.82046489968562,79.54332317257824,76.62297692661915,79.33128356933594,11796117
2024-07-18,79.35055641655691,79.39874255155722,77.66388727237386,78.8204574584961,11067391
2024-07-19,78.61805784196484,79.96739462450955,77.6928002247812,79.5529556274414,13602110
2024-07-22,79.55296730193622,79.80356024126928,77.77955109377947,78.67589569091797,11337583
2024-07-23,78.6566252415665,78.91685100570479,76.71936285237624,76.81574249267578,9658595
2024-07-24,77.59642864454766,77.74100177075054,75.92903231515774,76.42057800292969,7210694
2024-07-25,76.33382919567465,77.65425292906873,75.19653190758264,75.65916442871094,9214292
2024-07-26,76.04469115794126,77.39402806031367,75.6784382632248,76.43984985351562,10703028
2024-07-29,76.50731636711745,76.65188949124254,74.68571412170712,74.7724609375,7203241
2024-07-30,74.6953548703673,75.12906689281287,71.68826180775484,72.4400405883789,15021660
2024-07-31,72.36293228214326,74.96521906374574,71.98704657709611,74.79173278808594,13745759
2024-08-01,74.69535108367201,74.81101104866491,71.49549891847744,71.5629653930664,19749958
2024-08-02,70.84010835596033,71.62079291131876,69.58715111719023,71.32201385498047,18532614
2024-08-05,70.56060455699338,71.51477541686607,69.66426000581158,69.68354034423828,14186373
2024-08-06,70.19435901312674,70.9846837628455,68.87393525609282,69.68354034423828,11738867
2024-08-07,69.53896403388633,71.30273990111225,69.41366389973615,70.8304672241211,14729378
2024-08-08,70.83047120787852,74.38693629537963,70.83047120787852,73.7315444946289,20953459
2024-08-09,73.24963447319843,73.97249270813131,72.55568939113579,72.87374877929688,9900755
2024-08-12,72.49786358346874,72.94121575487817,71.32201300337253,72.2087173461914,7007824
2024-08-13,71.82319295305093,71.97740624363816,68.79682698157359,70.36784362792969,20513372
2024-08-14,70.35820479923379,70.35820479923379,67.28364527755548,68.23782348632812,22815374
2024-08-15,67.94867654512045,68.79682759097992,67.38966439173161,67.8137435913086,16719628
2024-08-16,67.73663064912961,68.75826787682682,67.12943241341607,68.15106964111328,12516778
2024-08-19,68.06433529829303,69.32692535210589,67.64025610629113,68.05469512939453,11256285
2024-08-20,67.91012426984283,68.55587589494709,66.88848693142147,67.28364562988281,11370578
2024-08-21,67.3993057733015,68.02578441486648,66.87884693353804,67.57279205322266,7873643
2024-08-22,67.56315110860575,67.94867698770554,67.03305945897625,67.37039184570312,6975459
2024-08-23,67.17762221492488,68.68117234061313,67.00413594477986,68.00650024414062,9801382
2024-08-26,68.02578881112879,68.401674549701,66.67645180823864,67.27401733398438,11176194
2024-08-27,67.08124430465321,67.37039054672663,66.66680527943834,67.0330581665039,7085033
2024-08-28,67.03305790644687,67.64025618849212,66.68608535862262,66.96559143066406,7345365
2024-08-29,67.10051756775844,68.71008000746893,66.67643841830903,68.25708770751953,12140183
2024-08-30,68.31491819105258,71.52441045233489,67.27400794285604,70.35820007324219,20034526
2024-09-02,70.16544320393089,70.42566893648834,67.95831514843964,68.2763671875,11991158
2024-09-03,68.27636814629889,68.8932139552677,67.66916985960849,68.76791381835938,8104813
2024-09-04,68.43058449211482,68.98959666543269,67.56315307718963,68.13180541992188,9700581
2024-09-05,68.16092182291229,69.19013740540898,67.69486836589799,68.74349975585938,10080920
2024-09-06,68.74350390214614,69.45229573804404,68.37453686798715,68.54930877685547,7582645
2024-09-09,68.17063846390548,69.49113570258827,67.0928795792778,68.29685974121094,10373314
2024-09-10,68.10266740128847,68.64639890699578,67.20939209683041,67.67544555664062,6886085
2024-09-11,67.40357973660558,68.83088234545086,66.89868725435004,68.61727142333984,9606352
2024-09-12,68.23860363554321,69.70474534090431,68.23860363554321,68.675537109375,7997672
2024-09-13,68.8308782087387,70.10282464950109,68.54930086540472,68.81146240234375,9236019
2024-09-18,68.93768831659344,70.71453473698841,68.93768831659344,70.64656829833984,13809341
2024-09-19,70.87959885186744,74.27793578312136,70.69511533367908,73.41378784179688,21632355
2024-09-20,73.30698558954845,73.54001234373223,72.33603213803124,73.4720458984375,13333965
2024-09-23,73.53029950482592,74.44299060473826,72.91859416124674,73.45262145996094,10078796
2024-09-24,74.782829016121,76.70532004373182,73.45262757406762,76.6664810180664,22520140
2024-09-25,78.20058198727655,79.19095112318605,75.31684941561315,75.46249389648438,24686647
2024-09-26,76.21984710957494,78.35594177246094,75.21005461562191,78.35594177246094,22023291
2024-09-27,80.00655884806297,83.49227787661869,80.00655884806297,82.92913055419922,21332796
2024-09-30,86.90033029797831,90.26953981991674,84.55062482086267,88.66746520996094,47278924
2024-10-08,97.48371974327601,97.48371974327601,88.47327366289683,91.0268783569336,54406647
2024-10-09,89.32771099910106,89.32771099910106,82.1426545023987,82.41452026367188,45829499
2024-10-10,82.51162230182406,85.88082434095817,82.2785881547302,82.96796417236328,27552497
2024-10-11,82.7252272585174,82.9194223844608,78.55013205585348,79.61817932128906,24978330
2024-10-14,80.10365216405032,81.07460552361457,78.82199402573697,79.55020904541016,33581425
2024-10-15,79.62788706732542,79.8123631682907,76.99660435265747,77.1228256225586,24305250
2024-10-16,76.52083748711608,77.85104635370264,76.3849045994692,76.54996490478516,18864783
2024-10-17,76.82183954576061,77.18108758087928,74.26822723410385,74.27793884277344,26046988
2024-10-18,74.11287384886211,77.19079430949787,73.41378622458687,75.9479751586914,30710137
2024-10-21,76.70532369551896,76.82184077806232,74.86051063141109,75.91885375976562,32236978
2024-10-22,76.00622859405395,77.89959210962041,75.62755737249793,76.5985107421875,28776664
2024-10-23,76.75386757560297,77.75394837076021,76.02565254132888,77.01602172851562,29803752
2024-10-24,76.80241224591146,76.80241224591146,74.68573354345737,75.15179443359375,26412023
2024-10-25,75.22946717176202,76.50141366194629,74.74399050738195,75.46249389648438,22712126
2024-10-28,75.47220949346575,78.16174709687634,75.47220949346575,77.28788757324219,43105593
2024-10-29,76.65676736529093,76.65676736529093,74.26822290897037,74.6080551147461,46360867
2024-10-30,74.37503481530051,75.11296153159073,73.67594712700316,73.7730484008789,23944899
2024-10-31,73.58855519927357,73.84100514415812,72.39427932074597,73.06423950195312,23751983
2024-11-01,73.08365593609825,75.5110393290677,72.83121339683552,74.28764343261719,32177074
2024-11-04,74.28764270888891,75.13236738042957,73.64680994365072,75.08382415771484,22204925
2024-11-05,74.86051018117382,76.70532323418634,74.30706700604877,76.58880615234375,31368435
2024-11-06,76.59850919727441,77.03543524170784,75.24888463324935,75.62755584716797,29805336
2024-11-07,74.81195836774664,77.23934173583984,74.64689066879883,77.23934173583984,31626094
2024-11-08,77.90929793726949,81.16199031212241,77.90929793726949,79.19095611572266,47187458
2024-11-11,78.01610380936677,78.89967495458458,77.26847295461722,78.52100372314453,27418908
2024-11-12,79.42398545777668,80.56971068494022,77.821910979689,78.1617431640625,28834445
2024-11-13,77.33644011644283,78.16174902835259,77.26847367446877,77.5888900756836,16756171
2024-11-14,77.20050525361579,77.58888808684927,75.72465196888587,75.80233001708984,17497230
2024-11-15,75.80233170712161,76.56938578271813,74.56922414748327,74.75370025634766,18863374
2024-11-18,74.76341553482995,76.51113470525243,73.79246208632566,74.14200592041016,22683539
2024-11-19,74.47212291982238,74.95759962049343,73.98664621915135,74.88963317871094,13470555
2024-11-20,74.76340859366485,74.8119592246973,73.79245523530557,74.55950927734375,19716185
2024-11-21,74.88963144064978,74.99643690494156,74.04490674207021,74.45270538330078,14189779
2024-11-22,74.07403346538577,74.27793278409402,71.6272268253141,71.74374389648438,31017748
2024-11-25,71.74374076421373,72.27776805736278,70.3552772098122,70.87959289550781,17975569
2024-11-26,70.60773693065399,71.31652880944048,70.20964245555953,70.78250885009766,10605210
2024-11-27,70.76308088274587,72.38457868510801,70.4717993084158,72.31661224365234,15098061
2024-11-28,71.93793283301456,72.50108757491998,71.51071838035051,71.76316833496094,11117685
2024-11-29,71.85055609135104,72.82150955204497,70.9669848863818,72.13213348388672,17408767
2024-12-02,72.04473556794927,73.2972662777067,71.75345400777842,73.2001724243164,16328711
2024-12-03,73.19046553774997,73.24872777977126,72.45254627815576,72.8797607421875,12377074
2024-12-04,72.82150647277196,72.82150647277196,71.12233798840727,71.26798248291016,23786579
2024-12-05,70.89901778580393,71.0640855025159,69.90864852446691,70.22906494140625,19394673
2024-12-06,70.24847571693475,71.8311344708212,70.24847571693475,71.49129486083984,17351580
2024-12-09,71.55925893647866,71.90880273512398,70.7825007011005,71.0446548461914,14904562
2024-12-10,72.96714351518376,73.88954620651975,72.0059018020945,72.2195053100586,32281195
2024-12-11,71.94763778111944,72.87004785736367,71.85054393303734,72.72440338134766,14112463
2024-12-12,72.68556766849225,74.41386342948007,72.41370191837544,74.13228607177734,25997102
2024-12-13,73.70507535676045,73.7439069734905,72.50108782010757,72.57876586914062,19693820
2024-12-16,72.57876691254307,73.05453200608385,71.2388538824993,71.38449096679688,13140272
2024-12-17,71.2194340631119,73.48175737907319,71.10292439011653,72.92831420898438,19235609
2024-12-18,73.03511290925921,74.11287173125801,72.47195818270761,72.53992462158203,14857075
2024-12-19,72.17096326339988,72.60788930161048,71.5883927431904,72.10299682617188,8382717
2024-12-20,72.11270021628144,72.30689532602833,71.22913654223761,71.54955291748047,12867095
2024-12-23,71.5398424533646,72.7923731520519,71.49129182320546,71.97676849365234,13427799
2024-12-24,71.98648374893354,73.20988709463198,71.73403379332892,72.7146987915039,15585460
2024-12-25,72.82150130171149,72.82150130171149,70.91843362329445,71.18058776855469,18645431
2024-12-26,71.18059052156033,71.26798017855111,70.47179869650378,70.957275390625,16729081
2024-12-27,70.96698216645477,71.06408343503222,70.30674094996327,70.86988830566406,16667600
2024-12-30,70.76308280074461,71.83113749226357,70.53976766181738,70.73395538330078,18682366
2024-12-31,70.51063411443012,70.83104308624385,69.26780761850833,69.27751922607422,23627566
2025-01-02,69.27752131798839,69.27752131798839,67.38416521370118,67.69486999511719,25730689
2025-01-03,67.69486730454952,69.07361925429721,67.6754440896032,68.05411529541016,17704391
2025-01-06,68.08325961244603,68.65611860088863,67.65603771748066,68.21919250488281,14387406
2025-01-07,68.08325498046526,68.3551207468427,67.17055641523821,67.46184539794922,16324021
2025-01-08,67.46184356791308,67.46184356791308,65.80150678240143,66.2190170288086,22425926
2025-01-09,66.13163079290152,66.44233555699368,65.55876448573372,65.74324798583984,15782366
2025-01-10,65.85005708738514,66.1219228450387,63.9858283996582,63.9858283996582,23510311
2025-01-13,63.976118236479564,65.14125934067296,63.54889637464163,64.75288391113281,15159732
2025-01-14,64.75288422952126,66.01511919730606,64.35478978216277,65.84034729003906,17833193
2025-01-15,66.02483448540825,66.12192834868235,64.95678717381932,65.22865295410156,11257368
2025-01-16,65.21894147324218,66.99578806500911,65.19952566366408,65.77238464355469,19276466
2025-01-17,65.68500438386314,67.27736749796274,65.49080924324907,66.61711883544922,18526217
2025-01-20,67.28706981845839,67.7531232760226,66.52971998629077,66.72391510009766,16045306
2025-01-21,66.99578349377248,67.04433412608543,65.09271575013013,65.55876922607422,18853657
2025-01-22,65.35487436364967,65.8015120618153,64.13147834998219,65.77238464355469,23411118
2025-01-23,66.05395669054056,66.75304430340016,65.94715122703221,66.08308410644531,17196434
2025-01-24,66.08308751393943,66.52972519901087,65.74325529788362,66.00541687011719,14046359
2025-01-27,66.02482464527155,66.9957779488785,66.01511303805546,66.5394287109375,16029355
2025-02-05,66.5976932007954,66.80159994298761,65.24806850559825,65.76268005371094,13156290
2025-02-06,65.70441482297467,65.81122028963472,64.56840112244848,65.17039489746094,21932744
2025-02-07,65.05387887257481,67.28707469250921,64.60724119014526,66.8113021850586,38405832
2025-02-10,67.18997293313586,69.52026259606603,67.04433584802936,69.2289810180664,35801009
2025-02-11,68.95710780336692,69.17071873845529,68.51047012444882,69.09304809570312,14777907
2025-02-12,69.10275275935207,69.77271298611306,68.77263215402947,69.37461853027344,17711431
2025-02-13,69.45229160904638,71.84083594972142,69.42316419393109,71.17088317871094,37438107
2025-02-14,70.86988677768899,70.86988677768899,68.18034911206126,68.41337585449219,40050930
2025-02-17,68.42308523859741,68.50076328614497,67.39387703584435,68.3745346069336,22546535
2025-02-18,67.89876717741033,69.26780753102938,67.67544465039326,67.92789459228516,22106557
2025-02-19,67.87935731262559,68.02499439974956,67.22881288972934,67.62690734863281,20489235
2025-02-20,67.43271294206309,67.43271294206309,66.14135050641035,66.5588607788086,25882839
2025-02-21,66.55885782330101,66.81130037100253,65.49080316846198,66.10250854492188,23094678
2025-02-24,65.83063618158845,66.67536080491344,65.73353492612907,66.12191772460938,19101484
2025-02-25,65.70441134692028,65.9665728995024,64.9470689199696,65.11212921142578,21291300
2025-02-26,65.28690332389282,66.51030665925047,65.28690332389282,66.36466217041016,22243466
2025-02-27,66.36465537501267,67.2288032037848,66.00540740148298,66.91809844970703,20499626
2025-02-28,66.89869184454844,68.539598080308,66.66566509888665,66.8113021850586,26509497
2025-03-03,66.81129582898468,68.1220887421237,66.71420197817815,66.9666519165039,19287221
2025-03-04,66.6171079280829,66.9666517161695,65.93744356668451,66.42292022705078,15721478
2025-03-05,66.41321166906218,66.50059391620304,65.87918435502473,65.93744659423828,11649243
2025-03-06,66.31611955669041,66.73362981105807,65.83064286127625,66.37437438964844,14334485
2025-03-07,66.37437347298385,67.15113913803359,65.9665748323366,66.62682342529297,18458594
2025-03-10,66.62682458504028,67.66574442065121,66.17047530446405,67.18997192382812,16696246
2025-03-11,66.52972232830369,67.1705551147461,66.21901754306124,67.1705551147461,15825855
2025-03-12,67.1705573534506,67.28707442971978,65.83064431139499,65.85977172851562,28328124
2025-03-13,66.01512490001643,66.49089743787906,65.71413169230563,66.0733871459961,14144080
2025-03-14,66.11221011473133,68.24831193163142,66.02482786887752,67.8113784790039,36047264
2025-03-17,68.20947245325326,69.6853182775134,68.19005664578854,68.74349975585938,23717558
2025-03-18,67.57835234641368,67.57835234641368,66.19960035365425,66.6073989868164,39194608
2025-03-19,66.39378888593451,67.94732020678747,66.37437307792771,67.2967758178711,22302496
2025-03-20,67.03462136313365,67.21910487340074,66.26756731408027,66.34524536132812,18501613
2025-03-21,66.27728126009443,66.78217376944471,65.4034217171934,65.4422607421875,22393709
2025-03-24,65.4034181792312,65.62673330113401,64.84026345896001,65.11212921142578,18365458
2025-03-25,65.15097010195757,66.55885694299448,64.7625872696789,66.49089050292969,24986829
2025-03-26,66.44234013534658,66.47146755152076,65.95686344501314,66.0927963256836,12113177
2025-03-27,66.12191849407509,66.9957779488785,66.10250268742871,66.5394287109375,17134570
2025-03-28,66.5491410141303,66.93752382119197,65.57818770036904,65.74324798583984,14128109
2025-03-31,66.1122106419292,66.55885570580865,65.12184147542446,65.25777435302734,15255387
2025-04-01,65.2674875316424,65.67528617426588,64.9373595296712,65.15097045898438,14321592
2025-04-02,65.15096523691163,65.1898042580179,64.58781054254956,64.65577697753906,17074298
2025-04-03,63.68483036101893,64.08292481332413,63.50035425112395,63.830474853515625,19527941
2025-04-07,60.975870979142506,60.975870979142506,57.45130920410156,57.45130920410156,44923037
2025-04-08,58.45139584996321,58.499942779541016,56.19878424173467,58.499942779541016,43535250
2025-04-09,57.4513107024618,58.422264099121094,56.80077370456884,58.422264099121094,32119283
2025-04-10,59.69421531037008,59.70392691866792,58.26691260984102,59.11164474487305,26634866
2025-04-11,58.59703390939123,58.742678395234186,57.917369519172446,58.451393127441406,18392126
2025-04-14,58.49023291843066,58.694132238172095,57.58724598369776,57.72317886352539,24103249
2025-04-15,56.664839734916754,56.6842592469447,53.61604672050055,54.62583541870117,66961648
2025-04-16,54.635546636075944,54.66467405196303,52.97521726043503,53.74226760864258,41917900
2025-04-17,53.2082416462976,53.66459089581208,52.99463443273395,53.29562759399414,34415318
2025-04-18,53.31504885152163,53.45098172930403,53.01405197650838,53.39272689819336,20829460
2025-04-21,53.285923213467065,53.285923213467065,52.324677725251604,52.683929443359375,34094355
2025-04-22,52.431484851109715,52.96550849307383,52.324679381938225,52.50916290283203,23371105
2025-04-23,52.742185639589025,54.05297117963462,52.742185639589025,53.45098114013672,39600723
2025-04-24,53.56749592928457,53.56749592928457,52.64509318600442,52.868412017822266,21166636
2025-04-25,53.30534187404301,55.334634579945465,53.295630266093696,54.42193603515625,48682498
2025-04-28,54.42193841040935,54.42193841040935,53.52866304253163,53.586917877197266,22199762
2025-04-29,53.6063338484409,53.61604545617246,52.761605466557654,52.91695785522461,21737417
2025-04-30,52.81986447898584,53.52865999018269,52.72276692025762,52.858699798583984,16734818
2025-05-06,53.28592526041026,53.499532496302294,52.91696192002452,53.460697174072266,26681004
2025-05-07,54.37338942078402,54.47048327747814,53.37330862204043,53.8199462890625,26625797
2025-05-08,53.42185665342868,54.0821052634823,53.28592376969292,53.8393669128418,20416572
2025-05-09,53.7811042581098,53.7811042581098,53.091728283999885,53.29562759399414,17843457
2025-05-12,53.87820669252251,55.810401916503906,53.79082073691223,55.810401916503906,61348712
2025-05-13,56.3152962531716,56.41239010998185,55.130731939841816,55.305503845214844,33823697
2025-05-14,55.29579654067203,56.62600165364081,55.14044414575519,56.59687423706055,38097060
2025-05-15,56.344422804105186,56.72309402530008,55.616207777532495,55.7618522644043,24683339
2025-05-16,55.48998793176379,55.52882325255309,54.975380114453046,55.179283142089844,18626262
2025-05-19,55.17928251014543,55.28608427095942,54.519033913676516,55.10160446166992,14391978
2025-05-20,55.01421803063223,55.43172827782401,54.67438583124041,55.15986251831055,14292053
2025-05-21,54.897707816905374,55.40260404493369,54.86857669536011,55.01422119140625,12864948
2025-05-22,54.95596191392264,54.95596191392264,54.41223037096087,54.528743743896484,13073383
2025-05-23,54.936545581992526,55.392891164934646,54.43164936555388,54.45106887817383,21523374
2025-05-26,54.46077424806169,54.55786810274959,53.72285132231151,53.8005256652832,18502631
2025-05-27,53.81994664757614,53.917040504917026,53.305342536661584,53.35388946533203,14235125
2025-05-28,53.50924345684299,53.538370874136156,53.285924615177535,53.3150520324707,9650691
2025-05-29,53.38301814278818,53.91704177856445,53.06260544287975,53.91704177856445,14399844
2025-05-30,53.99575196004901,53.99575196004901,53.05121702171747,53.26767349243164,15057625
2025-06-03,53.188964436956766,53.50380816532285,53.12992983042564,53.26767349243164,12192825
2025-06-04,53.26767596277256,53.73994157722346,53.13976951930665,53.54316329956055,11598420
2025-06-05,53.6218730431309,53.7005858509847,53.208642061598184,53.385738372802734,15628547
2025-06-06,53.40541941138407,54.89109183605317,53.37590398348781,53.99575424194336,24316057
2025-06-09,54.182691077654,54.70415031661011,53.91704096915746,54.28107833862305,18201766
2025-06-10,54.29092001097293,54.487698288661,53.434938819248345,53.74978256225586,20707883
2025-06-11,53.75961699792485,54.2515607900043,53.651388763150045,54.13349533081055,15600458
2025-06-12,54.09414137431678,54.103982352414285,53.54316295109317,53.62187576293945,16310325
2025-06-13,53.43493793471386,54.3302755178018,53.1299314216846,53.5333251953125,20905099
2025-06-16,53.48413291053744,53.96623575412605,53.13976998331208,53.25783920288086,18996146
2025-06-17,53.26767424678347,53.39558068612895,53.01186512132587,53.110252380371094,13234143
2025-06-18,53.16928898465414,53.523489135693254,52.98234793092043,53.090576171875,13009600
2025-06-19,53.0807378122869,53.10041601506106,52.38217850335459,52.53960037231445,16777705
2025-06-20,52.53960036209091,52.952831360567615,52.33298110961914,52.33298110961914,14022437
2025-06-23,52.04765776808664,52.04765776808664,51.260544651824326,51.683616638183594,21746850
2025-06-24,51.69345716614024,52.44121011619595,51.64426353511072,52.382179260253906,23734345
2025-06-25,52.38217845242799,52.8249248780992,51.97878467903344,52.7462158203125,25432734
2025-06-26,52.65766399307314,52.92331409137827,52.303463861999646,52.31330108642578,20158684
2025-06-27,52.31330197996408,53.10041506389762,52.2444301481049,52.52975845336914,24033675
2025-06-30,52.5297572301755,53.44477297869309,52.37233536770114,53.385738372802734,24287123
2025-07-01,53.15944600989371,53.61203715990847,53.06105875084848,53.110252380371094,16193680
2025-07-02,53.110254145650245,54.10398275991002,52.9331540708957,53.3365478515625,31432369
2025-07-03,53.34638627275984,54.09413918892316,53.129929802160824,53.680908203125,26359187
2025-07-04,53.69074859131752,53.77929862966826,53.04138289448992,53.218482971191406,22673594
2025-07-07,53.2184829143363,54.09414231862841,53.0610610411291,53.42509841918945,18601607
2025-07-08,53.425097508851096,54.89109172761547,53.139769195639445,54.40898513793945,36920262
2025-07-09,54.43850262338664,54.54672710649934,53.484130451862555,53.56283950805664,26512901
2025-07-10,53.572679863059044,55.88481419122705,53.572679863059044,55.5010986328125,67177933
2025-07-11,55.274807256864236,55.609329200607775,54.82221984863281,54.82221984863281,40142196
2025-07-14,54.832056407450345,55.14690014441594,54.34011259928743,54.35979080200195,26306997
2025-07-15,54.359789024779104,54.55656729225753,53.62187333665993,54.13349533081055,24515288
2025-07-16,54.11381988159831,54.202369918806625,53.82849156690112,53.956398010253906,15557674
2025-07-17,54.005589254726154,54.43850219671726,53.83833016585381,54.26140213012695,22301842
2025-07-18,54.62544173650052,58.9939014680155,54.41882623471741,58.75777053833008,117891341
2025-07-21,59.02341765753379,59.37761403410939,58.05920452495041,58.974220275878906,62816266
2025-07-22,59.42681484836569,62.034114837646484,58.934871029267406,62.034114837646484,103083619
2025-07-23,61.98492130359363,62.26040864168599,60.66651171621325,60.83377456665039,68232808
2025-07-24,60.26311472328554,61.69958969999521,60.253277498835,61.502811431884766,51084950
2025-07-25,61.57168769121203,63.5984937412472,61.56184671342027,61.965240478515625,54633589
2025-07-28,61.001030943289344,61.94556213453848,60.5582807745059,61.59136199951172,39806861
2025-07-29,61.60120216675964,62.132502362309154,60.83377105312141,60.961673736572266,30787500
2025-07-30,61.55201114986884,63.90349821905451,61.512654744106435,62.81138610839844,66258711
2025-07-31,62.772028329700305,62.772028329700305,60.82393132587064,61.30603790283203,51526496
2025-08-01,60.41070013694414,60.882965734522145,59.6826216615739,59.93843078613281,39395840
2025-08-04,59.42681462256538,59.800689221331375,58.954545255180015,59.505523681640625,25582107
2025-08-05,59.60391517671594,60.26311809555607,59.525202363773744,60.00730895996094,22796321
2025-08-06,60.00730567978781,60.371343036662374,59.5940709408969,60.095855712890625,19745852
2025-08-07,60.20408039763624,60.55828053124015,59.269390187911064,59.64326477050781,22405653
2025-08-08,59.82036590576172,60.46973157788945,59.328422101021516,59.82036590576172,20918231
2025-08-11,60.08601481763633,60.80425230790764,60.017142986598905,60.469730377197266,26356426
2025-08-12,60.09585668974378,63.45090951802376,59.9187566206594,61.886531829833984,63386985
2025-08-13,61.89636864690666,62.14234054643391,61.3060375893346,61.965240478515625,31320004
2025-08-14,61.97508077664315,62.447346368168255,61.05022404249404,61.502811431884766,30667375
2025-08-15,61.14861665236935,62.6244480719448,61.099419269130124,61.97508239746094,30961211
2025-08-18,62.03411453582059,62.67364299883013,61.620883531340674,61.69959259033203,39525376
2025-08-19,61.8865322643831,63.16558165544767,61.12893835314328,61.18796920776367,38199652
2025-08-20,61.187970000847194,62.07347036396418,60.577960724718515,62.02427673339844,33723286
2025-08-21,62.14233787090105,64.9365786793541,62.14233787090105,64.54302215576172,78560188
2025-08-22,64.78899903436577,66.39274067788386,64.35609358089403,66.08773040771484,56403843
2025-08-25,66.166442319336,67.66194819605032,65.52691386625723,67.07161712646484,51398126
2025-08-26,67.07161971055824,69.63956709333478,66.62887326792797,68.50809478759766,55644267
2025-08-27,68.51792988174336,69.10826092337592,66.95355224609375,66.95355224609375,48742153
2025-08-28,66.74692878554173,68.03582659968426,65.4285230519595,67.03225708007812,48533712
2025-08-29,67.04210253221665,68.00631571281494,66.9633897202358,67.49468994140625,36142930
2025-09-01,67.49468983485552,68.72454937086407,66.9043587588648,67.90792083740234,40327747
2025-09-02,67.9079224714326,68.09486352747356,65.87127533105442,66.18611907958984,38569219
2025-09-03,66.18611518419635,66.86500002652222,64.83819398376762,65.81224060058594,28423267
2025-09-04,65.02513032053918,65.52691511717605,62.752352281337366,63.6476936340332,50202587
2025-09-05,63.598498286819115,65.05465533894157,63.470595592251364,64.78900146484375,32433829
2025-09-08,64.81851352290616,68.80326137540482,64.71028528448997,68.47857666015625,63091866
2025-09-09,68.52777531022203,69.06890900583807,66.72725913580076,67.41597747802734,40363265
2025-09-10,66.7469287330689,67.27822891836038,65.88111037914928,66.45176696777344,24439288
2025-09-11,66.21564040711202,67.39630255884072,65.7433710425404,67.32743072509766,31929465
2025-09-12,67.33726706327472,67.60291340184573,66.01885382843916,66.69773864746094,26377407
2025-09-15,66.6977416943975,67.97679107798919,66.41241338795471,66.64854431152344,20992510
2025-09-16,66.71741285965187,66.95355127806391,64.93657878297586,65.53675079345703,28411348
2025-09-17,65.25142823408584,66.41241595398455,64.99561534489676,65.93031311035156,21218175
2025-09-18,65.9401432190574,65.99918157906967,64.29705273932653,64.81851196289062,31400989
2025-09-19,64.60206473124987,65.44820117848658,64.25769805908203,64.25769805908203,29306287
2025-09-22,64.16915274568959,64.16915274568959,62.486702037645514,63.067195892333984,28756259
2025-09-23,63.08687765403459,63.37220596803574,61.581527025165364,62.31944274902344,26888260
2025-09-24,62.04395571257667,62.89009592730131,61.98492110321907,62.65396499633789,21565093
2025-09-25,62.634286404551304,64.29705514885396,62.526058164684045,63.51978302001953,28523559
2025-09-26,63.44107752537368,63.824793099589364,62.87042089985968,62.9786491394043,20929825
2025-09-29,63.16557845583337,65.45803827604757,62.673638428237744,64.87754821777344,32937169
2025-09-30,64.81851444959999,65.78272763114745,64.20850892231508,65.50724029541016,29317411
2025-10-09,65.50723778796124,66.75677172907416,64.24786286910098,66.63871002197266,33534000
2025-10-10,66.41241257258372,67.69146944693865,65.58595059700666,66.63871002197266,32891739
2025-10-13,64.07076720447365,65.70401681882514,63.9428570043691,65.28094482421875,30609372
2025-10-14,65.4678837760767,66.36321761567339,63.50010851682511,63.72639846801758,30632849
2025-10-15,63.65752487681162,64.5036688154477,63.03767838958753,63.706722259521484,20885678
2025-10-16,63.77559477766162,63.77559477766162,61.542169445649435,61.97508239746094,35112383
2025-10-17,61.94556248586903,62.62444733293178,60.50908748854304,60.518924713134766,30134579
2025-10-20,61.03054889385008,61.03054889385008,59.63343025150829,59.87940216064453,25936926
2025-10-21,60.10569434958226,60.558281750193515,59.623587768420954,60.194244384765625,19125897
2025-10-22,60.21392183342865,60.58780017210289,59.830206270183155,60.35166549682617,15852472
2025-10-23,60.253278374234654,61.788140630682406,59.86955905688937,61.719268798828125,22594242
2025-10-24,61.67991465659049,61.95540574734679,60.026983124986664,60.459896087646484,31069641
2025-10-27,61.001032452762374,62.28008560838329,60.81409515608729,61.48313903808594,36791759
2025-10-28,61.65039809173451,61.65039809173451,60.420538567279834,60.489410400390625,24770419
2025-10-29,60.41070182837028,61.44378308657425,60.04666070387577,60.99119567871094,26962542
2025-10-30,61.00103035772106,61.24700225432478,60.194242837119546,60.715702056884766,28086699
2025-10-31,60.88296821167979,62.30960604026965,60.873127233469425,61.62088394165039,31184857
2025-11-03,61.83733430793227,61.945562544710775,60.666509412270834,61.51265335083008,18291773
2025-11-04,61.345390988335446,61.83733479338459,60.125372453624244,60.60747528076172,18933855
2025-11-05,60.125372157732954,61.07974433586629,59.71213741184394,60.47957229614258,17793560
2025-11-06,60.31231121244781,61.44378349282046,60.31231121244781,60.705867767333984,20536310
2025-11-07,60.69602248452925,64.45447643275989,60.361500562570846,64.21833801269531,76216000
2025-11-10,65.13335971204751,67.67179166169261,65.08416983321277,66.76661682128906,78664160
2025-11-11,66.31402986445308,67.38646381202902,65.67450138339623,66.85516357421875,37354469
2025-11-12,66.90435990029664,67.39630372309293,66.14676971603582,66.67806243896484,29905691
2025-11-13,66.31403009370177,68.04567448516597,66.31403009370177,67.60292053222656,41645840
2025-11-14,66.31402578873923,67.1798441750307,64.73980712890625,64.73980712890625,50450296
2025-11-17,64.0314059630547,66.58951218794311,64.0314059630547,65.31045532226562,32643084
2025-11-18,65.33014007045996,65.68434021743666,63.97237033822702,64.34625244140625,23416199
2025-11-19,64.14946656786258,64.93657962652829,63.95269205642938,64.55286407470703,16299274
2025-11-20,64.90706757676396,65.39901138740312,63.1459078338998,63.26397705078125,20779325
2025-11-21,62.821223891901475,62.8999367041263,61.325717991964524,61.69959259033203,29871474
2025-11-24,62.407992535019964,62.62444901418248,61.256842058749726,61.77830505371094,24233482
2025-11-25,61.984920327652475,63.0671952130324,61.91604849421376,62.02427673339844,21653463
2025-11-26,62.04395373799371,62.85074127403698,61.807819061311925,62.673641204833984,16865100
2025-11-27,62.37847674541373,65.26126777856314,62.32927936171964,64.83819580078125,37808866
2025-11-28,64.82835106386027,66.88467997827986,64.78899466048034,66.03853607177734,38835522
2025-12-01,65.89095127845681,67.08145432860934,65.52691017791112,66.86499786376953,31290308
2025-12-02,66.70758429777099,66.99290510469964,65.82208392972738,65.92047119140625,20528297
2025-12-03,66.1172475961864,68.25228951835346,66.04837576040471,67.10113525390625,45965755
2025-12-04,66.9732312646025,67.69147254368345,66.17628467934216,66.58951568603516,19112102
2025-12-05,66.72725439449526,69.53133245498388,66.60918518430285,68.85245513916016,49644630
2025-12-08,69.0689108080454,69.56085463860546,68.2621232261856,68.84262084960938,32980285
2025-12-09,68.84262120876322,69.85602430396915,67.88824897146299,68.18341827392578,33206086
2025-12-10,67.85873354251014,68.3113209682105,66.80597403987802,68.18341827392578,23836299
2025-12-11,68.19324509807002,69.36407370884172,67.0814548459158,67.36678314208984,19939222
2025-12-12,67.36678314208984,67.70130131290094,66.44192642390269,67.36678314208984,22545949
2025-12-15,67.337271510259,69.84618045211067,66.90435855284765,68.56713104248047,35282360
2025-12-16,68.42938365732954,69.05907110309597,66.88468046904835,68.94100189208984,28023480
2025-12-17,68.62616059926621,73.67350132165842,68.62616059926621,73.02413940429688,70113383
2025-12-18,73.03397802545152,75.74950232892435,72.66009594265756,74.32286834716797,50672310
2025-12-19,73.86044441604976,74.85417302863007,73.86044441604976,74.37206268310547,24316829
2025-12-22,74.37205800845895,74.96239655718203,73.89979617724025,74.56884002685547,26472838
2025-12-23,74.58851629494437,74.95255740800836,73.299625945489,73.59479522705078,25929325
2025-12-24,73.77189508482817,76.12338583345647,73.65382587124601,75.82821655273438,34606152
2025-12-25,75.84788885495459,77.23517392602918,75.43465787881313,75.47401428222656,24515318
2025-12-26,75.36578771236074,76.74323183635792,74.48028738218638,75.73966979980469,27102918
2025-12-29,75.6806324470849,75.9561197742564,74.48028837315194,74.92304229736328,21379964
2025-12-30,74.28351459255465,76.73339264088253,73.81124523667053,75.75934600830078,26628429
2025-12-31,75.56257300213207,76.1824195068315,74.86400617899747,75.44450378417969,16402835
2026-01-05,75.95611995882199,77.54017960037388,75.00175528922077,76.08403015136719,26156140
2026-01-06,75.78885929665391,82.03654394569583,75.78885929665391,81.61347198486328,58461093
2026-01-07,80.92475278033369,82.31203785967188,80.08844984559921,80.60990905761719,32322327
2026-01-08,80.60007102091603,80.60007102091603,77.16630537186718,78.406005859375,46547605
2026-01-09,78.71100824061159,79.31118027896359,77.14663055493345,78.07147979736328,33361851
2026-01-12,78.05180242166726,78.59293607915212,76.40871198780268,76.88097381591797,37575205
2026-01-13,76.82194581501058,78.83891089652491,76.5169355537975,77.4909896850586,35511188
2026-01-14,77.40244047345088,79.26198755184231,76.54646301269531,76.54646301269531,41867618
2026-01-15,76.25129152900038,79.6358673873248,76.06435047673084,78.1797103881836,39913965
2026-01-16,78.85859691253057,79.87199999438509,76.74323695666249,77.4516372680664,33361211
2026-01-19,76.64484760002014,81.45605749273481,76.14306280873124,81.07234191894531,50734380
2026-01-20,81.05265995558031,85.56870806384475,80.796854577388,84.6340103149414,69698585
2026-01-21,84.81111008866637,85.293220428528,82.44978579895577,82.72527313232422,47391462
2026-01-22,83.79770321404581,84.90950098128906,82.4497820363672,83.92561340332031,45492207
2026-01-23,84.26013554591486,85.0669230975954,82.44978592027731,82.89253234863281,39709089
2026-01-26,82.89252899834321,86.464038227932,82.63671612454955,83.6009292602539,55512198
2026-01-27,83.58125328580897,86.07049535827653,82.1841346173255,83.33528137207031,44754634
2026-01-28,83.33528137958511,88.53021450364638,83.33528137958511,85.90322875976562,81065182
2026-01-29,86.68049665985706,88.52036918694503,84.80127523418687,86.18855285644531,61152217
2026-01-30,85.55886842591885,88.16617217785324,83.81739060286449,86.55259704589844,49190201
2026-02-02,85.20466206929366,85.55886219504667,78.29777463004282,79.03569030761719,82870072
2026-02-03,80.36394280241457,82.29236167764522,80.08845546401976,81.9971923828125,42700097
2026-02-04,82.44978246091041,83.82721907198602,81.64299494308047,83.43367004394531,31262115
2026-02-05,84.4077154723628,84.99804651265887,81.17072446853844,82.2628402709961,27227242
2026-02-06,80.6197550794414,87.03469914609151,80.2065165685161,85.30305480957031,54363293
2026-02-09,85.45063794053864,86.87727948748902,84.2798167820025,85.6178970336914,34252439
2026-02-10,85.26370352943601,85.26370352943601,82.67607432180951,84.61433410644531,32274504
2026-02-11,84.21093559555798,88.43181427600753,83.41398904622041,87.41841125488281,49790969
2026-02-12,87.36922061511326,88.07761337140452,86.28693826564069,86.58210754394531,27602811
2026-02-13,85.60805986951046,85.65724974430412,83.2860845956019,83.5910873413086,34240209
2026-02-24,84.98820759648895,85.98193616741057,83.40414797095315,85.84419250488281,29640230
2026-02-25,86.46404075094806,90.75379134527837,86.38533544680203,88.26455688476562,63119485
2026-02-26,88.24487999147209,90.79314523613883,87.82180802922834,88.5695571899414,41639103
2026-02-27,88.56956035321296,92.76092372112907,88.47117309239118,91.50154876708984,46742493
2026-03-02,91.59993364238188,93.66609609169777,90.39958957480282,92.80027770996094,51307052
2026-03-03,93.46932638197663,93.91207282014655,89.33700127083395,89.62232208251953,49528741
2026-03-04,87.62502956057469,88.80569921553467,85.83435438169556,87.03469848632812,44194653
2026-03-05,88.54004371732374,88.99263111610104,86.27710672343726,87.76277160644531,30058218
2026-03-06,87.22163911637418,91.97381812808798,86.18855411157836,91.50154876708984,38044628
2026-03-09,92.47559443483767,95.4370982450781,87.57583833680454,88.51052856445312,69314803
2026-03-10,86.6116267332572,87.76277345701607,85.59822367696688,86.78872680664062,42417436
2026-03-11,86.78872475744586,88.84505375576019,83.31560271198329,88.00874328613281,61656514
2026-03-12,87.96939544608301,88.84505482476544,85.10627887728083,85.20466613769531,52975470
2026-03-13,84.91933822141377,86.56243625446223,82.81381931162808,83.13850402832031,49137122
2026-03-16,82.74494554486887,82.84333280344018,76.86130190858474,78.15019226074219,79853882
2026-03-17,78.67165574582575,81.16089030411945,78.59294293212096,78.85859680175781,43674654
2026-03-18,78.90778715180576,79.57683105935854,77.77632235052619,79.36038208007812,27604384
2026-03-19,78.711008789222,79.25214997723461,76.74323356949145,77.16630554199219,35235387
2026-03-20,77.15646461365507,78.12067777478792,75.75934600830078,75.75934600830078,42252958
2026-03-23,74.21464549985822,75.7298333767364,72.17799837120042,73.8014144897461,45066069
2026-03-24,74.57868212921032,74.81481304838107,72.36493505750974,73.91947174072266,31862778
2026-03-25,75.11981922397469,78.06164114270817,75.07062934624038,77.18598175048828,38063871
2026-03-26,76.74323742264562,79.58667215740319,76.34968085764632,77.95342254638672,33646230
2026-03-27,76.7432367347223,79.53747405888235,76.58581110754689,78.69133758544922,27993247
2026-03-30,77.68776407185149,79.44892377836462,77.6287332178626,79.3111801147461,26240849
2026-03-31,79.40956897324534,79.8916718056221,77.94357852007784,78.16986846923828,18698095
2026-04-01,79.59650740074753,82.07590082060464,79.59650740074753,81.5347671508789,36932112
2026-04-02,81.2789549657422,82.11525792166277,80.5803956728454,81.3773422241211,21918899
2026-04-03,81.95784038126814,82.92204602916068,80.70829892109306,81.05265808105469,24940303
2026-04-07,80.4820106220767,85.38176678453179,80.4820106220767,84.8799819946289,42361030
2026-04-08,83.63044825604261,85.60806448720211,82.6367196514248,85.04724884033203,38249893
2026-04-09,84.5257869822944,86.38533393836735,84.21093574534099,86.1787109375,29631530
2026-04-10,86.44436928417826,88.15633168850874,85.59822530706236,87.63487243652344,29127675
2026-04-13,87.6348663433819,91.6392884888358,86.91662510801326,90.71443176269531,41848520
2026-04-14,90.55701317671405,90.70459781405027,87.62502490448271,89.21892547607422,40211503
2026-04-15,88.54004051334161,89.51409461439707,86.6214627502926,87.64470672607422,36689458
2026-04-16,87.56599481421323,89.88797010868048,87.45776657965587,88.64826965332031,26747428
2026-04-17,88.05794093786184,88.74665926104613,86.09016572137331,86.3558120727539,34332940
2026-04-20,86.09016782488962,87.54632482351606,85.27353928854147,86.12952423095703,29839915
2026-04-21,86.06064781687182,87.11340722713042,81.70202553755567,86.080322265625,42291491
2026-04-22,86.08032602828116,88.30391415791229,85.68676947781603,86.28694152832031,31422964
2026-04-23,86.28693706710595,87.46760665745825,84.62417217472115,86.23774719238281,34792098
2026-04-24,86.68049710528133,89.16973156230152,86.58210984538675,88.09729766845703,38758973
2026-04-27,88.05794300824356,89.45506164324686,87.07405537686653,87.53648376464844,29439935
2026-04-28,87.0740558560674,88.88440550466004,86.97566859368162,88.03826904296875,25455283
2026-04-29,87.61519198315676,88.99262858969381,87.10356623804314,88.89424133300781,30566526
2026-04-30,88.54988506914555,89.2484443728039,87.08389462925594,88.09729766845703,23258542
2026-05-06,88.11697411992161,88.32358962233471,85.3030548854952,88.28424072265625,35932360
2026-05-07,87.2314767149773,87.55615391246425,82.44978246091041,83.43367004394531,69520837
2026-05-08,83.43367566450361,84.00432479619138,82.06607243247305,82.25300598144531,32557102
2026-05-11,82.26284649159379,82.99092124613271,81.76106169148798,82.16445922851562,33804429
2026-05-12,82.13493909053103,82.80398295015273,81.21992333408468,81.947998046875,27657148
2026-05-13,82.24316347266704,82.33171726282035,81.17072955797488,81.98735809326172,24447392
2026-05-14,81.9086458378018,84.26997766955435,80.58039902821193,80.6689453125,34796946
2026-05-15,81.07234177920067,82.49897583247517,80.11796958217604,80.4918441772461,28304797
2026-05-18,79.99006934012327,80.01958476873338,77.855027424231,78.61262512207031,34749164
2026-05-19,78.72084757403849,78.9077811103077,77.09743156169435,78.21906280517578,23610453
2026-05-20,77.72711944580078,78.70116605603245,76.77274728448225,77.72711944580078,25630205
2026-05-21,78.04196354473967,79.46859755142242,76.24144744873047,76.24144744873047,28095163
2026-05-22,76.74323178578608,77.23517557928471,75.59208511055127,76.73339080810547,21984710
2026-05-25,77.2351790942077,78.12067946409708,75.267403830661,75.61176300048828,28384366
2026-05-26,75.26740142120335,76.52677634852346,74.87384487979915,76.33000183105469,27364583
2026-05-27,76.5,76.51000213623047,74.62000274658203,75.04000091552734,24304329
2026-05-28,75.04000091552734,75.69999694824219,72.83000183105469,73.8499984741211,30996115
2026-05-29,73.8499984741211,74.91000366210938,73.11000061035156,73.44999694824219,26179814
2026-06-01,73.41000366210938,76.44000244140625,72.58999633789062,75.8499984741211,44626321
2026-06-02,75.8499984741211,76.0,74.36000061035156,75.16000366210938,30096841
2026-06-03,75.0,75.08000183105469,73.01000213623047,74.16999816894531,37269724
2026-06-04,74.11000061035156,74.11000061035156,71.79000091552734,72.16999816894531,35026071
2026-06-05,72.18000030517578,74.68000030517578,71.51000213623047,72.45999908447266,37062920
2026-06-08,71.43000030517578,72.30000305175781,69.27999877929688,69.75,36573927
2026-06-09,70.01000213623047,70.25,68.33999633789062,69.25,30845849
2026-06-10,68.5,69.58999633789062,67.27999877929688,67.9000015258789,27950498
2026-06-11,68.52999877929688,68.9000015258789,65.9000015258789,67.1500015258789,33294432
2026-06-12,67.19999694824219,72.83000183105469,66.80000305175781,71.66999816894531,60211407
2026-06-15,73.5199966430664,76.4800033569336,72.12999725341797,73.5,63193265
2026-06-16,72.5,72.80999755859375,69.8499984741211,70.06999969482422,47916519
2026-06-17,70.0,71.12000274658203,69.0,70.79000091552734,33298046
2026-06-18,70.01000213623047,70.58000183105469,68.4000015258789,69.05000305175781,34831389
2026-06-22,69.12000274658203,74.5,68.31999969482422,74.30000305175781,63398807
2026-06-23,75.58999633789062,76.83999633789062,72.5999984741211,72.80000305175781,55264118
2026-06-24,72.80000305175781,76.0,72.77999877929688,74.69999694824219,48294539
2026-06-25,74.01000213623047,74.87999725341797,71.8499984741211,73.61000061035156,40088870
2026-06-26,73.5999984741211,75.19999694824219,70.93000030517578,71.79000091552734,35201488
2026-06-29,71.79000091552734,73.0,69.63999938964844,71.93000030517578,38579354
2026-06-30,71.01000213623047,71.38999938964844,67.27999877929688,68.41000366210938,62129651
2026-07-01,67.98999786376953,69.58000183105469,66.0,68.29000091552734,61132538
2026-07-02,67.61000061035156,70.61000061035156,67.55000305175781,68.5999984741211,45077323
2026-07-03,69.4800033569336,71.0,68.08000183105469,69.18000030517578,37063384
2026-07-06,69.19000244140625,73.4800033569336,68.44999694824219,71.0199966430664,47174613
2026-07-07,73.63999938964844,74.41000366210938,70.66000366210938,71.05000305175781,65352983
2026-07-08,71.5,72.2300033569336,69.68000030517578,70.0199966430664,39932515
2026-07-09,70.02999877929688,70.02999877929688,67.41000366210938,68.87999725341797,41375927
2026-07-10,68.5,70.16000366210938,66.7300033569336,68.70999908447266,41039014
2026-07-13,68.70999908447266,68.87999725341797,66.9000015258789,66.94999694824219,31822780
2026-07-14,66.69999694824219,69.80000305175781,66.4800033569336,69.5999984741211,37742560
2026-07-15,69.0,70.80000305175781,68.1500015258789,70.08999633789062,36645609
2026-07-16,69.69000244140625,70.80000305175781,68.23999786376953,68.36000061035156,35740517
2026-07-17,68.37000274658203,70.91000366210938,68.0999984741211,70.04000091552734,55904726
2026-07-20,70.06999969482422,71.98999786376953,68.87999725341797,71.98999786376953,60333870
2026-07-21,72.0,73.0,70.87999725341797,71.75,51952211
2026-07-22,71.01000213623047,74.69999694824219,71.0,74.0,54359500
2026-07-23,74.0,75.94000244140625,72.4800033569336,75.48999786376953,47917178
2026-07-24,75.3499984741211,75.9000015258789,73.56999969482422,73.75,34032803
2026-07-27,74.54000091552734,74.54000091552734,72.37000274658203,74.1500015258789,28032197
2026-07-28,74.1500015258789,74.5999984741211,72.5199966430664,74.19999694824219,28169784
2026-07-29,74.58000183105469,75.68000030517578,72.69999694824219,74.48999786376953,40525725
2026-07-30,74.1500015258789,76.56999969482422,74.0999984741211,76.55999755859375,43719598
2026-07-31,75.30999755859375,75.4000015258789,73.87999725341797,74.51000213623047,45042605
2026-08-03,74.27999877929688,75.93000030517578,73.20999908447266,75.30000305175781,33959767
2026-08-04,74.48999786376953,75.18000030517578,73.2300033569336,73.63999938964844,34285575
2026-08-05,73.19999694824219,74.58000183105469,72.62999725341797,74.44999694824219,33976693
2026-08-06,74.12000274658203,75.80999755859375,74.0,74.97000122070312,33319830
2026-08-07,74.97000122070312,76.80000305175781,74.58000183105469,75.72000122070312,35125333
2026-08-10,75.5,79.0999984741211,75.48999786376953,78.01000213623047,45539928
2026-08-11,78.04000091552734,79.0,75.62000274658203,75.6500015258789,39077260
2026-08-12,75.69000244140625,76.37999725341797,74.91999816894531,75.05999755859375,24221260
2026-08-13,74.76000213623047,74.7699966430664,73.05000305175781,73.11000061035156,35048937
2026-08-14,73.0199966430664,73.9000015258789,72.91999816894531,73.04000091552734,19427305
2026-08-17,73.20999908447266,73.5999984741211,72.4800033569336,73.12999725341797,28796316
2026-08-18,72.75,74.41999816894531,72.69999694824219,73.2699966430664,28431100
2026-08-19,73.01000213623047,74.4800033569336,72.9000015258789,73.88999938964844,30646111
2026-08-20,73.41000366210938,76.30000305175781,73.41000366210938,75.16000366210938,37717070
2026-08-21,75.0,75.0,73.5199966430664,73.9800033569336,23056817
2026-08-24,73.94999694824219,74.73999786376953,72.5999984741211,73.19000244140625,23340065
2026-08-25,74.02999877929688,75.43000030517578,72.5199966430664,72.87000274658203,40606464
2026-08-26,72.51000213623047,74.81999969482422,71.62999725341797,74.48999786376953,36209259
2026-08-27,74.26000213623047,76.76000213623047,74.01000213623047,75.91999816894531,36425989
2026-08-28,75.80000305175781,78.18000030517578,75.52999877929688,78.04000091552734,47622107
2026-08-31,78.25,78.51000213623047,75.30999755859375,76.31999969482422,44547087
2026-09-01,76.0999984741211,78.68000030517578,76.0,77.0199966430664,45219948
2026-09-02,77.30000305175781,77.5999984741211,75.05000305175781,75.18000030517578,30948382
