date,open,high,low,close,volume
2018-01-02,575.621091378178,583.9757982779323,567.3074902326297,578.7869873046875,4961248
2018-01-03,576.8546409007004,593.2187484378197,575.4073567933143,588.6630859375,5201941
2018-01-04,593.2188138394876,611.3919783242266,591.5166136066701,606.1044921875,7220508
2018-01-05,609.336087173243,613.4723602773247,598.8268657890092,607.1651611328125,3998907
2018-01-08,604.4186512958485,622.0819808376243,604.4186512958485,618.4884643554688,5220456
2018-01-09,618.5544214235465,643.8735164741568,618.5544214235465,643.4788208007812,6459195
2018-01-10,645.5181272567942,648.7087176844378,636.0450298889289,646.1019897460938,4771424
2018-01-11,647.1627061416502,647.9850221596193,634.8279658721144,637.138671875,5065607
2018-01-12,636.2835436068449,648.6429284685876,630.7329099418859,648.3304443359375,4598824
2018-01-15,652.4747003339088,657.0796486503064,640.6004584000132,645.8221435546875,5247313
2018-01-16,641.8011352952578,648.4865679704319,631.5386483209015,635.6008911132812,6542833
2018-01-17,633.1833098921707,636.4725738396625,607.2885874959711,615.0347900390625,9070954
2018-01-18,615.0348140139512,629.0717544798736,611.8771486077725,617.3455200195312,5897851
2018-01-19,619.1216741241038,624.0555696272094,607.7079251783719,616.8849487304688,5092556
2018-01-22,618.2254613361918,636.4726574907233,618.2254613361918,636.1766357421875,6712675
2018-01-23,639.6057170386921,641.4065913990742,632.0321672948561,636.2918090820312,4954918
2018-01-24,638.479076814754,638.4955391966387,623.8089363773546,628.6277465820312,4329881
2018-01-25,625.782537609159,638.1172788235314,617.5593767995774,632.4926147460938,5004072
2018-01-26,630.9138451836327,639.2686055103795,628.2495488446182,639.1205444335938,4397833
2018-01-29,640.386696381684,641.1349817180071,604.4021469235362,605.4876098632812,7453551
2018-01-30,605.2245480616066,615.725538957719,600.3071146694647,610.2242431640625,5191103
2018-01-31,607.6914890466184,634.5894619279595,607.6914890466184,628.6934204101562,6040241
2018-02-01,630.7163914756181,630.9630762451983,619.1381677848473,623.093505859375,5058261
2018-02-02,618.5624421724474,619.39298926183,596.1790274669735,608.8427124023438,7542082
2018-02-05,598.0044886591096,600.2576761736817,580.2260245825996,590.6118774414062,9899585
2018-02-06,578.088161559337,594.2055354613035,578.088161559337,582.9069213867188,8816871
2018-02-07,592.0673961449872,595.2579855727603,560.8276258704874,561.9953002929688,8828998
2018-02-08,560.9840026823689,590.4229063597626,560.9840026823689,576.435302734375,8340943
2018-02-09,559.1747630258212,567.3074786101771,541.08381481028,561.9953002929688,10557826
2018-02-12,568.2202980841324,580.1438788688212,563.4508758082931,573.5488891601562,6417955
2018-02-13,579.7491864583176,587.8078724429405,579.3215661187064,585.4724731445312,5338918
2018-02-14,592.0676097403086,592.0676097403086,585.669966199322,590.7930297851562,3065260
2018-02-22,598.0703365770307,611.803021973889,594.7317360722535,610.5284423828125,5076469
2018-02-23,614.2699845587167,622.1313226480055,606.046825461545,610.5531005859375,3815877
2018-02-26,614.1715311853866,618.4228919118411,602.7742406301096,611.4003295898438,4365824
2018-02-27,615.914722145214,621.6709345017114,606.2278149739894,606.852783203125,4260154
2018-02-28,601.9352836567732,610.4051280199179,591.2451761601366,596.6889038085938,4833067
2018-03-01,598.6460584335738,614.1466952276543,595.1676777538098,610.1337890625,4479465
2018-03-02,606.8691499063309,611.4412244210532,600.2906225360725,605.5616455078125,2599190
2018-03-05,607.0172776003352,610.1585310471473,589.625322631367,592.1580200195312,3723470
2018-03-06,596.1790591446003,598.3170605220115,573.2611178103527,590.6366577148438,6457036
2018-03-07,587.9559024334894,595.3567459606243,583.013775558829,583.877197265625,3459594
2018-03-08,587.1336615519731,595.3568220779111,582.1997652364104,594.337158203125,3534930
2018-03-09,598.2759603953675,602.404002532201,594.9455908302767,598.8104858398438,3017100
2018-03-12,599.9205003033749,603.5140164446848,594.3452251067895,595.3155517578125,3988841
2018-03-13,594.5344584217693,597.4947758980029,583.8443505939919,584.1321411132812,3857709
2018-03-14,583.5730202911137,598.7118869595987,581.5583359197327,597.72509765625,3735576
2018-03-15,598.6624782469747,614.270019028363,598.6624782469747,613.8341674804688,5614879
2018-03-16,614.76332889918,620.0097082039368,607.5927585508397,608.390380859375,3585552
2018-03-19,611.7783997584659,620.018021995615,607.6915134010358,619.5986328125,3866658
2018-03-20,616.7370348143568,618.381666907195,608.5138743501653,614.870361328125,2887720
2018-03-21,616.8274794119006,619.2944275586692,608.5138762029355,610.1585083007812,2674271
2018-03-22,611.8030879881171,615.0923519020317,595.3649996087584,597.0671997070312,3748697
2018-03-23,576.4435667721058,594.9374472105836,575.6870500387251,584.716064453125,5254677
2018-03-26,582.1997265997252,588.0052755381546,577.1671567070441,586.7142333984375,4625611
2018-03-27,594.5344028761006,596.9026767119002,578.910400587517,587.7420654296875,4754844
2018-03-28,575.5965464290817,578.0881881735244,550.1294422305658,560.8606567382812,11353972
2018-03-29,560.9839480395659,573.8531624721055,541.4210195750519,566.6578979492188,7908196
2018-03-30,564.10878850187,570.2761586385523,559.0762184855522,562.1516723632812,3654028
2018-04-02,559.174845179586,568.2203206163146,554.3313921955485,559.2241821289062,3203908
2018-04-03,557.5302683193485,564.9311125890742,555.3840355267729,557.4562377929688,4023558
2018-04-04,560.8195930579227,575.9748731055652,559.4874449605959,570.6956176757812,5689131
2018-04-09,573.2364773397424,580.0863838380868,567.5214211541497,574.2232666015625,3083305
2018-04-10,579.5682421645122,582.6108210634299,574.3547874120968,582.2161254882812,3204325
2018-04-11,583.8443669246487,587.7750615425575,578.1046172374321,580.02880859375,2572318
2018-04-12,578.9105557144494,581.2788301848603,569.2236476085028,570.8518676757812,3071361
2018-04-13,574.3876876147308,576.4434774773462,563.3522216854626,564.81591796875,2754952
2018-04-16,559.6517276794297,564.8076138598991,556.7078229229836,560.3095703125,3293967
2018-04-17,563.2864971125571,563.5989812283602,547.3335455854107,547.8269653320312,3517276
2018-04-18,551.7740106456839,551.7740106456839,530.3937956281164,539.1432495117188,6261660
2018-04-19,542.6051559825567,559.1748423427568,539.9819661116062,559.1419677734375,4420757
2018-04-20,559.9971310945459,570.6872378555285,549.4961409307848,551.1654663085938,4151168
2018-04-23,547.6706786456077,559.4462496047062,547.6706786456077,554.2492065429688,3265920
2018-04-24,555.8856869250749,570.276218761153,555.0633708201561,567.2994384765625,4728256
2018-04-25,566.5756793746618,569.042627180357,561.6582461428343,568.1956176757812,2525222
2018-04-26,569.0426676457778,569.2729402153047,553.41866376533,557.7193603515625,3504790
2018-04-27,563.4920787788584,566.049469673749,538.6170180228416,544.80908203125,5791521
2018-05-02,542.728609478193,550.1212229617155,530.443205310579,549.1673583984375,7025911
2018-05-03,547.6623873763635,553.9777674422064,541.0838602006714,551.67529296875,3632653
2018-05-04,551.7575322257617,554.9234787023607,543.1972453916443,545.0885620117188,3737584
2018-05-07,542.6874980754809,577.1672047178753,540.8948550734963,574.1163940429688,8559143
2018-05-08,574.0013205443503,585.5959572595124,574.0013205443503,582.88232421875,6249783
2018-05-09,583.0877869383036,585.735620110922,573.2528704610479,577.2246704101562,3233106
2018-05-10,578.4992960604596,588.7782458838509,578.4992960604596,587.2898559570312,3929380
2018-05-11,590.9903297955104,600.7018804339326,588.5316128122548,590.4393920898438,3914165
2018-05-14,595.356730322202,610.9807329135305,595.356730322202,610.4955444335938,5101471
2018-05-15,613.4477625193081,613.809583582557,603.579970092724,611.0301513671875,3805580
2018-05-16,608.513782517681,613.1680685543394,602.9878436109694,604.0075073242188,3079520
2018-05-17,604.500948431268,606.4580645735133,595.3567983067439,598.13623046875,2851793
2018-05-18,595.3485329658325,609.3361356900373,593.046058280614,607.9546508789062,2925517
2018-05-21,611.8030658117658,614.5166984043461,602.3299700222092,604.2542114257812,2905958
2018-05-22,604.5831734404655,608.3823197114596,600.3071701944967,608.1602783203125,1699896
2018-05-23,608.5137824524902,608.5137824524902,595.0113690626735,595.1758422851562,2826871
2018-05-24,592.0674229429045,599.1886562518454,586.3112118865153,588.2847900390625,3041634
2018-05-25,585.4889690400215,597.8237085563142,585.4889690400215,589.4854125976562,2651146
2018-05-28,590.4228161672924,609.0564723765812,588.0545423602092,608.8427124023438,4280523
2018-05-29,607.5268940050993,616.7368408667438,601.3431134099927,601.4664306640625,4082027
2018-05-30,598.0045766630942,606.2935354312928,592.1085853982723,596.8944702148438,3714710
2018-05-31,600.4961779184584,618.069064450478,600.4879467291402,617.6661376953125,7185287
2018-06-01,617.666239879061,620.8321364992648,607.4941946649338,612.7158813476562,3617763
2018-06-04,618.669490670114,643.7912873894179,613.3491296553675,643.0264892578125,7380597
2018-06-05,646.75154326665,653.4945446013007,639.12865777657,648.026123046875,5262967
2018-06-06,647.9849153252268,658.6339160402442,643.2977047575542,646.1347045898438,4896948
2018-06-07,649.6131150036206,654.193420704952,640.5018907387754,642.2040405273438,3916778
2018-06-08,641.4065019798865,646.2581866222195,633.183341698093,639.7207641601562,3495846
2018-06-11,638.1584719117684,646.3405280749295,631.810214989401,637.8953247070312,3654755
2018-06-12,639.7617695956652,660.7308250258574,638.5282957468304,657.1866455078125,5528708
2018-06-13,657.8527824309449,660.0072462781916,648.7086327703695,649.9010009765625,3524437
2018-06-14,649.6296857892505,652.7544767714647,637.4429557874446,646.4473266601562,3615961
2018-06-15,644.8368904319061,649.3237315653389,641.4175230965948,644.9453125,3170773
2018-06-19,641.3340479739636,641.3340479739636,614.6465453274528,615.4805297851562,6019587
2018-06-20,617.9825328146183,637.9981614078043,617.9825328146183,636.822265625,4583802
2018-06-21,638.1815863429111,649.5821909590985,632.8024271098878,633.2611083984375,3918255
2018-06-22,628.8243796316026,639.6661792804233,625.4884412781192,639.2742309570312,2885481
2018-06-25,638.8322262692104,649.6489824819047,637.9148635376097,638.4652709960938,3293416
2018-06-26,638.2565779403791,642.0678926301431,622.9863261193842,629.4913940429688,4657798
2018-06-27,627.1563012479156,631.3262234636597,601.3027835103021,602.5037231445312,5729801
2018-06-28,595.4649406067732,599.634863160042,581.2872039256596,592.9046020507812,5083394
2018-06-29,594.0471944443312,610.7268857155598,587.9591173108084,610.0263671875,3292927
2018-07-02,612.5782803272526,616.5897435337994,586.2910739245508,593.421630859375,3755811
2018-07-03,591.9289048591605,596.9495083298186,565.6333465646893,579.5525512695312,8283710
2018-07-04,577.117256392278,583.7891321887206,573.7813184940568,576.2081909179688,3799075
2018-07-05,583.7891744130453,597.2997340585082,583.7891744130453,585.7824096679688,4712380
2018-07-06,589.6270369197229,601.2444348061929,583.172005084246,595.5650024414062,4415661
2018-07-09,600.4938407032489,608.6918710978808,600.2436046493788,606.5068359375,4057266
2018-07-10,607.9746232650108,610.0595842501446,594.9061020628552,605.2725219726562,2901047
2018-07-11,592.1289451829532,603.8047272006452,585.6405218856981,600.1185302734375,2427845
2018-07-12,598.8008846514626,618.1242917043329,598.8008846514626,615.096923828125,4017004
2018-07-13,619.0666989444603,623.9037989794299,613.0786961998327,622.9780883789062,2890704
2018-07-16,627.4065921108739,637.2559480078651,626.3474663032371,629.3914794921875,3247487
2018-07-17,631.3262702079329,631.3262702079329,613.8292915839287,619.1751098632812,2780603
2018-07-18,619.1750629895474,625.2297981811234,612.9785646955355,615.0134887695312,2452171
2018-07-19,616.3145160207501,620.4427492787653,612.9952741582742,617.9407958984375,1807850
2018-07-20,618.3995736441577,619.758972598398,607.1407816762601,618.0910034179688,3054850
2018-07-23,613.8125871304005,618.1076276322761,600.4771832255751,610.5350341796875,3596989
2018-07-24,611.0437897378852,623.2366397019332,602.9708254582918,621.652099609375,4180860
2018-07-25,622.9446509382642,625.3882190952193,617.1567972295555,620.325927734375,2174388
2018-07-26,624.570942827995,624.570942827995,612.3363549263313,613.49560546875,2306726
2018-07-27,613.8125725844086,620.7346335349811,608.8086657426879,615.9475708007812,2091360
2018-07-30,616.2312167496078,617.6989868291307,596.298965242779,599.81005859375,4217166
2018-07-31,600.7189839493325,607.04060027822,599.8099694120369,605.8396606445312,2068346
2018-08-01,609.9763050432468,610.7268605781326,595.5566799552573,596.2489013671875,2523788
2018-08-02,597.1078861645334,597.1078861645334,573.6812889611215,580.31982421875,5500143
2018-08-03,579.6192514192905,579.6192514192905,563.9403523527404,566.2671508789062,4733699
2018-08-06,564.6075810717737,570.445473342826,552.3063080720563,558.5028076171875,4524812
2018-08-07,560.6877855636062,573.6395896604466,552.1144511221631,572.346923828125,3908559
2018-08-08,572.9640434737844,574.6153164834824,560.3291580261516,563.9569702148438,2968544
2018-08-09,559.6036111202758,579.2022472772452,558.8697006728461,577.0172119140625,3448575
2018-08-10,577.017087641894,579.4273145944221,570.6120940366214,573.0973510742188,2381767
2018-08-13,569.611347784126,569.611347784126,556.0007162060951,566.4588623046875,3457041
2018-08-14,566.4589410894855,570.862403787046,561.6969220590818,567.2178955078125,2169683
2018-08-15,566.9426910672552,567.1094981589539,551.2637915927478,552.7649536132812,3499709
2018-08-16,543.757984744223,557.5187312906643,533.7501690740839,540.7890014648438,5993985
2018-08-17,548.3447998980151,548.3447998980151,525.4185745074954,529.46337890625,4657457
2018-08-20,527.4534125978171,538.3785872272532,514.4515741778712,537.7447509765625,4885234
2018-08-21,539.587994919327,560.6877935046306,539.587994919327,560.0122680664062,5224902
2018-08-22,559.6036403351969,561.4384165495585,552.9317638483392,556.8515014648438,2067551
2018-08-23,560.1873919289045,565.8584762785613,554.7497967671366,558.9447631835938,2735727
2018-08-24,557.9356685004328,557.9356685004328,547.4775204829937,550.6799926757812,2609026
2018-08-27,552.097771874861,573.1975708007812,552.097771874861,573.1975708007812,4801692
2018-08-28,577.951171875,578.601704120636,565.9000874757767,567.943359375,3248890
2018-08-29,568.7774611047146,574.5152788607763,566.3588855572481,571.98828125,2740403
2018-08-30,573.9565326147429,577.6176861489449,566.2838644788948,567.443115234375,3378833
2018-08-31,563.9819841013599,564.6074724386258,547.5107912200262,549.7542114257812,5898093
2018-09-03,543.7579474832538,556.8264716309903,542.7571558043426,555.60888671875,3017984
2018-09-04,556.100755408226,563.7734216226162,551.7640265998866,562.9727783203125,2154048
2018-09-05,562.939562119435,564.5991832026365,547.9278404629167,548.586669921875,2898342
2018-09-06,543.757874293357,549.8126096883036,533.7500606560559,537.0859985351562,4237058
2018-09-07,538.336993970836,548.786844173851,538.0367717678404,542.8988647460938,2924006
2018-09-10,543.9246792412818,545.2673820158009,534.333857876364,537.753173828125,2120220
2018-09-11,538.3953600715638,542.8988456653414,534.2754747562295,538.7539672851562,1949687
2018-09-12,536.2520777142237,537.8116247856191,523.7506571728559,525.4102783203125,4115737
2018-09-13,532.0820649465539,535.4180026578175,517.0703452458674,527.0614624023438,4771316
2018-09-14,528.7295221472465,541.9065190937762,524.1843469562243,536.168701171875,4090019
2018-09-17,537.9200555791251,544.5585911790357,534.6341542887947,538.5955810546875,2911295
2018-09-18,536.252072810445,557.1016868388449,535.6015404196175,556.0175170898438,3785868
2018-09-19,555.9173997530752,572.1133644172966,555.4336744925942,568.293701171875,4822184
2018-09-20,571.4461635173764,572.8639472831875,564.9077029385444,565.900146484375,2751948
2018-09-21,568.7774761521616,583.7975463867188,567.1178550039574,583.7975463867188,4261720
2018-09-25,579.6192290596757,588.6012584376049,578.1681041701509,581.3038940429688,3063991
2018-09-26,585.5405027297007,611.0437632380446,585.448776650387,604.5803833007812,7228777
2018-09-27,606.7237554729314,607.1407477447341,596.6325628562568,603.8048095703125,4050853
2018-09-28,606.0565770114632,611.4774765358906,599.5348117830206,608.8087158203125,3508980
2018-10-08,596.6408708235017,599.6348977866872,572.238525390625,572.238525390625,8274502
2018-10-09,572.8640081960734,582.7133637030455,572.0300236454327,579.6192626953125,4022283
2018-10-10,581.503975880859,581.7041239941985,558.5110196671698,559.5368041992188,6309820
2018-10-11,529.5885326803261,557.8856221099137,529.5885326803261,537.9116821289062,9158196
2018-10-12,542.9239470887327,561.0047261922504,542.5736878271478,557.1016845703125,5447256
2018-10-15,558.3443176876112,560.3959380402,550.4548562885681,556.184326171875,3560730
2018-10-16,555.41707080266,566.7176033262549,552.106176235604,556.384521484375,2639360
2018-10-17,562.9395348338284,564.8576889942688,542.00654434392,555.2001342773438,4307707
2018-10-18,550.4296754413956,550.4296754413956,537.8948661266174,538.703857421875,5215607
2018-10-19,532.0821474900886,562.939576106285,529.6469268357465,558.7696533203125,7619938
2018-10-22,562.9395125748275,585.4737890558412,562.9395125748275,577.9512329101562,7310857
2018-10-23,574.6152195283589,574.6152195283589,529.5800644419563,535.2011108398438,12311273
2018-10-24,523.8340202977611,542.0899542027917,517.0704178549705,531.2398071289062,7611282
2018-10-25,517.0703736337591,519.1553348177662,507.546285197879,516.2363891601562,7556838
2018-10-26,516.2364788265724,521.2403865373308,507.04595204238404,508.8139953613281,5532738
2018-10-29,508.8139953613282,508.8139953613282,508.8139953613282,508.8139953613281,0
2018-10-30,425.33215005889195,452.8536421215261,424.5148359806639,437.0079345703125,20439667
2018-10-31,439.5098281163789,462.861393936604,435.33990564848153,457.77410888671875,9688482
2018-11-01,462.8614183768074,488.29794677409143,459.73397636074793,469.5332946777344,9810672
2018-11-02,487.88092284664134,500.3906900991193,477.2392726928203,500.30731201171875,8915696
2018-11-05,494.5528580046422,494.5528580046422,476.8473815860873,480.20831298828125,7551708
2018-11-06,478.707124096766,478.707124096766,465.3717194984506,472.0352478027344,4556614
2018-11-07,474.5371441043857,479.4993616792729,468.70760104087447,472.3688049316406,3810778
2018-11-08,478.7071770187462,481.2091309056038,473.7032692450311,475.6548156738281,3376374
2018-11-09,473.05271595849047,474.53723296576123,468.6993408203125,468.6993408203125,2433682
2018-11-12,461.193359375,462.1941508054733,447.6828023195267,460.359375,6782422
2018-11-13,455.45568899807046,475.3712463378906,452.8536609850432,475.3712463378906,6642905
2018-11-14,475.3378112073037,475.3378112073037,460.81811294605615,462.94476318359375,4176683
2018-11-15,466.0305215298346,471.03442845585795,463.6953751448317,466.7811279296875,3083340
2018-11-16,467.86529551914765,472.03521793910437,465.3883860348325,467.03131103515625,2893879
2018-11-19,467.2815525144758,477.0391823335933,466.28910882282645,474.5539245605469,3617925
2018-11-20,471.2012599043565,473.703213496769,467.03133725033564,468.3656921386719,2694326
2018-11-21,462.02737567748534,474.45376408463295,461.76049455075906,470.9510192871094,2710730
2018-11-22,471.32632044491595,473.1444003919851,465.36331141618,470.7842102050781,2121333
2018-11-23,470.36725341808915,473.11939206080535,464.44598388671875,464.44598388671875,2012621
2018-11-26,465.36329112944503,467.1980669738698,460.35938477321446,460.45111083984375,1912019
2018-11-27,460.3594323874981,462.8530378352174,455.77251775320235,457.10687255859375,2023382
2018-11-28,459.4003329690499,466.35578596747786,454.9385363375049,464.52935791015625,2773793
2018-11-29,472.060258687097,475.20434555668646,457.8658265776173,460.02581787109375,4506945
2018-11-30,464.5293269604708,474.4454140380091,461.1933892444172,471.2012023925781,4901046
2018-12-03,491.21697825018543,504.5607331771854,487.68923933012314,501.3916015625,8341468
2018-12-04,502.8843246697781,503.943501313891,496.22079640528733,502.25048828125,3147388
2018-12-05,498.3058095296882,514.151517280423,496.2208479835389,508.8139953613281,4158819
2018-12-06,500.39071576665594,505.3779269450367,492.3510927167681,493.5520324707031,3775807
2018-12-07,496.7211972477844,499.43999513260246,487.630795834989,489.5489501953125,2684167
2018-12-10,480.37506376002716,489.9658853455138,478.8572058877784,481.4008483886719,2464068
2018-12-11,481.2090613008689,489.1736031748537,481.2090613008689,486.2046203613281,1631660
2018-12-12,491.04170284479073,491.3836649863559,486.0461439622064,491.21685791015625,1992154
2018-12-13,492.05087101504074,506.12853390542386,491.7172568432327,501.8501892089844,4039941
2018-12-14,498.73108178295973,500.2238957214668,493.71882676550433,494.51947021484375,2455448
2018-12-17,494.1942774486779,497.0297946443216,487.8893556929286,492.484619140625,2489585
2018-12-18,488.61487902159354,493.33520924319544,487.88096853519653,492.8348388671875,1922218
2018-12-19,491.21698146392475,492.8766028494466,480.4002244886028,481.8763427734375,2571596
2018-12-20,480.5584827383074,484.9619449519198,474.44541352989233,479.1240539550781,2694098
2018-12-21,476.2051780546219,478.24845038261725,468.8744721849066,473.2111511230469,3064043
2018-12-24,469.9502255883015,476.13002780813423,465.3633112302968,473.7031555175781,1910986
2018-12-25,468.8827764246453,473.2862393489986,461.7021815561149,471.860107421875,2659286
2018-12-26,470.20879887452844,474.03681012629323,465.36335096597765,467.0980529785156,1786620
2018-12-27,475.37118644104544,476.91403747468416,468.88276230525327,469.5332946777344,2949357
2018-12-28,469.78348886739224,497.3884081332718,467.0313500209585,492.0592346191406,6367837
2019-01-02,508.7138378433467,510.3985027850896,496.2291145858113,499.5400085449219,6228649
2019-01-03,500.36564310215795,501.77507890683233,488.5480972951941,492.05084228515625,3097735
2019-01-04,489.78251703998126,506.78742492863864,485.3957497498571,502.0587463378906,3768347
2019-01-07,489.7824731698186,508.98076298393363,502.2421535368251,504.96929931640625,3475013
2019-01-08,504.9776759560794,510.39857586312235,500.6243007715659,504.3855285644531,2883813
2019-01-09,508.72220455836634,522.2077198707817,507.9299090911365,513.8345336914062,4989227
2019-01-10,514.6768698725784,521.1402498896786,508.9390523142402,516.0446166992188,2904390
2019-01-11,521.2403911479252,531.2482066579653,516.0279872364458,530.3141479492188,3888421
2019-01-14,527.9121671233718,530.3223944473448,518.3630348045677,520.9066772460938,2564890
2019-01-15,523.6255072897478,551.6807586937044,521.2403237846792,550.4130859375,5576485
2019-01-16,548.7618362138002,555.1418384091517,545.0922838173768,551.34716796875,4208364
2019-01-17,552.931640625,558.5193461179733,546.9269429445267,549.80419921875,3028476
2019-01-18,554.5996782576414,575.6160972984055,551.6807325826012,570.1201171875,6860918
2019-01-21,575.4491909718644,582.854975936561,568.6772422459499,572.9305419921875,4705193
2019-01-22,572.1133436495785,572.1133436495785,554.7831220137601,559.6035766601562,4212221
2019-01-23,556.4510991993212,562.5225306347148,553.0401311882736,555.1500854492188,3362481
2019-01-24,559.0198380529991,565.2997661967149,554.3328489175627,560.8546142578125,2915527
2019-01-25,563.6734868466183,571.1960438447142,558.7112685485658,566.8593139648438,2898635
2019-01-28,570.4453125,578.7684602737427,563.798481464386,564.607421875,3610287
2019-01-29,565.0245347962763,573.781372604927,557.1016815408303,571.2794189453125,3034259
2019-01-30,571.2710725805728,572.2968572951721,563.7735595703125,563.7735595703125,2269996
2019-01-31,567.1094311887889,575.1156616210938,565.0745070760754,575.1156616210938,3669657
2019-02-01,581.3205949785996,582.9552230849247,575.1240956397879,577.6760864257812,3052062
2019-02-11,579.6192556538306,608.3917223013948,573.9314749792733,604.8889770507812,5814075
2019-02-12,602.9707863216022,605.0473995575002,596.4657174795202,598.734130859375,3509143
2019-02-13,602.9707631432495,613.9459762136544,598.1503085427972,613.1870727539062,3567706
2019-02-14,609.8095139497997,620.2009288790695,608.9254923617216,614.780029296875,3225813
2019-02-15,612.8784836351227,612.8784836351227,602.9874404853509,604.4552612304688,2323798
2019-02-18,609.642578125,621.2766703367233,609.642578125,617.1484375,3774589
2019-02-19,617.9492186203265,619.2335365193625,606.0231986765698,609.4425659179688,2950150
2019-02-20,612.9785777591272,612.9785777591272,597.1829100594161,602.1367797851562,3788237
2019-02-21,600.4688110139708,609.2089518633042,597.9668576347459,600.6773071289062,2985040
2019-02-22,597.9669310870464,607.549405562178,595.548355495757,605.4811401367188,2590877
2019-02-25,609.4342410400634,620.8514921488079,598.7925894941483,619.091796875,8262259
2019-02-26,623.6536267798689,624.8045295134729,605.4727740481544,606.5986328125,5796466
2019-02-27,611.3106092811506,632.1769167625622,609.6426403608746,617.7322998046875,6594227
2019-02-28,615.3971638403304,636.6804130071667,614.6048684094081,629.6666259765625,5698625
2019-03-01,635.0792762636183,658.8478374895055,634.6622839614098,658.2640380859375,6384023
2019-03-04,663.017650125363,665.7948326483637,648.1893818944521,652.05908203125,8458596
2019-03-05,654.6779604687445,658.4725805049973,647.0720244142155,650.3245849609375,4483056
2019-03-06,646.3380138079325,650.0909442106882,638.7320789305377,640.5001220703125,4673137
2019-03-07,635.6796660437603,635.6796660437603,621.7855061268478,624.32080078125,6018053
2019-03-08,615.3971517417087,622.8446268412167,611.8527177962308,615.0635375976562,5227525
2019-03-11,617.1819417217125,639.6244956916867,617.1819417217125,632.6106567382812,5305724
2019-03-12,637.0140281743684,637.0223761635028,616.3145273845091,621.3267822265625,5251001
2019-03-13,621.7353515625,634.45361328125,621.7353515625,628.82421875,4056136
2019-03-14,631.3263500380332,654.6779191279472,628.824396206971,648.8400268554688,6120356
2019-03-15,647.1719948429886,656.7628169315122,637.8730469788175,648.2561645507812,5240071
2019-03-18,649.5071896531653,679.30549371986,648.0060275690025,675.6026000976562,8131880
2019-03-19,669.6894630283006,673.7926519613154,660.7658199033652,661.0243530273438,4063493
2019-03-20,658.8478366893817,669.1058371307782,654.6779136723603,661.1829833984375,3111752
2019-03-21,657.1796875,661.1828023195267,651.7587890625,655.30322265625,3257328
2019-03-22,657.3632608110494,667.170927013423,654.677855061644,662.1837158203125,3051750
2019-03-25,655.5118383496899,657.1798074040148,644.9202246742515,646.83837890625,3727046
2019-03-26,650.5079356757358,655.4618058373615,637.2475612413953,644.6700439453125,3759569
2019-03-27,651.3419782388188,662.0837040520029,646.3380705954988,657.5968627929688,4280739
2019-03-28,661.7083946261031,679.2637602638579,655.2450139804362,672.8587646484375,5756676
2019-03-29,696.3770589600803,722.7976818671909,692.3488995639697,712.2144165039062,9093396
2019-04-01,717.22662360621,724.690794578865,709.7207635917264,716.3926391601562,6093461
2019-04-02,717.2182762643695,717.2182762643695,697.2610345605849,708.8867797851562,5322705
2019-04-03,700.6470704900047,710.337966534956,695.7182443765246,704.2999267578125,4305680
2019-04-04,700.5470528134032,722.063844969339,697.3779215644852,721.3966674804688,5577236
2019-04-08,750.5861225908928,757.2579992361452,742.3463508618158,750.7529296875,6625193
2019-04-09,753.0880733258158,757.4248033083893,744.3395832540416,754.7560424804688,4798980
2019-04-10,753.0879355915206,793.8697943250326,750.5859823171302,790.60888671875,6781438
2019-04-11,790.6174397335564,792.2854090156947,755.2147815396943,771.6026000976562,6110254
2019-04-12,758.0919182775318,767.2573998821838,750.5944056899921,762.2618408203125,4861217
2019-04-15,776.4396410755969,783.1115176906396,756.4240112304688,756.4240112304688,4552264
2019-04-16,754.6725439629615,783.8619995117188,751.6034364140344,783.8619995117188,4642344
2019-04-17,782.2775241627412,796.8806020812045,771.4357247873514,793.9533081054688,4076102
2019-04-18,788.4572676303982,796.1883202722264,780.7929480015633,788.5323486328125,1959852
2019-04-19,787.2480416132503,801.4174303878815,776.6981171307292,794.4202880859375,3237978
2019-04-22,800.2081332559741,816.3791050388112,784.4541537260062,791.6181030273438,4062796
2019-04-23,793.1193807449939,818.322371754662,791.6182185959844,813.0933227539062,4885205
2019-04-24,817.204798417692,825.6447181308392,793.3027723147543,808.9650268554688,4522700
2019-04-25,807.9558525167372,812.2925822426002,793.302738252209,794.2618408203125,3980134
2019-04-26,789.199526120265,800.5250499396254,788.1153564453125,788.1153564453125,4327768
2019-05-06,771.8526014113269,779.7754536138202,744.748107034376,755.5899047851562,13509968
2019-05-07,744.9817094533296,762.2118070774617,725.7499777366941,742.2462158203125,10083726
2019-05-08,717.2266851437646,752.0872277993469,717.2266851437646,737.575927734375,8188298
2019-05-09,729.7365267065144,733.7980276458219,702.6320271431296,716.2343139648438,9154515
2019-05-10,730.2869349554511,759.57652103857,724.0570944051262,756.5241088867188,7990738
2019-05-13,749.6353676095855,759.7432566503305,737.2423689632673,743.9142456054688,4663718
2019-05-14,738.076380240821,755.5900570600948,728.0685649155217,739.3857421875,5998312
2019-05-15,742.4464177000774,778.1076061656174,742.4464177000774,773.1036987304688,6312425
2019-05-16,766.4317086017691,777.2735064383555,754.7559263162144,775.5304565429688,4454012
2019-05-17,773.1203825831705,777.5237945877905,750.6694815932656,756.2488403320312,4984161
2019-05-20,750.5861398416531,750.5861398416531,726.4005864467554,738.0430297851562,4440799
2019-05-21,738.0762925813984,758.9259053661837,727.2511899122978,746.4161376953125,4238565
2019-05-22,746.3994426785691,753.9219992697776,733.9063709705799,740.5782470703125,3204158
2019-05-23,734.7404841867198,737.22574218045,714.0743199145891,718.060791015625,5805863
2019-05-24,721.396484375,738.076171875,720.9294551610947,732.6552734375,4403409
2019-05-27,733.1558268278482,736.4000390734994,717.2684306962473,733.0724487304688,3916191
2019-05-28,732.2300539561421,756.832597073906,730.1200996088368,740.5782470703125,7477277
2019-05-29,740.5865994046616,771.3939895120112,740.5865994046616,760.518798828125,6564696
2019-05-30,758.9259019169813,767.2573990035361,743.2636484310932,755.0061645507812,4024720
2019-05-31,751.0280971664725,756.415604537491,742.2462158203125,742.2462158203125,3579380
2019-06-03,743.9142456054688,751.7119810700901,739.1438782394366,743.9142456054688,3447924
2019-06-04,746.4161383705294,746.7747456024671,726.4005100790291,729.9866333007812,3968948
2019-06-05,737.242245292709,739.1270582723389,725.5664631274399,726.9008178710938,3406736
2019-06-06,730.2534323827322,730.3785504064425,715.5586310024015,719.0029907226562,3478685
2019-06-10,715.5419967558687,733.030677988088,700.5469719078391,726.4672241210938,5550246
2019-06-11,730.5704204938856,763.604534254214,729.7364359956049,759.6681518554688,8010644
2019-06-12,755.7734199105329,759.7515423208961,745.582153608664,756.1737670898438,3774740
2019-06-13,758.9259033203125,760.844057510867,748.0841047014509,758.9259033203125,3291742
2019-06-14,759.7598265264538,777.5236849574105,758.9425380621983,761.4277954101562,4245504
2019-06-17,756.4240062738465,773.0536606639664,755.6067176826205,760.2603149414062,3276903
2019-06-18,764.7638549804688,767.2658087045052,752.7544567441423,764.7638549804688,2944138
2019-06-19,783.9454495636295,789.5331560335476,777.2819213867188,777.2819213867188,5372640
2019-06-20,777.6906048114482,813.551941011869,777.4404196230837,813.1349487304688,6727197
2019-06-21,808.9399190510433,821.0493902501511,804.3780482803534,814.2190551757812,4592675
2019-06-24,815.8870813381294,833.7260232159317,813.1349424825103,823.2261352539062,4577920
2019-06-25,827.3127184705706,833.1506106371976,806.4631035897598,819.7901611328125,5129595
2019-06-26,821.474680556765,821.474680556765,809.9823504403048,817.18798828125,2958818
2019-06-27,821.4747260477973,834.81847794299,818.2388621410232,830.9404296875,4797845
2019-06-28,834.4773492532805,836.9232683670821,822.0701081545501,832.7931518554688,3108840
2019-07-01,850.1599497181642,876.4639888243494,846.5206700378943,873.2987060546875,5233723
2019-07-02,867.4927368164062,871.3012415146246,859.8757274199695,867.4927368164062,3906109
2019-07-03,863.2612518391173,865.8002555209971,830.6773712549938,836.0939331054688,6713932
2019-07-04,834.3165188186848,838.5481912124255,821.976947654813,830.4234008789062,4621668
2019-07-05,834.4856600470873,851.4123468634582,826.2762066099176,846.1820068359375,5003271
2019-07-08,842.1451468476531,844.5572312034509,825.1761501928675,833.52099609375,3361352
2019-07-09,828.815357676569,837.0248125801234,819.5479846580246,826.0732421875,3172332
2019-07-10,830.194771924198,838.3619193020063,826.8686840305716,831.5404663085938,2816670
2019-07-11,837.8372539940441,844.9633754570752,826.0224067116658,830.67724609375,3051419
2019-07-12,830.5079756559804,839.1405972753695,830.2625572645917,834.5619506835938,2817385
2019-07-15,819.0824924047595,829.4923960884616,804.9741112075938,825.9631958007812,5987040
2019-07-16,825.5569721758096,831.3543426544975,816.7127666000492,819.2517700195312,3324524
2019-07-17,819.2518036252919,823.4750045546145,814.2838241965444,815.4432983398438,2546887
2019-07-18,813.7504753012141,815.0199768227449,801.630961243596,801.9017944335938,3925295
2019-07-19,808.2493499446459,813.1580791209327,802.3250091597113,808.9856567382812,2801481
2019-07-22,812.4809831952109,815.866320625191,804.2292232096346,809.9589233398438,2812549
2019-07-23,814.4276786693114,814.6731487341474,798.8212684297614,807.3861694335938,3248395
2019-07-24,811.0508417585391,812.396536390581,799.5237695870244,800.9371337890625,4677120
2019-07-25,800.6069799957029,815.324748572879,793.9886900117604,815.0200805664062,3825570
2019-07-26,814.1481436476062,821.790566813644,811.2536949408809,816.7379760742188,2646759
2019-07-29,814.1991430872425,828.98458090423,812.4895309948162,826.369384765625,2698133
2019-07-30,826.4456107004089,831.9467847603706,821.7907711112105,828.502197265625,1953797
2019-07-31,825.176059696727,830.9057602514621,818.0584099515376,823.1448364257812,2252620
2019-08-01,826.4540450207087,826.8687406276867,806.5736574644607,811.8886108398438,3508952
2019-08-02,798.939730110082,810.771469328988,798.0933956502196,807.783935546875,3971940
2019-08-05,799.786047628574,807.403057605989,795.554375418899,797.6109619140625,3677431
2019-08-06,787.9375046560027,802.3251927109459,781.8438852662058,800.8864135742188,4399116
2019-08-07,803.5945768810454,808.6979985149607,799.7860717773438,799.7860717773438,2686998
2019-08-08,806.9800372864204,824.3298965044295,805.7105353924197,822.3663940429688,3880813
2019-08-09,828.1382613453962,830.2117910841861,811.6262679206274,814.1991577148438,2846170
2019-08-12,855.060115050573,863.3457103219566,842.1112089186513,862.1016235351562,8149895
2019-08-13,860.0112732485933,868.3392277522375,855.3733765543129,861.5262451171875,3032970
2019-08-14,871.741505722794,890.2593092995103,871.741505722794,883.0061645507812,4141095
2019-08-15,870.0318868817467,885.6721322871596,870.0318868817467,884.3349609375,2723739
2019-08-16,888.5156904210234,910.300329927156,881.034123144247,892.5442504882812,3608673
2019-08-19,897.9607914384766,905.5608577615876,887.8471367618055,893.6275634765625,3286758
2019-08-20,892.8828036584587,908.6923759142999,888.6511316032054,905.5778198242188,2860213
2019-08-21,905.6625166628825,911.47683047397,898.5195031605354,902.1925659179688,2506662
2019-08-22,908.1082528760332,934.3530883789062,905.5777215266573,934.3530883789062,3759078
2019-08-23,935.199651017809,959.3710146647982,927.2610290332374,956.442626953125,4019230
2019-08-26,941.9701795145875,954.6651954110105,928.158047676693,933.4644775390625,4849789
2019-08-27,945.355698416102,957.4667954942307,938.5850219726562,938.5850219726562,5216421
2019-08-28,938.5848382080937,950.594273608425,916.5886156840534,931.0609130859375,4700967
2019-08-29,935.1996427049799,946.3543771133973,924.6204612264168,942.054931640625,2933042
2019-08-30,952.1264111306746,969.8994374717805,950.4337419553312,966.5140991210938,4489077
2019-09-02,964.812886556513,969.0360875698187,955.5116783949613,963.7719116210938,2823433
2019-09-03,964.8214721679688,974.1480962622322,955.1394536512202,964.8214721679688,2948509
2019-09-04,965.4984201804959,967.2841735433489,947.9877059930486,952.134765625,3360022
2019-09-05,955.5115873430159,968.9683256660218,954.6652528989565,968.2066040039062,3293084
2019-09-06,968.6297292910842,970.0262017257868,957.2042147909273,966.9285888671875,2617659
2019-09-09,969.0529986342113,971.5920021240827,960.5896536679737,961.8760986328125,2937934
2019-09-10,959.9971495178781,960.5895422718905,947.9029979036982,951.1528930664062,2622707
2019-09-11,947.234347519722,947.234347519722,903.8851250264224,905.1715698242188,8171654
2019-09-12,902.1926037386615,939.4143796218483,902.1926037386615,930.1216430664062,4121133
2019-09-16,916.5802906650755,934.3109576406399,916.5802906650755,930.1216430664062,3137180
2019-09-17,925.8899048552074,936.6045281112353,919.9655635992783,925.8983764648438,2519693
2019-09-18,938.1618241760414,973.2847070838499,937.8910425845346,972.353759765625,6931447
2019-09-19,971.5919819527838,973.2846509108897,962.3669154686438,969.052978515625,2447980
2019-09-20,974.1310094778457,981.7480199776725,971.2449799054626,979.5645141601562,3762666
2019-09-23,979.2089076693728,979.2089076693728,957.2042131150048,972.438232421875,3002633
2019-09-24,977.5163578342747,1002.8217803142663,974.9773543074325,1002.06005859375,3626913
2019-09-25,998.6747479154467,1006.1817310829623,990.6345698601953,993.5967407226562,2402458
2019-09-26,994.3921481830347,1001.5098498284676,980.7408726968465,987.6723022460938,2608194
2019-09-27,985.1332890392238,1001.2136434135754,975.823610190915,994.2313842773438,2282661
2019-09-30,984.2872015646229,989.7291788415351,973.2848510742188,973.2848510742188,3082514
2019-10-08,975.8236021191766,998.6746318305537,974.9857392947441,987.7568969726562,3104527
2019-10-09,986.9952346443791,986.9952346443791,960.6319980981723,970.5848999023438,3578857
2019-10-10,953.8189316258286,980.8424362552179,938.6018546414839,977.5162963867188,4117370
2019-10-11,979.2089052716273,994.4429245411945,975.154930417177,994.1043701171875,2868925
2019-10-14,1003.7526281324484,1005.15757220551,990.2112773313361,998.6746215820312,2718751
2019-10-15,998.6747619477704,1028.872023935952,996.1611731469778,1024.9111328125,4003473
2019-10-16,988.5186957465278,1005.022218492296,981.7480197482639,990.2113647460938,5915059
2019-10-17,995.2893861761063,1004.3113410020566,983.8638702633704,1001.4929809570312,3050870
2019-10-18,997.8281502671491,1007.1293560576669,991.6413968787301,995.1114501953125,2829161
2019-10-21,991.7856273543812,997.7438558505152,984.541057080515,988.9419555664062,2527467
2019-10-22,996.9819945253948,999.9441651373124,985.0402276845418,990.888427734375,1930943
2019-10-23,988.5185903081288,996.9819344032326,978.4556617815736,980.825439453125,2308021
2019-10-24,985.9372541518308,986.8259466293792,970.8810348754383,973.5131225585938,2617844
2019-10-25,976.0775462206066,992.3271260645004,967.3856750341916,991.3538208007812,2599845
2019-10-28,986.8345867148096,999.5296053482239,985.9797805285069,997.2276000976562,2248599
2019-10-29,999.6141937679212,1015.5675794657598,996.7874652819281,1009.6771240234375,2780371
2019-10-30,1007.1379178959113,1009.4229794099136,995.2892365089006,1001.8906860351562,2125475
2019-10-31,1012.2161085514495,1013.9087776292946,995.4163886162999,998.6832275390625,2590927
2019-11-01,999.5210949346487,1008.78841685234,992.3272513216558,1002.9064331054688,2281196
2019-11-04,1007.1380148917665,1024.0562326080305,1006.2916804254709,1015.2543334960938,2673798
2019-11-05,1015.1780499863166,1019.8328888983007,1008.8305423790658,1014.7548828125,2225472
2019-11-06,1013.0624622431304,1018.9868041275932,1006.1902297896465,1009.6771240234375,1973751
2019-11-07,1012.6476302369908,1017.1924420525387,1006.2916503202774,1016.7608032226562,1616788
2019-11-08,1019.8330688476562,1028.8465519028396,1016.8793697182197,1019.8330688476562,2451211
2019-11-11,1016.8707186815835,1020.8484487905414,1010.1085155089762,1014.7548828125,1734246
2019-11-12,1018.9868511293789,1023.7263041930964,1014.0865407703981,1016.9556274414062,1915055
2019-11-13,1021.525644938151,1039.129442199042,1015.6013039981618,1035.913330078125,3197704
2019-11-14,1038.452451529154,1049.4548002413617,1034.2207789475356,1040.991455078125,2352112
2019-11-15,1040.991333695621,1043.4541957783956,1033.797491145692,1036.675048828125,1634072
2019-11-18,1036.861219781305,1040.5258106249416,1030.8353228475619,1038.6893310546875,1803766
2019-11-19,1039.2988362250642,1050.8174371508942,1036.77677577462,1042.9549560546875,2062375
2019-11-20,1040.991285144377,1049.0399333457212,1040.1449507662107,1044.1650390625,1528053
2019-11-21,1041.8377331386237,1045.654709865392,1033.4252180921426,1042.0916748046875,1918739
2019-11-22,1035.0669515280667,1040.144957831557,1002.9062449392961,1010.5232543945312,4705428
2019-11-25,1005.4879323354188,1010.5235822284569,991.9550494112658,1000.4183959960938,3828175
2019-11-26,1004.328320594635,1014.4165622237929,1001.2137640200586,1002.9064331054688,4023961
2019-11-27,1009.5077779332993,1012.7407300897689,1002.4916322505533,1007.0956420898438,1984881
2019-11-28,1011.3444070164517,1013.4941299069367,989.3820660175531,995.1202392578125,2884499
2019-11-29,986.4027411813119,986.4027411813119,941.8771008859109,955.5115356445312,8239732
2019-12-02,946.3711207004137,964.838195864726,946.3711207004137,958.8969116210938,3078441
2019-12-03,958.8969209019315,958.8969209019315,945.9818490774026,946.201904296875,2734093
2019-12-04,964.821407187436,968.7653552004076,946.2020466978539,949.8666381835938,3528308
2019-12-05,952.1263347185544,958.0591479669862,946.2019930803056,956.1887817382812,2133879
2019-12-06,961.4105769235227,990.2113647460938,956.4425975422893,990.2113647460938,3950626
2019-12-09,994.4428744204373,995.2892087816463,978.4471343311294,980.6475830078125,2182412
2019-12-10,981.4094160727964,985.9796428049124,974.1309604021066,985.4718627929688,1508658
2019-12-11,988.5185349961304,990.8459544920545,977.9817135122304,980.8845825195312,1456799
2019-12-12,978.3625183373874,981.6970261196716,956.4254945746264,962.2821655273438,2940916
2019-12-13,969.8993013337678,985.9796562424428,969.8993013337678,984.2869873046875,3000059
2019-12-16,984.2870403129131,984.2870403129131,963.0778477907202,971.5243530273438,3093642
2019-12-17,973.0305290161209,993.2579399813989,967.3855452062911,990.1942138671875,4261696
2019-12-18,993.5966836589657,994.6122437142703,985.1333388237105,988.5186767578125,1964009
2019-12-19,984.2871214662865,984.2871214662865,974.9774410396923,979.5476684570312,1955230
2019-12-20,983.5929931204237,983.5929931204237,966.090751654067,970.1531982421875,2356384
2019-12-23,963.9747927948673,983.8636493626279,961.4357898287702,972.6920776367188,2591918
2019-12-24,975.8237136681321,977.5163827291349,969.0530374241207,971.592041015625,1182310
2019-12-25,967.360332045908,967.360332045908,956.3664551724188,959.4893798828125,2430597
2019-12-26,958.0506391242942,966.4970407731757,947.8861536721333,960.6742553710938,2287727
2019-12-27,973.2846392092783,991.9039975245862,973.2846392092783,984.2869873046875,4706628
2019-12-30,990.3805951824745,1011.7928994570145,990.3805951824745,1003.58349609375,4076066
2019-12-31,1001.2135620117188,1005.445233871447,995.7208602027755,1001.2135620117188,2258881
2020-01-02,954.6651803615873,969.1036944700817,944.5091678045492,956.3578491210938,14809916
2020-01-03,945.3556187810988,945.3556187810988,911.4176266296656,912.8225708007812,13031878
2020-01-06,906.3057796129341,924.9590256567488,903.2928824178005,912.3401489257812,6341478
2020-01-07,911.9254601071334,930.121652582589,910.9945127824814,926.3385620117188,4785359
2020-01-08,920.930419921875,920.930419921875,920.930419921875,920.930419921875,2500825
2020-01-09,925.8898615104661,935.5296230145282,922.5045238084168,933.2529296875,3740587
2020-01-10,938.5849484287219,944.5008182426517,933.0837742494733,941.547119140625,3597587
2020-01-13,951.508544921875,951.508544921875,951.508544921875,951.508544921875,3851575
2020-01-14,937.2308349609375,937.2308349609375,937.2308349609375,937.2308349609375,3514465
2020-01-15,938.593327505528,949.2486487455639,935.1995182737763,941.23388671875,2602911
2020-01-16,946.93813575358,946.93813575358,933.1513157579459,936.8921508789062,2319165
2020-01-17,939.4312658718962,941.7841005039,931.8227272177927,937.3154296875,2347275
2020-01-20,941.0054154606463,941.0054154606463,915.7338810124385,923.3508911132812,3539130
2020-01-21,914.8875416086852,919.9655483151164,907.5244732092843,910.0634765625,3287405
2020-01-22,905.5778389340632,917.4265209388079,893.2044337158864,910.2411499023438,3620004
2020-01-23,910.6559773984416,910.6559773984416,877.6489298905055,891.0210571289062,5346843
2020-02-03,833.639585426391,855.3734518710519,829.407912403922,849.6522216796875,12344288
2020-02-04,859.0295571359994,894.5756077761097,859.0295571359994,878.5037231445312,6262418
2020-02-05,888.6512938762669,892.0366321386527,874.2890210930533,888.642822265625,4741824
2020-02-06,896.6322709758854,909.8096546561333,890.3609029405256,906.42431640625,4717121
2020-02-07,905.5864700025231,911.5023404373112,897.9779304118626,910.656005859375,3127871
2020-02-10,898.8072052721135,909.4709989094895,894.7447584996306,902.6072387695312,3053342
2020-02-11,899.6535614513961,930.6971559530643,899.4843358785891,929.2752685546875,4791793
2020-02-12,921.6582678780657,929.943915669436,919.0177083780702,928.657470703125,2812543
2020-02-13,929.2752323028257,942.7234992005689,920.8203593558751,923.3508911132812,3035736
2020-02-14,922.8853677441366,925.4752007736824,916.6733017542865,920.8118896484375,2328760
2020-02-17,916.1570878335571,927.7433574422056,916.0724750467978,925.737548828125,2702822
2020-02-18,922.5131759349792,928.3274904435012,916.5803621862207,917.4266967773438,2666496
2020-02-19,918.2730721796803,932.2375935538414,912.3487297785211,928.0059204101562,3705147
2020-02-20,928.174939392771,951.2799109388976,927.0832382171067,946.201904296875,4680262
2020-02-21,940.667064105446,950.8908526568783,939.4399202047396,941.868896484375,2894008
2020-02-24,935.6229075622666,939.431413291828,918.6962154308823,920.1181030273438,3865036
2020-02-25,912.3486835201169,915.8101630486924,903.7837816440538,909.64892578125,3838562
2020-02-26,898.8072778330444,917.4266376374953,892.8829360770827,908.7093505859375,4356097
2020-02-27,910.6558922592185,926.7277756243473,910.6558922592185,920.295654296875,3449829
2020-02-28,905.8319134388962,915.7339863844829,888.6258658557962,894.5756225585938,4994657
2020-03-02,888.7442580885087,928.0480837218237,888.6596453058569,919.127685546875,4766304
2020-03-03,929.2751984711927,946.9466653942848,929.2751984711927,941.97021484375,5025015
2020-03-04,952.1263013330395,963.9749841940729,944.7124029350076,955.4439697265625,5379299
2020-03-05,961.6983846378927,994.4345445401718,956.8319613673716,991.0576782226562,6242645
2020-03-06,984.2869614750109,995.2893092816963,974.9603393427586,977.939453125,3064100
2020-03-09,960.5896255411753,960.5896255411753,940.5400114931383,942.8250732421875,4340409
2020-03-10,941.9703465762024,988.5187464519356,941.9703465762024,978.3627319335938,5806293
2020-03-11,977.9393539931528,989.8557046018703,965.6675057604391,980.4953002929688,3554757
2020-03-12,965.8538238702373,975.8236689779075,952.2109159958575,963.5518188476562,3663063
2020-03-13,922.5046395345646,955.4947430496001,914.0412942177337,941.1494140625,7588531
2020-03-16,934.3364378628656,937.6963613676404,898.8073285432653,903.0390014648438,5123254
2020-03-17,892.8828208486428,912.3485126775705,855.7456620442657,884.5040893554688,7935912
2020-03-18,880.1878545130254,897.1145440228913,853.0966796875,853.0966796875,7345988
2020-03-19,841.2480171135062,859.0295131330988,812.5657286568354,842.9491577148438,10226507
2020-03-20,855.6440909070542,882.7267921029254,855.6440909070542,876.193115234375,6013919
2020-03-23,846.3344405513984,876.1931444090061,839.157541025492,862.414794921875,4847210
2020-03-24,882.7268390655518,896.1666343815159,875.9561634063721,893.7291870117188,4665096
2020-03-25,920.7949128707583,923.6555273649984,909.1323996779091,914.1257934570312,3704866
2020-03-26,908.3961016291292,923.5200938451422,898.8071696761455,901.2785034179688,3004856
2020-03-27,918.2727814075394,924.1971219327493,909.817909408688,910.2326049804688,3626112
2020-03-30,897.3261990048992,911.5023025968181,894.5756117407956,907.2706298828125,3068741
2020-03-31,915.7338884767383,943.6629257408163,915.5646629091536,940.277587890625,4798437
2020-04-01,945.3557646847377,955.5117800618342,933.507080078125,933.507080078125,3320535
2020-04-02,934.3532648744541,969.052978515625,934.2517088694603,969.052978515625,4520561
2020-04-03,964.0003322546099,971.558040872606,958.0336331879321,964.6435546875,2761761
2020-04-07,983.3984798030874,987.2493436859038,972.3454032824332,981.705810546875,4348800
2020-04-08,974.9773577970759,987.0884542533743,974.9773577970759,981.544921875,2422442
2020-04-09,986.8259014974238,989.3649046745185,971.5579959992247,980.4783935546875,2281697
2020-04-10,979.9537172284889,999.9441323996614,976.2467682801604,985.9796142578125,2780434
2020-04-13,985.9796417856651,990.1943708489077,972.0151232539367,983.694580078125,1598147
2020-04-14,995.2894042945967,1008.4499475215493,986.8260590199827,1002.9910278320312,3679955
2020-04-15,1008.8305394972275,1018.9780800313811,1004.6834805432105,1006.79931640625,2933229
2020-04-16,1009.6514855159667,1013.1468505859375,1002.1445038093698,1013.1468505859375,2172774
2020-04-17,1024.0646068579222,1044.8506289638858,1019.8414065375997,1037.60595703125,3824569
2020-04-20,1033.3744719785336,1042.2609846368257,1029.8199082401454,1038.7064208984375,2423864
2020-04-21,1033.391657275011,1035.9052466493597,1009.6773414103191,1015.6016845703125,2922422
2020-04-22,1020.6794267825306,1057.4949782460797,1017.4802575155692,1053.2633056640625,4403473
2020-04-23,1057.9180863817119,1071.1886563147018,1056.030777045577,1059.830810546875,2689851
2020-04-24,1056.2253021790627,1066.2882303160493,1045.3753409265912,1058.3919677734375,1912240
2020-04-27,1063.842495622306,1081.7594346702099,1058.7306020424282,1079.9228515625,2590391
2020-04-28,1087.8022923051615,1100.1840673898482,1076.4359740266575,1082.5718994140625,3466190
2020-04-29,1081.4462118800031,1090.163394811005,1064.6887482847776,1078.9918212890625,2344406
2020-04-30,1075.6910581298523,1087.5482117326806,1065.433488993632,1071.2054443359375,2466087
2020-05-06,1058.764472280649,1100.23486328125,1057.9181377704328,1100.23486328125,3583481
2020-05-07,1099.7269541557264,1112.9212786938494,1094.3103932636539,1110.3907470703125,2793474
2020-05-08,1114.622605493308,1132.395631093429,1107.4372334085306,1112.599853515625,2907868
2020-05-11,1117.1615093349405,1129.856526486474,1111.8042492894265,1119.708984375,2367119
2020-05-12,1115.4686809519762,1129.847893392132,1113.7760122403647,1128.1636962890625,1972181
2020-05-13,1128.1638770362338,1132.3870778833348,1119.5989761157582,1130.6605224609375,2201431
2020-05-14,1125.6249212669975,1129.7550378925603,1121.4863330311764,1122.7388916015625,1857492
2020-05-15,1124.7785344236422,1128.5870396192074,1101.8259472441941,1111.2371826171875,2639808
2020-05-18,1105.312915164753,1143.8211369411665,1105.312915164753,1139.343994140625,3436211
2020-05-19,1154.4000896681002,1154.4000896681002,1132.3953958767727,1139.2591552734375,2478746
2020-05-20,1139.259360972508,1150.3210111266592,1131.3885118364847,1143.39794921875,2118340
2020-05-21,1146.7829561925644,1161.1367526064512,1144.9717884251618,1156.17724609375,2305158
2020-05-22,1156.0930513664025,1156.1776641630415,1119.599107933069,1124.1015625,3442746
2020-05-25,1125.6248143172559,1156.583691190783,1118.0078042955602,1153.46923828125,3156100
2020-05-26,1159.3767237454344,1159.4359217037684,1146.7832620926913,1149.322265625,2247019
2020-05-27,1150.1686554639327,1151.0149900154147,1128.163957125403,1132.3956298828125,2677741
2020-05-28,1132.370089169126,1139.9616844570264,1118.117845834,1137.4735107421875,2648591
2020-05-29,1127.4020487446867,1159.4612003804766,1127.4020487446867,1156.6005859375,2840827
2020-06-01,1168.7878290695724,1201.8794840889504,1168.7878290695724,1201.3717041015625,3547976
2020-06-02,1198.418109238322,1208.4810387201233,1190.504902420682,1193.9324951171875,2596010
2020-06-03,1197.5631654742283,1199.6790014556316,1181.2881716352433,1184.2757568359375,2355736
2020-06-04,1181.4829508696446,1194.177968250049,1181.4829508696446,1191.6304931640625,1803741
2020-06-05,1189.3113852838885,1209.3102707785997,1185.782133733421,1206.0264892578125,1834706
2020-06-08,1206.026749728769,1214.4900953409006,1186.5695264314638,1190.031005859375,2930045
2020-06-09,1191.6389211037422,1206.0266069409322,1185.4437983065577,1198.8751220703125,2261191
2020-06-10,1206.0270039595723,1213.0769351481686,1199.2563260426064,1204.8929443359375,2270074
2020-06-11,1194.1864385655074,1200.0938367834817,1182.3208124701805,1185.257568359375,3071171
2020-06-12,1174.009852519684,1198.7227783203125,1170.7430137834415,1198.7227783203125,2842742
2020-06-15,1186.5609460087333,1194.6857363888407,1168.7879218531102,1170.4805908203125,3461541
2020-06-16,1183.5985725943506,1196.7167548433406,1179.0537613283216,1188.15185546875,2920664
2020-06-17,1194.9058178735268,1194.9058178735268,1180.6535737839883,1189.0999755859375,1945307
2020-06-18,1189.0153169278885,1196.0398310377338,1184.9528701491415,1195.87060546875,2101041
2020-06-19,1201.795055246771,1223.1226444797423,1197.6479953091591,1218.5863037109375,3895833
2020-06-22,1214.5746409423427,1222.0139543837954,1212.966584702533,1217.8753662109375,2324700
2020-06-23,1214.4900735186982,1254.267797180983,1213.2375149205807,1247.9202880859375,3393426
2020-06-24,1253.164501057896,1254.9711140562813,1237.2388181434035,1250.0906982421875,2513899
2020-06-29,1239.8074820321788,1255.2194534939047,1230.397625595688,1252.79638671875,2808061
2020-06-30,1252.7534582116944,1257.7708982977701,1245.9036935313266,1252.5479736328125,2244614
2020-07-01,1256.9321120883324,1289.5541030854347,1253.5243700878852,1279.425048828125,3868249
2020-07-02,1283.4745922187449,1327.912459244083,1280.0497100513833,1322.0045166015625,4588372
2020-07-03,1327.1419646210743,1329.282516176915,1298.783941790065,1320.1124267578125,3512581
2020-07-06,1316.8673240661622,1383.6525329589845,1311.5673685552554,1369.9530029296875,5182196
2020-07-07,1372.5988084329072,1493.950951143799,1370.809336440823,1445.300537109375,6666393
2020-07-08,1438.4505940630936,1471.8431971395582,1421.3261822290092,1439.597900390625,5316998
2020-07-09,1447.869334821265,1465.849971149619,1440.163347823399,1460.712646484375,3503324
2020-07-10,1446.156894524368,1486.9129826669346,1446.1054711084846,1467.4339599609375,3710044
2020-07-13,1468.1445718056111,1530.0664075135453,1468.1445718056111,1525.7767333984375,6072716
2020-07-14,1525.7767322766051,1525.8110145510732,1497.0163079378249,1508.660888671875,4609351
2020-07-15,1494.0023809677846,1526.299000725479,1493.856785821726,1500.552490234375,4071294
2020-07-16,1481.1847544074833,1481.1847544074833,1369.953095957249,1381.940185546875,10224219
2020-07-17,1387.0774514092693,1432.1060660757753,1387.0774514092693,1411.094482421875,6590206
2020-07-20,1414.904455645558,1424.7424213810748,1360.4317085596535,1401.5987548828125,4528033
2020-07-21,1409.8872855968987,1457.9726700429544,1396.4874105517276,1428.1761474609375,4196950
2020-07-22,1419.6138890483196,1464.1373644587613,1419.6138890483196,1436.8067626953125,3920121
2020-07-23,1431.600996140364,1447.8691892783227,1412.7641409279909,1435.02587890625,3432052
2020-07-24,1416.9167095654236,1426.46359063466,1357.109718580994,1365.9288330078125,7875201
2020-07-27,1383.6613908898776,1395.4687092321765,1369.9532874458414,1389.2611083984375,3878817
2020-07-28,1395.639603117983,1438.450633888473,1395.639603117983,1429.888427734375,5491152
2020-07-29,1447.0128007368608,1447.0128007368608,1398.2082269841974,1431.600830078125,5074843
2020-07-30,1430.9160215410272,1456.0803609752675,1430.3167088463194,1438.4508056640625,3837304
2020-07-31,1442.7317124940107,1459.856124511744,1409.3391090594314,1436.892333984375,4068474
2020-08-03,1444.3415986825075,1452.6468977803538,1421.3263817656812,1428.1761474609375,3466114
2020-08-04,1434.169678970697,1441.010874033033,1421.3263684127505,1429.8800048828125,3194051
2020-08-05,1423.1158537882104,1432.5342816191878,1407.0361082531351,1428.1761474609375,2552169
2020-08-06,1429.888544397417,1433.339138843637,1395.6397169867005,1402.4552001953125,3264878
2020-08-07,1408.2860244250896,1412.4815264221606,1368.6686790929405,1396.495849609375,3424205
2020-08-10,1393.9015650209599,1408.4487461137153,1376.8970347402937,1399.0560302734375,2362354
2020-08-11,1404.2018300104894,1426.8317871984004,1404.2018300104894,1406.3509521484375,3581818
2020-08-12,1398.208375181404,1405.0581406446322,1374.4482512308323,1393.0281982421875,2793392
2020-08-13,1395.6397947725536,1403.243039062264,1377.6591593797784,1399.9208984375,2054134
2020-08-14,1404.1161398439613,1426.206567935991,1396.4957558335059,1422.182373046875,3765318
2020-08-17,1433.3134086654031,1459.299685224538,1429.8885259684728,1447.012939453125,4357201
2020-08-18,1453.3318040312734,1472.699510859604,1447.8691121299944,1459.856201171875,3042281
2020-08-19,1455.5752051533789,1470.1309572049126,1441.0108825332254,1444.4443359375,2691498
2020-08-20,1433.3135503622202,1437.5946541566116,1417.9015767024114,1424.7513427734375,2238233
2020-08-21,1432.4572168318355,1453.8627341186232,1430.7447754488926,1435.02587890625,2508241
2020-08-24,1455.5236318646937,1462.4248202370973,1447.877640252123,1452.4498291015625,3093344
2020-08-25,1459.6850579347856,1495.6291853793798,1454.4021387091764,1478.693115234375,4187249
2020-08-26,1484.7038011345894,1494.1050874834884,1468.5040682325248,1478.693115234375,2621573
2020-08-27,1482.9656921295436,1484.6695629728454,1459.8563036375965,1482.1180419921875,2263553
2020-08-28,1481.2615615940256,1510.3730604924053,1473.9836868694308,1504.3795166015625,4229962
2020-08-31,1516.0071132868704,1554.8966926427372,1516.0071132868704,1529.63818359375,4781036
2020-09-01,1532.6349494845488,1542.9095971905904,1519.800210419948,1542.8924560546875,3163992
2020-09-02,1562.602882491513,1565.1715447641018,1515.5107408273852,1536.916259765625,3200929
2020-09-03,1536.916176774152,1551.4719288661636,1523.8159580836898,1535.2037353515625,3043735
2020-09-04,1512.085615565413,1521.4954718217,1494.961203158104,1515.510498046875,3085796
2020-09-07,1506.9484674173193,1522.3518698108103,1458.9743953842096,1475.6964111328125,3111202
2020-09-08,1485.4572450960006,1487.9403059157612,1435.9419373973556,1465.3360595703125,3447238
2020-09-09,1455.292670274215,1464.9936131481875,1440.1717834938406,1445.300537109375,2596355
2020-09-10,1458.7775169402566,1472.6140733804627,1455.5752597303804,1460.5413818359375,2477833
2020-09-11,1445.3006324834103,1486.3992286677726,1445.3006324834103,1483.83056640625,3108800
2020-09-14,1494.1050594066303,1514.6543553526242,1481.758319798861,1512.085693359375,3105601
2020-09-15,1515.5021230679681,1515.5021230679681,1496.459782374989,1506.948486328125,2082087
2020-09-16,1506.9485315580173,1511.06700356629,1471.843480538768,1477.06640625,2251598
2020-09-17,1455.5752325555904,1455.5752325555904,1419.613962104217,1430.3338623046875,6367985
2020-09-18,1425.60744672117,1451.2940673828125,1399.9293966279445,1451.2940673828125,4720140
2020-09-21,1449.3762611809464,1449.3762611809464,1427.028920262314,1427.1488037109375,2244407
2020-09-22,1412.7640683275424,1444.4270911479693,1412.7640683275424,1426.1981201171875,2326547
2020-09-23,1399.9207794750114,1426.4721905102538,1387.9508313680647,1412.7469482421875,3572552
2020-09-24,1400.7510160935813,1420.3670568709945,1392.899541058019,1395.05712890625,3005078
2020-09-25,1395.6394960410446,1412.7639070354132,1391.3583932924523,1400.0147705078125,2258296
2020-09-28,1400.0832698684655,1428.6040273502174,1400.0832698684655,1422.182373046875,2423222
2020-09-29,1429.314879760113,1429.3748737405072,1414.7335205078125,1414.7335205078125,1743078
2020-09-30,1421.3261291485614,1448.6395859077086,1421.3261291485614,1428.60400390625,2708781
2020-10-09,1448.7252640634213,1461.0720028178416,1445.3003816424675,1452.150146484375,3423988
2020-10-12,1459.471096606005,1498.9085693359375,1459.471096606005,1498.9085693359375,4372904
2020-10-13,1498.9169307452996,1498.9169307452996,1485.5427689028581,1488.9676513671875,2294389
2020-10-14,1489.8239448154643,1495.800348284825,1477.8368556043054,1480.405517578125,2048139
2020-10-15,1473.6670211538456,1485.5427971439085,1473.555708290874,1476.9805908203125,1620436
2020-10-16,1476.9807227304048,1485.1832794941022,1458.143867136162,1465.849853515625,1737738
2020-10-19,1476.980484844026,1484.6693288478662,1448.6396048502615,1454.71875,1922632
2020-10-20,1451.5508279573546,1485.5170323366112,1451.2939199691825,1484.6865234375,2773493
2020-10-21,1484.7722216685756,1491.6648397709644,1475.2681932715793,1484.1129150390625,1890137
2020-10-22,1481.261719450547,1494.1050291567656,1468.8550906358696,1491.9644775390625,2248087
2020-10-23,1490.4916820742094,1496.3224898573942,1467.5620699228002,1468.7008056640625,1929169
2020-10-26,1386.2213327938366,1423.8265840935494,1386.2213327938366,1406.7706298828125,6601529
2020-10-27,1406.770491811899,1407.0273998079483,1383.755277150365,1391.3585205078125,4394440
2020-10-28,1392.214848904439,1435.8821043128805,1391.4270882388123,1425.44482421875,3463653
2020-10-29,1416.9082198093572,1462.4249410333384,1410.1954788535763,1435.02587890625,3937376
2020-10-30,1436.7382637745561,1452.1502356148076,1425.6073952232632,1429.9056396484375,2605545
2020-11-02,1437.5945544132094,1451.2940856047587,1431.6010095169065,1433.322021484375,2106643
2020-11-03,1442.723289927181,1460.6268937937014,1434.5977639527448,1451.2940673828125,2349749
2020-11-04,1455.5752265017802,1459.0001093876667,1442.7319156797057,1455.215576171875,1644371
2020-11-05,1470.1309137621,1483.3851932213563,1465.935411508575,1474.326416015625,2352414
2020-11-06,1481.7325628450744,1482.6229611730648,1447.012776604695,1456.1058349609375,2305153
2020-11-09,1456.756734665868,1498.968455706209,1456.1059985920288,1492.0244140625,4146970
2020-11-10,1500.8864080238905,1510.784264840335,1486.3991163368553,1494.1051025390625,3018944
2020-11-11,1494.1051583565059,1521.932331792945,1482.1180682608087,1482.417724609375,3485073
2020-11-12,1481.2702773666945,1498.3861195941286,1474.6431379764192,1485.363037109375,2347309
2020-11-13,1476.1243934429986,1480.3027543755045,1447.8691121299944,1459.856201171875,2815548
2020-11-16,1464.9936410968512,1481.3046875,1453.2291768524956,1481.3046875,3061349
2020-11-17,1489.8237671275856,1491.8358645299415,1456.4910549010867,1469.103271484375,2522403
2020-11-18,1468.4183506997538,1473.1532757723126,1441.1563156582379,1450.1380615234375,3517895
2020-11-19,1442.3037171060382,1476.9806542047586,1438.9644355927069,1472.8621826171875,2781576
2020-11-20,1472.6994434031951,1486.3989731092713,1466.4062428482898,1472.6651611328125,2187466
2020-11-23,1517.214624161278,1549.6739826096111,1517.214624161278,1532.81494140625,6663724
2020-11-24,1515.50205435956,1526.2133835786321,1499.6448304197386,1509.9451904296875,3246536
2020-11-25,1508.2325624720736,1514.5514745784947,1476.1242904921119,1478.5902099609375,2822632
2020-11-26,1477.837047159572,1489.8155673552615,1477.134992117476,1485.020751953125,2322830
2020-11-27,1483.5391693885683,1489.8152285707,1470.986946505192,1488.0257568359375,2156861
2020-11-30,1485.5427709748851,1488.8820522860874,1467.485107421875,1467.485107421875,3194007
2020-12-01,1477.8369432975317,1488.9592419426265,1472.708189613667,1487.25537109375,2819620
2020-12-02,1494.9614347126355,1497.530096971592,1482.1181234178534,1488.1202392578125,2357169
2020-12-03,1488.1199294017888,1503.2322434491264,1483.05963653994,1497.52978515625,2950578
2020-12-04,1502.6672939774555,1541.28282575647,1502.6672939774555,1535.2978515625,6249119
2020-12-07,1543.5089280163195,1575.7799387498353,1541.6681372292649,1551.8143310546875,5833133
2020-12-08,1554.0406959327493,1605.4139420792865,1552.3282543945313,1584.0084228515625,6145400
2020-12-09,1593.8550364618716,1597.7080301036005,1574.590068253227,1575.4462890625,3115212
2020-12-10,1575.446211974239,1583.811505594577,1565.1715627657113,1569.3670654296875,3265354
2020-12-11,1570.976622151952,1573.1513516308107,1545.3157131659134,1558.3216552734375,3077579
2020-12-14,1564.9744532013801,1566.8666674147676,1554.0404986448796,1566.027587890625,3305200
2020-12-15,1569.8805642682537,1573.065680006723,1545.4782757044984,1554.9052734375,2960497
2020-12-16,1567.3121913744055,1580.3010986779695,1558.5016458008602,1575.4462890625,3215016
2020-12-17,1580.1552242803386,1599.4201890846236,1575.4460106615136,1597.2882080078125,3603064
2020-12-18,1585.558085918911,1600.2850399774104,1576.3707501202985,1579.7271728515625,2707698
2020-12-21,1575.445752416893,1585.0610921066846,1573.3908022707888,1577.5863037109375,3069672
2020-12-22,1583.9823537646837,1625.9543031197256,1577.594981714378,1610.5509033203125,4065060
2020-12-23,1624.1823476745424,1632.127997019937,1559.195170046859,1576.8590087890625,4770609
2020-12-24,1554.0405308205304,1591.6114983579923,1536.9332583943926,1567.1749267578125,3785714
2020-12-25,1543.7571406823201,1581.4394169041368,1541.1970495005123,1566.8836669921875,2308805
2020-12-28,1571.1649089106506,1617.2296221621107,1563.501775821978,1603.7012939453125,3008037
2020-12-29,1606.2869692243032,1615.5170522762705,1588.5974225557914,1598.5638427734375,2286759
2020-12-30,1601.1325636862227,1655.074462890625,1601.1325636862227,1655.074462890625,3445210
2020-12-31,1661.9243041259033,1711.5679613612258,1661.9243041259033,1710.7288818359375,3886007
2021-01-04,1703.9646154794625,1716.7137529078161,1698.5790589142275,1709.87255859375,4351400
2021-01-05,1703.8791438380645,1763.3436279296875,1697.4232065002163,1763.3436279296875,5211605
2021-01-06,1767.9243095717827,1819.468747093564,1743.2908265645447,1798.063232421875,4741020
2021-01-07,1795.4945273711303,1832.3120117187502,1776.6576749142087,1832.31201171875,3793139
2021-01-08,1832.312379681893,1841.627960974805,1766.400523980696,1789.5013427734375,5386164
2021-01-11,1789.5015077040923,1841.302867137632,1762.616257662991,1797.83251953125,5107990
2021-01-12,1787.7887503917616,1850.2071533203125,1785.2200883940723,1850.2071533203125,4105859
2021-01-13,1852.8616943359375,1860.8503007883287,1828.0312927020457,1852.8616943359375,3438993
2021-01-14,1846.0120283303802,1852.0055738769074,1811.8574728999417,1827.1751708984375,3615220
2021-01-15,1810.906648223613,1827.4746011737213,1737.2716734022274,1782.6513671875,5950939
2021-01-18,1764.7222827955525,1790.7684495483738,1746.9214210298765,1766.38330078125,3914404
2021-01-19,1775.0397327083324,1794.8954399608826,1718.306437992237,1720.4984130859375,4634519
2021-01-20,1719.2912493454953,1759.953164007579,1697.4576204319944,1747.229736328125,4508242
2021-01-21,1753.5399758454107,1789.5183860181899,1747.5464310060954,1772.3768310546875,3831017
2021-01-22,1771.5204223264932,1798.063260940375,1763.9001425978008,1780.89599609375,2924761
2021-01-25,1783.5076077024964,1866.132900138066,1783.5076077024964,1862.2799072265625,5595716
2021-01-26,1870.842185405727,1872.554626765366,1819.5632208681645,1833.930419921875,3174746
2021-01-27,1833.9304398009513,1833.9304398009513,1785.2201367748473,1788.64501953125,3712017
2021-01-28,1780.9391743744013,1806.3346067705972,1763.8319003743857,1787.7889404296875,3512864
2021-01-29,1799.0821315477224,1840.429058209165,1789.6894165500553,1811.9168701171875,3370133
2021-02-01,1828.031021930548,1849.4365374098284,1793.7821971636993,1806.0433349609375,2934059
2021-02-02,1808.5265646339574,1840.8660390336197,1799.861719357495,1836.593505859375,3458225
2021-02-03,1840.8745705484505,1882.2043619321505,1832.3123632435738,1875.0462646484375,3871415
2021-02-04,1875.979800134691,1994.9944930688407,1875.979800134691,1987.16015625,6385101
2021-02-05,1990.7126341348494,2024.6190490670087,1961.6011375496516,1980.43798828125,3972906
2021-02-08,2000.9877169069543,2036.8461384274144,1980.438420712788,2028.215576171875,3578573
2021-02-09,2028.2158117839517,2103.246337890625,2012.1188194209294,2103.246337890625,3329655
2021-02-10,2127.708428605434,2227.201231628347,2127.708428605434,2227.030029296875,6137057
2021-02-18,2215.881864675381,2250.044984434067,2110.5838675906134,2115.72119140625,6591232
2021-02-19,2098.733912070762,2137.691954966071,2039.1753574497816,2106.302978515625,5938546
2021-02-22,2102.021629677765,2102.021629677765,1950.6589228439154,1959.0499267578125,7893547
2021-02-23,1959.0499742931756,2007.7431336097454,1939.339758348403,1975.301025390625,5745460
2021-02-24,1976.1487813545396,1977.8697933024498,1849.8648001861225,1874.26708984375,8211578
2021-02-25,1891.391407782976,1904.6628278013718,1816.2237637939563,1840.8743896484375,5972643
2021-02-26,1798.0633835416527,1866.5181834074106,1770.065009805582,1817.568115234375,6652506
2021-03-01,1849.4364401717448,1864.5400791229945,1815.1876172056013,1847.7239990234375,4491626
2021-03-02,1866.5609672998664,1866.5609672998664,1740.6965351012057,1762.10205078125,7076450
2021-03-03,1746.6899550963785,1840.6773033738139,1740.6964111328125,1832.31201171875,5421546
2021-03-04,1793.7823378248165,1794.638558511129,1721.0891806530547,1740.6966552734375,6508829
2021-03-05,1712.4412982799315,1793.7822599482283,1702.1666504902519,1763.9088134765625,6377920
2021-03-08,1776.6237284021718,1785.2202179577885,1678.192626953125,1678.192626953125,6309959
2021-03-09,1673.9113871456334,1712.4413167730265,1626.973416641299,1658.4908447265625,8226581
2021-03-10,1692.7482798397502,1712.330042558295,1684.1860730626145,1686.7633056640625,5117174
2021-03-11,1692.739679379869,1780.9304076270346,1679.4596885415085,1753.5399169921875,5676897
2021-03-12,1772.3768355133266,1778.3703803677195,1714.1623989248321,1734.703125,4032251
2021-03-15,1755.252310990759,1772.2055214606596,1670.6149216792483,1691.4210205078125,6248487
2021-03-16,1689.1522832626697,1729.5572889908217,1682.4737198190942,1721.4317626953125,3464850
2021-03-17,1712.4415511628322,1755.252589941903,1691.900823118165,1738.4364013671875,3137491
2021-03-18,1749.7811051056035,1786.3846431465092,1745.8339403722161,1772.119873046875,3386488
2021-03-19,1742.409056706215,1743.308130213885,1705.7884820689906,1721.0035400390625,3578077
2021-03-22,1712.526861426796,1734.7800272424438,1674.3822950658068,1703.8704833984375,3691407
2021-03-23,1711.4822769880982,1719.9760231648931,1686.7546213031533,1709.016357421875,2744619
2021-03-24,1696.1733052909165,1723.5723692835006,1696.1733052909165,1703.0230712890625,2935739
2021-03-25,1686.763311801572,1702.920191868051,1666.89046324565,1687.6109619140625,3157523
2021-03-26,1699.5979657009711,1731.278129293382,1676.4800084848873,1723.5721435546875,5001642
2021-03-29,1749.4300148550365,1794.9382684649574,1734.8315152788743,1741.638427734375,5699220
2021-03-30,1746.690111987286,1786.076261571313,1742.4774687961976,1760.4324951171875,3262697
2021-03-31,1751.0570086448452,1751.8447693499124,1712.441474303136,1720.1474609375,3715441
2021-04-01,1732.9905677771153,1752.512440091344,1713.4858365986713,1750.5430908203125,2658763
2021-04-02,1760.3895427410962,1853.7175875654054,1760.3895427410962,1851.14892578125,5202757
2021-04-06,1850.2927173168246,1851.131796782091,1800.0326098849996,1820.3507080078125,3274177
2021-04-07,1801.539688074635,1812.8760412264974,1755.2523491279642,1764.6707763671875,4020097
2021-04-08,1752.7094668594104,1780.0828172766644,1750.1150930800877,1772.3768310546875,2854762
2021-04-09,1748.4025277015007,1758.6771752687964,1716.730934936841,1729.565673828125,2880886
2021-04-12,1721.8597136009269,1738.1279058229147,1705.3346133783116,1720.0531005859375,3194307
2021-04-13,1729.5658983988435,1755.0813183115888,1720.1474702392459,1730.422119140625,2899215
2021-04-14,1742.409067754927,1753.5399364924278,1726.1408749847337,1752.6837158203125,2411465
2021-04-15,1738.8988037314973,1752.5983362172142,1703.8793529110555,1725.798583984375,3436621
2021-04-16,1733.9152178750076,1770.6642445621453,1722.715889777097,1759.5162353515625,3029370
2021-04-19,1759.533655451632,1796.659479448122,1740.696798799595,1787.7889404296875,3175391
2021-04-20,1773.3185754199515,1822.8936647443954,1772.3766491408635,1793.6109619140625,2829037
2021-04-21,1777.5140822190506,1796.1797343313121,1768.1813606820429,1780.93896484375,2614975
2021-04-22,1789.4154546259963,1797.2071461641594,1756.5366652481052,1759.9615478515625,2685002
2021-04-23,1760.3641515725608,1815.085144491062,1757.3930906524934,1805.7181396484375,3346277
2021-04-26,1825.4626128763489,1828.0312750895896,1775.4594054072375,1779.0726318359375,3404511
2021-04-27,1787.0011890714318,1793.996445390663,1768.1729039910622,1793.3028564453125,2210785
2021-04-28,1721.0035267679511,1753.1118015210845,1715.0099821473664,1748.402587890625,8134295
2021-04-29,1752.7181657912924,1755.2011223626935,1724.4285986317661,1735.011474609375,4128378
2021-04-30,1734.7028721359754,1743.2650778227276,1715.6176822140892,1718.246337890625,3840137
2021-05-06,1712.441351414944,1718.297871571428,1672.1989796566927,1677.3363037109375,5354614
2021-05-07,1682.4734950905026,1685.0250157798457,1627.6753761664354,1629.3878173828125,5249339
2021-05-10,1626.8193025745315,1634.5252887446213,1597.7163698336888,1608.8643798828125,4600318
2021-05-11,1606.2699876272175,1683.32984844089,1603.9582336104575,1677.3363037109375,4249412
2021-05-12,1668.8424377326342,1711.5850084366336,1668.7739777103548,1698.74169921875,3269887
2021-05-13,1683.1157936136826,1699.640894465842,1672.198979996196,1688.0390625,2507751
2021-05-14,1697.0293969076008,1738.5561001114447,1691.8920727999086,1720.8751220703125,3561129
2021-05-17,1733.932592309397,1785.3914376611208,1733.932592309397,1762.0679931640625,4452400
2021-05-18,1768.0958449111754,1778.3704938888675,1751.0228533624281,1763.2239990234375,1750428
2021-05-19,1762.958447360946,1776.495346997237,1746.6902538204613,1754.396240234375,2240972
2021-05-20,1775.8016252959148,1775.8873309760775,1751.279453376342,1762.85546875,2185716
2021-05-21,1759.601990953755,1780.8360957304424,1744.1385959276604,1748.4881591796875,2424823
2021-05-24,1756.108330865945,1780.9901499746416,1738.9839200335125,1773.4810791015625,3254808
2021-05-25,1785.2201520981073,1883.771237874797,1785.2201520981073,1878.976318359375,6775695
2021-05-26,1890.5181470810026,1919.4755894194718,1877.7605423836021,1900.8099365234375,3860420
2021-05-27,1893.1210917019632,1986.432006020323,1884.6274493270832,1922.2154541015625,4537338
2021-05-28,1918.7645405191745,1926.4962371689323,1888.4029932675073,1909.371826171875,2580731
2021-05-31,1896.9569824053642,1899.3972950433965,1859.7113815321377,1899.0975341796875,3173900
2021-06-01,1902.5219775592604,1925.597078548748,1888.8224493680148,1918.747314453125,3061634
2021-06-02,1926.4965177548029,1938.4836071986106,1890.6893106140901,1902.5223388671875,2286277
2021-06-03,1900.809786587064,1935.3498018367407,1892.3161448833798,1902.7105712890625,2345031
2021-06-04,1896.5288285999436,1959.0329389781812,1895.7068901835562,1927.7808837890625,3142219
2021-06-07,1939.3396052533128,1951.3266933211037,1917.9426614138351,1944.4769287109375,2546627
2021-06-08,1935.0587185503196,1952.1745614205686,1850.421221515241,1875.9794921875,4731363
2021-06-09,1876.8357909823255,1895.6726465487538,1849.5310045949136,1883.2574462890625,2550235
2021-06-10,1879.4043548053216,1927.669613904672,1875.191816036676,1916.6328125,2556663
2021-06-11,1917.077983621543,1921.359086756026,1865.5421142578125,1865.5421142578125,3397066
2021-06-15,1879.4902858946673,1891.2888240891398,1839.1622042258036,1877.692138671875,2936130
2021-06-16,1876.8354985446595,1879.4041602671202,1839.1617932819017,1847.7239990234375,2759315
2021-06-17,1845.7120471235585,1873.410870065468,1836.0454911238096,1846.7908935546875,2106753
2021-06-18,1838.3060627661425,1846.4401603890014,1768.0959569688328,1790.3062744140625,5402821
2021-06-21,1785.2202554021353,1797.7980879916356,1755.2525292922674,1782.34326171875,3548826
2021-06-22,1791.2134192924714,1796.3507426747633,1758.5827616324618,1776.6319580078125,3322818
2021-06-23,1780.9389279471295,1783.507589862438,1741.6812325786575,1744.9776611328125,3707901
2021-06-24,1746.6985724834299,1780.9388254829894,1730.4218107216932,1770.70703125,3147370
2021-06-25,1771.7470216042225,1822.774366214672,1765.3859060828647,1808.08154296875,3587543
2021-06-28,1814.995665740918,1830.5527714472687,1791.6600071813918,1817.59716796875,2745242
2021-06-29,1821.909878720599,1827.9598640863694,1772.6457121707535,1782.15283203125,3303063
2021-06-30,1784.7457400623416,1792.5242929245987,1768.583677983224,1777.5721435546875,2191566
2021-07-01,1780.3982999469918,1823.6384346932527,1755.8785779148766,1819.3170166015625,3370124
2021-07-02,1793.3884387103942,1793.3884387103942,1738.5064310679315,1739.8028564453125,4627531
2021-07-05,1728.5672936779085,1745.749256797202,1715.6030389753244,1723.381591796875,3442095
2021-07-06,1724.2458545428149,1740.6672436336987,1694.0045785467673,1739.716552734375,3528251
2021-07-07,1737.2101159010103,1753.5277952396584,1727.7116471404086,1732.0244140625,2812212
2021-07-08,1728.6538122207678,1732.0245397610988,1700.9103264719774,1715.6031494140625,3551669
2021-07-09,1697.902519035066,1716.3895588171522,1681.031685445072,1704.46240234375,3090790
2021-07-12,1707.4357217165477,1727.5130153749137,1677.1425355466758,1694.8603515625,3901024
2021-07-13,1700.9101171841742,1733.3207520390556,1698.3172663957837,1713.7879638671875,2992471
2021-07-14,1706.095890896765,1706.5280327131015,1681.031665549244,1695.7244873046875,3077069
2021-07-15,1689.691954521239,1739.8031071143644,1685.871782544271,1726.8302001953125,4219005
2021-07-16,1711.281607201468,1725.6286945248055,1685.3530980014457,1690.452392578125,3540764
2021-07-19,1690.4436363333919,1716.4672024574763,1677.5744410724883,1706.9600830078125,3005234
2021-07-20,1706.9604415122908,1718.999960819993,1695.2148546480996,1711.2818603515625,2347521
2021-07-21,1719.0602094302508,1733.7530317330736,1695.7332017556278,1701.7745361328125,2978013
2021-07-22,1693.9958931731712,1706.0094565774716,1675.8113320690497,1676.7188720703125,3909047
2021-07-23,1674.8262013594024,1674.8262013594024,1637.895375557095,1642.1390380859375,4758547
2021-07-26,1623.9889077057871,1623.9889077057871,1538.424830077861,1559.2626953125,9861948
2021-07-27,1558.3035680243615,1564.3535541453657,1471.8751948671588,1480.4229736328125,8657699
2021-07-28,1471.8749878285087,1545.5119091990857,1453.828741831592,1528.831298828125,8536884
2021-07-29,1564.3620781668278,1575.5891144863922,1498.9616955376773,1512.31494140625,6386385
2021-07-30,1490.8893580517374,1490.8893580517374,1432.774931456994,1451.1236572265625,7773589
2021-08-02,1438.1680555555554,1517.6648522266973,1400.7618322513042,1516.81787109375,9740065
2021-08-03,1495.210641588928,1528.9090510189199,1459.6021991466553,1511.891357421875,5437475
2021-08-04,1498.7200142088802,1521.139485299449,1484.839565763894,1490.0252685546875,3817549
2021-08-05,1463.1283136001925,1508.1747671826718,1448.850332734636,1468.417724609375,4805969
2021-08-06,1459.7751236920724,1464.105193334058,1423.1294748563205,1444.218017578125,4568610
2021-08-09,1426.9320852200372,1477.060529158718,1426.067801703853,1463.9234619140625,4769775
2021-08-10,1469.2822306337723,1558.199738317203,1447.675139006805,1554.8463134765625,8328505
2021-08-11,1538.4336088227224,1542.7550272427943,1512.5050983022907,1512.9285888671875,3866259
2021-08-12,1496.9393184865016,1511.6321408965885,1457.3464328680518,1460.639404296875,4755097
2021-08-13,1460.6394524255804,1480.5179775177628,1451.1323317293193,1469.31689453125,3790452
2021-08-16,1465.8249109939866,1481.0362804791005,1456.3868965811398,1468.590576171875,2805697
2021-08-17,1469.282323621464,1469.282323621464,1407.8144696910356,1413.1038818359375,6120077
2021-08-18,1404.1671177555843,1420.009399230116,1382.8538532021605,1400.1395263671875,5997026
2021-08-19,1402.0582857960665,1420.1909410359729,1382.8539272028486,1400.1136474609375,4129195
2021-08-20,1344.1082073973073,1380.7365572130072,1318.464870364167,1337.9112548828125,11454454
2021-08-23,1329.1645280029302,1381.9895398397075,1328.2051858232962,1357.0894775390625,7159720
2021-08-24,1361.2468945936353,1419.6293036075615,1353.2695725299873,1404.61669921875,7259447
2021-08-25,1424.0284274868511,1452.7485583477358,1420.018138403929,1439.0496826171875,5423890
2021-08-26,1439.0235496475966,1439.0235496475966,1378.2903239028394,1378.5323486328125,5402037
2021-08-27,1373.346789802395,1404.4610027872197,1369.1117786010068,1379.4227294921875,3609545
2021-08-30,1387.1752960474464,1394.0895654358449,1336.139302922979,1370.75390625,5158770
2021-08-31,1374.0383424905629,1396.9850126598342,1344.0476331827213,1346.5540771484375,4367709
2021-09-01,1347.4184232917748,1413.0953397943786,1323.304884545272,1401.876953125,7731610
2021-09-02,1411.3666745034425,1420.0181630484701,1383.6231879754794,1399.1025390625,4283679
2021-09-03,1391.514053397249,1434.5294698364514,1367.2968073498664,1433.1724853515625,5283518
2021-09-06,1425.2039163886298,1476.3349730330056,1405.4550536266754,1443.9329833984375,5533806
2021-09-07,1435.6011861531658,1455.8685968102918,1426.9323952813718,1442.489501953125,3121122
2021-09-08,1434.7109222322176,1444.3736602865702,1407.122948927114,1411.461669921875,3306367
2021-09-09,1405.325098348075,1421.7464863361522,1403.6051824674878,1412.3084716796875,1995013
2021-09-10,1412.3085897861142,1442.3165983174028,1411.3752014246847,1436.940673828125,3338811
2021-09-13,1439.0320207994823,1455.45340722302,1417.5113406490168,1429.52490234375,2772002
2021-09-14,1433.846364897853,1454.5891694533373,1428.6606637589819,1432.1177978515625,3376061
2021-09-15,1426.068007581061,1434.710843990643,1391.496661942732,1396.4576416015625,4157005
2021-09-16,1385.446698724032,1420.8823285728688,1369.889592936738,1415.757080078125,4596802
2021-09-17,1400.1395294080849,1474.1221896144048,1400.1395294080849,1457.1822509765625,5513025
2021-09-22,1433.6996808729593,1458.910874185932,1413.103838444312,1415.4287109375,3174300
2021-09-23,1415.6967329952695,1431.1501301250235,1404.5301493545282,1413.1038818359375,3034181
2021-09-24,1407.0538345931411,1486.5506307997487,1407.0538345931411,1464.0965576171875,6953660
2021-09-27,1512.4963148584907,1610.5060971619948,1512.4963148584907,1603.24609375,12686892
2021-09-28,1597.1960770494206,1607.5674801471441,1551.3890467011418,1574.776611328125,4922105
2021-09-29,1563.4890958345852,1594.6119579735855,1543.524164965233,1572.9962158203125,4329065
2021-09-30,1571.4231307500536,1599.1147042914492,1558.648994402628,1581.638916015625,4053929
2021-10-08,1575.0878234275742,1623.1246699818175,1561.9593001222504,1589.9361572265625,4745196
2021-10-11,1589.8584541300233,1633.4097206995168,1582.512042972507,1613.7213134765625,3767557
2021-10-12,1612.7533948581438,1622.2605156209731,1592.373623058678,1617.066162109375,3060642
2021-10-13,1616.2102295034435,1685.3096567399596,1609.2959611419315,1667.9808349609375,5014261
2021-10-14,1667.1428942369234,1678.2662218387745,1638.6819840315934,1651.646240234375,2662255
2021-10-15,1633.5826092762165,1668.0588989197101,1633.5826092762165,1656.805908203125,2856078
2021-10-18,1631.7675325520834,1631.7675325520834,1544.4748838297528,1555.7105712890625,6965202
2021-10-19,1555.710527834958,1589.244774747416,1555.6068180199038,1566.237548828125,4031456
2021-10-20,1584.2318493181567,1598.7518560959068,1560.9048432395518,1591.1461181640625,2866339
2021-10-21,1591.2325700442761,1607.5675517514574,1580.7747592222665,1593.739013671875,2301870
2021-10-22,1603.2463652456765,1660.297744343558,1602.3820814908272,1643.00341796875,3596260
2021-10-25,1624.8532553277655,1629.1833248367548,1605.839015105845,1618.8292236328125,3246133
2021-10-26,1611.050523736691,1623.9801721461274,1593.7388985579037,1608.4749755859375,2113026
2021-10-27,1600.9126457295915,1606.0983476251643,1555.7969759360833,1572.1319580078125,3464729
2021-10-28,1577.4905349085236,1593.5489932496112,1557.4391956782792,1577.7412109375,2949093
2021-10-29,1577.3175882449164,1597.1961112748522,1566.9461849249499,1578.2509765625,2877586
2021-11-01,1538.424821748908,1578.4411949878822,1521.1391495944258,1558.3033447265625,4168998
2021-11-02,1552.8583583003956,1593.9291333441472,1545.3391329087324,1559.7208251953125,3250024
2021-11-03,1555.7106221228753,1564.3361563583271,1522.1677219009264,1525.460693359375,2782931
2021-11-04,1536.6443579587574,1569.5390429476145,1529.2807501906673,1559.3404541015625,3113043
2021-11-05,1559.3492920136132,1594.5948073300974,1559.3492920136132,1572.9444580078125,2707723
2021-11-08,1572.9963564013206,1582.3306626956048,1557.4825059667378,1573.082763671875,1770572
2021-11-09,1572.9788480942198,1579.7980583527574,1540.1533738749988,1547.0762939453125,2735192
2021-11-10,1547.0763372152182,1551.3891040558615,1499.5320866500945,1515.94482421875,3534877
2021-11-11,1515.0288597333047,1529.4364013671875,1505.1500507051223,1529.4364013671875,2265187
2021-11-12,1536.696446294858,1542.789688691025,1526.895498501169,1533.0491943359375,1760663
2021-11-15,1532.9626623917118,1541.8820231895747,1512.4963792498631,1522.12451171875,2494735
2021-11-16,1528.0532923335522,1571.26746915294,1525.460441724389,1562.6246337890625,3352624
2021-11-17,1560.0321194534515,1573.4285171551292,1547.0765148906157,1551.3892822265625,2450546
2021-11-18,1539.4793831340835,1561.760642187936,1529.782145363944,1548.79638671875,1952089
2021-11-19,1550.688906209062,1598.0603398842395,1545.5118560036274,1580.2647705078125,3115559
2021-11-22,1598.0604427333974,1649.9174608859144,1597.1961590975222,1602.615234375,4257268
2021-11-23,1600.6534175315912,1656.8318582116958,1600.6534175315912,1639.0535888671875,4578220
2021-11-24,1642.1387158982966,1699.1814291873952,1639.5458652942466,1677.5743408203125,5451235
2021-11-25,1687.9458926029897,1716.6400662922813,1682.1119782276337,1690.564697265625,3975288
2021-11-26,1698.1701953800502,1700.0457286490941,1663.7458198523163,1677.5830078125,3265557
2021-11-29,1693.9960568521726,1719.9245679264407,1686.286608244873,1715.6031494140625,4239934
2021-11-30,1715.9486032472773,1719.8378792720885,1665.9065639607034,1668.7327880859375,3692487
2021-12-01,1685.3530843658634,1693.952664312945,1658.577594295811,1670.651611328125,2625440
2021-12-02,1676.7101154504912,1678.5683462151942,1659.078709630648,1671.5244140625,2042182
2021-12-03,1669.7959156081283,1718.7316488319543,1668.9748883892753,1704.2635498046875,3581839
2021-12-06,1713.874386158159,1719.9243713841333,1685.3530272357084,1700.30517578125,3106388
2021-12-07,1711.921120908751,1718.0834673102213,1682.5268266918724,1690.4263916015625,3697989
2021-12-08,1698.2136127691435,1767.4600125619493,1685.3530682131056,1765.7314453125,6104807
2021-12-09,1776.0509947056673,1829.6192785008768,1767.4600658584693,1803.37109375,6423918
2021-12-10,1780.4243946714264,1811.3484903035694,1776.9672599244916,1806.3529052734375,4314822
2021-12-13,1861.6668586873873,1884.1382320977273,1830.5526493499938,1830.7254638671875,6580656
2021-12-14,1830.7255767235229,1873.6804317276146,1814.9956565679506,1858.2098388671875,4044941
2021-12-15,1851.4252716852573,1871.1309825460442,1836.6201929625358,1845.2457275390625,3007827
2021-12-16,1827.9598420187242,1853.067323184916,1803.0943855850508,1831.4083251953125,3721136
2021-12-17,1815.427843449032,1821.9099709548009,1759.6815468994187,1772.386474609375,4840318
2021-12-20,1783.7344308309819,1801.1669629453963,1764.0027693721468,1779.5252685546875,3225769
2021-12-21,1767.4599342609847,1788.3149959184452,1739.6558933041363,1761.582763671875,2628589
2021-12-22,1763.138587474823,1783.0171107649803,1763.138587474823,1770.0528564453125,1743079
2021-12-23,1774.3742482311322,1832.28125,1750.1743071933963,1832.28125,3909854
2021-12-24,1857.2419607234729,1916.0824658603135,1857.2419607234729,1896.31640625,5612959
2021-12-27,1873.767039264493,1873.767039264493,1825.3671526414248,1842.497314453125,3755590
2021-12-28,1843.5170881772463,1862.963470963926,1829.3429202376583,1847.9940185546875,2765070
2021-12-29,1858.2095903605004,1861.8827953647015,1764.002685546875,1764.002685546875,5404902
2021-12-30,1764.0029060970444,1805.4712181898199,1752.7672187970634,1793.3885498046875,3526136
2021-12-31,1789.0670439929497,1791.6425922288838,1752.7671329554116,1771.7813720703125,2966491
2022-01-04,1776.102726272513,1788.159439804258,1740.6671001035725,1772.8443603515625,3384262
2022-01-05,1767.4601380721383,1784.745811794115,1744.1244785474694,1749.3101806640625,2839551
2022-01-06,1747.590197697846,1759.6815175634267,1675.4225126700728,1713.2003173828125,5179475
2022-01-07,1706.960078984898,1718.9563393550634,1676.12239427573,1678.438720703125,2981669
2022-01-10,1666.3475134969365,1708.6887606895345,1657.307140360286,1699.181640625,2962670
2022-01-11,1683.6245398970598,1698.317361857147,1669.078684137788,1677.1856689453125,2227664
2022-01-12,1683.6245094846213,1710.2444874622158,1683.6245094846213,1700.0458984375,2747410
2022-01-13,1698.1616687177939,1700.9014857306697,1612.3729750292098,1622.597412109375,5674735
2022-01-14,1622.597350629227,1636.0888045504569,1610.1602973468048,1613.617431640625,2932164
2022-01-17,1614.4817692546426,1623.383932560553,1586.2542372598145,1608.958984375,2735382
2022-01-18,1609.019601008415,1649.7877924726909,1600.653289015833,1635.4580078125,3121577
2022-01-19,1658.5603616626693,1658.5603616626693,1632.5281417591568,1652.5103759765625,2637094
2022-01-20,1655.9675198961122,1711.2730237722053,1655.9675198961122,1702.2239990234375,3401391
2022-01-21,1693.9959208016116,1722.94077123259,1686.2260193806537,1715.5943603515625,3081258
2022-01-24,1689.6743601260837,1714.7385833709209,1669.3117888069391,1685.5257568359375,2398580
2022-01-25,1679.3031005859375,1699.1816241646698,1668.9316969796425,1679.3031005859375,2551012
2022-01-26,1678.4734780395731,1701.7745318244486,1658.5603486902573,1689.674560546875,2390513
2022-01-27,1729.4403699901723,1737.9189383970643,1687.0818165553435,1698.3175048828125,4266516
2022-01-28,1689.6744846653294,1700.910171775636,1624.8618641516077,1630.9031982421875,4102011
2022-02-07,1642.9945801269075,1653.8586847736296,1598.9247649115873,1614.447265625,3515042
2022-02-08,1615.2424017368305,1618.690884995381,1547.0677044833724,1589.4176025390625,4171306
2022-02-09,1589.4952028689656,1649.0530117819699,1579.020090473378,1638.664306640625,3388479
2022-02-10,1642.1388804307928,1647.2381748970154,1605.3117679884838,1618.80322265625,2303183
2022-02-11,1604.9747431104047,1642.8217580243145,1591.1462046668041,1598.8988037109375,3374649
2022-02-14,1590.2818636745342,1622.2603576723372,1587.9569913741502,1615.0609130859375,2019587
2022-02-15,1615.1733592278229,1651.6460877769628,1606.7033370891543,1634.031982421875,2710586
2022-02-16,1642.138944269684,1648.1889298538356,1631.7675404111387,1635.7000732421875,1458685
2022-02-17,1642.6659469221408,1652.0607048997547,1625.7173591503602,1630.8944091796875,1821366
2022-02-18,1622.8049575812104,1649.035945962972,1612.4595073334947,1648.18896484375,1938549
2022-02-21,1642.1390071552964,1648.1025857030102,1615.302956442275,1622.2518310546875,2081573
2022-02-22,1607.5762125665026,1608.4318449249838,1555.7278457369982,1562.512451171875,5229881
2022-02-23,1565.5722483868979,1585.096388649434,1555.7798460319068,1579.0550537109375,2811161
2022-02-24,1562.6250782526406,1567.8021296678633,1510.8544585970214,1524.691650390625,6535925
2022-02-25,1534.1033576696816,1562.8667405923188,1534.1033576696816,1554.8980712890625,3897913
2022-02-28,1544.5267743280667,1553.117703079105,1527.189193845731,1547.4134521484375,2892303
2022-03-01,1557.4391812025065,1610.653080611563,1557.4391812025065,1606.25390625,4737930
2022-03-02,1590.28180358476,1599.7802717865538,1577.3175497511886,1594.49951171875,2007448
2022-03-03,1595.2948046932122,1599.1408247375489,1550.5248693847657,1555.7105712890625,3154693
2022-03-04,1531.510644558674,1549.565542865146,1516.904229613167,1538.8570556640625,3104703
2022-03-07,1521.3118742639444,1528.0533282073814,1472.5663660699747,1475.33203125,4915581
2022-03-08,1521.121831010044,1544.1809638425768,1496.9391928013326,1515.261962890625,5721546
2022-03-09,1524.6827219348006,1560.0319433019854,1487.527177332105,1537.7161865234375,5643442
2022-03-10,1562.624766538655,1573.8604534662006,1547.9319451718645,1550.896484375,3646178
2022-03-11,1526.3248894369408,1535.832009359821,1484.9083799371433,1528.9263916015625,4772677
2022-03-14,1495.21061221852,1512.4962840360752,1469.2821044921875,1469.2821044921875,4900661
2022-03-15,1426.0678601279826,1456.3177844337276,1385.446533203125,1385.446533203125,8905587
2022-03-16,1412.2394631952477,1455.3672377925213,1376.8038340697856,1447.6318359375,7759281
2022-03-17,1486.5677240605646,1516.8176486780762,1479.359628706934,1486.6973876953125,6835196
2022-03-18,1484.8393169912458,1508.1749756401186,1462.6099667398703,1476.0150146484375,3834868
2022-03-21,1490.0250028184396,1491.451091932253,1464.9694284096918,1472.9986572265625,2787716
2022-03-22,1489.9213319504772,1489.9213319504772,1457.467438056274,1464.9608154296875,2105404
2022-03-23,1473.6036642204162,1529.7821030323382,1466.6893948281797,1514.38916015625,5806739
2022-03-24,1502.1248562636354,1503.8534234169883,1484.277379304594,1487.37158203125,2581532
2022-03-25,1479.6536450628698,1498.6678858288647,1456.3179859409672,1460.639404296875,2970866
2022-03-28,1404.460827102784,1438.8593560233253,1386.3108717986863,1435.4022216796875,5754164
2022-03-29,1436.0073041177898,1461.9358139724595,1436.0073041177898,1440.7608642578125,2593498
2022-03-30,1467.5535153195385,1495.2969970703125,1464.9606645857584,1495.2969970703125,4243343
2022-03-31,1486.5678969422631,1502.6435519364284,1476.8879621402687,1485.70361328125,2517386
2022-04-01,1495.158851033489,1549.6606302550804,1488.0285107102295,1538.43359375,4486191
2022-04-06,1515.089289211889,1545.9701281804876,1515.089289211889,1525.460693359375,2781977
2022-04-07,1519.4107076066748,1542.7463669385181,1512.5828454422376,1525.460693359375,2019571
2022-04-08,1528.0536622188552,1545.9442935513975,1526.7918417113647,1541.8822021484375,2294132
2022-04-11,1529.7819277741187,1529.7819277741187,1474.493732801305,1486.5677490234375,4386359
2022-04-12,1494.3465280243845,1545.3133128583431,1476.1965701941288,1540.153564453125,4162956
2022-04-13,1527.1892793007394,1551.3892226060143,1513.4298449830949,1528.9178466796875,3114766
2022-04-14,1545.339178942527,1586.7383872195708,1538.5977242155884,1563.4891357421875,3764986
2022-04-15,1557.6121481753141,1571.267873768053,1552.1585725181121,1560.8878173828125,2104113
2022-04-18,1539.4013880265852,1553.9818475260076,1528.0533406151176,1547.7762451171875,1979315
2022-04-19,1555.7107808476915,1584.2234938852898,1534.53582855282,1547.3272705078125,2420476
2022-04-20,1557.171115345204,1572.9961991774487,1528.641209916632,1553.11767578125,2415572
2022-04-21,1547.2404235748274,1560.896146347766,1529.7819374504684,1538.407470703125,2895261
2022-04-22,1523.7320416187474,1545.2354225805013,1521.2948082005464,1532.3748779296875,2789975
2022-04-25,1512.4961978099384,1535.399711662489,1471.0105878128659,1476.1962890625,5365802
2022-04-26,1472.1601163794505,1511.614683015378,1469.282090031366,1497.35400390625,4456396
2022-04-27,1527.2929403578144,1564.3534279992805,1527.2929403578144,1551.320068359375,5740244
2022-04-28,1549.6605370295472,1594.6032854542746,1544.0426934764562,1585.96044921875,4401006
2022-04-29,1586.8248511542427,1598.0605390981452,1565.2004564001293,1580.239013671875,3488527
2022-05-05,1581.638979675592,1616.2103234936378,1580.757393527693,1587.68896484375,3366094
2022-05-06,1568.6662342913378,1572.1320203024784,1539.2892403291446,1549.66064453125,2859618
2022-05-09,1538.4247940969249,1538.4247940969249,1502.124883224975,1514.224853515625,3035182
2022-05-10,1486.5680422497558,1542.711880595965,1473.612437345071,1526.4892578125,4011919
2022-05-11,1516.8177795410156,1545.753978762489,1514.2249286358172,1528.053466796875,3031267
2022-05-12,1515.0892385368682,1536.696329788107,1512.4963875867195,1523.4468994140625,2203823
2022-05-13,1538.4249563166704,1553.9301549538804,1526.324984750135,1536.90380859375,2073052
2022-05-16,1553.1177066112948,1553.1177066112948,1506.161214264078,1519.41064453125,2776531
2022-05-17,1529.678324250934,1534.1034522423377,1516.8177795410156,1528.053466796875,2014474
2022-05-18,1532.9454008218563,1533.1701230159085,1506.4637365619071,1522.0035400390625,2485044
2022-05-19,1508.1750085087733,1518.5464125787478,1502.9893064737862,1517.68212890625,1977626
2022-05-20,1521.1305893496456,1556.7045343134246,1514.2249713509352,1555.71923828125,4194960
2022-05-23,1555.710573962135,1559.0726500296025,1531.5106317005018,1539.2891845703125,2215713
2022-05-24,1543.6106579867278,1544.474941669811,1517.2500056526878,1521.1392822265625,2734222
2022-05-25,1525.693961486314,1531.5105733635266,1509.9034828815356,1517.258544921875,2238869
2022-05-26,1522.0033561630307,1522.0033561630307,1495.2105656797519,1506.2734375,2805344
2022-05-27,1521.1306289604297,1538.4249538765823,1515.0979457409373,1516.9561767578125,2511958
2022-05-30,1526.324869935516,1547.5430749663758,1526.324869935516,1537.0506591796875,3446569
2022-05-31,1533.9046563670297,1568.5883622401072,1527.1718532095786,1559.193603515625,4075082
2022-06-01,1557.439075497169,1568.4846454266649,1537.5605523359955,1545.55517578125,2176001
2022-06-02,1545.313209169289,1552.0806176569336,1538.4248938138649,1543.610595703125,1691473
2022-06-06,1547.0678007736035,1551.3892192115186,1519.410722770947,1545.3392333984375,3674126
2022-06-07,1542.0031696421274,1577.317789798806,1530.0501637696923,1571.181396484375,3504859
2022-06-08,1577.317696891218,1626.5818660543957,1577.317696891218,1612.4075927734375,4435381
2022-06-09,1617.9389672153266,1632.069983568696,1598.0604435796681,1601.517578125,2632902
2022-06-10,1594.6119725320982,1648.1889071187238,1585.9604848258302,1642.657470703125,4734462
2022-06-13,1633.4961180851376,1635.2246854058626,1597.2653090615258,1604.1104736328125,3675518
2022-06-14,1585.0962120231493,1620.8948787404597,1583.367644725414,1617.07470703125,2941623
2022-06-15,1616.2103387846703,1646.4602649116562,1610.1517022829673,1620.6181640625,3366362
2022-06-16,1637.4629722961606,1648.7332637615195,1620.816862369352,1622.26025390625,2688670
2022-06-17,1623.2024565370327,1687.0816908796771,1623.2024565370327,1686.2174072265625,5054161
2022-06-20,1685.353020938803,1702.6386929484315,1668.0673489291742,1678.4560546875,3497478
2022-06-21,1684.4889600691413,1700.0374156574205,1666.3390020591607,1681.67138671875,2371702
2022-06-22,1689.6744401789895,1692.2672909823332,1669.7959173533543,1673.2530517578125,1964665
2022-06-23,1679.0436751818315,1698.3518463963999,1676.7101517081205,1691.4893798828125,2684352
2022-06-24,1702.6386590925524,1745.852838257338,1698.3172411760738,1736.3543701171875,3963465
2022-06-27,1745.8012002027683,1771.7297117057494,1728.8267608484607,1737.6856689453125,4011517
2022-06-28,1745.6282579082783,1764.0029368222579,1729.4315906816942,1759.6815185546875,2524571
2022-06-29,1752.7672822698585,1764.8672536464749,1738.083111160935,1754.495849609375,3036012
2022-06-30,1747.2230048517724,1814.4910905385657,1747.214260205386,1786.5355224609375,3898243
2022-07-01,1795.2717396208805,1806.427776204267,1760.5107018362978,1772.6015625,2159645
2022-07-04,1764.704087876219,1768.4431709302191,1748.105468311191,1762.9481201171875,2507589
2022-07-05,1769.3079132957164,1794.7910923411214,1755.9591040647592,1776.0609130859375,2632940
2022-07-06,1775.1786836210665,1781.2939645193674,1734.9925520036604,1748.9703369140625,3275166
2022-07-07,1751.5909883892116,1755.3911769358656,1734.1275037246132,1738.48681640625,2093177
2022-07-08,1751.591034164543,1760.2310645814803,1743.8683384671963,1746.349365234375,1564389
2022-07-11,1738.6616294217658,1742.6540938450523,1703.9792942363927,1715.423583984375,2394921
2022-07-12,1716.6466275618486,1723.4608400379902,1686.1226924054884,1702.1534423828125,2344686
2022-07-13,1699.1744826068702,1722.761994704755,1695.3917829467498,1711.3089599609375,1985377
2022-07-14,1712.2782433075718,1726.954956621298,1695.6796276836717,1706.1629638671875,2052724
2022-07-15,1699.270423602289,1746.9434620810262,1698.7462780394442,1703.1055908203125,3341623
2022-07-18,1705.604161183703,1711.404954428631,1679.0813284389124,1704.99267578125,2422072
2022-07-19,1699.1742873970302,1704.983824926561,1682.575669679527,1697.514404296875,2195603
2022-07-20,1711.1865215274984,1721.0146508789644,1699.1743634312618,1703.6297607421875,1870461
2022-07-21,1697.514525165588,1708.696795291457,1690.010232059795,1693.9327392578125,1406137
2022-07-22,1702.8609006318088,1714.0256806595485,1690.4381712926738,1700.9215087890625,2511357
2022-07-25,1703.1142691301488,1705.5516792049734,1686.943712633563,1698.8685302734375,1691244
2022-07-26,1706.1544956148261,1716.6203442040871,1700.9390606127229,1703.725830078125,2068510
2022-07-27,1696.5534146334173,1701.795083267712,1674.713128657189,1676.9844970703125,2148987
2022-07-28,1678.294904752812,1693.0589593177851,1653.4494467547088,1658.114501953125,3486986
2022-07-29,1655.5811907842321,1676.4517830532675,1640.7297947597929,1658.4990234375,3703236
2022-08-01,1651.1345579806546,1666.8508210799143,1643.4206064608143,1651.387939453125,2103741
2022-08-02,1642.3895596045816,1649.3609620554982,1623.1788519573772,1642.3720703125,2822088
2022-08-03,1651.1170033175529,1663.3563090600132,1639.7687983748135,1646.7576904296875,2459842
2022-08-04,1651.1257448894155,1680.0422643842053,1642.503203598452,1673.848388671875,3035714
2022-08-05,1684.1483241070684,1690.4382843688377,1664.1425990515065,1680.7935791015625,2008584
2022-08-08,1673.0971618914248,1688.5862774304185,1666.4227569298498,1669.9346923828125,1679901
2022-08-09,1669.9346736960542,1676.4517815850324,1664.2299648105163,1668.5980224609375,1387461
2022-08-10,1668.580442722005,1675.5868238762243,1628.9184600776557,1638.8951416015625,2792662
2022-08-11,1647.6312690504808,1665.9771103283492,1640.6511217813586,1665.8897705078125,2606149
2022-08-12,1665.8898164402244,1686.0702210738946,1659.861875668601,1684.322998046875,2025983
2022-08-15,1677.7357045411236,1694.369299617701,1673.4463493764183,1677.23779296875,1932314
2022-08-16,1680.7761526760721,1689.3813117487896,1673.8397281640284,1675.4471435546875,1483584
2022-08-17,1686.070129585465,1686.070129585465,1655.493728271739,1675.5867919921875,1836063
2022-08-18,1666.8505624958782,1671.2884700468271,1643.3241604119578,1655.930419921875,2316777
2022-08-19,1658.1145311088267,1667.1563882825171,1649.378416614049,1655.50244140625,1354417
2022-08-22,1646.7663917167015,1665.9770997153555,1643.5951777646194,1654.6026611328125,1542667
2022-08-23,1658.6387540922744,1658.6387540922744,1631.032652328247,1633.6622314453125,2375636
2022-08-24,1633.6445778963578,1638.222293113723,1617.0547058955974,1619.8502197265625,1872761
2022-08-25,1624.043791251347,1649.3785249502653,1619.850413361611,1646.7576904296875,2192534
2022-08-26,1659.861724821358,1670.345062030756,1647.631164743727,1658.114501953125,2314195
2022-08-29,1645.0102630753636,1659.8354229111196,1637.1477604902982,1641.3585205078125,1356962
2022-08-30,1644.4425226658661,1646.7576143805356,1619.8503385550675,1633.6534423828125,1823539
2022-08-31,1625.0046961879486,1682.191376310903,1624.9261010143434,1680.8284912109375,4469151
2022-09-01,1670.4762177344737,1673.8396006139826,1643.1671142578125,1643.1671142578125,2684508
2022-09-02,1651.0733114172936,1653.7116352808,1630.3076550844908,1638.0216064453125,1939132
2022-09-05,1627.2236598774668,1632.7798159565523,1589.9728544895265,1603.0770263671875,3682187
2022-09-06,1603.3916046868655,1614.6087465909438,1594.3410022601204,1611.813232421875,2083004
2022-09-07,1603.1032590751693,1605.4008614749707,1582.1190947951163,1588.234375,2830616
2022-09-08,1589.9729158595903,1600.456253766357,1585.6048583984375,1585.6048583984375,1659057
2022-09-09,1594.340834619243,1617.9283428574454,1586.4783318731754,1611.629638671875,2708986
2022-09-13,1642.3896027017363,1649.7104712603111,1623.371063484322,1641.5159912109375,2869309
2022-09-14,1628.4205943362767,1642.3896338073503,1627.5382381824966,1632.7799072265625,1604157
2022-09-15,1633.6535332862368,1653.8514272502764,1633.618554700182,1642.3896484375,2081021
2022-09-16,1635.2260934070691,1647.2818684539868,1620.6454616165197,1624.0438232421875,2412127
2022-09-19,1620.5492740082732,1649.8938533743487,1618.697221960802,1635.086181640625,1858351
2022-09-20,1633.6359529607594,1646.4081483345094,1623.650633618823,1640.642333984375,1411630
2022-09-21,1639.4804386291653,1645.0103607177734,1614.4339599609375,1614.4339599609375,2099454
2022-09-22,1607.4450948091173,1608.3361955657028,1587.2209680759129,1590.6805419921875,2270429
2022-09-23,1590.6806390252227,1620.5493656327258,1590.6806390252227,1602.5792236328125,2828769
2022-09-26,1589.9729138884695,1649.3784952865,1589.955424595922,1627.5382080078125,3513492
2022-09-27,1632.657482014969,1657.2409210205078,1617.1508787740022,1649.37841796875,2882019
2022-09-28,1642.826225422572,1659.3375020875806,1637.156496010305,1645.01025390625,2144597
2022-09-29,1658.0970870400422,1661.766319213137,1634.6406403102173,1642.6953125,2158966
2022-09-30,1658.6561286250485,1661.6001948778714,1630.1589280499,1635.83740234375,2128908
2022-10-10,1651.1257377530533,1651.9993492545098,1555.2031522363022,1560.2701416015625,4858413
2022-10-11,1562.8909011020544,1577.7422959140918,1537.5561687756376,1555.0196533203125,3204719
2022-10-12,1549.4898376309313,1554.154893285578,1492.1284753972834,1537.5562744140625,4819500
2022-10-13,1503.0135382962076,1515.7158830496332,1482.5186475707362,1485.1307373046875,6396927
2022-10-14,1493.8756925866246,1533.1882108125883,1486.8343325784215,1517.99609375,4651970
2022-10-17,1507.8533553744182,1509.5918336201103,1483.217555260915,1501.30126953125,3354951
2022-10-18,1506.9798368545828,1511.347894352712,1486.0131608635625,1490.232666015625,2808277
2022-10-19,1486.8693250094007,1486.8693250094007,1439.7117919921875,1439.7117919921875,6012093
2022-10-20,1416.1241381917641,1457.5595755364836,1407.3880238290758,1435.7803955078125,4277807
2022-10-21,1432.7229015932883,1439.5371141479227,1406.5145558324355,1418.7451171875,3890740
2022-10-24,1371.5700802521546,1388.1686990577539,1299.9426805797755,1311.5355224609375,13209804
2022-10-25,1292.4383091083107,1323.5213665737456,1285.9560736610915,1292.7265625,8136156
2022-10-26,1300.6329912200797,1323.5128278092186,1275.4729345126036,1279.0372314453125,8178083
2022-10-27,1292.9451236003301,1299.916526866206,1208.9473498164011,1223.9298095703125,10710590
2022-10-28,1214.9926136508584,1228.2976989746094,1186.9845793694258,1188.111572265625,9314275
2022-10-31,1179.37548828125,1207.3398000569696,1164.5240932436343,1179.37548828125,7184665
2022-11-01,1187.2379170004374,1283.6846388710399,1187.2379170004374,1277.2286376953125,11876648
2022-11-02,1275.4727832191215,1315.6589120054775,1254.506107330588,1285.921142578125,7977715
2022-11-03,1261.11939490623,1277.6569086878446,1247.6046496439762,1257.5638427734375,4515970
2022-11-04,1256.2182414422755,1334.6773341397613,1256.2182414422755,1324.892822265625,8000795
2022-11-07,1305.2193509647238,1326.56162095434,1298.7021364247976,1316.628662109375,4269835
2022-11-08,1317.40614562299,1326.1335160006286,1283.3003184437464,1297.208251953125,3932491
2022-11-09,1296.3959155064874,1300.70286769786,1266.7368437863754,1275.3856201171875,3609016
2022-11-10,1261.4950685248941,1297.3131418001853,1253.7636276950977,1288.5770263671875,3771967
2022-11-11,1334.8783363641558,1349.2492024987002,1306.0316683415203,1335.0093994140625,7394715
2022-11-14,1348.4192580131635,1365.9177207552912,1334.8782806894162,1339.246337890625,5737015
2022-11-15,1338.3728005820017,1396.878536381503,1328.7630742070655,1387.2950439453125,5631760
2022-11-16,1381.1796076470343,1396.0310012776474,1369.8226595765652,1384.8924560546875,2684776
2022-11-17,1389.4790889737556,1394.5460783240896,1356.6138286514501,1368.94921875,3057988
2022-11-18,1376.811673596263,1383.8005653404066,1359.3394442359045,1369.062744140625,2360871
2022-11-21,1346.5411449210198,1346.5411449210198,1309.133145170923,1327.8720703125,3909600
2022-11-22,1325.6531099601757,1362.6069225957551,1324.491244945358,1345.318115234375,2990062
2022-11-23,1334.8784012619028,1360.2131353172663,1328.7980992140656,1353.2242431640625,2217746
2022-11-24,1361.9603305011228,1370.591616399486,1322.6303236506108,1327.8807373046875,2768738
2022-11-25,1328.335090503204,1338.3728785610492,1319.1534246913734,1329.6455078125,1862104
2022-11-28,1297.1208358221593,1323.521348277544,1267.610215413014,1319.0484619140625,4772321
2022-11-29,1371.1855940231685,1397.7782745075046,1354.9713148507124,1396.9046630859375,7342013
2022-11-30,1386.5261551320384,1401.2727201937735,1384.6741031839967,1396.9046630859375,3149730
2022-12-01,1450.1950819468432,1467.6673118498172,1424.6769242989988,1424.6856689453125,5135768
2022-12-02,1428.3547833746552,1444.0710455178557,1416.2989021792691,1427.3763427734375,2388390
2022-12-05,1457.1837598462218,1466.793484881179,1440.5851438767504,1454.4755859375,3612746
2022-12-06,1445.827069757109,1508.6397595541173,1443.2062351895736,1474.65625,4414748
2022-12-07,1465.7541392511753,1502.6117566758833,1458.9574162925896,1471.1617431640625,3552626
2022-12-08,1469.4146238643689,1480.7715739893608,1454.5632275470714,1473.8001708984375,1972956
2022-12-09,1478.150543883219,1511.3477783203125,1469.414429557668,1511.3477783203125,3921526
2022-12-12,1498.9950328408636,1542.797926751917,1498.2437397392625,1519.2279052734375,3475517
2022-12-13,1517.463119280134,1538.1589237602097,1511.3478390066964,1528.820068359375,2138546
2022-12-14,1522.7045800131757,1555.7271316341212,1522.7045800131757,1547.0521240234375,2909840
2022-12-15,1576.8686381508273,1586.4783639234915,1555.028352303863,1561.1348876953125,3063444
2022-12-16,1549.131688336122,1564.6382934216801,1522.7049388241144,1561.0302734375,3330266
2022-12-19,1571.4525514805782,1571.4525514805782,1537.7049319069902,1548.913330078125,2498710
2022-12-20,1542.212353036051,1542.212353036051,1469.8074369400133,1498.2435302734375,4619840
2022-12-21,1506.106034246514,1519.210205078125,1500.5586232562014,1519.210205078125,2281614
2022-12-22,1534.673313191405,1557.649338804219,1524.4521010731141,1544.545166015625,2317534
2022-12-23,1530.9168625374691,1556.7757424301242,1524.4521159037972,1547.166015625,1731921
2022-12-26,1547.1660561492868,1547.1660561492868,1515.733529620679,1521.8837890625,2138380
2022-12-27,1537.6762581201763,1545.7716409180612,1526.6170215111417,1533.2525634765625,1790505
2022-12-28,1544.648005198526,1545.6389084786813,1511.1429462878089,1533.2525634765625,2143790
2022-12-29,1519.0966111605358,1527.9351436652335,1504.9850696501273,1520.8660888671875,2241780
2022-12-30,1535.9067419567891,1550.9384473408654,1527.944091796875,1527.944091796875,2533312
2023-01-03,1531.6598430479225,1538.0565956083099,1509.3733234147826,1530.6070556640625,2603380
2023-01-04,1530.5981877652714,1538.295372445802,1518.2118440492518,1526.183349609375,2041575
2023-01-05,1536.7916217742531,1593.4149169921875,1533.2526658231322,1593.4149169921875,4794285
2023-01-06,1597.9445932987428,1603.0584099825842,1581.0283901095822,1595.865478515625,2490375
2023-01-09,1623.495863253666,1636.7492345466558,1599.4486127017751,1628.981201171875,3097723
2023-01-10,1627.088064171154,1649.595771204373,1619.5146469238964,1640.7041015625,2273173
2023-01-11,1642.0753579999246,1645.6143135128555,1625.1237308528873,1632.2989501953125,2272031
2023-01-12,1634.9975511390744,1642.075462615867,1621.7264671200885,1622.6112060546875,1719317
2023-01-13,1631.6178468168966,1670.3870582439056,1627.9195906614334,1669.5023193359375,3193965
2023-01-16,1668.617615532699,1711.9698229351923,1664.1939208997915,1692.4171142578125,3684826
2023-01-17,1692.646947580837,1701.3527473113822,1676.5800604030521,1688.0816650390625,2129923
2023-01-18,1693.3901850825823,1703.3877774423006,1672.156452354274,1674.8106689453125,2106293
2023-01-19,1674.3683485601207,1674.3860606179692,1650.9227679858311,1663.494873046875,2343889
2023-01-20,1671.4397889225909,1679.455574996643,1643.844835160681,1645.6231689453125,2560875
2023-01-30,1688.9664788973532,1688.9664788973532,1663.309052030919,1670.386962890625,3592255
2023-01-31,1677.907392040695,1680.9596981696002,1621.7883538128435,1633.0157470703125,3299068
2023-02-01,1641.1728951374027,1644.7295626821076,1602.6160139843466,1632.316650390625,3397389
2023-02-02,1635.333545813755,1644.7294677700825,1615.5330866854065,1624.477783203125,2975886
2023-02-03,1610.2248000678974,1615.5332334747145,1588.7079975124207,1608.455322265625,3494490
2023-02-06,1574.835239761055,1588.1063232421875,1557.1404617862117,1588.1063232421875,4266095
2023-02-07,1599.6786001167268,1600.3156941765935,1581.674185904451,1589.875732421875,2432171
2023-02-08,1592.5389466351523,1597.811956152821,1570.4116171250962,1578.374267578125,1667577
2023-02-09,1573.0657662201766,1618.8510043539754,1570.4204055458076,1608.455322265625,2975366
2023-02-10,1601.465893697969,1608.8888661792264,1593.4590712911515,1601.37744140625,1798451
2023-02-13,1601.3773839911162,1658.4430421499158,1601.3773839911162,1642.385009765625,3814670
2023-02-14,1642.4824002771059,1643.3141110319218,1623.4959373896013,1631.2728271484375,1956576
2023-02-15,1631.2640436154418,1641.4562538273303,1624.2126999464065,1628.804443359375,1817691
2023-02-16,1629.1051731239895,1669.5023834533754,1617.3027858785215,1647.224609375,3324595
2023-02-17,1636.908674181471,1657.1160819076108,1610.2691968979275,1610.9150390625,2644283
2023-02-20,1611.109595703125,1662.2475491897264,1607.7475445602736,1658.885498046875,2966869
2023-02-21,1658.0007898282672,1658.0007898282672,1637.6517940086032,1651.8076171875,1875052
2023-02-22,1641.1996336441512,1649.0649759912526,1620.6648768574032,1624.3807373046875,2186916
2023-02-23,1627.9195780906216,1635.7053236207619,1597.1749012761384,1608.455322265625,2188097
2023-02-24,1601.4747728045106,1601.545513038834,1576.7640749515688,1581.9132080078125,2463461
2023-02-27,1573.508064997361,1605.8010334384091,1570.42919103975,1601.7401123046875,2206489
2023-02-28,1609.3401368460345,1612.0032097037138,1577.7549997903213,1604.6864013671875,2395181
2023-03-01,1604.0314883809683,1634.9973472300217,1595.387572787906,1626.618896484375,2445810
2023-03-02,1618.1875954258626,1627.0261292015273,1611.198135879445,1617.3028564453125,1314419
2023-03-03,1627.716204943654,1629.344094381176,1594.7242547430099,1608.4908447265625,1619806
2023-03-06,1608.6145977752162,1608.8976666990225,1589.6723079563296,1598.8470458984375,2064586
2023-03-07,1597.8207118502758,1607.216634474837,1581.9131240019456,1582.1785888671875,2278539
2023-03-08,1574.8529689907766,1580.0905542082128,1558.1313820221521,1566.3594970703125,2276370
2023-03-09,1564.218425319055,1579.258987100969,1539.4457353253144,1566.005615234375,2761150
2023-03-10,1549.6820833873494,1575.7199970005581,1548.2930908203125,1548.2930908203125,2116082
2023-03-13,1549.1777843947307,1570.4115175903182,1547.4083066284318,1558.909912109375,2056043
2023-03-14,1560.4847581575405,1574.7290324384887,1538.1185334876332,1562.4488525390625,2370492
2023-03-15,1573.3933429547892,1579.1530026746047,1548.3994653812172,1549.1072998046875,1921253
2023-03-16,1539.4455788346706,1565.9877439869924,1538.5696960246717,1550.0535888671875,1764624
2023-03-17,1565.9878999029045,1571.1990251400252,1535.9067764019446,1541.2152099609375,2702291
2023-03-20,1549.1778188866406,1552.716774498032,1528.8288241211392,1530.244384765625,2049093
2023-03-21,1535.0220634352993,1580.011017008533,1525.2633669908953,1570.41162109375,3114182
2023-03-22,1574.8351952667267,1586.3368006254163,1562.0507617412468,1568.95166015625,1533026
2023-03-23,1562.4489457898342,1584.6647272968255,1561.5730628917358,1570.2877197265625,1735566
2023-03-24,1565.1739357774911,1578.0203625540262,1562.4489787038221,1573.6143798828125,1276996
2023-03-27,1573.5965639888395,1573.5965639888395,1553.6014867278343,1564.0325927734375,1529555
2023-03-28,1565.9878939521552,1583.6826724148916,1561.581911394991,1576.4278564453125,1726135
2023-03-29,1591.6452672180517,1592.530006110335,1579.320806928387,1583.6826171875,1539299
2023-03-30,1586.3368569607205,1596.9537238226997,1573.9505122884116,1592.530029296875,1925701
2023-03-31,1614.6484257624697,1634.997419621394,1609.339992581881,1610.2247314453125,2744633
2023-04-03,1614.6484379365986,1617.0991818868379,1592.6007064135244,1594.361328125,2141743
2023-04-04,1603.1469109467728,1605.9515721821442,1581.0284381136219,1605.4383544921875,2006626
2023-04-06,1596.9536671363908,1606.5973424604426,1582.1077229146176,1589.84033203125,1487422
2023-04-07,1588.10628321425,1597.8472668839097,1582.2138920570446,1584.5584716796875,1352468
2023-04-10,1584.4611604279462,1584.4611604279462,1542.9845976571482,1567.4918212890625,2941822
2023-04-11,1586.3368658078361,1586.3368658078361,1542.984659212976,1544.311767578125,2920919
2023-04-12,1545.8689328324251,1548.293108831367,1497.7036899037942,1498.836181640625,5110492
2023-04-13,1495.2087671564404,1524.9271170872194,1489.9091896927605,1524.4051513671875,2954268
2023-04-14,1527.0592974506098,1533.2524695723678,1508.3028765105687,1515.9293212890625,2123162
2023-04-17,1539.4457812834248,1550.9473876953125,1528.8289138262976,1550.9473876953125,3046723
2023-04-18,1550.9472772209854,1565.1030994888324,1544.7718170366936,1555.3709716796875,1831389
2023-04-19,1558.9099540255029,1562.0065401997872,1548.2930871422418,1556.2557373046875,1460056
2023-04-20,1557.2379051015873,1561.5642916515324,1529.7136885356938,1541.109130859375,1988537
2023-04-21,1544.7540467136657,1546.5942646589492,1522.883328054848,1526.59033203125,1851787
2023-04-24,1522.635681116546,1523.5204200364278,1504.9409027189104,1508.4798583984375,2023091
2023-04-25,1509.3645102990256,1535.8889643078119,1505.8255548235297,1530.9344482421875,2058251
2023-04-26,1542.9846255569482,1558.0251867005652,1521.7508921777242,1542.905029296875,2789160
2023-04-27,1546.5236439353955,1565.9879003235983,1530.5983432541384,1555.30029296875,2560504
2023-04-28,1559.8034549726906,1577.2859033603847,1551.8053811757925,1557.6004638671875,2622464
2023-05-04,1565.1030808749467,1572.7738058552347,1535.906697794747,1548.20458984375,2746642
2023-05-05,1562.4489133649554,1562.4489133649554,1536.2518072283183,1548.2930908203125,2071421
2023-05-08,1564.5013906748866,1565.1030606264856,1519.2470838863342,1522.2109375,3317126
2023-05-09,1517.3272134424224,1539.427973883527,1510.311186445533,1523.5203857421875,2937796
2023-05-10,1517.495220336292,1535.9066881793478,1517.3271717900816,1526.174560546875,2077260
2023-05-11,1531.483152743694,1535.022108613697,1517.327329263683,1519.15869140625,1524612
2023-05-12,1517.3273616123354,1530.4922820494296,1508.4888277785992,1509.7186279296875,1946045
2023-05-15,1505.8256075243619,1519.0966910219327,1496.2703842059693,1518.4774169921875,2574018
2023-05-16,1516.4337045824284,1521.7421382835205,1501.401998458865,1506.967041015625,2222377
2023-05-17,1511.134090470679,1515.557785114914,1503.180296140373,1504.94091796875,1677691
2023-05-18,1508.470994645114,1508.8337678405076,1495.2087669440234,1496.093505859375,1921928
2023-05-19,1478.3985907074002,1507.8868971464126,1464.729418930621,1503.6136474609375,2674116
2023-05-22,1495.2177451816722,1550.06270638692,1495.2088891517665,1544.7542724609375,4128432
2023-05-23,1551.8230260708212,1551.831882099002,1525.7763671875,1525.7763671875,1689421
2023-05-24,1532.6595999432998,1533.7390634112692,1513.0007287856572,1513.69970703125,1847927
2023-05-25,1509.355756583668,1512.903568328373,1495.208789751433,1504.94091796875,2246560
2023-05-26,1505.8257075494178,1508.4799244252392,1481.946611696639,1495.704345703125,1829110
2023-05-29,1501.4016403821604,1502.5960160799814,1484.5916043378108,1494.32373046875,1777141
2023-05-30,1494.3240067487,1503.0740874569633,1467.392606389089,1476.0010986328125,2645340
2023-05-31,1469.560198813867,1473.727284557495,1439.1782946101225,1441.1512451171875,3695697
2023-06-01,1431.5073802796219,1481.9286359177995,1431.5073802796219,1447.3619384765625,2864525
2023-06-02,1455.3955053339087,1480.3009272228244,1447.5301634726998,1478.0447998046875,2505802
2023-06-05,1474.1165372842513,1488.9093451843157,1471.3207322312546,1473.0902099609375,1620050
2023-06-06,1477.5140249891951,1489.900370108865,1461.190634799488,1474.8509521484375,1991392
2023-06-07,1480.1594543726076,1485.299839675686,1459.8193139055527,1460.6156005859375,1788964
2023-06-08,1464.9773165646145,1481.937801809334,1459.828183185354,1475.74462890625,1470272
2023-06-09,1479.274675351732,1484.5653970176431,1473.97509765625,1473.97509765625,1758041
2023-06-12,1473.9927563089877,1511.1340789794922,1470.0114311594516,1500.5172119140625,2702944
2023-06-13,1498.6415278839672,1508.1347589732409,1490.7850421548521,1503.17138671875,1466254
2023-06-14,1520.8661438885567,1534.3495558610134,1509.5502989850265,1527.837890625,3150580
2023-06-15,1530.8989846211807,1553.2917766546846,1524.4050317313256,1552.7166748046875,2522257
2023-06-16,1554.486113091644,1592.529882507091,1548.3813936086312,1590.486083984375,3791789
2023-06-19,1583.6827332382902,1590.716364747221,1537.6763074682394,1542.9847412109375,3169992
2023-06-20,1539.4457957556785,1561.564269832628,1535.0221009402887,1542.5069580078125,2094674
2023-06-21,1539.4457478977201,1554.1323926281668,1535.022053219853,1535.75634765625,1772061
2023-06-26,1521.8482351688317,1530.5983159582543,1499.6324540747057,1512.018798828125,2399268
2023-06-27,1512.8947664632356,1521.48554720979,1504.135829153994,1513.8326416015625,1517446
2023-06-28,1515.717050852833,1534.137267408481,1513.7882725120594,1529.1650390625,1857356
2023-06-29,1531.4830837045452,1535.0131833857072,1515.5666390367487,1516.1859130859375,1423116
2023-06-30,1527.146538949309,1535.2224404031995,1515.0012148118526,1519.0616455078125,2045869
2023-07-03,1526.2479330141894,1549.8558437816455,1519.959683731612,1548.7957763671875,1913909
2023-07-04,1548.8856091927316,1558.0844109335144,1543.3878869831358,1554.6348876953125,1247238
2023-07-05,1554.0959785283546,1555.865645318843,1527.1463372821981,1540.9625244140625,1474539
2023-07-06,1535.3750387741259,1556.7909903022132,1527.1463840240983,1529.8233642578125,1514062
2023-07-07,1528.0446224071175,1535.2222012493996,1518.1630875179474,1518.1900634765625,1516742
2023-07-10,1531.6380520193634,1540.585298452502,1527.1464448286906,1527.9549560546875,1347741
2023-07-11,1536.1295166015625,1540.7738774825693,1529.0327559674606,1536.1295166015625,1258270
2023-07-12,1538.860601890663,1547.807848384374,1537.3243976533554,1539.5433349609375,1328467
2023-07-13,1546.9003617497663,1567.939087094661,1544.2233816910789,1561.641845703125,2580654
2023-07-14,1577.4524105439782,1579.6982140897412,1564.1572096897103,1574.7574462890625,1855030
2023-07-17,1572.960817713119,1572.960817713119,1551.041752976075,1554.069091796875,1433648
2023-07-18,1557.3119953176993,1558.1474824812847,1546.0111514217422,1547.628173828125,1473765
2023-07-19,1540.630281701485,1552.2994685867673,1539.5433478355753,1547.807861328125,1248322
2023-07-20,1552.2902258579422,1571.1459813112795,1546.9092900039425,1548.7059326171875,1669265
2023-07-21,1555.784907440608,1592.274719185913,1550.5027730972558,1591.19677734375,3937740
2023-07-24,1572.5295157106832,1591.0618896484375,1572.5295157106832,1591.0618896484375,1971337
2023-07-25,1616.9786111428953,1642.9221390235678,1616.9696191557186,1642.625732421875,4308646
2023-07-26,1642.625732421875,1649.3091913785765,1630.5252591414533,1642.625732421875,1961145
2023-07-27,1649.3181048568183,1666.1975992014522,1642.7603147159873,1651.1417236328125,2034043
2023-07-28,1645.7248307360305,1706.8106868987215,1642.1405370662133,1704.11572265625,3901792
2023-07-31,1713.9972468651397,1738.2519248868164,1683.4543189859917,1689.365234375,4537861
2023-08-01,1687.0566553712965,1713.0540251944544,1686.9488611848913,1696.92919921875,1923062
2023-08-02,1691.898430693205,1697.8273295950382,1676.986318407271,1688.8441162109375,1850872
2023-08-03,1679.8609708361334,1697.8273983317072,1662.3437040279491,1687.4697265625,2154347
2023-08-04,1695.8689205747366,1712.667595197407,1690.6407386973087,1700.9444580078125,2457364
2023-08-07,1689.697641913308,1705.014066085807,1680.7863635511649,1695.968017578125,2389245
2023-08-08,1688.8711548199415,1701.1601297765812,1674.5428631457546,1697.827392578125,1773618
2023-08-09,1697.8275452377868,1711.3023670253883,1691.5033271214575,1698.0791015625,1852346
2023-08-10,1690.6409110677082,1696.9291610026041,1672.9440229714235,1684.3526611328125,1843619
2023-08-11,1693.3358767976417,1693.6952272973379,1647.413690190929,1647.521484375,2678649
2023-08-14,1625.9615890832986,1639.4184249105945,1613.3850906042012,1619.67333984375,2373119
2023-08-15,1625.0633703413132,1633.1482627310709,1617.8857913146312,1628.638671875,1481799
2023-08-16,1623.7877550357236,1637.9543010442385,1622.3684467022235,1634.9449462890625,1318431
2023-08-17,1622.4400675519512,1647.521237315686,1618.3707554697094,1642.17626953125,1729037
2023-08-18,1645.7158474284327,1648.410811685117,1619.30517578125,1619.30517578125,1702334
2023-08-21,1610.6903196129301,1629.5460776047191,1608.0581895804967,1608.8936767578125,1891181
2023-08-22,1617.867917170794,1619.2783432365532,1590.9452500032633,1606.19873046875,2665036
2023-08-23,1614.283584955983,1616.9785492046576,1590.100732954196,1593.6221923828125,1991222
2023-08-24,1598.6708579584388,1642.131655278232,1594.5206171328566,1631.621337890625,2605509
2023-08-25,1624.8749291873376,1650.9082678806537,1622.377569179075,1639.418701171875,1883086
2023-08-28,1705.5347817698791,1705.5347817698791,1645.6167960652472,1648.392578125,4105213
2023-08-29,1642.1314356793887,1679.034437437447,1642.1314356793887,1663.0892333984375,2895028
2023-08-30,1677.974469813438,1678.064280016669,1656.1991690852487,1667.284423828125,1981181
2023-08-31,1670.8778858029912,1670.8778858029912,1653.8187703544795,1659.19970703125,1482022
2023-09-01,1664.436819395186,1675.791615181925,1658.3282995993416,1662.837890625,1314519
2023-09-04,1673.2133855623176,1688.790247634708,1665.0656588705374,1676.2677001953125,2387100
2023-09-05,1678.0642712329252,1678.0642712329252,1668.0031160396293,1669.7098388671875,1565874
2023-09-06,1669.0811588506683,1676.860652868063,1661.0052582487056,1671.776123046875,1112143
2023-09-07,1664.2300936645292,1668.083927306382,1644.9970030579332,1651.1146240234375,1698157
2023-09-08,1648.3657628030674,1648.3657628030674,1630.4083273810345,1633.597412109375,1221178
2023-09-11,1624.1651549649207,1652.9114408935034,1624.1651549649207,1636.8944091796875,1592600
2023-09-12,1640.8738026395008,1641.2151691485428,1631.3696019632443,1634.908935546875,1216801
2023-09-13,1643.856219019927,1643.856219019927,1617.0233650939056,1634.864013671875,1950143
2023-09-14,1637.2176994773195,1641.2151857756464,1622.3684206711077,1633.76806640625,1750459
2023-09-15,1634.0465651536485,1634.7472821373087,1600.1798935105135,1600.7996826171875,2843146
2023-09-18,1595.6972314323245,1643.4788908511728,1592.7237351621368,1643.2093505859375,3255892
2023-09-19,1636.9211646764822,1643.0297938861543,1624.165045022508,1641.17919921875,1498950
2023-09-20,1636.7414432994108,1643.9280138517681,1633.1931179525297,1638.5380859375,1250178
2023-09-21,1633.1574113464922,1636.7417052103692,1615.5323486328125,1615.5323486328125,1948919
2023-09-22,1622.0360223266434,1661.8585692462307,1610.1602401140171,1660.9962158203125,3439046
2023-09-25,1659.6489002926348,1660.0980610234312,1640.8649678263832,1646.0662841796875,1397913
2023-09-26,1642.1314186398677,1648.3118738797266,1628.7464086678583,1631.3515625,1576196
2023-09-27,1630.4533751297417,1647.0723213776207,1619.4938976836802,1629.5550537109375,2087994
2023-09-28,1639.4184751247415,1639.4184751247415,1615.0021623097248,1615.6759033203125,2053784
2023-10-09,1614.2296148738503,1614.2296148738503,1585.447471589521,1596.317138671875,2976268
2023-10-10,1601.608307052593,1616.0622681529846,1588.2322878045552,1590.0289306640625,2028392
2023-10-11,1603.1893716109228,1603.1893716109228,1588.2322977799058,1597.6646728515625,2194486
2023-10-12,1615.092023845157,1615.388430422224,1596.496705566899,1604.4019775390625,1486507
2023-10-13,1590.8194497479142,1597.2244858955362,1561.4532653375531,1572.9608154296875,2502788
2023-10-16,1572.9426778311963,1577.4522684903284,1547.3135437569074,1554.006103515625,2078965
2023-10-17,1562.180986353586,1562.5761951517188,1541.5195932045735,1550.5028076171875,1494523
2023-10-18,1544.0350465647255,1564.8760616161205,1542.5797701130482,1552.299560546875,2031750
2023-10-19,1527.1464154764187,1527.173391437055,1460.6976062927874,1464.263916015625,7349237
2023-10-20,1464.2637060101633,1486.7217383109328,1451.9117882447401,1477.738525390625,4537601
2023-10-23,1464.237017223306,1491.2136372317207,1456.718070920708,1476.822509765625,2523423
2023-10-24,1480.4335391973548,1485.2485283260316,1456.3674758814977,1475.89697265625,2986146
2023-10-25,1500.2954740190648,1525.3496699189643,1497.5196917198455,1506.93408203125,3617898
2023-10-26,1497.501747876546,1516.366496949976,1493.019132940815,1502.199951171875,2238635
2023-10-27,1494.8067358940355,1519.851939677441,1491.752421352963,1506.224365234375,3426239
2023-10-30,1499.2986328560705,1517.1572692503023,1499.2986328560705,1510.0784912109375,2408642
2023-10-31,1509.1800387519522,1518.1632532683327,1498.2654111828735,1513.2943115234375,1985877
2023-11-01,1661.894533673021,1661.894533673021,1593.4334971900666,1599.9013671875,9314308
2023-11-02,1612.4869704775745,1612.4869704775745,1595.4728151911195,1598.56298828125,2790764
2023-11-03,1599.012131143431,1630.3545787156913,1593.6222026114867,1627.07568359375,3017600
2023-11-06,1634.9448716456263,1638.3495446833028,1617.9845600193635,1627.75830078125,2552392
2023-11-07,1621.4700092310743,1625.9616159048446,1602.6770874310077,1609.0462646484375,1958159
2023-11-08,1602.6502451191034,1620.3920917460482,1601.5901776785458,1615.4871826171875,1454567
2023-11-09,1608.0940923650596,1616.08018269145,1601.707040432938,1611.6873779296875,1280048
2023-11-10,1599.5060703290071,1606.1985203002457,1592.813510699404,1595.27490234375,1646557
2023-11-13,1592.0770433679934,1603.3958708364305,1578.3326823759378,1584.638916015625,1836995
2023-11-14,1584.6388994690026,1594.511442570009,1581.054605969064,1585.77978515625,1281675
2023-11-15,1598.1137734000567,1601.6082568111842,1587.3339165811692,1592.6610107421875,1843486
2023-11-16,1593.621992422146,1595.418635029161,1581.0904541015625,1581.0904541015625,1255757
2023-11-17,1573.8589877747986,1580.1472371551774,1561.1926788117091,1575.1346435546875,2171363
2023-11-20,1576.5539717004654,1589.5796312957114,1560.0787888202008,1583.2913818359375,1860804
2023-11-21,1602.0843241681685,1615.1818101595234,1590.1186222081328,1607.9952392578125,3009845
2023-11-22,1601.9765606341325,1611.9029460869742,1599.4971848529462,1600.3685302734375,1266457
2023-11-23,1597.4849468071977,1606.198620291066,1590.9271568990366,1604.4019775390625,1154964
2023-11-24,1607.0969955452924,1607.0969955452924,1594.520495859639,1596.317138671875,1308540
2023-11-27,1592.9933547079563,1592.9933547079563,1576.5540295112423,1583.7406005859375,1626074
2023-11-28,1581.9439648533782,1593.5143487214345,1579.2490006883809,1589.16650390625,1451976
2023-11-29,1588.2321863772854,1595.4187573563684,1579.248972653432,1594.2598876953125,1714933
2023-11-30,1596.0655569484572,1612.2713099474884,1590.9990111396128,1609.3427734375,2135342
2023-12-01,1607.3755381156393,1607.7257869668995,1570.265827955119,1581.2972412109375,3305131
2023-12-04,1581.2971923672737,1582.6895247176458,1567.8223716053842,1572.7001953125,1844047
2023-12-05,1570.9664511192675,1571.0562613234142,1534.3508637861735,1535.231201171875,2990301
2023-12-06,1529.5089340698207,1544.6366353893868,1528.1614520011829,1529.84130859375,2385129
2023-12-07,1530.7396478630515,1535.3030810451594,1515.737724520231,1527.1463623046875,2504150
2023-12-08,1527.1462596224378,1535.0873894681322,1520.1572933633345,1531.5660400390625,2628801
2023-12-11,1518.1632817676127,1530.7397823266342,1488.5186733070616,1525.349853515625,3683098
2023-12-12,1516.0071761185009,1536.12060546875,1512.7732410029012,1536.12060546875,2101066
2023-12-13,1531.8355677393724,1532.2847284324378,1488.5903630520475,1491.2135009765625,3878870
2023-12-14,1496.5675727692465,1500.08004035487,1468.7735596490768,1469.5640869140625,4067215
2023-12-15,1480.6400856185467,1507.1765316758112,1476.8491960841834,1477.738525390625,3709251
2023-12-18,1473.247061498759,1494.204859792944,1468.7554546039457,1493.0101318359375,1989734
2023-12-19,1495.7050190939833,1509.0630529262237,1477.8194106538083,1504.688232421875,2220676
2023-12-20,1506.602003243784,1508.4193759859359,1492.971707677646,1499.1417236328125,2309203
2023-12-21,1490.2547304446648,1519.6143291408341,1490.2547304446648,1517.5062255859375,2901168
2023-12-22,1517.2334832115441,1525.775156686477,1506.6109935205698,1518.0968017578125,2166684
2023-12-25,1518.4148000324742,1525.3207936946962,1515.6887411455218,1519.323486328125,1247106
2023-12-26,1519.7779414925033,1521.9588109475321,1506.1476460531087,1517.5062255859375,1477126
2023-12-27,1515.688828720799,1524.003330991133,1509.3280242837213,1514.834716796875,1605550
2023-12-28,1518.405790756401,1570.200912557804,1514.834715528377,1567.474853515625,3833806
2023-12-29,1562.9407035323725,1589.8196089547969,1562.9407035323725,1568.392822265625,2753868
2024-01-02,1558.3970010146627,1561.2956570618421,1524.8664544349292,1531.1455078125,3215644
2024-01-03,1527.6017167483233,1540.4232680056214,1523.2581693161865,1539.314697265625,2022929
2024-01-04,1538.4057591588573,1538.4057591588573,1511.0816135305695,1516.5972900390625,2155107
2024-01-05,1509.6278742426757,1525.3754798913649,1501.2498126045214,1511.4725341796875,2024286
2024-01-08,1509.3279790126887,1510.2366653335876,1490.2546620109156,1493.8712158203125,2558620
2024-01-09,1491.163270541312,1501.440454614255,1485.7656163964728,1491.1541748046875,2441204
2024-01-10,1491.2451458536304,1507.9286139182045,1488.428240355144,1491.608642578125,1735067
2024-01-11,1490.336523928943,1506.5474580448083,1488.4828791240561,1496.2156982421875,1644055
2024-01-12,1490.2184462758455,1500.4775514854969,1489.700543821215,1493.0263671875,1160324
2024-01-15,1485.7021737447599,1503.848613428706,1485.2023518856704,1490.24560546875,1785403
2024-01-16,1488.8825340495393,1496.6063677629486,1476.5606943175146,1489.7276611328125,2590314
2024-01-17,1481.1589171240885,1486.1385011344903,1432.99853515625,1432.99853515625,5163276
2024-01-18,1430.2723721373206,1465.5294482977058,1413.507152678353,1463.775634765625,6043981
2024-01-19,1461.9582903348614,1488.437425457684,1454.6978948409494,1485.7022705078125,4637843
2024-01-22,1480.2499446148704,1492.971552487558,1471.0540439324152,1492.0628662109375,4694589
2024-01-23,1482.9853494055776,1490.2002664159816,1462.0764657786924,1471.163330078125,3483490
2024-01-24,1480.2499846849055,1484.647995324189,1457.1330584252453,1477.52392578125,3321635
2024-01-25,1478.2691818212359,1491.1544039659884,1473.8893621162908,1488.4283447265625,3120580
2024-01-26,1481.485881161847,1493.9712228792705,1474.79796286045,1487.810302734375,2695475
2024-01-29,1490.5181847059184,1508.9462585982137,1490.5090889690139,1499.3323974609375,3142068
2024-01-30,1499.3142625186952,1499.3142625186952,1462.9850005630522,1465.7110595703125,3086633
2024-01-31,1465.710982220622,1472.0444990249161,1452.1988215579881,1458.3597412109375,2964912
2024-02-01,1458.8959532626511,1475.606708760033,1454.806864636253,1463.0123291015625,2648515
2024-02-02,1467.5284685407366,1479.1415068205808,1436.6331323609315,1450.263427734375,3938202
2024-02-05,1450.263415033069,1487.9193241449725,1449.5819002703654,1481.1678466796875,5313036
2024-02-06,1481.1680149704148,1531.5728259253046,1477.615019878546,1522.95849609375,5247204
2024-02-07,1527.52896759594,1558.0244223449988,1509.8822396009268,1554.753173828125,5260107
2024-02-08,1562.9498225163147,1567.484159123017,1531.1367003607443,1550.2191162109375,4675654
2024-02-19,1579.1787309063632,1579.2333053302987,1533.862547405447,1540.6141357421875,3697744
2024-02-20,1542.3678711565578,1542.3678711565578,1505.2935341155815,1517.5062255859375,3447007
2024-02-21,1513.8896331011529,1572.9360536948466,1510.2366962685355,1560.814208984375,4615407
2024-02-22,1551.5819936095618,1565.6757282350682,1545.2484761636144,1561.468505859375,2279361
2024-02-23,1554.8622009341086,1566.9204858786377,1544.7849009292745,1557.570068359375,2730589
2024-02-26,1552.0361914304044,1552.7086104146285,1531.1545981248635,1540.205078125,2731832
2024-02-27,1529.3191246716854,1538.3333331821727,1524.7756929287511,1535.2255859375,2207985
2024-02-28,1534.6986009235231,1541.6499628108093,1521.150056291514,1528.0015869140625,3186731
2024-02-29,1528.0016014321013,1541.5864182193723,1525.8660997354527,1540.223388671875,2475833
2024-03-01,1535.6800196928255,1540.1961644900136,1523.5763656221186,1531.191162109375,2686796
2024-03-04,1525.6843657812813,1527.4926427250832,1517.5516674028206,1523.23095703125,2648477
2024-03-05,1518.2422929811996,1542.040735233298,1514.489413920499,1540.314208984375,3623837
2024-03-06,1536.5886235309688,1540.223368944407,1524.7938924121424,1527.0928955078125,2214248
2024-03-07,1526.5930656800676,1535.4982362659855,1524.7756929828295,1529.8916015625,2159912
2024-03-08,1527.1019748163642,1532.6631308021513,1517.5516724714093,1518.8056640625,2215623
2024-03-11,1522.0497206954237,1543.7491563742835,1520.3959602530665,1539.760009765625,2989509
2024-03-12,1539.2601355717995,1589.38330677413,1536.134307703931,1585.65771484375,5422654
2024-03-13,1581.0869760303883,1588.3837541082885,1563.031382530187,1569.710205078125,2649954
2024-03-14,1562.0316336919266,1576.42519255634,1555.21648694807,1559.8780517578125,1940479
2024-03-15,1556.1253320793837,1574.208212137615,1555.6709889167328,1560.65966796875,1783358
2024-03-18,1558.3971202508264,1562.8042269484426,1543.8581383709352,1552.2725830078125,2605501
2024-03-19,1547.4929419458122,1562.8860363457813,1538.5060201230303,1552.0545654296875,2394753
2024-03-20,1547.8200401599033,1557.1977458473852,1544.9758473145396,1553.490234375,1524925
2024-03-21,1552.1271064029565,1562.0318096377405,1548.8558577821575,1552.9449462890625,1659597
2024-03-22,1549.3374225802866,1552.93578481849,1533.8624683308485,1545.993408203125,2545614
2024-03-25,1543.440203353172,1543.6491834733288,1527.1201204982997,1534.7803955078125,2447285
2024-03-26,1533.3718024728491,1556.3979939933172,1533.3718024728491,1553.20849609375,2806907
2024-03-27,1549.3102826404963,1555.6710873199588,1543.8581643438142,1545.675537109375,1811258
2024-03-28,1540.2232677072575,1561.1230524608075,1538.587588009271,1546.2569580078125,2464218
2024-03-29,1546.2571458664052,1554.7533415593696,1543.5310866543116,1547.402099609375,751980
2024-04-01,1553.8445756159397,1575.662143933804,1552.6723347191826,1564.1490478515625,2713137
2024-04-02,1564.7578343033256,1567.4747975110658,1549.3556456347715,1557.479248046875,2544925
2024-04-03,1575.662045777204,1580.605246010814,1553.8717660291716,1558.4969482421875,2904580
2024-04-08,1540.2233309668688,1541.1320172978228,1510.7818716592374,1514.47119140625,5916659
2024-04-09,1509.0282481752604,1520.2323112900979,1507.0108801129525,1510.4366455078125,2558982
2024-04-10,1510.4821119820217,1512.9537122899812,1494.7890806038288,1497.4969482421875,2763050
2024-04-11,1490.3457094394846,1499.3326316759424,1485.4205889835303,1497.5152587890625,2276624
2024-04-12,1500.2413050406342,1512.0542287023716,1484.8209228515625,1484.8209228515625,2674433
2024-04-15,1485.711316349411,1522.6039609272775,1485.684029136536,1520.214111328125,3581771
2024-04-16,1513.4080412166024,1526.1933204559866,1507.510675597048,1517.5062255859375,2626623
2024-04-17,1515.6888377207372,1522.2313350968434,1506.601974185241,1514.7801513671875,2481911
2024-04-18,1507.5198312297998,1529.3010175856696,1506.7656614513623,1518.215087890625,2656841
2024-04-19,1509.1282582264103,1516.1432907624762,1491.4088730481853,1496.2794189453125,2349992
2024-04-22,1502.9672598026598,1525.5753811827067,1494.7890824518593,1522.104248046875,2995139
2024-04-23,1522.049703610101,1540.2234314144007,1522.049703610101,1537.7518310546875,2497995
2024-04-24,1542.0224138444453,1544.6849134307902,1529.6188240329766,1538.9510498046875,1708643
2024-04-25,1535.9796454861141,1540.7684399474083,1528.6375002487493,1538.4422607421875,1447648
2024-04-26,1539.3147357071382,1557.4884634014372,1539.296544231663,1553.3358154296875,3099592
2024-04-29,1541.995206332455,1570.2099609375,1539.1510137139508,1548.4014892578125,4133223
2024-04-30,1549.3192764011822,1571.9183008165041,1549.3101806640625,1549.3101806640625,3075989
2024-05-06,1575.634900490519,1603.8314655691943,1569.301383024362,1599.4697265625,5990949
2024-05-07,1604.5493438003427,1615.4626759984903,1596.2712242648847,1608.3748779296875,2492452
2024-05-08,1608.0929224192778,1608.347381191879,1595.353234323372,1602.895263671875,1476909
2024-05-09,1597.4706931146782,1603.8133064464992,1590.2012019059653,1595.6533203125,2238734
2024-05-10,1600.2875156406599,1606.448435741665,1575.6530418976956,1580.1873779296875,2620661
2024-05-13,1573.8631558835787,1574.4447285346118,1545.875568267172,1550.2191162109375,3766212
2024-05-14,1550.2097589688829,1556.8250219693678,1544.7758325483499,1546.56591796875,2127417
2024-05-15,1547.1110943749986,1552.036214096967,1543.4854448798912,1544.7667236328125,1573876
2024-05-16,1549.310178121677,1553.7445718074393,1535.679883299492,1548.8558349609375,2967954
2024-05-17,1544.775895174825,1559.832779231181,1544.766799437409,1558.3970947265625,2892388
2024-05-20,1561.114027565634,1574.744322588651,1552.136202140195,1552.9449462890625,3142572
2024-05-21,1552.0362396329729,1553.6082492239314,1543.0947972735614,1549.3101806640625,1629339
2024-05-22,1547.492777063542,1553.8171982493468,1536.5885414060185,1542.685791015625,2028568
2024-05-23,1544.76686511873,1550.5642887318268,1535.752656185059,1537.5064697265625,1888497
2024-05-24,1538.4060242066191,1540.223396946379,1523.8670422885411,1523.939697265625,2021663
2024-05-27,1524.7755645656953,1533.3626054674914,1515.6977975814134,1517.6151123046875,2509791
2024-05-28,1517.869662232622,1522.2041137585556,1511.1453612306352,1512.6356201171875,2352087
2024-05-29,1513.871378726572,1526.592986951165,1512.9626924248153,1521.140869140625,1965128
2024-05-30,1522.0496738079898,1522.3949790664556,1498.423828125,1498.423828125,3220792
2024-05-31,1499.786923780641,1511.5998471427422,1497.924072265625,1497.924072265625,2185665
2024-06-03,1499.3325556149669,1500.1685870330296,1485.8022018477027,1489.69140625,3026105
2024-06-04,1490.699962061621,1504.7846005327913,1487.1106953368055,1502.240234375,2084108
2024-06-05,1501.149861950654,1507.219935622565,1492.998971949021,1493.88037109375,1905557
2024-06-06,1493.5714182655342,1501.140735533079,1486.5290991418387,1490.072998046875,2561005
2024-06-07,1495.8159585794976,1495.8614372692703,1471.1723876752815,1471.326904296875,3352455
2024-06-11,1456.6152466848598,1458.441715276948,1423.9116310523225,1425.72900390625,7024676
2024-06-12,1426.637664664394,1444.8113928766793,1426.637664664394,1428.164306640625,3317050
2024-06-13,1432.7893810959297,1432.898419020015,1411.32621413674,1413.016357421875,3618597
2024-06-14,1413.0072021484375,1421.1489959334256,1381.6211417254144,1413.0072021484375,5951416
2024-06-17,1392.371024555716,1407.346157660393,1373.0341526585432,1400.739990234375,4831816
2024-06-18,1391.0988623334063,1412.5893167368956,1378.1864647706734,1382.5662841796875,4125825
2024-06-19,1389.3983760504705,1394.972710901066,1374.6602531712226,1392.190185546875,4126153
2024-06-20,1391.2626184827038,1406.112037221675,1389.40760165806,1391.3553466796875,2471068
2024-06-21,1391.7263661999837,1395.881585752413,1363.6413844327267,1364.3648681640625,4331997
2024-06-24,1319.8444531360963,1381.0507233914336,1311.5061616781993,1369.5125732421875,6383993
2024-06-25,1369.9298924830423,1394.035826489415,1369.9298924830423,1378.88037109375,4209795
2024-06-26,1372.712437775058,1392.254990027929,1370.67196457497,1381.2640380859375,2956977
2024-06-27,1383.842563374205,1385.6697277894762,1361.5823612823947,1382.4420166015625,3282178
2024-06-28,1372.7123460977289,1386.1519329150005,1357.8722126264022,1361.0164794921875,3858202
2024-07-01,1362.3984654316957,1366.2105111517697,1324.481919672992,1335.9644775390625,3216138
2024-07-02,1329.1194123166304,1389.4074526519973,1329.1194123166304,1382.6365966796875,5185298
2024-07-03,1390.335064860026,1403.3294663518072,1380.1510409392913,1391.2625732421875,3157326
2024-07-04,1395.9000748653664,1402.3926333531124,1373.7604549510024,1378.0362548828125,2437973
2024-07-05,1378.0362548828125,1378.0362548828125,1378.0362548828125,1378.0362548828125,0
2024-07-08,1338.394706274758,1352.0940243289504,1316.2643680305969,1317.06201171875,3952705
2024-07-09,1317.0619087289656,1349.4226899180169,1307.8795530590724,1333.784912109375,3362071
2024-07-10,1334.916526772229,1359.616081141582,1330.9746158889343,1333.3768310546875,2376322
2024-07-11,1344.8594319267197,1362.5099453213754,1335.8069401826094,1356.100830078125,2902014
2024-07-12,1366.2291550021478,1378.6485060434295,1359.21713716396,1371.617919921875,2338634
2024-07-15,1363.4372422124413,1380.1323921170836,1363.4372422124413,1367.9820556640625,1917626
2024-07-16,1369.00244140625,1374.5674919810722,1358.846269395697,1369.00244140625,2031644
2024-07-17,1369.095029020179,1394.0450258462379,1363.4558191097328,1392.56103515625,3431101
2024-07-18,1390.7987354415313,1405.1751145007802,1384.3340295795967,1388.9530029296875,2887039
2024-07-19,1382.7388814127733,1418.3273749450746,1376.4317788708013,1415.025390625,3894291
2024-07-22,1414.4781536837074,1419.0692749468385,1383.5179189541902,1390.3350830078125,2854321
2024-07-23,1390.3351516356583,1392.1901685157593,1349.5247802734375,1349.5247802734375,3094396
2024-07-24,1345.0727099290023,1357.5940740135673,1330.9746267667313,1335.6307373046875,2412255
2024-07-25,1335.6308091604542,1343.032308879903,1317.0713550055946,1326.7916259765625,2834656
2024-07-26,1326.7915047888214,1333.4973725203076,1308.6216466234837,1319.0931396484375,3235379
2024-07-29,1312.4243672604775,1318.9076418262066,1296.6567246856166,1296.67529296875,3086907
2024-07-30,1285.5080366039897,1289.4870837546732,1262.6171933638655,1279.9522705078125,5177904
2024-07-31,1273.5617416705936,1323.8049116800646,1273.5617416705936,1318.2491455078125,4327232
2024-08-01,1315.207008845025,1317.062025782747,1284.3209315434513,1285.6751708984375,3203810
2024-08-02,1274.0255274937917,1295.7013944753717,1274.0255274937917,1285.0164794921875,2192769
2024-08-05,1288.1978853409353,1322.6269930001397,1285.0814706690828,1307.796142578125,3773607
2024-08-06,1318.9169118877735,1320.7719286414836,1292.9559614773018,1302.8709716796875,2744433
2024-08-07,1303.6130992871886,1318.9077042510087,1296.9350838749622,1312.88818359375,2062221
2024-08-08,1308.7143427951646,1343.1991546714214,1306.8593260087787,1326.9769287109375,2513082
2024-08-09,1354.1900438303237,1362.5097665592264,1332.64404296875,1332.64404296875,3013849
2024-08-12,1326.336972549097,1338.3945813904525,1323.1648531558028,1331.9947509765625,1363203
2024-08-13,1329.119559781349,1330.9745766128651,1309.651167192286,1319.853759765625,1630843
2024-08-14,1319.8538494182742,1321.606854029681,1309.6605402943994,1310.8477783203125,1341431
2024-08-15,1303.1771939953376,1331.8928187004744,1302.1754124313254,1323.4525146484375,2303897
2024-08-16,1323.359720726109,1331.827876783524,1314.2886615760817,1327.449951171875,1645470
2024-08-19,1328.1920535086995,1353.123484293355,1321.699494587917,1322.1075439453125,2043279
2024-08-20,1326.2443995778751,1326.2722520054042,1311.4969920862618,1319.5848388671875,1859138
2024-08-21,1317.061994012649,1324.4634933002221,1313.0643782620887,1314.8173828125,1509165
2024-08-22,1313.3518815908055,1317.0619151546214,1298.5210314771507,1307.833251953125,1952729
2024-08-23,1305.931886181698,1320.3082670309996,1304.1881657820943,1312.4151611328125,1532046
2024-08-26,1314.2793876496658,1320.642081613771,1301.4334191019955,1309.641845703125,1562841
2024-08-27,1309.6418122504322,1310.5693206160488,1299.5412325623208,1302.28662109375,1365740
2024-08-28,1302.28670626824,1304.0768473483058,1275.324086133656,1288.3092041015625,3166351
2024-08-29,1279.9617006890974,1315.2070228819855,1279.9617006890974,1310.8477783203125,2747161
2024-08-30,1310.5693763780796,1352.3721303776904,1303.1493091374393,1338.57080078125,3873923
2024-09-02,1326.336937689012,1333.7570044732863,1293.8741455078125,1293.8741455078125,3413459
2024-09-03,1296.6567642536568,1312.4058390259743,1292.0377904620575,1307.786865234375,1788760
2024-09-04,1300.3667354910715,1316.3105500343868,1298.2705575159619,1298.51171875,1421109
2024-09-05,1298.975472676202,1305.0042770834816,1295.7291933799743,1303.0379638671875,1450295
2024-09-06,1303.1494197381585,1304.0769282219578,1296.6568603515625,1296.6568603515625,1032104
2024-09-09,1279.9708004763777,1292.6776195167195,1270.7605927914924,1275.323974609375,2863755
2024-09-10,1270.70506851148,1292.0191932977198,1270.70506851148,1278.1065673828125,1980284
2024-09-11,1275.880610069179,1285.4154241747399,1266.049043074898,1279.961669921875,2099577
2024-09-12,1279.9614659189533,1284.599007462138,1238.1401479844585,1238.279296875,4794831
2024-09-13,1234.5136992949738,1235.44120770917,1203.256711025063,1209.591552734375,5600511
2024-09-18,1205.760805207331,1205.7700893481465,1174.837709797266,1175.060302734375,4618531
2024-09-19,1170.5156431992218,1199.1571081575423,1155.5177910683128,1169.588134765625,5998821
2024-09-20,1170.0518976035714,1181.5530249091637,1159.413402964928,1172.2965087890625,3998184
2024-09-23,1176.0806573222058,1199.7321216453258,1169.272777332714,1170.0889892578125,4554969
2024-09-24,1191.9316380582786,1273.4689263637463,1173.3814716145241,1273.097900390625,10041281
2024-09-25,1298.5581576067948,1323.5544632536075,1295.4601980866153,1297.584228515625,7395380
2024-09-26,1298.4745636627983,1418.967206062319,1294.8016667986633,1418.1602783203125,9727806
2024-09-27,1484.0134789845297,1511.0966796875,1451.8845735779653,1511.0966796875,8792167
2024-09-30,1569.3440798971146,1632.3033492861389,1532.2437470390269,1621.2845458984375,15729341
2024-10-08,1771.5411245885173,1771.5411245885173,1558.3811842210837,1598.0970458984375,19470947
2024-10-09,1576.7643757180522,1576.7643757180522,1474.738445524531,1479.51513671875,12019684
2024-10-10,1504.6596588930524,1547.158040372455,1475.6657397014337,1521.1136474609375,7460342
2024-10-11,1498.2971179459344,1521.076665769297,1474.7383815337876,1488.6417236328125,4191471
2024-10-14,1496.0710071138024,1503.147900535571,1466.5484563319521,1485.859130859375,4481202
2024-10-15,1483.0859576847001,1484.9316903754639,1440.4298546761586,1441.5799560546875,4357143
2024-10-16,1429.1790778111258,1437.452493092912,1400.53761529531,1412.1314697265625,4666440
2024-10-17,1425.5804070202926,1426.1925942646167,1385.150347673434,1386.2540283203125,3945955
2024-10-18,1384.7700032921755,1454.1846983460136,1371.7477494818604,1429.2904052734375,6861930
2024-10-21,1429.4851509668329,1437.610133415472,1410.9349834076081,1417.974853515625,4200790
2024-10-22,1415.8972027963503,1447.0800290313716,1413.7081834530761,1431.1453857421875,3626913
2024-10-23,1432.174950184073,1462.6342936627982,1420.942837295654,1453.869384765625,4008846
2024-10-24,1447.8405858557292,1460.8257032176639,1433.0097358693326,1439.678466796875,2392280
2024-10-25,1434.8554837358738,1460.6309782039168,1433.9372594846534,1445.846435546875,2774508
2024-10-28,1446.9129954572684,1451.550537109375,1411.8809877018577,1451.550537109375,3912140
2024-10-29,1446.9130234873892,1465.4631904551761,1419.0877730357086,1420.59033203125,4116578
2024-10-30,1414.4503122832693,1438.7417029722862,1412.975605626836,1420.94287109375,3200574
2024-10-31,1421.0820089500396,1428.3629272009393,1409.8127593152128,1417.0380859375,2995735
2024-11-01,1410.7403076768796,1433.1210903939232,1410.554851281264,1422.5660400390625,3228392
2024-11-04,1432.9356483994961,1437.6380663216653,1417.2885857161868,1435.968505859375,2909292
2024-11-05,1428.3628618416928,1463.3298814177651,1424.662112575529,1462.67138671875,4564047
2024-11-06,1460.8256339419806,1473.8014665470428,1448.044541857316,1457.1156005859375,3763143
2024-11-07,1449.1947101624583,1533.6351094820002,1449.0463903406446,1529.5911865234375,7473872
2024-11-08,1540.4893869773323,1546.2584618534324,1484.9501813703619,1493.2606201171875,6077120
2024-11-11,1474.738373181122,1493.2421206881995,1453.581851984447,1482.167724609375,4385365
2024-11-12,1473.8108554039488,1505.3461411709309,1459.8518086215386,1462.8662109375,4922266
2024-11-13,1454.3331832039912,1471.6405217927922,1448.1003538776433,1464.072021484375,2912526
2024-11-14,1456.1883131136772,1478.8658501536036,1452.1536738712746,1459.712890625,2924814
2024-11-15,1455.2606797037865,1466.3907805045803,1440.4205453027282,1445.985595703125,3376112
2024-11-18,1448.7681209033235,1461.7439543625496,1442.2755621028605,1445.985595703125,2709219
2024-11-19,1451.5507759268978,1455.603983468847,1414.4504366060826,1430.1439208984375,3326643
2024-11-20,1431.145374301743,1441.3201136588416,1420.2935719691538,1432.82421875,2134455
2024-11-21,1431.952424079654,1436.7012626752096,1420.9429036306344,1433.12109375,1826179
2024-11-22,1429.4294267615016,1435.5695271252694,1398.5155029296875,1398.5155029296875,3343611
2024-11-25,1401.4651359918737,1420.942811607909,1388.1739819144811,1389.9361572265625,3318556
2024-11-26,1389.9362666903444,1408.77401736589,1380.9487642944748,1399.6102294921875,2574479
2024-11-27,1399.6101361790502,1411.8068939397685,1395.9001026835458,1408.931640625,2593417
2024-11-28,1411.6676749127657,1414.4409157551913,1393.1175083567502,1407.9576416015625,2395203
2024-11-29,1407.03018266783,1442.275500361553,1403.514889751266,1415.1365966796875,3608810
2024-12-02,1415.377703637295,1419.0784527955288,1405.2678402527824,1414.4501953125,2681954
2024-12-03,1413.5228449481388,1418.0676588917615,1406.1769374352173,1416.064208984375,2480662
2024-12-04,1409.8776199101812,1413.2074565291207,1400.5376602975946,1409.812744140625,2392389
2024-12-05,1401.3352231377605,1407.8277814536004,1400.5375795597909,1401.465087890625,1614147
2024-12-06,1403.3202820616248,1427.3427735131418,1398.7476155948623,1410.7496337890625,3203969
2024-12-09,1411.68637903136,1418.8281485541356,1403.5056913890978,1408.6998291015625,1979986
2024-12-10,1456.1880996853508,1465.2127377546276,1433.1673924108525,1434.47509765625,6031210
2024-12-11,1428.3629199098384,1442.2755457531161,1419.9967761206826,1424.2818603515625,2967112
2024-12-12,1420.9614631103993,1452.478181004276,1418.1603695756946,1452.292724609375,4193652
2024-12-13,1437.6472983317128,1442.2662720296476,1408.7739574275495,1408.88525390625,4951197
2024-12-16,1410.7402161105001,1418.1602829933956,1401.1961188515806,1416.49072265625,3253710
2024-12-17,1415.3685521517089,1455.2606979977336,1410.749578376713,1445.05810546875,5417163
2024-12-18,1445.0301307811503,1462.6806415360027,1434.9481197275668,1457.579345703125,4116226
2024-12-19,1451.6805274732758,1454.2683121698612,1437.944073564956,1438.5748291015625,2480932
2024-12-20,1442.3448488445324,1452.3961722934803,1431.8790947338678,1433.7442626953125,2815774
2024-12-23,1434.686257335055,1448.8164568491886,1429.0341775294014,1437.9361572265625,2160269
2024-12-24,1436.5702938748357,1454.468546716555,1433.3579962986803,1449.5888671875,2210492
2024-12-25,1449.570036039633,1449.570036039633,1437.60639876174,1441.2802734375,1712339
2024-12-26,1445.048351920187,1449.5512029355582,1434.6862059807331,1439.198486328125,1828651
2024-12-27,1440.2441682586693,1446.9324397408704,1431.3892201733418,1440.31005859375,2075932
2024-12-30,1445.0200215910888,1454.4307246556048,1436.5701904296875,1436.5701904296875,2512982
2024-12-31,1436.9470153588832,1455.4104518139457,1433.7535766850071,1435.628173828125,3935445
2025-01-02,1435.628174812563,1436.0897520998674,1394.1795923376596,1401.7156982421875,5002870
2025-01-03,1407.8388636702198,1408.30044098355,1381.9429274949987,1389.4696044921875,3262836
2025-01-06,1368.7453183492025,1377.8451989813707,1349.7166957770164,1356.4991455078125,4425512
2025-01-07,1360.8889574856346,1367.6996952024467,1355.5571300439613,1356.6875,2422118
2025-01-08,1356.4990928292896,1367.6336389531814,1343.9326681531593,1358.8541259765625,3525821
2025-01-09,1364.967726612768,1379.6536805166184,1349.8860857594045,1360.26708984375,2970565
2025-01-10,1363.187403580926,1367.7561450210246,1352.7310791015625,1352.7310791015625,2187195
2025-01-13,1342.3688977100849,1360.6815803185455,1339.5522872573956,1360.248291015625,2108251
2025-01-14,1361.1619910811326,1392.9361943981442,1358.3830980077462,1387.114501953125,3095657
2025-01-15,1381.9333956930943,1389.092673176843,1375.3487324753362,1385.955810546875,1839934
2025-01-16,1388.5275571379077,1396.6854242371292,1358.3831325596086,1362.5091552734375,2634213
2025-01-17,1362.5185817227289,1376.2813817411175,1362.5091523907197,1370.393798828125,1830894
2025-01-20,1376.2814205646587,1403.4020200575058,1375.3394072720066,1389.28125,3140975
2025-01-21,1395.1215704387223,1396.063583653063,1380.0493590092694,1383.0167236328125,1685604
2025-01-22,1378.4198166497624,1382.8283744879598,1354.6151222160174,1357.441162109375,2829384
2025-01-23,1365.8908777720014,1382.8754036864389,1354.6150071533373,1359.3250732421875,2712504
2025-01-24,1358.383158819257,1363.8374525442262,1347.3710786987065,1352.7310791015625,3136034
2025-01-27,1353.6731190279768,1360.238924164534,1344.2718446445592,1351.7796630859375,2935646
2025-02-05,1356.4990256462431,1359.325065283006,1320.9003095577607,1322.398193359375,4075652
2025-02-06,1318.8280730408,1339.5335073483225,1318.8280730408,1330.9140625,2735582
2025-02-07,1331.7053931481555,1359.0237784503458,1322.0308982993379,1352.7310791015625,3724207
2025-02-10,1354.615121945812,1356.4991485410078,1344.3377246712985,1348.50146484375,2083979
2025-02-11,1351.7418587658613,1352.6933013418497,1333.796575458991,1335.7747802734375,2357283
2025-02-12,1335.7747427979361,1361.2090996777276,1334.7196925937076,1359.3250732421875,2547579
2025-02-13,1359.3439486583275,1389.7050166425424,1351.3274068769576,1380.10595703125,4338536
2025-02-14,1380.1060475739382,1391.3536310745499,1373.6625938681223,1389.4696044921875,2709992
2025-02-17,1395.1216112697336,1408.290937992949,1382.0276042088049,1386.2855224609375,3247059
2025-02-18,1384.7595380362818,1406.4164144011877,1377.2987513730586,1389.4696044921875,2779992
2025-02-19,1389.5166827885198,1407.7822184130139,1379.9552253550887,1404.541748046875,3239331
2025-02-20,1397.0057074910426,1405.4555390947467,1387.9529735833974,1388.527587890625,2374973
2025-02-21,1394.1796818351536,1409.9395459209848,1387.5950180777268,1401.91357421875,3641783
2025-02-24,1401.7156955933215,1412.5677064740303,1388.5275102853197,1393.303466796875,3474373
2025-02-25,1384.7688970850702,1387.9529064473334,1367.8032293726358,1369.687255859375,2838743
2025-02-26,1371.0532410165185,1380.0117968918069,1361.2092478162524,1375.348876953125,2636609
2025-02-27,1375.3581815132095,1403.5055415695633,1369.6872434408451,1399.417236328125,4976217
2025-02-28,1399.3607401765605,1439.7542745902847,1396.063693666552,1413.76416015625,5612895
2025-03-03,1415.4691280078787,1432.7927659829993,1395.5926708477032,1400.7926025390625,3159566
2025-03-04,1398.8897510209338,1399.8317643212847,1380.247271009597,1384.8631591796875,2521121
2025-03-05,1386.6435050213931,1388.527531522781,1375.4335243397657,1381.3399658203125,2460522
2025-03-06,1388.527630731261,1422.628466846099,1386.7189237636323,1418.6531982421875,4216764
2025-03-07,1415.845885869314,1439.7353276029905,1415.845885869314,1432.8021240234375,3799135
2025-03-10,1431.6812521905108,1438.3412354554,1418.803889310551,1434.592041015625,3136907
2025-03-11,1429.0340459723964,1458.8770751953125,1424.323979901294,1458.8770751953125,3977560
2025-03-12,1457.2568822981207,1459.8192459110605,1437.8420016573662,1453.130859375,2960396
2025-03-13,1454.4685781492262,1465.30173141912,1442.1093678879436,1448.599853515625,2572439
2025-03-14,1457.916311294027,1533.6070556640625,1451.6424706249497,1533.6070556640625,9291315
2025-03-17,1560.916012321063,1561.8485962733123,1532.5425767933318,1542.8858642578125,5468913
2025-03-18,1549.6495863519278,1556.2059620824355,1527.662913270258,1529.82958984375,3161345
2025-03-19,1530.102755792006,1552.437853402485,1528.887521888491,1540.8604736328125,2738955
2025-03-20,1540.8605857513046,1542.6410047423346,1502.5771502574948,1510.9893798828125,3673677
2025-03-21,1506.2791196354995,1518.7136479847197,1477.8585397522538,1482.4932861328125,3361430
2025-03-24,1478.9608585360077,1497.4808719304267,1471.7827218987109,1491.20703125,2556585
2025-03-25,1495.9170110927087,1500.4387205990486,1475.8144809373293,1484.141845703125,1767438
2025-03-26,1481.5702305725458,1490.811320964937,1479.902848684243,1484.6129150390625,1432356
2025-03-27,1484.6128369109895,1505.572631086922,1482.1447668706212,1496.8590087890625,1795563
2025-03-28,1498.6772216554916,1500.6271385272184,1484.6129129434378,1493.288818359375,1622789
2025-03-31,1489.3040721313378,1494.937292901619,1469.5972287670913,1470.482666015625,2108494
2025-04-01,1473.3087513873943,1478.8572233358234,1462.2023781585067,1465.79150390625,1855644
2025-04-02,1467.6567710873148,1476.8885477365984,1455.881604438668,1459.197509765625,2167401
2025-04-03,1441.2801626794967,1494.0329006599227,1440.3475788324045,1477.9056396484375,3548050
2025-04-07,1431.8694683936833,1447.732938207686,1377.2232744140624,1413.019775390625,10195267
2025-04-08,1425.2660974002579,1455.4105224609375,1408.3098583036256,1455.4105224609375,7387649
2025-04-09,1436.5889838982912,1466.5261908930484,1432.3782125062992,1451.6800537109375,5563004
2025-04-10,1461.0531861183526,1464.8306686174801,1439.3963097411636,1459.1785888671875,3862021
2025-04-11,1488.3527169043632,1488.3527169043632,1455.410539602791,1478.0,3263423
2025-04-14,1470.4542548960344,1475.1926086892915,1461.5617058609387,1461.9949951171875,2171144
2025-04-15,1462.0046584162387,1474.2508314570964,1455.4105652403923,1467.65673828125,2148928
2025-04-16,1462.00463440797,1484.6129534967529,1447.8744349774806,1468.7589111328125,3115605
2025-04-17,1463.88860329792,1485.0839016082182,1460.1111209330475,1478.9608154296875,2384605
2025-04-18,1475.1926843870292,1483.6708032628167,1465.772552302821,1475.1361083984375,2029848
2025-04-21,1474.721691650548,1474.721691650548,1461.0625,1461.0625,1805703
2025-04-22,1460.1204821651086,1466.055211411938,1453.72417564262,1458.9901123046875,1843214
2025-04-23,1468.5987317586682,1468.8059470862074,1455.4105455850818,1462.004638671875,1866876
2025-04-24,1462.004486934289,1470.181212109689,1459.1595886705538,1462.239990234375,1487181
2025-04-25,1466.8087542272478,1470.670985410771,1460.1204833984375,1460.1204833984375,1476490
2025-04-28,1462.004509828629,1464.8305494739163,1456.9176154687423,1460.1204833984375,1465972
2025-04-29,1460.120585545357,1462.5133360764833,1443.1832051517279,1454.468505859375,1892180
2025-04-30,1460.1111661941488,1475.8145690927813,1456.6351923595996,1457.2945556640625,2575425
2025-05-06,1468.5986001679785,1468.5986001679785,1454.7792249258434,1460.308837890625,1830026
2025-05-07,1478.9607647960208,1478.9607647960208,1460.3088569247839,1464.83056640625,2746221
2025-05-08,1462.946643671532,1500.4199600559612,1459.9604201363832,1486.6759033203125,3348106
2025-05-09,1487.4295182141502,1504.8190463133385,1483.7180411408722,1498.9127197265625,2367190
2025-05-12,1505.337240749893,1525.0536295496236,1504.0278284748736,1511.4603271484375,2473533
2025-05-13,1515.6240226162167,1515.6240226162167,1493.1946315968246,1498.083740234375,2125829
2025-05-14,1497.8010836027731,1549.6118129097872,1496.0866700657564,1540.1822509765625,3946012
2025-05-15,1540.0032536737178,1548.2834716595162,1529.9519312478337,1537.375,2473285
2025-05-16,1539.2402298024845,1542.066269568337,1520.5318603515625,1520.5318603515625,2293522
2025-05-19,1503.4531276526857,1507.2211806041962,1482.6157994305067,1487.4200439453125,3806283
2025-05-20,1488.3810013029045,1502.3228440207124,1483.76511317391,1494.0330810546875,1952153
2025-05-21,1493.0911411559575,1503.3967118805235,1489.2947998046875,1489.2947998046875,1979464
2025-05-22,1489.313443245767,1493.0814960543114,1479.0549056754837,1488.380859375,1509024
2025-05-23,1483.6426010129983,1495.82288309823,1480.5245969086861,1481.4100341796875,2153700
2025-05-26,1478.9608112176516,1483.3223371905344,1455.4104798288354,1460.591552734375,2708653
2025-05-27,1461.062538599132,1468.2218162412219,1454.0068686146583,1454.374267578125,1775213
2025-05-28,1454.4590531775489,1456.785798346213,1444.1063365849413,1447.8743896484375,1626568
2025-05-29,1450.700439453125,1464.8306385387073,1443.1643332741476,1450.700439453125,2185958
2025-05-30,1450.841827328323,1455.4105688989869,1427.37624349871,1433.7442626953125,3123918
2025-06-03,1420.5654629223231,1430.9181797237409,1417.748852399898,1421.498046875,2897918
2025-06-04,1422.9110677215547,1434.686233790088,1421.7052631180914,1422.40234375,2300809
2025-06-05,1426.2081298828125,1428.0921564744674,1415.0923269953053,1426.2081298828125,2321366
2025-06-06,1426.0196567905036,1430.8897915375123,1415.8458680294807,1419.039306640625,2502307
2025-06-09,1417.7486819369456,1421.215226013043,1399.5301793957012,1399.9351806640625,4495867
2025-06-10,1399.831720554068,1405.4838001794546,1389.281217916755,1389.47900390625,3049220
2025-06-11,1391.1652909291759,1407.3678737331081,1390.5058126224055,1394.1796875,3089282
2025-06-12,1394.1796172196282,1397.8252039163324,1369.7814509199143,1374.3973388671875,4990361
2025-06-13,1360.6534406914766,1365.8909747584134,1342.4255066317037,1344.205810546875,5911325
2025-06-16,1319.948898130146,1342.4065764338304,1319.9301544586108,1339.8160400390625,4288787
2025-06-17,1337.6588368298878,1344.2529296875,1330.2923436910853,1344.2529296875,2723151
2025-06-18,1356.499095394737,1359.7395658154237,1338.610272773567,1342.368896484375,3076099
2025-06-19,1343.3109130859375,1350.5361962104726,1335.0024067023965,1343.3109130859375,2450072
2025-06-20,1341.0311495980338,1357.5729570763071,1337.8471402880075,1345.816650390625,3481581
2025-06-23,1337.658935546875,1349.9051089004731,1323.6983485201924,1337.658935546875,2672331
2025-06-24,1340.8145891676193,1367.5018991853972,1340.8145891676193,1353.8614501953125,3631151
2025-06-25,1355.6606641330445,1365.1655455557825,1338.1392408142212,1352.59912109375,4105007
2025-06-26,1359.1431747221611,1371.6300024757923,1354.417348469437,1363.94580078125,3486025
2025-06-27,1363.9553753879277,1366.8273363068556,1347.7032470703125,1347.7032470703125,3824973
2025-06-30,1348.097136060695,1357.4430276202593,1346.656348241606,1353.8795166015625,3045730
2025-07-01,1353.3801052058284,1356.2039932183832,1347.9147727012112,1349.634033203125,1987819
2025-07-02,1353.860269758422,1358.9511002204142,1344.7352803560061,1353.956298828125,2621825
2025-07-03,1356.2616150689062,1366.5295734234617,1352.4195141763596,1359.719482421875,2441267
2025-07-04,1359.8154819210886,1375.366445916313,1354.3501498010742,1366.078125,2876691
2025-07-07,1366.135773949611,1367.3075865226479,1354.350111292878,1355.0128173828125,2385467
2025-07-08,1355.022369360477,1363.9456853435543,1355.0127547290433,1360.209228515625,1867370
2025-07-09,1359.14315266575,1373.5221867129296,1358.3459589634588,1362.8699951171875,2774532
2025-07-10,1362.9564260289496,1379.4871445869799,1354.7247765884665,1370.189208984375,3872503
2025-07-11,1366.9810497283352,1400.4457142114138,1366.9810497283352,1370.66943359375,5724335
2025-07-14,1373.5510714122488,1378.334468271314,1365.4826360739098,1367.4036865234375,2778094
2025-07-15,1364.88704790138,1366.7601423483845,1352.7267663243347,1355.301025390625,3540578
2025-07-16,1354.3502015507008,1361.5349115777813,1354.292513755588,1355.3299560546875,2128605
2025-07-17,1358.1633793425526,1366.8369498844356,1357.1068250916953,1360.4398193359375,2310554
2025-07-18,1363.945851070481,1381.0528620044722,1360.4687543655632,1380.2747802734375,4182341
2025-07-21,1380.2650760555548,1389.6878844001023,1378.3536403177516,1386.037841796875,2620331
2025-07-22,1386.9983471537148,1408.7061925715884,1383.809455176174,1407.150146484375,4211898
2025-07-23,1411.011590764386,1435.985247238092,1410.9635176012896,1417.2550048828125,4504484
2025-07-24,1417.735150881034,1439.827229790427,1416.7746257110605,1432.623291015625,3880364
2025-07-25,1432.5273507900458,1432.5273507900458,1395.64315852529,1397.564208984375,4191126
2025-07-28,1395.6430384006521,1397.554474062793,1379.6023153485817,1381.869140625,3858632
2025-07-29,1382.7720924667635,1391.5993802681658,1378.3633145080662,1382.19580078125,2630408
2025-07-30,1386.9984318431182,1399.638976697847,1380.2747552344604,1392.2236328125,3186771
2025-07-31,1386.037887415262,1387.83406488006,1362.0247570026622,1365.5499267578125,5179751
2025-08-01,1365.7419620203189,1369.6704772595544,1358.1826333831377,1361.064208984375,2963559
2025-08-04,1359.1431287748028,1363.7536965363079,1358.1826035954568,1362.9852294921875,1868795
2025-08-05,1364.9063185114012,1373.4933575772086,1361.1698613877177,1371.3802490234375,2534227
2025-08-06,1372.5904916873315,1372.5904916873315,1363.2734442777114,1367.672607421875,2369928
2025-08-07,1367.6726346348519,1371.341789330058,1364.003479939646,1366.2030029296875,2800134
2025-08-08,1366.8754088282992,1370.1891738096347,1362.0247097525846,1364.87744140625,1865528
2025-08-11,1367.307691527898,1394.6730464833006,1366.8274289035467,1387.958984375,4715907
2025-08-12,1391.800953718887,1407.236541414766,1379.3141266668888,1380.3131103515625,4201923
2025-08-13,1368.7484494608036,1377.0858600278787,1363.9458233223445,1363.993896484375,6552754
2025-08-14,1364.8486874674606,1390.3699089276192,1364.8486874674606,1370.659912109375,4812930
2025-08-15,1369.7186414651853,1372.2640568657937,1364.1571626646114,1365.9437255859375,4758165
2025-08-18,1370.6599490211108,1379.9290413496833,1366.9234916414462,1372.1103515625,4737798
2025-08-19,1376.9128661175596,1389.5534105058111,1375.472078326017,1381.2352294921875,4637186
2025-08-20,1381.2352938106142,1395.4511142497843,1373.570321162939,1392.7615966796875,4580466
2025-08-21,1396.075372858552,1397.5546192589272,1386.6622957922461,1391.0806884765625,3089057
2025-08-22,1391.6857039742442,1406.2088397603939,1387.737959621339,1406.1607666015625,4497058
2025-08-25,1411.9816908007917,1436.9457319374094,1408.1299752809105,1431.49951171875,6532455
2025-08-26,1431.4899165728477,1435.2456030719884,1421.5869623712642,1423.123779296875,3960213
2025-08-27,1423.3830517370418,1426.312700422913,1390.8404541015625,1390.8404541015625,5600609
2025-08-28,1390.811680408443,1398.6207551693667,1381.9748952485838,1389.0155029296875,3928177
2025-08-29,1395.6432104162268,1424.0555055519012,1394.6826851509713,1421.577392578125,6225648
2025-09-01,1423.6903568311477,1429.2614497051036,1407.8416915622404,1417.8311767578125,4512338
2025-09-02,1420.2902218433867,1449.432523514885,1419.6562423823725,1432.4312744140625,5668837
2025-09-03,1432.1430319707047,1444.1495966250534,1408.1299026620075,1422.1055908203125,4504503
2025-09-04,1413.8931201353842,1420.9050011236575,1402.8182362374148,1414.527099609375,4774676
2025-09-05,1412.9325599799024,1428.2721191834173,1406.2088836237779,1424.4588623046875,3738848
2025-09-08,1424.4590030993465,1446.9736595850202,1419.1761140116553,1441.9693603515625,5138298
2025-09-09,1445.59033203125,1450.344884561542,1434.467493148856,1445.59033203125,3574277
2025-09-10,1447.185037688371,1469.5555915196796,1436.945805468682,1461.9290771484375,4966331
2025-09-11,1461.9290562389442,1465.7807719008354,1448.9523506327305,1463.3602294921875,3723896
2025-09-12,1465.7615023087071,1477.3070343440315,1450.902205127525,1456.15625,3372209
2025-09-15,1456.0313712319587,1457.5778027773088,1442.228628409374,1455.291748046875,2582703
2025-09-16,1455.2916908596671,1460.9491982948434,1437.1473559635774,1440.7685546875,3271789
2025-09-17,1440.7781485101757,1450.661990085845,1431.1921260196614,1434.0640869140625,3033054
2025-09-18,1433.1036371958053,1438.674730407266,1405.7286682547326,1410.0125732421875,4972125
2025-09-19,1410.0414460620477,1417.2550000374201,1399.494897624468,1410.022216796875,3263662
2025-09-22,1407.255804289189,1410.0221214999208,1392.771126773496,1395.979248046875,3494708
2025-09-23,1393.241822713754,1399.9654992108215,1383.1563079681528,1390.283447265625,3866300
2025-09-24,1377.460375853472,1399.27398372982,1377.460375853472,1385.077392578125,3074350
2025-09-25,1385.8745701877585,1388.1606249166414,1379.3142251020674,1382.19580078125,3386973
2025-09-26,1384.289857513377,1389.9857066924772,1371.6396975215303,1378.353759765625,4512071
2025-09-29,1382.5608079479246,1411.9624711191286,1378.3537027574575,1403.19287109375,5368403
2025-09-30,1402.366787311971,1403.0967958416595,1383.1562833761907,1386.98876953125,3936362
2025-10-09,1379.3141167340775,1382.560696434282,1363.9457143192133,1380.0633544921875,5491812
2025-10-10,1380.851116122993,1383.09871244293,1371.1498342660757,1373.5511474609375,3600144
2025-10-13,1359.8155298377333,1366.6833087261289,1359.2584674113803,1363.1773681640625,4606880
2025-10-14,1373.5413390516894,1406.2088085260605,1373.5413390516894,1393.7412109375,6667233
2025-10-15,1393.7028353371634,1405.2483669964624,1388.0357132092752,1404.287841796875,4278540
2025-10-16,1404.2111130260932,1426.3319203803899,1401.2910787511166,1426.2935791015625,4573015
2025-10-17,1424.554944484197,1429.2615415592784,1396.6325276521063,1397.564208984375,3808589
2025-10-20,1397.564271470272,1411.49188792135,1397.449013127638,1400.378662109375,2594988
2025-10-21,1401.4063979014986,1411.9144882917565,1398.0445593869988,1404.5377197265625,2544267
2025-10-22,1404.3646218111048,1407.8705621905135,1398.524670890493,1401.1180419921875,1819492
2025-10-23,1397.5641401758835,1410.8194345915974,1390.0719968536785,1410.03173828125,2932235
2025-10-24,1410.0029778206965,1420.5015702746553,1392.127617191436,1392.7615966796875,3822583
2025-10-27,1383.1563227260983,1395.15327339517,1379.3046071972667,1383.5501708984375,3710239
2025-10-28,1385.0774086288927,1393.914194016308,1384.212912454737,1387.958984375,2712433
2025-10-29,1383.1755588009655,1389.447816685708,1373.5895357773554,1375.3760986328125,3393711
2025-10-30,1365.6843542862055,1379.9192857779356,1365.6843542862055,1370.419677734375,4745610
2025-10-31,1365.8668526106046,1379.2949763253791,1364.0514458882071,1373.5606689453125,3569377
2025-11-03,1374.5116586931074,1390.8405882513066,1364.0419098201735,1378.353759765625,3454766
2025-11-04,1378.4497567206058,1379.102965478425,1367.576662529466,1372.590576171875,2656572
2025-11-05,1369.6034132670688,1374.5020687722767,1363.9555198988608,1364.022705078125,3447527
2025-11-06,1373.551016728072,1384.548983213118,1373.541402096078,1378.478515625,3834782
2025-11-07,1378.4592746766548,1382.9449694702748,1374.6171739631295,1376.74951171875,1886139
2025-11-10,1378.35366488908,1405.9110766540678,1378.3344356247817,1404.5760498046875,4945154
2025-11-11,1404.2879189052653,1404.4608650413963,1389.8800401203275,1401.396728515625,2669156
2025-11-12,1402.3475192220096,1420.0019765402703,1401.6078960807017,1407.3134765625,3299210
2025-11-13,1404.4032100534134,1415.4107921817338,1400.445850611435,1412.337158203125,3117923
2025-11-14,1411.97213618944,1420.5687903900819,1398.8129869909071,1399.10107421875,2747306
2025-11-17,1396.60368823292,1414.853667652745,1388.7178135936072,1412.9326171875,3446221
2025-11-18,1412.644398908406,1427.4076668994355,1411.0115529295551,1417.7352294921875,3420478
2025-11-19,1415.8140995479528,1421.1258318745668,1411.933540343467,1412.942138671875,2204537
2025-11-20,1413.8931494733356,1421.4813222992289,1407.1983167089481,1409.1961669921875,2400232
2025-11-21,1412.4523707285275,1421.5773605428226,1398.524754696182,1408.706298828125,4260720
2025-11-24,1409.0904954642303,1412.9325963380252,1393.846964937514,1394.6826171875,3360744
2025-11-25,1400.445791157822,1400.445791157822,1387.4787004989535,1387.622802734375,2844069
2025-11-26,1391.6858298517534,1396.1138371870554,1386.5949991226616,1391.9451904296875,2030616
2025-11-27,1392.2813214969076,1392.7615841121187,1382.2342651072088,1390.168212890625,2228689
2025-11-28,1389.3997204375244,1398.0444473534853,1386.0378821924282,1393.2418212890625,2321121
2025-12-01,1393.722029628016,1404.5471671159837,1385.0773030486555,1390.8404541015625,2733342
2025-12-02,1390.840599056882,1394.605900347785,1378.3729997399603,1379.3431396484375,2504726
2025-12-03,1379.1317271834414,1379.2853267924424,1371.62996918047,1372.6865234375,2357279
2025-12-04,1372.686561168053,1375.952370349047,1362.3897590046763,1367.7686767578125,2907539
2025-12-05,1367.768673771703,1376.5190443901754,1363.465539578589,1373.5606689453125,2540166
2025-12-08,1372.7826324077196,1379.9578450946785,1362.0247965709932,1362.236083984375,3360280
2025-12-09,1362.2456604407298,1364.9063340534356,1344.7833776476632,1345.7054443359375,4263443
2025-12-10,1344.7352872124304,1347.4248046875,1328.5793048524874,1347.4248046875,3313347
2025-12-11,1351.1323960748537,1356.251953125,1346.2241264260397,1356.251953125,2238501
2025-12-12,1362.0247751217673,1368.7484517267408,1357.7695967653378,1364.5701904296875,3715919
2025-12-15,1382.7623662475344,1383.146599757408,1369.2957848999622,1369.7088623046875,3335879
2025-12-16,1369.900980189694,1372.379210222937,1359.143144953603,1365.8668212890625,2396367
2025-12-17,1368.7484555945914,1383.0986462798394,1361.7174624870897,1376.5286865234375,3138249
2025-12-18,1376.9129097416717,1382.080540141126,1369.814614260253,1374.5115966796875,1782995
2025-12-19,1377.4002685546875,1379.793575932054,1368.6181302829627,1377.4002685546875,2650868
2025-12-22,1377.4002003733206,1381.444496122474,1374.059229298456,1375.700439453125,2042565
2025-12-23,1375.7004680704335,1380.2625387086143,1364.8863441743085,1375.3096923828125,2450681
2025-12-24,1372.5060241884773,1373.8443444359652,1367.6314046503132,1368.5106201171875,2518669
2025-12-25,1372.515848026406,1386.661045658059,1368.979548618493,1381.473876953125,2338621
2025-12-26,1381.4738057244408,1386.3288685020616,1377.4001750434393,1381.4346923828125,1780299
2025-12-29,1381.434759446902,1381.434759446902,1368.6083254739324,1369.585205078125,2630810
2025-12-30,1368.608342016126,1369.487557520126,1353.9551477761247,1357.589111328125,3379194
2025-12-31,1357.8626554364844,1361.7701738693952,1345.3293329922028,1345.339111328125,3476563
2026-01-05,1352.9782108772351,1398.7743301063065,1352.9782108772351,1393.0302734375,7094942
2026-01-06,1399.428968184627,1403.74669985065,1383.7793373593345,1394.993896484375,3958618
2026-01-07,1399.7512065548003,1401.8221864784932,1387.364321106904,1390.4512939453125,2968380
2026-01-08,1390.4219859919542,1390.4513209992176,1375.583242236625,1379.6470947265625,2913454
2026-01-09,1384.2383716434213,1395.5701509773533,1383.2712703943216,1386.289794921875,2984774
2026-01-12,1386.2898232826833,1397.9147144290725,1384.3360640731387,1390.3243408203125,3608266
2026-01-13,1393.8020417865162,1396.4689039366622,1376.4135377170303,1378.3770751953125,3916866
2026-01-14,1378.3771568438606,1389.3670526727008,1363.8998532077892,1365.6875,5175797
2026-01-15,1363.7434766219942,1370.395964680988,1356.4754303978273,1356.7783203125,4090714
2026-01-16,1362.7470422239621,1365.1892412243635,1348.0938482215538,1350.047607421875,5512068
2026-01-19,1349.9498925707844,1355.4106159409898,1343.2093997334325,1344.186279296875,4228640
2026-01-20,1347.6053544389226,1349.6372209965846,1340.327649408457,1341.79296875,3648443
2026-01-21,1341.8027888542235,1342.6233343215922,1318.7874484409126,1319.822998046875,6451625
2026-01-22,1320.7509334622891,1330.2755091002239,1306.5568449433672,1309.0772705078125,5901089
2026-01-23,1309.1163155767194,1316.8336881924317,1301.6627195301614,1306.0880126953125,6194890
2026-01-26,1309.5168710575285,1323.6718468019399,1294.4826798309557,1310.972412109375,8016606
2026-01-27,1313.8835306749177,1322.401892331729,1307.0649300150574,1311.9591064453125,4841596
2026-01-28,1311.9884089136094,1315.573480707135,1291.4446024192973,1293.085693359375,7621801
2026-01-29,1304.1342085730428,1411.5909598412336,1298.331601243597,1404.479248046875,18953440
2026-01-30,1401.8221817179972,1401.8221817179972,1368.6082763671875,1368.6082763671875,9447974
2026-02-02,1392.0534429302897,1424.857017273711,1378.9827889909611,1394.0072021484375,8572427
2026-02-03,1411.591054699155,1442.6656527340292,1409.6666304620956,1440.8193359375,8632066
2026-02-04,1450.6661505026896,1497.8201460704256,1439.9204753137808,1489.7413330078125,10912293
2026-02-05,1484.8569445840033,1528.8165251802402,1479.972546739977,1519.0477294921875,9162274
2026-02-06,1519.047828846789,1531.7472640718745,1471.063506058539,1479.982421875,7896538
2026-02-09,1482.9032266792353,1507.2079957968358,1478.4974901615803,1489.7022705078125,5116846
2026-02-10,1489.7120074358388,1489.7120074358388,1461.900274731203,1470.0084228515625,3957596
2026-02-11,1470.008418360353,1478.9956626667924,1461.4118304818505,1469.5491943359375,3092846
2026-02-12,1465.5146641057315,1468.074083775839,1439.2952501782488,1452.2291259765625,4624582
2026-02-13,1452.229222546026,1472.9391420859386,1436.5795919183452,1450.9593505859375,4167901
2026-02-24,1485.8339130591096,1489.1553276413863,1429.7609986049117,1432.8870849609375,4191253
2026-02-25,1436.012995922397,1474.756073814069,1433.9420159635035,1457.1722412109375,3688067
2026-02-26,1452.2291354877925,1455.05233173653,1430.8062334355989,1432.310546875,3295801
2026-02-27,1433.0726148871086,1442.0794163054325,1421.37939453125,1421.37939453125,3216016
2026-03-02,1416.4754406083857,1423.3135979078745,1403.4438999442286,1406.8140869140625,3545386
2026-03-03,1406.8042485558794,1419.279019776811,1389.2497512569712,1393.2158203125,4589086
2026-03-04,1382.2846029874895,1390.0996396121539,1359.9042584641686,1368.7841796875,4801443
2026-03-05,1373.4927697004853,1380.2918138150328,1362.7470936928712,1366.6937255859375,3050524
2026-03-06,1362.7470478487762,1374.9580429011846,1355.9088906194277,1369.585205078125,2915415
2026-03-09,1357.8626484416943,1372.4181783789063,1351.2198194407658,1364.7008056640625,3744162
2026-03-10,1372.418213134166,1376.902057236943,1365.6777198518207,1369.468017578125,2462592
2026-03-11,1370.55233025421,1373.4829691179095,1365.6972671562007,1367.6314697265625,2445673
2026-03-12,1362.7470450565731,1371.4900697969842,1358.8493049836707,1359.81640625,2758646
2026-03-13,1360.2852495213765,1384.8440163106188,1359.8163664057433,1380.9560546875,3360783
2026-03-16,1387.1689708776985,1432.1054304976803,1387.1689708776985,1426.4200439453125,6008635
2026-03-17,1434.0593059501264,1463.4340241417137,1427.4066983885236,1450.666259765625,4945361
2026-03-18,1454.573740755177,1461.900337837557,1429.3214266608404,1434.8408203125,3555100
2026-03-19,1438.9045304128642,1438.943643756032,1412.5678946851476,1419.279052734375,3031859
2026-03-20,1419.366988143624,1428.686457967263,1405.729786676849,1411.591064453125,2613234
2026-03-23,1400.1907581086841,1401.8221899279831,1367.660739814553,1375.5147705078125,4725589
2026-03-24,1383.2614588431957,1384.8146639562722,1367.8072766520731,1374.7918701171875,2856179
2026-03-25,1377.5077283688947,1385.0883238794652,1368.6181475363246,1377.6640625,2609346
2026-03-26,1376.4233255189913,1381.2100593011974,1367.9245208888672,1368.7841796875,2309289
2026-03-27,1367.6313763164183,1393.0302447337233,1364.368631993787,1383.281005859375,3008711
2026-03-30,1374.4696322588854,1397.9147432569048,1370.0932306189352,1387.1690673828125,2868459
2026-03-31,1434.0592972117456,1445.7135236697875,1414.9222586445253,1416.4754638671875,6169066
2026-04-01,1430.6304333631958,1436.0032713040262,1419.288875219676,1425.6971435546875,2912514
2026-04-02,1425.6970641047294,1431.0113509808343,1418.5268014418032,1426.126953125,2106437
2026-04-03,1425.794936223961,1435.9739456705036,1421.359864535397,1426.2442626953125,2019373
2026-04-07,1426.2931235138128,1436.0130279425234,1401.8711332426815,1406.7261962890625,2415218
2026-04-08,1426.244238609954,1435.1142625892892,1418.556200805997,1431.148193359375,3383610
2026-04-09,1431.148193669256,1431.148193669256,1414.0332437225507,1426.722900390625,2070476
2026-04-10,1425.4041610349282,1425.9609299562383,1407.7812143082456,1420.3438720703125,2886556
2026-04-13,1410.6141752475303,1413.0563743043995,1399.8684993973068,1409.940185546875,2521364
2026-04-14,1409.2465134968365,1415.1077912065819,1401.822252247426,1413.4471435546875,2423261
2026-04-15,1411.5714532970774,1436.7847727972157,1408.660371193569,1433.57080078125,3455348
2026-04-16,1433.5219554409284,1443.251757577152,1426.2442499469066,1429.0185546875,2451284
2026-04-17,1367.6313810329707,1388.1458517484652,1367.5043819205266,1374.7039794921875,9682499
2026-04-20,1370.5620590774658,1381.2490645086395,1367.631420319638,1378.2696533203125,3645139
2026-04-21,1378.3771115982745,1387.0713638626328,1377.4002320011107,1379.36376953125,2175427
2026-04-22,1382.2845807571114,1386.1920990066014,1372.4962284624598,1376.9117431640625,2691593
2026-04-23,1375.4464631782946,1386.875906685904,1372.6134885167512,1386.192138671875,3770109
2026-04-24,1380.42858422961,1425.1501624053303,1380.42858422961,1424.7691650390625,5545531
2026-04-27,1387.1690717384076,1387.1690717384076,1369.7805666610777,1370.7574462890625,7279774
2026-04-28,1369.5852302741325,1376.8043849916858,1367.7389134784823,1372.515869140625,3400442
2026-04-29,1372.5158199520229,1377.1559979910066,1367.9049769201729,1368.7744140625,3481313
2026-04-30,1367.6314945082067,1368.774486615041,1348.0939017295182,1352.773193359375,5275267
2026-05-06,1333.538340603525,1347.116991122159,1328.6051700891148,1343.20947265625,4780604
2026-05-07,1343.2094568185134,1355.9088916829792,1338.3348371296083,1339.350830078125,4046147
2026-05-08,1339.946642731539,1350.7997602691696,1338.324989282095,1341.245849609375,3336853
2026-05-11,1341.148254214387,1341.148254214387,1329.5331414098707,1329.85546875,5713510
2026-05-12,1330.510005070079,1332.0534318970488,1319.2758897556107,1323.2322998046875,5083743
2026-05-13,1323.1833878783393,1327.1885702969582,1307.064874847706,1313.0140380859375,5696787
2026-05-14,1307.0649188994655,1337.4068568418068,1304.310170866869,1311.1385498046875,5524434
2026-05-15,1304.280798427177,1308.31531587283,1296.426648424502,1302.131591796875,5818365
2026-05-18,1305.1111782820767,1311.6367866426076,1289.100106927374,1292.4117431640625,4966097
2026-05-19,1291.3371058465925,1299.2400280463487,1287.527251737679,1293.681640625,4325464
2026-05-20,1290.4579573134506,1302.1707342294685,1283.6198000831748,1284.5966796875,4748733
2026-05-21,1282.6234115933207,1292.9197611658742,1280.689208984375,1280.689208984375,3886838
2026-05-22,1280.640246542114,1281.5781320340252,1260.2918876795268,1260.3699951171875,4915714
2026-05-25,1257.2440026888353,1274.6227283445683,1247.4752070191473,1256.14990234375,4635276
2026-05-26,1255.6321851774755,1260.0672567744073,1240.6468853219042,1243.93896484375,4593162
2026-05-27,1238.7029154625016,1288.5042194357673,1221.1971897339122,1272.8741455078125,8272791
2026-05-28,1260.1746302531717,1273.8509440698726,1241.6139186447915,1246.478759765625,4588998
2026-05-29,1241.223134159098,1298.2729238104498,1240.6370302778564,1295.34228515625,7647805
2026-06-01,1296.3192625297545,1296.3192625297545,1271.223282199549,1279.321533203125,4384460
2026-06-02,1275.8046955264417,1295.6939489049814,1270.9202977640894,1276.9964599609375,3636185
2026-06-03,1273.8509649230812,1273.8509649230812,1246.4983368419107,1252.271728515625,5247652
2026-06-04,1249.4192470192252,1259.1880431517911,1237.403580076969,1238.683349609375,3350617
2026-06-05,1248.4520834745895,1253.33648129726,1238.4292896026302,1243.430908203125,3130397
2026-06-08,1242.5908923085012,1248.4521701024094,1230.8683367206852,1233.7794189453125,3082836
2026-06-09,1233.7891945043805,1233.7989728405219,1223.590628404977,1226.9608154296875,2786012
2026-06-10,1223.1313221814871,1252.3596016804042,1221.3045621658043,1246.381103515625,3924414
2026-06-11,1242.7080189470344,1253.2192525342864,1237.6185146075986,1249.428955078125,2535198
2026-06-12,1241.7898327981202,1265.0590518463616,1235.7624428805084,1262.04052734375,5049478
2026-06-15,1262.8122460136356,1262.8122460136356,1240.73479029496,1241.711669921875,4158556
2026-06-16,1237.716208805495,1238.5660892719673,1225.9838754851164,1226.638427734375,3496974
2026-06-17,1228.9145210512222,1230.6436170007432,1209.924039109628,1211.3306884765625,4480330
2026-06-18,1206.4462830343364,1210.2268022444514,1183.2160579690226,1186.90869140625,5747173
2026-06-22,1186.2347167414337,1223.8348027655331,1177.139910484461,1212.7081298828125,5825131
2026-06-23,1210.353806203323,1234.7757958361583,1188.8624553264278,1194.1864013671875,5800405
2026-06-24,1194.381916238552,1213.1575143083664,1179.5919441724684,1179.758056640625,4533528
2026-06-25,1179.0936217177805,1198.6312127984397,1172.2554648395496,1184.07568359375,4844649
2026-06-26,1199.0,1199.0,1168.0999755859375,1168.6300048828125,5006647
2026-06-29,1169.0,1215.0,1151.010009765625,1194.9599609375,6687812
2026-06-30,1187.0,1195.6700439453125,1176.0,1185.489990234375,3960779
2026-07-01,1180.0999755859375,1196.800048828125,1166.3299560546875,1193.010009765625,4247381
2026-07-02,1193.010009765625,1215.52001953125,1190.510009765625,1203.0,5087015
2026-07-03,1205.239990234375,1210.1400146484375,1185.0,1194.449951171875,3426755
2026-07-06,1186.0,1215.0,1180.0,1206.9100341796875,4097001
2026-07-07,1200.0,1202.0,1188.1099853515625,1188.800048828125,2736500
2026-07-08,1188.77001953125,1200.97998046875,1177.0,1199.300048828125,2577602
2026-07-09,1191.0,1191.989990234375,1178.0,1182.18994140625,3409634
2026-07-10,1182.199951171875,1204.97998046875,1170.280029296875,1204.97998046875,5221255
2026-07-13,1197.1199951171875,1215.0,1190.18994140625,1210.989990234375,4198257
2026-07-14,1208.989990234375,1226.8699951171875,1205.0,1214.8800048828125,4352726
2026-07-15,1203.6600341796875,1256.5999755859375,1198.6600341796875,1251.06005859375,7194371
2026-07-16,1252.0,1267.969970703125,1245.050048828125,1258.989990234375,4761114
2026-07-17,1269.010009765625,1269.3299560546875,1238.97998046875,1253.0,5841730
2026-07-20,1270.0,1329.0,1266.0,1327.5,10615115
2026-07-21,1338.97998046875,1344.699951171875,1296.8699951171875,1308.0,7714770
2026-07-22,1300.0,1308.0,1283.239990234375,1305.0,6518140
2026-07-23,1299.800048828125,1303.0,1285.4300537109375,1292.010009765625,3391769
2026-07-24,1305.0,1309.2099609375,1286.199951171875,1297.4100341796875,3569892
2026-07-27,1308.0,1308.0,1279.5799560546875,1289.5,3199044
2026-07-28,1299.0,1320.0,1289.52001953125,1320.0,5313457
2026-07-29,1333.8299560546875,1343.47998046875,1312.06005859375,1321.0,6232985
2026-07-30,1323.0,1362.0,1322.0,1361.760009765625,7187261
2026-07-31,1330.030029296875,1355.719970703125,1325.77001953125,1350.5999755859375,5512752
2026-08-03,1350.5999755859375,1363.3499755859375,1346.0,1358.97998046875,3614686
2026-08-04,1350.06005859375,1350.93994140625,1328.3599853515625,1328.3599853515625,3745031
2026-08-05,1328.3599853515625,1333.800048828125,1303.5,1306.449951171875,4268859
2026-08-06,1310.0,1314.4000244140625,1300.010009765625,1308.550048828125,2546328
2026-08-07,1308.6600341796875,1315.280029296875,1301.0,1309.219970703125,2497581
2026-08-10,1325.0,1359.969970703125,1318.0799560546875,1348.8599853515625,6268572
2026-08-11,1348.0,1352.6500244140625,1338.0,1346.5,2707300
2026-08-12,1346.5,1356.8800048828125,1332.510009765625,1343.0,3505960
2026-08-13,1338.0,1359.5999755859375,1337.0,1355.2900390625,3235348
2026-08-14,1355.0,1359.0,1338.1400146484375,1341.989990234375,2985315
2026-08-17,1295.0,1301.0,1280.3399658203125,1293.0899658203125,7842956
2026-08-18,1291.0,1302.9000244140625,1285.1700439453125,1297.989990234375,3872283
2026-08-19,1300.0,1308.8800048828125,1290.5,1307.8800048828125,3754751
2026-08-20,1299.800048828125,1306.8800048828125,1291.0,1291.5,2533166
2026-08-21,1291.5,1291.5,1272.010009765625,1272.8299560546875,3347231
2026-08-24,1271.010009765625,1313.800048828125,1270.3299560546875,1304.6600341796875,4843957
2026-08-25,1311.8900146484375,1317.0,1301.1099853515625,1304.0,2111118
2026-08-26,1300.0,1314.449951171875,1295.0,1302.800048828125,2173083
2026-08-27,1304.0,1305.0,1288.0,1292.300048828125,2476747
2026-08-28,1289.0,1297.8900146484375,1288.0,1297.4000244140625,1612611
2026-08-31,1297.989990234375,1305.0,1286.0,1299.52001953125,2324759
2026-09-01,1295.0,1307.989990234375,1286.0999755859375,1299.56005859375,3266402
2026-09-02,1302.800048828125,1303.0,1291.199951171875,1297.5,2030845
