date,open,high,low,close,volume
2018-01-02,11.440897619225712,11.542983638183587,11.367979630316468,11.404438972473145,33821355
2018-01-03,11.46277150432447,11.754445491785978,11.448187492019603,11.659650802612305,42081989
2018-01-04,11.666945889663795,11.681529905819874,11.535692525875744,11.557568550109863,27101885
2018-01-05,11.615901631787104,11.688820311764536,11.557566965966783,11.674236297607422,26421005
2018-01-08,11.68152894605338,11.6888209535323,11.61590226955131,11.652360916137695,23727593
2018-01-09,11.66694545727592,11.834657464430276,11.652361441660338,11.761738777160645,26552857
2018-01-10,11.769030882523225,11.849241578265522,11.725280226122104,11.79090690612793,15892857
2018-01-11,11.834655239006723,11.965908573249136,11.790904591195257,11.90028190612793,18820760
2018-01-12,11.929451305585628,11.944033929330004,11.841948609078488,11.871116638183594,14243015
2018-01-15,11.871116110829814,12.002368063547618,11.761737397352803,11.936742782592773,25661213
2018-01-16,11.936744292081633,11.97320294064569,11.681529579708362,11.71069622039795,36581181
2018-01-17,11.732571914003644,11.849241255096862,11.630485892845018,11.754447937011719,30619367
2018-01-18,11.74715508913809,11.798197748364563,11.608609734946128,11.717987060546875,31915173
2018-01-19,11.739863395690918,11.805490070966606,11.674236720415228,11.739863395690918,24894290
2018-01-22,11.812782293288413,11.834656924906275,11.652360910446937,11.732571601867676,24695932
2018-01-23,11.761738777160645,11.871117503469229,11.66694545727592,11.761738777160645,42859843
2018-01-24,11.769029608012387,11.7836136221695,11.659652283450306,11.674236297607422,27414171
2018-01-25,11.674236408468207,11.74715508913809,11.666944401320404,11.717987060546875,21777166
2018-01-26,11.739864251895828,11.754448267644767,11.688821587582833,11.71069622039795,13444210
2018-01-29,11.725278150594042,11.73986216374895,11.535690152004362,11.564857482910156,24345629
2018-01-30,11.542984169483125,11.63048617744422,11.506524825648299,11.513816833496094,24105143
2018-01-31,11.513815620216349,11.63777695894972,11.426313621475861,11.594025611877441,16953093
2018-02-01,11.594026138381114,11.790906166040903,11.470064794018455,11.783614158630371,33533497
2018-02-02,11.76173866127146,11.856533371030444,11.652361326848856,11.798198699951172,27192862
2018-02-05,11.710695989491828,11.929452048987711,11.674237341646647,11.878409385681152,24059503
2018-02-06,11.739864020414586,11.907576025795644,11.696113364838714,11.878409385681152,52321034
2018-02-07,11.88570043120728,11.900284447194565,11.608611081490446,11.863825798034668,42004188
2018-02-08,11.798198282466394,11.871116966437292,11.703403576061765,11.827364921569824,29964345
2018-02-09,11.688821427231243,11.688821427231243,11.06901467448698,11.64507007598877,54108624
2018-02-12,11.48464912977832,11.513816464831434,11.273185776792218,11.375271797180176,29842926
2018-02-13,11.41172980986323,11.64506917271679,11.404438498058497,11.49194049835205,15445574
2018-02-14,11.550273491941727,11.725277467176243,11.550273491941727,11.659650802612305,13113957
2018-02-22,11.72528011978217,11.776322783588606,11.659653440371532,11.747156143188477,12485863
2018-02-23,11.73986297840389,11.922158983066037,11.717986957153503,11.84924030303955,17783676
2018-02-26,11.907573392400742,11.980492062773191,11.849238734264373,11.96590805053711,18906223
2018-02-27,11.99507850737432,12.104455839708578,11.973202484584172,12.060705184936523,21009788
2018-02-28,12.0169527281724,12.126330056764097,11.94403404550854,12.009660720825195,14353057
2018-03-01,11.951325628397568,12.097162988545794,11.951325628397568,12.02424430847168,13479481
2018-03-02,11.987786188822868,12.22841687003974,11.96591016660017,12.21383285522461,20526643
2018-03-05,12.177373681962486,12.28675100672576,12.12632963231869,12.279458999633789,16191604
2018-03-06,12.308625742107397,12.34508577787802,12.104455105024519,12.148205757141113,12535377
2018-03-07,12.126328571473856,12.279457925392775,12.111745949373786,12.155496597290039,15277697
2018-03-08,12.235708346431332,12.4544629959318,12.22112433224913,12.35966968536377,20296251
2018-03-09,12.454462260959678,12.461754267620458,12.279458273525142,12.366959571838379,10022367
2018-03-12,12.410713525678961,12.418005533464253,12.097164144952778,12.177374839782715,23945862
2018-03-13,12.184665456759731,12.243001519042068,12.10445615273807,12.177374839782715,10944917
2018-03-14,12.16279082421213,12.221125495686191,12.111748160523362,12.177374839782715,10672401
2018-03-15,12.133621956035617,12.199248630767729,12.119039332279288,12.140913963317871,10741722
2018-03-16,12.111747324997033,12.235708667179,12.097163310432524,12.140913963317871,11089664
2018-03-19,12.126329948753362,12.15549797788238,11.958617953686048,12.140913963317871,13566937
2018-03-20,12.075287599629087,12.191956937534048,12.060704975497128,12.162790298461914,9706050
2018-03-21,12.191957052713942,12.199249060252919,12.031537059281156,12.126330375671387,11080004
2018-03-22,12.097163518244443,12.111747533059484,11.951326151710434,12.03882884979248,15075351
2018-03-23,11.88569895541168,12.046120329736356,11.769029623616357,12.02424430847168,33462972
2018-03-26,11.929450775640433,12.05341211221401,11.892990740878723,11.936742782592773,21246110
2018-03-27,11.98049365675047,12.082578974369342,11.965909642574019,12.02424430847168,10206075
2018-03-28,11.958618481029763,12.05341318907109,11.754447831355964,11.805490493774414,19465503
2018-03-29,11.871116746242295,11.922159406832677,11.65236069838727,11.739863395690918,18864210
2018-03-30,11.739864466613897,11.856533813122669,11.623194424700964,11.703404426574707,21465187
2018-04-02,11.666945403907938,11.725280075295148,11.601318724746294,11.64507007598877,14314749
2018-04-03,11.608610526904288,11.637777862081268,11.535691841259775,11.572151184082031,13661400
2018-04-04,11.572149489487611,11.66694348878245,11.55027416515927,11.564857482910156,10198965
2018-04-09,11.586733876091307,11.747154548945666,11.542982530620465,11.688819885253906,15594169
2018-04-10,11.703402732418283,11.805489438941871,11.703402732418283,11.776321411132812,11963410
2018-04-11,11.776322047431126,11.849240730085599,11.732571394161718,11.834656715393066,9443246
2018-04-12,11.871116110704136,11.8784081176564,11.725278753275077,11.776321411132812,10647964
2018-04-13,11.798198445715558,11.812782460873176,11.608610421091226,11.623193740844727,11194171
2018-04-16,11.666945358859273,11.666945358859273,11.5065246654618,11.542984008789062,14035807
2018-04-17,11.550273491941727,11.76902811328288,11.550273491941727,11.659650802612305,12683653
2018-04-18,11.725278528508221,11.725278528508221,11.579441869278826,11.688819885253906,10721587
2018-04-19,11.717987537793135,11.754447575017085,11.601318200292914,11.630485534667969,10374769
2018-04-20,11.594027088073771,11.76903110783693,11.594027088073771,11.703404426574707,13052143
2018-04-23,11.666945245147488,11.805490609359925,11.666945245147488,11.769030570983887,10985246
2018-04-24,11.732570649016845,11.863823991297252,11.732570649016845,11.81278133392334,10422975
2018-04-25,11.812780900809457,11.84923954308033,11.645068225666535,11.666943550109863,11310638
2018-04-26,11.703402192380736,11.72527821222809,11.630484212434965,11.666943550109863,11697829
2018-04-27,11.69611347938204,11.769030775786504,11.65236143256943,11.747156143188477,13910532
2018-05-02,11.652361602578363,11.717988282946502,11.397147584418455,11.637778282165527,24575999
2018-05-03,11.564858912602972,11.666944931095538,11.513816251058744,11.652360916137695,13668940
2018-05-04,11.666944925397656,11.754447624293753,11.630485583424967,11.732571601867676,9815803
2018-05-07,11.73257213673776,11.7981988161996,11.696113488507084,11.761738777160645,12293352
2018-05-08,11.790906906127931,11.812782929732636,11.725280226122104,11.79090690612793,13101019
2018-05-09,11.790906478566788,11.827365125777611,11.776322463359161,11.805490493774414,8053046
2018-05-10,11.856531869516703,11.878407889954145,11.637776532970584,11.688819885253906,19414686
2018-05-11,11.725280128929969,11.783614800584017,11.659653449468129,11.761738777160645,13209483
2018-05-14,11.754447416200518,11.871116752124397,11.747155408854251,11.834656715393066,12572644
2018-05-15,11.863825781814617,12.155499147119963,11.82007373391258,12.133623123168945,21001141
2018-05-16,12.10445615273807,12.272168159374962,12.031537465693424,12.177374839782715,15244118
2018-05-17,12.16279082421213,12.257584143804378,12.082580129382194,12.177374839782715,10816822
2018-05-18,12.155498497642284,12.264875829936635,12.060705180536043,12.235709190368652,18275428
2018-05-21,12.250291075682552,12.315917749261521,12.0534124457538,12.148205757141113,12988922
2018-05-22,12.140914810027557,12.213833497127284,12.075288130718627,12.191957473754883,7911454
2018-05-23,12.177375171070983,12.191957796230016,12.097164474058895,12.133623123168945,8629347
2018-05-24,12.097162987114297,12.191956297633727,12.067994958764848,12.10445499420166,10393129
2018-05-25,12.111748256949992,12.432588257207533,12.075288217733258,12.301336288452148,20477210
2018-05-28,12.33779356342809,12.418004249967634,12.25029086985694,12.330501556396484,12162854
2018-05-29,12.29404375804916,12.388837074366895,12.257583720382165,12.381545066833496,16099983
2018-05-30,12.30133586790691,12.36696115463693,12.184665137210267,12.235709190368652,15663525
2018-05-31,12.191957551463574,12.556549598477766,12.191957551463574,12.476340293884277,32396758
2018-06-01,12.439879839769244,12.439879839769244,12.228417182774598,12.235709190368652,13313398
2018-06-04,12.32321017976492,12.37425284078915,12.199248835502562,12.29404354095459,9878857
2018-06-05,12.294045027584634,12.337795686494681,12.170083668332524,12.323211669921875,12153921
2018-06-06,12.352378415041107,12.57113307758939,12.301335753167058,12.541966438293457,16603485
2018-06-07,12.541966334928613,12.563840966518226,12.323210283374987,12.418004989624023,19675040
2018-06-08,12.374252845841518,12.454463536517029,12.264875516343766,12.388836860656738,18432366
2018-06-11,12.308626904846975,12.418005631683199,12.272168256440423,12.396129608154297,14371075
2018-06-12,12.388836442202031,12.571132448810316,12.345085790042328,12.498213768005371,21663129
2018-06-13,12.469048909826213,12.72426363366523,12.469048909826213,12.62946891784668,24301660
2018-06-14,12.600302248883592,13.015936979853665,12.585718232510661,12.78989028930664,30709120
2018-06-15,12.811763969704222,12.979475973088029,12.731553276430118,12.884682655334473,25128475
2018-06-19,12.819053656877742,12.972183008063036,12.716968349959542,12.899264335632324,48952933
2018-06-20,12.76801332217201,12.906558685870293,12.70238664414694,12.804471969604492,20060997
2018-06-21,12.82634841117941,12.913849724196565,12.804472387520974,12.870099067687988,20449646
2018-06-22,12.908018651055306,12.908018651055306,12.475729197823789,12.597073554992676,30268377
2018-06-25,12.581905216612823,12.604657826156844,12.437808249245052,12.490896224975586,21345191
2018-06-26,12.437808415018395,12.543985814433462,12.286128688986517,12.308879852294922,18978862
2018-06-27,12.324047889622129,12.437808042372415,12.187535127706257,12.301295280456543,19382744
2018-06-28,12.210288691551435,12.324048853196228,12.134448101608594,12.233039855957031,17096988
2018-06-29,12.233039270835679,12.278544490548175,12.195119700947465,12.240623474121094,13495715
2018-07-02,12.202704606656592,12.240624178727566,12.00551964950183,12.0206880569458,14357259
2018-07-03,12.096526144678052,12.119278029227203,11.709740490995642,12.02826976776123,21517010
2018-07-04,11.997934181977937,12.324047674977393,11.952430410978115,12.248207092285156,18098783
2018-07-05,12.17236593207815,12.415056074486694,12.126862163237243,12.392303466796875,30634218
2018-07-06,12.361965918898678,12.468143301910107,12.308877950662284,12.377134323120117,16588640
2018-07-09,12.437808039572944,12.49848021746203,12.324047886848263,12.369551658630371,11391081
2018-07-10,12.361968132906698,12.415057557189963,12.195119996204575,12.354385375976562,12604767
2018-07-11,12.248208356045243,12.28612937457342,12.134448193538608,12.225457191467285,8743238
2018-07-12,12.179951876958723,12.331633056844407,12.179951876958723,12.233039855957031,13233751
2018-07-13,12.286128851844671,12.286128851844671,12.119279270497412,12.195119857788086,12930195
2018-07-16,12.172367398766196,12.263376393952711,12.142032031396628,12.217872619628906,9601699
2018-07-17,12.172365864448373,12.248206443121001,12.10411021156624,12.157198905944824,10864615
2018-07-18,12.21028840314265,12.475729738403363,12.195119996204575,12.354385375976562,18237720
2018-07-19,12.422640048269118,12.65016180785446,12.38472047827433,12.6122407913208,17421915
2018-07-20,12.551569914392413,12.718419511383537,12.521234544555224,12.688082695007324,13680043
2018-07-23,12.665330360902242,12.78667472213517,12.551568756524844,12.70324993133545,12473401
2018-07-24,12.66533068483205,12.718418663411878,12.445393120385415,12.543986320495605,22969581
2018-07-25,12.513647814731781,12.551567381009416,12.324047090266149,12.392303466796875,17328610
2018-07-26,12.460561801088245,12.604658779352992,12.42264078231386,12.55915355682373,12653651
2018-07-27,12.597074153922186,12.612241114385283,12.43022456997795,12.452977180480957,8531894
2018-07-30,12.45297642949139,12.77908992767334,12.45297642949139,12.77908992767334,20110052
2018-07-31,12.779089558659587,12.862512896652902,12.718417382601366,12.771505355834961,11329167
2018-08-01,12.817010241916071,12.832178648885675,12.680497472267463,12.72600269317627,14045953
2018-08-02,12.665329348925415,12.908018052000118,12.460560213254093,12.604657173156738,26616882
2018-08-03,12.604657965438431,12.801841464176766,12.52123317606069,12.71841812133789,18884850
2018-08-06,12.779089941441093,12.80942530710947,12.422639630700598,12.4378080368042,21004088
2018-08-07,12.483312173721831,12.589489573013976,12.437808400618836,12.513648986816406,15356045
2018-08-08,12.52123320458619,12.581905384306715,12.301295649012499,12.308879852294922,18196080
2018-08-09,12.293712229532584,12.498481391596767,12.210288881184885,12.422640800476074,17543102
2018-08-10,12.399888038635254,12.513648187394724,12.354384268439219,12.399888038635254,8541905
2018-08-13,12.399889202512849,12.49089675144706,12.233039618568613,12.452977180480957,15302707
2018-08-14,12.483311811355051,12.483311811355051,12.21787193717707,12.369551658630371,16001387
2018-08-15,12.324048853196228,12.35438566778894,12.22545709884779,12.233039855957031,10138829
2018-08-16,12.172367398766196,12.324048575230753,12.066191443164351,12.217872619628906,14220635
2018-08-17,12.248208263253387,12.369552628546359,12.172367673310546,12.233039855957031,15388747
2018-08-20,12.293711274245661,12.627408981323242,12.248207501724714,12.627408981323242,25365991
2018-08-21,12.650161965865015,12.665330372667944,12.490896587512037,12.566737174987793,11132522
2018-08-22,12.528817026886978,12.536401229938779,12.354384696312042,12.4378080368042,12827353
2018-08-23,12.407471870269196,12.452975639104036,12.293710278373998,12.324047088623047,10440683
2018-08-24,12.30887911427354,12.361967087528566,12.149615194508456,12.293710708618164,10825323
2018-08-27,12.210287370591171,12.346800128411973,12.210287370591171,12.293710708618164,13180237
2018-08-28,12.308879787924376,12.422639943488079,12.293711381438852,12.346800804138184,10365643
2018-08-29,12.308879425143758,12.384720008797258,12.172366663875222,12.202703475952148,15200045
2018-08-30,12.217872098564383,12.270960074101225,12.187535285949707,12.187535285949707,9434411
2018-08-31,12.195118311087684,12.225455120771906,11.990349908604644,11.997933387756348,27842539
2018-09-03,12.005519196589805,12.195119942869834,12.005519196589805,12.104111671447754,16557791
2018-09-04,12.126863624442393,12.248207986998475,12.088943330326254,12.217872619628906,10468112
2018-09-05,12.179951323085156,12.217872339601618,12.035855076669783,12.051023483276367,9913272
2018-09-06,12.020685995019514,12.081358167849256,11.982765706183589,11.997933387756348,8224457
2018-09-07,12.020687031406226,12.058606600242108,11.891758472209862,11.906926155090332,10437300
2018-09-10,11.914509850124489,11.93726173510975,11.71732491820054,11.823501586914062,11306162
2018-09-11,11.823501664380434,11.937261813321467,11.709740792170013,11.73249340057373,9429066
2018-09-12,11.679406139418656,11.891759504331343,11.65665425148854,11.884175300598145,11861394
2018-09-13,11.914510800068058,12.005519070534572,11.85383861975705,11.960015296936035,10181885
2018-09-14,11.997934793526875,11.997934793526875,11.853838546990149,11.914510726928711,6424191
2018-09-17,11.89175825661241,11.990350724990938,11.846253762257167,11.922094345092773,9655242
2018-09-18,11.869005569648147,12.020686734320607,11.869005569648147,12.013102531433105,10323679
2018-09-19,12.02826976776123,12.088941942071878,11.922093824352281,12.02826976776123,11153010
2018-09-20,12.028270717304217,12.119278985954619,12.013103034163862,12.096527099609375,7540565
2018-09-21,12.12686331313335,12.308879852294922,12.058606930130402,12.308879852294922,13475008
2018-09-25,12.255791508664194,12.339216295732522,12.225456142982235,12.301295280456543,7594611
2018-09-26,12.270960807800293,12.399889376043816,12.225457032696383,12.270960807800293,13801604
2018-09-27,12.34680165589434,12.437809208008005,12.248208453475751,12.422640800476074,13788516
2018-09-28,12.437809208008005,12.47573022683783,12.377137024419243,12.422640800476074,11178894
2018-10-08,12.217870924237104,12.30887846025621,12.088941652825099,12.134446144104004,19924787
2018-10-09,12.058606594310998,12.195119356515159,11.99793441628013,12.043438911437988,14174097
2018-10-10,12.058606968358907,12.119279148271776,11.929678405226701,11.982767105102539,12177940
2018-10-11,11.906926323084715,12.013102997823708,11.618733111595526,11.65665340423584,34567993
2018-10-12,11.777997171345797,11.861421955624216,11.626316731661476,11.664237022399902,24772953
2018-10-15,11.717325504789052,11.929678129577436,11.679405212402344,11.679405212402344,19155067
2018-10-16,11.717324918251713,11.8235015869657,11.603564770055527,11.755245208740234,18416867
2018-10-17,11.823500934610212,12.096525709178687,11.815916732277087,11.990349769592285,24817379
2018-10-18,12.020685921488043,12.035853602968022,11.717324335925671,11.762828826904297,15897190
2018-10-19,11.755245991947204,12.058606889528392,11.679405405917192,12.005518913269043,26509976
2018-10-22,11.982766863686589,12.29371123702339,11.982766863686589,12.187535285949707,27311793
2018-10-23,12.134446885850695,12.195119062418396,11.937261950370965,11.944846153259277,20713355
2018-10-24,11.96001580285384,12.11169626004756,11.8538391211835,11.975183486938477,11787101
2018-10-25,11.891757309069668,12.03585353705236,11.755244560150759,11.990349769592285,16632689
2018-10-26,11.982766076524717,12.172366080025451,11.89175781446739,12.142030715942383,23451736
2018-10-29,12.21028861316775,12.293711959684297,11.800751021298256,11.831087112426758,24931940
2018-10-30,11.975183876050531,11.98276807997402,11.815919210004738,11.8462553024292,16218002
2018-10-31,11.869006822072516,11.906927117242002,11.777998547627432,11.83867073059082,18996778
2018-11-01,11.899341444673361,11.922094052928104,11.679404627763189,11.755245208740234,31082110
2018-11-02,11.800751158690806,11.853839137966405,11.641486497594542,11.83867073059082,51012560
2018-11-05,11.80833259124052,11.80833259124052,11.671820564882326,11.694572448730469,33873706
2018-11-06,11.679405678244697,11.679405678244697,11.36087636672262,11.459468841552734,37053163
2018-11-07,11.49738950483119,11.535309799948653,11.38362934274827,11.467053413391113,19483451
2018-11-08,11.542894075026163,11.558061759205287,11.413965504790964,11.512557983398438,15634281
2018-11-09,11.467053918776596,11.5201419003191,11.034764415885913,11.110604286193848,49490776
2018-11-12,11.065100589096527,11.17127655295334,10.98167579090102,11.087852478027344,28279708
2018-11-13,11.0120121047976,11.11060386008986,10.951339198300822,11.072684288024902,25346121
2018-11-14,11.07268467823455,11.247117030342803,10.905835806844852,10.943756103515625,34958846
2018-11-15,10.936171150300376,11.07268391965499,10.936171150300376,11.065099716186523,17338953
2018-11-16,11.095435511089127,11.103019714355469,10.966506948639024,11.103019714355469,19360790
2018-11-19,11.133356600015283,11.178860376327298,11.087852100433786,11.148524284362793,20091356
2018-11-20,11.110602830177466,11.140938918979073,10.958922386169434,10.958922386169434,15703118
2018-11-21,10.905834486080709,11.04234724825515,10.88308260014144,11.004426956176758,9031341
2018-11-22,11.042347762539913,11.049931242693253,10.921002677583674,10.951338768005371,9419448
2018-11-23,10.928586753767664,10.958922843836167,10.761737896756179,10.807242393493652,18387264
2018-11-26,10.88308231155862,11.004426664376293,10.81482593228133,10.974090576171875,16556310
2018-11-27,10.974092196198342,11.08785236294116,10.913420010832906,10.943756103515625,18583646
2018-11-28,10.989257810821982,11.027178100349586,10.852745781099728,10.921001434326172,12988095
2018-11-29,10.951338266822177,10.966506672973575,10.799657821655273,10.799657821655273,17878700
2018-11-30,10.799656657853463,11.09543403650717,10.79207245559506,10.883081436157227,23030093
2018-12-03,11.087852100433786,11.186444580135795,11.034764120313275,11.148524284362793,25580605
2018-12-04,11.148524284362793,11.216780672100299,11.10302050805078,11.148524284362793,10852845
2018-12-05,11.072683472621797,11.140939131273994,11.049930863134975,11.080266952514648,12933505
2018-12-06,10.996843217353707,11.049931194542985,10.716234201358393,10.784490585327148,31660500
2018-12-07,10.769320572089185,10.890664915146294,10.769320572089185,10.883081436157227,11095378
2018-12-10,10.776905855781372,10.91341861705398,10.776905855781372,10.890666007995605,16616098
2018-12-11,10.883082097434217,10.898249779603304,10.807241516780635,10.85274600982666,11499541
2018-12-12,10.943755560898424,11.133356311581933,10.921002950062388,11.11818790435791,25401274
2018-12-13,11.118186008539453,11.459467156922294,11.08784992253363,11.322955131530762,28686275
2018-12-14,11.300203399206145,11.497388335140709,11.269867310852321,11.345707893371582,19656913
2018-12-17,11.429131290414565,11.459467377002996,11.307786944060839,11.376043319702148,16287930
2018-12-18,11.322956796092878,11.565645519816576,11.322956796092878,11.459468841552734,23709445
2018-12-19,11.482220860452546,11.679405076687189,11.459468251323255,11.603565216064453,22685532
2018-12-20,11.595982644749531,11.656654831092968,11.338125491155166,11.504974365234375,20802744
2018-12-21,11.482220494778716,11.664237022399902,11.444300204040289,11.664237022399902,25192220
2018-12-24,11.535309871301862,11.618733942460738,11.38362941316324,11.512557983398438,16484357
2018-12-25,11.429132162420279,11.63390130496743,11.429132162420279,11.603565216064453,12987994
2018-12-26,11.588395213457408,11.808332008520884,11.550474926735571,11.77041244506836,17352632
2018-12-27,11.717324552193382,11.929677159717912,11.656652378614947,11.815917015075684,21594328
2018-12-28,11.83108628832995,12.043438911437988,11.815917882187524,12.043438911437988,25395639
2019-01-02,11.975181427088698,11.982765629461193,11.467051440441017,11.694572448730469,30533408
2019-01-03,11.59598077887855,11.808333396911621,11.580813096368027,11.808333396911621,15828971
2019-01-04,11.793166467325491,11.793166467325491,11.497389045158016,11.618733406066895,24112734
2019-01-07,11.793165875981295,11.793165875981295,11.49738846864497,11.558060646057129,19511427
2019-01-08,11.52772519567943,11.838670302952151,11.52772519567943,11.800750732421875,20029889
2019-01-09,11.869004610656262,11.937260984590012,11.7324925860581,11.740076065063477,12544216
2019-01-10,11.785581670724644,11.785581670724644,11.558060643838033,11.626317024230957,13879226
2019-01-11,11.62631709925954,11.694573480092945,11.542893035612828,11.671821594238281,9200273
2019-01-14,11.641484627440299,11.694572598187543,11.52013955773761,11.580812454223633,11661736
2019-01-15,11.588396944635894,11.679405212402344,11.542893172387378,11.679405212402344,6405914
2019-01-16,11.686987669626458,11.808332008520884,11.626315500179244,11.77041244506836,10255328
2019-01-17,11.800750956845436,11.800750956845436,11.671822389436118,11.717326164245605,8250736
2019-01-18,11.800749914728335,11.975182241543129,11.75524542066786,11.944846153259277,17360519
2019-01-21,11.906925128511736,12.005517590177403,11.906925128511736,11.997933387756348,8692363
2019-01-22,12.020685855655449,12.051021941718613,11.944845278862868,11.990349769592285,10203280
2019-01-23,11.982767309551647,12.111695874883623,11.96759890267991,12.104111671447754,9663368
2019-01-24,12.111695506019155,12.157200001979069,11.997934627754082,12.096527099609375,11391825
2019-01-25,12.134447100266597,12.179950871861728,12.058606516582167,12.066190719604492,8404866
2019-01-28,12.104111011446706,12.187535074884051,11.975182453144821,12.066190719604492,15770246
2019-01-29,12.035854411830496,12.354384423548815,12.01310252644683,12.286128044128418,16177610
2019-01-30,12.354385011880733,12.354385011880733,12.195119636802453,12.278544425964355,9277458
2019-01-31,12.369550860738158,12.460559844970703,12.301294484198431,12.460559844970703,15735763
2019-02-01,12.49089557902732,12.513648187394724,12.36196702468958,12.399888038635254,9404449
2019-02-11,12.29371107463431,12.452976445679921,12.29371107463431,12.369551658630371,13485206
2019-02-12,12.399887669360147,12.43022303307451,12.270959118861969,12.392303466796875,18864692
2019-02-13,12.407473254953032,12.46814543568346,12.255792079857518,12.430224418640137,24561986
2019-02-14,12.384718525230836,12.452974897688668,12.331630556994444,12.377134323120117,16330470
2019-02-15,12.369550335359822,12.415055548812694,12.308878163961328,12.361966133117676,12293507
2019-02-18,12.415056074486694,12.422638830511236,12.278543321425241,12.392303466796875,28236985
2019-02-19,12.361966654895625,12.377135060020148,12.25579071210142,12.324047088623047,26642173
2019-02-20,12.324048627642673,12.339217034661418,12.24820803908786,12.3164644241333,11226119
2019-02-21,12.308879796940928,12.361967773140288,12.187535438045575,12.210288047790527,17472576
2019-02-22,12.210287461823667,12.286128044128418,12.096526588366538,12.286128044128418,15926929
2019-02-25,12.278545268539613,12.422640800476074,12.179952066121023,12.422640800476074,48614667
2019-02-26,12.361967764084847,12.513648935862358,12.33163239765266,12.346800804138184,33460430
2019-02-27,12.369551661414478,12.422639636262025,12.270959914774584,12.301295280456543,26350880
2019-02-28,12.301293961719184,12.361966133117676,12.24062179032069,12.361966133117676,19789796
2019-03-01,12.354385593178872,12.37713675744707,12.217872821413968,12.339217185974121,20418173
2019-03-04,12.331631660461426,12.422639200856366,12.27854368747458,12.331631660461426,43383698
2019-03-05,12.33921497292991,12.42263830451617,12.316462366203474,12.361966133117676,30866581
2019-03-06,12.377136202576718,12.877682045582478,12.324048226278965,12.786674499511719,47203702
2019-03-07,12.809426045161441,12.832178655627798,12.528817748770892,12.657746315002441,31972476
2019-03-08,12.589488829073227,12.695664775552334,12.452976071292216,12.634992599487305,30344853
2019-03-11,12.566736810250141,12.627408989162015,12.407472883058539,12.490896224975586,27332997
2019-03-12,12.475728619987825,12.612239930575925,12.346800065650084,12.399888038635254,37772272
2019-03-13,12.369553105370315,12.39230571719192,12.134448569369695,12.164785385131836,39643313
2019-03-14,12.164784628867325,12.384720743313812,12.142032018460213,12.354385375976562,24335474
2019-03-15,12.301295584681613,12.437808349973603,12.270960218249428,12.346800804138184,17648323
2019-03-18,12.354385254425502,12.771506315346333,12.354385254425502,12.70324993133545,30143359
2019-03-19,12.688081876893673,12.991442788400304,12.665330712617505,12.847347259521484,22721190
2019-03-20,12.779089558659587,12.847345937542432,12.695664774127492,12.771505355834961,16861320
2019-03-21,12.817009126243931,12.900433910776027,12.72600158542599,12.771505355834961,19103811
2019-03-22,12.779088981126232,12.983858108520508,12.748752171198761,12.983858108520508,20561236
2019-03-25,12.90801870100346,13.04453146498141,12.756337530685993,12.832178115844727,21917057
2019-03-26,12.892850350873857,12.968690936363238,12.817009765384475,12.930769920349121,17911860
2019-03-27,12.91560172306638,12.961105491384851,12.680495785920407,12.710832595825195,15194420
2019-03-28,12.68049767328864,12.953523216914073,12.551569105080956,12.847347259521484,18805022
2019-03-29,12.801841828292051,12.839762845696345,12.65016209829159,12.794259071350098,31274495
2019-04-01,12.854931898827044,12.999027432589786,12.756338695158874,12.817010879516602,35969525
2019-04-02,12.832178115844727,12.839762319014485,12.726002164545807,12.832178115844727,22613440
2019-04-03,12.779089036808655,12.839761210389247,12.710832660713148,12.80942440032959,21899589
2019-04-04,12.786674194318197,12.801841153942075,12.695665203880786,12.741168975830078,22019954
2019-04-08,12.741168765599955,12.779089780381023,12.513648463068773,12.551568031311035,39491401
2019-04-09,12.551568708849565,12.6274092959668,12.460561161539992,12.536401748657227,28080537
2019-04-10,12.55156913595511,12.665330743771488,12.468145789172413,12.574321746826172,25684784
2019-04-11,12.58948977349694,12.726002541518707,12.58190557010252,12.70324993133545,25323329
2019-04-12,12.703248091719068,12.832176637675675,12.672911282534605,12.801839828491211,23002261
2019-04-15,12.877681838493665,12.877681838493665,12.589489351852265,12.597073554992676,30630056
2019-04-16,12.597074127012462,12.741169653606965,12.528817742188156,12.72600269317627,20805618
2019-04-17,12.741169653606965,12.786674874515773,12.695665879237065,12.72600269317627,16976458
2019-04-18,12.726002329304677,12.76392189910555,12.627409133360219,12.650161743164062,13141512
2019-04-19,12.680497105012162,12.733586527868182,12.619824925429858,12.71841812133789,10258860
2019-04-22,12.71841812603673,12.771506102373499,12.642577539896115,12.650161743164062,18093390
2019-04-23,12.718418489691468,12.76392226406137,12.665330511836766,12.72600269317627,15355483
2019-04-24,12.779089558659587,12.801840720594681,12.695664774127492,12.771505355834961,14257661
2019-04-25,12.771506315346333,12.78667472213517,12.672913117757773,12.70324993133545,16611969
2019-04-26,12.66533096285305,12.763922718588535,12.543986595852934,12.55915355682373,17896455
2019-05-06,12.66532962163633,12.824593544006348,12.574320632754315,12.824593544006348,32177273
2019-05-07,12.786673761484211,12.90801811360065,12.688080571302866,12.771505355834961,19077409
2019-05-08,12.73358632205145,12.77909009436797,12.498480364248607,12.528817176818848,25547131
2019-05-09,12.4757290520632,12.566736595607155,12.415056874187622,12.4378080368042,16056293
2019-05-10,12.437808551443156,12.56673711558079,12.415057387885206,12.536401748657227,14300192
2019-05-13,12.506064783542762,12.574321166466689,12.44539260389248,12.513648986816406,9005451
2019-05-14,12.422639630700598,12.566736595607155,12.369551655876819,12.4378080368042,30482706
2019-05-15,12.422638094951337,12.468143307636556,12.384718530918967,12.445390701293945,21012872
2019-05-16,12.422639775840914,12.604657758133087,12.392304409818113,12.597073554992676,20430370
2019-05-17,12.589490371843238,12.627409944078666,12.521233984588303,12.55915355682373,12953315
2019-05-20,12.581904781795577,12.77908971807938,12.422639413569168,12.521232604980469,23675346
2019-05-21,12.506065138304535,12.718418496373822,12.445392956933155,12.657746315002441,13114074
2019-05-22,12.665328526777168,12.85492924456402,12.589487950354693,12.801839828491211,19302724
2019-05-23,12.763922899020962,12.885267267736417,12.741170287434697,12.817010879516602,19012531
2019-05-24,12.88526667234285,12.961107260920363,12.82459449078862,12.892850875854492,18311994
2019-05-27,12.915602099048304,13.029362246425471,12.779089343580202,12.85492992401123,18530193
2019-05-28,12.854932864964871,13.105205825067628,12.8170118428044,13.052116394042969,49748842
2019-05-29,12.923187734469098,13.143123850909578,12.862514106166714,13.059699058532715,20968527
2019-05-30,13.112788865181603,13.4389009475708,13.052115235112216,13.4389009475708,33460576
2019-05-31,13.461651278279056,13.552660261426146,13.340306931775412,13.431314468383789,21923281
2019-06-03,13.423733190799727,13.545077550666983,13.279636221005283,13.393396377563477,21303021
2019-06-04,13.423732389581229,13.446483551611601,13.256882819818301,13.347891807556152,20099718
2019-06-05,13.431316855911986,13.44648526355593,13.279637119089454,13.294805526733398,12065394
2019-06-06,13.347893137251386,13.42373372683158,13.279636751283107,13.28722095489502,15260080
2019-06-10,13.385811008571215,13.878772608420482,13.34030723921834,13.613332748413086,22887704
2019-06-11,13.658836949470343,13.78776550549406,13.598164772902642,13.651252746582031,21706223
2019-06-12,13.651252747870661,13.651252747870661,13.4768204210394,13.582996368408203,14615128
2019-06-13,13.582997494208225,13.590581697725854,13.370644135331338,13.400980949401855,19802704
2019-06-14,13.446485111204673,13.47682192614884,13.165876805665903,13.272052764892578,26880550
2019-06-17,13.294802515955503,13.408562654444708,13.241713101224475,13.340306282043457,15626527
2019-06-18,13.393394625105541,13.438898392467106,13.317554048477144,13.416147232055664,10900026
2019-06-19,13.545076740207161,13.567827902234177,13.408563981889923,13.484404563903809,16158374
2019-06-20,13.491990926231168,13.727095466219168,13.438901497747024,13.636086463928223,21113068
2019-06-21,13.651254322503352,13.666422730031039,13.36306181217209,13.370644569396973,26658994
2019-06-24,13.370642229523698,13.43889860491441,13.287218895798489,13.332722663879395,20474990
2019-06-25,13.355477391375961,13.454069145625851,13.294805208790121,13.385812759399414,23501428
2019-06-26,13.378227596313474,13.545077171362799,13.34789223046558,13.522324562072754,15755042
2019-06-27,13.545077388160669,13.5754127544941,13.454068396082667,13.507156372070312,16488781
2019-06-28,13.507155418962423,13.643668174177224,13.423732082527962,13.575411796569824,12315569
2019-07-01,13.643669136917888,13.651253340135959,13.47682100573688,13.507156372070312,28004889
2019-07-02,13.507153667789291,13.56782583484777,13.461649904130072,13.529906272888184,28454641
2019-07-03,13.529907097485976,13.909108526347044,13.476819128891613,13.84843635559082,31755520
2019-07-04,13.833267737414808,13.954612077051362,13.765011365551917,13.863604545593262,17737335
2019-07-05,13.893940864605364,13.9546130386043,13.772596516607488,13.931861877441406,14742754
2019-07-08,13.840855182532522,13.901527366566995,13.52232585471679,13.734679222106934,22971903
2019-07-09,13.765010739422474,13.772594941122104,13.49956946608966,13.529906272888184,15850150
2019-07-10,13.575412164237706,13.666421152358655,13.469236216878926,13.651252746582031,11823531
2019-07-11,13.719509336107677,13.856022097109953,13.666421361615418,13.840853691101074,16203751
2019-07-12,13.82568571757956,13.901526303457539,13.742262374998756,13.810517311096191,15276077
2019-07-15,13.85602321081573,13.901526985961008,13.575413463252165,13.795351028442383,16257687
2019-07-16,13.82568677488916,13.901527366566995,13.67400703807246,13.734679222106934,12779412
2019-07-17,13.772599013159454,13.78776742104344,13.651254643165545,13.719511032104492,15412599
2019-07-18,13.77467275662245,14.137164936027242,13.640708484261243,13.963798522949219,30017980
2019-07-19,13.987438167811003,14.152922630310057,13.96379688615208,14.152922630310059,17798660
2019-07-22,14.184445221085188,14.342050769201295,14.074122239226654,14.3341703414917,23515194
2019-07-23,14.302649365470169,14.420852781111149,14.19232637794365,14.34205150604248,13451810
2019-07-24,14.39721343643261,14.412974293139516,14.279010017206852,14.32629108428955,11687531
2019-07-25,14.18444606332963,14.365691402298614,14.14504542548002,14.357810974121094,12691292
2019-07-26,14.279009089549445,14.625738896347439,14.279009089549445,14.578457832336426,17987101
2019-07-29,14.60209768621869,14.93306810796743,14.60209768621869,14.814863204956055,21169836
2019-07-30,14.814862998419997,14.940946823705787,14.751821085777102,14.767581939697266,11654533
2019-07-31,14.696660980753762,14.76758332701945,14.657260345289668,14.751822471618652,14279706
2019-08-01,14.665138966579974,14.909426183050126,14.657258539850265,14.783342361450195,14884713
2019-08-02,14.665139269762106,14.862145432964551,14.46813310655966,14.806983947753906,15471504
2019-08-05,14.64937916904774,14.73606236628496,14.342050019625338,14.381450653076172,25033886
2019-08-06,14.19232447029317,14.633617864121108,14.105641275723517,14.452372550964355,22711299
2019-08-07,14.476011181514075,14.673017312708652,14.405088854041027,14.444489479064941,16291897
2019-08-08,14.562694484963734,14.988228497367382,14.483891723069984,14.909425735473633,25626887
2019-08-09,14.870024896596988,14.925186378234347,14.728180227793695,14.862144470214844,15484426
2019-08-12,14.775463624413492,14.893667032801224,14.665140643656661,14.791224479675293,16703374
2019-08-13,14.783342054845297,14.783342054845297,14.602096752934118,14.759700775146484,16077522
2019-08-14,14.7754611917382,14.917305859664909,14.704538857774846,14.830622673034668,15742688
2019-08-15,14.720300228762518,14.854264475072839,14.649377892301898,14.846384048461914,16077085
2019-08-16,14.86214676891109,15.011870384216309,14.736062933370969,15.011870384216309,18919584
2019-08-19,15.027631425194032,15.484685710436672,14.925188871190466,15.382243156433105,26004110
2019-08-20,15.287678610463871,15.429523294454707,14.862146061529172,14.89366626739502,30603600
2019-08-21,14.94094809554874,15.035511724081655,14.759702769151692,14.791224479675293,22781197
2019-08-22,14.901546399687655,14.901546399687655,14.625737464390744,14.814863204956055,21302603
2019-08-23,14.814863498173688,14.940947327712696,14.736062231990164,14.89366626739502,24389792
2019-08-26,14.877904990982168,15.059151805962125,14.665139474068091,14.854265213012695,24266796
2019-08-27,14.940947682276022,15.271918118429623,14.862146414222467,15.114314079284668,57422784
2019-08-28,15.130073036382242,15.14583238619359,14.933066884882669,15.003989219665527,24580958
2019-08-29,15.003989363085669,15.035509566047317,14.720300021242506,14.799102783203125,23133723
2019-08-30,14.87790449222289,14.885784918961122,14.633617275488522,14.673019409179688,16410637
2019-09-02,14.625739044653812,14.704541820829851,14.460254567418279,14.483894348144531,32398900
2019-09-03,14.468132938971516,14.759701215432688,14.468132938971516,14.6887788772583,23359006
2019-09-04,14.720299948454802,14.775461430643176,14.444491034475263,14.602096557617188,23752174
2019-09-05,14.57845657384202,14.688779548023325,14.460253172499508,14.554815292358398,35314284
2019-09-06,14.570578637893519,14.657261848449707,14.483895427337329,14.657261848449707,17095253
2019-09-09,14.704539838400233,14.704539838400233,14.5626951610141,14.609977722167969,25970815
2019-09-10,14.633617911994316,14.712420679766549,14.523294938935859,14.704540252685547,20560983
2019-09-11,14.712421850899993,14.712421850899993,14.594218441351344,14.696660995483398,21286760
2019-09-12,14.704540106042389,14.862145640015108,14.641498193060853,14.854265213012695,23380537
2019-09-16,14.854266871351347,14.996111567154864,14.775464095567402,14.9724702835083,19622267
2019-09-17,14.972469983474799,14.988230838923341,14.539056979905162,14.58633804321289,27394812
2019-09-18,14.609977784551461,14.870025859857178,14.562695223195698,14.806983947753906,15177420
2019-09-19,14.791224624945057,14.846386115865233,14.602098869059642,14.696660995483398,12668376
2019-09-20,14.767583483958278,14.870027542114258,14.617858362135339,14.870027542114258,26269777
2019-09-23,14.80698664102461,14.814865566312605,14.625739795602342,14.743943214416504,13952932
2019-09-24,14.73606482640859,14.972471672656358,14.649381614699976,14.956710815429688,22065123
2019-09-25,14.956708161757419,14.956708161757419,14.507534331757835,14.53117561340332,34868710
2019-09-26,14.641498062817568,14.68877912137369,14.444491898623015,14.515414237976074,26200669
2019-09-27,14.51541641544672,14.562697481095517,14.19232637794365,14.34205150604248,20640605
2019-09-30,14.302648314079743,14.51541534841575,14.286887459009403,14.365690231323242,16455093
2019-10-08,14.334172220916592,14.704543353601382,14.302650505945241,14.641501426696777,25516090
2019-10-09,14.60209785532564,14.673020196738706,14.51541465959016,14.554815292358398,12411153
2019-10-10,14.53117405618911,14.53117405618911,14.263245571737036,14.373568534851074,29766572
2019-10-11,14.381450513649899,14.53117562477958,14.302647744474392,14.476014137268066,20313115
2019-10-14,14.491774065810239,14.546935555518566,14.310528741614915,14.365690231323242,34011727
2019-10-15,14.38145030157953,14.38145030157953,14.089880510841018,14.10564136505127,37767170
2019-10-16,14.097761382956289,14.208085862872768,13.948037772346078,14.034719467163086,21275365
2019-10-17,14.058361356687328,14.168684338333039,13.987439010475688,14.082002639770508,13811511
2019-10-18,14.082002261874374,14.129283323734029,13.814073739606565,13.971677780151367,30118440
2019-10-21,13.892875719479148,13.971678495304069,13.719510815094672,13.727391242980957,23943631
2019-10-22,13.798312265127882,13.89287438460157,13.617066950271825,13.884995460510254,18831054
2019-10-23,13.869234584984,14.003198839897783,13.853473730749958,13.995318412780762,16691394
2019-10-24,14.018959694131826,14.097760959226463,13.93227649888238,13.995318412780762,13319645
2019-10-25,14.026839877545395,14.026839877545395,13.774672199312171,14.018960952758789,19551103
2019-10-28,13.987438635117206,14.137163751216947,13.940157573257551,13.971677780151367,13653117
2019-10-29,13.987439114706856,13.987439114706856,13.743151866511885,13.790432929992676,15384153
2019-10-30,13.790429637052918,13.963794497110923,13.766788359438738,13.86135196685791,14412776
2019-10-31,13.91651593565916,14.074121475219727,13.869234875006118,14.074121475219727,17666332
2019-11-01,14.074120639034533,14.121401696878467,13.979557020308935,14.089879989624023,16187516
2019-11-04,14.137163366915855,14.231725488064614,14.09776123057236,14.184444427490234,14090988
2019-11-05,14.208086432864054,14.31840941416857,14.121403231531708,14.24748706817627,17251768
2019-11-06,14.286887921001881,14.286887921001881,14.200206221387727,14.239606857299805,10905112
2019-11-07,14.200206180989635,14.223845961254463,13.9953195681463,14.042600631713867,15754624
2019-11-08,14.08988080330366,14.231725488064614,14.018959963960999,14.184444427490234,17452345
2019-11-11,14.145043794184554,14.239605915333312,14.074121451804078,14.184444427490234,17068764
2019-11-12,14.208087167300787,14.310529726230687,14.160804598836553,14.25536823272705,12934751
2019-11-13,14.22384623476482,14.279009230198605,14.113523249973126,14.176565170288086,11416913
2019-11-14,14.231725641896574,14.263247351312092,14.026839039809207,14.034719467163086,12913872
2019-11-15,14.09775986041677,14.247484957894702,14.01107817496127,14.145042419433594,16776182
2019-11-18,14.145044729895652,14.2632481406698,14.06624195503358,14.239606857299805,10549931
2019-11-19,14.200206221387727,14.310529204371877,14.18444536580773,14.239606857299805,11089475
2019-11-20,14.215967896116105,14.373571951883745,14.20020703962794,14.279009819030762,15125775
2019-11-21,14.239605915333312,14.318408684982488,14.152922718415438,14.184444427490234,14043271
2019-11-22,14.129282646366647,14.176563705959616,14.026838597037798,14.10564136505127,19060250
2019-11-25,14.113522789536646,14.334170254959616,14.089881506550576,14.302648544311523,16863823
2019-11-26,14.34204988058105,14.483893061451592,14.184444342230037,14.476014137268066,51867690
2019-11-27,14.35781079165695,14.35781079165695,14.192326311146042,14.25536823272705,16784828
2019-11-28,14.23960767781035,14.294769172480924,14.208087467872023,14.279009819030762,9960861
2019-11-29,14.239606107671262,14.302648023634562,14.137163557870087,14.286887168884277,12602173
2019-12-02,14.192324649275871,14.318408477673925,14.097761026458432,14.137163162231445,16158711
2019-12-03,14.168682195904335,14.184443048909943,14.113520713422378,14.145042419433594,9856954
2019-12-04,14.215965930739678,14.215965930739678,14.050479966568611,14.137163162231445,10437335
2019-12-05,14.129282963154578,14.160803169244,14.026838911528865,14.074121475219727,17048989
2019-12-06,14.105641810310168,14.113522237664048,13.91651606293056,14.034719467163086,18967264
2019-12-09,14.058362723182128,14.137165504747914,13.971679513155957,14.121404647827148,12312428
2019-12-10,14.097760731703914,14.145043293642953,14.026838391833122,14.05836009979248,11937601
2019-12-11,14.105641657841058,14.192324854758933,14.05048016999798,14.184444427490234,15091305
2019-12-12,14.239605307496152,14.539055518773011,14.208085102804654,14.515414237976074,27769360
2019-12-13,14.562696760040074,14.814864435065164,14.476015061148889,14.58633804321289,44525015
2019-12-16,14.609977474696922,14.901545748351703,14.59421662124593,14.83850383758545,28193096
2019-12-17,14.830625114791907,14.885786605170322,14.720302134035077,14.791224479675293,18947370
2019-12-18,14.814864362126947,14.814864362126947,14.436612851451564,14.499654769897461,26588192
2019-12-19,14.49965412052921,14.594217745481963,14.412972425946833,14.523295402526855,15007654
2019-12-20,14.444493612361816,14.531176815863859,14.373571264594313,14.412973403930664,15737711
2019-12-23,14.476013100466734,14.491772450742872,14.279006943156851,14.38932991027832,12523204
2019-12-24,14.381452143576814,14.381452143576814,14.279009584164758,14.34205150604248,9272917
2019-12-25,14.357810049480785,14.357810049480785,14.200206005194032,14.24748706817627,11489882
2019-12-26,14.113524027860374,14.357811294665343,14.113524027860374,14.32629108428955,13508398
2019-12-27,14.279008850562432,14.349929693872989,14.26324799514324,14.3341703414917,15405803
2019-12-30,14.302647744474392,14.546934976184435,14.271127538626875,14.476014137268066,19115762
2019-12-31,14.499655203987327,14.515416059830123,14.389332219163636,14.483894348144531,12076986
2020-01-02,14.554815292358398,14.657259342416292,14.49177337810654,14.554815292358398,19128492
2020-01-03,14.578456866598986,14.696660270315196,14.539056233039524,14.633618354797363,15438377
2020-01-06,14.609980049782292,14.66514154354555,14.223846587363521,14.34205150604248,41550582
2020-01-07,14.357810121582585,14.389331832420966,14.26324799514324,14.3341703414917,23210668
2020-01-08,14.223845481872559,14.223845481872559,14.223845481872559,14.223845481872559,26440991
2020-01-09,14.279009516959167,14.28688844199857,14.160804598836553,14.25536823272705,22783272
2020-01-10,14.239605915333312,14.279008051676808,14.168683572952835,14.184444427490234,21789472
2020-01-13,14.239606857299805,14.239606857299805,14.239606857299805,14.239606857299805,22600048
2020-01-14,14.32629108428955,14.32629108428955,14.32629108428955,14.32629108428955,24428843
2020-01-15,14.294769106338391,14.35781102896135,14.168685261092474,14.192326545715332,21077296
2020-01-16,14.200203895568848,14.247484951526868,14.145042413111547,14.200203895568848,14824270
2020-01-17,14.097760433626336,14.192324052467232,13.940156406275152,13.979557037353516,38758259
2020-01-20,14.01896072125326,14.137164130593362,13.892875381180868,14.082002639770508,24809048
2020-01-21,13.995319669285204,14.074122444492566,13.95591753016256,14.018960952758789,16378934
2020-01-22,14.011078762001182,14.011078762001182,13.798311746623922,13.869234085083008,23808493
2020-01-23,13.782553139484246,13.84559506138605,13.467343529975231,13.51462459564209,35236838
2020-02-03,12.923604604073438,13.530383975571072,12.616275456214709,13.498862266540527,71860611
2020-02-04,13.388538418654253,14.02683795455503,13.372777565165908,13.640706062316895,31544099
2020-02-05,13.60130543163375,13.751030533697586,13.514622240485574,13.640706062316895,23123122
2020-02-06,13.751032092371302,13.751032092371302,13.57766569042394,13.743151664733887,19288954
2020-02-07,13.554024286029389,14.145042760657919,13.554024286029389,14.097760200500488,23702762
2020-02-10,13.932277810681748,14.05048122249098,13.861355462988623,13.892875671386719,15774796
2020-02-11,13.916515143043155,14.050479393128347,13.845592804584069,13.869234085083008,13079044
2020-02-12,13.853473663330078,13.861354090408748,13.703748554910911,13.853473663330078,15671592
2020-02-13,13.782550892957962,13.900754289377195,13.751030688663775,13.869234085083008,12350031
2020-02-14,13.829832470606515,13.900754811730675,13.758910129482356,13.884995460510254,9857564
2020-02-17,13.869233646753566,13.955915333101352,13.829831513833948,13.940155982971191,14494830
2020-02-18,13.88499612376309,13.9243967582529,13.79831292424007,13.806193351745605,12598724
2020-02-19,13.79831292424007,13.861354841246486,13.758910786712399,13.806193351745605,13894298
2020-02-20,13.790431837998778,13.916515665988886,13.751031205391039,13.884995460510254,14517585
2020-02-21,13.8377133417301,13.877115478639878,13.751031646604265,13.81407356262207,17869942
2020-02-24,13.782552953154013,13.814074665197754,13.695869748071688,13.719511032104492,17173530
2020-02-25,13.664348103449475,13.758910223569805,13.538264274597168,13.538264274597168,19210566
2020-02-26,13.435820157828859,13.506742499087363,13.388539098002452,13.396419525146484,32040301
2020-02-27,13.404301376182513,13.593427138616097,13.357020311333606,13.577666282653809,18545172
2020-02-28,13.459461745027657,13.585545576120921,13.317617059288276,13.420061111450195,27402279
2020-03-02,13.435819057537502,13.719508399339523,13.435819057537502,13.60130500793457,29042657
2020-03-03,13.648586341419232,13.932275688989789,13.648586341419232,13.845592498779297,23409959
2020-03-04,13.90863301904872,13.987435774725103,13.821951340538492,13.86135196685791,24047129
2020-03-05,13.900756600840296,13.987439807379308,13.853475535018099,13.963798522949219,26459347
2020-03-06,13.869234220774313,13.963796337619767,13.735269969378466,13.774670600891113,20378053
2020-03-09,13.554024756882727,13.884995174293795,13.412180077558304,13.751030921936035,36880969
2020-03-10,13.609186637549811,13.995318551895302,13.609186637549811,13.900754928588867,42178924
2020-03-11,13.995316200596497,14.011077052339283,13.806190488795705,13.86135196685791,17664235
2020-03-12,13.798311980698257,13.861353893393805,13.640706447440508,13.751030921936035,24377800
2020-03-13,13.443700584972891,13.632826327316307,13.364897816570354,13.396419525146484,46350510
2020-03-16,13.451582203361847,13.506743695217276,13.30185708044145,13.333378791809082,32306636
2020-03-17,13.286096561995992,13.593425705673917,13.286096561995992,13.34125804901123,35655016
2020-03-18,13.301856500831901,13.388539700277864,13.160013314971954,13.175772666931152,39957888
2020-03-19,13.120610495125206,13.223054544240492,12.758119867271805,12.892084121704102,37504843
2020-03-20,13.018170055538302,13.16789368533723,12.844803637609825,12.994528770446777,25714034
2020-03-23,12.74235950284783,13.120610999416746,12.655676304578263,13.018168449401855,23149127
2020-03-24,13.112729657956448,13.388538585284246,13.081209453625185,13.325496673583984,39793537
2020-03-25,13.47522259967377,13.47522259967377,13.270335998387758,13.420061111450195,25248623
2020-03-26,13.30973604538905,13.40429966606038,13.183652219852451,13.262454986572266,22871426
2020-03-27,13.317616246741736,13.372777731599747,13.223054130710208,13.325496673583984,19258533
2020-03-30,13.28609684111521,13.483103014901436,13.230935352941119,13.47522258758545,21155104
2020-03-31,13.490984235414393,13.687990420783517,13.45158209651782,13.624948501586914,14925355
2020-04-01,13.624947712736208,13.672228773636727,13.364898120188794,13.420061111450195,15777981
2020-04-02,13.364896722086998,13.680107769883762,13.364896722086998,13.60130500793457,10826519
2020-04-03,13.601306828316599,13.656468318152477,13.490983848644841,13.569785118103027,9093944
2020-04-07,13.743149896832778,13.743149896832778,13.561903090563355,13.593424797058105,12646615
2020-04-08,13.593427573834678,13.609188430301577,13.412182233579335,13.561905860900879,13834081
2020-04-09,13.561904193296442,13.561904193296442,13.412180584385275,13.443700790405273,7143370
2020-04-10,13.44370005268651,13.490982613678613,13.396418994732137,13.435819625854492,12450939
2020-04-13,13.404300977705363,13.498863104592077,13.404300977705363,13.48310375213623,7554491
2020-04-14,13.530385217804902,13.609187994578383,13.467343296993707,13.577666282653809,15833357
2020-04-15,13.561903013637886,13.64858620296907,13.427940270908142,13.451580047607422,10667206
2020-04-16,13.4121820361909,13.577666517543893,13.4121820361909,13.51462459564209,10597496
2020-04-17,13.51462278749,13.538264068679396,13.435820019896452,13.490983009338379,15844150
2020-04-20,13.483102720693056,13.506742499087363,13.396419525146484,13.396419525146484,15790009
2020-04-21,13.37277875043518,13.475222804151622,13.364898322992541,13.467342376708984,11237909
2020-04-22,13.45946213843127,13.569785118103027,13.412181076148785,13.569785118103027,12213824
2020-04-23,13.585544793264445,13.695867763354322,13.530383308219507,13.63282585144043,15129946
2020-04-24,13.63282673891277,13.829832914348145,13.609186959804742,13.81407356262207,13959846
2020-04-27,13.853474919927683,14.137164308341097,13.837714064340734,13.877116203308105,17453354
2020-04-28,13.861354372158326,14.074121398493832,13.758910321091092,13.987438201904297,14354178
2020-04-29,14.011080469721339,14.018960897514813,13.703749797927502,13.877116203308105,10922115
2020-04-30,13.798311980698257,13.908634952156026,13.695867933169392,13.751030921936035,16404315
2020-05-06,13.672228737140372,13.790432140595051,13.522503624477608,13.585545539855957,25305238
2020-05-07,13.538264515220403,13.538264515220403,13.396419829481022,13.420061111450195,31859442
2020-05-08,13.475222804151622,13.530384293212236,13.44370109438107,13.467342376708984,16272496
2020-05-11,13.490983646141665,13.577665341852128,13.435820654095927,13.522503852844238,19485934
2020-05-12,13.585545973209813,13.672229173259263,13.522504055820542,13.569785118103027,16408449
2020-05-13,13.561904053108352,13.585545334657333,13.46734193298802,13.538264274597168,14783972
2020-05-14,13.60130780189631,13.60130780189631,13.451582673740287,13.51462459564209,13664117
2020-05-15,13.514623425409134,13.538264707714449,13.459461936401244,13.522503852844238,14899432
2020-05-18,13.483103767253057,13.498863119726574,13.388540137222414,13.427942276000977,17083155
2020-05-19,13.498861636612757,13.498861636612757,13.412179946899414,13.412179946899414,16911153
2020-05-20,13.420061848245265,13.443701628474495,13.388540137222414,13.427942276000977,15269309
2020-05-21,13.45158057831114,13.459461005201032,13.36489738556005,13.412179946899414,17408396
2020-05-22,13.380659141722491,13.39641999656518,13.215174674987793,13.215174674987793,20304126
2020-05-25,13.341257081576957,13.467340900765398,13.160011779373283,13.451580047607422,16468327
2020-05-26,13.530383987276444,13.538264414540897,13.38065887532746,13.443700790405273,16366072
2020-05-27,13.396419958191096,13.443701019545882,13.364898248596013,13.380659103393555,13344837
2020-05-28,13.475221990253852,13.751030921936035,13.459461136320526,13.751030921936035,33264493
2020-05-29,13.695868275839098,13.711629130166761,13.569784447293392,13.70374870300293,24896105
2020-06-01,13.711630604699403,14.121403843058378,13.711630604699403,14.026840209960938,35636033
2020-06-02,13.948037621580523,14.184444427490234,13.900755057968329,14.184444427490234,26802222
2020-06-03,14.231725982799407,14.405092382661861,14.223845555256762,14.310528755187988,23115908
2020-06-04,14.310529606215297,14.357810671245039,14.026840209960938,14.026840209960938,21446062
2020-06-05,14.09776117717257,14.145043740605667,13.916515859792462,13.987438201904297,14609741
2020-06-08,14.026837863302047,14.223844021511558,13.82195278143734,14.097760200500488,24252763
2020-06-09,14.0662396511564,14.239604525027588,14.003197742199816,14.200203895568848,13974534
2020-06-10,14.215966904499396,14.215966904499396,14.003199865864474,14.082002639770508,15471059
2020-06-11,14.089880024255514,14.129282158420414,13.869234085083008,13.869234085083008,16938731
2020-06-12,13.585545677658875,13.85347419649401,13.55402547116889,13.81407356262207,28964813
2020-06-15,13.672229915389577,13.735271836200772,13.569785854672666,13.577666282653809,18774946
2020-06-16,13.695868330623092,13.955916415918537,13.680108979270187,13.900754928588867,15780638
2020-06-17,13.86135652078668,14.27112978249834,13.806195024602042,14.121404647827148,24628444
2020-06-18,14.192325648794784,14.420852040221448,14.192325648794784,14.3341703414917,22714582
2020-06-19,14.397211737260593,14.49965428768908,14.247486622291714,14.318408966064453,20458008
2020-06-22,14.373572048135188,14.46813568465941,14.184446278124751,14.349930763244629,17608368
2020-06-23,14.23960698760231,14.893667469778157,14.097762292160187,14.775464057922363,35929713
2020-06-24,14.893668950554728,15.32708350783468,14.893668950554728,15.043394088745117,31514677
2020-06-29,15.035513598524966,15.193119164715526,14.925190604014418,14.956710815429688,23172359
2020-06-30,15.04339242881457,15.216757330774131,14.885786879369217,14.925189018249512,20943431
2020-07-01,15.011868716087498,15.327079772949219,14.901545748008523,15.327079772949219,23263361
2020-07-02,15.303439519729297,15.358601007470464,15.019750150731511,15.090672492980957,37449143
2020-07-03,15.090675157580684,15.21675900983425,14.901549379200334,15.043394088745117,30354461
2020-07-06,15.090672040791858,15.421642460359205,15.07491118675585,15.216755867004395,45461251
2020-07-07,15.3270810847142,15.508326405795133,15.224637031555174,15.224637031555176,48896406
2020-07-08,15.24039791181577,15.366481744346869,15.090672797045896,15.114314079284668,34453713
2020-07-09,15.130074216049572,15.193116129323203,14.901546341034045,14.996109962463379,37718983
2020-07-10,14.996112457731746,15.232519296085187,14.877907535517002,14.885787963867188,35662426
2020-07-13,14.97246887567372,15.271917591850565,14.97246887567372,15.098552703857422,38983454
2020-07-14,15.051271699320074,15.48468467241343,15.051271699320074,15.29555892944336,50222078
2020-07-15,15.366482722822479,15.752614672416028,15.311321230457391,15.728973388671875,49864886
2020-07-16,15.752614800708026,15.760495228686924,15.067034099961397,15.074913024902344,54179778
2020-07-17,15.12393650094058,15.320032732909707,15.05040021914787,15.205643653869629,30812474
2020-07-20,15.197472112805228,15.360884853025519,15.050399555702988,15.230154037475586,37164043
2020-07-21,15.279180850655758,15.491617279184988,15.197473692833677,15.254668235778809,31920722
2020-07-22,15.205644564459327,15.426251864614207,15.050401120440815,15.254668235778809,31740082
2020-07-23,15.140277047373008,15.320031522871727,15.099422694918166,15.246495246887207,22520215
2020-07-24,15.189301700794404,15.246496239520678,14.72357296152699,14.870645523071289,35287281
2020-07-27,14.96052087658595,15.18112970252145,14.886984601274117,15.140276908874512,22644097
2020-07-28,15.197471582375591,15.393567798856246,15.115764435900104,15.246495246887207,18751576
2020-07-29,15.164788457014645,15.230153864045276,14.911497699575227,15.172959327697754,17578816
2020-07-30,15.172957193571355,15.31185885877875,14.911495602224262,14.976861000061035,23398314
2020-07-31,15.042228203531668,15.230153550066257,14.895155651136179,15.009546279907227,22591310
2020-08-03,14.976861000061035,15.172957193571355,14.911495602224262,14.976861000061035,24453322
2020-08-04,15.042226823302471,15.050397693067397,14.92783776346162,14.993203163146973,22932052
2020-08-05,14.993204833730159,15.066741111374046,14.797108612824534,14.846132278442383,16104170
2020-08-06,14.870645999652359,14.895157055072419,14.748084488814673,14.764426231384277,17398451
2020-08-07,14.821620982899464,14.837962725701662,14.70723190015283,14.772597312927246,16762567
2020-08-10,14.788938634514817,14.895156842835076,14.69906061009699,14.756255149841309,18684562
2020-08-11,14.821620771943545,14.83796251451315,14.699060819540207,14.764426231384277,23022136
2020-08-12,14.71540186012305,14.76442552705888,14.551987559091252,14.723572731018066,23410031
2020-08-13,14.731743601913085,14.837961806679763,14.650036451397185,14.723572731018066,20007179
2020-08-14,14.78893918163146,14.8869865224106,14.723573768300572,14.878815650939941,22803992
2020-08-17,14.960521056819262,15.050399074046327,14.936010003709482,15.009546279907227,25113577
2020-08-18,15.01771317915571,15.050396655963237,14.87881151959162,14.903324127197266,15758837
2020-08-19,14.944180694187683,15.328202253145115,14.821619196378506,15.140276908874512,33466139
2020-08-20,15.123936811483304,15.50795841217041,14.97686424487801,15.50795841217041,51829187
2020-08-21,15.606006561643541,15.704053895726357,15.360885109567949,15.516128540039062,33393194
2020-08-24,15.53247277354031,15.646861867798334,15.279181968354175,15.450765609741211,23161144
2020-08-25,15.40173957207975,15.45893411043464,15.132107063810773,15.156618118286133,23162001
2020-08-26,15.271009726433602,15.369057067450777,15.164789955491548,15.295520782470703,22500603
2020-08-27,15.369057321669075,15.369057321669075,15.15661933470543,15.254668235778809,13996844
2020-08-28,15.262837775485133,15.54881202368952,15.18113062479327,15.516128540039062,22526529
2020-08-31,15.483444164567107,15.981854743888855,15.450760686088813,15.769416809082031,32390980
2020-09-01,15.76941905141995,15.973686145653028,15.655029977348386,15.957345962524414,21978518
2020-09-02,16.01454232621011,16.14527315675595,15.76942085011083,16.055395126342773,27213336
2020-09-03,16.16161365394595,16.635513267740407,16.10441755636246,16.357709884643555,37817305
2020-09-04,16.25965888391154,16.561974841098497,16.186122612121043,16.349536895751953,22773356
2020-09-07,16.33319628234118,16.749901331752994,16.2760017466554,16.4067325592041,35390961
2020-09-08,16.512951334585523,16.70904911866637,16.341367721557617,16.341367721557617,27939879
2020-09-09,16.259658462780134,16.48026727243778,16.137098532448352,16.333194732666016,22893141
2020-09-10,16.316856229105852,16.496612283781335,16.13710173286475,16.398563385009766,24355097
2020-09-11,16.34136630610659,16.70904767136764,16.30868282544599,16.63551139831543,29648233
2020-09-14,16.668190907591786,17.142090399528037,16.529289251760442,17.076725006103516,33140236
2020-09-15,17.15843462166596,17.15843462166596,16.75807133417252,16.823436737060547,26966260
2020-09-16,16.91331709072356,16.962340760064404,16.651853884558903,16.839780807495117,20250734
2020-09-17,16.839779405048414,16.95416847679531,16.6109997031204,16.68453598022461,15724740
2020-09-18,16.84795307732937,17.011365841508436,16.709051370638207,16.92148780822754,25885267
2020-09-21,16.847952360329476,16.913317774906233,16.594660015214423,16.60283088684082,20830388
2020-09-22,16.602830069675267,16.774415248515613,16.365881037909688,16.382221221923828,26062193
2020-09-23,16.51294962094876,16.553803971073542,16.33319515570204,16.349536895751953,26953488
2020-09-24,16.20246633268614,16.20246633268614,15.793932132105617,15.851126670837402,54987007
2020-09-25,15.908321840438862,15.908321840438862,15.213814918657642,15.409911155700684,76887414
2020-09-28,15.442593167923919,15.75308004711553,15.377227755215323,15.565153121948242,56440782
2020-09-29,15.679541980496456,15.712223903918149,15.458933153271811,15.556982040405273,37740519
2020-09-30,15.614177775844524,15.671372315056006,15.442592599775764,15.630517959594727,27013654
2020-10-09,15.646860646011422,15.71222606025973,15.442593531681158,15.491617202758789,31992490
2020-10-12,15.385396458103862,15.85112515281449,15.377225587862641,15.728565216064453,44437934
2020-10-13,15.728566552011957,15.875639111977657,15.507957712063405,15.79393196105957,16950731
2020-10-14,15.810273181738651,15.851125976633828,15.58966434906255,15.622347831726074,28577087
2020-10-15,15.573322966664966,15.655030116772735,15.369055870612677,15.548811912536621,33201437
2020-10-16,15.548814517987035,15.638690995574972,15.450765609741211,15.450765609741211,24393287
2020-10-19,15.507956685294138,15.614176441985212,15.36088413506599,15.377225875854492,26737170
2020-10-20,15.36088455646681,15.434420833598232,15.328202632427413,15.39356803894043,18628842
2020-10-21,15.377228004667574,15.565153374449054,15.279180663231319,15.524300575256348,24895246
2020-10-22,15.524300575256348,15.581495117499893,15.385398876192994,15.524300575256348,21483131
2020-10-23,15.524298787138054,15.524298787138054,15.303689956665039,15.303689956665039,16603901
2020-10-26,15.287348829788698,15.54881202368952,15.287348829788698,15.516128540039062,15553629
2020-10-27,15.450763927309044,15.687714520681455,15.409911129075216,15.5978364944458,23753433
2020-10-28,15.59783603366001,15.753079467544259,15.573323420383243,15.630517959594727,24608450
2020-10-29,15.55698325786299,15.597836054945711,15.393568952663482,15.44259262084961,20243843
2020-10-30,15.442593531681158,15.655031517596763,15.442593531681158,15.491617202758789,23855636
2020-11-02,15.55698323976466,16.218808214027533,15.55698323976466,16.169784545898438,56086411
2020-11-03,16.235149517078572,16.48026940952823,16.112588012419476,16.341367721557617,35107845
2020-11-04,16.259659868592497,16.382219809520826,16.11258731610482,16.300514221191406,22494322
2020-11-05,16.341367972908337,16.741731301232477,16.284173434352645,16.627342224121094,28411828
2020-11-06,16.578316865593518,16.684535060872193,16.39038996866335,16.63551139831543,20149454
2020-11-09,16.521120774437474,16.790753256150865,16.44758450138526,16.63551139831543,26274804
2020-11-10,16.545634591042084,16.880632500062518,16.382220292695127,16.521121978759766,32449595
2020-11-11,16.578318050615575,16.93782701297513,16.374050957188185,16.78258514404297,32962102
2020-11-12,16.905146219427692,17.019535300701115,16.684537369742365,16.839780807495117,30257624
2020-11-13,16.847949347306912,16.847949347306912,16.47209711188071,16.63551139831543,26749588
2020-11-16,16.71721995281334,16.74173256766331,16.243320308088162,16.325027465820312,33741006
2020-11-17,16.31685500047054,16.31685500047054,15.916491680965958,15.973686218261719,39550723
2020-11-18,15.973686340299068,16.29234407092094,15.932833544328345,16.1534423828125,33951140
2020-11-19,16.186121622990473,16.308681549006995,16.055390827448317,16.210634231567383,24802005
2020-11-20,16.243319341113096,16.251490212243336,16.022712054333915,16.186124801635742,26249519
2020-11-23,16.24331707349744,16.30051316342437,16.022709817515693,16.259658813476562,26988980
2020-11-24,16.186124954543267,16.27600297939064,16.0880776169228,16.10441780090332,20574027
2020-11-25,16.128929044469462,16.128929044469462,15.89198003331879,15.90014934539795,25165075
2020-11-26,15.941006223398274,16.545636711267008,15.90832273616699,16.529294967651367,48835159
2020-11-27,16.463928977798034,16.59465980529785,16.23515080889055,16.59465980529785,28095563
2020-11-30,16.512951395997245,16.91331627808652,16.39856232021989,16.431245803833008,37170967
2020-12-01,16.455756005595035,16.660023092291834,16.35770867670372,16.58648681640625,28801981
2020-12-02,16.668194462215865,16.668194462215865,16.46392736939843,16.50478172302246,22263373
2020-12-03,16.50478411998301,16.570149536840127,16.390393471657212,16.537466049194336,16141358
2020-12-04,16.53746422060306,16.570147704634948,16.325026249698652,16.439416885375977,23919151
2020-12-07,16.390391691413036,16.431246046532873,16.169784407503105,16.177953720092773,20664207
2020-12-08,16.22697957874906,16.259661505684544,16.104418067046513,16.20246696472168,15628928
2020-12-09,16.21063654871033,16.4639273064743,16.194294807323175,16.41490364074707,21621771
2020-12-10,16.325025274316552,16.423074162119736,16.251488998072713,16.300514221191406,19059625
2020-12-11,16.341366025726998,16.586485892739258,16.079904418664825,16.349536895751953,36804495
2020-12-14,16.300514941801936,16.365880350415658,16.1534423828125,16.1534423828125,25462431
2020-12-15,16.096247648940277,16.177953239886108,15.941004220961547,15.957345962524414,26851844
2020-12-16,15.973688018954057,16.21880949584072,15.973688018954057,16.145273208618164,23667993
2020-12-17,16.177950329858067,16.42307173390681,16.039048668427306,16.194292068481445,39596175
2020-12-18,16.26782911074019,16.357707119027015,16.0717329131968,16.13709831237793,33052905
2020-12-21,16.153444823566677,16.210639369941383,15.949177695980152,15.998201370239258,38493686
2020-12-22,16.014540563466834,16.022711434280875,15.630517427378267,15.646859169006348,39091915
2020-12-23,15.687714634406934,15.704054818758307,15.442593167923919,15.565153121948242,34497079
2020-12-24,15.597836438081279,15.646860107471593,15.450763871475985,15.50795841217041,19792380
2020-12-25,15.467103775042007,15.908319863962841,15.467103775042007,15.785759925842285,26097835
2020-12-28,15.859297674874968,15.916492214086452,15.556983236633041,15.630517959594727,32232480
2020-12-29,15.687714463992148,15.720396390774239,15.458934742780096,15.50795841217041,25488052
2020-12-30,15.516128429119808,15.671371858481143,15.450763020720446,15.548811912536621,35271931
2020-12-31,15.589663891899008,15.687712778580089,15.458933081947022,15.655029296875,32605128
2021-01-04,15.614177797152525,15.630517980925024,15.369056339353262,15.44259262084961,55780608
2021-01-05,15.401740565427867,15.442593364477828,15.287349922906078,15.434422492980957,48757746
2021-01-06,15.344542839044104,15.695880889892578,15.303688490037958,15.695880889892578,52294118
2021-01-07,15.777589412357802,15.990027370507505,15.548811271607507,15.712224006652832,62097458
2021-01-08,15.761249294607351,15.891980106555188,15.606005871006468,15.802102088928223,57476307
2021-01-11,15.810275652935026,15.867470198101653,15.565154169948014,15.606008529663086,56735041
2021-01-12,15.606005632751552,15.655029296875,15.385396806544758,15.655029296875,48818342
2021-01-13,15.622347991502563,15.891980492497368,15.483446305630435,15.867467880249023,56515430
2021-01-14,15.785761492777773,16.022712080640787,15.655030671347946,15.671372413635254,44384843
2021-01-15,15.606009318941789,15.785763835475825,15.54881477088253,15.687716484069824,35074136
2021-01-18,15.687715690658758,15.728568491939356,15.507959624781387,15.606008529663086,39875611
2021-01-19,15.646859570547141,15.916492080592914,15.62234851591026,15.851126670837402,49734502
2021-01-20,15.744910235825385,15.744910235825385,15.565154169948014,15.606008529663086,36650589
2021-01-21,15.565152549290985,15.679543186148264,15.532470623356271,15.630517959594727,37561108
2021-01-22,15.556985390210398,15.556985390210398,15.442594737517847,15.450765609741211,28348939
2021-01-25,15.418081565973702,15.540641515656176,15.115765568884907,15.44259262084961,46984145
2021-01-26,15.336374055264383,15.56515220708047,15.262837775485133,15.516128540039062,34066460
2021-01-27,15.556981968628104,15.720394701850994,15.507956746070471,15.655029296875,39582942
2021-01-28,15.973686324448863,16.55380568894998,15.818444453166741,16.341367721557617,109097282
2021-01-29,16.17795188054475,16.46392610012912,15.851124868920092,16.079904556274414,70772821
2021-02-01,16.16161223722957,16.16161223722957,15.785759992513722,15.875638008117676,132064711
2021-02-02,16.079908368133832,16.153444657985958,15.77759233669348,15.941006660461426,134633414
2021-02-03,16.014540398809995,16.112587730701858,15.793931564401936,15.916491508483887,92892049
2021-02-04,15.81027225103236,15.9981975899823,15.769417900107936,15.949173927307129,96214207
2021-02-05,15.957345153354527,16.063563351258512,15.802101733247927,15.875638008117676,54269017
2021-02-08,15.900149236066797,16.36587950152077,15.875638183129455,15.932832717895508,76477062
2021-02-09,15.957344583600769,16.03088085584492,15.548810430437316,15.753077507019043,68625730
2021-02-10,15.761254227700519,16.169788532512648,15.712228989050084,16.08808135986328,72887266
2021-02-18,16.226977961182815,16.300514237500227,15.949174596969078,16.039051055908203,70000872
2021-02-19,16.055394936208305,16.423076366785775,15.998200393326123,16.325027465820312,90788463
2021-02-22,16.251489806635764,16.251489806635764,15.932833632681113,15.981857299804688,84434854
2021-02-23,16.014539857608312,16.267830607942436,15.981856375792713,16.120758056640625,68130716
2021-02-24,16.226975955470447,16.235146824988455,15.93283088655818,16.022708892822266,60547590
2021-02-25,16.063564642625824,16.276002613946087,16.01454097491632,16.177953720092773,65349837
2021-02-26,16.128927442676034,16.333194509921324,16.022709253419464,16.13709831237793,68862551
2021-03-01,16.177955507607827,16.202468123388147,15.973688384741898,16.07173728942871,47855230
2021-03-02,16.09624552230249,16.406730778804352,16.03088012312136,16.13709831237793,57678248
2021-03-03,16.120759505836606,16.382221150129055,16.088077579517215,16.365880966186523,56249843
2021-03-04,16.300513861991348,16.815266225920876,16.300513861991348,16.561975479125977,92043597
2021-03-05,16.46392736939843,16.602829054851657,16.128929461852575,16.50478172302246,64137470
2021-03-08,16.44758562794882,16.7662433524793,16.365880037569237,16.50478172302246,78175468
2021-03-09,16.627344292452534,17.223803923635085,16.423077167381702,16.545637130737305,126622763
2021-03-10,16.349536824927636,16.561974769353924,16.186122542004615,16.259658813476562,89849617
2021-03-11,16.30868394249559,16.627341667026073,16.267831147305802,16.50478172302246,77301894
2021-03-12,16.553805059518552,17.950991198537555,16.512950706707514,17.419897079467773,207504593
2021-03-15,17.419898460785532,17.746725517018646,16.95416971084905,17.109413146972656,122706239
2021-03-16,17.10941442515399,17.24014525741365,16.88063468948235,17.084901809692383,76341021
2021-03-17,17.13392295503104,17.15843556687718,16.62734144435116,16.68453598022461,80167137
2021-03-18,16.651854610854954,16.856121726857975,16.529294652940028,16.69270896911621,70928273
2021-03-19,16.561976736690696,16.89697465388538,16.472098714563344,16.72538948059082,67477930
2021-03-22,16.7172177332164,17.436238755671376,16.70904842111882,17.330018997192383,101953321
2021-03-23,17.28099512786699,17.51794569518115,16.98685158437579,17.133922576904297,88793104
2021-03-24,17.117583251815685,17.18294866013585,16.815267264313512,16.978681564331055,65449875
2021-03-25,16.995022428284535,17.21563127461395,16.864291606408063,17.207460403442383,50522985
2021-03-26,17.07672960454088,17.289167579984543,16.96234052485365,17.019535064697266,61999526
2021-03-29,16.937829450825323,17.44441260114849,16.91331839348409,17.37087631225586,70832609
2021-03-30,17.34636107564967,17.54245729692403,17.215630261466764,17.517946243286133,49654596
2021-03-31,17.517946243286133,17.566969908996164,17.362702817031092,17.517946243286133,35827789
2021-04-01,17.49343467261412,17.754896316544986,17.428069261631403,17.673189163208008,30377733
2021-04-02,17.64867938701659,17.64867938701659,17.207461662084818,17.256486892700195,54592043
2021-04-06,17.256485923925748,17.33002064885172,17.027706202534265,17.117584228515625,41859407
2021-04-07,17.25648484717947,17.313679384350007,17.11758316043634,17.2646541595459,37909913
2021-04-08,17.16660826473393,17.240144549665462,16.945999409939336,17.044048309326172,34768000
2021-04-09,17.044048099167554,17.150266310295404,16.954170072374044,17.035877227783203,23521115
2021-04-12,16.995021025797858,17.444409552543203,16.986851713734772,17.313678741455078,65645637
2021-04-13,17.248314264619932,17.35453246993536,17.03587629555479,17.17477798461914,37492201
2021-04-14,17.199288416106313,17.223801028030252,16.921485048038548,16.962339401245117,53201843
2021-04-15,16.9623414462302,16.978683189482993,16.570148958769646,16.60283088684082,57600278
2021-04-16,16.668194942304062,16.83978011559862,16.602829533057157,16.72538948059082,24951468
2021-04-19,16.676366651488546,16.864292017715037,16.668195780117696,16.758073806762695,32216369
2021-04-20,16.700879112334096,16.8561209916525,16.676366498446498,16.839780807495117,23126559
2021-04-21,16.79075536998314,16.872462523486828,16.725389958867055,16.83160972595215,23863841
2021-04-22,16.831608108442005,16.872460902050747,16.602828412304174,16.668193817138672,37710976
2021-04-23,16.660022524254117,16.6681933944555,16.357708118973676,16.651851654052734,49810967
2021-04-26,16.635515538654026,16.709051830008352,16.47210121154785,16.47210121154785,31879803
2021-04-27,16.431246014368003,16.553805962619005,16.398562530336115,16.439416885375977,22683243
2021-04-28,16.4639279399656,16.504782295005462,16.316855378690683,16.439416885375977,28506691
2021-04-29,16.41490413424768,16.49661128520568,16.316855241411222,16.447586059570312,34505740
2021-04-30,16.44758721159309,16.463928954616154,16.177954685450068,16.316856384277344,48161564
2021-05-06,16.259660510124395,16.398562197572716,16.235149456032154,16.251489639282227,51696523
2021-05-07,16.25966229610461,16.316856839847837,16.08807866487494,16.145273208618164,43386527
2021-05-10,16.13710270640843,16.210638995314923,15.981859256668672,16.07173728942871,38721977
2021-05-11,16.04722254353083,16.30051486433523,15.949175210293346,16.251489639282227,34332839
2021-05-12,16.21880779142622,16.316855125129663,16.09624784507978,16.1534423828125,24864161
2021-05-13,16.096249536614607,16.24332055262528,16.039053434436948,16.145273208618164,29963882
2021-05-14,16.137102285042534,16.15344402846937,15.973687967643015,16.055395126342773,42437336
2021-05-17,16.063566049655943,16.25966229610461,16.030884121131717,16.145273208618164,62956889
2021-05-18,16.137101061522834,16.169784545898438,16.063564780112035,16.169784545898438,27127892
2021-05-19,16.169781427278398,16.177950738362394,16.006367153786247,16.022708892822266,28453636
2021-05-20,15.998197946755866,16.030881428224276,15.77758912214662,15.875638008117676,60053208
2021-05-21,15.90015098542484,16.047223552966795,15.867469058434608,16.014541625976562,33774281
2021-05-24,16.0227123844242,16.05539431118413,15.80210353466585,15.834785461425781,35296840
2021-05-25,15.802103209120418,16.210637415026458,15.67137238790523,16.186124801635742,62591307
2021-05-26,16.13710038124383,16.14527125199328,15.859297009499576,15.867467880249023,79505692
2021-05-27,15.883808135986328,15.949173537433428,15.842953786060578,15.883808135986328,55929770
2021-05-28,15.891982782343103,16.08807903328226,15.834786678855687,16.07173728942871,50076336
2021-05-31,16.128929412041323,16.226978302001953,15.973685985617927,16.226978302001953,47957240
2021-06-01,16.226979425033033,16.398563046296236,16.112588785756554,16.2841739654541,44219888
2021-06-02,16.32502286060052,16.382217387348366,16.104414064486843,16.194292068481445,37983807
2021-06-03,16.194293411994174,16.365878564906758,16.120757140522226,16.259658813476562,35400694
2021-06-04,16.259660437527724,16.357709328761697,16.15344223392232,16.235149383544922,31669907
2021-06-07,16.235150816950057,16.235150816950057,16.06356563174987,16.128931045532227,34970285
2021-06-08,16.153439280356974,16.259657464540982,16.104414064486843,16.194292068481445,37369707
2021-06-09,16.235151014259458,16.611001758467218,16.20246752775387,16.60283088684082,71481128
2021-06-10,16.611001758467218,16.83161061707668,16.553807215516855,16.60283088684082,57558070
2021-06-11,16.627342264256843,17.0195347225291,16.602829651201965,16.9051456451416,71395916
2021-06-15,16.905146956771482,16.95417062825057,16.635514425984873,16.69270896911621,42807518
2021-06-16,16.692706428364424,16.82343723803342,16.521121266652507,16.668193817138672,41239615
2021-06-17,16.70087729877301,16.92965543647666,16.619170153121342,16.668193817138672,42176995
2021-06-18,16.725388719987283,16.766243072930138,16.39039081802696,16.4067325592041,51320376
2021-06-21,16.43941569023119,16.45575587262491,16.17795251228731,16.292343139648438,50894810
2021-06-22,16.276002861549028,16.60282991530818,16.276002861549028,16.46392822265625,35805943
2021-06-23,16.54563373844652,16.65185193599465,16.382219448520296,16.561975479125977,40278201
2021-06-24,16.586486671487005,16.709048169181596,16.52929213706109,16.668193817138672,25744638
2021-06-25,16.700879391430256,16.92965755780032,16.58648874981085,16.86429214477539,49038854
2021-06-28,17.01136263724678,17.52611656561621,16.97868071394073,17.133922576904297,65612385
2021-06-29,17.13392237314696,17.13392237314696,16.635511750008956,16.749900817871094,43255849
2021-06-30,16.75807393302277,16.921486686367906,16.66002503426819,16.86429214477539,22981375
2021-07-01,16.87246151760024,17.11758296349788,16.676365295942666,17.068557739257812,28521680
2021-07-02,16.937826454874212,16.95416819583416,16.545634022440566,16.58648681640625,41188859
2021-07-05,16.586487748668628,16.66819489962663,16.374051337985822,16.447586059570312,36482454
2021-07-06,16.423073800218933,16.929655293808732,16.300513861991348,16.561975479125977,39685027
2021-07-07,16.57831962068617,16.692708705139914,16.431247050140275,16.59465980529785,30192904
2021-07-08,16.66002521904776,16.709050448185987,16.374052507913404,16.59465980529785,35703604
2021-07-09,16.553807006117054,16.6681960905708,16.496612463890184,16.59465980529785,27799423
2021-07-12,16.6518541096273,16.684537595252518,16.267832504137225,16.308685302734375,55671169
2021-07-13,16.267830939411326,16.512950824286044,16.194294662262063,16.496610641479492,33766332
2021-07-14,16.512950897216797,16.553805250499167,16.284172752572434,16.512950897216797,37805654
2021-07-15,16.431244879991464,16.619170224898003,16.316854252211414,16.570146560668945,33177823
2021-07-16,16.59553712219499,16.59553712219499,16.231636775178533,16.32472801208496,53981418
2021-07-19,16.307800576302046,16.443205119210823,16.206246362045725,16.417816162109375,30581683
2021-07-20,16.40935464838213,16.451669580680335,16.248562748097815,16.32472801208496,25392895
2021-07-21,16.26548449197193,16.324725387665644,16.079303662239766,16.087766647338867,56025125
2021-07-22,16.070842625590085,16.147007886567017,15.901587745535448,15.943901062011719,52133231
2021-07-23,15.994678063084239,16.045454367903023,15.76618227017527,15.901588439941406,41983289
2021-07-26,15.81695949843335,16.011603336863484,15.80003352618302,15.943901062011719,42187908
2021-07-27,15.943898254446516,15.952361239081432,15.393817166371143,15.512295722961426,54495540
2021-07-28,15.402283770413371,15.926976027882269,15.402283770413371,15.876199722290039,57849096
2021-07-29,15.81695856437004,15.969289077328094,15.698478379764076,15.732330322265625,38512311
2021-07-30,15.74079427376407,16.07930564880371,15.639240054177398,16.07930564880371,44409713
2021-08-02,16.053917790236227,16.11315869730767,15.723869378729395,15.994678497314453,55085576
2021-08-03,15.918510541610262,16.070841048616483,15.842345288107152,15.977749824523926,36380490
2021-08-04,15.943902218299224,16.30780257732442,15.808497658775849,16.130083084106445,42254412
2021-08-05,16.096229842934957,16.248560348412163,15.994675634567026,16.20624542236328,34706394
2021-08-06,16.16393319977457,16.180859171334784,15.977750740911155,16.121618270874023,34953841
2021-08-09,16.09622958189444,16.41781494390371,16.079303611749385,16.37550163269043,41614432
2021-08-10,16.375501082354653,16.561681905245166,16.273946879046637,16.544755935668945,37597080
2021-08-11,16.50244436915978,16.629385926092652,16.460131054898646,16.561683654785156,26019006
2021-08-12,16.5362988562743,16.8071079831728,16.502446908337127,16.663240432739258,32114698
2021-08-13,16.66323762832688,16.73940288421723,16.536296073226104,16.587072372436523,20331596
2021-08-16,16.62092456200915,16.730941772460938,16.54475929758857,16.730941772460938,21945635
2021-08-17,16.764791614477982,16.883271807975596,16.45166919358687,16.61246109008789,29365833
2021-08-18,16.502446908337127,16.74786868843247,16.493983921352832,16.663240432739258,29307686
2021-08-19,16.570146492004287,16.883270502839395,16.553220520791694,16.857881546020508,35463186
2021-08-20,16.90019571630534,16.984823962507303,16.553221359611882,16.798643112182617,41924218
2021-08-23,16.81556920216153,17.16254356128793,16.798643229972548,16.92558479309082,47135688
2021-08-24,16.984823962507303,17.05252623663896,16.756328182006865,16.798643112182617,35559914
2021-08-25,16.85788174166393,16.866344727368443,16.646311941499548,16.69708824157715,29716902
2021-08-26,16.69708712938882,16.74786504023359,16.493980328457837,16.502443313598633,21795879
2021-08-27,16.52783203125,16.714012859220976,16.43474081018984,16.52783203125,20067554
2021-08-30,16.434741963030287,16.485518262557,16.06237866681899,16.15546989440918,38315539
2021-08-31,16.13854485191159,16.434742908803454,15.994677316515517,16.367040634155273,37974541
2021-09-01,16.417813312846164,16.917118083475465,16.36703702160482,16.773250579833984,53595980
2021-09-02,16.688626183227548,16.92558495367281,16.612460921804054,16.908658981323242,36644236
2021-09-03,16.92558211930019,17.052523662365083,16.790177591477732,16.97635841369629,43772080
2021-09-06,16.98482392078066,17.15408041276877,16.900195674786602,16.9425106048584,34986498
2021-09-07,16.95943649671654,17.06098910010972,16.824030335276422,16.950973510742188,35907515
2021-09-08,16.967898104431068,17.30641109151312,16.967898104431068,17.204856872558594,55497445
2021-09-09,17.34872171155874,17.357184696335462,16.85787989355378,17.255630493164062,57850588
2021-09-10,17.25563232072344,17.37411250599663,17.12022777825362,17.264095306396484,41591535
2021-09-13,17.238708123027042,17.47566526746692,17.15407987966302,17.247169494628906,36884240
2021-09-14,17.25563214977465,17.297947077720682,16.934046768132095,17.00174903869629,37538216
2021-09-15,16.92558417514087,16.99328644727545,16.629386129246004,16.68016242980957,38454156
2021-09-16,16.68016393383413,17.1117665629151,16.612461655594938,16.72247886657715,38912370
2021-09-17,16.730941106604398,17.33179859739875,16.730941106604398,17.187931060791016,56124933
2021-09-22,17.154078441528828,18.35579487693194,17.137152471445134,18.076522827148438,114253703
2021-09-23,18.152689414331903,18.55890304133988,17.814176444342454,17.966506958007812,101364862
2021-09-24,18.220393424367327,18.237317783162403,17.644923257444493,17.84803009033203,73281349
2021-09-27,18.16115063625294,18.330407119853493,17.86495421117616,18.262704849243164,101965330
2021-09-28,18.186539244913106,18.668918115546745,17.87341685464013,18.4404239654541,90481725
2021-09-29,18.305017829081542,18.804322671028626,18.06806069334355,18.719696044921875,112240070
2021-09-30,18.787399573521807,18.855101847434607,18.135764178267642,18.61814308166504,98750701
2021-10-08,19.041279498079703,19.04974248266565,18.35579388811063,18.57582664489746,79536810
2021-10-11,18.70277203905633,18.762011329214833,18.110375909172127,18.296558380126953,58759102
2021-10-12,18.118840205577754,18.26270775528623,17.839568093102443,18.051137924194336,60442307
2021-10-13,17.983433625412285,17.983433625412285,17.517980694884958,17.644922256469727,39810551
2021-10-14,17.64491845164338,17.72954667916777,17.391033769070223,17.50105094909668,34687929
2021-10-15,17.45873979293917,17.695698558273726,17.34872420333891,17.644922256469727,40582444
2021-10-18,17.64492349679942,17.9749719029501,17.5518322584904,17.822641372680664,44454572
2021-10-19,17.68723771544896,18.110377381436493,17.568759125500364,18.034212112426758,41116416
2021-10-20,18.025745208083226,18.093447475362296,17.687233871687884,17.763399124145508,66022066
2021-10-21,17.771861184848248,17.839563448605507,17.61106770311877,17.831100463867188,33962198
2021-10-22,17.814175341583905,17.873416237569472,17.63645749607531,17.771862030029297,29844048
2021-10-25,17.721087395766368,18.068061748342135,17.67030948015807,17.797252655029297,46293766
2021-10-26,17.822638379312995,17.983431869163812,17.754936112136235,17.90726661682129,32898560
2021-10-27,17.890339488311,18.000356674194336,17.75493496272325,18.000356674194336,36028733
2021-10-28,17.907268765061634,17.983434026541303,17.76340122828332,17.881879806518555,42075088
2021-10-29,17.856491214230395,17.98343276977539,17.653384402528516,17.98343276977539,40708901
2021-11-01,17.864954480998513,18.12730058180719,17.822639552384548,18.093448638916016,38304468
2021-11-02,18.101914978553296,18.135766927716546,17.484131433672044,17.72955322265625,56946001
2021-11-03,17.627998238371248,18.01728756641614,17.577221930939206,17.915733337402344,40879018
2021-11-04,17.907269624402534,18.000360862711553,17.788791040481705,17.822641372680664,28026835
2021-11-05,17.797252980743387,17.881879613340292,17.475665965936766,17.484128952026367,37251180
2021-11-08,17.543368082079176,17.55183106809235,17.18793074027347,17.221782684326172,34285318
2021-11-09,17.391035716056823,17.424887656516095,17.02713704101586,17.21331787109375,36674196
2021-11-10,17.264096285374073,17.264096285374073,16.849419648776923,17.052526473999023,39771645
2021-11-11,17.010211413176716,17.12868997887023,16.891731233333804,17.035598754882812,40208209
2021-11-12,17.044063612795153,17.08637854387011,16.756328538083753,16.900196075439453,41982477
2021-11-15,16.984824039182598,17.154080532350605,16.857882476381366,17.0694522857666,44991245
2021-11-16,17.010213039886185,17.120228630815472,16.86634550457893,16.92558479309082,32493739
2021-11-17,16.934045104057756,17.086375601395346,16.891730180269928,16.97635841369629,28935528
2021-11-18,16.925586376429894,17.035601977650817,16.891734428885176,16.95943832397461,25736457
2021-11-19,16.94250822536274,17.15407800355913,16.90865628605965,17.103300094604492,30307444
2021-11-22,17.111761867266424,17.16253977262405,16.917118072509766,16.917118072509766,29310350
2021-11-23,16.900195995148458,16.94251092602238,16.840956706074532,16.908658981323242,32949381
2021-11-24,16.959435470994187,16.959435470994187,16.688624778642357,16.747865676879883,38276235
2021-11-25,16.756327048192958,16.849418274131068,16.654774450941773,16.747865676879883,36655019
2021-11-26,16.714012859220976,16.714012859220976,16.493980091173814,16.52783203125,45569503
2021-11-29,16.52783203125,16.52783203125,16.52783203125,16.52783203125,0
2021-11-30,16.52783203125,16.52783203125,16.52783203125,16.52783203125,0
2021-12-01,16.52783203125,16.52783203125,16.52783203125,16.52783203125,0
2021-12-02,16.52783203125,16.52783203125,16.52783203125,16.52783203125,0
2021-12-03,16.52783203125,16.52783203125,16.52783203125,16.52783203125,0
2021-12-06,16.52783203125,16.52783203125,16.52783203125,16.52783203125,0
2021-12-07,16.52783203125,16.52783203125,16.52783203125,16.52783203125,0
2021-12-08,16.52783203125,16.52783203125,16.52783203125,16.52783203125,0
2021-12-09,16.52783203125,16.52783203125,16.52783203125,16.52783203125,0
2021-12-10,16.52783203125,16.52783203125,16.52783203125,16.52783203125,0
2021-12-13,18.169614392342275,18.178077378296127,17.365650096520657,17.653385162353516,240466334
2021-12-14,17.391037477206517,18.423499167678123,17.221782600218216,18.347333908081055,152816972
2021-12-15,18.220394345924884,18.516590816690158,18.195005385223702,18.47427749633789,81044609
2021-12-16,18.431960186880673,18.635066986083984,18.321942995135533,18.635066986083984,58378768
2021-12-17,18.592753228162625,18.77047269746772,18.465811672458678,18.541976928710938,56888435
2021-12-20,18.296556757687256,18.56736583962629,18.220391501623222,18.406572341918945,48784938
2021-12-21,18.474273812653877,18.73661989765669,18.389645574674116,18.601215362548828,36284002
2021-12-22,18.609678109990625,18.770471598682818,18.55890181351128,18.626604080200195,30735728
2021-12-23,18.635068774433677,18.83817559312852,18.541977543892475,18.787399291992188,32436286
2021-12-24,18.76201029569621,19.48981093846546,18.677382051210333,18.93126678466797,50644778
2021-12-27,18.91434097290039,19.219000395816764,18.66891922323075,18.91434097290039,33915757
2021-12-28,18.99050607156323,19.083595687763143,18.719696980528024,18.93126678466797,39586585
2021-12-29,18.931264209110594,18.965114533809977,18.72815580431714,18.829710006713867,29148289
2021-12-30,18.762008459439446,19.125908745208783,18.702769178341992,19.066669464111328,33339376
2021-12-31,19.01589530557029,19.312093383644214,19.01589530557029,19.210540771484375,31889449
2022-01-04,19.286702420372585,19.379792028368126,19.083594005847452,19.329015731811523,47207944
2022-01-05,19.25285116806059,19.40518167732454,19.08359468795633,19.28670310974121,44243779
2022-01-06,19.176685198816326,19.27823940592438,18.58428915467627,18.626604080200195,62904384
2022-01-07,18.7535457611084,18.93972659228235,18.525050004111243,18.7535457611084,35547313
2022-01-10,18.71969645405385,19.032818851450966,18.71969645405385,18.956653594970703,32650652
2022-01-11,18.9989693380155,19.45595928234915,18.939728436095823,19.041282653808594,45618790
2022-01-12,19.01589259333893,19.14283576165736,18.63506793083194,18.846637725830078,35022982
2022-01-13,18.872024061157923,19.041280533784636,18.702769202680557,18.922801971435547,34248577
2022-01-14,18.97357916804588,19.176685976347734,18.643530806324048,18.99896812438965,40524229
2022-01-17,18.998968092987397,19.413644694353632,18.99050510755346,19.14283561706543,42897062
2022-01-18,19.176686961572393,19.44749605322133,19.04974540163064,19.345943450927734,36599162
2022-01-19,19.32901647082909,19.498272951354856,19.252851216007436,19.422107696533203,34865674
2022-01-20,19.439034236861364,19.904488803517232,19.35440760124176,19.53212547302246,59563610
2022-01-21,19.52365975957454,19.65906429463219,19.30362698656851,19.447494506835938,35471714
2022-01-24,19.447496133675394,19.616752623730946,19.21900035634525,19.337480545043945,26991917
2022-01-25,19.193612027658666,19.33747955257725,18.99050521850586,18.99050521850586,30261535
2022-01-26,19.00743175813678,19.26977949580126,18.948192467099517,19.100522994995117,22026011
2022-01-27,19.108984268839937,19.125910240233516,18.728157983231846,18.939727783203125,32410924
2022-01-28,19.024357683199135,19.125911906257326,18.53351576907539,18.55044174194336,35244949
2022-02-07,18.70277056151171,19.10898418834965,18.60967933338863,18.948190689086914,31043747
2022-02-08,18.998968586841162,19.650602340698242,18.948190672917647,19.650602340698242,38321462
2022-02-09,19.675990131003704,19.836783620595234,19.430568404040347,19.74369239807129,38855076
2022-02-10,19.84524916604099,20.132984241737116,19.625216366146915,20.124521255493164,34539084
2022-02-11,20.11605859109608,20.259926131245955,19.989117023704924,20.090669631958008,28605749
2022-02-14,20.090669810027045,20.090669810027045,19.608290881175428,19.794471740722656,31333357
2022-02-15,19.786008445212605,19.862173707962597,19.464423035717868,19.54905128479004,24917520
2022-02-16,19.59982766925575,19.794471513018273,19.523662406192223,19.54058837890625,22036550
2022-02-17,19.540586596985705,19.811395679116472,19.498273283208817,19.66752815246582,31402561
2022-02-18,19.667530140371333,19.726769431306398,19.472886294684802,19.659067153930664,18501627
2022-02-21,19.549047864882144,19.63367609914946,19.38825438118917,19.506732940673828,18515111
2022-02-22,19.42210695395643,19.46442026539537,19.210537168463002,19.329015731811523,23565507
2022-02-23,19.379794262407913,19.447496537004334,19.193613410805142,19.295166015625,26258735
2022-02-24,19.32901776040696,19.48981126621919,19.075134636829358,19.176687240600586,41480293
2022-02-25,19.218997639971068,19.379791121382667,19.15975836106924,19.252849578857422,38662399
2022-02-28,19.303628602141337,19.650602954034465,19.219000357110193,19.61675262451172,39821079
2022-03-01,19.633675684277986,19.786004565761182,19.515195513147575,19.692914962768555,27721136
2022-03-02,19.692917120823786,20.02296548809643,19.61675186466095,19.946800231933594,33156974
2022-03-03,20.056817047551412,20.33608911010038,19.980651792842654,20.268386840820312,38573408
2022-03-04,20.22607191367688,20.35301346680833,19.887560567276523,20.268386840820312,40590487
2022-03-07,20.200685901609255,20.437643052616703,20.082205711956,20.158370971679688,56662099
2022-03-08,20.149905702377872,20.19222062751246,19.52365933773008,19.633676528930664,68797615
2022-03-09,19.675990265051745,19.938336349957275,18.965115648924375,19.447494506835938,72997469
2022-03-10,19.67599335829432,19.718306676845852,19.193614424548464,19.21900177001953,46414984
2022-03-11,19.12590980529785,19.17668610417442,18.702770214977765,19.12590980529785,44014302
2022-03-14,18.973580380049924,19.379794022601953,18.89741512030273,19.041282653808594,45009506
2022-03-15,18.94818966390017,18.95665264910342,17.797251116797227,17.8988037109375,76119235
2022-03-16,18.110374554711587,19.07513394020226,17.848028454709052,18.939727783203125,75780925
2022-03-17,19.12591207250705,19.15129941788006,18.47427663877258,18.53351593017578,61437709
2022-03-18,18.516589602072294,18.778937336326386,18.38118504884742,18.431962966918945,99662949
2022-03-21,18.618141308546903,18.618141308546903,18.186538748150845,18.321943283081055,41267879
2022-03-22,18.364259642477542,18.745084321387285,18.305018741440932,18.651994705200195,31552597
2022-03-23,18.702770587777966,18.812786173228364,18.448885860035595,18.52505111694336,32225242
2022-03-24,18.37272243363567,18.50812860374538,18.23731787767559,18.254243850708008,34064522
2022-03-25,18.21193161149938,18.36426214951885,18.01728775254105,18.034212112426758,25319503
2022-03-28,17.941119434104913,18.491200583562254,17.695697694754255,18.406572341918945,45018266
2022-03-29,18.347332290239144,18.550439093205153,18.2880930078094,18.457347869873047,29555632
2022-03-30,18.516589957160686,18.618144181101624,18.33040909644354,18.53351593017578,40088137
2022-03-31,18.533514835736657,18.728158671467266,18.389647301903263,18.61814308166504,29652360
2022-04-01,18.56736605405269,18.863564096150213,18.465811840078022,18.804323196411133,29641444
2022-04-06,18.63506693645974,19.015891578645824,18.63506693645974,18.922801971435547,36117220
2022-04-07,18.948189497967885,19.252850506019506,18.83817391958778,19.185148239135742,36059049
2022-04-08,19.21053696248086,19.66752685488899,19.159759052319355,19.633676528930664,41276598
2022-04-11,19.70137984023271,19.743693153462843,19.286703236809593,19.413644790649414,45370869
2022-04-12,19.60828943699201,19.71830502449672,19.286704046159443,19.498273849487305,41289587
2022-04-13,19.430571170414666,19.692918905033302,19.379794866422184,19.54058837890625,28301179
2022-04-14,19.540586596985705,19.887560935234433,19.48981029762355,19.66752815246582,26045020
2022-04-15,19.659067105766777,19.938339201026178,19.633679760656587,19.802934646606445,21012568
2022-04-18,19.65906483228997,19.811395341933277,19.33747945627032,19.422107696533203,25614560
2022-04-19,19.48981098455768,19.86217267853695,19.472885012790574,19.625215530395508,44550874
2022-04-20,19.701380830029365,19.90448764920705,19.49827401085168,19.7606201171875,41543383
2022-04-21,19.68445277655901,20.031427091063048,19.650600836534544,19.921411514282227,57129450
2022-04-22,19.811396340687047,20.048355102539062,19.48981094845528,20.048355102539062,95057064
2022-04-25,19.87909981070426,20.082206641316933,19.388257899852906,19.39672088623047,77673245
2022-04-26,19.39671975398811,19.794470405618036,19.3459434528363,19.625215530395508,43810129
2022-04-27,19.70137838544029,19.752154680396902,19.18514760857525,19.362865447998047,61346691
2022-04-28,19.19361493256366,19.51520035885605,19.00743245204993,19.47288703918457,49160008
2022-04-29,19.45595853906698,19.540586781569623,19.083595240545037,19.227462768554688,59442955
2022-05-05,19.337481628457997,19.659067040601474,19.227464419513137,19.53212547302246,45670665
2022-05-06,19.44749555340177,19.675991323914065,19.12591016887109,19.227462768554688,34163073
2022-05-09,19.235924508489727,19.2697764489583,18.846636877997334,18.90587615966797,28366766
2022-05-10,18.90587616082467,19.337478716929184,18.71123234556656,19.329015731811523,46298689
2022-05-11,19.25284983693226,19.379791381159094,19.015891103999344,19.083593368530273,55381648
2022-05-12,19.117450048405217,19.27824357184398,18.711236360491228,18.880491256713867,40474973
2022-05-13,18.956655420851316,19.659067153930664,18.855102811862526,19.659067153930664,56449983
2022-05-16,19.68445702950196,19.718307362690645,19.40518492055912,19.455961227416992,33705730
2022-05-17,19.59136378720454,19.692918004696168,19.379793980400713,19.46442222595215,34034819
2022-05-18,19.532125243379127,19.532125243379127,19.134374572534757,19.278242111206055,38373622
2022-05-19,19.22746413725885,19.71830604173532,19.202076792605492,19.70138168334961,48520217
2022-05-20,19.802935749881794,20.132985782048788,19.633680854502284,19.718307495117188,56244260
2022-05-23,19.887564919610252,19.887564919610252,19.22746643905693,19.379796981811523,52352823
2022-05-24,19.303627990181738,19.574437074376657,19.25285169043256,19.37133026123047,37889562
2022-05-25,19.498277307319057,19.70984714816679,19.413649048150006,19.64214324951172,40391345
2022-05-26,19.76061860112872,20.175295193570683,19.642138421752882,20.141443252563477,58599755
2022-05-27,20.302237682757173,20.32762663968648,20.03989158441885,20.073741912841797,45612956
2022-05-30,20.209148212969808,20.33609139451057,19.938339105428778,20.090669631958008,40461216
2022-05-31,20.056818090800505,20.34455315374461,19.980652832130033,20.327627182006836,44294751
2022-06-01,20.32762842653914,20.589974547938382,20.183760886258984,20.505346298217773,47790683
2022-06-02,20.353015624454535,20.479958805192805,20.175297754060313,20.243000030517578,39928315
2022-06-06,20.31916273719524,20.52226954101665,19.929873485925487,20.42071533203125,54285780
2022-06-07,20.327627341914525,20.344553313785443,19.98065298930824,20.031429290771484,51553384
2022-06-08,20.141445694293076,20.175297639404125,19.946801852353296,20.116058349609375,38133672
2022-06-09,20.048352744014142,20.34455075794651,19.99757483478049,20.065277099609375,49443257
2022-06-10,20.03989211906273,20.361477511332875,20.022966147324958,20.327627182006836,85995632
2022-06-13,20.090669366763894,20.234536905014735,19.625216421090368,19.70138168334961,91321874
2022-06-14,19.608285996312134,20.327623524234088,19.608285996312134,20.310697555541992,76571228
2022-06-15,20.29377539817268,20.378403643377766,20.006040332965103,20.031429290771484,52500243
2022-06-16,20.090669777507074,20.116058736829082,19.659067153930664,19.659067153930664,60401944
2022-06-17,19.752158055656533,20.022967160566886,19.70984473832039,19.972190856933594,51834727
2022-06-20,19.887558248145158,19.90448421702876,19.532120972335743,19.574434280395508,63154059
2022-06-21,19.574437934816782,19.67599215292866,19.464422344832656,19.59136390686035,42543068
2022-06-22,19.625213543903747,19.709841780023577,19.52365933773008,19.633676528930664,48432642
2022-06-23,19.63367953386221,19.659066878679145,19.4898119946844,19.54905128479004,49104658
2022-06-24,19.557515025884303,19.794472195451622,19.48981274684369,19.77754783630371,57315889
2022-06-27,19.760618527184246,19.879097091967346,19.64213834825176,19.72676658630371,49160797
2022-06-28,19.718306087685075,19.718306087685075,19.523662245524353,19.557514190673828,57584123
2022-06-29,19.549050590900965,19.62521585094749,19.4051830568297,19.59136390686035,59053459
2022-06-30,19.565975189208984,19.625214473052722,19.422107665238716,19.565975189208984,39114256
2022-07-01,20.310701449428123,20.750767034894952,20.20068586013618,20.581510543823242,129709278
2022-07-04,20.606897354125977,20.793078183581905,20.35301264397768,20.606897354125977,66012991
2022-07-05,20.589972552705866,20.74230306461174,20.353013799280124,20.51380729675293,53458761
2022-07-06,20.547659353403382,20.564583710482008,20.293774627430476,20.36147689819336,38844812
2022-07-07,20.446106732566502,20.691528492039286,20.39533042907715,20.39533042907715,39257808
2022-07-08,20.395327437050888,20.56458229523531,20.21760797968549,20.479955673217773,41570046
2022-07-11,20.716914772518187,21.148517365381004,20.716914772518187,20.894634246826172,67338550
2022-07-12,20.894633601022832,21.224681967773005,20.877707629869118,21.072351455688477,52240262
2022-07-13,21.15698075487468,21.309311274573705,20.98772426317587,21.131591796875,46203331
2022-07-14,21.156980312725377,21.173906284371437,20.869245251340352,21.038501739501953,58877214
2022-07-15,20.911559088720548,21.013113306984444,20.564584732055664,20.564584732055664,62175737
2022-07-18,20.62382226694931,21.266992959058882,20.62382226694931,21.11466407775879,60676110
2022-07-19,21.266997320903016,21.283923293679845,20.97080086805656,21.199295043945312,45416380
2022-07-20,21.326237785683155,21.385477075030398,21.03850271101119,21.106204986572266,37060174
2022-07-21,21.408299301835097,21.408299301835097,20.953363261124622,21.005855560302734,34386825
2022-07-22,21.01460234282187,21.259567492333243,20.883370774340786,21.110837936401367,32832204
2022-07-25,21.14583602004756,21.207077313532626,20.962110470892277,21.0845947265625,24171943
2022-07-26,21.06709673736674,21.215826308130502,21.00585544388168,21.0845947265625,26651307
2022-07-27,21.08459496115677,21.137087260628,20.90961840465252,20.92711639404297,25884416
2022-07-28,20.953361439766255,21.172081280813085,20.82212820017819,20.909616470336914,29332577
2022-07-29,20.988355717892407,21.198326564766077,20.848375153309963,20.892118453979492,35680122
2022-08-01,20.89212262037292,20.997108899096528,20.66465540908896,20.804636001586914,36812879
2022-08-02,20.6908971843893,20.839626747039286,20.559665609980488,20.66465187072754,39520497
2022-08-03,20.70839539908193,20.83962697492579,20.48092655555923,20.507173538208008,32041251
2022-08-04,20.603408524212863,20.90961663787186,20.480925946229256,20.865873336791992,31461870
2022-08-05,20.92711613421967,21.08459469937828,20.82212986788057,21.067096710205078,24037130
2022-08-08,21.058345657160324,21.259567506882355,21.005853363471953,21.119586944580078,18678932
2022-08-09,21.1195891804939,21.24207343700065,20.99710659268726,21.023353576660156,21361122
2022-08-10,21.08459492035074,21.1108402356855,20.822130086102323,20.900869369506836,17513592
2022-08-11,20.918365368861487,21.08459291453528,20.795882792417615,20.99710464477539,25841078
2022-08-12,20.997106151392316,21.207077012662232,20.94461385324986,21.198328018188477,21329101
2022-08-15,21.102092832712692,21.259569730247026,20.953363261124622,21.005855560302734,28233868
2022-08-16,21.023351722153244,21.215824581542467,20.857124175721665,20.909616470336914,33441208
2022-08-17,20.883373564629068,20.883373564629068,20.454681158305466,20.612159729003906,56331823
2022-08-18,20.54216970420176,20.682150286921694,20.454681422826763,20.472179412841797,28085193
2022-08-19,20.33219860644624,20.664653738273845,20.235961331122432,20.63840675354004,38374597
2022-08-22,20.524671581021344,20.813383408295714,20.498426264869245,20.54216957092285,30810909
2022-08-23,20.515924643665727,20.542169960315324,20.305952098267785,20.323450088500977,37674728
2022-08-24,20.323448323046083,20.489675878421206,20.25345803689341,20.26220703125,27668510
2022-08-25,20.30595162171243,20.6908990543075,20.30595162171243,20.63840675354004,28182405
2022-08-26,20.62965604945626,20.62965604945626,20.358443904477536,20.463428497314453,27953268
2022-08-29,20.34094602858076,20.51592257587652,20.25345775493288,20.384689331054688,26674263
2022-08-30,20.384689541996508,20.445932502273788,20.227212650240777,20.3671932220459,23044041
2022-08-31,20.410939090102065,20.979610443115234,20.367195781678074,20.979610443115234,81005310
2022-09-01,20.760886925862312,21.067095037277088,20.664651330451925,20.918365478515625,37780591
2022-09-02,20.90961850881483,21.145836360662265,20.76088893565535,20.839628219604492,29159665
2022-09-05,20.743390946177733,20.90961850881483,20.56841605750195,20.839628219604492,31153878
2022-09-06,20.865875348998816,20.97960894399439,20.76088908010279,20.77838706970215,34337064
2022-09-07,20.64715190232991,20.682146206756144,20.48967336066225,20.62090492248535,42395172
2022-09-08,20.664651674502498,20.865873531265265,20.58591239686489,20.69089698791504,25944649
2022-09-09,20.778384913646004,21.049597049493396,20.69964563731935,20.918365478515625,35435266
2022-09-13,20.86587540264991,20.918367702882826,20.69964783842884,20.813383102416992,27334621
2022-09-14,20.734643936157227,20.93586581211627,20.682149966924317,20.734643936157227,21875898
2022-09-15,20.752138137817383,20.979606975161836,20.655902541452402,20.752138137817383,40583136
2022-09-16,20.7608894118308,20.857126687464874,20.52467155456543,20.52467155456543,39881492
2022-09-19,20.585914545676616,20.673401157783825,20.48092827496774,20.54216957092285,28128675
2022-09-20,20.542169730611636,20.59466370072423,20.47217943916169,20.48967742919922,23548580
2022-09-21,20.489675535818996,20.62965610578377,20.402187262416007,20.498424530029297,24972842
2022-09-22,20.445934122805568,20.559667720649166,20.349696846299324,20.48967742919922,23391977
2022-09-23,20.375940143201458,20.568412992675153,20.375940143201458,20.410934448242188,27506334
2022-09-26,20.36719145591761,20.48967402845108,20.16596794128418,20.16596794128418,40268596
2022-09-27,20.139725254953973,20.174719565083024,19.711034526497365,19.859764099121094,60400730
2022-09-28,19.842264339166206,19.851013333092816,19.57979952746773,19.649789810180664,62473767
2022-09-29,19.62354847024832,19.842268356597586,19.41357757959706,19.597301483154297,55438353
2022-09-30,19.59729532434104,19.990991663523474,19.492310746358914,19.89475440979004,42332479
2022-10-10,20.113475389776664,20.507171751711127,20.03473611738977,20.43718147277832,64409084
2022-10-11,20.40218914771174,20.53342073559287,20.314700866224264,20.48967742919922,37252236
2022-10-12,20.472181564707128,20.55092085935103,20.122230071123315,20.305953979492188,44907495
2022-10-13,20.052236482601646,20.33219763153778,19.737279355698455,20.157222747802734,56502513
2022-10-14,20.14847364348156,20.297203211630663,19.99099508088838,20.087230682373047,36385221
2022-10-17,20.157223084607,20.157223084607,19.912256240844727,19.912256240844727,29153462
2022-10-18,19.912254510471428,20.04348608123645,19.693534669629738,19.72852897644043,41531945
2022-10-19,19.70228604524731,19.81601964200586,19.54480747381227,19.571054458618164,33876956
2022-10-20,19.536056532669686,19.676037100289083,19.457317254796276,19.5448055267334,36815463
2022-10-21,19.501063983155355,19.772276148780488,19.431072024335815,19.606048583984375,61041603
2022-10-24,19.58855151492164,19.763528082793922,18.99363318659616,19.09861946105957,71872808
2022-10-25,19.2473487984267,19.509811978197895,19.168609510755303,19.2560977935791,51341475
2022-10-26,19.2560977935791,19.2560977935791,19.2560977935791,19.2560977935791,0
2022-10-27,19.264844397269407,19.413573958997098,18.267480766807232,18.363718032836914,107502338
2022-10-28,18.363720493639804,18.591189363746135,18.013769027591685,18.09250831604004,99698686
2022-10-31,17.751304585782687,18.110005021619884,17.506337742579195,17.72505760192871,98338956
2022-11-01,17.716308450568317,17.856289025817542,17.462592614991546,17.777549743652344,96142880
2022-11-02,17.760051470447205,17.952526009860758,17.541331616531846,17.90003204345703,76192004
2022-11-03,17.80379722726281,17.821295216835384,17.401351810594246,17.480091094970703,74645183
2022-11-04,17.375106235573934,17.73380667295667,17.278868963061456,17.620071411132812,84883320
2022-11-07,17.541332127931714,17.69881069433391,17.471341839386305,17.620071411132812,69465783
2022-11-08,17.64632043150538,17.795050020415452,17.45384753296894,17.54133415222168,78815126
2022-11-09,17.558830328319715,17.672565591510793,17.54133233879799,17.602575302124023,48328720
2022-11-10,17.61132078657738,17.628818774269348,17.40134994037362,17.497587203979492,42333812
2022-11-11,17.71630838981541,17.978771550332645,17.523835516682777,17.891284942626953,97716231
2022-11-14,17.97002456387323,18.022516863227942,17.585077141638433,17.646318435668945,73575498
2022-11-15,17.646317233493754,18.556190924689716,17.5500799673163,18.381216049194336,101353082
2022-11-16,18.284980495819834,18.52119835200075,18.206241210426196,18.41621208190918,55194522
2022-11-17,18.354968708269727,18.61743351943381,18.284978425699297,18.59993553161621,50039275
2022-11-18,18.617435627193007,18.7049222387858,18.33747279651554,18.41621208190918,31691846
2022-11-21,18.35496894175438,18.50369850269595,18.11875110931188,18.45120620727539,24479450
2022-11-22,18.45120774781029,18.72241991027731,18.311227169201498,18.67867660522461,39772057
2022-11-23,18.63492974287142,18.976133828762837,18.617433423843618,18.687423706054688,42562401
2022-11-24,18.809907989605396,18.967386556045273,18.68742540179665,18.70492172241211,24066726
2022-11-25,18.669928680069216,19.107368430457527,18.643681694313837,19.08112144470215,32868081
2022-11-28,18.85365121761915,18.984884468252773,18.564941069885357,18.809907913208008,42766501
2022-11-29,18.89739456715679,18.89739456715679,18.591186456486437,18.6961727142334,63394494
2022-11-30,18.634929781256606,18.76616302078514,18.564939498901367,18.564939498901367,54158729
2022-12-01,18.652429671890086,18.748666945708887,18.53869607722252,18.55619239807129,49977367
2022-12-02,18.512447180351202,18.739916014886326,18.512447180351202,18.6961727142334,36981589
2022-12-05,18.73991745509464,18.941139323482425,18.652429178365146,18.85365104675293,49875326
2022-12-06,18.76616309287414,18.809906393751717,18.591186551963904,18.608684539794922,36275370
2022-12-07,18.65242830476219,18.678675287161763,18.214988610302665,18.30247688293457,62281175
2022-12-08,18.2587335529179,18.416210440973394,18.110003990282152,18.28497886657715,43771186
2022-12-09,18.276229900534997,18.372467167300094,18.206239616169473,18.30247688293457,44792004
2022-12-12,18.249986892936747,18.372469488878536,18.013769027591685,18.09250831604004,34592179
2022-12-13,18.092506353134674,18.153747644461333,17.882535496286113,18.057510375976562,33409532
2022-12-14,18.048761395562767,18.13624966982527,17.900031829926522,18.066259384155273,34451088
2022-12-15,17.987520401592867,18.118751980806373,17.891284800142998,17.952526092529297,38225567
2022-12-16,17.943778494105175,18.24998664855957,17.90878251361887,18.24998664855957,39903558
2022-12-19,18.16249709765477,18.284979683402803,17.80379666622118,17.891284942626953,46247419
2022-12-20,17.89128484662144,18.02251642617586,17.768800592830583,17.830041885375977,31332782
2022-12-21,17.8650377345546,17.970023998662,17.760051470447205,17.90003204345703,27517508
2022-12-22,17.996269656181934,18.092506927723043,17.72505749939346,17.812545776367188,36090866
2022-12-23,17.76880253177764,17.900034125652166,17.69881223713121,17.856290817260742,35590613
2022-12-26,17.86503808871613,17.93502837660855,17.786298806249643,17.8212947845459,29202135
2022-12-27,17.908781147706716,18.022516406912366,17.847539855226785,17.97002410888672,38336910
2022-12-28,17.917529846028724,18.12750070336109,17.900031857409353,18.083757400512695,50317228
2022-12-29,18.284978965107612,18.433708528544802,17.961274524432554,18.197490692138672,53996393
2022-12-30,18.17999606487536,18.416212254570773,18.118753100006003,18.372468948364258,45920545
2023-01-03,18.328725762259154,18.43371036532278,18.19749250537935,18.293729782104492,36799242
2023-01-04,18.354971213164617,18.354971213164617,18.162498327004236,18.223739624023438,27346567
2023-01-05,18.284977243664677,18.34621852836736,18.118749707543223,18.17124366760254,43991625
2023-01-06,18.162496272329182,18.293727846624478,17.996268721581803,18.276229858398438,48849112
2023-01-09,18.319973231987277,18.328722225337636,18.110002397678237,18.17999267578125,35134351
2023-01-10,18.127500647642975,18.241235904619277,18.0225160536495,18.04876136779785,40813046
2023-01-11,18.179996304158955,18.477455462638858,18.171247309062466,18.214990615844727,64529304
2023-01-12,18.241237897698017,18.28498120519145,18.07501032556258,18.09250831604004,47777789
2023-01-13,18.110005918384356,18.363720100069063,18.066260943128245,18.311227798461914,51529502
2023-01-16,18.30247861771601,18.459957189639884,18.241237321678984,18.346221923828125,60545144
2023-01-17,18.302479195668912,18.41621279637197,18.08375932080131,18.09250831604004,67700842
2023-01-18,18.136247829225354,18.21498710120056,18.075006544066827,18.110002517700195,42253375
2023-01-19,18.110004757724706,18.110004757724706,17.838790934619308,17.86503791809082,80667736
2023-01-20,17.961274373092895,18.398714065551758,17.891284089047478,18.398714065551758,123271384
2023-01-30,18.47745534051611,18.51244965197059,18.284980787065827,18.293729782104492,65850507
2023-01-31,17.987518174137374,18.28497727349265,17.987518174137374,18.18874168395996,67178890
2023-02-01,18.241233975405052,18.267479286777668,18.031263140924832,18.18874168395996,51426955
2023-02-02,18.197492557563205,18.389967111565433,18.066260969007256,18.328725814819336,58870814
2023-02-03,18.24998458683543,18.34622018490052,18.179994302469908,18.30247688293457,45238723
2023-02-06,18.21498845710447,18.381216006837025,18.144998173327604,18.354969024658203,38557113
2023-02-07,18.381217392279282,18.70492185338328,18.3637194028412,18.634931564331055,62851237
2023-02-08,18.634929757139364,18.783659315539253,18.60868444422759,18.6961727142334,38867157
2023-02-09,18.696174753399376,18.80115935389691,18.599937479026522,18.626184463500977,36975075
2023-02-10,18.634931682341193,18.661178666664537,18.45120779817817,18.55619239807129,28584682
2023-02-13,18.494951447092447,18.564941737888724,18.407464835122223,18.468706130981445,33515674
2023-02-14,18.47745305006113,18.547443332994316,18.416210092382112,18.512447357177734,25568128
2023-02-15,18.503700362202128,18.556192662897836,18.33747279651554,18.41621208190918,34634852
2023-02-16,18.389967111565433,18.503700709993872,18.214990547690714,18.328725814819336,49790837
2023-02-17,18.3199751259598,18.424959719618005,18.136249584007896,18.16249656677246,44943465
2023-02-20,18.13625085531821,18.582439581392485,18.13625085531821,18.52994728088379,51260603
2023-02-21,18.529945263255314,18.652427840672498,18.477452968462227,18.608684539794922,36978759
2023-02-22,18.60868651242721,18.66117881278479,18.494951248168945,18.494951248168945,24314623
2023-02-23,18.512447496716042,18.564939792136602,18.416210231195027,18.45120620727539,35605674
2023-02-24,18.407463045546,18.486200654924286,18.372467069200095,18.389965057373047,41600147
2023-02-27,18.346222136246663,18.486202719866363,18.284980839500566,18.328725814819336,30654965
2023-02-28,18.37246679131136,18.547443332994316,18.319974496286463,18.512447357177734,37009183
2023-03-01,18.503700151489465,18.766164989379465,18.477454835790557,18.591188430786133,70093378
2023-03-02,18.512451033125156,18.608688317030254,18.416213749220063,18.582441329956055,56860764
2023-03-03,18.591186399468555,18.731166963568555,18.547443098949785,18.661176681518555,62429629
2023-03-06,18.704920121121873,18.783659397601102,18.54744323686338,18.59993553161621,62327407
2023-03-07,18.608684579016916,18.704920174890415,18.459955019539724,18.4862003326416,64587484
2023-03-08,18.42496119651075,18.47745516624765,18.24123730853209,18.337472915649414,68185012
2023-03-09,18.35496924974276,18.35496924974276,18.18874336667179,18.197490692138672,53323480
2023-03-10,18.11875158160117,18.24123583237517,18.11875158160117,18.15374755859375,48071143
2023-03-13,18.15374923794866,18.3637201132279,18.118753257718694,18.319976806640625,57281864
2023-03-14,18.30247661821817,18.503698474271193,18.26748064219157,18.43370819091797,72088673
2023-03-15,18.459955327212256,18.51244762299087,18.276229788937112,18.381216049194336,54304126
2023-03-16,18.337472534810477,18.634931682341193,18.293729229638366,18.55619239807129,81140240
2023-03-17,18.634929992302467,18.8099065345222,18.547443389892578,18.547443389892578,63824085
2023-03-20,18.529947695185136,18.68742626893235,18.302478829628072,18.328725814819336,49795580
2023-03-21,18.346222123112916,18.459957390160117,18.302478816525642,18.319976806640625,38445197
2023-03-22,18.503700495751996,18.564941791789025,18.30247861771601,18.346221923828125,49053426
2023-03-23,18.328723865334144,18.354969179033713,18.206239616169473,18.30247688293457,53213263
2023-03-24,18.30247524528656,18.363716530039213,18.136247709029455,18.17999267578125,62181759
2023-03-27,18.188744143559514,18.21498945848119,17.74255543419008,17.777549743652344,123232225
2023-03-28,17.830040405145336,17.830040405145336,17.515084974102,17.655065536499023,129854130
2023-03-29,17.74255666707209,18.188745407445968,17.690062696180906,18.12750244140625,176296890
2023-03-30,18.066258528532803,18.599935474428964,18.066258528532803,18.564939498901367,159621891
2023-03-31,18.564941446387092,18.66992771528312,18.494951156689783,18.591188430786133,72290018
2023-04-03,18.54744348702213,18.59118678845615,18.4424572274005,18.4599552154541,41684038
2023-04-04,18.451205986715703,18.63492985284148,18.42495900496918,18.608684539794922,52356977
2023-04-06,18.58243769711654,18.617433673040477,18.468704112763696,18.547443389892578,24502746
2023-04-07,18.556190783870573,18.599935753937444,18.381215909703045,18.44245719909668,29018013
2023-04-10,18.529949024507957,18.626186308413054,18.451209731985664,18.582441329956055,32278514
2023-04-11,18.62618445014081,18.652429765896297,18.459956885988785,18.617435455322266,40730152
2023-04-12,18.634931460765447,18.801159022103196,18.5649411721022,18.72241973876953,41829940
2023-04-13,18.69617480563108,18.766165095725015,18.4599569508015,18.503700256347656,46973874
2023-04-14,18.55619239807129,18.696174645762326,18.529947082448075,18.55619239807129,38191401
2023-04-17,18.54744495454086,18.634931564331055,18.486201991507563,18.634931564331055,42052138
2023-04-18,18.634929838551443,18.68742380200424,18.52119625513698,18.59993553161621,41355933
2023-04-19,18.61743374196419,18.669926037344453,18.416210217056555,18.44245719909668,72376937
2023-04-20,18.451206025605774,18.521196308377395,18.354968761032307,18.4862003326416,47577894
2023-04-21,18.494949466038648,18.748665285936426,18.407462863439395,18.424959182739258,70033486
2023-04-24,18.503698657269886,18.582437935408482,18.36371808917905,18.398714065551758,47108007
2023-04-25,18.381217692315726,18.564941578314198,18.354970707730168,18.521198272705078,48418881
2023-04-26,18.52994728088379,18.704922172146155,18.494951301411227,18.52994728088379,45345100
2023-04-27,18.626181530846573,19.177354768427858,18.564938576715427,19.151107788085938,94561177
2023-04-28,19.08986839008195,19.212350973054416,18.914893509935577,19.14236068725586,66015641
2023-05-04,19.14235975010669,19.73727798461914,19.002379185362578,19.73727798461914,85629994
2023-05-05,19.61479619319054,19.61479619319054,19.299839075552683,19.334835052490234,61381674
2023-05-08,19.3348346753043,19.606046816479385,19.25609539743089,19.5448055267334,68970395
2023-05-09,19.483563635425046,20.20096443949944,19.439818666457132,19.903505325317383,97493818
2023-05-10,19.903505769069568,20.305949480347294,19.58854866027832,19.58854866027832,68545226
2023-05-11,19.7110341879714,20.14847390362252,19.614796916544126,19.947250366210938,53842282
2023-05-12,19.982246255900332,20.253458411166296,19.859763670044753,20.043487548828125,68203507
2023-05-15,19.94725016312884,20.13097570955585,19.868510881617272,20.12222671508789,53032288
2023-05-16,20.122226660149337,20.235960250522155,19.868510827371423,20.087230682373047,56416956
2023-05-17,20.10472688491049,20.235958452511227,19.95599732997634,20.01723861694336,45011722
2023-05-18,20.052234405849628,20.358442506547966,20.04348541226397,20.192214965820312,46870802
2023-05-19,20.130975941978637,20.19221723526135,19.955999387999388,19.96474838256836,36188627
2023-05-22,20.06973590492044,20.402189375850156,19.999745612687853,20.323450088500977,58294305
2023-05-23,20.33219763153778,20.41093691326358,20.157222747802734,20.157222747802734,33097802
2023-05-24,20.15722314836013,20.192217458322506,19.798521041870117,19.798521041870117,47676819
2023-05-25,19.789773810162874,19.94725070879378,19.70228553179007,19.859764099121094,36926960
2023-05-26,19.87725854936325,19.97349581338731,19.719781665551096,19.73727798461914,27560741
2023-05-29,19.789773355600072,20.060985510496028,19.781024361093742,20.025989532470703,40164380
2023-05-30,20.017238907234077,20.069732869995576,19.667287498990465,19.903505325317383,45108675
2023-05-31,19.781025037778956,19.807270353495692,19.369830625415307,19.69353675842285,72571854
2023-06-01,19.63229552845571,19.77227610840868,19.527309259140914,19.579801559448242,38815383
2023-06-02,19.667290012176622,19.676039007088196,19.47481713022246,19.53605842590332,39196216
2023-06-05,19.58854684294025,19.77227236225657,19.55355253893227,19.641040802001953,31618493
2023-06-06,19.641044682797645,19.746029284264896,19.483566111896614,19.52730941772461,28642997
2023-06-07,19.597297822415673,19.684786094352795,19.501062225114833,19.5448055267334,32193766
2023-06-08,19.58855021605178,19.842266055773273,19.553555906017845,19.82476806640625,28975656
2023-06-09,19.816018866234884,20.052236714139823,19.79852087704931,19.999744415283203,37542101
2023-06-12,19.982246978338136,20.017241288976308,19.571054233313802,19.579801559448242,48973114
2023-06-13,19.588550686710565,19.667289972053943,19.43107211602381,19.509811401367188,41725257
2023-06-14,19.579798028061397,19.702282264954253,19.466064453125,19.466064453125,36401569
2023-06-15,19.52730769284102,19.5797999889379,19.28234253192223,19.492313385009766,44324254
2023-06-16,19.509809831425674,19.676037383629932,19.308587971162634,19.42232322692871,58476997
2023-06-19,19.35233291420879,19.43107052440253,19.151109385535857,19.40482521057129,47313924
2023-06-20,19.352334936934774,19.483566525907484,19.317338956568616,19.326087951660156,31614674
2023-06-21,19.422323326134087,19.597298204721767,19.326086058255846,19.334835052490234,40552640
2023-06-26,19.334832876847205,19.474813431446112,19.159856349248653,19.45731544494629,56234619
2023-06-27,19.457319580107374,19.48356656543524,19.168609416301607,19.35233497619629,38132365
2023-06-28,19.369828707402014,19.68478581441667,19.334834400344814,19.667287826538086,56781300
2023-06-29,19.667290227483033,19.676039222490385,19.326087765697128,19.361082077026367,49900268
2023-06-30,19.36108031053909,19.448568583930097,19.264844711639,19.29983901977539,41402656
2023-07-03,19.326087990868423,19.448570584998084,19.317338995759133,19.35233497619629,37126695
2023-07-04,19.352331057612204,19.439817653589863,19.23859581292148,19.291088104248047,34503954
2023-07-05,19.317338930382412,19.448570519177228,19.264846628604523,19.308589935302734,30686839
2023-07-06,19.30859008272554,19.38732937034365,19.194856483221717,19.24734878540039,34855630
2023-07-07,19.212352804814476,19.31733907787202,19.194856483221717,19.24734878540039,50686848
2023-07-10,19.291092092432585,19.352335058457935,19.203605478368196,19.24734878540039,33673155
2023-07-11,19.291092092432585,19.291092092432585,19.124866190750087,19.24734878540039,48549340
2023-07-12,19.203605186052854,19.40482706525829,19.151111215973042,19.369831085205078,50524580
2023-07-13,19.369830742228707,19.72853118792182,19.31733844177853,19.614797592163086,64738173
2023-07-14,19.579799541662744,19.72852910112305,19.518558252832026,19.658538818359375,38716992
2023-07-17,19.66728800855294,19.71978197267451,19.527307441628718,19.632293701171875,19692852
2023-07-18,19.658540884398885,19.71103485351354,19.579801599427046,19.606048583984375,26852118
2023-07-19,19.527307289160348,19.70228383079941,19.527307289160348,19.684785842895508,33067242
2023-07-20,19.754780068317817,19.78102705541184,19.597301483154297,19.597301483154297,43441048
2023-07-21,19.645776748657227,19.873158419973205,19.60939484855012,19.645776748657227,55037050
2023-07-24,19.554822960267078,19.718538034709237,19.52753653626525,19.609394073486328,27695910
2023-07-25,19.68215648538641,19.68215648538641,19.3274416409887,19.400203704833984,76403811
2023-07-26,19.40020374227421,19.463870331413652,19.300155253749697,19.454774856567383,48259584
2023-07-27,19.43658670530994,19.545728939868994,19.281967094030826,19.30925178527832,41365168
2023-07-28,19.30015398690854,19.454773579577164,19.227391927698854,19.409297943115234,58936112
2023-07-31,19.400204446207816,19.691252712711297,19.400204446207816,19.518442153930664,66832972
2023-08-01,19.554823805151862,19.754919052124023,19.50934816463507,19.754919052124023,48913543
2023-08-02,19.736729090120697,19.7549183047686,19.573014014798634,19.636680603027344,32253850
2023-08-03,19.6821569503035,19.736729800564877,19.591205669436842,19.700347900390625,34163438
2023-08-04,19.70034974544808,19.845873890205333,19.53663464890001,19.59120750427246,40381332
2023-08-07,19.600299165306136,19.964111223374445,19.573014475300134,19.936824798583984,55382078
2023-08-08,19.86406301396837,20.109635636191193,19.86406301396837,20.100540161132812,38844748
2023-08-09,20.091445356039344,20.155111948786534,19.83677725026603,20.109636306762695,41577714
2023-08-10,20.10963687408811,20.155112517394894,19.98230195021686,20.091445922851562,23060030
2023-08-11,20.082347384811214,20.10963380750504,19.782203674316406,19.782203674316406,32019540
2023-08-14,19.73673187432483,19.96411356995168,19.600301469120982,19.83677864074707,55076635
2023-08-15,19.827683526769643,20.082351655044032,19.79130335689313,20.027780532836914,45695084
2023-08-16,20.036873926430587,20.073254092525858,19.83677694116079,19.89134979248047,25178833
2023-08-17,19.845873386805444,20.136921668937372,19.800397743266554,20.118732452392578,37276997
2023-08-18,20.064157485961914,20.255158985241895,20.055062011254826,20.064157485961914,28602655
2023-08-21,20.064159189279547,20.146016733808082,19.873159408569336,19.873159408569336,31102219
2023-08-22,19.95501712302162,20.100541262359414,19.81858845924051,20.00958824157715,41603369
2023-08-23,20.03687339316355,20.182397523240645,19.927729428213492,19.964111328125,33748678
2023-08-24,19.9368246187288,20.000491207881065,19.78220501587997,19.800395965576172,38803475
2023-08-25,19.782205508725863,20.19149321316502,19.754919083501754,20.15511131286621,46090226
2023-08-28,20.464351853728093,20.509827497266983,20.000493003536107,20.118732452392578,74975981
2023-08-29,20.118730827618137,20.264254956931676,19.90953837379352,19.936824798583984,53386187
2023-08-30,20.009586228612537,20.136919404027246,19.927728691621827,19.9822998046875,33400727
2023-08-31,19.9641107337528,20.15511049824836,19.918633360217367,20.064157485961914,47313602
2023-09-01,20.01868469116242,20.064160336373927,19.782207519536332,19.83677864074707,53041577
2023-09-04,19.918632847193702,19.927728321666525,19.627584603200837,19.709442138671875,74823274
2023-09-05,19.709441137806373,19.936822783727173,19.663965502535927,19.909536361694336,58410844
2023-09-06,19.845874116746305,19.96411356995168,19.82768316474784,19.83677864074707,24971636
2023-09-07,19.873159408569336,19.94592147761864,19.718539794991496,19.873159408569336,43893255
2023-09-08,19.84587231259469,19.909538904016852,19.745823820483004,19.864063262939453,28667854
2023-09-11,19.85496796148494,20.06415868792647,19.85496796148494,20.000492095947266,38344647
2023-09-12,19.973207039096355,20.082351014815767,19.909540442753634,20.07325553894043,31843404
2023-09-13,20.10053844215251,20.309729146252007,20.01868090841195,20.236967086791992,63334136
2023-09-14,20.34611298920788,20.737208011968253,20.246064497337937,20.637161254882812,79022797
2023-09-15,20.637161648903856,20.728114667359947,20.373398068859654,20.482542037963867,49541759
2023-09-18,20.42796961557034,20.51892263593895,20.300636427925028,20.38249397277832,39691537
2023-09-19,20.35520399475499,20.52801452982575,20.28244193811219,20.491634368896484,29739454
2023-09-20,20.4825407342414,20.57349374690829,20.38249224682938,20.5189208984375,28007733
2023-09-21,20.528018007584805,20.591684601085316,20.34611370255257,20.355207443237305,36365479
2023-09-22,20.40977919765822,20.50982595286713,20.300635232685043,20.44615936279297,44917825
2023-09-25,20.54620852641843,20.60987511857997,20.355207015149265,20.45525550842285,34086051
2023-09-26,20.50073341969289,20.50073341969289,20.309731903440348,20.38249397277832,25716599
2023-09-27,20.42796991316004,20.43706538880786,20.1733035341595,20.20058822631836,39799705
2023-09-28,20.246061889119453,20.355204107294945,20.218775467183438,20.22787094116211,34407402
2023-10-09,20.236968120476124,20.664445024790755,20.236968120476124,20.5189208984375,54393412
2023-10-10,20.646257262920187,20.646257262920187,20.409780107259625,20.56439971923828,36118046
2023-10-11,20.61897009603442,20.819065342965974,20.555303505410038,20.58258819580078,40765737
2023-10-12,20.819066769129563,20.819066769129563,20.50073379420097,20.573495864868164,29530565
2023-10-13,20.509823816590078,20.71901624976742,20.509823816590078,20.682634353637695,35919404
2023-10-16,20.719018936157227,20.919114186461826,20.637161394036134,20.719018936157227,47498027
2023-10-17,20.74630373205962,20.91001881713079,20.673541664781823,20.882732391357422,41697326
2023-10-18,20.964591349575354,21.08283080112649,20.7917825123616,20.873640060424805,49801308
2023-10-19,20.79177925633057,20.91001695458083,20.491635538696755,20.509824752807617,48766564
2023-10-20,20.509827126698458,20.628066573418597,20.327922821044922,20.327922821044922,62885148
2023-10-23,20.32792278743891,20.58258916188976,20.19149412472816,20.273351669311523,53843591
2023-10-24,20.337017375835796,20.61897016444401,20.17330229381022,20.5553035736084,53307701
2023-10-25,20.55530252373702,20.57349347298508,19.91863317833007,19.9277286529541,100522854
2023-10-26,19.873160009633818,20.327923388642443,19.84587358237084,20.30973243713379,66648935
2023-10-27,20.3006329982072,20.437061638318706,20.200584519226094,20.22787094116211,54844060
2023-10-30,20.246062293771843,20.537110527769304,20.227871345450925,20.418872833251953,72835649
2023-10-31,20.35520837912308,20.600781023731255,20.25516161393003,20.528018951416016,63752699
2023-11-01,20.537112659290546,20.682636791393044,20.373397576979112,20.609874725341797,59046355
2023-11-02,20.70992402770674,20.78268609660735,20.582589106042253,20.700828552246094,43439733
2023-11-03,20.70082901711845,20.891828801727566,20.618971470918943,20.655351638793945,54743002
2023-11-06,20.68263423138999,20.709920653326005,20.17329983207436,20.22787094116211,100246599
2023-11-07,20.22787295340133,20.318825967451637,20.164206364001455,20.255159378051758,35299090
2023-11-08,20.273353038293305,20.41887718631607,20.273353038293305,20.346115112304688,32313709
2023-11-09,20.34611463802024,20.600781023731255,20.300637258582814,20.528018951416016,52544027
2023-11-10,20.528018951416016,20.609876499618743,20.337019162132755,20.528018951416016,43730248
2023-11-13,20.473443421039715,20.509823581968984,20.318823833825725,20.491634368896484,32429337
2023-11-14,20.491639260327453,20.573496810438343,20.33701963620518,20.346115112304688,47746930
2023-11-15,20.34611285092438,20.57349452378557,20.34611285092438,20.5553035736084,48039581
2023-11-16,20.518922973389632,20.67354259012375,20.48254280551463,20.655351638793945,71263004
2023-11-17,20.600780557127983,20.709924530521075,20.455256415793595,20.573495864868164,40668574
2023-11-20,20.609875962711087,20.6826380331308,20.54620936794191,20.600780487060547,34358561
2023-11-21,20.573495331731042,20.728114944740128,20.564399856285267,20.646257400512695,47189784
2023-11-22,20.646257400512695,20.71901946929435,20.55530438083949,20.646257400512695,33804688
2023-11-23,20.618971508490933,20.673542627795175,20.437065464430646,20.573495864868164,40390383
2023-11-24,20.53711399442843,20.7826866338605,20.518923043036885,20.628067016601562,55393394
2023-11-27,20.628066312149866,20.664446478905965,20.455255749400887,20.56439971923828,52688942
2023-11-28,20.564398233930113,20.573493708658336,20.41887410784742,20.4643497467041,38065817
2023-11-29,20.500730866593965,20.500730866593965,20.373395960021988,20.427967071533203,53049106
2023-11-30,20.491636633393288,20.764493942260742,20.43706378379223,20.764493942260742,93251429
2023-12-01,20.809968764429293,20.819064239005403,20.573493364588032,20.673540115356445,57668131
2023-12-04,20.673542092065468,20.700828518402798,20.573495331731042,20.646257400512695,36736002
2023-12-05,20.637161683645846,20.755399393488634,20.491637547784933,20.537113189697266,65955134
2023-12-06,20.509825385560784,20.53711180974545,20.36430125947809,20.4643497467041,60731004
2023-12-07,20.42796865715268,20.60077921426684,20.40068396667141,20.5553035736084,46134177
2023-12-08,20.50982753509784,20.600780557127983,20.4188762478523,20.573495864868164,65214067
2023-12-11,20.482542378854603,20.791781605881248,20.32792276534128,20.755399703979492,91325635
2023-12-12,20.673542990940017,20.928211110140918,20.664447515098775,20.900924682617188,54746391
2023-12-13,20.891827970292585,20.96459003793147,20.837256853259554,20.910018920898438,45780951
2023-12-14,20.91001835469629,20.99187589542156,20.74630327324575,20.92820930480957,46382391
2023-12-15,20.919114186461826,21.055542845068803,20.709923460945493,20.719018936157227,66077881
2023-12-18,20.719018618583593,20.98278045654297,20.719018618583593,20.98278045654297,46320284
2023-12-19,20.98277911426416,21.037350226422664,20.891826104143743,20.964588165283203,56328793
2023-12-20,20.97368463145588,21.355685904196005,20.95549541639927,21.191970825195312,70038502
2023-12-21,21.173781430366088,21.246543494328122,21.00097087791208,21.0555419921875,69287699
2023-12-22,21.064639477654197,21.191972668045626,21.019163833881432,21.08283042907715,55368791
2023-12-25,21.082831289978884,21.301117511614006,21.01916469218339,21.282926559448242,44247999
2023-12-26,21.282925559805754,21.55578462512219,21.264734608494404,21.401165008544922,61519717
2023-12-27,21.364783105922225,21.45573612769437,21.228354440656307,21.401165008544922,56278543
2023-12-28,21.41935324091435,21.63764117705164,21.082829331039697,21.173782348632812,90728328
2023-12-29,21.191971599355014,21.246544450871806,21.019162773905403,21.22835350036621,62846850
2024-01-02,21.228354605989743,21.61945138830674,21.210163654536718,21.537593841552734,68880298
2024-01-03,21.52849783247123,21.646735544417407,21.46483123874755,21.610355377197266,60752512
2024-01-04,21.6467342376709,21.810449317239993,21.473925417934154,21.6467342376709,61342335
2024-01-05,21.628544985683934,21.78316459003736,21.51940102122909,21.5921630859375,70563121
2024-01-08,21.59216358102278,21.664925647399546,21.40116380732796,21.46483039855957,65439403
2024-01-09,21.464832275031902,21.537594347769584,21.191973201177106,21.410261154174805,80150503
2024-01-10,21.382973110094746,21.501210818812083,21.110114056864347,21.22835350036621,67243039
2024-01-11,21.264734738952814,21.27383021466429,21.019163833881432,21.08283042907715,60919882
2024-01-12,21.000972753618242,21.45573612769437,21.000972753618242,21.401165008544922,62005621
2024-01-15,21.355685622054537,21.51030522409193,21.282923558436025,21.373876571655273,40987662
2024-01-16,21.301115775237555,21.437544435790336,21.191971805924606,21.419353485107422,57834255
2024-01-17,21.419351922343715,21.464829295732958,21.210161209106445,21.210161209106445,66509131
2024-01-18,21.191970259750747,21.301114221100516,20.80996899720319,21.210161209106445,122738921
2024-01-19,21.191970545216773,21.39206752125601,21.02825720316345,21.373876571655273,94494749
2024-01-22,21.064638841906458,21.35568711675114,20.982781297758322,21.128305435180664,110790646
2024-01-23,21.064638277138357,21.237448836238343,20.855447552050464,21.146495819091797,85306405
2024-01-24,21.201065922860494,21.710402100640422,21.17378123336886,21.692211151123047,108649042
2024-01-25,21.70130676863376,21.919592959924866,21.564876381140433,21.77406883239746,82891286
2024-01-26,21.69221018313751,22.00144937199579,21.655828285726255,21.946876525878906,71370324
2024-01-29,21.910497947335884,22.283403748839834,21.883211522304688,22.0742130279541,69416961
2024-01-30,22.065117944213082,22.15607096114541,21.83773626927451,21.919593811035156,79784398
2024-01-31,21.901403206104728,22.24702259415703,21.85592756431361,22.19245147705078,88550152
2024-02-01,22.101497471201007,22.22883238513905,21.965068817138672,21.965068817138672,66074108
2024-02-02,22.02873632186434,22.301595376108967,21.96506972964262,22.083309173583984,101817510
2024-02-05,22.146974503230517,22.62902252244795,22.092403389406446,22.519880294799805,114937132
2024-02-06,22.465310311310617,22.9746447804593,22.356166343386498,22.48349952697754,126603040
2024-02-07,22.547166681056602,22.55626042102491,22.046925978362708,22.465309143066406,135642238
2024-02-08,22.383453299793423,22.501691010962258,22.192451785093542,22.410737991333008,87497217
2024-02-19,22.356167122729634,23.001932007991165,22.283405053171883,22.920074462890625,87245684
2024-02-20,22.901880847075585,23.393024325747657,22.8382142604685,23.229310989379883,68608378
2024-02-21,23.211121597819698,23.374836679956722,23.09288215637207,23.09288215637207,79877592
2024-02-22,23.192931492663465,23.356646580765442,23.065598306266175,23.238407135009766,66689215
2024-02-23,23.19293116862261,23.411217371447265,23.029216082807984,23.365741729736328,61030579
2024-02-26,23.183837266309798,23.229314645890835,22.674502758494732,22.69269371032715,80588451
2024-02-27,22.656310468309545,22.774549913450954,22.574452924683815,22.674501419067383,54655099
2024-02-28,22.574452081915283,23.138359390864213,22.36526136036345,23.011024475097656,120223309
2024-02-29,22.920072200073548,23.02921442624266,22.738166176745818,22.783641815185547,76228710
2024-03-01,22.783642448786413,22.87459546297963,22.64721379488881,22.73816680908203,57112914
2024-03-04,22.71088295226948,23.165646339870438,22.619931662577006,23.147457122802734,86329895
2024-03-05,23.05650346816304,23.647695508929353,23.038312516807867,23.593124389648438,98844338
2024-03-06,23.556741112458322,23.92055144441131,23.474883570920838,23.520360946655273,87775400
2024-03-07,23.511264168698872,23.756836779703622,23.465786795484433,23.556739807128906,76693945
2024-03-08,23.574931958289024,23.72955156553197,23.429407826152662,23.493074417114258,61448903
2024-03-11,23.43850259458333,23.638597836541788,23.256596567505138,23.429407119750977,76887209
2024-03-12,23.374836573976207,23.420312214459422,22.51988100157279,22.583547592163086,159072692
2024-03-13,22.58354953102328,22.674502554582766,22.292501243460645,22.638120651245117,129403361
2024-03-14,22.51987958401921,22.62902180822257,22.365259987410806,22.456212997436523,99913194
2024-03-15,22.456212260418354,22.674498436445244,22.428925837870874,22.474401473999023,73946991
2024-03-18,22.456217380735424,22.6199324837809,22.38345530546907,22.438026428222656,80008345
2024-03-19,22.438023885633456,22.7199766784927,22.374357293837935,22.48349952697754,79130509
2024-03-20,22.48349871629791,22.938262052479548,22.428927601695758,22.73816680908203,104635892
2024-03-21,22.783644327252453,22.82912170549081,22.665406613401924,22.683597564697266,66811218
2024-03-22,22.674500888168748,22.82002502125508,22.52897675508241,22.747262954711914,77408692
2024-03-25,22.82002300100605,22.82911847536679,22.68359435516366,22.719974517822266,67464484
2024-03-26,22.738167873399963,22.756358824046973,22.465310552832978,22.59264373779297,76837709
2024-03-27,22.54716742673341,22.756358148611373,22.52897647662633,22.583547592163086,72631540
2024-03-28,22.610833450899907,22.75635757854205,22.419831949129318,22.60173797607422,81593841
2024-03-29,22.583548400062732,22.710881585798518,22.574452924683815,22.674501419067383,34268867
2024-04-01,22.692690739651574,22.729070903769266,22.43802265169004,22.49259376525879,87831553
2024-04-02,22.483500060079496,22.592644030591508,22.32888044714514,22.410737991333008,92854480
2024-04-03,22.37435637292586,22.392547322628573,22.065117167117517,22.228832244873047,115308126
2024-04-08,22.20154648024632,23.11107317500376,22.183355530002896,23.065597534179688,179639804
2024-04-09,22.920074928075437,23.074694545871882,22.729073407369427,22.874597549438477,104343345
2024-04-10,22.874596268887068,23.40212168805193,22.865500793668854,23.311168670654297,112399910
2024-04-11,23.265691862457068,23.338453925768892,22.983739083971805,23.292978286743164,68916555
2024-04-12,23.238406393109393,23.32026393454703,23.056502094747035,23.120168685913086,62788587
2024-04-15,23.129264122014273,23.584027469329428,23.12016864689383,23.547645568847656,78534769
2024-04-16,23.474884273772574,23.79321897430675,23.356646562891935,23.584028244018555,83440594
2024-04-17,23.5112655424249,23.738647217429428,23.22021727598463,23.62950325012207,81773935
2024-04-18,23.57493029718392,23.820502903405007,23.465786338379758,23.602216720581055,84898080
2024-04-19,23.556742519265754,23.72955308780785,23.402122902103798,23.647695541381836,77485367
2024-04-22,23.584027537898983,23.82050468736455,23.474883570920838,23.520360946655273,64125192
2024-04-23,23.502169856245,23.693169628837417,23.2838836583746,23.43850326538086,57550366
2024-04-24,23.556740972016478,23.593122872387124,23.347550249238736,23.43850326538086,56309187
2024-04-25,23.420310262040584,23.51126327020926,23.247499719998533,23.356643676757812,42847022
2024-04-26,23.29297750940625,23.520359166515536,23.238404662655274,23.256595611572266,69028833
2024-04-29,23.25659737921023,23.338454920773977,23.01102475451899,23.174739837646484,77653000
2024-04-30,23.10197894688481,23.665886291378293,23.065598779218714,23.456695556640625,88274253
2024-05-06,23.45669368403305,23.45669368403305,23.129263527254828,23.1656436920166,110588987
2024-05-07,23.165643617267403,23.202025516696235,23.02921496397818,23.056501388549805,63482761
2024-05-08,23.056502521944807,23.238406823677543,23.02012062072754,23.02012062072754,60627239
2024-05-09,23.056502059057976,23.10197769988205,22.883691501314402,23.065597534179688,68681549
2024-05-10,23.065597605417825,23.211121738245705,22.974644588704273,23.174739837646484,79808793
2024-05-13,23.192930466870838,23.374836497779693,23.065597286105326,23.302074432373047,92647353
2024-05-14,23.302075566416946,23.302075566416946,23.08378762478909,23.26569366455078,60506173
2024-05-15,23.23840642891062,23.36574134622339,23.14745514698157,23.174739837646484,44384153
2024-05-16,23.183835277079137,23.2293126527581,23.1019777356415,23.120168685913086,57841400
2024-05-17,23.14745566350759,23.51126600369557,23.13836018815482,23.447599411010742,94950720
2024-05-20,23.411215825296573,23.793217088707287,23.338453762493792,23.63859748840332,91014753
2024-05-21,23.693168180904763,23.8750742020724,23.629501593931405,23.738645553588867,64932506
2024-05-22,23.793218333690852,23.838693974777954,23.58402760903497,23.62950325012207,56950230
2024-05-23,23.693169451579347,23.956933022939737,23.611311911142295,23.784122467041016,77312597
2024-05-24,23.83869375900536,24.147932972995243,23.765931693053886,23.920551300048828,77715134
2024-05-27,23.929645264006307,24.28436183105615,23.929645264006307,24.11155128479004,78000895
2024-05-28,24.12064820937945,24.402600997238576,24.084266309121762,24.29345703125,67259257
2024-05-29,24.284364030028726,24.34803062263279,24.020600449486707,24.2752685546875,62051985
2024-05-30,24.24798089345715,24.5117444605629,24.1934097789742,24.28436279296875,53980515
2024-05-31,24.338935682592886,24.575412842312208,24.175220592419155,24.20250701904297,70818931
2024-06-03,24.457171344749522,25.01198316276366,24.32983816741556,24.94831657409668,114876331
2024-06-04,24.948319749999012,25.193892395933805,24.8300802976076,24.99379539489746,79276175
2024-06-05,25.048366955236787,25.53951048692411,25.00288957790537,25.43036651611328,88722153
2024-06-06,25.37579437198069,25.81236676800123,25.248461190170822,25.494033813476562,106120323
2024-06-07,25.46674829660828,25.803273948118665,25.375795277163483,25.748701095581055,86811639
2024-06-11,25.757797745993532,25.91241736566758,25.393987386403012,25.630464553833008,87333796
2024-06-12,25.539511061950677,25.92151236621256,25.466748991366728,25.812368392944336,75624228
2024-06-13,25.82146003592377,26.194365809164005,25.75779345046095,26.10341453552246,89282721
2024-06-14,26.057940410383562,26.167084381049357,25.22117575122767,25.375795364379883,242643011
2024-06-17,25.23936603532445,25.52131882781724,25.09384190147111,25.36669921875,106730295
2024-06-18,25.36669907916572,25.412176454984966,25.09384176338827,25.284841537475586,65893578
2024-06-19,25.2666546943445,25.530416559724017,25.21208183823729,25.503131866455078,53659074
2024-06-20,25.530413102895622,25.83055683170703,25.47584198896203,25.775985717773438,65568919
2024-06-21,25.775986954715,25.939702039156593,25.49403416194588,25.766891479492188,74296501
2024-06-24,25.830556289877066,26.37627262211917,25.785080651683725,26.27622413635254,106929642
2024-06-25,26.258036513077283,26.303512154026265,25.73960483842255,26.057939529418945,88021088
2024-06-26,26.094321430005735,26.258036513077283,25.812366904811626,26.057939529418945,51424125
2024-06-27,26.012463500448828,26.330798186696708,25.994272550426782,26.21255874633789,66550911
2024-06-28,26.21255765435679,26.403559152062435,25.9942714675392,26.303510665893555,72366983
2024-07-01,26.303512662874436,26.96746674836718,26.303512662874436,26.812847137451172,72351910
2024-07-02,26.803751662128523,26.88560920524785,26.594560934061143,26.812847137451172,58289049
2024-07-03,26.749180267629626,26.84922876035691,26.376274457190046,26.649131774902344,73251987
2024-07-04,26.576367949743894,26.87651167328571,26.558178735274996,26.730987548828125,66193048
2024-07-05,26.730987548828125,26.730987548828125,26.730987548828125,26.730987548828125,0
2024-07-08,26.57637186612995,27.331279023543544,26.55818264898063,27.213041305541992,100897073
2024-07-09,27.203944399847465,27.585945696461337,27.11299137974234,27.5677547454834,85724564
2024-07-10,27.540467930000876,27.667801107457937,27.167562137632835,27.376752853393555,76596809
2024-07-11,27.404037685658423,27.467706009502894,27.01294267646334,27.45861053466797,74713995
2024-07-12,27.4313228954209,27.558656067902255,27.103892755001002,27.176654815673828,68112730
2024-07-15,27.094800531005763,27.74056363875231,26.97656109155801,27.676897048950195,78795504
2024-07-16,27.740564692870418,28.077090339335022,27.513183015060005,28.0134220123291,68924858
2024-07-17,27.96794637068083,28.149852406842975,27.79513580980525,28.0134220123291,74056856
2024-07-18,27.96794662975882,28.59552055206869,27.940660203646377,28.52275848388672,99995624
2024-07-19,28.485398179610993,28.690865984205868,28.279930375016118,28.56011390686035,112417521
2024-07-22,28.56011364766166,28.578793024645336,27.738240655377652,28.373323440551758,97427649
2024-07-23,28.392004500967502,28.76558315597427,28.27993179514724,28.6441707611084,90144787
2024-07-24,28.644169481168575,29.129822601658155,28.522757091727907,28.989730834960938,88281095
2024-07-25,29.017749180933496,29.21387908657468,28.36398698531112,28.793601989746094,97736868
2024-07-26,28.681527958594238,28.681527958594238,27.766259801381153,28.158517837524414,114955273
2024-07-29,27.981068376772818,28.392005806863178,27.56079303857089,28.205217361450195,75162251
2024-07-30,28.177196859839487,28.44804071538957,27.90635122292587,28.12116050720215,60682304
2024-07-31,28.06512116358044,28.08380054077564,27.53277138306143,27.887672424316406,94433185
2024-08-01,27.69154430794813,28.335968611732035,27.644847643319494,28.13050079345703,68485869
2024-08-02,28.018425593439932,28.317288514751795,27.831635376938255,28.242572784423828,57775048
2024-08-05,28.10248219700555,28.205216998547204,27.878334996575788,27.925031661987305,63103071
2024-08-06,27.92503081133287,28.1024813409456,27.364661936646673,27.51409339904785,93657365
2024-08-07,27.430039537277416,28.065122356640757,27.430039537277416,27.78493881225586,67641078
2024-08-08,27.784938696804396,28.0277652655653,27.663526303105705,27.812957763671875,46760473
2024-08-09,27.747581250038436,27.822298765210018,27.43004071737725,27.58881187438965,59690063
2024-08-12,27.607487537475365,27.74757930587921,27.196551921005884,27.252588272094727,51089121
2024-08-13,27.345986126798167,27.43937946087905,27.14051651654743,27.327306747436523,46163028
2024-08-14,27.35532355973301,27.878333669166317,27.11249699215524,27.598148345947266,67862636
2024-08-15,27.588809741404773,27.990405666221633,27.458055881327137,27.831634521484375,59889587
2024-08-16,27.850314971626144,27.90635132446738,27.579471115090556,27.66352653503418,50949931
2024-08-19,27.635508060540182,27.887674325778438,27.61682868207137,27.766260147094727,42798248
2024-08-20,27.79428029064169,27.86899602604542,27.486077659430855,27.691545486450195,46130402
2024-08-21,27.70088339266768,27.822297568234394,27.29928567271607,27.78493881225586,47190994
2024-08-22,27.738242050050943,28.298609136828922,27.728902361089506,28.242572784423828,77938021
2024-08-23,28.270591716447264,28.31728837966816,27.83163524417136,27.934370040893555,54611188
2024-08-26,27.934370514307087,28.06512259863231,27.532772790892697,27.85031509399414,49639581
2024-08-27,27.794277548150387,27.92502962686455,27.626166714738762,27.831634521484375,35060495
2024-08-28,27.82229780813219,28.11182104400814,27.73824238781925,27.85031509399414,49690215
2024-08-29,27.868994460481243,27.897013527695012,27.327304963893162,27.420700073242188,67603577
2024-08-30,27.317962540658566,27.626165123708898,26.813630069468914,27.439374923706055,89849336
2024-09-02,27.112498629940028,27.840976595314995,27.103158940465526,27.747581481933594,73329606
2024-09-03,27.69154270839553,27.82229656825738,27.131173858402736,27.187211990356445,66710788
2024-09-04,27.18721425164785,27.402021764579892,27.00042402565952,27.224571228027344,40153496
2024-09-05,27.233909250704517,27.3459837357111,27.009762062054858,27.196552276611328,37487408
2024-09-06,27.177871704101562,27.532770958520725,27.1498526387408,27.177871704101562,40053763
2024-09-09,27.29928720148764,27.486077429113593,27.14051604241467,27.411361694335938,63373236
2024-09-10,27.37400269627256,27.542113543389334,27.03778278340263,27.224571228027344,58004957
2024-09-11,27.22457085733483,27.22457085733483,25.823649525588298,25.963741302490234,143949737
2024-09-12,25.870347740449954,26.206567645730868,25.80496991587519,26.019779205322266,66219139
2024-09-13,26.019778034340927,26.617503866930413,25.982419279122336,26.430713653564453,80973210
2024-09-18,26.384018182851698,26.84165226677293,26.35599911517194,26.44939422607422,52623623
2024-09-19,26.496091360036687,26.552127711257523,26.001098543722726,26.45873260498047,69799705
2024-09-20,26.31864177847691,26.449393863127735,26.00109947458472,26.29062271118164,82295178
2024-09-23,26.29061997976968,26.552125903266244,26.1318488443188,26.337318420410156,47904951
2024-09-24,26.55212986030881,26.972405200526186,26.215908163044006,26.860332489013672,106478651
2024-09-25,27.009762407573966,27.68220398212507,26.925706988084634,27.019102096557617,118176242
2024-09-26,27.1218370170106,27.205890655517578,26.81363262324301,27.205890655517578,114316343
2024-09-27,27.2992852806021,27.2992852806021,26.206566623014634,27.075138092041016,188703666
2024-09-30,26.925707257420164,28.48539970602076,26.720239441815156,28.065122604370117,396078494
2024-10-08,29.89565822915194,30.147824484393116,26.972403306490367,27.289945602416992,462356540
2024-10-09,27.06579753033366,27.448715854447187,26.355997232098886,26.664199829101562,266925415
2024-10-10,26.71089879459997,27.859653789420378,26.701559105857918,27.252588272094727,262428403
2024-10-11,27.271269315561725,27.78493975821009,27.084479092036727,27.280607223510742,142589633
2024-10-14,27.28994751196998,27.598150140598257,27.177874800485313,27.411361694335938,144701436
2024-10-15,27.36466252252268,27.448717944593408,26.97240447998047,26.97240447998047,117112841
2024-10-16,26.897688386030023,27.383341533392667,26.72023963636424,26.81363296508789,127230016
2024-10-17,26.832311365346825,26.888349498174712,26.430713653564453,26.430713653564453,112093819
2024-10-18,26.449393042602743,26.77627502545268,26.178549192604912,26.552127838134766,149181606
2024-10-21,26.48675297461911,26.48675297461911,26.01043951239507,26.11317253112793,139628417
2024-10-22,26.113171942648968,26.48675237772125,25.991759548204953,26.22524642944336,104063225
2024-10-23,26.225245234108517,26.458732104704698,26.150529506772276,26.206565856933594,90280066
2024-10-24,26.206566212371527,26.271942252006998,25.917042987687246,26.150529861450195,78386191
2024-10-25,26.150529832898535,26.225245561166563,25.599500668910522,25.720914840698242,150718465
2024-10-28,25.720914840698242,25.720914840698242,25.366013795402502,25.720914840698242,117784905
2024-10-29,25.720915082870793,26.178549145491704,25.543464558552156,25.879684448242188,131188363
2024-10-30,25.88902413703406,26.04779528376895,25.636859665107412,25.879684448242188,101259892
2024-10-31,26.131850817536424,26.15986988403643,25.608840712414143,25.758272171020508,121903136
2024-11-01,25.692894627631546,26.150528665514443,25.580820149550874,26.13184928894043,121360771
2024-11-04,26.131852269097994,26.14119195845013,25.786292669887082,26.05713653564453,90600962
2024-11-05,25.973080759197433,26.094494937758423,25.88902533753631,26.019779205322266,130938756
2024-11-06,25.991760129245947,26.057136172436003,25.646198753488186,25.683557510375977,138088740
2024-11-07,25.590162522254257,26.010439632439734,25.580822832987515,25.99176025390625,133033377
2024-11-08,26.001099222776208,26.113171928144816,25.711575988983185,25.795631408691406,119023483
2024-11-11,25.646199466251808,25.80497062471036,25.552806134163877,25.664878845214844,93996202
2024-11-12,25.664877755692366,25.804969529240726,25.169886703730597,25.18856430053711,201746671
2024-11-13,25.10450854222283,25.67421709919643,25.01111521535672,25.580821990966797,155188222
2024-11-14,25.543462998846465,25.86100527292684,25.431388521550822,25.60883903503418,98646616
2024-11-15,25.56214667274236,25.674219387516043,25.309980392456055,25.309980392456055,93580893
2024-11-18,25.366012485363107,25.720913512329822,25.300636449175393,25.60883903503418,119051790
2024-11-19,25.590160610148846,25.68355571447417,25.37535311715502,25.562143325805664,95680280
2024-11-20,25.562144527582685,25.917043803067987,25.412711284818652,25.795631408691406,99804939
2024-11-21,25.739594223756182,25.87034809332564,25.720916626415057,25.842329025268555,67848491
2024-11-22,25.842328056011986,25.945062853671132,25.459409713745117,25.459409713745117,97129106
2024-11-25,25.58082209905245,25.76761231630096,25.244602201914084,25.337995529174805,101408771
2024-11-26,25.309978361010845,25.394033781026437,25.13252783193753,25.216583251953125,88306380
2024-11-27,25.197903650452464,25.63686012472269,25.197903650452464,25.580821990966797,102469314
2024-11-28,25.562142972014815,25.6648759821237,25.375352765949426,25.618179321289062,69160630
2024-11-29,25.627520194320905,25.870346760884825,25.496766331485865,25.515445709228516,109026420
2024-12-02,25.580821531747155,25.879684447626065,25.496766113985775,25.786291122436523,88629895
2024-12-03,25.795631538857503,26.243925925321115,25.720915807780234,26.10383415222168,134347559
2024-12-04,26.103834637391472,26.645524143110478,25.973080769553384,26.57080841064453,137225662
2024-12-05,26.524108760247433,26.78561470268708,26.337320328244967,26.430713653564453,98035433
2024-12-06,26.449395663497206,26.65486527492142,26.290624500743803,26.31864356994629,90935412
2024-12-09,26.271941334848865,26.626842368142434,26.08515291117741,26.533447265625,80287292
2024-12-10,26.52410971448706,26.692220556291737,26.11317229911603,26.16921043395996,167887746
2024-12-11,26.243925335789186,26.355998039205765,26.122511162163804,26.309301376342773,63618426
2024-12-12,26.290622009579742,26.598824616148693,26.27194263188138,26.52410888671875,77874956
2024-12-13,26.561467186160087,26.97240280028888,26.468072080635007,26.82297134399414,154285770
2024-12-16,26.879009754156844,27.44871651916213,26.879009754156844,27.345983505249023,143463294
2024-12-17,27.392679569118695,27.598147373817696,27.261927491706917,27.33664321899414,107804406
2024-12-18,27.439377312926744,27.850314719896403,27.205890433274543,27.476736068725586,98396558
2024-12-19,27.327306747436523,27.70088542785105,27.28060829903242,27.327306747436523,91061598
2024-12-20,27.280604844390524,27.4860744286219,27.159192456642067,27.27126693725586,78725172
2024-12-23,27.261927748492088,27.84097419508135,27.187212020501104,27.6168270111084,108633632
2024-12-24,27.52343251144899,27.878333563238588,27.42069949655285,27.840974807739258,92735550
2024-12-25,27.850315336032196,27.953050135388306,27.710223561414313,27.822298049926758,68516052
2024-12-26,27.822297307385995,27.85965428165076,27.355323550213598,27.38334083557129,89884558
2024-12-27,27.364661239064503,27.672863845080652,27.243248846969927,27.654186248779297,85423709
2024-12-30,27.654185994675938,27.85965380301091,27.402019742607916,27.467395782470703,77825662
2024-12-31,27.458056575019498,27.80361793924727,27.420699600741735,27.598148345947266,96537038
2025-01-02,27.560790155243282,27.766257958111225,27.159192456642067,27.27126693725586,104122008
2025-01-03,27.280604583441065,27.486074165707045,26.944384707542635,27.084476470947266,94632286
2025-01-06,27.177870840101473,27.177870840101473,26.626841708401372,26.981740951538086,79467426
2025-01-07,26.972401724436594,26.981741412752914,26.654861228498664,26.804292678833008,65496030
2025-01-08,26.776273878911713,27.23390792276066,26.738915125276655,27.084476470947266,90630929
2025-01-09,27.028441302605646,27.14051400567992,26.748255982192966,26.888349533081055,58177058
2025-01-10,26.88835227164242,27.131177080156064,26.626846302229072,26.96306800842285,69490983
2025-01-13,26.897686602367816,27.00042139478747,26.55212703373281,26.907026290893555,90627806
2025-01-14,26.89768648836497,27.065797318388807,26.8229707618392,26.93504524230957,81985665
2025-01-15,26.832311870487505,27.19655261527192,26.720239165448863,26.897687911987305,72279278
2025-01-16,26.832310450325352,27.065797318388807,26.8229707618392,26.93504524230957,72060240
2025-01-17,26.963066577465096,27.112498043095474,26.860331776832865,27.09381866455078,59637230
2025-01-20,27.13117515836796,27.140514847474414,26.925707342116638,27.056459426879883,66542377
2025-01-21,27.047121284200472,27.374003296161714,26.91636919196144,27.233911514282227,78941328
2025-01-22,27.233908984064207,27.364661064155474,26.710898882335663,26.794954299926758,107370320
2025-01-23,26.82297193143734,26.907027350114443,26.41203630830875,26.617504119873047,103468365
2025-01-24,26.702182418382513,26.956220532880383,26.532825469970703,26.532825469970703,84000577
2025-01-27,26.598688642751565,27.379619282535195,26.551643547230324,27.191442489624023,99524449
2025-02-05,27.1538070103415,27.182032271822642,26.598687469779282,26.67395782470703,90286113
2025-02-06,26.68336750131532,26.74922883917766,26.466963655298805,26.59868812561035,67609734
2025-02-07,26.532825944687506,26.5704602245901,26.250560769777415,26.466962814331055,109147551
2025-02-10,26.39169238245628,26.495189792411473,26.250560692708984,26.25996971130371,96900076
2025-02-11,26.325833027681163,26.325833027681163,26.062387665553935,26.25056266784668,90138630
2025-02-12,26.20351864033287,26.372877393917573,26.128248282582657,26.335241317749023,71470071
2025-02-13,26.26937853816278,26.561050934123234,26.1846991660151,26.50459861755371,94001814
2025-02-14,26.504600139098482,26.815090589935313,26.39169370489105,26.542234420776367,92876377
2025-02-17,26.40110120835393,26.50459861755371,25.987115160728376,26.50459861755371,109580719
2025-02-18,26.39169258064623,26.871541765059934,26.39169258064623,26.683366775512695,108370674
2025-02-19,26.589280705273357,26.730412408404383,26.372878640833314,26.410512924194336,83243097
2025-02-20,26.344649996095512,26.457556428554142,26.212927320382832,26.382286071777344,69621175
2025-02-21,26.38228602430093,26.38228602430093,26.071793784245166,26.15647315979004,124688160
2025-02-24,26.156473294383638,26.26937972722007,25.883618923124804,25.921253204345703,129403179
2025-02-25,25.949480190717388,26.01534152861522,25.591946444449086,25.71426010131836,97322862
2025-02-26,25.68603246423382,26.06238603443908,25.657807202679198,25.996522903442383,88916962
2025-02-27,26.00593098324455,26.081201335650697,25.695440555245856,25.89302635192871,99176939
2025-02-28,25.8553913410192,26.10002044503946,25.733077686302487,25.761302947998047,117501775
2025-03-03,25.761303467902145,25.808348562655585,25.460222039827627,25.488449096679688,112763438
2025-03-04,25.488446673067013,25.59194407709648,25.384949269037552,25.544898986816406,64725189
2025-03-05,25.53549298273894,25.96829889146662,25.413179322747347,25.855392456054688,94660546
2025-03-06,25.78952940558754,25.855390740797354,25.54490030724624,25.610761642456055,98075923
2025-03-07,25.601354257313943,25.751896769009917,25.52608389875941,25.648399353027344,68383213
2025-03-10,25.657809699359376,25.667218718988753,25.431998612015352,25.497859954833984,88322350
2025-03-11,25.44140690350889,25.67662700375027,25.431997884148803,25.582538604736328,91040312
2025-03-12,25.55431023001104,25.582537286636953,25.41317853605519,25.51667594909668,78523785
2025-03-13,25.49785680702963,25.733076884964248,25.488447788561835,25.638988494873047,87409660
2025-03-14,25.676624895411255,25.921252200339126,25.620170783886238,25.827165603637695,111413990
2025-03-17,25.883618578942908,26.05297732865211,25.73307786688736,25.751895904541016,76352193
2025-03-18,25.751895375791573,25.79893867437295,25.563718592292446,25.59194564819336,77719309
2025-03-19,25.62958014653776,26.06238603443908,25.55430979141407,25.996522903442383,131859932
2025-03-20,26.062385966383516,26.118838283932163,25.91184525652924,26.005931854248047,60194152
2025-03-21,26.034160897194877,26.118840277273833,25.751897493322993,25.780122756958008,74187671
2025-03-24,25.798940311729304,26.15647406956472,25.751897010162274,26.062387466430664,99162478
2025-03-25,26.071794686397265,26.344650860280463,25.930662987134575,26.278789520263672,77255982
2025-03-26,26.27878840592135,26.335240724315202,25.977706981705012,26.18470001220703,69088342
2025-03-27,26.109430176686278,26.212927591294097,25.98711651862994,26.12824821472168,57299116
2025-03-28,26.118838539373815,26.250561213137846,26.005932108585476,26.20351791381836,57222334
2025-03-31,26.269379523678268,26.448147293206283,26.109429791908326,26.165882110595703,90484100
2025-04-01,26.203519365920226,26.28819874505739,26.024751588343225,26.25056266784668,57988638
2025-04-02,26.250561349431,26.30701366782485,26.071793580832484,26.18470001220703,55353026
2025-04-03,26.071792749504187,26.758636745507115,26.071792749504187,26.72100067138672,143798229
2025-04-07,26.382285558062886,27.15380714864876,26.128247435917736,26.655139923095703,325872228
2025-04-08,26.589278407638215,27.454888385186187,26.34464930587609,27.33257293701172,234119048
2025-04-09,27.33257255286379,27.850057805136835,27.0597181935015,27.82183074951172,219801803
2025-04-10,27.71833471962135,27.746561776651266,27.144398916708113,27.445480346679688,138562486
2025-04-11,27.54897755602899,27.54897755602899,27.285530409472468,27.47370719909668,87332101
2025-04-14,27.29493976744738,27.520750841049153,27.11617199454256,27.42666244506836,82637532
2025-04-15,27.360800180531314,27.614838302708254,27.276120806472335,27.539567947387695,78307971
2025-04-16,27.52075070453502,27.67129141952279,27.332573913506867,27.661882400512695,100760206
2025-04-17,27.567793617868553,27.586611655624484,27.28553022987698,27.48311424255371,84085337
2025-04-18,27.379617578935438,27.850057737354994,27.341981504860218,27.831239700317383,88117388
2025-04-21,27.755969607625648,27.944146390596813,27.567792824654482,27.57720184326172,56583745
2025-04-22,27.586612633010358,28.05705282605511,27.50193325469535,27.59602165222168,76894856
2025-04-23,27.54897755602899,27.64306415625423,27.36080076640478,27.47370719909668,61610691
2025-04-24,27.47370688668987,27.803013572907357,27.436070811358245,27.718334197998047,56927325
2025-04-25,27.737153732817575,27.972373832576043,27.56779497385757,27.774789810180664,54457223
2025-04-28,27.77478811269396,28.151139890388965,27.67129070085777,27.962963104248047,72347085
2025-04-29,27.96296330389307,28.0100083980576,27.61483858000977,27.718334197998047,72305923
2025-04-30,27.80301330033719,27.82183133781852,27.58661125306241,27.755970001220703,55350878
2025-05-06,27.897100484264083,27.897100484264083,27.407842298472055,27.45488739013672,83099000
2025-05-07,27.548978214266945,27.643064816740228,27.341983381817133,27.614839553833008,80888990
2025-05-08,27.548976582026807,27.73715157041117,27.492522470383374,27.57720184326172,46996050
2025-05-09,27.567792766972005,28.01000766765292,27.548976524383704,27.80301284790039,73292755
2025-05-12,27.71833555743704,27.934739412033665,27.577203857195368,27.793607711791992,57235498
2025-05-13,27.680699585165858,27.981781005859375,27.62424726743253,27.981781005859375,61698606
2025-05-14,27.972371144275193,28.32049764807908,27.915918828242887,28.301679611206055,74790567
2025-05-15,28.282863208942064,28.565128394590662,28.226410889647095,28.55571937561035,71543285
2025-05-16,28.508674416910555,28.696851208241977,28.188774948399267,28.320499420166016,63755987
2025-05-19,28.320500138104375,28.77212229524437,28.320500138104375,28.668624877929688,56194236
2025-05-20,28.67803224489149,29.110838133154477,28.67803224489149,28.866209030151367,60587616
2025-05-21,28.922662213038848,29.120248022930653,28.885027931613237,28.979114532470703,53549849
2025-05-22,28.979112751703685,29.21433282856682,28.753301693265485,29.19551658630371,53726373
2025-05-23,28.9791151969785,28.9791151969785,28.593354381939175,28.687442779541016,85424773
2025-05-26,28.602762744234475,28.75330345910517,28.339317390504206,28.546310424804688,62651237
2025-05-27,28.50867309813261,28.78152925348248,28.433402743999338,28.471038818359375,56798057
2025-05-28,28.480449469164135,28.74389482643525,28.414588129846358,28.725078582763672,53780908
2025-05-29,28.678031638950582,28.7438929740239,28.329906926538243,28.499265670776367,66936874
2025-05-30,28.527491656844628,28.68744138662534,28.414587020874023,28.414587020874023,64478998
2025-06-03,28.489857717630237,28.555719055166435,28.08527887895146,28.367542266845703,78322252
2025-06-04,28.358133450382116,28.376951488265878,28.08527907941505,28.122913360595703,59558198
2025-06-05,28.122914088776003,28.169959184703533,27.897103012084596,28.03823471069336,55135038
2025-06-06,28.038233195612857,28.245228017334945,27.991189896814284,28.21700096130371,54693654
2025-06-09,28.16054871158628,28.31108942160812,28.08527835657536,28.207592010498047,68059358
2025-06-10,28.20759357576583,28.499267787881912,28.188775537322165,28.254638671875,66348841
2025-06-11,28.226410369909345,28.48985751274643,28.20759233229523,28.395769119262695,57665617
2025-06-12,28.376951013714763,28.536900743878142,28.245228339904983,28.40517807006836,63183872
2025-06-13,28.405178393262016,28.847391513645512,28.395769374370428,28.809757232666016,104423426
2025-06-16,28.743893393129134,28.80975652374957,28.508673310388023,28.65921401977539,51655391
2025-06-17,28.64980705074213,28.885027135577168,28.28286249808043,28.856800079345703,78898566
2025-06-18,28.790938359588626,29.035567459912066,28.762711303732797,28.894433975219727,62172076
2025-06-19,28.97911519252655,29.016751269396273,28.772122153503833,28.903844833374023,55930574
2025-06-20,28.903843646537275,29.00734105909233,28.583944184627875,28.60276222229004,56160340
2025-06-23,28.583944054214744,28.941479589817227,28.489857455506883,28.837982177734375,58800921
2025-06-24,28.800348486385307,28.988523482237675,28.725078129126985,28.77212142944336,78840002
2025-06-25,28.678032452904628,29.120247363096848,28.602762097172075,29.054384231567383,78370666
2025-06-26,29.054386242127965,29.34606046103891,29.035569997832873,29.270790100097656,70564856
2025-06-27,29.317831030576578,29.317831030576578,28.41458677236407,28.43340301513672,147453009
2025-06-30,28.442812691528943,28.621580461404058,28.32049903503767,28.35813331604004,75518456
2025-07-01,28.414587544493436,28.7156689720791,28.367542449816387,28.57453727722168,59476275
2025-07-02,28.602761557566367,28.678031911878904,28.433402811716455,28.46162986755371,57183495
2025-07-03,28.47104020400142,28.48985824209728,28.08527939597065,28.31109046936035,93681123
2025-07-04,28.282862823716695,28.499266668142496,28.235819524042785,28.376951217651367,67922805
2025-07-07,28.452220781179356,28.489856855539394,28.2922710543228,28.471038818359375,50827848
2025-07-08,28.4804486952399,28.4804486952399,28.141731194139133,28.151140213012695,107328601
2025-07-09,28.179366748985714,28.320498440307837,28.08527835657536,28.207592010498047,67038321
2025-07-10,28.226410706005424,28.301681062771298,28.03823391679731,28.132322311401367,94764305
2025-07-11,28.151140085919184,28.7815299909069,28.104096786350624,28.60276222229004,164215479
2025-07-14,28.621580511671272,28.969707033135595,28.60276247384361,28.80034828186035,77154717
2025-07-15,28.800347368801898,28.866208704523853,28.555718268558344,28.67803192138672,56246157
2025-07-16,28.79093953511628,28.84739185454607,28.53690140580191,28.546310424804688,38621346
2025-07-17,28.527491930112102,28.60276228634247,28.339316936829608,28.376951217651367,61465548
2025-07-18,28.48592119861712,28.54377969576752,28.30270047847098,28.44734764099121,60170190
2025-07-21,28.64021191688901,28.794502469711855,28.370202529804804,28.45699119567871,77827654
2025-07-22,28.408773811978765,28.456990758550536,28.23519832218572,28.31234359741211,94394047
2025-07-23,28.36055776409188,28.399131320069973,28.129121946088485,28.138765335083008,107354945
2025-07-24,28.148408766689037,28.148408766689037,27.772323952486865,27.907329559326172,166882768
2025-07-25,27.83018509254224,27.945902085426244,27.724109649658203,27.724109649658203,100879090
2025-07-28,27.724109806276243,27.81089847107375,27.579462644709885,27.61803436279297,84445060
2025-07-29,27.589105868823648,27.714466250953468,27.579462479538517,27.60839080810547,71772013
2025-07-30,27.618033449425557,27.907329602279294,27.618033449425557,27.675893783569336,97828042
2025-07-31,27.40588418926264,27.40588418926264,26.711576738693662,26.846580505371094,257969828
2025-08-01,26.798365839405434,27.049086598978533,26.692290398540226,26.991228103637695,98148606
2025-08-04,26.90443798641629,27.1648039603062,26.808005939869478,27.135873794555664,82320372
2025-08-05,27.135875107414808,27.17444866361508,26.962297783090367,27.09730339050293,78715270
2025-08-06,27.087661738343773,27.11659190734901,26.87551268350422,26.971942901611328,114493479
2025-08-07,26.943014083754136,27.17444991373747,26.846582028105626,27.058731079101562,105195676
2025-08-08,27.058729878195123,27.078016656326543,26.865867614746094,26.865867614746094,82497210
2025-08-11,26.865866837904544,26.885151776189932,26.528355587517574,26.701932907104492,124355056
2025-08-12,26.701933997591905,26.88515287415987,26.653717051688428,26.76943588256836,74318390
2025-08-13,26.779079094676746,26.856224368323783,26.62478854738267,26.644073486328125,93425687
2025-08-14,26.63443052790259,26.89479466313639,26.615143750688738,26.673002243041992,101758796
2025-08-15,26.721218759975162,26.788722483793677,26.61514515826574,26.644073486328125,107230233
2025-08-18,26.653717041015625,26.73086231514188,26.566928377712532,26.653717041015625,114736196
2025-08-19,26.663360264561984,26.788722483793677,26.62478854738267,26.644073486328125,114602398
2025-08-20,26.615144247311033,26.750148011750483,26.480138643583242,26.701932907104492,102225937
2025-08-21,26.701935410926325,26.95265802502992,26.673005241852962,26.856225967407227,117934754
2025-08-22,26.885152719270327,26.923726275770882,26.71157723288305,26.875511169433594,103210400
2025-08-25,27.039445016214056,27.53124498494452,27.029801627120936,27.338382720947266,218566604
2025-08-26,27.338382057633847,27.386597162641213,27.203376452894176,27.299808502197266,113061248
2025-08-27,27.241950200599053,27.29016530594671,26.933369112081948,26.962297439575195,127532414
2025-08-28,26.952656443146296,26.991228160358443,26.70193384375791,26.875511169433594,109296247
2025-08-29,26.904441018008633,27.155163631566452,26.8562259089465,27.087661743164062,106729846
2025-09-01,27.097304259617477,27.097304259617477,26.72121943175591,26.79836654663086,124608667
2025-09-02,26.711578680354826,27.280525794549792,26.711578680354826,27.203378677368164,175144601
2025-09-03,27.241950200599053,27.3865973559304,26.836937062098258,26.962297439575195,127133113
2025-09-04,26.943012952968004,27.290165763728922,26.721218682498495,27.22266387939453,175848097
2025-09-05,27.15516138700941,27.29980854152826,27.000870843617523,27.06837272644043,106951308
2025-09-08,27.020158874007368,27.213021142544065,27.000872095367164,27.145519256591797,90074039
2025-09-09,27.155162372782456,27.193735929674883,26.962298266897157,27.010515213012695,76131632
2025-09-10,27.010515213012695,27.08766048750913,26.90443977084694,27.010515213012695,59861483
2025-09-11,27.000871658325195,27.10694709984091,26.923726384301517,27.000871658325195,105396656
2025-09-12,27.000870564987665,27.145517718013856,26.904438516540754,26.933368682861328,92972812
2025-09-15,26.904440248624844,26.914083638019203,26.769436475680752,26.808008193969727,72565697
2025-09-16,26.798367463991376,26.808009014392344,26.66336184762716,26.740507125854492,57512876
2025-09-17,26.73086330892284,26.836938754523196,26.68264820053458,26.711578369140625,61492675
2025-09-18,26.70193452674308,26.71157791611488,26.239061033339024,26.335493087768555,144843297
2025-09-19,26.345136703129246,26.374066871492804,26.152274431904267,26.229419708251953,73467022
2025-09-22,26.132986400116202,26.277633556422316,26.055841127467048,26.152273178100586,69683094
2025-09-23,26.152274371675237,26.412638529193764,26.06548570607291,26.345136642456055,87247325
2025-09-24,26.306563834090497,26.54764304204455,26.26799027795942,26.277633666992188,87441299
2025-09-25,26.239060771537538,26.354779603556075,26.113700389531857,26.316207885742188,63429258
2025-09-26,26.325848400711187,26.566927605257217,26.26798990662088,26.489782333374023,79408706
2025-09-29,26.451209838407436,26.51871171940707,26.219774029570843,26.325847625732422,92703100
2025-09-30,26.37406571803149,26.38370910706426,26.23906011086111,26.277633666992188,61882774
2025-10-09,26.239061153655136,26.71157803859766,26.181202656447496,26.692291259765625,113249909
2025-10-10,26.66336184762716,26.798367463991376,26.528358070551462,26.740507125854492,71260502
2025-10-13,26.711577881684995,26.90444015100701,26.42228171876929,26.79836654663086,117498220
2025-10-14,26.750148893881065,27.010514881847442,26.566928179465272,26.991228103637695,136669904
2025-10-15,26.981583787440613,27.145517718013856,26.77907814106161,26.933368682861328,92632329
2025-10-16,26.856225097689478,27.164806200658123,26.846581708310648,27.155162811279297,93973494
2025-10-17,27.12623188412001,27.367311093979655,27.058729999645458,27.10694694519043,114702154
2025-10-20,27.116589338349083,27.14551766532517,26.759791311574553,27.04908561706543,91423076
2025-10-21,27.000872145588858,27.097304199680792,26.856224984095178,26.91408348083496,80163574
2025-10-22,26.89479687536153,27.078017595387305,26.85622515704942,27.039445877075195,61918968
2025-10-23,27.039445004569302,27.261237435750413,27.039445004569302,27.22266387939453,78558809
2025-10-24,27.20337650646107,27.280523617486143,27.078016129622053,27.184091567993164,77060006
2025-10-27,27.135876301842757,27.540889463330938,27.02015930672526,27.2901668548584,124842635
2025-10-28,27.251593838026203,27.521603212585,27.251593838026203,27.444456100463867,73263565
2025-10-29,27.444455391327303,27.444455391327303,27.251593133873,27.2805233001709,74054303
2025-10-30,27.28052416969654,27.54088831752298,27.18409211825159,27.454099655151367,86717376
2025-10-31,27.444456199863414,27.444456199863414,26.933369455228558,27.09730339050293,118470229
2025-11-03,27.106946242879445,27.338382057633847,27.106946242879445,27.299808502197266,61378322
2025-11-04,27.299809284329502,27.66625071432202,27.270880956211634,27.5794620513916,104942889
2025-11-05,27.608391357563793,27.666251694426105,27.38659891745703,27.405885696411133,68579115
2025-11-06,27.376954876777937,27.579462372402126,27.348026548323357,27.483030319213867,67392832
2025-11-07,27.49267403922518,27.618034422376226,27.415528763604126,27.502317428588867,55141784
2025-11-10,27.502315687174654,27.569817569157884,27.376953472672945,27.511959075927734,49334459
2025-11-11,27.511960496794973,27.695179374700913,27.454100161288267,27.5987491607666,62517578
2025-11-12,27.675894269530307,27.849469757144295,27.5891056060791,27.5891056060791,62970497
2025-11-13,27.59874822046691,27.704821820038372,27.25159357640809,27.4251708984375,101232804
2025-11-14,27.42517121731828,27.685535364101355,27.328739166259766,27.328739166259766,74762518
2025-11-17,27.357670309657756,27.415528806642264,27.029802427931454,27.155162811279297,72559643
2025-11-18,27.1551626459119,27.32873997509684,27.078017370639532,27.145519256591797,59013698
2025-11-19,27.145518605971173,27.319095930995832,27.106946888903693,27.22266387939453,48159761
2025-11-20,27.174447348889714,27.30945111048227,27.049085136592364,27.135873794555664,57611235
2025-11-21,27.164806200658123,27.261238255157938,27.06837414615831,27.155162811279297,91994150
2025-11-24,27.174448179115032,27.1937349568713,26.923725586148635,27.184091567993164,97179569
2025-11-25,27.184092873269556,27.19373626261073,26.836938214141142,27.029802322387695,92985419
2025-11-26,27.029802811249226,27.11659147760099,26.90444058683513,26.94301414489746,66273278
2025-11-27,26.93337118701902,27.135876852226197,26.78872402054411,27.087661743164062,76869286
2025-11-28,27.010514716087275,27.068373211073045,26.952656221101506,26.981584548950195,59018067
2025-12-01,27.04908594869435,27.145517998136373,26.991227454744486,27.06837272644043,58252394
2025-12-02,27.029802108232655,27.2612379327218,27.02015871896789,27.25159454345703,74877962
2025-12-03,27.24195131949796,27.348026762765656,27.20337776220482,27.26123809814453,44559966
2025-12-04,27.290165929679286,27.309452707974508,27.164805549337164,27.23230743408203,37996706
2025-12-05,27.232306658705355,27.232306658705355,27.020157621363598,27.06837272644043,54497550
2025-12-08,27.068373434071145,27.097303601446562,26.865867780308456,26.875511169433594,75426506
2025-12-09,26.93337118222619,27.039446629290218,26.904441013220946,26.971942901611328,51230207
2025-12-10,26.933369928337815,27.068373698833447,26.856224653870537,26.89479637145996,58538954
2025-12-11,26.923726109851962,26.943012887983386,26.75979217431167,26.865867614746094,69563624
2025-12-12,26.85622515704942,27.049087427186876,26.81765159944885,27.039445877075195,89870832
2025-12-15,26.991228930074488,27.145519481899836,26.96229876187406,27.039445877075195,53946613
2025-12-16,27.058731569338534,27.07801834867536,26.827295735162156,26.971942901611328,67907746
2025-12-17,26.933370424919723,27.0008723114121,26.846581759632823,26.92372703552246,59243613
2025-12-18,26.923725736791233,27.08765967006002,26.89479556999496,27.07801628112793,46419794
2025-12-19,27.02980330327037,27.07801841243746,26.827295798333864,26.856225967407227,79999314
2025-12-22,26.846579610442603,26.865866387693135,26.51871175433683,26.55728530883789,156403393
2025-12-23,26.518712624962472,26.750148441702088,26.499425847078747,26.73086166381836,70945112
2025-12-24,26.721218925965047,26.721218925965047,26.566928377712532,26.653717041015625,49994280
2025-12-25,26.64407365183879,26.692290597722963,26.586215156066203,26.653717041015625,30080576
2025-12-26,26.62478871277354,26.68264720854613,26.538000049470448,26.653717041015625,48259339
2025-12-29,26.65371709860673,26.65371709860673,26.51871332841618,26.538000106811523,68903336
2025-12-30,26.518713973660716,26.518713973660716,26.345136642456055,26.345136642456055,72424700
2025-12-31,26.37406670528751,26.393353484075007,26.200489374776957,26.219776153564453,74293024
2026-01-05,26.229419056623552,26.335492659411095,26.13298700376253,26.306564331054688,76569131
2026-01-06,26.325849871205854,26.46085548400879,26.26799137388372,26.46085548400879,73843681
2026-01-07,26.46085404617346,26.470497435084557,26.24870316870609,26.258346557617188,72170195
2026-01-08,26.25834705439907,26.32584893876544,26.219775337313315,26.287277221679688,47057275
2026-01-09,26.296921107191025,26.316207885742188,26.21013244299923,26.316207885742188,62903453
2026-01-12,26.31620766270328,26.47049821122804,26.248703938346328,26.42228126525879,78435554
2026-01-13,26.47049761535998,26.586214604504477,26.345135397950337,26.383708953857422,78538492
2026-01-14,26.470498466212344,26.55728713050459,25.84369103759314,25.853334426879883,292750088
2026-01-15,26.017266613837833,26.04619677974953,25.814760970320904,25.86297607421875,125927447
2026-01-16,25.920835593281037,26.06548458927965,25.4965375121695,25.57368278503418,238854630
2026-01-19,25.6604719947822,25.95940970360425,25.650828605557173,25.843690872192383,104721813
2026-01-20,25.843690222422957,25.978695828890526,25.776188338833364,25.920835494995117,105003377
2026-01-21,25.930477989455554,25.940121378105456,25.60261013251221,25.631540298461914,116328162
2026-01-22,25.631541756484204,25.766545526685718,25.361532376792756,25.37117576599121,180784966
2026-01-23,25.419391654316524,25.47725014781141,25.033663459581685,25.072237014770508,210691513
2026-01-26,25.12045178679366,25.342246047615436,24.937232919938193,25.052949905395508,202869796
2026-01-27,25.052951052922882,25.207241600125318,24.937234062165256,25.004735946655273,131381483
2026-01-28,25.004735322658785,25.014378711529336,24.696154235954594,24.734725952148438,232649760
2026-01-29,24.734726254427294,25.265101613059063,24.474360269605608,25.101167678833008,261623032
2026-01-30,25.110810547992827,25.62189727877921,25.110810547992827,25.419391632080078,223849239
2026-02-02,25.544754245721002,25.602612744234232,25.159027856818636,25.207242965698242,124225665
2026-02-03,25.265101112137927,25.294029439241196,24.985448354884003,25.072237014770508,88543815
2026-02-04,25.043308963814074,25.448322131066874,25.024024023878987,25.438678741455078,95705181
2026-02-05,25.477250088468214,25.737616067521266,25.40974820633335,25.650827407836914,103244750
2026-02-06,25.650828057898856,25.814761992647348,25.4386771780547,25.57368278503418,72562680
2026-02-09,25.583325177413396,25.621896892698917,25.34224597919186,25.51582145690918,67829125
2026-02-10,25.51582320805338,25.650828819038896,25.42903638288272,25.621898651123047,55920101
2026-02-11,25.63154061468457,25.641184003453446,25.467606684190407,25.53510856628418,53388246
2026-02-12,25.535110477136804,25.564270055750306,25.32126367934967,25.389307022094727,73734237
2026-02-13,25.399025616281087,25.447628003899947,25.22406258282773,25.272663116455078,71554068
2026-02-24,25.3990262350609,25.42818766834266,25.253222776635234,25.321264266967773,73078939
2026-02-25,25.350425061890412,25.467068938088627,25.2240625621679,25.243501663208008,95620954
2026-02-26,25.253221554593775,25.360144950794478,25.204621022134262,25.31154441833496,61977169
2026-02-27,25.32126304163369,25.447627392414784,25.292103463754568,25.31154441833496,91903782
2026-03-02,25.389307011760785,25.904479342965878,25.389307011760785,25.826717376708984,181772888
2026-03-03,25.82671675882801,26.34189093169954,25.787836703625494,26.215526580810547,214554653
2026-03-04,26.0502822064251,26.429373405562004,25.778116257701804,26.332170486450195,175735443
2026-03-05,26.22524771638401,26.477974570514174,26.089164738772197,26.322450637817383,132914871
2026-03-06,26.303009670650216,26.390492114500915,26.22524770433754,26.38077163696289,87836924
2026-03-09,26.400212633244248,26.857063954295327,26.332171144363397,26.43909454345703,207502799
2026-03-10,26.254408511289363,26.47797392736163,25.9822407086852,26.390491485595703,119285715
2026-03-11,26.39049148552148,26.54601541444014,26.19608750136889,26.53629493713379,89744546
2026-03-12,26.55573655860816,26.730701446533203,26.400212625784015,26.730701446533203,107896209
2026-03-13,26.730700807326002,26.85706330447711,26.58489735553888,26.652938842773438,94277629
2026-03-16,26.652938853568102,26.730700818152158,26.477973969756103,26.59461784362793,87203787
2026-03-17,26.555737183636527,26.798743566142708,26.516857126511155,26.72098159790039,85028895
2026-03-18,26.711260507444287,26.876504917917934,26.477974608068227,26.52657699584961,80028992
2026-03-19,26.507136020151265,26.71126048669997,26.4390945313017,26.49741554260254,101525781
2026-03-20,26.497414903365097,26.623777400467073,26.264129009798122,26.419652938842773,84555509
2026-03-23,26.312730783393597,26.49741615309144,25.91420046467143,25.991962432861328,175727130
2026-03-24,26.1474863947713,26.371051821786594,25.972521502675306,26.34189224243164,91076718
2026-03-25,26.390491474918015,26.50713534855588,26.1669260589362,26.44881248474121,86054505
2026-03-26,26.429374667803536,26.68210152796764,26.341892221823976,26.546016693115234,84501370
2026-03-27,26.516857127308306,26.6334991526795,26.4196542035046,26.487695693969727,68551722
2026-03-30,26.48769503588964,26.48769503588964,26.25440913695161,26.38077163696289,69278060
2026-03-31,26.38077231317487,26.565457683148292,26.283571243286133,26.283571243286133,80258884
2026-04-01,26.36133187550345,26.36133187550345,26.08916407323137,26.12804412841797,90608171
2026-04-02,26.147486388452556,26.264130267818885,26.01140340751814,26.254409790039062,73984893
2026-04-03,26.244688034209403,26.244688034209403,25.914199221755595,25.953081130981445,65627680
2026-04-07,25.96280034548129,26.0016822555925,25.661472958085508,25.739234924316406,72627179
2026-04-08,25.77811621556663,25.836437225341797,25.651751864730382,25.836437225341797,80619977
2026-04-09,25.836437836906864,25.836437836906864,25.573990505719102,25.651752471923828,69128454
2026-04-10,25.729513807569322,25.758675239428246,25.583710356257647,25.66147232055664,66558904
2026-04-13,25.651752492573834,25.690634402703253,25.505949037571543,25.6809139251709,62626392
2026-04-14,25.6809139251709,25.758675891438223,25.583711003838864,25.6809139251709,70116597
2026-04-15,25.671192798068166,25.923919645539975,25.62259226562767,25.807275772094727,97056586
2026-04-16,25.81699624938112,25.953081077399155,25.77811619422702,25.807275772094727,71958595
2026-04-17,25.807277037277746,25.836438470566545,25.642032623291016,25.642032623291016,83606671
2026-04-20,25.671193469595543,26.08916473388672,25.671193469595543,26.08916473388672,95041799
2026-04-21,26.108606304510612,26.39049274386976,26.098885826740773,26.371051788330078,90443249
2026-04-22,26.371051822662114,26.371051822662114,26.06972442737099,26.108606338500977,74160924
2026-04-23,26.108606344821478,26.254409803611086,25.91420049710762,26.196088790893555,84590800
2026-04-24,26.157206201977893,26.196088112109795,26.001682269433314,26.06000328063965,56446440
2026-04-27,26.05028280659843,26.098885194269826,25.875319772955965,25.914199829101562,56259868
2026-04-28,25.93364014439896,26.03084306335228,25.86559865732908,25.982240676879883,70060777
2026-04-29,25.962801019427634,26.050283465457216,25.855879471829365,26.0211238861084,85596119
2026-04-30,26.332171120204222,26.652939463199303,26.186367665023095,26.555736541748047,191463737
2026-05-06,26.575177521218734,26.575177521218734,26.28357061058894,26.43909454345703,123774954
2026-05-07,26.41965353853206,26.439094493601793,26.147485729530352,26.293289184570312,97328307
2026-05-08,26.303009043904577,26.40021196297716,26.225247079444806,26.244688034057617,80442310
2026-05-11,26.293289847166793,26.439095159872597,26.19608877735168,26.254409790039062,103095275
2026-05-12,26.254409809924574,26.40993374653643,26.157206886044268,26.283571243286133,101176233
2026-05-13,26.32244999851739,26.52657631396896,26.2155266021384,26.244688034057617,139691941
2026-05-14,26.225247090162146,26.32245000927445,26.09888459311018,26.18636703491211,110294232
2026-05-15,26.14748513621031,26.39049150709329,25.97252025253593,26.273849487304688,118755488
2026-05-18,26.283571196958658,26.419654177756282,26.06000391623055,26.137765884399414,91589769
2026-05-19,26.137765909873007,26.584898617773433,26.02112388450181,26.487695693969727,172564585
2026-05-20,26.487695030832043,26.51685646344055,26.118326154415243,26.147485733032227,128434436
2026-05-21,26.108605671804103,26.215527216698135,25.885038396498725,25.914199829101562,116610037
2026-05-22,25.982241942146338,26.01140337544986,25.758676515460692,25.816997528076172,91588815
2026-05-25,25.855878190636595,26.079443606526866,25.80727580414427,25.923919677734375,84154393
2026-05-26,25.914199839086837,26.390492114500915,25.846158350312187,26.38077163696289,162652981
2026-05-27,26.303009054386205,26.56545637978932,26.254408521826285,26.47797393798828,111271540
2026-05-28,26.487695674039294,26.60433955331429,26.35161269321144,26.458534240722656,114657318
2026-05-29,26.439093924134596,26.983427676422178,26.32245005022009,26.97370719909668,213437057
2026-06-01,26.96398737103227,27.09035172531498,26.779302005383745,26.993148803710938,139278066
2026-06-02,27.041748675262212,27.362517010905837,26.847344690806626,27.177831649780273,125757446
2026-06-03,27.0709107457903,27.19727324596757,26.740421925029427,27.109790802001953,114300588
2026-06-04,27.051469142354208,27.177831639502983,26.837624203336485,26.94454574584961,87497229
2026-06-05,26.944547051233194,27.313917791239565,26.740422579644072,26.83762550354004,109413563
2026-06-08,26.730700817844188,26.837624214392836,26.497414924094706,26.740421295166016,118065467
2026-06-09,26.74042127367179,26.925106634655144,26.623777399895065,26.85706329345703,88253597
2026-06-10,26.827903757978007,27.041748697250476,26.66265935136108,26.915386199951172,88750011
2026-06-11,26.91538681296066,27.16811366730671,26.827904368995043,27.109790802001953,99125010
2026-06-12,26.993148832698733,27.49860254238933,26.895945910990307,27.488882064819336,149424523
2026-06-15,27.44999944267998,27.44999944267998,26.623777410572018,26.798742294311523,207661158
2026-06-16,26.643219644108676,26.682101555246707,26.380772305901683,26.42937469482422,120599299
2026-06-17,26.45853297282412,26.50713535935615,26.15720559229144,26.244688034057617,103444150
2026-06-18,26.176647160552537,26.225247694232415,25.904479351567286,25.914199829101562,129594498
2026-06-22,25.914199232195948,26.33217048658483,25.768395780523228,26.18636703491211,149732867
2026-06-23,26.17664719843234,26.4876950640133,26.108605709585444,26.11832618713379,118565470
2026-06-24,26.11832616152953,26.244688661551102,25.81699691980079,25.855878829956055,113456072
2026-06-25,25.758675217582876,25.83643718181592,25.467068315206827,25.486507415771484,132187574
2026-06-26,25.515670139615775,25.972521470869076,25.41846721590464,25.90447998046875,128265188
2026-06-29,25.807276447181874,26.147485745139214,25.525390014468545,26.08916473388672,123257906
2026-06-30,25.962800980078384,26.089165337036956,25.6420326297866,25.729515075683594,102277653
2026-07-01,25.700354240652725,25.97252018881943,25.622592276320596,25.894758224487305,90939756
2026-07-02,26.040564854319097,26.332171771898317,25.80727709546584,26.196088790893555,140055304
2026-07-03,26.205806740748034,26.468254072214872,26.060003285708074,26.293289184570312,102824327
2026-07-06,26.157206878832717,26.439095172608727,26.03084437561726,26.42937469482422,92457731
2026-07-07,26.42937405007297,26.691819527885972,26.29328921840126,26.643218994140625,126822030
2026-07-08,26.61405758283162,27.36251766865564,26.487695082597515,27.051469802856445,164844014
2026-07-09,26.925107314785567,27.070910770195866,26.759862904256156,26.993148803710938,116039936
2026-07-10,26.973708496030124,27.33335875840015,26.827905037120168,27.24587631225586,147074295
2026-07-13,27.14867337996972,27.683286680472342,27.0223090226928,27.62496566772461,200809214
2026-07-14,27.605524059231794,27.92629240274502,27.420838693575234,27.751327514648438,159241008
2026-07-15,27.605523465073958,27.965173711086294,27.459720012795465,27.8776912689209,119360883
2026-07-16,27.848531082184632,27.9554544838329,27.34307736129119,27.450000762939453,146113464
2026-07-17,27.610000610351562,28.190000534057617,27.350000381469727,27.989999771118164,242860129
2026-07-20,27.75,28.979999542236328,27.75,28.979999542236328,229266916
2026-07-21,29.0,29.540000915527344,28.510000228881836,28.729999542236328,255005593
2026-07-22,28.530000686645508,29.09000015258789,28.34000015258789,29.09000015258789,168282572
2026-07-23,29.09000015258789,29.170000076293945,28.65999984741211,28.940000534057617,108155288
2026-07-24,29.200000762939453,29.299999237060547,28.75,28.899999618530273,102175770
2026-07-27,29.149999618530273,29.149999618530273,28.299999237060547,28.350000381469727,138719264
2026-07-28,28.450000762939453,29.06999969482422,28.309999465942383,29.06999969482422,161302844
2026-07-29,29.5,29.56999969482422,28.700000762939453,28.93000030517578,131444127
2026-07-30,28.850000381469727,29.530000686645508,28.809999465942383,29.489999771118164,193063376
2026-07-31,28.989999771118164,29.09000015258789,28.469999313354492,29.09000015258789,172339493
2026-08-03,28.989999771118164,29.200000762939453,28.75,29.049999237060547,101801037
2026-08-04,28.889999389648438,29.020000457763672,28.18000030517578,28.299999237060547,150898453
2026-08-05,28.280000686645508,28.299999237060547,27.649999618530273,27.760000228881836,162011766
2026-08-06,27.770000457763672,27.829999923706055,27.56999969482422,27.75,107092691
2026-08-07,27.760000228881836,27.84000015258789,27.510000228881836,27.75,103438314
2026-08-10,27.68000030517578,28.209999084472656,27.56999969482422,28.049999237060547,118747347
2026-08-11,28.09000015258789,28.399999618530273,27.959999084472656,28.309999465942383,109150749
2026-08-12,28.209999084472656,28.299999237060547,27.959999084472656,28.020000457763672,68860401
2026-08-13,27.899999618530273,28.239999771118164,27.799999237060547,28.239999771118164,76607981
2026-08-14,28.110000610351562,28.209999084472656,27.93000030517578,28.100000381469727,73543285
2026-08-17,28.079999923706055,28.149999618530273,27.90999984741211,27.959999084472656,75398039
2026-08-18,27.920000076293945,28.149999618530273,27.90999984741211,28.1200008392334,71508633
2026-08-19,28.239999771118164,28.43000030517578,28.06999969482422,28.420000076293945,128036154
2026-08-20,28.209999084472656,28.350000381469727,28.020000457763672,28.15999984741211,82162445
2026-08-21,28.149999618530273,28.229999542236328,27.93000030517578,27.959999084472656,63514724
2026-08-24,27.93000030517578,28.25,27.860000610351562,28.149999618530273,93557336
2026-08-25,28.15999984741211,28.389999389648438,28.1200008392334,28.209999084472656,90148572
2026-08-26,28.200000762939453,28.489999771118164,28.1200008392334,28.239999771118164,76106307
2026-08-27,28.190000534057617,28.280000686645508,27.899999618530273,28.100000381469727,94775418
2026-08-28,28.010000228881836,28.06999969482422,27.8700008392334,28.049999237060547,67454352
2026-08-31,28.010000228881836,28.139999389648438,27.799999237060547,28.09000015258789,98206717
2026-09-01,28.020000457763672,28.459999084472656,27.899999618530273,28.399999618530273,124047349
2026-09-02,28.489999771118164,28.850000381469727,28.350000381469727,28.719999313354492,124955254
