date,open,high,low,close,volume
2018-01-02,12.953290269010909,13.264614757285802,12.886578636067922,13.236817359924316,37891003
2018-01-03,13.153428417375345,13.375802313539628,12.914376081362848,12.958850860595703,49028112
2018-01-04,12.964408880211481,13.120071120173602,12.814306119572533,12.836544036865234,45551951
2018-01-05,12.936612729127512,13.375800998322113,12.869900036656771,13.153427124023438,51840206
2018-01-08,13.175664765919874,14.281975695222066,13.175664765919874,13.942854881286621,92897079
2018-01-09,13.937294546086333,13.942854025031329,13.598173752976894,13.781633377075195,45887500
2018-01-10,13.72048280466894,14.148553222403825,13.681567504940748,13.848347663879395,54219887
2018-01-11,13.870584560645096,13.965093593168005,13.38692043882495,13.49810791015625,46557668
2018-01-12,13.475870766867663,13.68156728255339,13.425836507926874,13.542583465576172,30523189
2018-01-15,13.537023993271045,13.537023993271045,13.014444544241178,13.075597763061523,39194515
2018-01-16,13.020003297141196,13.236817700324973,12.753154637782343,12.914375305175781,51302706
2018-01-17,12.931053016892777,13.270173831818589,12.847662948077549,13.081155776977539,47330188
2018-01-18,12.969969765197936,13.21458158011695,12.969969765197936,13.075597763061523,54528270
2018-01-19,13.125630635938638,13.553699941389008,13.103392718584198,13.431394577026367,73516446
2018-01-22,13.481429124635476,13.759396735452702,13.409158012382402,13.587057113647461,53729497
2018-01-23,13.603733871280582,13.920617823865378,13.603733871280582,13.881701469421387,56212932
2018-01-24,14.009566712009091,14.076278338624668,13.60373323192189,13.781633377075195,44750566
2018-01-25,13.90949845494328,14.15410917062721,13.853904724883405,13.981769561767578,51865414
2018-01-26,13.953973396559201,14.176347259139932,13.831666976868133,14.065159797668457,38092470
2018-01-29,14.243059574295367,14.976893831733886,14.243059574295367,14.526585578918457,80884329
2018-01-30,14.543262086725044,14.81011067942263,14.265294537574547,14.39871883392334,51127802
2018-01-31,14.343127381948799,14.704486101322328,14.209703064484417,14.67112922668457,40035735
2018-02-01,14.710042600802115,15.260419296531408,14.648890459336032,14.915739059448242,57592271
2018-02-02,14.843468833491306,16.166594015405543,14.482110140030237,15.927541732788086,85699715
2018-02-05,15.732965965633783,16.361173344611558,15.51059209445848,15.94978141784668,94155228
2018-02-06,15.343812318404067,15.760763734336992,15.188150074725353,15.510592460632324,82918226
2018-02-07,15.899746860864397,16.21662975378726,14.760079069751129,14.954656600952148,87833753
2018-02-08,14.448756411889397,14.63777447375975,13.709362602936181,14.148551940917969,82357324
2018-02-09,13.403597422807985,13.831666702137566,12.736474787954252,13.503665924072266,82417015
2018-02-12,13.336885625125397,13.559259498127872,12.986646907691782,13.292410850524902,47806334
2018-02-13,13.59261703491211,13.809431439080798,13.392480009302663,13.59261703491211,41066085
2018-02-14,13.592614626158948,13.776073180336063,13.342443388480092,13.726038932800293,30562605
2018-02-22,13.987328497199083,14.198584451143812,13.764954645964233,14.10407543182373,39280433
2018-02-23,14.181906901450247,14.343127556040718,13.965092515484287,14.243060111999512,36498984
2018-02-26,14.315330336834224,14.682247456755176,14.142990734534909,14.3598051071167,41028983
2018-02-27,14.370926048117212,14.37648552771506,13.548142154157505,13.625972747802734,54174563
2018-02-28,13.448073015042198,13.64265055044451,13.092273759906977,13.431394577026367,37027517
2018-03-01,13.225699832265184,13.420276317441154,13.097833921540852,13.253496170043945,36591468
2018-03-02,13.108952977532324,13.147868274854686,12.819866396905741,12.986647605895996,32280357
2018-03-05,13.0477985988291,13.220139272131128,12.94217167561303,13.05335807800293,25646950
2018-03-06,13.147867498914735,13.370241370749044,12.836544078346705,13.303529739379883,42178920
2018-03-07,13.286851209364283,13.336885462725869,12.997764647800057,13.081155776977539,23848075
2018-03-08,13.086715369348596,13.108952226389063,12.89769731287444,12.953289985656738,28450223
2018-03-09,12.981087111569883,13.086715096304479,12.819865394850641,12.903255462646484,31472735
2018-03-12,12.942171677880856,13.09783285332644,12.842103173458849,12.925493240356445,38982350
2018-03-13,12.936612839347431,13.086715603413765,12.908815442096842,12.992206573486328,27686778
2018-03-14,12.992205418845199,13.142307109209437,12.803187375788701,13.058917045593262,31066854
2018-03-15,12.981086731040653,13.131189484890385,12.886577707545882,13.108951568603516,27543225
2018-03-16,13.1145118811892,13.125630840039317,12.897697485423294,12.908815383911133,24083363
2018-03-19,12.81986470568019,12.825424184616013,12.208335807448181,12.219454765319824,55282899
2018-03-20,12.063793532326978,12.42515117833373,11.95816555383319,12.358438491821289,29399305
2018-03-21,12.352879012915071,12.441828554690204,12.186098887177241,12.358438491821289,28655464
2018-03-22,12.369557961639972,12.419592213504798,12.163861475044333,12.352879524230957,23555785
2018-03-23,11.869216534298438,12.35843903558725,11.713554299161794,12.330642700195312,55076340
2018-03-26,11.77470906667881,12.041557739036506,11.574572032229353,11.707996368408203,43304733
2018-03-27,11.8303014240282,11.880335676799227,11.607926495995965,11.808063507080078,35434778
2018-03-28,11.591250224832576,11.752470896643219,11.485622229973115,11.530097007751465,25279245
2018-03-29,11.452264193466526,11.858096594630958,11.124262373248113,11.746909141540527,47655852
2018-03-30,11.674640496807134,11.746911614275549,11.535656681368954,11.5912504196167,21167114
2018-04-02,11.619045359464934,11.841419225316647,11.574570586294591,11.585689544677734,20638128
2018-04-03,11.402229740611025,11.413348697792587,11.263245956927852,11.279924392700195,19843753
2018-04-04,11.335517881445702,11.424467424636434,11.190974608670212,11.207653045654297,15770557
2018-04-09,11.185415377381153,11.341076536474551,11.124262173244679,11.279924392700195,16773238
2018-04-10,11.31884199439298,11.674640213979258,11.274367216944695,11.66908073425293,29593009
2018-04-11,11.808063651877363,11.835861048403382,11.5912492607857,11.657960891723633,25711264
2018-04-12,11.67464100049628,11.702437340638213,11.435588657970989,11.480063438415527,18630711
2018-04-13,11.552334765232567,11.619046400785788,11.43558781247094,11.446706771850586,14624415
2018-04-16,11.452265875945704,11.452265875945704,11.01863601762202,11.068670272827148,32368224
2018-04-17,11.029754338162913,11.174297615903702,10.868532622865109,10.874092102050781,23086873
2018-04-18,10.963042016455466,11.074229483178325,10.846296130722507,11.018635749816895,22699337
2018-04-19,11.063109673496825,11.48562053003841,11.063109673496825,11.463383674621582,30686732
2018-04-20,11.34663745106955,11.468942814459064,11.1520599172154,11.424468040466309,21638129
2018-04-23,11.313282440381817,11.496741028696665,11.235450785086622,11.446706771850586,15466729
2018-04-24,11.468941569176595,11.980401944740718,11.468941569176595,11.746909141540527,35400228
2018-04-25,11.641284107443422,11.691318363377889,11.463385002059681,11.513418197631836,19251968
2018-04-26,11.557892081231037,11.613484746997404,11.285482929237613,11.502298355102539,16301915
2018-04-27,11.491181222677058,11.72467406120719,11.279926302274701,11.641283988952637,24436237
2018-05-02,11.452263606936414,11.468940981792345,11.207651858882596,11.263245582580566,19884433
2018-05-03,11.20765284302102,11.496739383345343,11.20765284302102,11.368874549865723,16767486
2018-05-04,11.402230742415536,11.446705514687238,11.257687467441952,11.291043281555176,16660453
2018-05-07,11.346638141819032,11.619046281653336,11.26324806805136,11.607927322387695,27592999
2018-05-08,11.630164651839284,11.780267413235629,11.574570918689275,11.752470016479492,21954634
2018-05-09,11.774707320138324,12.002640659846504,11.69687673400252,11.79138469696045,26217493
2018-05-10,11.891454890509797,12.041557665429346,11.846980112055377,11.952608108520508,26209325
2018-05-11,12.008200101496087,12.091590166433532,11.780266762498039,11.90813159942627,20808439
2018-05-14,12.002642366827024,12.091591923735862,11.891454890509797,11.952608108520508,23344328
2018-05-15,11.952605303596046,11.980401635971193,11.691316174038493,11.813621520996094,21117115
2018-05-16,11.780267343289124,11.90813218652135,11.685758315603945,11.763588905334473,19611393
2018-05-17,11.763587646796688,11.891452476349183,11.763587646796688,11.830300331115723,12922084
2018-05-18,11.84141887825773,12.447388307669751,11.808063064448152,12.408473014831543,47238474
2018-05-21,12.286168680479262,12.458508303270404,12.213896507450457,12.269490242004395,29570687
2018-05-22,12.275049143543622,12.325083396250147,12.091590570407106,12.158303260803223,19438829
2018-05-23,12.008198547821658,12.008198547821658,11.20209221687885,11.307720184326172,59570830
2018-05-24,11.268806187415912,11.446705272742532,11.202093500237334,11.346636772155762,19617922
2018-05-25,11.352196453773438,11.430027039902695,11.291043244464902,11.407790184020996,16143414
2018-05-28,11.43002748275252,11.50785913225953,11.363315852160513,11.413350105285645,11047248
2018-05-29,11.480062855405244,11.646844068874149,11.457825996493469,11.49674129486084,16392794
2018-05-30,11.291042903928426,11.385551924390233,11.124262778578027,11.146499633789062,15912688
2018-05-31,11.23544887546211,11.363314765870756,11.179856208737302,11.341076850891113,12891795
2018-06-01,11.418910259456352,11.719114735587937,11.418910259456352,11.491181373596191,24586292
2018-06-04,11.580130774463557,11.72467406120719,11.524537039506422,11.641283988952637,17365256
2018-06-05,11.641283416223514,11.663520272894978,11.413350068439215,11.563451766967773,18626330
2018-06-06,11.541214869550323,11.707995005265351,11.491180616763366,11.680198669433594,19826301
2018-06-07,11.724673739194133,11.874776501347203,11.696877402660128,11.835861206054688,21514493
2018-06-08,11.774706526029703,11.869215542975974,11.524535286947772,11.619044303894043,23525162
2018-06-11,11.535656150073548,11.613486743818346,11.363316523769077,11.491181373596191,14912735
2018-06-12,11.491179483939534,11.774706534994205,11.463383150847998,11.746909141540527,24542711
2018-06-13,11.746909510231683,11.746909510231683,11.530095136298714,11.635723114013672,25286213
2018-06-14,11.563451864259681,11.713554624413414,11.53565552809592,11.657960891723633,23004969
2018-06-15,11.652400864497146,11.88589368252508,11.596808194783709,11.780266761779785,29111897
2018-06-19,11.674639283043591,12.069352768877375,11.36887534501354,11.902572631835938,84786394
2018-06-20,11.785827100057352,11.835861354736906,11.624605377120503,11.685758590698242,18933298
2018-06-21,11.741351468835498,12.091590165696296,11.724673031704143,11.780266761779785,29393976
2018-06-22,11.602368958140561,11.735793288874056,11.257688641807286,11.69131851196289,15993437
2018-06-25,11.730232195090037,11.758028529198764,11.34107715539482,11.368874549865723,24123395
2018-06-26,11.229891234630847,11.357756073530634,11.0075163108859,11.129822731018066,21621601
2018-06-27,11.168740118478297,11.285486021005894,10.940806733232815,11.085350036621094,21437932
2018-06-28,10.996400128464026,11.102027067322592,10.907450569234506,10.94080638885498,13459350
2018-06-29,10.951925693577087,11.113146377119355,10.8740940315296,11.085350036621094,10668504
2018-07-02,11.118703571578042,11.229891031438703,10.39598826357035,10.590564727783203,28360916
2018-07-03,10.56276938886338,10.579447827523595,10.123580047405156,10.44046401977539,21897486
2018-07-04,10.395989648789989,10.546091361131408,10.351514870992098,10.468260765075684,15537548
2018-07-05,10.468259601292402,10.635039734402534,10.229207299568914,10.629481315612793,20658343
2018-07-06,10.512735944138202,10.757347761544459,10.479380124607198,10.7295503616333,18826377
2018-07-09,10.729548744505708,10.846238141249524,10.513674807211983,10.828734397888184,19119188
2018-07-10,10.799563945900296,10.822901160446872,10.537013327046948,10.647868156433105,19840535
2018-07-11,10.39698444854364,10.414488190285542,10.169441370061207,10.233620643615723,18531476
2018-07-12,10.245289290015192,10.472833494613019,10.227786660084028,10.39115047454834,26388063
2018-07-13,10.385316414938432,10.385316414938432,10.157773311751157,10.239455223083496,23732737
2018-07-16,10.233619997832108,10.344473683371453,10.227785417619659,10.315301895141602,18970891
2018-07-17,10.274462262702647,10.286130311789897,10.011911683670242,10.116931915283203,18169457
2018-07-18,10.15193814690634,10.19861368110326,10.017746125194263,10.041083335876465,14370431
2018-07-19,10.08776078488223,10.140269791299776,10.00024317757691,10.02941608428955,11778687
2018-07-20,9.982739893176495,10.157772870668907,9.743527637948349,10.11109733581543,20892369
2018-07-23,10.017748160461384,10.478669015195404,10.006078996333246,10.461166381835938,28501634
2018-07-24,10.466999411537374,10.95125852270711,10.455330249139891,10.875410079956055,40580398
2018-07-25,10.852073539563754,10.93959003729559,10.682874012827245,10.770390510559082,14647139
2018-07-26,10.793728548841155,10.939589745447117,10.630363608022737,10.67703914642334,12614806
2018-07-27,10.735383989440209,10.776224946976143,10.618695698313626,10.729549407958984,10254421
2018-07-30,10.729549401928471,10.87541060037919,10.589522784955697,10.747053146362305,13319177
2018-07-31,10.741218570921431,10.793728691419814,10.595357372388731,10.729549407958984,8948227
2018-08-01,10.764556012663487,10.846237921026141,10.449495315551758,10.449495315551758,13262424
2018-08-02,10.43199194826442,10.43199194826442,10.151938727078178,10.251124382019043,13917474
2018-08-03,10.20444789224052,10.583686732953456,10.20444789224052,10.268627166748047,16871038
2018-08-06,10.297799626073315,10.35614432370294,10.05275278629493,10.151938438415527,13004256
2018-08-07,10.26279453059373,10.583688738266904,10.163608866122127,10.57785415649414,19487577
2018-08-08,10.507840441201521,10.712046333267292,10.496171278721743,10.618695259094238,16852687
2018-08-09,10.548680595888618,10.74705189164844,10.461164109602224,10.671204566955566,19518949
2018-08-10,10.671206193700703,10.682874244240429,10.50784124498518,10.572020530700684,10065497
2018-08-13,10.507840014282662,10.507840014282662,10.262793176326165,10.443660736083984,15410298
2018-08-14,10.414488943902333,10.531177225461475,10.30946871151633,10.443660736083984,11294246
2018-08-15,10.49033619560401,10.49033619560401,10.111097335815428,10.11109733581543,16377849
2018-08-16,9.918560467588659,10.210282834282443,9.8602157716834,10.076090812683105,13175363
2018-08-17,10.181111051299737,10.186944519345902,10.011911544315582,10.041083335876465,8100671
2018-08-20,10.122766937299094,10.268628129154031,9.982740326658265,10.239455223083496,12053989
2018-08-21,10.268628268627154,10.367813924948997,10.169442612305309,10.303634643554688,12101963
2018-08-22,10.268627314355896,10.414488494636995,10.221951781179245,10.321137428283691,8872217
2018-08-23,10.303634501849816,10.414489319233795,10.116932354360534,10.24528980255127,10059632
2018-08-24,10.221951333745883,10.239453962400699,10.081924740345146,10.175275802612305,7194673
2018-08-27,10.233622449404386,10.542847484915528,10.1927803781331,10.513675689697266,18570975
2018-08-28,10.548682346716706,10.793729216690004,10.49617222366295,10.612861633300781,22621490
2018-08-29,10.665371082959407,10.817066860777675,10.642032757372313,10.717881202697754,15228583
2018-08-30,10.70037775750667,10.892914497649768,10.70037775750667,10.770390510559082,17496650
2018-08-31,10.770391456420107,10.811233530925536,10.507841940167372,10.787895202636719,18405517
2018-09-03,10.688708153606317,10.811232135644362,10.525344327999058,10.66537094116211,13275903
2018-09-04,10.6945422227448,10.852072572321049,10.5486810352481,10.79372787475586,13546672
2018-09-05,10.694543281401616,10.75872256635971,10.47283474410594,10.478668212890625,12419240
2018-09-06,10.449496404817902,10.700377849892519,10.443661823207718,10.513675689697266,10721178
2018-09-07,10.828734969814004,11.091285569938066,10.67703919116817,11.021271705627441,37848178
2018-09-10,10.910418377248904,11.00376945769494,10.782059807011109,10.840404510498047,15306874
2018-09-11,10.87541015665384,10.87541015665384,10.548681397048158,10.618695259094238,16438478
2018-09-12,10.601192476666416,10.700378141073285,10.513675975797456,10.595357894897461,8841721
2018-09-13,10.758722163519478,10.811232283276746,10.577853478652166,10.706212043762207,9721703
2018-09-14,10.70621043783515,10.81706524212039,10.607024794597292,10.799561500549316,11898217
2018-09-17,10.73538452586069,10.758722852951742,10.542847778690248,10.57785415649414,9070140
2018-09-18,10.50784114730496,10.840404510498047,10.50784114730496,10.840404510498047,12337249
2018-09-19,10.782058493976288,11.202139417658822,10.770389332133435,11.038774490356445,22844714
2018-09-20,11.079615963542908,11.143795243855712,10.863742023489518,10.898748397827148,20073145
2018-09-21,10.927921198635447,11.628055426943018,10.922086616902405,11.593049049377441,44694719
2018-09-25,11.383008143917449,11.523034761914724,11.307159696981861,11.435518264770508,23311535
2018-09-26,11.441353412958582,11.890605083971474,11.441353412958582,11.610551834106445,30623577
2018-09-27,11.610550499879377,11.931445785535963,11.5580403824598,11.832260131835938,24620059
2018-09-28,11.86143222374804,11.995624254833496,11.733074773948811,11.896438598632812,21493018
2018-10-08,11.59304919217586,11.855598696400667,11.56971086495622,11.633890151977539,21488175
2018-10-09,11.639723838131248,12.164823919008256,11.628054675419344,11.948948860168457,25753953
2018-10-10,11.94894891154605,12.351526124176871,11.902273373330349,12.281512260437012,29955430
2018-10-11,11.81475514256409,12.141483862074011,11.587212066295164,11.698065757751465,36250316
2018-10-12,11.803087798815918,12.030632022951853,11.598881900368845,12.018962860107422,34167672
2018-10-15,11.902270495566999,11.97228434237872,11.593045546965445,11.663058280944824,23320955
2018-10-16,11.639721073895812,11.873098708547648,11.598879014103442,11.663058280944824,15434951
2018-10-17,11.826424599896121,11.948947455469707,11.383006484464739,11.820590019226074,20654378
2018-10-18,11.66889507739831,11.721405194273206,11.05627853096792,11.114622116088867,28687466
2018-10-19,11.06211191626051,11.534702964590677,10.904582679649666,11.429682731628418,25751027
2018-10-22,11.464689169637355,12.083140295995188,11.44718653926667,11.779749870300293,36118537
2018-10-23,11.797253173751596,12.048134609815678,11.581379226091302,11.668895721435547,40966913
2018-10-24,11.610550501520224,11.983955904649157,11.598881339240322,11.826425552368164,20427029
2018-10-25,11.523034384294252,11.657226416373298,11.254650320136163,11.616385459899902,24448920
2018-10-26,11.698065255768007,12.10647697225412,11.499693977798456,11.88476848602295,22850167
2018-10-29,11.808921903798838,11.808921903798838,11.383007492654482,11.499695777893066,23525714
2018-10-30,11.499695334785557,11.604715566436434,11.155463960688001,11.365503311157227,19439901
2018-10-31,11.377174248853022,11.768082331660255,11.37133966698035,11.692234992980957,19990147
2018-11-01,11.814757736598988,11.873102441815398,11.552207119541489,11.633890151977539,21371633
2018-11-02,11.820590024044687,11.87310013726405,11.482192134871275,11.79725170135498,29819018
2018-11-05,11.744743192012518,11.77391609935854,11.616385738187905,11.733075141906738,15570577
2018-11-06,11.715571030090128,11.92561150506395,11.686399236491583,11.896438598632812,18998209
2018-11-07,11.978120660867658,12.007292452121037,11.692232877821027,11.908106803894043,18483752
2018-11-08,11.960618438039397,12.223169044007467,11.861432777210643,12.123983383178711,21977287
2018-11-09,12.065638261622285,12.170658500364208,11.93144622893321,11.948948860168457,11617961
2018-11-12,11.902273413297733,11.948948951670172,11.511365362116338,11.668895721435547,31340457
2018-11-13,11.499696865744927,11.639724601809736,11.383008569467826,11.563876152038574,21748224
2018-11-14,11.488027281170067,11.517199073136032,11.307158609916991,11.383007049560547,19953575
2018-11-15,11.371337378731788,11.540536880493164,11.33633100737279,11.540536880493164,11569842
2018-11-16,11.53470326501396,11.581378801675909,11.447186772876877,11.499695777893066,12406210
2018-11-19,11.540537323058455,11.686398507619106,11.453019722056046,11.680563926696777,13744919
2018-11-20,11.604715714529226,11.62221945763859,11.371338037233782,11.418013572692871,13568455
2018-11-21,11.31882777183639,11.41801342248621,11.167132005381808,11.383007049560547,18310893
2018-11-22,11.377172990278764,11.400511315187693,11.178801679883193,11.231311798095703,8992867
2018-11-23,11.16713289491434,11.248815922024164,11.038775442074074,11.044610023498535,10846897
2018-11-26,11.12045817796087,11.202141211105658,10.980431551926138,10.992100715637207,7932795
2018-11-27,11.073780933558885,11.085450095476036,10.717880397746038,10.758721351623535,11984002
2018-11-28,10.776225500421985,10.962928778911966,10.764557449692921,10.945425033569336,7955783
2018-11-29,10.997932784876726,11.021269994134485,10.805396078962312,10.811230659484863,6911621
2018-11-30,10.805398409326367,11.056279861740613,10.758722867912043,10.945425033569336,11994271
2018-12-03,11.289657170081371,11.31299438354796,11.12045764290985,11.137961387634277,13757194
2018-12-04,11.172967105671816,11.26048359847009,11.038775075858956,11.20797348022461,10722897
2018-12-05,11.085450457117936,11.242980809641006,11.003768546698225,11.202139854431152,11686706
2018-12-06,11.032939462631033,11.108787898705401,10.887078283999916,10.892912864685059,11390769
2018-12-07,10.96292745461629,11.172966809192145,10.904582756688116,11.132125854492188,11127415
2018-12-10,11.027105620787985,11.196305133496436,11.015436458635838,11.132125854492188,8557113
2018-12-11,11.102954061944377,11.167132228116072,11.073781156564014,11.132125854492188,4650258
2018-12-12,11.312993711384967,11.312993711384967,11.172967100407192,11.22547721862793,7431289
2018-12-13,11.289656637267449,11.371338549794512,11.22547735580613,11.295491218566895,10503649
2018-12-14,11.31882747797385,11.400510496456427,11.266317363532371,11.283821105957031,11996872
2018-12-17,11.260484026334945,11.394677174079327,11.248815976262383,11.35966968536377,9448846
2018-12-18,11.266317880744202,11.377172695524479,11.10878864302045,11.132125854492188,7389077
2018-12-19,11.161298598990522,11.295491749520462,11.085451264197639,11.14379596710205,9033381
2018-12-20,11.120457123499541,11.336332180353875,11.07961616721611,11.277987480163574,12125847
2018-12-21,11.22547760030799,11.22547760030799,10.99793448883643,11.032940864562988,9685134
2018-12-24,10.968761583652174,11.149630269408863,10.887079669331488,11.027106285095215,5790679
2018-12-25,10.922084199967246,11.01543526137302,10.572018276111816,10.752885818481445,10129342
2018-12-26,10.729549499529382,10.793728783537944,10.44366168150532,10.467000007629395,12984828
2018-12-27,10.589521914896475,10.647866612049555,10.449495309428604,10.472833633422852,15137131
2018-12-28,10.50784112097733,10.589523037954791,10.396986295913164,10.478668212890625,8828988
2019-01-02,10.461164178045472,10.537011503234584,10.274462042657651,10.367813110351562,14300997
2019-01-03,10.367812961460343,10.496170399488014,10.280296475858181,10.321137428283691,9988861
2019-01-04,10.268628970818042,10.554516796746489,10.140270399251989,10.542847633361816,12400448
2019-01-07,10.268628045257687,10.601191381916633,10.44366102892053,10.531177520751953,14820714
2019-01-08,10.572020153354494,10.770390359441452,10.542847245964772,10.747053146362305,12558249
2019-01-09,10.8228987140536,10.957091840486202,10.74705139288078,10.776223182678223,10523021
2019-01-10,10.717881502186096,10.88707991608996,10.682874012827245,10.770390510559082,6284499
2019-01-11,10.782057758978242,10.910416304834557,10.717879598882533,10.799561500549316,9606383
2019-01-14,10.799562595261051,10.98626473961469,10.793728014145929,10.863741874694824,12281709
2019-01-15,10.881243703314775,10.957092139389143,10.764555428109368,10.892912864685059,15414996
2019-01-16,10.904581874689873,10.939588245482327,10.805396230084202,10.852071762084961,10916463
2019-01-17,10.945424459150054,10.957093622099405,10.747053140341597,10.764556884765625,13495538
2019-01-18,10.881244287284531,11.114621963052631,10.852072495125721,11.09128475189209,20933326
2019-01-21,11.085449319647253,11.464688152752906,11.044608368628062,11.406343460083008,19386130
2019-01-22,11.406344781796394,11.435517687927987,11.190470840585508,11.237146377563477,9608754
2019-01-23,11.19047018249485,11.37717231942712,11.19047018249485,11.34216594696045,8964299
2019-01-24,11.377172326544393,11.394676069204936,11.155463817006758,11.312993049621582,8058098
2019-01-25,11.318828728028246,11.406345224151886,11.277987770692722,11.35966968536377,7336833
2019-01-28,11.37717398772907,11.657227234193327,11.37717398772907,11.563876152038574,15715164
2019-01-29,11.505530638463004,11.68056473982001,11.423848725529295,11.622220039367676,11046678
2019-01-30,11.598881285146025,11.616385028484245,11.453020095825195,11.453020095825195,7106507
2019-01-31,11.546374469139245,11.616387230096276,11.38300950551822,11.569711685180664,13068242
2019-02-01,11.63972487615269,11.733075960507684,11.598882803018762,11.674731254577637,13694892
2019-02-11,11.633886493925473,11.698064647934514,11.558038067143414,11.663058280944824,11053550
2019-02-12,11.633888540014675,11.773915145432703,11.552205518896422,11.721405029296875,11914141
2019-02-13,11.698067653091512,11.803087893871934,11.575544780736102,11.733075141906738,15273412
2019-02-14,11.66889476485212,11.791417625723456,11.616384649383683,11.680563926696777,13384328
2019-02-15,11.639724317829332,11.721406234513733,11.464690208435059,11.464690208435059,11489776
2019-02-18,11.581376387024768,11.686396600826178,11.493859913134372,11.663058280944824,14215668
2019-02-19,11.598883348085948,11.715572765429638,11.464691297123634,11.51720142364502,17933011
2019-02-20,11.55220537207059,11.692233088541435,11.534702742136126,11.680563926696777,14776430
2019-02-21,11.69806914715913,11.832262312424614,11.55220793029763,11.587215423583984,17710084
2019-02-22,11.59888016032676,11.610549321420605,11.242979649624077,11.441350936889648,32614364
2019-02-25,11.400511696176606,12.024797441529637,11.388842533332175,12.018962860107422,49192402
2019-02-26,11.960618588648131,12.526559652954651,11.896439303529423,12.141486167907715,45590816
2019-02-27,12.19399681655474,12.386533567395979,11.931447308770894,12.024798393249512,31085054
2019-02-28,12.065638108236605,12.14732002051633,11.85559763342292,11.92561149597168,18961542
2019-03-01,12.024796925882283,12.158988954340963,11.902272946935064,12.153154373168945,23469300
2019-03-04,12.246503981064695,12.649081131108334,12.199828450105464,12.293179512023926,46049154
2019-03-05,12.310683250427246,12.39819973185029,12.118146546163574,12.310683250427246,21392512
2019-03-06,12.328187133602155,12.444876529262846,12.182325945442566,12.380697250366211,26663083
2019-03-07,12.392366784879751,12.479883277838796,12.042299700210984,12.199830055236816,31357381
2019-03-08,12.007292668519531,12.007292668519531,11.674729345774448,11.680563926696777,27888393
2019-03-11,11.680565021516525,11.78558526229695,11.563875617797693,11.733075141906738,21876059
2019-03-12,11.803086932971382,11.873100792069312,11.616384792486953,11.738908767700195,24169302
2019-03-13,11.692234052856973,11.7680813854377,11.581379231855033,11.651391983032227,15913425
2019-03-14,11.698066260084211,11.773914697319197,11.528867868955961,11.581377983093262,19293441
2019-03-15,11.598881861306952,11.733075007900748,11.5755446485293,11.6572265625,18414579
2019-03-18,11.680565062474773,12.07730770111084,11.680565062474773,12.07730770111084,37029909
2019-03-19,12.118147409493089,12.129816571269489,11.902272367959785,11.966451644897461,19404291
2019-03-20,11.960618019104002,12.065638257812767,11.861432361749348,11.960618019104004,17927040
2019-03-21,12.007294789154457,12.129818784497552,11.948950082459303,12.06563949584961,20189135
2019-03-22,12.048132845922492,12.339855196249102,11.966450943937426,12.32818603515625,27160577
2019-03-25,11.87893620643964,11.931446326238841,11.622220188847166,11.651391983032227,44103765
2019-03-26,11.668894689507315,11.709735642867388,11.260482930241551,11.330496788024902,35153393
2019-03-27,11.371337895112278,11.40051079992994,11.266317663433757,11.35383415222168,19146382
2019-03-28,11.28965650107632,11.28965650107632,11.172967102160241,11.219642639160156,22307077
2019-03-29,11.219641327436385,11.458853565697964,11.190469537534222,11.441350936889648,36974672
2019-04-01,11.48802656825899,11.803086130703406,11.48802656825899,11.756410598754883,38703344
2019-04-02,11.77975054824477,11.849763299421964,11.610551026040094,11.651391983032227,29971184
2019-04-03,11.558040245772762,11.7680807129671,11.476358336456098,11.762246131896973,28769143
2019-04-04,11.768081289464373,12.048134517554429,11.768081289464373,11.948948860168457,49284042
2019-04-08,12.0306318768369,12.217334028749782,11.803087655464543,11.978121757507324,39010301
2019-04-09,12.018961315577288,12.071471428796652,11.773914491497749,11.79725170135498,25506534
2019-04-10,11.791418070537553,11.913942048863452,11.66306062390179,11.808921813964844,23335484
2019-04-11,11.762244726088664,11.931444218402165,11.563873444743658,11.59887981414795,23378455
2019-04-12,11.604716295382195,11.66306099583453,11.54637270776246,11.622220039367676,11916223
2019-04-15,11.738910542383959,11.849764259535075,11.668896672701361,11.674731254577637,27652307
2019-04-16,11.622219022165064,11.90227222442627,11.563874326819187,11.90227222442627,26554118
2019-04-17,11.937279253842526,11.937279253842526,11.785584595555488,11.832260131835938,27855430
2019-04-18,11.843928034772494,11.943113687245598,11.768080706567206,11.785584449768066,15371597
2019-04-19,11.785584091493996,12.013127182025253,11.703901071872313,11.954782485961914,25888688
2019-04-22,11.919778129217674,11.948949925766344,11.64555834519626,11.674731254577637,25423608
2019-04-23,11.674730164107356,11.750577495749056,11.558040763146554,11.604716300964355,14912079
2019-04-24,11.616386415916054,11.721406662823613,11.52303533262771,11.610551834106445,13453834
2019-04-25,11.552205441526365,11.593047508228222,11.377172464134235,11.400510787963867,14815490
2019-04-26,11.383008671115626,11.458856008731406,11.277988424545551,11.301326751708984,13382960
2019-05-06,11.202140391416293,11.318828681490505,10.910417996981835,11.021271705627441,22532750
2019-05-07,11.132126525126164,11.15546485083643,10.904583413614187,11.027106285095215,13858463
2019-05-08,10.87540977732568,10.92208531278419,10.75872149509568,10.817066192626953,14596679
2019-05-09,10.764555784628586,10.887078644577057,10.659535554482744,10.712045669555664,10834029
2019-05-10,10.81123175913156,10.933754624070014,10.612860452517582,10.85790729522705,12659059
2019-05-13,10.741217751986532,10.887078939398444,10.73538317095015,10.817066192626953,9522110
2019-05-14,10.73538303225921,10.840403263892231,10.7237138703372,10.741217613220215,10951899
2019-05-15,10.78205790766759,10.904581874689873,10.741216956270984,10.852071762084961,11533993
2019-05-16,10.822901039550317,10.99210057266193,10.805398407044072,10.95125961303711,11482824
2019-05-17,10.951257259960224,10.951257259960224,10.758720553932736,10.776223182678223,10228860
2019-05-20,10.758722016604143,10.881244885809588,10.577853334206678,10.66537094116211,13451397
2019-05-21,10.688706546452815,10.799561349184332,10.647865596191844,10.752885818481445,9020788
2019-05-22,10.770390367517132,10.799563274928728,10.688708452429927,10.723714828491211,8907563
2019-05-23,10.677039003991966,10.78205924220051,10.560350715963384,10.624528884887695,11606469
2019-05-24,10.647867342606062,10.747053000721726,10.618695548444297,10.706212043762207,8261790
2019-05-27,10.688707492953162,10.782058562625306,10.612860166156745,10.758721351623535,9137807
2019-05-28,10.74121884842005,10.863742837025885,10.729549685156131,10.840404510498047,14064710
2019-05-29,10.793728832609718,10.852073535352515,10.735384129866919,10.782059669494629,7541708
2019-05-30,10.793728165406582,10.904582982482259,10.729548885073417,10.887079238891602,11268676
2019-05-31,10.846238811918196,10.887079769454132,10.72371482647776,10.729549407958984,7556031
2019-06-03,10.78205886175717,10.857907303490418,10.688707789495142,10.828734397888184,11463969
2019-06-04,10.84040180016815,10.933752857274447,10.822898059648578,10.910415649414062,11130715
2019-06-05,10.957093531683341,11.126291941722224,10.957093531683341,11.032940864562988,12753488
2019-06-06,11.06211346743738,11.102955540408399,10.968762383454736,11.003769874572754,8792821
2019-06-10,11.091284099908808,11.237145277793724,11.091284099908808,11.172966003417969,11888545
2019-06-11,11.167131714131736,11.348000380667576,11.14379450373413,11.289655685424805,14565775
2019-06-12,11.289656779207125,11.359669530015534,11.225477496938908,11.348001480102539,12930959
2019-06-13,11.330496933755787,11.505529911216634,11.237145864065665,11.383007049560547,13541263
2019-06-14,11.40051202598315,11.581379603973696,11.248816243114977,11.493863105773926,27735094
2019-06-17,11.458854450112948,11.78558430896352,11.383007122813822,11.715570449829102,27937745
2019-06-18,11.779749879928739,11.832259996748816,11.674729646288586,11.744742393493652,17583111
2019-06-19,11.92561271109395,11.960619089518895,11.64555834519626,11.674731254577637,22020843
2019-06-20,11.66306032760806,11.867266211075107,11.639723116463774,11.738908767700195,19324120
2019-06-21,11.803086786099033,11.843927739717728,11.68639850616455,11.68639850616455,17239097
2019-06-24,11.727240042644027,11.931445933719356,11.715570880220847,11.873101234436035,18023418
2019-06-25,11.843927382145171,11.9839550943711,11.79141726826857,11.849761962890625,17467899
2019-06-26,11.873100284592876,11.966451350845109,11.779749218340644,11.855596542358398,11983309
2019-06-27,11.855597489060877,12.018962424463671,11.838094858261254,11.878935813903809,10927663
2019-06-28,11.867265855046575,11.890603065490723,11.71557009224585,11.890603065490723,10048006
2019-07-01,11.989788711028833,12.042298825556871,11.861431271533906,11.90227222442627,19540832
2019-07-02,11.937280775424709,12.0539701874159,11.820592476266226,12.030632972717285,13769809
2019-07-03,11.966453830783443,12.170659747842198,11.913943706030258,12.059804916381836,17376690
2019-07-04,12.07730741481512,12.118148371441988,11.913942475475045,11.978121757507324,12914685
2019-07-05,12.01896381136551,12.059804771720817,11.908108981234886,12.024798393249512,16182861
2019-07-08,12.006512395367759,12.012606048503404,11.57988460290541,11.622547149658203,18790024
2019-07-09,11.646928139520824,11.762726165748438,11.55550705438576,11.57379150390625,9813421
2019-07-10,11.616452334055346,11.640831596466777,11.561600156096837,11.622547149658203,7260901
2019-07-11,11.701780793958996,11.744443348746918,11.579886783878564,11.59817123413086,7966105
2019-07-12,11.62864415541725,11.695685977208232,11.54331904584141,11.59817123413086,7192239
2019-07-15,11.592075651962087,11.598170468310416,11.32390954497245,11.518939018249512,17590171
2019-07-16,11.482369878194111,11.689588958822426,11.457990615782679,11.622547149658203,10080093
2019-07-17,11.653021878413464,11.695684427548665,11.53112788448379,11.567695617675781,7528560
2019-07-18,11.579885015844274,11.634737195758811,11.488465103475797,11.555505752563477,5533802
2019-07-19,11.616453657416205,11.762725761146655,11.537223370487466,11.720063209533691,9879704
2019-07-22,11.72615716096792,11.793198972824962,11.579885068025773,11.646926879882812,10977040
2019-07-23,11.610357932478014,11.67739974403295,11.543317283390333,11.555505752563477,9163296
2019-07-24,11.604265165753066,11.768820555602336,11.592075533181314,11.640832901000977,9141059
2019-07-25,11.634738384694899,11.756632388620533,11.616453935365842,11.695685386657715,7096189
2019-07-26,11.634737689472788,11.726157605720621,11.622548057315129,11.6591157913208,6428628
2019-07-29,11.659116960228516,11.677401410298147,11.555507401435444,11.592076301574707,8470460
2019-07-30,11.616453289285882,11.762725388380908,11.598170003441073,11.750536918640137,9793447
2019-07-31,11.671304659136183,11.762724569397015,11.64083174320498,11.70787239074707,7843406
2019-08-01,11.66521053664396,11.689589800811405,11.579885436992496,11.616453170776367,7255504
2019-08-02,11.518939069691276,11.518939069691276,11.323909595543244,11.354382514953613,12352959
2019-08-05,11.330003158003692,11.336097973704712,11.000890084951996,11.055742263793945,18686930
2019-08-06,10.97041813968167,11.01308069089677,10.848524139809383,10.939945220947266,13874414
2019-08-07,10.903376161200868,11.061837893689091,10.903376161200868,10.970417976379395,8314095
2019-08-08,11.006985410131493,11.09840532494387,10.976512492683131,11.043554306030273,6560987
2019-08-09,11.074028438746327,11.086218072050281,10.909471876545185,11.006986618041992,6552822
2019-08-12,11.013080619799423,11.232489353166162,10.976512885060743,11.22029972076416,12760822
2019-08-13,11.134974084736495,11.202014734796894,11.116689637010602,11.153257369995117,5185394
2019-08-14,11.214203834533691,11.262961197022078,11.153256840806405,11.214203834533691,6396654
2019-08-15,11.092312365357774,11.305625125775634,11.043554996909783,11.275152206420898,7463041
2019-08-16,11.299530029296877,11.34828739152014,11.202014142383137,11.299530029296875,7630761
2019-08-19,11.384856431072421,11.518938901980167,11.34219387953211,11.51284408569336,8759091
2019-08-20,11.476276234478423,11.60426505027345,11.4701814182532,11.506749153137207,7026358
2019-08-21,11.506749964445612,11.592076235147522,11.47627704363827,11.549413681030273,6750695
2019-08-22,11.54941246501072,11.579885382609618,11.250772292698517,11.33000373840332,9901944
2019-08-23,11.323908695708527,11.457991157913828,11.317813879817294,11.445802688598633,8268886
2019-08-26,11.27515197302403,11.433613707816663,11.27515197302403,11.390951156616211,7829282
2019-08-27,11.457991600036621,11.68349514684451,11.397045763707155,11.457991600036621,20091516
2019-08-28,11.525033765733006,11.604265215320483,11.43361384598906,11.476276397705078,10051619
2019-08-29,11.464085730587074,11.494559809396707,11.275151091836321,11.305624008178711,10365474
2019-08-30,11.421424075340154,11.506749177741058,11.311719707986226,11.390951156616211,9983600
2019-09-02,11.397046935264683,11.8724310173185,11.336099930202867,11.805390357971191,24636426
2019-09-03,11.793198191964935,11.866333652359879,11.732251199991024,11.811481475830078,12129114
2019-09-04,11.884618114534776,12.036985013439068,11.811481491575154,11.939470291137695,13403849
2019-09-05,11.945564600942502,12.079647047814476,11.805387338876283,11.835860252380371,15443054
2019-09-06,11.860240584692345,11.99432421928753,11.823672849106092,11.969944953918457,12227367
2019-09-09,12.09793212409181,12.104026939603793,11.878523415529239,11.945565223693848,12622829
2019-09-10,11.976039584580484,11.976039584580484,11.84195711453151,11.921187400817871,8732695
2019-09-11,11.969943248427626,11.976038063901498,11.872428525780055,11.902902603149414,9199843
2019-09-12,11.969942485364582,12.036984288836186,11.884617399104082,11.951659202575684,11410346
2019-09-16,12.02479732345504,12.091839141783636,11.933377401849828,12.018702507019043,10259071
2019-09-17,12.043081772763031,12.158880960112231,11.976039954434436,12.018702507019043,15030760
2019-09-18,12.0369845402314,12.0369845402314,11.823670657657921,11.915090560913086,12792120
2019-09-19,11.921186256879126,11.933375888204973,11.811481899880967,11.872428894042969,8237223
2019-09-20,11.884618231041221,11.95775485471781,11.817576422876614,11.945565223693848,14217959
2019-09-23,11.951661460339388,11.976039562818842,11.665210909551297,11.713968276977539,10304587
2019-09-24,11.762726245278028,11.866335801659886,11.68959077163636,11.823673248291016,13026643
2019-09-25,11.817577382266487,11.817577382266487,11.646927183945827,11.70177936553955,8581968
2019-09-26,11.701779991683795,11.799294728075546,11.69568517535089,11.762725830078125,9054027
2019-09-27,11.805389361078895,11.848051912279349,11.384856340377956,11.390951156616211,19853549
2019-09-30,11.354381612697418,11.561600703130239,11.30562424803483,11.445802688598633,10899663
2019-10-08,11.366571426391602,11.543317602664192,11.342193324903791,11.366571426391602,13449587
2019-10-09,11.311719912275795,11.616453754888044,11.299531442046495,11.518939018249512,17555708
2019-10-10,11.567696082859369,11.616453449898511,11.451898062683483,11.464086532592773,7119069
2019-10-11,11.555506031088633,11.610358212325286,11.421423567214195,11.5311279296875,9861300
2019-10-14,11.628642895128284,11.628642895128284,11.47018116418446,11.543317794799805,15759221
2019-10-15,11.543316990285538,11.543316990285538,11.354381192058534,11.384855270385742,11986569
2019-10-16,11.415327994671784,11.500654250088777,11.311718455032526,11.336097717285156,9358919
2019-10-17,11.323908918382743,11.354381835970857,11.165447189496508,11.202014923095703,12616590
2019-10-18,11.226393123347838,11.256866038048395,11.061836594043594,11.080121040344238,12362582
2019-10-21,11.104500399051274,11.159352581707196,10.994797196206742,11.134974479675293,11090349
2019-10-22,11.189826402223533,11.195921218206662,10.964322860716871,11.043554306030273,13335949
2019-10-23,11.043555075398524,11.043555075398524,10.946039175342118,10.994797706604004,11947333
2019-10-24,11.000890459681155,11.195921081355534,10.921660177803494,11.153257369995117,23239152
2019-10-25,11.147165143137068,11.147165143137068,10.964324129880463,11.049649238586426,16705611
2019-10-28,11.055741969446997,11.165446324210137,11.000889792065426,11.128878593444824,18049378
2019-10-29,11.165447537422475,11.317814455045527,11.104500537879789,11.22029972076416,21747718
2019-10-30,11.244677309112497,11.31781276768618,11.159351057486996,11.232487678527832,11937857
2019-10-31,11.226393933012071,11.287340929275954,11.116689572230532,11.2385835647583,14371273
2019-11-01,11.208109739106785,11.24467863517327,11.086216906287037,11.202014923095703,15354378
2019-11-04,11.220298501591708,11.232488132669213,11.092310862679511,11.128878593444824,17486802
2019-11-05,11.128879268827864,11.23248881434005,11.080121904026088,11.153257369995117,25855278
2019-11-06,11.177635762346638,11.177635762346638,11.019174048475941,11.080121040344238,18570380
2019-11-07,11.074028438746327,11.074028438746327,10.95213443064161,11.006986618041992,22247293
2019-11-08,11.031365442583052,11.055743545746628,10.970418440973061,10.994797706604004,21417789
2019-11-11,10.964321805605833,10.970416621002451,10.738819448266845,10.744913101196289,31150467
2019-11-12,10.763198968893647,10.79976670363572,10.6900634994095,10.769293785095215,21555150
2019-11-13,10.775386829996716,10.775386829996716,10.555978132676875,10.610830307006836,24266331
2019-11-14,10.653493424214252,10.653493424214252,10.452369161670715,10.51331615447998,23685057
2019-11-15,10.513316961735764,10.519411777731396,10.293908235762181,10.300003051757812,38739492
2019-11-18,10.30000383562777,10.476750025550286,10.30000383562777,10.458465576171875,33271426
2019-11-19,10.47065467399378,10.549884958983123,10.379234756708438,10.51941204071045,28555364
2019-11-20,10.519411690877922,10.562074240027812,10.421896960687524,10.501127243041992,25482092
2019-11-21,10.495032706020575,10.513317154342447,10.403612789345843,10.476749420166016,17729081
2019-11-22,10.446276077589946,10.574264899949986,10.330478050772998,10.543790817260742,45040518
2019-11-25,10.531600861936063,11.025269307231857,10.531600861936063,10.848523139953613,101540860
2019-11-26,10.878998034182342,10.88509285031802,10.671778935438502,10.763198852539062,44586691
2019-11-27,10.726631281433294,10.732726097661725,10.580359179352921,10.604737281799316,30304753
2019-11-28,10.604736906870777,10.635210986935533,10.446275177935926,10.507222175598145,28558495
2019-11-29,10.519412413423725,10.586454230959747,10.434087309263228,10.488938331604004,30256355
2019-12-02,10.531602022028922,10.574264574011451,10.470655020996443,10.537696838378906,31620998
2019-12-03,10.482845158184217,10.616927636934518,10.464560708254325,10.592548370361328,31576483
2019-12-04,10.537696301577142,10.586453667425902,10.427991937800611,10.470654487609863,23705142
2019-12-05,10.495033312461322,10.501128128920792,10.3609508377551,10.458465576171875,41130832
2019-12-06,10.434087588559976,10.482844958309292,10.4218979555058,10.464560508728027,26799059
2019-12-09,10.464560292488873,10.6656845838572,10.446275843285438,10.659589767456055,49927201
2019-12-10,10.598641246932633,10.64130379315896,10.501126523424688,10.51331615447998,28748436
2019-12-11,10.53769767633171,10.543791330698902,10.482845487287394,10.53160285949707,32222662
2019-12-12,10.507222945380262,10.525507394758675,10.4279926563419,10.458465576171875,27025138
2019-12-13,10.519413225827789,10.543791330698902,10.464561036783472,10.53160285949707,40385447
2019-12-16,10.549884982418188,10.604737165404702,10.507222431754748,10.598642349243164,40464915
2019-12-17,10.592547602651758,10.946038805071343,10.568169500312818,10.769293785095215,71798400
2019-12-18,10.738820446698714,10.824145545250037,10.690063081459774,10.708346366882324,35959127
2019-12-19,10.738818807781813,10.824143893311152,10.690061449984034,10.799764633178711,27239472
2019-12-20,10.799767121122235,10.878998572338126,10.769294201403737,10.830241203308105,35167650
2019-12-23,10.805861637914035,10.824146086718532,10.63521143227476,10.64739990234375,34585209
2019-12-24,10.659588633668555,10.757103360780171,10.635210533124273,10.73882007598877,19086854
2019-12-25,10.677873216746061,10.744913865946005,10.647399137594034,10.69615650177002,19094004
2019-12-26,10.67177833717566,10.793671165653956,10.659588705587655,10.781482696533203,23822047
2019-12-27,10.781481777755923,10.988700847224191,10.757102516657467,10.860712051391602,48583606
2019-12-30,10.878996968691983,11.159351508671385,10.842429237926668,11.128878593444824,68049379
2019-12-31,11.092312648105802,11.14107001779664,11.013081195816072,11.122785568237305,36313229
2020-01-02,11.232489007126096,11.415328837654068,11.183731641487485,11.33000373840332,65295784
2020-01-03,11.299530471552407,11.390950383990736,11.262961576603269,11.311718940734863,37696287
2020-01-06,11.317813879817294,11.573790334912703,11.317813879817294,11.445802688598633,52721055
2020-01-07,11.397045995081896,11.622548384000462,11.397045995081896,11.470181465148926,41211016
2020-01-08,11.183732032775879,11.183732032775879,11.183732032775879,11.183732032775879,50714951
2020-01-09,11.275150828260978,11.29953009073878,11.128878740795821,11.214203834533691,30069595
2020-01-10,11.214205187695645,11.244679269470053,11.025270530563755,11.067933082580566,34367088
2020-01-13,11.086216926574707,11.086216926574707,11.086216926574707,11.086216926574707,36026676
2020-01-14,11.061838150024414,11.061838150024414,11.061838150024414,11.061838150024414,28169749
2020-01-15,11.01917484710217,11.061837395761836,10.854618305871519,10.86680793762207,37584564
2020-01-16,10.866807586989468,10.90337531859395,10.775387676744652,10.848523139953613,32941101
2020-01-17,10.848523561479418,10.939944637743684,10.842429908031257,10.909470558166504,22027627
2020-01-20,10.860713094474484,10.878997542054398,10.708346185376993,10.787577629089355,36979608
2020-01-21,10.714440388376788,10.72663001939949,10.616925665129564,10.677872657775879,27763162
2020-01-22,10.616926272411948,10.854618278614513,10.543789644559558,10.787577629089355,34153096
2020-01-23,10.696158264162571,10.696158264162571,10.440181769444909,10.53160285949707,41988547
2020-02-03,9.483317211499724,9.794145281808156,9.483317211499724,9.739293098449707,77690417
2020-02-04,9.684442383128603,9.92213500570282,9.617400561225413,9.903850555419922,57349319
2020-02-05,9.861185984891378,9.99526843882329,9.769766077098383,9.897753715515137,37026680
2020-02-06,9.922135237435537,9.958702976387942,9.842903780159954,9.916040420532227,34899366
2020-02-07,9.873377568316226,9.891660856009903,9.800240930139228,9.861187934875488,27354310
2020-02-10,9.79414470996958,9.970890882131194,9.781955078275553,9.96479606628418,38257807
2020-02-11,10.00136431312698,10.232962677352266,9.940417313990466,10.147636413574219,37698928
2020-02-12,10.123258311400006,10.16592086205537,10.074500944584258,10.147636413574219,18486888
2020-02-13,10.117163425266245,10.257340708583593,10.086689344675095,10.104973793029785,17727383
2020-02-14,10.074501013679141,10.196393850320836,10.068406197476957,10.190299034118652,17766744
2020-02-17,10.196392444670206,10.30000198088931,10.129351800622903,10.293907165527344,30304131
2020-02-18,10.33047663350303,10.33047663350303,10.16592009695931,10.196393013000488,30601921
2020-02-19,10.153730436104567,10.184203352057358,10.11106788878377,10.117162704467773,24187506
2020-02-20,10.153730814027682,10.239055911845089,10.092783817386419,10.214677810668945,26959157
2020-02-21,10.214678531913357,10.239056634810805,10.15982634730991,10.202488899230957,29967695
2020-02-24,10.220772171874607,10.226866987514311,10.062310452643928,10.07450008392334,33739252
2020-02-25,9.934321446138894,9.98917362330813,9.84899635386106,9.897753715515137,33163073
2020-02-26,9.818523452878011,10.129352069795125,9.7941441907823,10.025742530822754,37666984
2020-02-27,10.00136375427246,10.123257745734314,9.964796021820806,10.001363754272461,28009443
2020-02-28,9.861187332896861,9.922134333912595,9.733199095750763,9.751482963562012,38690345
2020-03-02,9.830711367035764,10.14153996642307,9.830711367035764,10.12325668334961,45517819
2020-03-03,10.239055073318763,10.245149888730483,10.104972621662467,10.220771789550781,44749730
2020-03-04,10.15982611557506,10.263435666077532,10.098879116020548,10.190299034118652,26293876
2020-03-05,10.214677269545925,10.43408598084438,10.172014722897273,10.391422271728516,51946465
2020-03-06,10.30000206496878,10.342664610383638,10.208582158727344,10.220771789550781,27765778
2020-03-09,9.995269871141865,10.007459503918954,9.873377030773073,9.922134399414062,37708888
2020-03-10,9.86728236796977,10.147636951402369,9.86728236796977,10.086689949035645,27085718
2020-03-11,10.068404723788142,10.147634997885126,10.007457733154297,10.007457733154297,18357018
2020-03-12,9.958700943433211,9.97089057475146,9.855091402162545,9.909943580627441,17786408
2020-03-13,9.672250551568082,9.897753489374367,9.580830645863822,9.769765853881836,28696974
2020-03-16,9.830712216073197,9.970890652390112,9.68444070775055,9.708819389343262,33365118
2020-03-17,9.739291465352949,9.916037618197002,9.507694300815263,9.56864070892334,33532657
2020-03-18,9.623494568704642,9.653968068713104,9.458938598632812,9.458938598632812,31533791
2020-03-19,9.446747580148166,9.446747580148166,8.751954323073823,9.007930755615234,54685346
2020-03-20,9.081067340870462,9.178582648686447,8.965268748362304,9.074973106384277,29688464
2020-03-23,8.825090363623715,9.14810860259438,8.788522633965561,9.007930755615234,24546212
2020-03-24,9.160297110639736,9.562545600505587,9.123729383142956,9.495504379272461,42546804
2020-03-25,9.623493982104856,9.666156530776007,9.5076953866116,9.556452751159668,23100969
2020-03-26,9.513790972929739,9.775862861768415,9.489412287192096,9.71491527557373,27091553
2020-03-27,9.800241224304237,9.940418525678009,9.708821295689493,9.916040420532227,25554077
2020-03-30,9.806334778040402,10.269530340820053,9.733198728322613,10.104973793029785,63218087
2020-03-31,10.153730154815838,10.159824970330996,9.885564084484818,9.897753715515137,24315750
2020-04-01,9.879470619474432,9.983080172460973,9.727104279402454,9.751482963562012,21911409
2020-04-02,9.690536618655852,9.92213500570282,9.67225274960667,9.903850555419922,16966028
2020-04-03,9.800239077266342,9.934321532361997,9.800239077266342,9.824618339538574,12347987
2020-04-07,9.970890874574724,9.970890874574724,9.830712435134169,9.836807250976562,24022681
2020-04-08,9.812429150074244,9.855091698503747,9.763671785802346,9.836807250976562,13099060
2020-04-09,9.861187332896861,9.861187332896861,9.751482963562012,9.751482963562012,12323749
2020-04-10,9.800240168992087,9.800240168992087,9.67225193397327,9.684441566467285,13698784
2020-04-13,9.653967973728532,9.727104024289062,9.635684106396814,9.660062789916992,10374409
2020-04-14,9.641778136451421,9.87337649682183,9.641778136451421,9.85509204864502,20372803
2020-04-15,9.897754026378363,9.897754026378363,9.67834589204397,9.708819389343262,16659913
2020-04-16,9.684441727431647,9.800240331881128,9.66615727838672,9.751482963562012,10667520
2020-04-17,9.781954322166479,9.824618029797826,9.739291777002302,9.769765853881836,16063007
2020-04-20,9.757576635018529,9.769766266284893,9.660061909822053,9.70272445678711,16388533
2020-04-21,9.629589720464448,9.660063221534658,9.276098503010846,9.367518424987793,43775350
2020-04-22,9.312666354648673,9.41627591083042,9.263908984825934,9.373613357543945,14802904
2020-04-23,9.373613173307785,9.410180909339262,9.300477120011148,9.32485580444336,12966186
2020-04-24,9.31875951317938,9.373611689779016,9.221244790883846,9.23952865600586,16814231
2020-04-27,9.294381214757003,9.385801125359526,9.270002533180755,9.337043762207031,13799747
2020-04-28,9.379708057909353,9.410180977745876,9.184677999800213,9.367518424987793,18769483
2020-04-29,9.361422368182373,9.599114947556442,9.337043686803003,9.538167953491211,20639299
2020-04-30,9.586925400146091,9.733198070935972,9.556452484080417,9.708819389343262,22938363
2020-05-06,9.550356343325179,9.617397563095205,9.495504172043551,9.611303329467773,23925718
2020-05-07,9.586924070023908,9.629587192817137,9.465030678972255,9.611303329467773,23814721
2020-05-08,9.617399403050142,9.702725083727168,9.538168538400111,9.666156768798828,21485221
2020-05-11,9.660062882712923,9.714914485234987,9.605210698957192,9.684441566467285,19052804
2020-05-12,9.690535036764876,9.781954948321033,9.666156354934325,9.733198165893555,22012152
2020-05-13,9.714915184532622,9.751483503413255,9.641779128005068,9.690536499023438,15405966
2020-05-14,9.708820016723886,9.721009067691085,9.660062650387781,9.67225170135498,12098259
2020-05-15,9.666155736192175,9.848996128834283,9.660061502049855,9.769765853881836,21738123
2020-05-18,9.824619105993303,9.873376471874302,9.714914160910583,9.775861740112305,17638090
2020-05-19,9.879469948610518,10.086689040512418,9.879469948610518,10.050121307373047,32434528
2020-05-20,10.050122359002327,10.08669009596809,9.922134698388458,9.9769868850708,16451895
2020-05-21,10.007458680211014,10.019648311984781,9.87337621810138,9.879469871520996,14205797
2020-05-22,9.909945368259246,9.909945368259246,9.69663143157959,9.69663143157959,18901137
2020-05-25,9.812429428100586,9.855091977738892,9.708819880778712,9.812429428100586,10508427
2020-05-26,9.867281609769064,9.922133791437544,9.781955348025157,9.812429428100586,13826810
2020-05-27,9.812428637354083,10.025742530822754,9.757576460105934,10.025742530822754,20482184
2020-05-28,10.001365055776375,10.111069429874712,9.964797318566065,10.019649505615234,16730482
2020-05-29,10.019647850240068,10.031836318984874,9.928227941084339,9.983078956604004,15373028
2020-06-01,9.964797221370388,10.117164147805815,9.958702404816883,10.092784881591797,22446831
2020-06-02,10.056216705005832,10.098879256547445,10.044027072431843,10.080595970153809,15594975
2020-06-03,10.141541829786423,10.226868095519546,10.13544701348639,10.159826278686523,23207565
2020-06-04,10.208583578297887,10.220773210816374,9.922134188917472,9.989174842834473,25025458
2020-06-05,10.001363403422037,10.025742665846078,9.903848678660296,9.983078956604004,14362445
2020-06-08,10.050121679942725,10.172015678215752,10.01964876160813,10.147636413574219,27695403
2020-06-09,10.178110174426624,10.336570739746094,10.153730910551454,10.336570739746094,22922431
2020-06-10,10.348759918140845,10.360949549544209,10.178109728362674,10.196393013000488,22626761
2020-06-11,10.190298275803691,10.226867170295508,9.946511458194463,9.995268821716309,39275181
2020-06-12,9.873377030773073,9.976986584443596,9.812430029354994,9.922134399414062,45319971
2020-06-15,9.869285201398124,9.869285201398124,9.618259752989022,9.651288986206055,35560103
2020-06-16,9.737167025895857,9.743773124975345,9.651289627839374,9.677713394165039,21953589
2020-06-17,9.657894172775718,9.763589221069989,9.618258844661456,9.750377655029297,18642313
2020-06-18,9.756985058333118,9.974981282101586,9.69092532931565,9.882497787475586,32350997
2020-06-19,9.90892155308412,10.00140504771012,9.836256355158719,9.882497787475586,23836202
2020-06-22,9.87589004801358,9.915526004838274,9.743771241918207,9.763588905334473,21835813
2020-06-23,9.776802990380498,9.776802990380498,9.657895726918861,9.677713394165039,16390672
2020-06-24,9.710742313339294,9.783408136148408,9.64468321895818,9.697530746459961,16662190
2020-06-29,9.684318809740695,9.684318809740695,9.505958557128906,9.505958557128906,24497955
2020-06-30,9.545592918979464,9.578622778697545,9.453110067759445,9.486139297485352,27599958
2020-07-01,9.505958621622263,9.74377250338218,9.492746424306146,9.737166404724121,30919881
2020-07-02,9.737166474138432,10.001404752414285,9.710742709310072,9.981586456298828,43545377
2020-07-03,9.994798795369382,10.582728358623672,9.994798795369382,10.49024486541748,79762419
2020-07-06,10.490244736518184,11.164051055908203,10.490244736518184,11.164051055908203,101830365
2020-07-07,11.395261426667458,11.692529620052667,11.097993233282248,11.19047737121582,106417387
2020-07-08,11.064961774357153,11.223504359030404,10.853571661459485,11.131021499633789,73468356
2020-07-09,11.137628269422759,11.461319556804186,11.071568540164716,11.256535530090332,65887941
2020-07-10,11.236717121387418,11.236717121387418,10.853572207488753,10.87338924407959,49748009
2020-07-13,10.83375237649251,11.091385155544723,10.71484513385062,10.972477912902832,51698533
2020-07-14,10.965873374421609,11.1838695969379,10.714846657594046,10.886601448059082,56335431
2020-07-15,10.972478111057642,11.025325635410164,10.628968572774061,10.675209999084473,42453378
2020-07-16,10.675210535868997,10.800723885011598,10.364730842191854,10.37794303894043,46946283
2020-07-17,10.424183471650096,10.529878515571735,10.206187286063676,10.292064666748047,40673947
2020-07-20,10.325095325139735,10.8007236896162,10.325095325139735,10.741270065307617,43135356
2020-07-21,10.807331376508692,10.840360612653344,10.615758278912852,10.688424110412598,24990378
2020-07-22,10.708240470594017,10.827147729166839,10.52327474391142,10.556303977966309,45259758
2020-07-23,10.490244844338498,10.543092374638057,10.239218760419467,10.41097354888916,44112797
2020-07-24,10.397761295419876,10.556303885466228,10.186371175358072,10.226006507873535,46971979
2020-07-27,10.305278127470716,10.32509579314111,10.126917246460474,10.265642166137695,25746383
2020-07-28,10.292066577117088,10.49024513625129,10.252431243285612,10.298672676086426,31950389
2020-07-29,10.298673002075812,10.371338203061812,10.140130401746928,10.344914436340332,35708657
2020-07-30,10.364731750502054,10.424185381096411,10.206189155578613,10.206189155578613,35535626
2020-07-31,10.232612902133589,10.33170249626838,10.113706271161018,10.126917839050293,59282265
2020-08-03,10.173159315638113,10.325096441971501,10.173159315638113,10.298672676086426,46016410
2020-08-04,10.338307701140616,10.450608860296123,10.26564250462504,10.33170223236084,52183877
2020-08-05,10.338307679721987,10.35812597599702,10.192977286991926,10.25243091583252,33535291
2020-08-06,10.265641830615982,10.285459495638657,10.107099250450165,10.212794303894043,40908995
2020-08-07,10.199582721248659,10.272248547360084,10.126917525129485,10.146735191345215,27523827
2020-08-10,10.146734580495513,10.232611968916718,10.041039527051634,10.212794303894043,33046907
2020-08-11,10.226007449976972,10.325097050379075,10.140130678284383,10.153342247009277,33260192
2020-08-12,10.107099584170383,10.27885436668386,10.100493485613965,10.272248268127441,31111867
2020-08-13,10.2920659269157,10.397760983778715,10.2260062013802,10.25903606414795,34953563
2020-08-14,10.245824835108191,10.338307697918784,10.192977304932922,10.325096130371094,26956415
2020-08-17,10.358126997033866,10.655393910554974,10.285461163513657,10.576123237609863,52627999
2020-08-18,10.569515555996302,10.688422807598771,10.477032068084135,10.609150886535645,33262496
2020-08-19,10.602545416020575,10.695029539402071,10.516668651435452,10.5695161819458,38669187
2020-08-20,10.536486290606307,10.582728352177362,10.391155267082892,10.477032661437988,29056411
2020-08-21,10.490245171108775,10.516668937081652,10.404367774198853,10.45060920715332,23826455
2020-08-24,10.470426892831542,10.661998712456146,10.457214695620333,10.523274421691895,31967918
2020-08-25,10.523275356371933,10.582728989118577,10.404368090878643,10.437397956848145,19167136
2020-08-26,10.417580256432387,10.483639358170912,10.272249224619964,10.278855323791504,24777738
2020-08-27,10.331701891695317,10.351519557365712,10.212794637688491,10.265642166137695,25825507
2020-08-28,10.259036755165654,10.496851279118138,10.252431286160965,10.470427513122559,35783737
2020-08-31,10.536485090161056,10.800723341915852,10.523273524069017,10.675209999084473,62548032
2020-09-01,10.63557561760257,10.688423146659616,10.536486028126427,10.668604850769043,28662829
2020-09-02,10.648787458556592,10.675210592208764,10.463820483053649,10.543091773986816,25528161
2020-09-03,10.56290947175459,10.668604526657676,10.50345584587355,10.635575294494629,31688426
2020-09-04,10.53648603475412,10.866784036556787,10.496850702932525,10.681817054748535,57653846
2020-09-07,10.728058141744986,10.879994625517249,10.602544791679687,10.61575698852539,46097706
2020-09-08,10.661999129741648,10.91302584664128,10.628969895405419,10.893207550048828,63676902
2020-09-09,10.820540724396123,10.946054071268067,10.708239574033733,10.741270065307617,43698046
2020-09-10,10.820541691444122,10.906419716446862,10.70824053104521,10.754483222961426,38204801
2020-09-11,10.767694103123981,10.787512399553592,10.490244883024252,10.562910079956055,39720158
2020-09-14,10.569515555996302,10.615756984956276,10.490244264925396,10.609150886535645,23097598
2020-09-15,10.595939949678824,10.66199841391625,10.562909457575671,10.609150886535645,17023107
2020-09-16,10.615758600963119,10.734665870666504,10.543093397251225,10.734665870666504,33732601
2020-09-17,10.72805847845628,10.820541339309992,10.64218171623276,10.668604850769043,23113170
2020-09-18,10.72805857773831,11.018720620234216,10.668604949500864,11.005508422851562,59827898
2020-09-21,11.045144714858065,11.078175211185108,10.87338991391125,11.012115478515625,32583293
2020-09-22,10.91302456873956,10.979084289661033,10.840358749727503,10.866783142089844,25096793
2020-09-23,10.899813620786798,10.926238016175214,10.747877127256963,10.761089324951172,19316229
2020-09-24,10.708240820426562,10.741271315545054,10.602545756016502,10.642182350158691,21830536
2020-09-25,10.695029912611615,10.853572509675098,10.695029912611615,10.78751277923584,22850039
2020-09-28,10.879995684542234,11.01872124495635,10.873389585476364,10.952661514282227,30193929
2020-09-29,10.99890165644923,11.025326049610388,10.886600505483136,10.906418800354004,21982589
2020-09-30,10.932842876967653,10.985690407865972,10.820541716310663,10.879995346069336,25369177
2020-10-09,10.998902947758744,11.104598012843516,10.89981398173984,10.952661514282227,33476576
2020-10-12,10.952661222823073,11.13102211290151,10.946055123932998,11.058356285095215,37970965
2020-10-13,11.031933164934722,11.170657461866554,10.959267337026889,11.091386795043945,27803685
2020-10-14,11.051749853706356,11.058355952397683,10.90641946245065,11.005508422851562,22315512
2020-10-15,11.005509705592248,11.210293748953884,10.913026833103373,11.064963340759277,37732631
2020-10-16,11.097991669825484,11.29617085749155,11.045144138444774,11.24332332611084,49114368
2020-10-19,11.249928749632126,11.37544084163575,11.111203200595938,11.124415397644043,38745967
2020-10-20,11.097991946263916,11.177263875301824,11.005509079040163,11.104598045349121,25677366
2020-10-21,11.09799257808112,11.117810876465011,11.012115805053543,11.064963340759277,24229690
2020-10-22,11.038537376815816,11.1640507288039,10.998902045655958,11.124415397644043,26711834
2020-10-23,11.097990330670227,11.137626919411355,10.998901378786176,11.018719673156738,24504795
2020-10-26,11.045143426557004,11.084780017526258,10.932842272113025,10.965872764587402,22573852
2020-10-27,10.952660274627434,11.150838184234873,10.919631043020999,11.051749229431152,27050299
2020-10-28,11.084780017526258,11.104597053026431,10.932842272113025,10.965872764587402,21998791
2020-10-29,10.886600505483136,10.952660228401617,10.701634793292687,10.906418800354004,28261506
2020-10-30,10.91302555786931,11.157444909452632,10.82714753489231,10.998902320861816,45204642
2020-11-02,11.025325779008078,11.157443961617956,10.886600238285665,11.03193187713623,39005457
2020-11-03,11.025326436315307,11.137627591220278,11.01211423927132,11.117809295654297,31921488
2020-11-04,11.097992000527489,11.362230925289465,11.045144467572008,11.309383392333984,47236762
2020-11-05,11.349018418493293,11.461319580468476,11.230111157580211,11.382047653198242,40779383
2020-11-06,11.421683729249992,11.811433469048067,11.415077630611451,11.778404235839844,73519866
2020-11-09,11.818040855672043,11.943554223514397,11.712345785905205,11.837859153747559,61252967
2020-11-10,11.857678084291914,12.003008497976847,11.672711072341803,11.791618347167969,46968691
2020-11-11,11.785010998117286,12.062460856637397,11.705739069975305,11.890706062316895,48846171
2020-11-12,11.791615126754992,11.811432160490657,11.626466459041293,11.705737113952637,31104240
2020-11-13,11.692527079755129,11.718950213434997,11.454712576714114,11.547195434570312,30902998
2020-11-16,11.646284773080385,11.870887086660824,11.619861638533294,11.758585929870605,41736761
2020-11-17,11.811435386315871,11.930342661142037,11.68592327176353,11.791618347167969,31611551
2020-11-18,11.765190763741986,11.8510687767532,11.593435997703898,11.75197982788086,25906494
2020-11-19,11.725556670821627,11.82464563012745,11.553801886698778,11.639679908752441,28375191
2020-11-20,11.639680554427626,11.73216342024533,11.507561094701293,11.712345123291016,23949523
2020-11-23,11.785010743244246,12.267244620723812,11.785010743244246,12.141731262207031,80549265
2020-11-24,12.174760807570474,12.187973004275985,11.969976798572754,12.154942512512207,39490626
2020-11-25,12.287062929937154,12.564512782741637,12.148337373542649,12.168155670166016,66299644
2020-11-26,12.187973432920906,12.551300035209497,12.168155137165638,12.52487564086914,62018375
2020-11-27,12.511666019669034,12.762691492383087,12.346517317624771,12.749479293823242,60128004
2020-11-30,12.775900921979376,13.324194443533463,12.630570549272818,12.960867881774902,94335541
2020-12-01,13.013717969036643,13.277955635111661,12.848569270241683,13.040141105651855,58797090
2020-12-02,13.013715185244658,13.238317468359408,12.908020141424105,13.205286979675293,41213404
2020-12-03,13.132622215049114,13.139228313314367,12.551299427535355,12.597540855407715,61364893
2020-12-04,12.544694563456837,12.584329896963395,12.333304438109149,12.47863483428955,42287832
2020-12-07,12.538088721039118,12.55130091913977,12.10209626359408,12.207791328430176,50308691
2020-12-08,12.254031467834688,12.326697289730575,12.102094985674587,12.154942512512207,28294296
2020-12-09,12.306878725925273,12.52487492686809,12.227608067392103,12.28706169128418,47104276
2020-12-10,12.346514983516895,12.452210032044814,12.221001640895857,12.24742603302002,30665190
2020-12-11,12.51827138180934,12.60414814742227,12.187973997170408,12.306879997253418,38402336
2020-12-14,11.890705649008956,11.923734882929066,11.527379035949707,11.527379035949707,83711322
2020-12-15,11.560408302215613,11.66610336303711,11.395259612183962,11.66610336303711,47927085
2020-12-16,11.666103693373588,11.864281623029356,11.600043963493482,11.718951225280762,31266463
2020-12-17,11.699133607225656,12.022826176423697,11.60004463664761,11.976583480834961,41890575
2020-12-18,12.187972842837306,12.630571346733982,12.148336253245787,12.597540855407715,66101143
2020-12-21,12.643783187194114,12.643783187194114,12.27385047778403,12.419180870056152,50552291
2020-12-22,12.247427148828839,12.353122206986164,11.626467737166188,11.758585929870605,64659697
2020-12-23,11.679315617542956,11.923734974389399,11.666103419879766,11.85767650604248,35256467
2020-12-24,11.94355360039494,12.042642565633603,11.699132976820659,11.903918266296387,26746866
2020-12-25,11.923733502340058,12.313484465395701,11.771797027924295,12.201183319091797,35843633
2020-12-28,12.300274825996755,12.39936378671417,12.049248114862507,12.254032135009766,33758989
2020-12-29,12.207790607380527,12.287062531317707,11.877493234280506,11.923734664916992,37770971
2020-12-30,11.86428262514929,12.055855731984416,11.831253387411687,11.91052532196045,28286602
2020-12-31,11.917130461343238,11.963371894444075,11.751981765991925,11.89731216430664,50589055
2021-01-04,11.824646329231705,11.936947492413704,11.778404896154038,11.884099960327148,35783696
2021-01-05,11.90391690295411,11.90391690295411,11.46792449785008,11.659496307373047,49793708
2021-01-06,11.639680284537903,11.85767650604248,11.619861988043116,11.85767650604248,42808236
2021-01-07,11.943551748164557,12.194577171838603,11.897310322223367,12.062458992004395,57742906
2021-01-08,12.154943502715797,12.30687999725342,11.989794810396331,12.306879997253418,57364121
2021-01-11,12.300275715316523,12.306880554521989,11.824646653509374,11.930341720581055,62956382
2021-01-12,11.864281696634041,12.036036491394043,11.75858663216397,12.036036491394043,37533005
2021-01-13,12.069066460017508,12.551300328122787,12.003006732609435,12.425786972045898,72549472
2021-01-14,12.353122378751475,12.630572225268407,12.214396825500762,12.300274848937988,50160501
2021-01-15,12.320091581292074,12.617359716652082,12.313485482730243,12.372939109802246,51260137
2021-01-18,12.37954493506554,12.643782571782925,12.273849880378586,12.498452186584473,49697855
2021-01-19,12.511665626948549,12.868386156975296,12.30688033565262,12.379546165466309,67163721
2021-01-20,12.293668777214254,12.491846699453971,12.187973717355138,12.425786972045898,42612096
2021-01-21,12.386151972496235,12.604148196812787,12.379545873579426,12.485240936279297,48788444
2021-01-22,12.49184602921537,12.49184602921537,12.108701142787238,12.32669734954834,44272028
2021-01-25,12.221003493217571,12.221003493217571,11.976582868960016,12.055854797363281,35544115
2021-01-26,12.055854769682377,12.201185168106026,11.890706074207277,11.917130470275879,29870907
2021-01-27,11.897312495758461,12.102096530903571,11.851071061369364,11.956766128540039,24496155
2021-01-28,11.877491896107628,11.877491896107628,11.692526194400774,11.732161521911621,26944859
2021-01-29,11.738769140615954,11.877493434868192,11.434894897040158,11.494348526000977,29106763
2021-02-01,11.249930369201593,11.30938400449271,11.117810899669191,11.216899871826172,35979858
2021-02-02,11.289564087817926,11.289564087817926,11.13102150309537,11.137627601623535,26160135
2021-02-03,11.190474788979076,11.28295764558723,11.06496144073628,11.078173637390137,25595977
2021-02-04,11.051748903789962,11.078173296284046,10.794117376894551,11.018719673156738,35878931
2021-02-05,11.038537274275498,11.051749471200873,10.800724029541016,10.800724029541016,28978995
2021-02-08,10.827146541870222,10.926236753137758,10.71484539442014,10.846964836120605,30502153
2021-02-09,10.853572559825128,11.00550905854827,10.767694531861917,10.979085922241211,25941016
2021-02-10,10.985689506233866,11.097990657673927,10.899812748066488,11.051749229431152,29990217
2021-02-18,11.296171545261409,11.54719701960739,11.296171545261409,11.507561683654785,51077200
2021-02-19,11.494349267363882,12.069067297725141,11.362231063361982,11.963372230529785,60639120
2021-02-22,12.009613151172436,12.861779751478368,12.009613151172436,12.47863483428955,90274902
2021-02-23,12.326696963629738,12.386150587247275,12.095488567337576,12.128519058227539,54433518
2021-02-24,12.194579720100513,12.353123585006934,11.923735945861027,11.976583480834961,34922611
2021-02-25,12.174761155823827,12.34651593795516,12.08227829620867,12.234214782714844,35554104
2021-02-26,11.963370877889503,12.154942693026769,11.626467416802127,11.725556373596191,50044032
2021-03-01,11.77840327827726,11.890704426033619,11.633072899997892,11.771797180175781,36976546
2021-03-02,11.758585652049407,12.333303619687372,11.692527187250208,11.877492904663086,69453421
2021-03-03,11.851069234673824,12.187972681845077,11.785009512878293,12.128519058227539,45498729
2021-03-04,12.075673394103196,12.121914828492292,11.844464962173124,11.956766128540039,40237261
2021-03-05,11.831251208536258,12.095488841728319,11.824645110208404,12.009612083435059,42356866
2021-03-08,12.036036463609156,12.201185158960469,11.870887768257845,11.89731216430664,29839756
2021-03-09,11.870887158734677,12.326697887295891,11.692527534501583,11.969977378845215,53739531
2021-03-10,11.98979405525183,12.121913504780032,11.824645373333803,11.87088680267334,35084025
2021-03-11,11.897311269694251,12.108701382251027,11.844463741555057,12.075672149658203,30671702
2021-03-12,12.082278614880451,12.551300283852923,11.936946963098391,12.267244338989258,55529476
2021-03-15,12.18797410013064,12.723055514970245,12.141731407503542,12.683420181274414,75052849
2021-03-16,12.709842648821578,12.742873141818551,12.419180610370589,12.57772445678711,37025586
2021-03-17,12.524875644272003,12.564512235793305,12.174761239058467,12.531481742858887,38686969
2021-03-18,12.472027792920514,12.683419162278861,12.386151033481529,12.498452186584473,25677968
2021-03-19,12.353120803833006,12.650387648640676,12.287061084992079,12.353120803833008,35584472
2021-03-22,12.326696721890606,12.46542226093911,12.273849197487454,12.359725952148438,34232433
2021-03-23,12.366334523761951,12.412577219350686,11.91713110647583,11.976583480834961,39683577
2021-03-24,11.923733329805831,11.936945525646728,11.699131040447979,11.745373725891113,24048494
2021-03-25,11.738769895002449,11.996401463732896,11.699133299825005,11.956766128540039,21143828
2021-03-26,11.923735945861027,12.102096848892286,11.851071372762258,11.976583480834961,20974301
2021-03-29,12.835357724236784,13.172261238098145,12.656996818077598,13.172261238098145,131885339
2021-03-30,13.211894746531225,13.641281073796597,13.09959359078633,13.469526290893555,115828585
2021-03-31,13.29116725295971,13.377044018189464,13.086381968208444,13.277955055236816,51300522
2021-04-01,13.317588730273764,13.317588730273764,13.026926716482512,13.132621765136719,35175082
2021-04-02,13.172258657355611,13.20528788832815,13.013716080715504,13.066563606262207,23790025
2021-04-06,13.079775438295119,13.11941203015755,12.769296361946312,12.881597518920898,27857978
2021-04-07,12.881596572908888,12.941050196351835,12.762689326022997,12.894808769226074,29290242
2021-04-08,12.947656294510429,13.053351345079134,12.789113718657369,12.894808769226074,28961327
2021-04-09,12.855172176453182,13.033533046729001,12.78911371485567,12.888202667236328,29821749
2021-04-12,12.934444434808698,13.000504158129424,12.769295756499096,12.947656631469727,32265765
2021-04-13,12.921233135113209,12.967474566652374,12.590935755565436,12.762690544128418,31502594
2021-04-14,12.815536855113,12.927838003873648,12.703235706352352,12.90141487121582,22006921
2021-04-15,12.914628693258392,13.165655439512513,12.8815994550598,13.05996036529541,32720678
2021-04-16,13.053353631984358,13.297773006751827,12.987293898809368,13.092988967895508,32647464
2021-04-19,13.099593169797917,13.244923553744794,13.046745642909558,13.112805366516113,31178664
2021-04-20,13.046746908445728,13.238319999488908,12.914627448417015,13.139229774475098,24596370
2021-04-21,13.079775159265132,13.086381257767943,12.927838673653849,13.007110595703125,17409035
2021-04-22,13.09298740494317,13.225106855521622,13.079775207888432,13.165653228759766,22773439
2021-04-23,13.11280432289365,13.11280432289365,12.868383742997684,12.91462516784668,28762639
2021-04-26,12.80232458193422,12.967473255003458,12.68341859571125,12.70984172821045,45564501
2021-04-27,12.696631739993236,12.736268335611665,12.386152634223167,12.617361068725586,35943390
2021-04-28,12.630572070381254,12.881597518920898,12.617359873093777,12.881597518920898,25362003
2021-04-29,12.868385026351266,13.046745905686027,12.670207111524501,12.967473983764648,29271601
2021-04-30,12.947657181818775,12.947657181818775,12.643782945620822,12.690024375915527,30489810
2021-05-06,12.782509552610083,13.132623988045532,12.782509552610083,13.073171615600586,46977128
2021-05-07,13.119411187774562,13.443102440626985,13.053351465563281,13.225106239318848,58591041
2021-05-10,13.410073084920617,13.859277722008867,13.310984123206328,13.85267162322998,76395288
2021-05-11,13.588432944534475,13.727158488432627,13.119411306558218,13.562009811401367,63113541
2021-05-12,13.588433645085614,13.93854931203647,13.588433645085614,13.799823760986328,47112553
2021-05-13,13.542193049372367,13.641282014809887,13.251530992102357,13.337409019470215,37350682
2021-05-14,13.330803196364364,13.46292139968746,13.119413063059747,13.185471534729004,38572771
2021-05-17,13.2251069137385,13.443103126163445,13.086381364022008,13.344014167785645,31807778
2021-05-18,13.357225464730618,13.568616844278033,13.317590132308696,13.522374153137207,25276300
2021-05-19,13.528979577987602,13.528979577987602,13.25152974488504,13.410072326660156,18116921
2021-05-20,13.092986054599201,13.139227479537217,12.756082624356667,12.954261779785156,47132486
2021-05-21,12.861779879728575,13.106200502089393,12.861779879728575,12.980687141418457,18528170
2021-05-24,12.967473659139698,13.07316997238371,12.894809097513996,12.934444427490234,18518008
2021-05-25,12.94765824315535,13.079776446258055,12.696631515286425,13.053353309631348,35941875
2021-05-26,13.040141436014089,13.145836505121803,12.947658565540994,13.099595069885254,17961304
2021-05-27,13.112806022041672,13.218501081102216,13.0599584925114,13.19868278503418,29668196
2021-05-28,13.211894658466885,13.304377517881125,13.033533778181312,13.165653228759766,24068949
2021-05-31,13.17225965026129,13.231713278480907,13.099593824662982,13.19868278503418,15979529
2021-06-01,13.21850141611148,13.258136749267576,12.93444546519298,13.258136749267578,25043886
2021-06-02,13.25153003431476,13.337408055475569,13.079775251977605,13.31758975982666,31393292
2021-06-03,13.357226098376378,13.674312552747333,13.357226098376378,13.509163856506348,50595699
2021-06-04,13.344014500245502,13.542192421938609,13.198682848351691,13.396862030029297,28469312
2021-06-07,13.416678425065507,13.509162542755986,13.277954138506445,13.410072326660156,21710137
2021-06-08,13.38365076568343,13.449710497514925,13.26474350038366,13.35062026977539,19508895
2021-06-09,13.396862079635987,13.694128963276386,13.337408450911008,13.56861686706543,33980693
2021-06-10,13.568615564417957,13.647886221784594,13.449708318383623,13.495949745178223,27240794
2021-06-11,13.548799839460647,13.64128271058818,13.502558403896881,13.595041275024414,23989399
2021-06-15,13.667705124531102,13.70073435657342,13.291166335317147,13.410072326660156,27472118
2021-06-16,13.482738820715285,13.680916742809394,13.370437662199425,13.522374153137207,26239502
2021-06-17,13.52237348680396,13.601645407726073,13.271348047188742,13.423284530639648,22963839
2021-06-18,13.357226646060854,13.410074180625486,12.934446369543792,13.106201171875,40067126
2021-06-21,13.000504761003883,13.000504761003883,12.80232558185151,12.855173110961914,28826933
2021-06-22,12.868384030905364,12.980685176615893,12.762688983175968,12.82874870300293,28671158
2021-06-23,12.908023240133968,13.132624317182314,12.841963506891696,13.126019477844238,32519398
2021-06-24,13.112806018761104,13.377043666346356,13.013717058414697,13.192076683044434,33389574
2021-06-25,13.264741948779863,13.469525959517364,13.251529751962103,13.423284530639648,30506026
2021-06-28,13.192077268874003,13.198683367855057,12.960870104459842,12.980687141418457,33506572
2021-06-29,12.941050821364641,12.980686152246072,12.81553747025825,12.848567962646484,26308241
2021-06-30,12.901414867384668,13.013716016111967,12.855172180274517,12.894808769226074,13107400
2021-07-01,12.908020618792156,12.97407907863476,12.815536507040667,12.82874870300293,18021335
2021-07-02,12.815537753357729,12.894809676856186,12.709842695349439,12.73626708984375,21268745
2021-07-05,12.841963198101293,13.185471534729004,12.83535709893745,13.185471534729004,32287748
2021-07-06,13.211894654990603,13.258136084685557,13.073170365905742,13.15904712677002,19290258
2021-07-07,13.092989294278702,13.178867327542347,13.04674785789888,13.14583683013916,17051681
2021-07-08,13.152442268366105,13.159048367514613,12.822144870848152,13.03353500366211,27574070
2021-07-09,13.013717061670475,13.21189498241287,12.980686568223748,13.19868278503418,39528212
2021-07-12,13.169626460441506,13.18415478752248,12.348795377331887,12.799163818359375,52101358
2021-07-13,12.78463498605881,12.922651316878913,12.755578333045115,12.915387153625488,22762420
2021-07-14,12.973500549536048,13.198684094010755,12.857276695258934,13.009819984436035,25273917
2021-07-15,12.988027492197466,13.060667747495069,12.813691710781793,13.009819984436035,18177116
2021-07-16,13.060666256292002,13.300378101556628,13.02434682553879,13.133306503295898,25362861
2021-07-19,13.213211033522285,13.32943487558481,13.009818617164123,13.220475196838379,27630505
2021-07-20,13.104252758993367,13.111515537590236,12.908124484934705,13.002555847167969,18575985
2021-07-21,13.038876086117261,13.06066719193127,12.733788135243003,12.806427001953125,22196494
2021-07-22,12.78463603532813,12.966235975075696,12.78463603532813,12.886331558227539,14622124
2021-07-23,12.937179239753105,13.17689110331908,12.857276208896165,12.908123970031738,22382249
2021-07-26,12.922651977862321,12.922651977862321,12.465019367971397,12.544923782348633,29535763
2021-07-27,12.573980316256423,12.784636926079642,12.34879676321942,12.370589256286621,29515905
2021-07-28,12.385114247177423,12.508602250763538,12.130875462292009,12.261626243591309,24498882
2021-07-29,12.406906736809372,12.421435063230673,12.167194892847792,12.261626243591309,24978738
2021-07-30,12.312476457092998,12.479548068978628,12.203515384952505,12.348795890808105,26460500
2021-08-02,12.247100078540065,12.566714967071954,12.13087623080164,12.523131370544434,35496774
2021-08-03,12.486811885096358,12.610299895985527,12.348795546926688,12.537659645080566,31087214
2021-08-04,12.494075296099544,12.646618566863035,12.428699212773058,12.603034973144531,23355002
2021-08-05,12.552188384106227,12.733788324576816,12.537660056349159,12.661148071289062,30020829
2021-08-06,12.639354823522934,12.733787562796994,12.573978738024742,12.726523399353027,29651065
2021-08-09,12.726523673183053,12.813690865391168,12.559452066869548,12.77010726928711,27385789
2021-08-10,12.74105214134711,12.922652076870317,12.733787977666474,12.850011825561523,39012643
2021-08-11,12.89359613015892,13.060667747495069,12.842748367099887,13.009819984436035,35294579
2021-08-12,13.002554919801996,13.104251824374186,12.92991466953544,12.995290756225586,40458114
2021-08-13,12.980765009889483,13.11151580981228,12.944444188662876,13.04613971710205,24634041
2021-08-16,13.10425267802032,13.271324294668613,13.009819930872936,13.024348258972168,26723076
2021-08-17,12.937178257888286,13.23500202379129,12.857275233095573,12.915387153625488,35840929
2021-08-18,12.915386857999096,12.966234614111709,12.63209003958998,12.75557804107666,38507256
2021-08-19,12.733787470523577,12.733787470523577,12.530395052058884,12.63209056854248,25267790
2021-08-20,12.588507405064775,12.704731252313692,12.341531383286437,12.537659645080566,30814658
2021-08-23,12.682937916178672,12.900858654370916,12.653882649051512,12.84274673461914,31790323
2021-08-24,12.937177683744032,13.0316104163502,12.864537439931,12.929913520812988,29720572
2021-08-25,12.929914758253682,13.133307183296099,12.879066998367465,13.089723587036133,32153075
2021-08-26,13.133306947299848,13.438394886632487,13.09698751531877,13.249530792236328,54113986
2021-08-27,13.053403258361607,13.300379288924724,13.009819660467409,13.19141960144043,40028450
2021-08-30,13.293115977848212,13.859708328813,13.147836847047945,13.750748634338379,81075323
2021-08-31,13.649052070468679,14.607899526019901,13.590938759952769,14.527995109558105,123233405
2021-09-01,14.636954393829148,14.876666251134134,13.990459072566699,14.1865873336792,99444962
2021-09-02,14.18658785904285,14.854875695898627,14.179323695158836,14.60789966583252,82319007
2021-09-03,14.448090772416542,14.629690712283004,14.288283324113186,14.506202697753906,58237252
2021-09-06,14.716859148824687,15.290714232720655,14.716859148824687,15.087323188781738,73785009
2021-09-07,15.254394139420548,15.617593999882942,14.978362855088035,15.457786560058594,74591938
2021-09-08,15.27618636636607,16.002586074762977,15.247129712991399,15.842777252197266,86935445
2021-09-09,15.980793420466066,17.426328659057617,15.559481649346406,17.426328659057617,178792256
2021-09-10,17.07766087038985,17.121244474039063,16.133340221338347,16.2713565826416,136033535
2021-09-13,16.416634108700773,17.56434562203884,16.402105781640127,17.397274017333984,106855565
2021-09-14,16.910584323704875,17.295575250870172,16.496535360049975,16.823415756225586,77901367
2021-09-15,16.91058622992703,16.990489258167845,16.380313373523734,16.612762451171875,56724363
2021-09-16,16.99048734293873,17.76047196826408,16.57643976478121,16.823415756225586,84838974
2021-09-17,16.402106516666272,16.852474977245947,15.268923279607614,15.704763412475586,102426331
2021-09-22,15.581275183599514,17.273786544799805,15.544954364819851,17.273786544799805,102174819
2021-09-23,17.57887268352942,17.65151154260805,16.35125684523607,17.01954460144043,106974731
2021-09-24,16.649083574385877,16.65634773869052,15.850043512344694,15.90815544128418,77520884
2021-09-27,16.242299989109352,16.343995517861234,15.726555410086945,15.929947853088379,56386595
2021-09-28,16.162392301903946,16.736248693617036,15.762873046392915,16.569175720214844,79780407
2021-09-29,16.707194111222428,16.96143429871011,15.879098846460188,16.10428237915039,63154613
2021-09-30,16.140604017950345,16.743515832417273,15.988060715909462,16.460220336914062,65156865
2021-10-08,16.787097557175233,16.801624498237665,15.54495334625244,15.544953346252441,99774338
2021-10-11,15.828251702914699,16.41663513051825,15.791930883002372,16.2858829498291,71770093
2021-10-12,16.46748250270946,17.077658407802605,15.704763314091814,16.15513038635254,66975164
2021-10-13,16.184187958529403,16.184187958529403,15.167227135425247,15.632123947143555,58948735
2021-10-14,15.363353624814536,15.603065474247197,15.130905938758321,15.392410278320312,37505755
2021-10-15,15.457786751346129,16.02437765396052,15.276186818867663,15.951737403869629,61117766
2021-10-18,15.929949055577312,17.31737266898485,15.857308792915068,17.135772705078125,105067949
2021-10-19,17.092187114719763,17.48444227069993,16.845211081677668,17.041337966918945,65825875
2021-10-20,15.617594167419725,16.11154620462702,15.617594167419725,15.959001541137695,86179592
2021-10-21,15.973528852280381,17.03407310921329,15.959000526110662,16.750776290893555,71721749
2021-10-22,16.54012328552555,16.765306828874397,15.675707161350937,15.712026596069336,99557241
2021-10-25,15.74834519695105,16.57644038421039,15.624857196614355,16.23503303527832,65731766
2021-10-26,16.41663552399385,16.460219123435643,15.77740293319185,15.87909984588623,48346882
2021-10-27,15.617594455124667,15.784666063287982,15.10185130327333,15.239866256713867,64326665
2021-10-28,14.811289111762862,14.891193520353209,13.990458078552512,14.636953353881836,112368216
2021-10-29,14.498938313995483,14.68780241485183,14.172059258492148,14.448090553283691,47283703
2021-11-01,14.346394422794916,14.702330118164049,14.281018337370226,14.59337043762207,38826417
2021-11-02,14.600635214957414,14.854875403910174,13.990459315669815,14.237435340881348,53498098
2021-11-03,14.324603778103702,14.68780368370418,14.179324647162122,14.60063648223877,50835613
2021-11-04,14.404506641135507,14.666010988214333,14.324602227195301,14.629690170288086,35929957
2021-11-05,14.549787282633286,14.549787282633286,14.164794921875,14.164794921875,32836818
2021-11-08,14.346395385932077,14.491675893406379,14.15026711649105,14.375452041625977,28792477
2021-11-09,14.310075120250243,14.419034801775494,14.099418535203572,14.128475189208984,28602940
2021-11-10,14.10668289922874,14.10668289922874,13.48924284781216,13.85970687866211,53741439
2021-11-11,13.816123746012977,14.004987849575963,13.736219329179285,13.968667030334473,28700137
2021-11-12,13.903291324007682,14.01951517778536,13.816124126423237,13.888764381408691,23639764
2021-11-15,13.874235505541163,14.01225184601472,13.728955001306097,13.896026611328125,22445834
2021-11-16,13.896026747697801,13.975931164360993,13.699899866202598,13.765275955200195,16417994
2021-11-17,13.779804066649548,13.954139856937156,13.678108535356202,13.823389053344727,22801272
2021-11-18,13.92508291273994,14.004987326589772,13.779802412194343,13.874235153198242,24369809
2021-11-19,13.866970703745135,14.113946718282568,13.765275186758252,14.04857063293457,23533166
2021-11-22,14.150266070998157,14.237434646141805,13.932346711385284,14.07036304473877,23022746
2021-11-23,14.063097734018154,14.404505072357365,13.787065089831227,14.222905158996582,33013123
2021-11-24,14.266490252734112,14.673275099060781,14.237434983995083,14.644218444824219,35671366
2021-11-25,14.724122375037215,14.84761038049303,14.506201631910635,14.753177642822266,28994841
2021-11-26,14.571579115374298,14.578843279392395,14.281019482138555,14.324603080749512,19773223
2021-11-29,14.106682296980491,14.237434465286293,14.012250945147125,14.215641975402832,20842080
2021-11-30,14.237434110456185,14.382713216232785,14.092153619182138,14.19385051727295,20400779
2021-12-01,14.16479631841866,14.636955918599744,14.113948553314222,14.60063648223877,26670374
2021-12-02,14.542525033975128,15.05100408734277,14.535260869363023,15.02194881439209,49085191
2021-12-03,14.854876243597971,16.46021911271908,14.716859895708225,16.416635513305664,97376698
2021-12-06,16.22050425476673,16.896056156180908,16.00984907509308,16.11880874633789,61627567
2021-12-07,16.271353790990936,16.30041044543706,15.770137585775624,16.03890609741211,35076181
2021-12-08,16.046171326817973,16.15513101723301,15.501371489245152,15.799195289611816,51554222
2021-12-09,15.784666307549358,16.11154675075119,15.704763276820357,15.835514068603516,36198510
2021-12-10,15.835515383587959,16.08249143107216,15.690236252154582,15.762876510620117,30483836
2021-12-13,15.908154321036987,16.27135419770677,15.770137979963147,15.835514068603516,38994746
2021-12-14,15.704763653427712,15.791930850040126,15.327035440113624,15.428730964660645,40316322
2021-12-15,15.450522591687644,15.632122524211953,15.31250625502986,15.523162841796875,22852813
2021-12-16,15.726552135629728,16.968696256816628,15.653911893575382,16.59823226928711,81957235
2021-12-17,16.532857828965497,16.532857828965497,15.908153625064683,16.002586364746094,51095037
2021-12-20,15.842779817656341,15.98806033706034,15.690236519230087,15.8064603805542,31281400
2021-12-21,15.83551284990786,16.380312622984928,15.69749790495318,16.126073837280273,26233762
2021-12-22,16.08975282262232,16.1769213948582,15.871833470278792,16.060697555541992,28139682
2021-12-23,15.980795599114861,16.547387941862638,15.95900310633691,16.467483520507812,28340712
2021-12-24,16.416634497890666,16.503801691325968,16.21324207071236,16.314937591552734,24052277
2021-12-27,16.394842826946228,16.903323227580284,16.28588313695254,16.561914443969727,28412166
2021-12-28,16.76530420562935,16.77983253144253,15.959000134464084,16.184185028076172,34084210
2021-12-29,16.220504457111716,16.45295212813299,16.11154478450767,16.184185028076172,19824506
2021-12-30,16.06069712851078,16.285880638011438,15.915416640479593,15.937209129333496,22086075
2021-12-31,15.980794219276993,16.64908203295757,15.980794219276993,16.358522415161133,39656330
2022-01-04,16.707192777148336,17.03407319003065,16.198712442775278,16.511064529418945,50985807
2022-01-05,16.38758044937136,16.598237073755158,16.24230130870805,16.2713565826416,34774505
2022-01-06,16.271354289837475,16.351258706516482,16.11154684197705,16.140602111816406,23767199
2022-01-07,16.16239700762338,16.489277501302517,16.11881340363209,16.351261138916016,30229815
2022-01-10,16.343993748451535,16.59096976482349,16.278617662617926,16.547386169433594,31602365
2022-01-11,16.416634726100124,16.56191384567769,16.205978132290927,16.489274978637695,22117080
2022-01-12,16.525593978693337,16.620025334666952,16.198713543597087,16.58370590209961,26981827
2022-01-13,16.634552547532433,17.077656799757357,16.569176464892774,16.8452091217041,39433087
2022-01-14,16.77983420734035,16.77983420734035,16.29314632796974,16.358522415161133,27501596
2022-01-17,16.423900338476383,16.503803376367266,16.242300383864297,16.26409149169922,16686901
2022-01-18,16.264088082623182,17.019544400498994,16.198712001826337,16.95416831970215,37962180
2022-01-19,16.96143385443446,17.353688985443025,16.90332193185921,17.07765769958496,34429847
2022-01-20,16.975961477660626,17.426328512573058,16.93964066162094,17.346424102783203,31388289
2022-01-21,17.433592770346408,17.63698518477954,17.019545163730275,17.44085693359375,34515808
2022-01-24,17.440857078978812,17.847640525738505,17.143033310842565,17.520761489868164,29384647
2022-01-25,17.39000965651266,17.50623350068421,16.983224816414726,16.997753143310547,28943810
2022-01-26,16.997752443094935,17.135768771924692,16.590969005251793,16.83068084716797,31248056
2022-01-27,16.845211028930333,17.404537798011795,16.721723012795962,17.055866241455078,36012641
2022-01-28,16.896058000046548,17.208410107733393,16.343994035262426,16.373050689697266,38316958
2022-02-07,16.772569759690512,17.339162043922354,16.511065415353123,17.07765769958496,40361893
2022-02-08,17.43359262883086,18.239896731273475,17.113976376029672,18.130935668945312,79674621
2022-02-09,18.145463258154873,18.16725574683467,17.57887240745424,17.75320816040039,49371483
2022-02-10,17.484442564679526,18.69026609427828,17.20114709251405,18.595834732055664,63233985
2022-02-11,18.42149735916704,19.460249181383126,18.203576611672066,18.966297149658203,72475420
2022-02-14,18.92997741517108,19.14063401124991,18.566777534067658,18.719322204589844,32563232
2022-02-15,18.54498569782994,18.55224986142574,18.014712839316868,18.232633590698242,32878087
2022-02-16,18.23263568540957,18.66121168831723,18.145467097742884,18.298011779785156,23362048
2022-02-17,18.159992189742532,18.63941587271194,18.101880270155256,18.385175704956055,26035444
2022-02-18,18.363384565562757,18.959032086555737,18.29074431984466,18.733848571777344,40977989
2022-02-21,18.871865336114972,19.28591297552549,18.581305710695098,19.18421745300293,40331357
2022-02-22,19.01714525639586,19.525624238859805,18.92997667870338,19.322233200073242,38294060
2022-02-23,19.235065734193512,19.242329898212557,18.377913776912635,18.530458450317383,45522430
2022-02-24,18.559512792155147,18.821017141764365,18.159993489583336,18.523193359375,41286990
2022-02-25,18.34885914946046,18.63941879291834,17.360954976205996,17.84764289855957,64606599
2022-02-28,17.796793953976824,18.43602512719461,17.77500146260099,18.33432960510254,47376739
2022-03-01,18.421499369020395,19.089787240355452,18.203578597749463,18.922714233398438,40844419
2022-03-02,19.104310989379883,19.20600788650297,18.741111150148345,19.104310989379883,32076958
2022-03-03,19.147898588252254,19.72901785635648,19.126106096136734,19.591001510620117,45965982
2022-03-04,19.46751223158884,20.17938502076369,19.176952616363156,19.772600173950195,43860064
2022-03-07,20.19391447465089,20.259290569397052,19.50383547582694,19.64911460876465,42014994
2022-03-08,19.3948724343638,19.78712754968373,18.668472738477476,18.784696578979492,65464410
2022-03-09,18.988087608979253,20.055896048755685,18.675735518037776,19.55467987060547,61837061
2022-03-10,19.17695183000032,19.975991778228977,18.704792301432587,19.300439834594727,59659041
2022-03-11,19.373079998074644,19.888823118535853,18.675735567644136,19.540151596069336,49539498
2022-03-14,19.104312295812193,20.019576119524903,18.95903318148325,19.031673431396484,47578426
2022-03-15,18.886392762540464,18.900921089492588,17.50623356853124,17.528024673461914,84469645
2022-03-16,17.83311334943464,18.24716237170764,16.94690615116965,18.014713287353516,52763785
2022-03-17,18.15999328162491,18.21810520470621,17.070393684727414,17.702362060546875,72663713
2022-03-18,17.542551210453343,18.46507909532021,17.52076010774613,18.18178367614746,56182171
2022-03-21,18.290744292986076,19.351287168221624,18.290744292986076,18.95903205871582,47672902
2022-03-22,18.864601548314067,19.627322138929067,18.828282113974232,19.525625228881836,46614370
2022-03-23,19.605527817311387,19.605527817311387,18.893656440905264,19.285911560058594,31242349
2022-03-24,19.532888886105372,19.997785669480514,19.431193364194048,19.758073806762695,34779498
2022-03-25,19.554679540854014,20.193910652898662,19.423927376106885,19.74354362487793,36868694
2022-03-28,20.34645603369048,21.399734781391437,20.34645603369048,21.225399017333984,76013301
2022-03-29,21.065591741281853,21.966327221890754,20.898520139301432,21.8501033782959,66209302
2022-03-30,21.574075015432232,21.806522734075653,20.789563272261844,21.087387084960938,59382891
2022-03-31,21.174553325162485,21.639450126835957,20.847674255225456,21.624921798706055,45486734
2022-04-01,21.283509529138545,21.762933194920006,21.080118510623624,21.45058250427246,35828815
2022-04-06,21.189082064876956,21.29804175697244,20.622489726283728,21.210874557495117,36369355
2022-04-07,21.13823293225236,21.886423785561668,20.98568826479768,21.632184982299805,37630689
2022-04-08,21.806520133131905,22.285943842025755,21.646711306502272,22.206039428710938,44137015
2022-04-11,21.900951547782242,23.099510823288206,21.850103788442222,22.736310958862305,58510371
2022-04-12,22.954230443478217,23.33195722868107,22.227830754668766,22.482070922851562,46406297
2022-04-13,22.48933560565514,23.244792011053203,22.48933560565514,23.23752784729004,40371084
2022-04-14,23.121302122502883,23.571670540802636,22.888854442927833,23.44818115234375,37298204
2022-04-15,23.53535225631392,23.956662656933258,22.351319925771634,22.540184020996094,52501749
2022-04-18,21.86463156025257,22.867062550990855,21.62491971123923,21.770198822021484,65277466
2022-04-19,21.89368986761908,22.554713585013847,21.5086988543768,22.37311363220215,42782679
2022-04-20,22.155192011486935,22.213303935113558,21.327096753433196,21.472375869750977,43878681
2022-04-21,21.646710793513865,21.8646315377088,21.116439337985263,21.225399017333984,35274576
2022-04-22,20.905785047019844,21.9300085711008,20.83314479581248,21.566808700561523,33404601
2022-04-25,21.08738334936271,21.508695111143588,20.40456725768424,20.847671508789062,49790890
2022-04-26,20.920312990609478,21.05832933596248,20.135801288099064,20.680601119995117,36749040
2022-04-27,20.571640791465555,21.21087335023854,20.360985583470477,21.043800354003906,41254995
2022-04-28,21.799257675322217,22.838009587703585,21.762936854838262,22.670936584472656,67198413
2022-04-29,22.670934160091484,22.67819832341146,21.864631428538825,22.358583450317383,48623835
2022-05-05,22.59103496612418,22.736314100671365,22.097082860568765,22.24962615966797,36480989
2022-05-06,21.97359183079547,22.70725572429826,21.806520225427835,21.966327667236328,38208447
2022-05-09,21.719350795370218,21.72661495864412,20.992951093949827,21.508695602416992,32409438
2022-05-10,21.02200924367646,21.02200924367646,20.346457251580972,20.833145141601562,44858916
2022-05-11,20.76776775885387,21.239927291870117,20.702391674305737,21.239927291870117,36439078
2022-05-12,21.268983429074016,21.414262535824005,20.65154341526856,20.804086685180664,27168628
2022-05-13,20.89125873771749,22.37311363220215,20.862202080228727,22.37311363220215,56798100
2022-05-16,22.373112056648683,22.620088085919928,22.024440504323724,22.51839256286621,38260536
2022-05-17,22.620089092184674,23.14309782943598,22.416698037029303,22.830745697021484,32182145
2022-05-18,22.678198539295277,22.917910389146503,22.453015016222306,22.634614944458008,32337381
2022-05-19,22.373113084427896,22.64914578182211,21.864634060303146,22.496601104736328,32172142
2022-05-20,22.663671168104674,23.666103528829087,22.54744732707829,23.4990291595459,41902772
2022-05-23,23.644309747820976,24.029303474188808,23.295638223352057,23.593461990356445,36165864
2022-05-24,23.564407593501812,24.07288798782854,23.419129855975793,23.61525535583496,32679661
2022-05-25,23.69515881674902,24.218167517897008,23.564406641462025,24.065624237060547,28694037
2022-05-26,24.18911119822679,24.39250501315452,23.884024632327918,24.210905075073242,28118224
2022-05-27,24.232695363706807,25.05352783203125,24.007510450521856,25.05352783203125,43550258
2022-05-30,25.126169800845105,25.198808674204695,24.283546123295036,24.668537139892578,34095981
2022-05-31,24.595898266532988,24.733913234314365,24.109208947838464,24.668537139892578,40020265
2022-06-01,24.3416558410677,24.603160209873383,24.04383203681574,24.5450496673584,37256638
2022-06-02,24.334390152402854,24.55230951001642,23.92760531946121,24.10920524597168,32951407
2022-06-06,24.31986392119887,24.77749655131416,24.007511799008533,24.719383239746094,32655113
2022-06-07,24.523251777931353,24.980884348484572,24.080150304374104,24.47966957092285,33080706
2022-06-08,24.690328520601227,25.576534324105168,24.537782468387615,25.5620059967041,37737915
2022-06-09,25.365879914229755,25.8089842395772,25.06079332556156,25.300506591796875,32478707
2022-06-10,24.98815262189914,25.482104675822377,24.87192877221103,25.28597640991211,35500112
2022-06-13,24.951828057626425,25.235126262256298,24.123732860541132,24.501461029052734,45545652
2022-06-14,24.261749110877055,25.082578709856705,24.225426912041637,25.068050384521484,31552707
2022-06-15,24.99541267448569,25.17701259300738,24.47966957092285,24.47966957092285,35607938
2022-06-16,24.486934593782486,24.62495231795136,23.419128859237816,23.53535270690918,53052104
2022-06-17,23.41186374687033,23.934872456646822,23.339224879843666,23.65157699584961,36093189
2022-06-20,23.244790246959855,23.25205302467426,22.387638384923616,22.547447204589844,64220755
2022-06-21,22.518392945624047,22.91791226626672,22.489336289687614,22.649145126342773,38411711
2022-06-22,22.794423272397317,22.91791128383834,22.227832360901196,22.322263717651367,41455534
2022-06-23,22.336791507579033,22.874327136948875,22.017175241157297,22.779895782470703,32379013
2022-06-24,22.779895336225508,23.026871348327248,22.365847723436552,22.663671493530273,37964914
2022-06-27,22.72178517004917,23.716953458684735,22.6927285143821,23.54987907409668,43813695
2022-06-28,23.73874327196682,24.05835815391063,23.49903003226267,23.85496711730957,32117654
2022-06-29,23.81864777524087,24.385238677054247,23.753271688801245,23.949399948120117,31598376
2022-06-30,23.767801285256965,24.32712943889114,23.644311883833605,24.189111709594727,30479581
2022-07-01,23.97845663060186,24.18911324161026,23.317432910985623,24.058361053466797,29325242
2022-07-04,24.1600528889283,24.472404982721887,23.796853037632957,24.261751174926758,36074196
2022-07-05,24.465144731055236,24.9881534576416,24.334392549408644,24.9881534576416,44298510
2022-07-06,24.559574826280976,24.566837604034838,23.302903679247265,23.4990291595459,43583573
2022-07-07,23.499028935904224,24.24722250319874,23.186678232054398,24.116470336914062,34521144
2022-07-08,24.494199162247188,24.675799090149983,24.145527633193225,24.298070907592773,40363469
2022-07-11,23.582729471140894,23.62203342051964,22.70230691117116,22.79663848876953,52125000
2022-07-12,22.804500319845513,23.401929665790973,22.718029829181816,23.370485305786133,28164117
2022-07-13,22.95385646692132,23.213266421884665,22.66300215409599,23.087491989135742,19786489
2022-07-14,23.166099620485014,23.559145093173353,23.087491725426936,23.244709014892578,16073583
2022-07-15,23.456953978395635,24.40812330457657,23.299735189256054,23.386205673217773,40286865
2022-07-18,23.504119085782676,24.05438335006953,23.504119085782676,23.999357223510742,25986970
2022-07-19,24.054383277978303,24.062244367370212,23.37834458376904,23.65347671508789,21226928
2022-07-20,23.763528967933375,23.810695504284947,23.346901725607626,23.386205673217773,18485710
2022-07-21,23.22898909283683,23.260433453394473,22.057713650358135,22.081296920776367,48850897
2022-07-22,22.010547624422195,22.497924695819638,21.971243674832696,22.27781867980957,21961092
2022-07-25,22.24637244683681,22.584391782493423,22.175624144055217,22.482200622558594,16216324
2022-07-26,22.55294959452351,23.06390840805754,22.40359189540297,22.835941314697266,19133633
2022-07-27,22.83594340518816,22.98530111798149,22.57653342999429,22.66300392150879,17467233
2022-07-28,22.859523762538537,22.906688797650226,22.42717435875761,22.592252731323242,21247902
2022-07-29,22.647279031799744,22.843801762202535,22.073433018867465,22.089155197143555,28560474
2022-08-01,22.09701440953952,22.466476571551834,21.821882310473224,22.35642433166504,24456765
2022-08-02,22.010548449691036,22.277819515099537,21.774721744612766,21.98696517944336,25050350
2022-08-03,22.128459277909982,22.167764723838978,21.63322265400025,21.71183204650879,23628359
2022-08-04,21.680386688975567,21.80616111144357,21.381672810451413,21.703969955444336,22517120
2022-08-05,21.70397196391731,21.971243011232268,20.965046039025996,21.452423095703125,31416105
2022-08-08,21.24803888397106,21.97910220683753,21.185151668046544,21.924076080322266,21959243
2022-08-09,21.931939059966563,22.678726125363927,21.931939059966563,22.395732879638672,25643126
2022-08-10,22.395731117381228,22.639418893497517,21.955520602608363,22.28567886352539,20526573
2022-08-11,22.53722780088082,22.54508889037406,22.073434016226372,22.364288330078125,16706661
2022-08-12,22.442897067448932,22.796638611154957,22.403593117859185,22.749473571777344,21349382
2022-08-15,22.765193955532578,23.370484367169276,22.560811621108066,22.96957778930664,25860470
2022-08-16,22.867385935664892,23.103212621752352,22.655141018576472,22.945995330810547,15599097
2022-08-17,22.953859078800615,23.04818916442121,22.702308685329783,22.84380531311035,15342714
2022-08-18,22.883108880905834,23.095352305752655,22.48220230165142,22.780916213989258,17822903
2022-08-19,22.678723357607836,23.496257135313456,22.678723357607836,23.346900939941406,26248089
2022-08-22,23.394068526771946,23.89716629099835,23.394068526771946,23.70064353942871,33346067
2022-08-23,23.700642503468277,24.31379400133042,23.409789683494232,24.022939682006836,33069488
2022-08-24,24.054384152667126,24.518177948208237,23.8106963700547,24.243045806884766,37314606
2022-08-25,24.140851334976716,25.453624725341797,24.093686299787073,25.453624725341797,61355637
2022-08-26,25.154909229181605,25.154909229181605,24.439566617924708,24.57320213317871,51158356
2022-08-29,24.26662874484879,25.123466517141335,23.975774428137914,25.060579299926758,39670612
2022-08-30,24.99769054602553,25.021273813287333,23.873581794836152,23.99149513244629,38056495
2022-08-31,23.897163509189554,24.18801780736883,23.582727443150763,23.849998474121094,29669415
2022-09-01,23.755666025535316,24.83261119863298,23.59058765922986,24.45528793334961,33909814
2022-09-02,24.43170741769119,24.565342943276598,23.98363580230175,24.10154914855957,23842884
2022-09-05,24.526039082488566,25.744479497116075,24.290210889775484,25.595123291015625,49412806
2022-09-06,25.59512129760047,26.10607859364358,25.35929162390487,25.846670150756836,37147791
2022-09-07,25.626565435009862,25.91742126446473,25.547957534383745,25.634428024291992,21517067
2022-09-08,25.335711405993692,25.705175118600774,25.044858588993996,25.390737533569336,23075246
2022-09-09,25.697309688812368,25.9016949960974,25.319986427707757,25.7287540435791,27954869
2022-09-13,25.563677859584374,25.665870521943525,24.98197074092673,25.508651733398438,25807136
2022-09-14,25.233517627202044,25.760200109076155,25.209935858910292,25.43004035949707,15958694
2022-09-15,25.68945199993296,26.216131487094337,25.06843944149279,25.461484909057617,29603654
2022-09-16,25.249243022286937,25.406461827891818,24.329517957352213,24.337377548217773,40103775
2022-09-19,24.42384437670643,25.05271800542075,24.42384437670643,24.761863708496094,22325952
2022-09-20,24.92694120729656,25.029133861833124,24.510313998437976,24.643949508666992,12936465
2022-09-21,24.636091284849815,24.840475118341462,24.3688202333107,24.510316848754883,17067729
2022-09-22,24.305933729197037,25.23351984780558,24.274489369574923,25.147050857543945,21555151
2022-09-23,25.139189029229534,25.35143395239581,24.44742963070742,24.510316848754883,16300337
2022-09-26,24.09368633544657,24.801167861736058,23.818554214292483,23.865720748901367,25859338
2022-09-27,24.290208846557086,24.34523497042331,23.26829126214297,23.89716339111328,22421626
2022-09-28,23.881444932542813,24.36882203291496,23.85000207087184,24.08582878112793,20564231
2022-09-29,24.439567471822997,25.154910108073373,24.172296431976758,24.691116333007812,26750483
2022-09-30,24.84047486558036,25.092023735210617,24.4474293819457,24.871917724609375,21942608
2022-10-10,25.14704794812689,25.485065778859717,25.060577468519966,25.13918685913086,26433682
2022-10-11,25.154912185936137,25.390738887939445,24.659675511989345,24.848337173461914,15504642
2022-10-12,24.761866569704303,25.15491207081072,24.52603986878029,25.099885940551758,16565241
2022-10-13,25.060578533377683,25.225658410609967,24.227322555934656,24.423845291137695,19211955
2022-10-14,24.63608947481421,25.22565766294917,24.52603722615417,24.79330825805664,21600172
2022-10-17,24.636091284849815,24.958388464761768,23.960052566327406,24.510316848754883,20769429
2022-10-18,24.541758656082703,25.03699678890818,24.274487616000584,24.360958099365234,20398865
2022-10-19,24.23518485452101,24.73828260195188,24.156575456647545,24.400264739990234,19586309
2022-10-20,24.455289938887823,24.494593886655412,23.857860636853605,23.93647003173828,22747372
2022-10-21,23.944330302217892,24.6046468390536,23.928609622273836,24.227323532104492,18185520
2022-10-24,24.132994708301016,24.486734764679927,23.386207645918397,23.46481704711914,28843461
2022-10-25,23.75566785421402,23.763528943597898,23.276153396593394,23.449092864990234,20767384
2022-10-26,23.35475948530132,23.614170916856,22.639416899542773,22.80449676513672,34167643
2022-10-27,22.835941434419883,23.315457392381685,22.835941434419883,23.056047439575195,25014444
2022-10-28,23.032463363325224,23.622031553506066,22.914550025158942,23.07962989807129,30370106
2022-10-31,23.19754636269685,24.070107881556176,21.971244781663216,22.03413200378418,61252911
2022-11-01,22.175624091683073,22.505782337434283,21.67252638362387,22.3407039642334,43554495
2022-11-02,22.25423426651162,23.071769570225612,22.018407582397696,22.91455078125,26856711
2022-11-03,22.9145528066241,23.15824060166086,22.5922556101514,22.66300392150879,17983436
2022-11-04,22.639419550879154,23.70064267030933,22.615837781139305,23.378345489501953,23132214
2022-11-07,23.42550959705218,24.12513155872879,23.28401448618956,23.71636390686035,30393043
2022-11-08,23.802836297215393,24.05438518025155,23.40192970262041,23.511981964111328,18333859
2022-11-09,23.464815067845898,23.64561562581222,23.032464147385724,23.118934631347656,15847247
2022-11-10,22.88310625143509,23.260429518193398,22.15204148499751,23.15037727355957,28802635
2022-11-11,23.46481704711914,23.574869309190408,23.079632630520084,23.46481704711914,30361707
2022-11-14,23.54342366493302,23.76352816305402,22.33284292786974,22.482200622558594,52227067
2022-11-15,22.40359213321099,22.623698139548708,22.089156052263892,22.474340438842773,27012936
2022-11-16,22.600115796695682,22.906690800754653,22.40359305063746,22.67086410522461,30808667
2022-11-17,22.537226639958043,22.56080990722295,22.11273682528631,22.199207305908203,29236804
2022-11-18,22.26995580190242,22.427174586335997,22.065571981878552,22.23065185546875,20328941
2022-11-21,22.010548544339997,22.277819610897808,21.876913011061088,22.002687454223633,27231597
2022-11-22,22.01840765261621,22.663001990642794,21.979102205572215,22.4586181640625,33248336
2022-11-23,22.47433943557775,23.40978804656731,22.466478346486305,23.063907623291016,43335080
2022-11-24,22.91455080520549,23.346901725665667,22.898828626421597,23.118934631347656,20063403
2022-11-25,23.056046491056264,23.975772922141918,22.993159277791836,23.787111282348633,46171593
2022-11-28,23.488396954574366,24.007218361600746,23.386205790665073,23.87358283996582,33093267
2022-11-29,23.89716444057432,24.03866105064392,23.504118967869644,23.779251098632812,28079087
2022-11-30,23.81855485615775,24.36095802398119,23.57486708484266,24.015077590942383,34574098
2022-12-01,24.2666273316779,24.345235224106233,23.44123096703544,23.472675323486328,35307699
2022-12-02,23.4176499335408,23.622032259484243,23.001021193595662,23.103212356567383,23312240
2022-12-05,23.4255095968386,23.54342443824728,23.118934607614815,23.449092864990234,28441195
2022-12-06,23.276153562761312,23.62203250202422,23.048186467049874,23.543424606323242,23075716
2022-12-07,23.582729388517983,23.582729388517983,22.84380344785988,22.985300064086914,32302066
2022-12-08,22.985298296866848,23.079629866882062,22.68658440729265,22.875246047973633,20138115
2022-12-09,22.835941602290543,22.95385644480989,22.74161152749447,22.883108139038086,24162887
2022-12-12,22.804498748504777,23.087491971650284,22.285678838971016,22.34856605529785,29719853
2022-12-13,22.46647922938186,22.702305913994994,22.23065254476873,22.52150535583496,21378340
2022-12-14,22.584395423605162,22.718030961587722,22.380011571434792,22.65514373779297,16116031
2022-12-15,22.568671285090936,22.710167901192374,22.1677662052696,22.309261322021484,20856420
2022-12-16,22.33284472791829,22.600115782335614,22.262096419434318,22.466480255126953,20662778
2022-12-19,22.427176249145006,22.482202377971703,21.994825309571777,22.1205997467041,23377140
2022-12-20,22.12060083732427,22.21493241949916,21.81402581911774,21.939800262451172,21838141
2022-12-21,21.939796388028867,21.99482250985129,21.75899584508394,21.79829978942871,17163713
2022-12-22,21.95551973872343,22.081294166566828,21.554613187716573,21.633222579956055,20910266
2022-12-23,21.672527384433465,21.77472004819552,21.389534160907182,21.751136779785156,12478723
2022-12-26,21.743275690315038,21.83760726460697,21.625362346962255,21.751136779785156,12394748
2022-12-27,21.845468232111006,22.2306526178993,21.798301695553622,22.06557273864746,19523023
2022-12-28,21.97124363429359,22.207070330094588,21.939799275200354,22.136322021484375,18095716
2022-12-29,22.065572789350092,22.08129496823868,21.546752880822726,21.672527313232422,21917900
2022-12-30,21.69610986813719,21.955519813870755,21.66466551139399,21.71183204650879,14694663
2023-01-03,21.71183470989747,22.049852590254744,21.617503127445683,22.018409729003906,24445913
2023-01-04,21.971240742984175,22.049848631673715,21.53888985844488,21.79829978942871,26179337
2023-01-05,21.798300931990905,21.837606377745246,21.562474254862657,21.696109771728516,24695435
2023-01-06,21.68824877895139,21.774719260645732,21.578196529049105,21.71183204650879,21111894
2023-01-09,21.837604539496386,21.89263065957102,21.617498559848535,21.774717330932617,21466013
2023-01-10,21.703972824488403,21.782580724410032,21.428840676713968,21.570337295532227,20259195
2023-01-11,21.727556062308093,22.71016987119467,21.562477662102996,22.65514373779297,58238662
2023-01-12,22.56081355810788,22.757336319069275,22.293542483252413,22.639421463012695,30072843
2023-01-13,22.63941959785834,23.118935574890994,22.631560007495114,22.780916213989258,26378992
2023-01-16,22.757332842201237,22.77305352117059,22.38786914845673,22.497922897338867,38342244
2023-01-17,22.482200504394097,22.600113841960525,22.22279056200818,22.52936553955078,20951104
2023-01-18,22.482201552779177,22.85166376087585,22.395731068168452,22.411453247070312,19040559
2023-01-19,22.50578219705512,22.678723157633833,22.23065157676976,22.450756072998047,19333752
2023-01-20,22.442895841789305,22.678724024497377,22.395730804987483,22.56867027282715,20270931
2023-01-30,22.60011575281713,22.623699022064173,22.041991874783175,22.05771255493164,39011204
2023-01-31,22.23065252112419,22.442895937310468,22.167765305337607,22.317121505737305,26068112
2023-02-01,22.332843015805963,22.332843015805963,22.089155249348423,22.23065185546875,28240552
2023-02-02,22.230654485865358,22.435038330072526,22.04199282183173,22.395732879638672,29619839
2023-02-03,22.246375255562537,22.364290107985543,22.128461902489164,22.20707130432129,24814669
2023-02-06,22.11273896977355,22.230653818184003,22.034131069966023,22.10487937927246,21979318
2023-02-07,22.10488006683263,22.262097370687428,22.065574616356713,22.128461837768555,17617857
2023-02-08,22.152045197832443,22.183488058990985,21.931939172324128,21.939800262451172,18896837
2023-02-09,21.8926353791746,22.152045357842283,21.876913198806946,22.03413200378418,16329251
2023-02-10,22.010543988209417,22.034127253676825,21.719689711508664,21.774717330932617,20295148
2023-02-13,21.758997943845937,21.774720122840073,21.428839681716646,21.562475204467773,32783927
2023-02-14,21.617500401638267,21.68824870471886,21.428838759873177,21.633222579956055,18337971
2023-02-15,21.6096400020059,21.696110486163402,21.358091138292618,21.38953399658203,27663312
2023-02-16,21.460281480818832,21.5388908725589,21.03579316438158,21.145845413208008,30153837
2023-02-17,21.106542632529703,21.397395448874757,21.082959363900567,21.24803924560547,26548324
2023-02-20,21.295204999828226,21.751137713214543,21.295204999828226,21.680389404296875,35975711
2023-02-21,21.656805037805686,21.97910220683753,21.54675278477515,21.924076080322266,33204286
2023-02-22,21.86118817601759,22.073433085335587,21.758997015614174,21.900493621826172,28042907
2023-02-23,22.246372504058243,22.372146931693596,21.924075345823965,22.026268005371094,34836587
2023-02-24,21.95551874182801,22.01054486409234,21.806161053289554,21.89263153076172,22107696
2023-02-27,21.892632200263172,22.167764319348052,21.892632200263172,21.979101181030273,25809133
2023-02-28,21.99482545835417,22.041991997110017,21.85332884078577,22.010547637939453,18353068
2023-03-01,22.010547515787117,22.15204413257025,21.93193811764654,22.05771255493164,22789283
2023-03-02,22.057710818702528,22.38000797629532,21.97910142674953,22.152042388916016,27093063
2023-03-03,22.246372180638478,22.419313140634944,22.08129380902304,22.372146606445312,33567430
2023-03-06,22.34070576136045,22.427176249145006,22.010547489050705,22.1205997467041,32672959
2023-03-07,22.07343398867563,23.401928124384444,22.07343398867563,22.694446563720703,78387766
2023-03-08,22.56080984196917,22.592252698882,22.230651597962567,22.387868881225586,28454472
2023-03-09,22.419314120506154,22.82808177191891,22.309260368603034,22.442895889282227,25048490
2023-03-10,22.372148937447303,22.372148937447303,22.065573930019116,22.10487937927246,25588309
2023-03-13,22.0734348172163,22.85952580287122,22.0734348172163,22.812360763549805,37614860
2023-03-14,22.796637463142627,23.111073542074696,22.49006247360255,22.584392547607422,29209809
2023-03-15,22.718029144460704,22.843803581990002,22.505784218873927,22.67086410522461,24491055
2023-03-16,22.324981993894987,22.482200778802124,22.010545923430158,22.041990280151367,38784225
2023-03-17,22.199208210970106,22.718028117154894,22.136320995049207,22.4586181640625,32714387
2023-03-20,22.529368388872573,23.048188339260317,22.317123454800416,22.66300392150879,43821463
2023-03-21,22.741609670394237,22.780913615124753,22.301399192145038,22.427173614501953,27682247
2023-03-22,22.482201645716728,22.796637728306223,22.41931442919883,22.694446563720703,23402482
2023-03-23,22.718026988719696,23.150377888631226,22.655139775922493,23.09535026550293,41978031
2023-03-24,23.181822793243672,23.18968388295645,22.529367340578542,22.780916213989258,39365989
2023-03-27,21.93193834910435,22.07343496738076,21.460283454632837,21.75899887084961,87835227
2023-03-28,21.75899866588046,21.814024794836367,21.460283252477574,21.523170471191406,46981270
2023-03-29,21.601779202695536,21.64108465027202,21.365952514634696,21.43670082092285,24936004
2023-03-30,21.44456155088709,22.128459834406637,21.381674335168633,22.11273765563965,44305490
2023-03-31,22.057713620482073,22.222793514486824,21.971244627764946,22.144184112548828,19698581
2023-04-03,22.24637324935411,22.442895986536918,21.916214990913012,21.924076080322266,29088418
2023-04-04,21.931938960573707,22.238515475169905,21.861190649463015,22.175626754760742,22397803
2023-04-06,22.175627980197874,22.175627980197874,21.91621799157341,21.947662353515625,15825436
2023-04-07,21.931936307396917,22.010545699049125,21.727552488840956,21.806161880493164,20404288
2023-04-10,21.69610886662141,21.75113498903249,21.570334444153414,21.703969955444336,19628455
2023-04-11,21.735415533599603,21.806163842517268,21.483866657158817,21.680389404296875,18154784
2023-04-12,21.735412753421308,22.0970153415645,21.641082686496564,21.89263153076172,22675186
2023-04-13,21.892635225826954,22.23851569474435,21.837609094275248,22.144184112548828,26012096
2023-04-14,22.15204222789318,22.43503543712712,22.026267801422414,22.324981689453125,34501891
2023-04-17,22.31712269604334,22.922413117366393,22.230653706818316,22.828083038330078,38810310
2023-04-18,22.89096925054686,23.150379205510205,22.76519331844843,23.087491989135742,31631048
2023-04-19,23.087490101246754,23.276151734943078,23.008880712369276,23.02460289001465,27505808
2023-04-20,22.922410040997065,23.15037711688072,22.757331675163552,22.9931583404541,26302218
2023-04-21,22.914551022163142,23.18182206662195,22.820220947265625,22.820220947265625,24305325
2023-04-24,22.85166555567561,23.09535335039597,22.607977760955244,22.72589111328125,22569684
2023-04-25,22.725887531854866,22.875245220916643,22.4271736530807,22.63155746459961,26424430
2023-04-26,22.67872433817297,22.812359860417715,22.442896152203094,22.552949905395508,18068447
2023-04-27,22.615835901759013,22.702304882535454,22.097016019702654,22.57653045654297,30568481
2023-04-28,22.521506318623302,22.92241289908387,22.46648018981785,22.859525680541992,21444005
2023-05-04,22.678724073987183,23.354761267453476,22.340704727579293,23.244709014892578,36158924
2023-05-05,23.236849717327434,23.802836201225954,23.118936366298446,23.496259689331055,31801071
2023-05-08,23.48839836123263,25.24924201688364,23.48839836123263,24.94266700744629,83992266
2023-05-09,25.14704813006364,25.595121209982675,24.80116770848295,24.90336036682129,53570366
2023-05-10,24.840475161550643,24.997692457268005,24.3059330575426,24.651813507080078,43999672
2023-05-11,24.526038170019877,24.65181260171438,24.156574464986466,24.39240264892578,25526433
2023-05-12,24.40812419206912,24.7225617817814,24.093688101706388,24.243045806884766,28966046
2023-05-15,24.10154829100189,24.34523606451066,23.93646991198451,24.250905990600586,31183760
2023-05-16,24.266628971696782,25.241381597309626,24.227323523476784,24.49459457397461,46032027
2023-05-17,24.36881935679271,24.463150930145684,24.038661099081537,24.188018798828125,27212398
2023-05-18,24.258767959991236,24.52603901134775,24.180158562648227,24.305932998657227,24208030
2023-05-19,24.258767056088125,24.518177008109536,24.022938872846257,24.313793182373047,17656180
2023-05-22,24.18015758969918,24.51031584577545,24.172296500346235,24.235183715820312,23379019
2023-05-23,24.298071961707887,24.541759744585363,24.12513248665767,24.180158615112305,25141900
2023-05-24,24.13299274574705,24.188018872307826,23.582728481440313,23.732086181640625,43386479
2023-05-25,23.67706170261527,23.79497505335741,23.42551132185588,23.622034072875977,30667899
2023-05-26,23.49625877654526,23.504119866221753,23.008883211399173,23.0324649810791,30056909
2023-05-29,23.032462440766892,23.30759455170084,22.5922519628822,23.15037727355957,31603177
2023-05-30,23.142517972231204,23.252570225365243,22.796637534646297,22.930273056030273,18078696
2023-05-31,22.780917291745716,22.780917291745716,21.994826275472782,22.191349029541016,46189600
2023-06-01,22.089157851167,22.207071203706132,21.93193904821507,21.98696517944336,28754340
2023-06-02,22.01054576155213,22.246372437828985,21.97910140506218,22.214929580688477,21183032
2023-06-05,22.097016061481405,22.52150437517126,22.097016061481405,22.450756072998047,22054585
2023-06-06,22.482201313855754,23.4333706370674,22.285678577719512,23.040325164794922,40131370
2023-06-07,23.087492704404568,23.315458308568484,22.718028984827505,23.048187255859375,19506589
2023-06-08,23.103211600941865,23.315456508652286,23.00102044131246,23.268291473388672,14315981
2023-06-09,23.244707340574454,23.346899995748192,23.048184618385832,23.15037727355957,14818910
2023-06-12,23.06390848127716,23.58272838581718,23.02460453370726,23.449092864990234,24916076
2023-06-13,23.38620490822221,23.559144371139062,23.16609891049667,23.284013748168945,13682860
2023-06-14,23.33904075481001,23.684919693715436,23.33904075481001,23.606311798095703,23772395
2023-06-15,23.598451519003234,23.700642686427695,23.260432158573046,23.58272933959961,20355981
2023-06-16,23.622033097432798,23.881443058093325,23.50411975155975,23.551284790039062,20138508
2023-06-19,23.55128493820167,23.834278169556946,23.39406764249838,23.441232681274414,14650148
2023-06-20,23.57486811125109,23.60631246987341,23.315458150015097,23.42551040649414,15778081
2023-06-21,23.307598056393505,23.66133960926382,23.307598056393505,23.433372497558594,19707351
2023-06-26,23.33117776008704,23.425507826867253,23.150377215967143,23.339038848876953,21037144
2023-06-27,23.33118037211756,23.747807629180667,23.205405936096675,23.567007064819336,23715065
2023-06-28,23.582728528401752,23.96791291444371,23.582728528401752,23.87358283996582,26803913
2023-06-29,23.889305201013613,24.038662912024428,23.50412078785907,23.70064353942871,24687860
2023-06-30,23.692780568494417,24.32951531256194,23.692780568494417,24.17229652404785,27039223
2023-07-03,24.054384049357417,24.581065060709065,24.054384049357417,24.49459457397461,34712366
2023-07-04,24.447426844570867,24.667531332978143,24.384539633690306,24.45528793334961,32387108
2023-07-05,24.47241789802088,24.81492866953429,24.38678979683748,24.70361328125,28096913
2023-07-06,24.55804313369039,24.772112545060466,24.463852070057158,24.515228271484375,14829392
2023-07-07,24.429601347336465,24.789238016904257,24.429601347336465,24.57516860961914,13937582
2023-07-10,24.737860655295655,24.78923848994287,24.38678695130633,24.515228271484375,12527091
2023-07-11,24.68648609675997,24.68648609675997,24.36966262823078,24.412477493286133,11153288
2023-07-12,24.506667256426706,24.515228595761158,24.232657034343724,24.335411071777344,12936160
2023-07-13,24.403912292555887,24.695046815475553,24.33541014794067,24.558042526245117,12767569
2023-07-14,24.55804511929904,24.83205372669215,24.55804511929904,24.712175369262695,11338183
2023-07-17,24.129904160764397,24.129904160764397,23.37637892282851,23.770267486572266,41915949
2023-07-18,23.847331861600452,23.96721020485495,23.65894974137774,23.8302059173584,22103553
2023-07-19,23.641826723734816,24.121341756205698,23.641826723734816,23.9415225982666,12292167
2023-07-20,24.035713097717416,24.258345480143017,23.761704514184363,23.770267486572266,11856681
2023-07-21,23.80451834985315,23.92439833312046,23.63326379738847,23.69320297241211,9627480
2023-07-24,23.376380118784294,23.75314275702774,23.376380118784294,23.616138458251953,9404350
2023-07-25,23.890146484475775,24.224095883822987,23.787394079461272,24.172718048095703,19160519
2023-07-26,24.17271711917665,24.489540561106413,24.17271711917665,24.361099243164062,11611644
2023-07-27,24.40391294129365,24.51522831679503,24.215532446899005,24.301158905029297,10184756
2023-07-28,24.318284104221572,24.489540281670575,24.112777671214733,24.326847076416016,15063557
2023-07-31,24.48954103264394,24.78923853575997,24.198406501984945,24.301158905029297,17566686
2023-08-01,24.275472034943608,24.472415505154537,24.23265717192817,24.352537155151367,9923564
2023-08-02,24.3867863276322,24.3867863276322,23.873019426839228,23.89870834350586,12447362
2023-08-03,24.01858846674103,24.01858846674103,23.795957705357672,23.88158416748047,11599487
2023-08-04,23.975773927311902,24.138467136263117,23.761704517246617,23.80451774597168,15493985
2023-08-07,23.736016013778194,23.8815832804885,23.676076839230422,23.85589599609375,11061318
2023-08-08,23.761706967034907,24.035715578853058,23.69320481408037,23.90727424621582,9665646
2023-08-09,23.85589483372148,23.96721020485495,23.727451885126015,23.8302059173584,9369500
2023-08-10,23.804519125245193,24.292598780378977,23.78739481269495,24.078529357910156,23348994
2023-08-11,24.035713142187213,24.189843379014714,23.556198120117188,23.556198120117188,19820320
2023-08-14,23.393505372892147,23.59044884240791,23.247938105593533,23.427757263183594,14538820
2023-08-15,23.462006176361264,23.607573435321846,23.333564861565442,23.564760208129883,11685755
2023-08-16,23.50482238545157,23.616137762469776,23.41919429293447,23.462007522583008,7724200
2023-08-17,23.393506394642653,23.52194772240543,23.247939120986146,23.470571517944336,8358150
2023-08-18,23.470571379328568,23.59901270633278,23.37638031068944,23.4191951751709,9108638
2023-08-21,23.52194825978963,23.52194825978963,23.119498321413168,23.128061294555664,12570752
2023-08-22,23.136621403330516,23.65894963459619,23.11949545916576,23.564760208129883,14491577
2023-08-23,23.573325118965066,24.2754725552679,23.573325118965066,24.010026931762695,30431226
2023-08-24,24.078528997135546,24.26690949812633,23.753142565255036,23.813081741333008,17904917
2023-08-25,23.830207963562774,24.01858846674103,23.770268786788787,23.88158416748047,12750323
2023-08-28,24.72929635983376,24.840613362393924,24.26690730528667,24.403911590576172,38412805
2023-08-29,24.48954145036071,24.56660657056847,24.249783117134346,24.352537155151367,24199927
2023-08-30,24.489540886971483,24.540917088188056,24.18128041323207,24.215532302856445,15596611
2023-08-31,24.403915196991466,24.403915196991466,24.069967406399925,24.1213436126709,13585107
2023-09-01,24.241218356387286,24.720734987468663,24.147028931141225,24.61798095703125,28142804
2023-09-04,24.81492646172278,25.517073889159487,24.754987286193312,25.328693389892578,43862476
2023-09-05,25.17456383362172,25.577015394369816,25.011870614740147,25.482824325561523,27530275
2023-09-06,25.44857024754948,25.628389396805577,25.28587867586533,25.41431999206543,20223794
2023-09-07,25.414323331205242,25.68833194395891,25.23450415832305,25.508514404296875,30782587
2023-09-08,25.32869297004351,25.465697264188464,25.097497611216394,25.20881462097168,14668306
2023-09-11,25.260193078226262,25.945214610110437,25.217379844941064,25.508514404296875,24793600
2023-09-12,25.43144914095764,25.731145038781662,25.337258068372858,25.525638580322266,15067929
2023-09-13,25.671202827954403,26.022276523853513,25.534198538492305,25.910961151123047,23334535
2023-09-14,25.919526272244845,26.869993405034826,25.910963299291048,26.673049926757812,44310290
2023-09-15,26.93849376909629,27.066936721665805,26.510354949117875,26.690174102783203,34688761
2023-09-18,26.715863161482634,26.80148961935598,26.321974595741263,26.74155044555664,23070577
2023-09-19,26.758675929241374,27.109749626775425,26.63023461142501,26.869991302490234,27777977
2023-09-20,26.86999260293544,27.109750938824376,26.621672927568365,26.947057723999023,20414986
2023-09-21,26.878555486515555,27.006998443342365,26.59598392129265,26.681612014770508,17947320
2023-09-22,26.81005273056461,26.887117849625533,26.373350933626064,26.758676528930664,24111489
2023-09-25,26.93849255666997,27.186813845026798,26.72442315631543,26.844303131103516,16895597
2023-09-26,26.844305229056438,26.998435470672575,26.62167283930202,26.681612014770508,13074400
2023-09-27,26.784366999637005,26.784366999637005,26.28772599978764,26.42473030090332,18173616
2023-09-28,26.673049317727177,26.82717956093602,26.30484965522161,26.715864181518555,21460401
2023-10-09,26.544608079444366,27.092625272002476,26.476105930374604,27.015560150146484,20813685
2023-10-10,27.01556129762382,27.01556129762382,26.527483260618286,26.595985412597656,14553459
2023-10-11,26.75867808072028,26.775804026664762,26.11646980678299,26.42473030090332,21111901
2023-10-12,26.621673221423414,26.673049424959558,26.18497140831605,26.2877254486084,10079717
2023-10-13,26.11647041080582,26.407604965715038,26.039405285493373,26.347665786743164,9838193
2023-10-16,26.518918886610237,26.955620694867566,26.37335161719113,26.91280746459961,22762030
2023-10-17,26.887119098738683,27.092625548041823,26.681612649435543,27.04981231689453,14159555
2023-10-18,26.981309284786217,27.443698372292253,26.88711821947831,27.058374404907227,17889982
2023-10-19,26.88711879063383,26.955620939616566,26.467542923962082,26.501794815063477,14843709
2023-10-20,26.578860270045944,26.681612678198242,26.27059977914889,26.35622787475586,12062799
2023-10-23,26.373351719409253,26.54460790758492,26.16784527353049,26.484668731689453,15682217
2023-10-24,26.441852608206993,26.510354753569445,25.910961389952963,26.193532943725586,20749811
2023-10-25,26.4418527919852,26.501793598661433,25.979463715879895,25.99658966064453,18599936
2023-10-26,26.09077863234165,26.416165044277097,25.885272198433977,26.15928077697754,15235108
2023-10-27,26.116466979522116,26.34766232508411,25.970899721192705,25.988025665283203,13244711
2023-10-30,25.988026969307132,26.159281519145562,25.44000816345215,25.44000816345215,24387039
2023-10-31,25.42288330533044,26.116467728692488,25.3886314161669,25.962337493896484,18757968
2023-11-01,25.86814744883831,26.047966607575972,25.559888600348085,25.9366512298584,15332646
2023-11-02,26.15072120560668,26.33053873497306,25.945213124587866,26.107906341552734,12623350
2023-11-03,26.227782490146456,26.484666753220072,25.928086633057134,26.005151748657227,13198963
2023-11-06,25.96233824131258,26.090779562933555,25.088934641137918,25.243064880371094,35503709
2023-11-07,25.114623235884523,25.559888002785073,25.114623235884523,25.38863182067871,15461860
2023-11-08,25.243065983695,25.559889448546475,25.217378698180074,25.482824325561523,16041846
2023-11-09,25.577016761021113,26.373353685715962,25.542764867544253,26.304851531982422,25151414
2023-11-10,26.279160078277677,26.73298616234627,26.030838789604747,26.630233764648438,23888049
2023-11-13,26.664486259375856,26.801490556628366,26.16784527353049,26.484668731689453,13875046
2023-11-14,26.44185467299108,26.630236812363144,26.159283097153093,26.244911193847656,11357198
2023-11-15,26.364790571973675,26.48466892463796,26.15928249137767,26.321975708007812,11300867
2023-11-16,26.296287947721442,26.4332938852259,26.07365717817452,26.347665786743164,12905634
2023-11-17,26.287725588837603,26.46754311878335,26.107906425671782,26.37335205078125,16333750
2023-11-20,26.399042605823606,26.407605579192822,26.039405890417473,26.304851531982422,12786861
2023-11-21,26.356228347876026,26.71586504930506,26.27060025073195,26.296287536621094,16415293
2023-11-22,26.21922390809336,26.416167387236783,26.09934391943293,26.244911193847656,11327386
2023-11-23,26.219223246357195,26.57029696404621,26.15928243692975,26.501794815063477,12617696
2023-11-24,26.433292806123653,26.818616783735443,26.424729833302937,26.587421417236328,18318834
2023-11-27,26.758676528930664,26.89568082210119,26.493230915065276,26.758676528930664,17029848
2023-11-28,26.74155152142285,26.750114494198687,26.321975654727094,26.53604507446289,14130244
2023-11-29,26.69873707516917,26.775802193422884,26.55316981104771,26.690174102783203,14524691
2023-11-30,26.58741929212757,26.972744872160696,26.578857953211223,26.964181900024414,26636366
2023-12-01,26.964182039037574,27.16968847170808,26.792927495088794,26.981307983398438,27771925
2023-12-04,26.964183892101868,27.246755460595523,26.887118770401777,27.19537925720215,22312985
2023-12-05,27.12687542370355,27.29812996878665,26.71586255564015,26.784364700317383,20470962
2023-12-06,26.76723982631472,26.792928744053516,26.364789914393754,26.578859329223633,17270861
2023-12-07,26.5531694744583,26.5531694744583,26.167843888074138,26.176406860351562,21192939
2023-12-08,26.159281937876923,26.49323133686439,25.868147401949397,26.18497085571289,24118338
2023-12-11,26.047966464080897,26.741550910888076,25.748268956649145,26.613109588623047,35061680
2023-12-12,26.536044144223563,26.758676528930664,26.27059853035817,26.758676528930664,21496782
2023-12-13,26.732988882274388,26.732988882274388,26.30485003745963,26.35622787475586,16324302
2023-12-14,26.44185303031758,26.501793837534084,26.082216353118557,26.27916145324707,19882184
2023-12-15,26.287725224617528,26.57885976420842,26.030840942685536,26.039403915405273,24209373
2023-12-18,26.047968123100812,26.467544006940443,25.84246166774386,26.33053970336914,24949439
2023-12-19,26.37335205078125,26.54460824110869,26.159282629481986,26.37335205078125,17796249
2023-12-20,26.458978327832526,26.844303912981818,26.37335023855269,26.570295333862305,27297628
2023-12-21,26.561735216339933,26.698739520624255,26.099344464465247,26.347665786743164,26707631
2023-12-22,26.39047628713982,27.04981045400912,26.35622603122477,26.869991302490234,32897835
2023-12-25,26.852868512546213,27.246755460595523,26.681612323608217,27.19537925720215,27806336
2023-12-26,27.272443588503847,27.846149681633154,26.767239642320426,26.8100528717041,38167503
2023-12-27,26.972745434039332,27.272442932172652,26.732987108888683,27.101186752319336,23625589
2023-12-28,27.101188018172618,27.400885530304333,26.433292478632282,26.732988357543945,37538182
2023-12-29,26.61310778674783,26.97274444467226,26.553168615963745,26.844303131103516,25745245
2024-01-02,26.878556230649973,27.95746795183268,26.861431918056343,27.726272583007812,42184092
2024-01-03,27.71770613075412,28.411292191032693,27.657766957618435,28.240036010742188,31978825
2024-01-04,28.265725964365238,28.7709299473992,28.265725964365238,28.625364303588867,39050803
2024-01-05,28.539736074661146,28.942184355077522,28.3256666589188,28.642488479614258,31655586
2024-01-08,28.51404634808798,28.950749798036263,28.29997692615573,28.813745498657227,45969032
2024-01-09,28.685301752643372,29.241883540987104,28.44554505191195,29.156253814697266,29580995
2024-01-10,29.15625297687275,29.54157856800428,28.719552817883667,28.984996795654297,24398494
2024-01-11,28.98499867850932,28.98499867850932,28.402729584406572,28.471233367919922,29463357
2024-01-12,28.385607121255088,28.847994597732676,28.308541997435455,28.788055419921875,21163491
2024-01-15,28.685302893006263,29.26757198916459,28.625363715440567,29.147693634033203,23839567
2024-01-16,29.019249333483838,29.515891943468485,28.959310158684318,29.35319709777832,21816280
2024-01-17,29.267572128246414,29.67858503341013,29.14769377254536,29.233320236206055,31967604
2024-01-18,29.233319073537917,29.455953096505457,28.42841924124316,29.17337989807129,46466888
2024-01-19,29.12200297909584,29.12200297909584,28.09447235791704,28.471233367919922,60297481
2024-01-22,28.44554394058368,28.676739292873666,27.957465952340353,28.222909927368164,38100918
2024-01-23,28.1030339117697,28.94218566756114,27.95746827035495,28.788055419921875,29930816
2024-01-24,28.933619642569603,29.71283209437274,28.762363476652936,29.635766983032227,32600623
2024-01-25,29.781333295042653,30.30366314336551,29.498763391167515,30.072467803955078,33269597
2024-01-26,29.969717909524544,30.791743673954468,29.88409145064477,30.654739379882812,30660100
2024-01-29,30.67186606720415,30.851683595067264,30.397857472429852,30.52630043029785,25157315
2024-01-30,30.569116453144048,30.825999125905177,30.183790810782153,30.62049102783203,27717552
2024-01-31,30.303666556644274,31.84496572654626,30.269414665516642,31.78502655029297,46737348
2024-02-01,31.55383016808195,31.639459893141776,30.851682754791465,31.08287811279297,34954276
2024-02-02,31.082875235816275,31.93915280851887,30.740366166599067,31.69939613342285,42696282
2024-02-05,31.519581764322197,32.64986801147461,31.42539069931949,32.64986801147461,41335662
2024-02-06,32.49573931621346,33.05231786045742,32.033348575008795,32.315921783447266,43284055
2024-02-07,32.31591988317794,33.10369375170085,31.511016803276696,33.04375457763672,51536462
2024-02-08,32.786873807332235,32.85537432455432,32.136100928301396,32.59849166870117,36272091
2024-02-19,32.375861621054646,34.208295410843974,32.11897569307724,34.088417053222656,40326529
2024-02-20,34.04560089111328,34.473739753391285,33.63458797529923,34.04560089111328,30985576
2024-02-21,34.04559883879699,34.276794202463165,33.67740244455837,33.89147186279297,34692133
2024-02-22,33.71165081934151,35.107384330498704,33.626024359257784,34.96181869506836,41316132
2024-02-23,35.02175569788139,35.02175569788139,33.82296573243435,34.12266159057617,37105415
2024-02-26,33.68596163304751,33.994222098251875,32.898184525698596,33.05231475830078,50102990
2024-02-27,32.8810641535622,33.38626811442089,32.72693391015174,33.035194396972656,30242950
2024-02-28,32.94099891822463,33.58320709094943,32.41010447693556,33.39482498168945,48928559
2024-02-29,33.05231475830078,33.292074712593,32.726931615198296,33.05231475830078,37572751
2024-03-01,32.83824301533488,33.343446904791094,32.607050949334614,32.86393356323242,32051478
2024-03-04,32.70980845575736,33.48045641794097,32.56423954971058,33.386268615722656,42137234
2024-03-05,33.36057594042058,34.062723341168535,33.223571649212204,33.865779876708984,38384327
2024-03-06,33.86578403152424,34.57649612503873,33.53183623488601,33.75446701049805,36900751
2024-03-07,33.63458471087472,34.379548610772545,33.566084198107546,34.32817077636719,31494276
2024-03-08,34.19116713546302,34.328171430046176,33.53183294701904,34.03703689575195,30809455
2024-03-11,33.82296857763939,33.95997287666336,32.79543470173953,33.13794708251953,40288021
2024-03-12,32.96668911571871,33.05231557307965,31.613768877624004,31.836402893066406,65997701
2024-03-13,31.81927741486305,31.827838754148686,31.159943230908254,31.742212295532227,35628203
2024-03-14,31.67370810698014,32.13609550287648,31.25413066898498,32.04190444946289,33722920
2024-03-15,31.896341740219636,32.0247846913871,31.014376825952194,31.94771957397461,44778666
2024-03-18,31.5538336214204,31.630898749188454,31.151385302134226,31.476768493652344,38624101
2024-03-19,31.348328456493235,32.624180454695974,31.279824669680565,31.9648494720459,37338641
2024-03-20,31.89634054143871,32.589926572083634,31.562392800682208,32.10184860229492,28673923
2024-03-21,32.024785538700804,32.56423810842117,31.59664671206812,32.255977630615234,30620434
2024-03-22,32.25597961521387,32.61561795026143,31.964848330973766,32.48717498779297,33265084
2024-03-25,31.853532319189515,33.523274551738545,31.699402065942508,32.97525405883789,51160466
2024-03-26,33.386268566759654,33.394829906425066,32.13610065699896,32.564239501953125,38554813
2024-03-27,32.68411622198479,33.566084419678845,32.589928424613184,33.2578239440918,32594013
2024-03-28,33.30920093687414,33.5147057377776,32.84681023518149,33.08656692504883,34991740
2024-03-29,33.01806720345819,33.771589180050725,32.889624249990824,33.471893310546875,15691223
2024-04-01,33.48045118329924,33.489015788078305,32.53854717686071,32.86393356323242,38410759
2024-04-02,32.85537208806573,33.506144922798,32.71836779650735,33.43764114379883,32697622
2024-04-03,33.43764133193094,34.03703633578625,33.29207570039865,33.90003204345703,27795306
2024-04-08,33.70308972948569,34.25110691753585,33.29207683844807,33.89147186279297,23025510
2024-04-09,34.019908626196774,34.30248180184011,33.557517938656666,33.98565673828125,19673782
2024-04-10,33.9770973480672,34.74774853816328,33.951410063877326,34.362422943115234,30002489
2024-04-11,34.25110626220703,34.66211914538071,33.90859389300895,34.25110626220703,19469582
2024-04-12,34.165477796643465,34.31960802708678,33.814404108731445,34.0199089050293,21525318
2024-04-15,33.99422627019339,35.31289474809458,33.96853571731356,35.15019989013672,33012766
2024-04-16,35.15019768809628,36.1263537089294,34.9960674462342,35.70677947998047,39246863
2024-04-17,35.621150579004144,35.95510162174119,35.01319420336416,35.87803649902344,25015767
2024-04-18,35.629715020767165,36.30617517634289,35.16732428659336,35.415645599365234,26529769
2024-04-19,35.17588591289786,36.134915924935584,35.15019536332659,35.869468688964844,26154651
2024-04-22,35.86090820486843,36.45173859605327,34.456613408586804,34.50798797607422,32248938
2024-04-23,34.174042907156846,34.670685541495956,33.40339166988587,34.16548156738281,27856359
2024-04-24,34.50798806095868,34.636431012873054,33.720214204107755,34.07984924316406,22562994
2024-04-25,34.011349288753046,34.5079886269924,33.78015393137886,34.216854095458984,20235973
2024-04-26,34.03703605732945,34.35385786829134,33.822966648163856,33.865779876708984,28337837
2024-04-29,33.805837820260564,33.805837820260564,33.06087725450291,33.39482498168945,41781253
2024-04-30,33.39482545869266,34.25966437308173,33.31776034620732,34.10553741455078,29738706
2024-05-06,33.985658223211324,34.01991011262341,33.223571649212204,33.865779876708984,33779856
2024-05-07,33.8144049439272,34.24254375763565,33.73733982680208,34.191165924072266,22047370
2024-05-08,34.25966537608809,35.49270721195282,34.25966537608809,35.23582458496094,38193795
2024-05-09,35.09882449335821,35.36426849084327,34.77343805152081,34.97894287109375,26529150
2024-05-10,34.970378550104826,35.278639019625544,34.81624831534447,35.081695556640625,22703051
2024-05-13,34.901876587490236,35.07313277573765,34.20829376142637,34.919002532958984,21847559
2024-05-14,34.77343817013972,34.8761905802767,33.95141235616346,34.482303619384766,26466990
2024-05-15,34.25110566398527,34.533678853604336,34.12266271116933,34.396671295166016,14442600
2024-05-16,34.39667407262624,34.439490571315545,33.86578280656929,33.90859603881836,21260529
2024-05-17,33.848653291329995,34.182601040677106,33.73733955250756,34.15691375732422,20810624
2024-05-20,34.1654784829805,35.21013496243328,34.13122659409617,35.04744338989258,27194546
2024-05-21,35.00463027910026,35.96366030599016,34.79912221154676,35.93797302246094,29403082
2024-05-22,35.87803594428172,36.40892718899538,35.672527864731855,35.741031646728516,24271138
2024-05-23,35.71533989213501,36.07497820262229,35.46701859042237,35.963661193847656,16752780
2024-05-24,36.032167478313426,36.13491988854977,35.36426864567663,35.372833251953125,16586026
2024-05-27,35.61258748904151,36.83706478624247,35.55264831503363,35.963661193847656,25686009
2024-05-28,35.97222034641216,37.1710102865778,35.91228117604786,36.734310150146484,23792715
2024-05-29,36.73431298463279,37.37652123075266,36.47742707303279,37.205265045166016,21603456
2024-05-30,36.914132934853235,37.556341223166086,36.56305920123315,36.89700698852539,23332714
2024-05-31,37.042570111993,37.162451728130236,36.24623489379883,36.24623489379883,20058323
2024-06-03,36.56305538081483,37.31658060830381,36.49455160266132,37.1110725402832,26577489
2024-06-04,37.00831641134592,37.042565030532614,36.24622992157885,36.254791259765625,33072957
2024-06-05,36.22910830564559,37.162451068574576,36.134917242143764,36.60586929321289,26564584
2024-06-06,36.62299556425571,38.32698626235449,36.62299556425571,37.8132209777832,32650986
2024-06-07,37.856035367286765,38.01016561066987,37.54777488052055,37.80466079711914,22146552
2024-06-11,37.81322589938312,38.12148641682371,36.91413490114171,37.19670486450195,24360172
2024-06-12,37.01688353187678,38.40405245203266,36.828501397944954,38.2327995300293,26472574
2024-06-13,38.10435541202665,38.515368291913916,37.82178221973165,38.17285919189453,18226751
2024-06-14,38.061543729779984,38.63524821051075,37.676218118462224,37.975914001464844,28165983
2024-06-17,37.86460249526638,38.07867192906334,37.076825280344615,37.28233337402344,27547526
2024-06-18,37.265200690284374,37.44501819821947,36.648679787147174,37.308013916015625,16946544
2024-06-19,37.16245623646223,37.778974004902956,36.96550947642151,37.19670486450195,23464678
2024-06-20,37.17101549592499,38.386931550376886,36.98263335327069,38.215675354003906,35704871
2024-06-21,38.02729127865465,38.25848664204188,37.4707094853402,37.770408630371094,19866304
2024-06-24,37.92453738141839,38.189981358749975,37.59915096428552,37.89028549194336,20110686
2024-06-25,37.96735332820405,37.98447927416764,37.3936455709642,37.61627960205078,18014773
2024-06-26,37.5220821117317,37.804655272117145,36.862748003938634,37.46214294433594,18863833
2024-06-27,37.308020386983365,37.667658731671544,36.96550798884609,37.24808120727539,25068964
2024-06-28,37.01688218524602,38.21567219429961,36.991194901168015,37.993038177490234,22105842
2024-07-01,38.02729422615138,39.354524067190134,38.01873288600238,38.772254943847656,20995421
2024-07-02,38.789375231411555,39.28601781504498,38.32698453625764,39.21751403808594,22674028
2024-07-03,39.04625882323669,39.40589712824426,38.46398977051201,38.74656295776367,20169551
2024-07-04,38.73800713373615,39.20039463966122,38.73800713373615,38.8750114440918,16058960
2024-07-05,38.8750114440918,38.8750114440918,38.8750114440918,38.8750114440918,0
2024-07-08,38.568617580455275,39.316562061381966,38.1180496100351,39.091278076171875,25661548
2024-07-09,39.019183055197985,39.24446702599885,38.48751274660552,39.10929870605469,23794751
2024-07-10,38.82994464924951,38.92907014463613,37.1087752806615,37.58637619018555,47960407
2024-07-11,37.24395283252139,37.946837818210625,36.82942765660827,37.559349060058594,34006914
2024-07-12,37.424177918978394,37.87474593028345,36.86547454747724,37.13581466674805,24098086
2024-07-15,36.94657542949766,38.244210011938556,36.76634754476841,38.199153900146484,24825023
2024-07-16,38.07299291919867,38.38838911865293,37.74858343543956,38.2171745300293,20050250
2024-07-17,38.19014374301069,38.36135834145604,37.34307372292297,37.595394134521484,21983510
2024-07-18,37.757596718644166,37.96485756935961,37.38813112605389,37.892765045166016,17205894
2024-07-19,37.87474085030609,38.000899326540626,37.37911679185869,37.820674896240234,22318200
2024-07-22,37.60440444946289,37.766609202664625,35.95532737532661,37.60440444946289,39510434
2024-07-23,37.39714327866809,37.71253949756018,36.85646306412137,37.00064468383789,18091660
2024-07-24,36.91053107041402,37.802657255218136,36.76634944269994,37.631439208984375,18227400
2024-07-25,37.595394758281834,37.595394758281834,36.658212499791816,37.17185974121094,21256537
2024-07-26,37.17185398497963,37.30702573813102,36.45995583516187,36.76634216308594,18175082
2024-07-29,36.56809722594242,37.04569816276956,36.45094859401022,36.802391052246094,13837592
2024-07-30,36.65821211549954,36.7303012067102,35.61289451123763,35.865211486816406,22295682
2024-07-31,35.87422549508112,36.270724098637416,35.51376971907646,35.82015609741211,25212841
2024-08-01,36.036427737433215,36.33380080997209,35.37859547646618,35.51376724243164,21150777
2024-08-02,35.324529648974256,35.40563202133719,34.70274364833817,35.24342727661133,16902448
2024-08-05,35.00913532043828,35.018148606269406,34.45043191355554,34.66670608520508,22031849
2024-08-06,34.70274391448633,34.873961944988324,34.1440405881239,34.37833786010742,19075806
2024-08-07,34.37833830540388,35.495744972602296,34.25217638324583,35.03616714477539,21032000
2024-08-08,35.14429914132526,35.57684394901892,35.01814066877635,35.04517364501953,14563020
2024-08-09,34.96407377264467,35.41464174249205,34.6937336782484,35.18935775756836,11124510
2024-08-12,34.98209748821386,35.730041980681804,34.810882894334135,35.414642333984375,13093996
2024-08-13,35.414643913129616,35.793122818530804,34.98209904807185,35.21639633178711,12193738
2024-08-14,35.144303081735224,35.5047588473415,34.720768072781986,35.261451721191406,8949140
2024-08-15,35.14430139355576,36.38786994384475,35.099245284409506,36.216651916503906,23436598
2024-08-16,36.216650613034645,36.622162455877714,36.108515267463375,36.52303695678711,13713993
2024-08-19,36.52304078318361,37.135813534886694,36.27973365198729,36.360836029052734,13625257
2024-08-20,36.3698494854939,36.45095186294167,35.540802578521,35.76608657836914,14046750
2024-08-21,35.901255968056596,36.117530106068614,35.2344138602836,35.83817672729492,12976628
2024-08-22,35.8381754175945,36.10851550205938,35.6038781568471,35.982357025146484,10675390
2024-08-23,35.874220851582024,36.93756147184161,35.82916130724309,36.297752380371094,13291150
2024-08-26,36.360836029052734,36.54106391559382,35.874225204221126,36.360836029052734,11988715
2024-08-27,36.35182425160305,37.65847206270088,36.18060965913786,37.577369689941406,21791457
2024-08-28,37.424175391956894,38.00991514212656,36.991630542818434,37.3160400390625,15814204
2024-08-29,37.289007209072125,37.39714256239815,36.45996033341018,36.721290588378906,12686400
2024-08-30,36.505015139026945,36.973606236767715,35.83817647353643,36.54106140136719,21526502
2024-09-02,36.5050184375589,37.38813475688776,36.11753311385154,37.01866912841797,21124388
2024-09-03,37.01866920609579,37.62242868709286,35.86521276748888,36.207645416259766,19006283
2024-09-04,36.045438180887636,36.225666059304245,35.639926313840476,35.739051818847656,13262800
2024-09-05,35.712020465353284,36.09950921843587,34.79286133740582,34.89198684692383,25277785
2024-09-06,34.87396255137081,35.17133563244569,34.27019966697131,34.279212951660156,16940537
2024-09-09,34.24316818694271,34.27921445215414,32.99959953763664,33.540283203125,26253998
2024-09-10,33.522258157892814,34.45042708998334,33.495221741746285,33.78358840942383,18615520
2024-09-11,33.5222602341447,33.594349327358394,32.39584022249711,33.10773849487305,24270652
2024-09-12,33.27895091174792,34.08997464185129,32.972564551215626,33.8917236328125,24260306
2024-09-13,33.79259787445261,34.41438043782065,33.79259787445261,34.107994079589844,14576499
2024-09-18,33.90073534385257,34.96407609842991,33.90073534385257,34.459442138671875,13342930
2024-09-19,34.639666478253375,34.639666478253375,33.38708799275513,34.243167877197266,23297289
2024-09-20,34.19810914262516,34.855937957317664,34.08997379382165,34.69373321533203,21632796
2024-09-23,34.54054525221591,35.58586289656935,34.432406454910954,35.23441696166992,16307843
2024-09-24,35.7750953926049,37.11778593887041,35.369583556042606,37.1087760925293,34169835
2024-09-25,37.84771085287795,38.658734603321136,37.298017359528785,37.64945983886719,29689657
2024-09-26,37.847710105858965,38.54158520364035,37.42417510703583,38.50553894042969,28172620
2024-09-27,39.20842690433,39.20842690433,37.39714500803404,37.67649841308594,24452686
2024-09-30,38.13607492283005,40.52408667768107,37.12680357387324,39.289527893066406,95933756
2024-10-08,42.44350276788621,42.80395853053614,36.739313871243276,38.24420928955078,118468401
2024-10-09,37.775619266424584,38.32531277347244,36.33380304921793,36.360836029052734,58165757
2024-10-10,36.49600864546275,39.43371054489164,36.49600864546275,38.703792572021484,75539975
2024-10-11,38.8840171033978,39.695037385137944,37.847709399575585,38.388389587402344,51444614
2024-10-14,38.20816573940295,39.24447002165501,37.77561745739417,38.45146942138672,34966984
2024-10-15,38.42443952571483,38.73082591147587,37.67649841308594,37.67649841308594,26721364
2024-10-16,37.55934703127207,37.96485890017389,37.18988142573061,37.42417526245117,21012405
2024-10-17,37.4692313390005,38.27124171787933,36.91953790514587,36.93756103515625,21766350
2024-10-18,36.99162853717653,38.208164082132676,36.82041395124672,37.82968521118164,36328052
2024-10-21,37.775619804965665,38.253224226742574,37.03668855341769,37.23493957519531,34904069
2024-10-22,37.24395272561472,37.55033566716508,36.9826224592277,37.343074798583984,25286520
2024-10-23,37.2890070717014,37.523300909304815,36.838439090681774,36.99163055419922,29019434
2024-10-24,36.99163067157139,37.36109627967734,36.730300416736206,37.20790481567383,22810370
2024-10-25,37.207904828293785,37.279993917978445,36.7753599775031,36.88349533081055,19106601
2024-10-28,37.2529600828084,37.847709668670795,36.82041524195946,37.036685943603516,35549328
2024-10-29,36.973606830082765,37.27999318976982,36.57710825065987,36.928550720214844,27675361
2024-10-30,36.83843465380359,37.14482098149772,36.14455963409743,36.441932678222656,24195808
2024-10-31,36.324789036893144,36.5230365955529,35.59486772699497,36.08148193359375,26452128
2024-11-01,36.07246902190043,37.34307050498025,36.07246902190043,37.00965118408203,35744209
2024-11-04,37.05470993304468,37.09075619667365,36.31577871645518,36.721290588378906,24267301
2024-11-05,36.63117693124679,36.991629240727285,36.432925926618026,36.97360610961914,23237996
2024-11-06,36.99163096143958,37.37911970438719,36.261713024191096,36.34281539916992,33610454
2024-11-07,36.34281525510311,36.793383239296936,36.15357408919541,36.775360107421875,29915784
2024-11-08,36.77535867011189,37.28900587701284,35.92828869289498,36.216651916503906,40189144
2024-11-11,35.76608625485324,35.86521176389957,35.171336638136296,35.48673629760742,33816602
2024-11-12,35.34255530406398,35.739053909728625,35.036168924099144,35.063201904296875,35772296
2024-11-13,34.93704196112135,35.955326569496904,34.84692630160617,35.47772216796875,35778306
2024-11-14,35.24342844308343,36.13555113104197,35.081223692988985,35.69399642944336,33176988
2024-11-15,35.66696259452318,36.405893799419395,35.324529970588564,36.17159652709961,41347455
2024-11-18,36.036429890596395,37.3971437281792,35.982360493467425,37.33406448364258,57225124
2024-11-19,37.334063307053526,37.52330103469955,36.640188201457214,37.04570007324219,34989650
2024-11-20,36.81140220859737,37.16284811689787,36.76634609857757,36.98262023925781,22181812
2024-11-21,36.910525563402395,37.45120916483161,36.856459609551926,37.1177864074707,20264111
2024-11-22,37.11778995495531,37.23493859542873,35.865211486816406,35.865211486816406,27344613
2024-11-25,36.20764100604198,36.378855590792334,35.59486831448398,36.144561767578125,23738154
2024-11-26,35.712020019518135,36.153574726781,35.27947515957124,35.865211486816406,18937511
2024-11-27,35.874222030140814,36.649196029845584,35.73004042117705,36.586116790771484,25259747
2024-11-28,36.57710911517021,36.71228088552964,36.207643505423476,36.28874588012695,15727994
2024-11-29,36.47798289179577,36.568098549451605,35.95532582763532,36.00939178466797,18674429
2024-12-02,35.8652110267382,35.97334638094752,35.23441515832211,35.69399642944336,37189672
2024-12-03,35.59486819381621,36.26171027503718,35.5137658249861,36.2526969909668,26866838
2024-12-04,36.027413267958075,38.11804830407577,35.95532418269231,37.93782043457031,58311699
2024-12-05,37.838702189453656,38.07299603715544,37.550335506616086,37.77561950683594,23911350
2024-12-06,37.82067537073337,38.460481043984394,37.75759613182472,38.15409469604492,26569423
2024-12-09,37.75759483959512,38.730819804849695,37.406148957982595,38.298274993896484,24503449
2024-12-10,39.11831119182538,39.34359517782704,37.946835152128926,38.33432388305664,34904684
2024-12-11,38.33432374836354,39.10930120749598,38.23519824486137,39.091278076171875,29090148
2024-12-12,38.992150661139526,39.10929929022277,38.316298738641855,38.84796905517578,25901216
2024-12-13,38.71279907512272,38.865993972128805,38.15409575602696,38.388389587402344,43169576
2024-12-16,38.16310629767938,39.28051639377529,38.16310629767938,39.15435791015625,36796839
2024-12-17,39.04622317538588,39.83021050566966,38.49652968444681,38.56861877441406,29378460
2024-12-18,38.91105283818282,39.51481230944414,38.68576883770124,38.80291748046875,28246607
2024-12-19,38.49652922242211,39.06424240086877,38.29827821165992,38.397403717041016,17271439
2024-12-20,38.38838998633813,38.496528775075916,36.991629955303075,37.252960205078125,40108006
2024-12-23,37.12680276224008,38.00090231820559,36.92855174822932,37.64945983886719,33490704
2024-12-24,37.57736850263661,37.82968545988899,37.090754281454956,37.6134147644043,19596957
2024-12-25,37.68550861715193,38.98314326687778,37.61341952205885,38.65873718261719,28346879
2024-12-26,38.46047923545142,38.829944804926114,37.937818780430355,37.9648551940918,22177671
2024-12-27,38.00991867990261,38.32531492085049,37.55935065708495,38.01892852783203,18649827
2024-12-30,38.2081651484181,39.01017558327442,38.2081651484181,38.550594329833984,21762071
2024-12-31,38.6587318160368,39.62294696228797,38.47850394698148,39.18138885498047,35871662
2025-01-02,39.05523121778188,39.64097094541766,38.11804902858893,38.37937927246094,30361375
2025-01-03,38.676753679257956,38.7578560530054,37.82067726894266,37.910789489746094,24085702
2025-01-06,38.02794091254925,38.145089558224065,37.3250524760615,37.67649841308594,21589723
2025-01-07,37.69451820813632,37.77561714308222,36.74832271637089,37.036685943603516,21845858
2025-01-08,36.90151536397159,37.44219552266836,36.4960035261687,36.838436126708984,28457714
2025-01-09,36.49600420821749,36.64018581573519,35.59486830184176,35.6579475402832,40424668
2025-01-10,35.594874188013755,35.982362966837535,35.0541939298026,35.30651092529297,28488322
2025-01-13,35.351559980164275,35.6038769252621,34.92802501869816,35.04517364501953,24330736
2025-01-14,35.32453142250502,35.43266677856445,34.8649501435207,35.43266677856445,30813871
2025-01-15,35.30650507825462,35.98235700787272,35.108254078880556,35.33353805541992,29639657
2025-01-16,35.459701038237554,35.97334829501308,35.18936091954956,35.77510070800781,31088895
2025-01-17,35.75707567252888,36.09950830467948,35.56783794327233,35.69399642944336,25120232
2025-01-20,35.775097145486136,35.775097145486136,34.873961214554804,34.91000747680664,35852623
2025-01-21,34.94605077706922,35.03616643392517,34.33327806069198,34.432403564453125,25468980
2025-01-22,34.68472409470324,34.69373394164184,34.16206359568308,34.32426834106445,23779006
2025-01-23,34.55855954656532,35.12627611222704,34.39635481351912,34.61262893676758,25459581
2025-01-24,34.80187116157419,35.50475957515896,34.42339569373402,35.21639633178711,36208147
2025-01-27,35.23441315477612,36.13554907625439,35.22540330808806,36.04543685913086,29457006
2025-02-05,36.04543833151705,36.04543833151705,34.61263202033681,34.98209762573242,34045080
2025-02-06,34.982098339275765,35.099246978759766,34.61263272634402,35.099246978759766,21866873
2025-02-07,34.964071278729435,35.117266165082086,34.7027410498435,35.04517364501953,26659225
2025-02-10,34.87396300138754,35.00913133541638,34.65768885435607,34.774837493896484,23816230
2025-02-11,34.72978257188084,35.11727133030951,34.58560094810932,34.738792419433594,24355584
2025-02-12,34.74780021116664,34.74780021116664,34.27019586491097,34.44141387939453,30660311
2025-02-13,34.459437597980674,34.64867530795425,34.26118660416422,34.342288970947266,29750047
2025-02-14,34.39635623959595,34.432402501225276,34.17107226075377,34.360313415527344,28187397
2025-02-17,34.333276252266714,34.333276252266714,33.450163486959156,33.59434509277344,60759882
2025-02-18,33.342031627913954,33.603361890012245,32.89146363294215,32.9905891418457,56134671
2025-02-19,32.99959695780716,33.00861024218591,32.45891677214894,32.531005859375,45129839
2025-02-20,32.4408892574709,32.71122931377109,32.19758217553263,32.630126953125,34844239
2025-02-21,32.59408548852205,32.6571681672433,31.792075047287366,31.882190704345703,62451008
2025-02-24,31.6118515212032,32.53100718681656,31.34150797978182,32.2246208190918,64893459
2025-02-25,32.017359622047124,32.972564979056536,31.936257247984425,32.10747528076172,63888678
2025-02-26,32.107473371437074,32.51298521763611,31.83713328649128,32.026371002197266,33014321
2025-02-27,31.900213830383887,32.332758671508586,31.404586310548567,32.206600189208984,46893208
2025-02-28,32.15252947734576,32.332757346485366,31.93625534686609,31.945268630981445,35589052
2025-03-03,32.06241726353955,32.36880017226695,31.900212525059942,32.026371002197266,27862063
2025-03-04,31.900213584430166,32.02637206575707,31.65690646863079,31.855154037475586,21458015
2025-03-05,31.774051076486884,32.19758605957031,31.548767096133698,32.19758605957031,32633112
2025-03-06,32.16154004843197,32.16154004843197,31.74701834636505,31.98131561279297,29250385
2025-03-07,31.981317838198468,32.603100434565306,31.90021546149314,32.34177017211914,42731841
2025-03-10,32.26066576654589,32.90948473938438,32.24264263534918,32.531005859375,32106046
2025-03-11,32.51298439980694,32.84640371493459,32.26066401431845,32.8283805847168,31166826
2025-03-12,32.756286839631684,32.756286839631684,32.260662808627664,32.377811431884766,25021551
2025-03-13,32.386826779286466,33.855679429822416,32.37781693176414,33.540283203125,84155323
2025-03-14,33.43214475303199,33.792600533749756,33.369065507040546,33.49522399902344,43887907
2025-03-17,33.4862129712936,33.75655307852411,33.34203135159993,33.36906433105469,28785645
2025-03-18,33.32400524422696,33.32400524422696,32.9725627924485,33.05366516113281,24126961
2025-03-19,33.05366516113281,33.26092600609035,32.90948355431189,33.05366516113281,20882110
2025-03-20,33.14377797264479,33.47720073743527,33.07168888671761,33.11674499511719,22858993
2025-03-21,32.99959945678711,33.477203875765845,32.99959945678711,32.99959945678711,29294231
2025-03-24,33.25191722765079,33.77457428007917,33.04465293847525,33.450164794921875,41665708
2025-03-25,33.4501629188986,34.33327566920888,33.31499459937104,34.017879486083984,58279682
2025-03-26,34.02688791722078,34.36031065415536,33.74753800594533,34.27019500732422,36848469
2025-03-27,34.189097169113765,34.486473686675666,34.053928837317265,34.22514343261719,23202680
2025-03-28,34.144039404782646,34.234155059176544,33.882709163381435,34.08997344970703,18915606
2025-03-31,33.99085004377107,34.57658636441156,33.91875751581233,34.558563232421875,35510316
2025-04-01,34.504493730862286,34.928025257665524,34.468447470584394,34.82890319824219,23504026
2025-04-02,34.91000556508716,34.91000556508716,34.522516861001236,34.82890319824219,19421142
2025-04-03,34.441418587117006,35.17133653790343,34.432405302196116,35.10825729370117,24685855
2025-04-07,34.261187298244224,34.67570898683932,33.16180040126009,33.648414611816406,71366078
2025-04-08,34.017886091076434,35.30651092529297,33.68446671309827,35.30651092529297,64116748
2025-04-09,35.0271560583918,35.74806418530529,34.60362446745825,35.5588264465332,63588646
2025-04-10,35.35156659344462,35.35156659344462,34.27921593861175,35.13529586791992,47185190
2025-04-11,35.036165957703496,35.04517580448622,34.07195078659597,34.26118850708008,38592757
2025-04-14,34.22514070461402,34.88296949209354,33.936777494693146,34.783843994140625,32344371
2025-04-15,34.54955017516515,35.01814125067672,34.54054032878789,34.783843994140625,24579300
2025-04-16,34.77483907336236,35.5588264465332,34.51350880311838,35.5588264465332,41901417
2025-04-17,35.42365430458518,35.42365430458518,35.036165583413,35.3966178894043,19005768
2025-04-18,35.18034613490761,35.60387766764429,34.99110842213841,35.324527740478516,22023137
2025-04-21,35.270459407232735,35.531789649406235,34.92802679464542,35.072208404541016,20496036
2025-04-22,34.955064652087984,35.2434278837772,34.81989288330078,34.81989288330078,17289168
2025-04-23,34.7928575275699,34.92802584956172,34.603619814244965,34.72977828979492,18606625
2025-04-24,34.693734266454946,35.162325375548136,34.64867815621848,35.090232849121094,23694561
2025-04-25,34.973086590879404,35.00912941544053,34.603620998032014,34.85593795776367,24743468
2025-04-28,34.20712161231189,34.54054440616011,33.42313425764051,34.243167877197266,46487659
2025-04-29,34.10799419845165,34.495482930433916,34.00887213189225,34.486473083496094,21136799
2025-04-30,34.423391814008184,34.7658244160034,34.01787997448236,34.51350402832031,22259772
2025-05-06,34.69373500356403,34.69373500356403,34.16206464133165,34.558563232421875,21263342
2025-05-07,35.459695919196534,35.459695919196534,34.423391707568896,34.946048736572266,22750087
2025-05-08,34.67571317388112,35.04517879964321,34.61263392832865,34.738792419433594,16193843
2025-05-09,34.68472206778317,35.23441207549611,34.675708783810464,35.000118255615234,22571597
2025-05-12,35.00912954179996,35.045175804051944,34.62164081649305,34.747802734375,27826756
2025-05-13,34.80186902849475,35.37859547988967,34.58559832800206,35.18935775756836,28884456
2025-05-14,35.234413148561956,35.549812783560164,35.10825466958696,35.3966178894043,20527086
2025-05-15,35.45969725914082,36.10851622489339,35.45068741242125,36.09950637817383,34084006
2025-05-16,36.00038460789583,36.21665532718933,35.423658106365046,35.5588264465332,25146731
2025-05-19,35.558827920783344,35.937306851580146,35.297497639704744,35.30651092529297,17507387
2025-05-20,35.342555411465256,35.5498162812535,35.17133736952982,35.279476165771484,14698330
2025-05-21,35.351564111910264,36.40589499690739,35.34255426462969,36.13555145263672,33194093
2025-05-22,36.00939319901682,36.541063568605814,35.95532723986061,36.4058952331543,19492682
2025-05-23,36.33380407830448,36.351827211225164,35.62190579696257,35.77510070800781,22959490
2025-05-26,35.775096297992185,36.08148264475314,35.54079903646639,35.71201705932617,18496005
2025-05-27,35.784106739022285,36.09049309087305,35.612892150878906,35.612892150878906,16651560
2025-05-28,35.62190140950702,36.16258501784955,35.41464056278863,35.87422180175781,14828206
2025-05-29,35.88323415103132,36.018405921934786,35.712019553773075,35.856201171875,15821304
2025-05-30,35.847188620509556,36.252700503955346,35.64894104003906,35.64894104003906,16610343
2025-06-03,35.360571837550104,35.594865643181166,35.063195360628704,35.297489166259766,27980401
2025-06-04,35.36057590941333,35.432664997308585,35.06319939824824,35.40563201904297,21502090
2025-06-05,35.44167875016813,36.018405211195486,35.3605763767386,35.414642333984375,18565420
2025-06-06,35.42365573767792,35.748061794925974,35.252437705661606,35.630916595458984,21129491
2025-06-09,35.594871520996094,35.784109253434856,35.369587524027764,35.594871520996094,18201492
2025-06-10,35.68498195672156,35.81114387625356,35.504757518226036,35.73004150390625,22756495
2025-06-11,35.67597519572462,35.98236158025398,35.639928929883254,35.77510070800781,20801594
2025-06-12,35.82015178819065,35.982356524123155,35.12627673727062,35.162322998046875,32784031
2025-06-13,35.34255443266686,35.4777227678839,35.11727043641082,35.378597259521484,27729170
2025-06-16,35.36958899764728,35.36958899764728,34.882974718907015,35.18035125732422,23671019
2025-06-17,35.180349791589,35.657950765142346,34.928029377443,35.594871520996094,25043632
2025-06-18,35.62190212261181,35.82015312672887,35.2794729451233,35.342552185058594,18377231
2025-06-19,35.22540271348357,35.558822036285406,34.900993237217705,35.49574279785156,29121190
2025-06-20,35.48673223401152,35.748059029000586,35.36958360604777,35.54079818725586,20968021
2025-06-23,35.58585703572028,36.027411687196,35.324526808281696,35.91026306152344,21287073
2025-06-24,35.865206955514154,36.05444466328946,35.75707161357977,35.91026306152344,24485398
2025-06-25,35.919276612656994,36.22566294838571,35.71201577342295,36.180606842041016,21616931
2025-06-26,36.18060743170395,36.31577575294097,35.9012540677171,36.08148193359375,24562919
2025-06-27,36.02741313296385,36.207641001794,35.856198548233586,35.982357025146484,24365811
2025-06-30,35.98236138154183,36.68524637376117,35.94631511589953,36.53205490112305,29214530
2025-07-01,36.54106316487561,36.991631153191115,36.31577917071785,36.89250564575195,20036948
2025-07-02,36.89250574216172,37.44219923935288,36.77536053993744,37.433189392089844,22333524
2025-07-03,37.56835804330566,37.577371328205686,36.34281598909806,36.4058952331543,28602253
2025-07-04,36.40589424141024,37.10877919178137,36.40589424141024,36.99163055419922,30294093
2025-07-07,36.99162956158801,36.99162956158801,35.82818970193929,35.95216369628906,46156722
2025-07-08,35.99984898471613,36.095211367949545,35.761439388790855,35.97124099731445,20188668
2025-07-09,35.971238053757695,36.1715012248652,35.761436462402344,35.761436462402344,20920104
2025-07-10,35.89494467306676,35.980772264727094,35.67560830278844,35.723289489746094,23544664
2025-07-11,35.72328843677818,36.01891760774799,35.09388732910156,35.09388732910156,43379798
2025-07-14,35.34183579375385,36.21918126090358,35.34183579375385,35.685142517089844,51491446
2025-07-15,35.732826232910156,36.18103373468751,35.523024654732744,35.732826232910156,26227333
2025-07-16,35.74236030039966,35.80911468524179,35.47534276103114,35.551631927490234,15148200
2025-07-17,35.542101008314056,35.60885540041053,35.25601023678035,35.408592224121094,17218477
2025-07-18,35.513494665755395,35.837731858587425,35.503956244819385,35.66607666015625,20778801
2025-07-21,35.77097289036738,36.08567529187754,35.63746410348729,36.0189208984375,25712961
2025-07-22,36.01891853214899,38.13599669314067,35.83772856726392,37.64963912963867,74518614
2025-07-23,37.84036645479986,38.31718558488772,36.91533617832021,37.02023696899414,50939959
2025-07-24,37.029775388787,37.363547324712,36.56249104065075,37.02023696899414,39150400
2025-07-25,37.0202414434479,37.106069042750924,36.58156866382876,36.64832305908203,23430400
2025-07-28,36.45759207668154,36.46713049695233,35.990311342973484,36.04752731323242,29503406
2025-07-29,35.95216522030131,36.209648002015705,35.93309201745119,36.06660079956055,17872893
2025-07-30,36.24778828859879,37.09652938704345,36.12381793532139,36.71507263183594,32979667
2025-07-31,36.50527420435238,36.52434740754355,35.85679984721863,36.390838623046875,35149739
2025-08-01,36.40037324587609,36.63878282795652,35.7995837182793,35.81865692138672,24439794
2025-08-04,35.81865692138672,35.81865692138672,35.81865692138672,35.81865692138672,0
2025-08-05,35.81865692138672,35.81865692138672,35.81865692138672,35.81865692138672,0
2025-08-06,35.81865692138672,35.81865692138672,35.81865692138672,35.81865692138672,0
2025-08-07,35.81865692138672,35.81865692138672,35.81865692138672,35.81865692138672,0
2025-08-08,35.81865692138672,35.81865692138672,35.81865692138672,35.81865692138672,0
2025-08-11,35.81865692138672,35.81865692138672,35.81865692138672,35.81865692138672,0
2025-08-12,35.81865692138672,35.81865692138672,35.81865692138672,35.81865692138672,0
2025-08-13,35.81865692138672,35.81865692138672,35.81865692138672,35.81865692138672,0
2025-08-14,35.81865692138672,35.81865692138672,35.81865692138672,35.81865692138672,0
2025-08-15,35.81865692138672,35.81865692138672,35.81865692138672,35.81865692138672,0
2025-08-18,39.40433628954724,39.40433628954724,37.201430393740154,37.411231994628906,126535324
2025-08-19,37.3349417242746,37.41123089828109,36.48620056275255,36.4957389831543,69450935
2025-08-20,36.40991231006862,36.84858507577027,36.2573303203532,36.83905029296875,42103498
2025-08-21,36.810437974385515,36.810437974385515,36.467131232384105,36.65785598754883,31827749
2025-08-22,36.65785302720244,36.71507263183594,36.38130069941028,36.71507263183594,34603245
2025-08-25,36.78183098519872,37.37308574547939,36.78183098519872,37.28725814819336,41922544
2025-08-26,37.31586829385858,37.373084264554315,37.01070432400973,37.02977752685547,27536173
2025-08-27,36.9725575689423,36.9725575689423,36.438518807832544,36.45759201049805,31391733
2025-08-28,36.34315408848593,36.39083527315389,35.88540816755936,36.14289093017578,30321880
2025-08-29,36.142890969616246,36.52434408521737,35.72328781326143,35.732826232910156,51055468
2025-09-01,35.85679654648562,36.60063685110235,35.73282619391717,36.14289093017578,46962473
2025-09-02,36.1428942572447,36.57202859660072,35.914019456792154,36.390838623046875,42572666
2025-09-03,36.4003721820253,36.4766649922252,35.86633706199162,36.0284538269043,28124216
2025-09-04,35.93309082957824,36.60063835589878,35.51349129427113,36.40037155151367,47747580
2025-09-05,36.23825663535903,36.467131435811574,36.03799345861401,36.390838623046875,25457068
2025-09-08,36.390839062837884,36.52434784894805,36.12382149061757,36.28593826293945,31208503
2025-09-09,36.381303557160855,36.495739137575534,36.17150196153269,36.37176513671875,22152992
2025-09-10,36.33361716266575,36.76275511800334,36.181035182750314,36.40037155151367,29549166
2025-09-11,36.428982741489314,36.54341831560764,36.26686234346716,36.505271911621094,28099182
2025-09-12,36.54341909424269,36.638781468399635,35.90448318414009,36.00938034057617,44731893
2025-09-15,35.99984549926138,36.467129862683464,35.933091109892715,36.4194450378418,33699567
2025-09-16,36.524344966437006,36.98209089890708,36.524344966437006,36.62924575805664,42723298
2025-09-17,36.55295457241112,37.31586441778832,36.52434295219372,37.17281723022461,45927949
2025-09-18,37.144211445951115,37.16328464794439,36.35268993351623,36.505271911621094,34589290
2025-09-19,36.4957375072368,37.04884581940051,36.34315552755287,36.8104362487793,35024415
2025-09-22,36.9344109653529,37.172820540629786,36.524346204849365,36.724609375,27109297
2025-09-23,36.58156480423922,37.153746313996095,36.40037120380454,37.05838394165039,33017401
2025-09-24,36.934413028057094,37.344477811461836,36.85812385138545,37.14421463012695,28500609
2025-09-25,37.12514034223411,37.12514034223411,36.667394382048165,36.92487716674805,19818486
2025-09-26,37.00116673125171,37.10606753032878,36.7341491611221,36.96302032470703,21539186
2025-09-29,36.79136913464897,36.95348590730414,36.238257147807936,36.57202911376953,32027805
2025-09-30,36.552955875469536,36.8104350017172,36.26686149014329,36.71507263183594,23886334
2025-10-09,36.505271906419445,37.63056535897297,36.49573712434483,37.61149215698242,43382921
2025-10-10,37.60195609022555,38.18367599861823,37.19189135604189,37.92619323730469,39260957
2025-10-13,37.63056643206987,38.336260374479146,37.306329264666914,38.09785079956055,44111732
2025-10-14,38.05017117865977,38.98473631427549,37.840369579984674,38.76539993286133,47524637
2025-10-15,38.75585851277731,39.21360444349815,38.469767760806945,38.965660095214844,37953731
2025-10-16,38.860760933612006,40.1577096106289,38.71771373270754,40.06234359741211,48524335
2025-10-17,40.024201443356034,40.68221057434973,39.719037472068386,39.95744705200195,45477045
2025-10-20,39.85254855702417,40.48194973889509,39.65228537139291,40.27214813232422,37973394
2025-10-21,40.27214437429796,40.27214437429796,39.1468509059846,39.86207962036133,45736306
2025-10-22,39.862080275818414,40.23399863135519,39.6999635107245,40.186317443847656,27413031
2025-10-23,40.03373279668144,40.624987485675184,40.03373279668144,40.26260757446289,25763279
2025-10-24,40.329361782936545,40.72035331330468,40.062340603724316,40.529624938964844,27432283
2025-10-27,40.05280634928635,40.93015178982122,39.22314209350381,40.7108154296875,34529883
2025-10-28,40.71081800297383,41.07320157811164,40.43426565879322,40.615455627441406,21464184
2025-10-29,40.5105546118769,40.5296278144482,40.005127476182444,40.186317443847656,21904041
2025-10-30,40.348438279994674,41.77889574762781,40.243537483646946,41.044593811035156,38578085
2025-10-31,41.24485560997873,41.445118775696706,40.300752112129025,40.539161682128906,22777308
2025-11-03,40.81572004290569,41.91240558416486,40.68221125795411,41.40697479248047,27729157
2025-11-04,41.48326520727033,41.91240316112071,41.3211484457276,41.50233840942383,22824364
2025-11-05,41.387903683346835,42.02683959830971,41.36883048080208,41.5595588684082,24574559
2025-11-06,41.559558525012456,42.332003213564676,41.368830138982275,41.9505500793457,28412845
2025-11-07,41.921938758744375,42.07452074109906,41.44511960915582,41.70260238647461,23188978
2025-11-10,41.84892908563094,42.424473926375704,41.46848116345578,42.092803955078125,22156337
2025-11-11,42.07329372112277,42.15133174467852,41.32215867306826,41.75137710571289,20993749
2025-11-12,41.71235800373102,42.190354407775395,41.556278228759766,41.556278228759766,19841174
2025-11-13,41.644071256140535,41.80015102332124,40.99048839395731,41.57578659057617,21778201
2025-11-14,41.712355902656235,42.0050087220672,41.01975216868533,41.058773040771484,16836712
2025-11-17,41.029509380468404,41.69284932314488,40.502738769301466,41.36117935180664,23133692
2025-11-18,41.205099136036175,41.5367691037671,40.824651217952194,40.883182525634766,17641789
2025-11-19,40.82465433870255,41.71235877295347,40.639310765392295,41.478240966796875,17667643
2025-11-20,41.27338395886667,41.76113369438099,40.883182681961145,40.970977783203125,14072990
2025-11-21,41.458729771994086,41.50750400394936,40.571025353960806,41.03926467895508,27943464
2025-11-24,41.2441198562131,41.30265116896148,40.11254052505946,40.190582275390625,29288946
2025-11-25,40.483231396661566,40.53200563000081,39.94670738745893,40.190582275390625,21454000
2025-11-26,40.20033358607268,40.473475977084554,39.985726226063335,39.995479583740234,16604862
2025-11-27,40.0052337009437,40.43445587158203,39.79062633685989,40.43445587158203,14056150
2025-11-28,40.26861889761962,40.375924439958304,40.09302868674457,40.132049560546875,14193374
2025-12-01,40.13204779829094,40.35641223094905,39.89793000822821,40.3271484375,17565207
2025-12-02,40.385683095142035,40.72710645114849,40.03450265968655,40.580780029296875,19433672
2025-12-03,40.463720788856676,40.892939250166066,40.28813057258569,40.61980056762695,16748056
2025-12-04,40.58077777329481,41.1855901435051,40.49298266931172,40.72710418701172,16704309
2025-12-05,40.580777800996685,40.72710421481348,40.297885773511645,40.51249313354492,13909697
2025-12-08,40.47347498622785,40.47347498622785,39.58577060995108,39.89793014526367,23739750
2025-12-09,39.99548041297114,40.122296392811826,39.41018218810473,39.48822021484375,16238526
2025-12-10,39.47846765972056,39.47846765972056,39.03949212152693,39.19557189941406,16846060
2025-12-11,39.47846747245928,39.6735644029662,39.05900237364566,39.3223876953125,17334377
2025-12-12,39.185814518967526,39.302877142409855,38.85414824958716,39.019981384277344,26275821
2025-12-15,39.0199812333334,39.27360947400649,38.912675689544066,38.932186126708984,17097856
2025-12-16,38.92243230828658,39.2248347776768,38.55174144900933,39.185813903808594,23011273
2025-12-17,39.17606116096504,39.26385626792908,38.96145007255618,39.019981384277344,20312905
2025-12-18,39.215081326569965,39.92719552741217,39.019980678928256,39.829647064208984,20351584
2025-12-19,39.68331893581713,39.858909138994335,39.43944406709713,39.595523834228516,16198407
2025-12-22,40.1710708978707,40.239355567194984,39.04924495113959,39.878421783447266,40200622
2025-12-23,39.868665154534995,40.44421003193649,39.839401359132765,40.141807556152344,22868985
2025-12-24,40.09302806920193,40.122295584720526,39.137039003182224,39.26385498046875,25981761
2025-12-25,39.26385608182787,39.36140454633204,39.0297345572883,39.14679718017578,13208802
2025-12-26,39.068754028884605,39.26385467212358,39.02973315598976,39.08826446533203,16596912
2025-12-29,39.08826428552321,39.65405577619002,39.02973297645019,39.21508026123047,24073766
2025-12-30,39.224836142002005,39.49797854734458,39.019982128921676,39.45895767211914,23746836
2025-12-31,39.3614021675118,39.556502805964556,39.17605860766101,39.507728576660156,19453115
2026-01-05,39.51748404214397,39.75160556502387,39.23459200859311,39.27360916137695,28383600
2026-01-06,39.31262921551434,40.014990048270626,39.08826477643614,39.78086853027344,36700809
2026-01-07,39.995479130526356,40.30763866994384,39.25410115471864,40.249107360839844,41432171
2026-01-08,40.24910858108444,40.63930987780377,40.15156011752229,40.43445587158203,34492552
2026-01-09,40.38568035137824,41.50750253149499,40.210090145579926,41.40995407104492,36814026
2026-01-12,41.409956502507924,41.50750496868574,40.65882140498533,40.83441162109375,26094999
2026-01-13,40.91244931283234,41.2928972587575,40.67833150743961,40.87343215942383,22288873
2026-01-14,40.97097823401823,40.97097823401823,40.366169597271444,40.717350006103516,27342320
2026-01-15,40.580776641799496,41.06852637894245,40.46371774683104,40.5417594909668,23255920
2026-01-16,40.56127108111779,40.97097908578268,39.663809604196395,39.995479583740234,30387097
2026-01-19,39.66381039435503,40.288129492701856,39.51748397763952,39.70283126831055,22774227
2026-01-20,39.73209652109881,39.98572848988114,39.51748542770384,39.84915542602539,19819930
2026-01-21,39.97596979424595,39.97596979424595,39.0199807133179,39.0980224609375,32067722
2026-01-22,39.11752884186709,39.84915347398108,39.01998037941269,39.654056549072266,31714973
2026-01-23,39.79062690971332,39.80038026771581,38.88341204483004,39.019981384277344,33743193
2026-01-26,39.01997912128795,41.16607871720583,38.824878481434475,40.629554748535156,68574610
2026-01-27,40.6393094163089,41.13681252880288,39.51748349190666,39.654056549072266,37479207
2026-01-28,39.80037924332136,40.81489962629703,39.37116079878641,40.17107009887695,65193036
2026-01-29,40.288127232297654,40.619797199840164,39.52723883903225,40.36616897583008,44464359
2026-01-30,40.3564136375695,41.419708251023025,40.171070070540104,40.90269470214844,44267066
2026-02-02,40.62955611949497,40.62955611949497,39.03949087470319,39.22483444213867,43835204
2026-02-03,39.26385599729195,39.4882204421568,38.551741788485586,38.62977981567383,38860258
2026-02-04,38.6785573269596,41.55627792433383,38.6785573269596,41.38068771362305,88248310
2026-02-05,40.87343249605906,41.31240431509466,40.17107163162537,40.83441162109375,36101377
2026-02-06,40.41494531003,41.15632330602875,40.04425445141295,40.64906311035156,25180416
2026-02-09,40.84416466359053,41.40019910322525,40.561272625366776,41.17583465576172,24141492
2026-02-10,41.17583510347565,41.556279332495485,40.990491528660606,41.4392204284668,21325203
2026-02-11,41.624562531061684,41.92696872044507,41.09779562094608,41.80990982055664,19087988
2026-02-12,41.80015354183743,42.01476463010471,41.36118172854223,41.51726150512695,22467106
2026-02-13,41.51726093480458,41.53677137176408,40.10278588574121,40.43445587158203,31472002
2026-02-24,40.707595435624256,41.64407410272151,40.707595435624256,41.478240966796875,25499964
2026-02-25,41.48799162730011,41.7513769330274,41.01975232419666,41.146568298339844,22881117
2026-02-26,41.146568595094536,41.72211344037503,40.71735016112959,40.805145263671875,17143447
2026-02-27,40.873432662587824,41.40995667122263,40.65882157063972,41.224609375,20799222
2026-03-02,42.03427557852309,43.78042065864944,41.419709822706324,43.63409423828125,80140749
2026-03-03,43.60482847207403,45.468032371550116,42.87320384576821,44.6876335144043,85249667
2026-03-04,43.89747680654166,45.17538247099899,42.590307348341895,44.980281829833984,70864863
2026-03-05,44.53155596013327,45.16562843509331,43.507278455319685,44.75592041015625,51223726
2026-03-06,44.48277752209842,45.06807947866326,43.897479286769,44.70714569091797,31082645
2026-03-09,46.33622816742185,48.375022355637824,46.33622816742185,46.775203704833984,88347277
2026-03-10,44.86322515398558,46.03382161643998,44.77543004717796,45.04856872558594,47132080
2026-03-11,44.67787560756582,46.88250652453826,44.39497986420679,46.65814208984375,43429537
2026-03-12,47.06785152928245,48.57987503105378,46.53132754107137,48.053104400634766,56922537
2026-03-13,48.19943195717858,48.46281727862316,47.243442857806826,47.721435546875,39552105
2026-03-16,47.90678007136728,48.12139114782154,46.72642659333925,47.301971435546875,31934402
2026-03-17,46.83372841730001,47.45805121060211,46.053329577216395,46.57034683227539,37514190
2026-03-18,46.57034719123265,47.1166245228842,45.57533726699345,46.316715240478516,32113851
2026-03-19,46.82397582282409,48.67742635430498,46.4825524876101,48.25796127319336,55845221
2026-03-20,47.41903036273959,48.56036296921878,47.12638126271174,48.33599853515625,43742251
2026-03-23,48.99934185417504,49.14566827488321,47.60437720270288,48.287227630615234,73594838
2026-03-24,47.43854367413899,48.08237322171662,46.726429456457325,47.29221725463867,46562759
2026-03-25,46.31671443789189,46.33622487386068,45.45827386144083,46.092350006103516,57911108
2026-03-26,45.97529474764727,46.804467875105686,45.897252997599885,46.52157211303711,35922579
2026-03-27,46.394758728111015,46.853240974218046,46.02406786682918,46.33622741699219,22546507
2026-03-30,46.71667257933509,47.24344322633336,46.45328725583595,46.64838790893555,28126523
2026-03-31,46.56059190209109,47.009320790691106,45.45827639641247,45.6046028137207,39112101
2026-04-01,45.19489498244051,46.316717208488065,44.746162370786095,45.477787017822266,33588680
2026-04-02,45.536319206719384,46.72642984629376,45.536319206719384,46.52157211303711,32237381
2026-04-03,46.53132739296108,46.70691760254185,45.87774078591372,46.414268493652344,21324148
2026-04-07,46.4142685228824,47.39952139171911,46.06308810349971,47.23368453979492,26435959
2026-04-08,46.287454060908665,46.326474935726274,44.99979496181101,45.614356994628906,50272881
2026-04-09,45.65337670988974,46.141126469015134,45.4387693463146,45.64362335205078,22241764
2026-04-10,45.360726499947894,45.4875424761947,44.97052521360478,45.24366760253906,25677391
2026-04-13,45.55582957205946,45.55582957205946,44.95102089509225,45.18513870239258,23287020
2026-04-14,44.980284898954345,45.08759044497859,44.30718782706969,44.54130935668945,30157733
2026-04-15,44.10233329701075,44.88273218452845,43.897479286769,44.70714569091797,28206227
2026-04-16,44.69738548592196,44.941260353794185,44.238899543526934,44.41448974609375,27514442
2026-04-17,44.43400192260742,44.57057125856783,44.219394560913344,44.43400192260742,21478305
2026-04-20,44.48277519956429,44.619348253830125,44.05355676414875,44.12184143066406,22446511
2026-04-21,44.12184141757272,45.02905623956144,44.11208806003138,44.85346603393555,28987052
2026-04-22,44.853467958285364,45.65337727546178,44.67787774512612,44.74616241455078,35667641
2026-04-23,44.75592004012099,46.09235337104995,44.336454939257045,45.8289680480957,41995162
2026-04-24,45.83872417853506,46.38500152929316,45.516807550065145,46.03382110595703,34547544
2026-04-27,45.36072668761624,46.01430956552445,45.1851364801589,45.63386535644531,26600507
2026-04-28,45.614355146091164,47.11662527457021,45.42901158007178,46.97030258178711,40883952
2026-04-29,46.98005645782389,47.50682708861978,46.59961224266086,46.804466247558594,33864569
2026-04-30,46.9215230679838,46.999564811858974,46.35573530982947,46.823974609375,30525140
2026-05-06,46.433776669074966,46.81422461595164,45.52656179812951,46.56059265136719,30823063
2026-05-07,46.33622636157456,46.33622636157456,44.38522735687668,44.4730224609375,49708037
2026-05-08,44.414490040213785,44.76567044767298,44.024292481775376,44.07306671142578,28519685
2026-05-11,44.07306960983043,44.26817026249776,43.65360450902809,44.06331253051758,30877003
2026-05-12,44.06331137200583,44.26816909859989,43.83894692976979,44.09257888793945,24251826
2026-05-13,44.14135284323953,44.26816882153064,43.55605462552495,43.70237731933594,24597489
2026-05-14,43.71213582119892,44.287680699888035,43.43899341897049,44.06331253051758,34391684
2026-05-15,44.05355924828151,44.77543054802273,43.67311502160476,44.58032989501953,40667262
2026-05-18,44.82420242001824,45.04856685672196,44.151105388671816,44.72665023803711,36830715
2026-05-19,44.72665021250319,45.45827483138537,44.45351154558245,44.941261291503906,35907934
2026-05-20,45.019304627890484,45.81921394176923,44.87297821044922,44.87297821044922,30495747
2026-05-21,44.66812507759536,44.66812507759536,43.89747954362194,44.15110778808594,25264429
2026-05-22,44.15110650847694,44.37547467210657,43.60482916046837,43.877967834472656,27467336
2026-05-25,44.36571551711692,45.82896472436181,43.624337556122974,43.682865142822266,54312396
2026-05-26,43.65360308806561,43.99502642819323,43.26340179543235,43.70237731933594,36456250
2026-05-27,43.75115321461396,45.097343632040136,43.15610161650757,44.97052764892578,39744558
2026-05-28,44.6778753183507,45.721659461415626,44.4827746786338,45.01930236816406,32510879
2026-05-29,44.8827309258632,46.7166710510264,44.77542910534241,45.77043533325195,58449540
2026-06-01,45.848477577676576,47.80922998142089,45.848477577676576,47.799476623535156,57675114
2026-06-02,47.506826719329595,48.93105510597892,46.53132721265439,47.05809783935547,56686338
2026-06-03,46.6093644933584,47.97506526937479,46.49230559637379,47.65314865112305,41275198
2026-06-04,47.37025611737397,48.579873389420975,47.32147816635602,47.81898498535156,37968679
2026-06-05,47.55560223903544,48.5798760045522,47.33123779296875,47.33123779296875,35822715
2026-06-08,47.38001101487797,49.926065337387534,47.14589321581693,49.516353607177734,55263622
2026-06-09,48.28722462702533,49.06762347271001,47.37025644850024,47.779964447021484,38314575
2026-06-10,47.55560266718889,47.60437690003636,46.24843313220546,46.34598159790039,34091874
2026-06-11,46.72642967675904,47.14589477865316,45.88749947297081,46.13137435913086,28118338
2026-06-12,45.83872502912706,45.848478387185,44.67787819475447,45.00954818725586,94683678
2026-06-15,44.482776405919545,44.482776405919545,42.05378469689269,42.32692337036133,89819276
2026-06-16,42.08304964080942,42.141580952966294,41.0880396615553,41.478240966796875,65687103
2026-06-17,41.605057156099,41.6635847473115,40.571026296931116,40.83441162109375,50354468
2026-06-18,40.85391972454206,41.5075025973114,40.249107360839844,40.249107360839844,54411558
2026-06-22,40.19058229215776,40.756370097352885,39.80038098281007,40.492984771728516,71558853
2026-06-23,40.483230483803254,40.85392134704664,39.654057372026735,39.66381072998047,54123267
2026-06-24,39.70283229740421,39.85891207603649,38.9224334042428,39.068756103515625,38744297
2026-06-25,38.82487849735245,39.38091290235996,38.23958029878724,38.4346809387207,47901811
2026-06-26,38.46394412881174,38.7761036593137,37.90790973252794,38.60051345825195,43510069
2026-06-29,38.62002500163101,39.31262874721793,37.898153740871024,39.00046920776367,41868426
2026-06-30,38.99071470625561,39.088263164009895,37.78109373543277,38.083499908447266,40693593
2026-07-01,38.015218879280106,39.01998223093123,37.7810973485509,38.51272201538086,39839895
2026-07-02,38.82487866051423,40.05401009239587,38.76635107315286,39.771114349365234,62708460
2026-07-03,39.77111593711502,40.483230141244086,39.44919930883505,39.70283126831055,35957741
2026-07-06,39.49797506826363,41.000241419764755,39.2150793296506,40.883182525634766,50218274
2026-07-07,40.77587924186436,41.26362900246378,40.0930288327781,40.73685836791992,36861300
2026-07-08,40.736858454645756,41.65383038811546,40.541761526978924,41.253875732421875,36989553
2026-07-09,40.970977606469035,41.54652244074264,40.55151253803732,41.09779357910156,32588110
2026-07-10,40.86367571466135,41.12706104074448,40.43445725061965,41.01000213623047,30245890
2026-07-13,41.20000076293945,42.779998779296875,40.720001220703125,42.650001525878906,47572926
2026-07-14,42.65999984741211,44.36000061035156,42.470001220703125,43.41999816894531,50931426
2026-07-15,42.97999954223633,43.79999923706055,42.880001068115234,43.689998626708984,29444869
2026-07-16,43.779998779296875,44.2400016784668,42.650001525878906,43.27000045776367,30455912
2026-07-17,43.18000030517578,44.439998626708984,43.02000045776367,43.95000076293945,47985076
2026-07-20,43.900001525878906,46.13999938964844,43.72999954223633,46.13999938964844,57333385
2026-07-21,46.150001525878906,46.79999923706055,44.29999923706055,45.099998474121094,62161100
2026-07-22,44.68000030517578,45.439998626708984,44.04999923706055,45.439998626708984,47093898
2026-07-23,45.400001525878906,45.70000076293945,44.66999816894531,45.31999969482422,31408468
2026-07-24,46.0,46.0,45.09000015258789,45.70000076293945,33796367
2026-07-27,45.70000076293945,45.70000076293945,44.5,44.83000183105469,31397163
2026-07-28,44.529998779296875,45.439998626708984,43.959999084472656,45.439998626708984,36729283
2026-07-29,45.9900016784668,45.9900016784668,44.900001525878906,45.029998779296875,30120400
2026-07-30,45.0,45.790000915527344,44.869998931884766,45.70000076293945,36659445
2026-07-31,44.5,45.689998626708984,43.880001068115234,45.689998626708984,48600409
2026-08-03,44.91999816894531,44.97999954223633,43.63999938964844,43.72999954223633,41208985
2026-08-04,43.5,43.5,42.72999954223633,43.150001525878906,38528423
2026-08-05,42.810001373291016,43.25,42.380001068115234,43.0,27399003
2026-08-06,42.900001525878906,44.27000045776367,42.900001525878906,43.970001220703125,39505666
2026-08-07,43.88999938964844,44.369998931884766,43.380001068115234,43.939998626708984,26835226
2026-08-10,43.790000915527344,44.959999084472656,43.709999084472656,44.68000030517578,29863087
2026-08-11,44.939998626708984,45.130001068115234,44.29999923706055,44.70000076293945,25312479
2026-08-12,44.5,44.939998626708984,44.04999923706055,44.06999969482422,23363855
2026-08-13,43.869998931884766,44.45000076293945,43.599998474121094,44.34000015258789,26947694
2026-08-14,44.220001220703125,44.93000030517578,43.81999969482422,44.720001220703125,22025791
2026-08-17,44.720001220703125,45.16999816894531,44.599998474121094,44.790000915527344,21212257
2026-08-18,44.79999923706055,45.970001220703125,44.790000915527344,45.70000076293945,33658022
2026-08-19,46.0,46.52000045776367,45.79999923706055,46.52000045776367,40002953
2026-08-20,46.0,47.11000061035156,45.79999923706055,46.54999923706055,27294396
2026-08-21,46.34000015258789,46.900001525878906,46.290000915527344,46.40999984741211,18121401
2026-08-24,46.380001068115234,47.0,46.290000915527344,46.88999938964844,23941219
2026-08-25,46.88999938964844,47.5,46.72999954223633,47.16999816894531,25796575
2026-08-26,46.86000061035156,47.65999984741211,46.68000030517578,47.2599983215332,19573472
2026-08-27,47.04999923706055,48.0,47.040000915527344,47.79999923706055,21724366
2026-08-28,47.79999923706055,48.18000030517578,47.08000183105469,47.630001068115234,22726453
2026-08-31,48.0,48.970001220703125,47.54999923706055,48.779998779296875,39607184
2026-09-01,48.779998779296875,49.47999954223633,48.2400016784668,48.29999923706055,32302323
2026-09-02,48.95000076293945,49.04999923706055,47.400001525878906,48.04999923706055,34721465
