date,open,high,low,close,volume
2018-01-02,19.213191688655023,19.442262649719382,19.184559183881756,19.308637619018555,2253367
2018-01-03,19.30863971788565,19.623610047987082,19.232283329390754,19.48044204711914,2479524
2018-01-04,19.461351176790654,19.461351176790654,19.089114035649025,19.203649520874023,2359006
2018-01-05,19.203650922330574,19.37545143198617,19.108204981090857,19.346818923950195,2519192
2018-01-08,19.375451134465514,19.824046505259783,19.299094746742217,19.52816390991211,3721448
2018-01-09,19.52816525034484,19.55679958038652,19.14638328552246,19.14638328552246,3353993
2018-01-10,19.14638297368596,19.318185310177892,18.564166169494378,19.24182891845703,6131626
2018-01-11,18.89822128946862,19.280005008835413,18.89822128946862,19.222736358642578,2981628
2018-01-12,19.241826294780964,19.289548350419476,18.888678713904614,19.12729263305664,2538083
2018-01-15,19.00321236276748,19.041391463636238,18.573706580392635,18.77414321899414,2529545
2018-01-16,18.80277874570078,19.04139267993313,18.774144418220157,18.879135131835938,2100667
2018-01-17,18.993667678146988,19.01275722867242,18.53552938841506,18.640520095825195,1757785
2018-01-18,18.793234177368106,18.879135340278566,18.440084749794018,18.69778823852539,3059543
2018-01-19,18.77414321899414,19.33727221345017,18.6023409060442,18.77414321899414,2269296
2018-01-22,18.75505386511684,18.80277774170294,18.373271954826777,18.592796325683594,1761562
2018-01-23,18.659607721794025,18.755053653409078,18.525984509820784,18.55461883544922,2514478
2018-01-24,18.650065375476395,18.735964714204496,18.440083954977204,18.716876983642578,2229638
2018-01-25,18.7836871067461,18.936399862046503,18.697785954329667,18.926855087280273,2682446
2018-01-26,18.764596177575903,19.050932117591845,18.764596177575903,19.003210067749023,2501592
2018-01-29,19.003214889460086,19.022304442432635,18.755056162256853,18.936403274536133,2265173
2018-01-30,18.86004380080247,19.26091524531117,18.707331042940073,19.050933837890625,1950114
2018-01-31,18.984125722912946,19.2800083385703,18.726424034457846,19.14638328552246,3218018
2018-02-01,19.14638328552246,19.14638328552246,19.14638328552246,19.14638328552246,0
2018-02-02,15.50990767894216,17.352007774548717,15.50990767894216,16.893869400024414,19577687
2018-02-05,16.263925696463975,17.132480221517888,16.235291370628886,17.008399963378906,4693350
2018-02-06,16.60752948166142,17.065667799111978,16.340283040055187,16.502540588378906,3493988
2018-02-07,16.798421357505745,16.960678905829464,16.130301612530463,16.502540588378906,2125047
2018-02-08,16.50254009851179,16.68388537265295,16.454816220727437,16.512083053588867,1487157
2018-02-09,16.464359660687055,16.464359660687055,15.85350863843824,16.23529052734375,2331150
2018-02-12,16.321193596548557,16.67434120257735,16.17802559895635,16.454816818237305,1433100
2018-02-13,16.454817015052587,16.731610058124108,16.388005403409082,16.407094955444336,1218200
2018-02-14,16.378459055683532,16.760240957352668,16.378459055683532,16.750696182250977,1349447
2018-02-22,16.779328725000905,17.00839784166719,16.722061900954216,16.9702205657959,1189510
2018-02-23,16.91295473356055,16.960678611934597,16.58843964253631,16.903409957885742,1298008
2018-02-26,17.04657806760814,17.170656498011276,16.941587366165745,17.075210571289062,1695196
2018-02-27,17.161113540457688,17.313826311191917,16.97022348727981,16.98931121826172,1573637
2018-02-28,16.979767264399133,17.247013687226865,16.731608571430723,17.189746856689453,1433290
2018-03-01,17.12293933452165,17.352008531780246,17.008403825652273,17.31382942199707,1499381
2018-03-02,17.285192112054766,17.666974001509388,17.1897461845712,17.51426124572754,2248618
2018-03-05,17.533349576130295,17.561982078048636,17.313823412039053,17.409269332885742,1114094
2018-03-06,17.218382685520996,17.523808235693277,17.199293133515262,17.4188175201416,1569916
2018-03-07,17.41881974630266,17.61925460653925,17.27565172892222,17.323373794555664,1474849
2018-03-08,17.323368186171674,17.447448429416227,17.27564613598809,17.409269332885742,1117677
2018-03-09,17.456993130181154,17.5619820042397,17.285190837475064,17.542892456054688,1245538
2018-03-12,17.58107505246318,18.058302929217906,17.58107505246318,17.991491317749023,2581289
2018-03-13,18.182379712624257,19.785865523091097,17.943765796078115,18.82186508178711,7718765
2018-03-14,18.592797318469216,19.070025186933908,18.51644093233406,18.879135131835938,3252197
2018-03-15,18.802780044688227,19.26091839314959,18.716878876791725,18.936403274536133,2780041
2018-03-16,18.850502092666545,19.442265491017135,18.831412539708143,19.155927658081055,2727664
2018-03-19,19.15592514039986,19.365906554384257,18.926855996445745,18.993667602539062,1762704
2018-03-20,19.07956915879931,19.28000580175814,18.659608142512045,19.117748260498047,2692753
2018-03-21,19.089113836157978,19.203649320186017,18.8695894639573,18.898221969604492,2292892
2018-03-22,18.92685516673113,19.050933598253696,18.640519204460805,18.65960693359375,1714800
2018-03-23,18.09647747822053,18.2110129523458,17.33291371898407,17.876953125,5600563
2018-03-26,17.848321446666514,18.306459723380684,17.476082503916526,18.211013793945312,2475058
2018-03-27,18.688239365007988,18.86958642699899,18.37326911022334,18.793230056762695,2961011
2018-03-28,18.802778447583698,19.041392378032832,18.459173805183404,18.621431350708008,2850700
2018-03-29,18.898224351029373,18.898224351029373,17.638342970358078,18.096481323242188,4335233
2018-03-30,18.039210871085306,18.268280001645927,17.92467721604481,18.048755645751953,3159173
2018-04-02,18.048757098027785,19.852677784143165,17.9724007150303,19.55679702758789,13511305
2018-04-03,19.55679702758789,19.55679702758789,19.55679702758789,19.55679702758789,0
2018-04-04,19.55679702758789,19.55679702758789,19.55679702758789,19.55679702758789,0
2018-04-09,19.55679702758789,19.55679702758789,19.55679702758789,19.55679702758789,0
2018-04-10,18.688242532531202,19.050934897507496,17.600163617122554,17.838777542114258,11718397
2018-04-11,17.800600157039874,17.972402490879908,17.32337226103087,17.666976928710938,4760497
2018-04-12,17.666974907675964,17.666974907675964,17.18020229097413,17.227924346923828,3944928
2018-04-13,17.437906974730772,17.523808137796824,17.28519420049776,17.332916259765625,1933452
2018-04-16,17.33291473754557,17.399726342844964,17.02748921590278,17.103845596313477,1911117
2018-04-17,17.371095064619293,17.571529894670824,16.846143319307487,16.855688095092773,2324652
2018-04-18,16.760242053121235,17.227925140802565,16.645708385372245,17.122936248779297,1954852
2018-04-19,17.122936248779297,17.266104243705445,16.99885598482476,17.122936248779297,1637344
2018-04-20,17.122938587286566,17.161115874923553,16.712522277428516,16.893869400024414,2169900
2018-04-23,16.893867609463996,17.056125160803884,16.225747852069194,16.407094955444336,2831094
2018-04-24,16.492994623067624,16.750696270248273,16.426181197004787,16.61707305908203,1359900
2018-04-25,16.61707365621965,16.674340488708832,16.426181787282673,16.55980682373047,924079
2018-04-26,16.55980567321811,16.55980567321811,16.044398755184652,16.101667404174805,2996933
2018-04-27,16.235291738825474,16.636163207209304,15.929866204910132,16.55980682373047,2280684
2018-05-02,16.47390597539824,16.941589060584977,16.368915263455158,16.903409957885742,2655944
2018-05-03,16.94158785055461,17.056123329991955,16.788875091624604,16.932043075561523,2044577
2018-05-04,16.893865394767975,17.046578150070403,16.769785143284974,16.941587448120117,1932490
2018-05-07,16.90340925579665,17.08475634512607,16.90340925579665,17.008399963378906,1216000
2018-05-08,17.037033800014274,17.256558163674008,16.941587870451006,17.151567459106445,1164700
2018-05-09,17.142021770341117,17.26610201830313,17.07521016935215,17.084754943847656,968247
2018-05-10,17.075213073767333,17.390183403775744,16.941589849060705,17.237470626831055,1650968
2018-05-11,17.16111223411074,17.332914543228682,16.97976697046819,17.151567459106445,1628011
2018-05-14,17.16111172329109,17.237468100572933,16.989309419287032,17.075210571289062,953300
2018-05-15,17.16111662382467,17.41882015342065,17.037038157989656,17.31382942199707,1358805
2018-05-16,17.27564872852602,17.38063761878138,17.18020279335586,17.30428123474121,1095867
2018-05-17,17.35200327984505,17.466536933568342,17.113389377361987,17.170656204223633,1022800
2018-05-18,17.27564811706543,17.323370172721518,17.13248012961743,17.27564811706543,820703
2018-05-21,17.371093599254284,18.086935338446416,17.371093599254284,17.857864379882812,3264570
2018-05-22,17.724240589004502,18.086934744418535,17.49517145844388,18.048755645751953,2738777
2018-05-23,18.125114144520047,18.392362405034113,17.848322928701762,17.86741065979004,2535790
2018-05-24,17.94376900411489,18.354185305226377,17.781511439035466,18.30646324157715,2785749
2018-05-25,18.19192544419091,18.55461963587847,18.115569059700867,18.31600570678711,3337362
2018-05-28,18.287372589111328,18.316006917868364,17.771967414844145,18.287372589111328,2046795
2018-05-29,18.249192465473033,18.468716823684815,17.886498306229562,18.001033782958984,2210163
2018-05-30,17.819687100442003,17.95331030920437,17.399726103714972,17.857864379882812,3643480
2018-05-31,18.02012233349791,18.230103746994338,17.876954346419257,18.20146942138672,2146625
2018-06-01,18.191925141171062,18.287371075313743,17.81968800054237,18.05830192565918,2205720
2018-06-04,18.211013793945312,18.239648118919828,17.953310330613707,18.211013793945312,1910111
2018-06-05,18.23964734316405,18.583250125845964,18.220557793992942,18.449626922607422,3987611
2018-06-06,18.58325028372673,18.58325028372673,18.020121321752015,18.048755645751953,2244905
2018-06-07,18.029667185257612,18.07739106147296,17.66697482841966,17.714696884155273,1949950
2018-06-08,17.69560925720552,17.91513362763538,17.657430156010893,17.80059814453125,1849372
2018-06-11,17.75287551723114,18.27782539840617,17.609707533317923,18.211013793945312,3137448
2018-06-12,18.258736770801782,18.96503559201591,18.258736770801782,18.850500106811523,8467116
2018-06-13,18.783687696813793,19.01275683696034,18.25873599105822,18.86958885192871,6978045
2018-06-14,18.688242151659036,18.79323285906917,18.27782591776095,18.640520095825195,3434631
2018-06-15,18.506893160774883,18.697785005452815,17.50471552741463,17.934221267700195,3742750
2018-06-19,18.182378490062927,18.182378490062927,16.23529000861574,16.865230560302734,4877121
2018-06-20,16.92250222985071,16.97022611589728,16.512085912250747,16.798423767089844,1634517
2018-06-21,16.893867194276506,16.893867194276506,16.273469511736987,16.41663932800293,1775193
2018-06-22,16.588438034057617,16.655251457302793,16.120754994219222,16.588438034057617,1180000
2018-06-25,16.41663627338178,16.617071066091732,16.149388062622346,16.178022384643555,1077290
2018-06-26,15.98713323274922,16.512083148020707,15.92032162394883,16.378459930419922,1156848
2018-06-27,16.416639731461963,16.52162862669609,16.197113524016316,16.407094955444336,1312900
2018-06-28,16.378053352003686,16.42645111609616,16.203818447260613,16.26189613342285,1422208
2018-06-29,16.358694547648323,16.794281837192617,16.23285924525579,16.736204147338867,2344340
2018-07-02,16.794283612981122,16.794283612981122,16.339336429961694,16.474853515625,1388845
2018-07-03,16.55228940078493,16.62972693643892,15.439123210284379,16.45549201965332,3881555
2018-07-04,16.445810573053862,16.629725395536816,16.2328578313016,16.426450729370117,2835400
2018-07-05,16.465171825823102,16.494211593833935,16.097342149378417,16.32965660095215,1817200
2018-07-06,16.329658224328455,16.69748609108345,16.194141139728906,16.484533309936523,2263600
2018-07-09,16.474851979998178,16.649086897998593,16.37805459819167,16.581327438354492,782517
2018-07-10,16.532930374145508,16.649087606507738,16.42645306500151,16.532930374145508,894195
2018-07-11,16.51357136420261,16.51357136420261,16.261898886549808,16.474853515625,1320016
2018-07-12,16.465170854494794,16.726523212404956,16.465170854494794,16.66844367980957,2141590
2018-07-13,16.658765278161887,16.73620466202366,16.60068758652209,16.697484970092773,1525195
2018-07-16,16.891076846559734,16.891076846559734,16.610364666870414,16.765239715576172,1484400
2018-07-17,16.736206703948554,16.83300225307239,16.610369536076764,16.687807083129883,1376642
2018-07-18,16.842679164654,16.842679164654,16.561968799142253,16.62972640991211,987243
2018-07-19,16.629727339433927,16.90075779766265,16.561969724876747,16.83300018310547,2682694
2018-07-20,16.833002894940357,16.958840067610513,16.707167568527026,16.91044044494629,1770551
2018-07-23,16.794284784707884,16.95883980672113,16.77492493594002,16.929800033569336,624476
2018-07-24,16.92979797792934,17.11371282637925,16.891080131351586,17.074993133544922,863000
2018-07-25,17.045952220485898,17.07499013876211,16.745880192419218,16.881397247314453,2073596
2018-07-26,16.82331970930646,16.871719322588707,16.513569569325966,16.60068702697754,1542800
2018-07-27,16.74588178658717,16.832999242221675,16.57164872157458,16.62972640991211,1017291
2018-07-30,16.610367078128675,16.65876484552885,16.465171929671676,16.591007232666016,1051266
2018-07-31,16.61036694963399,16.678124561972663,16.378054344648618,16.60068702697754,1473729
2018-08-01,16.620046733332945,16.79428164717934,16.4748515872131,16.745882034301758,1434551
2018-08-02,16.745884261845568,16.745884261845568,16.242541144758974,16.726526260375977,2985200
2018-08-03,16.658763247756568,16.697482934968217,16.52324803502841,16.57164764404297,686100
2018-08-06,16.513568568467697,16.513568568467697,15.855348637774462,16.26189613342285,1167483
2018-08-07,16.252216686027563,16.85235703365424,16.029582189724568,16.774919509887695,2591390
2018-08-08,16.77492207204834,16.803961840242334,16.503889774340518,16.591007232666016,762205
2018-08-09,16.571649774587264,16.997555311134374,16.55228992849243,16.823320388793945,1770433
2018-08-10,16.755561709019496,16.862039009518654,16.600686642615134,16.62972640991211,960134
2018-08-13,16.61036561286226,16.65876337599307,16.378053026572978,16.561967849731445,1180998
2018-08-14,16.629725837669007,16.736203134504187,16.523248540833823,16.66844367980957,864198
2018-08-15,16.697487007293617,16.70716693145735,16.53293198902364,16.687807083129883,1149500
2018-08-16,16.668444510522534,16.68780435568584,16.532929286892283,16.610366821289062,775500
2018-08-17,16.64908517220996,16.658763247756568,16.494210115875976,16.57164764404297,1464595
2018-08-20,16.57164682782208,16.765239715576172,16.43612977551238,16.765239715576172,1392008
2018-08-21,16.79428263702018,16.97819748428188,16.726525021254442,16.94915771484375,1930854
2018-08-22,17.016916695560564,17.181471709729365,16.88140145315921,17.123394012451172,1419393
2018-08-23,17.036275012893203,17.278267550444937,16.987875397628933,17.229867935180664,1596835
2018-08-24,17.258907131075997,17.258907131075997,16.503889774340518,16.591007232666016,3584914
2018-08-27,16.445810506861417,16.697482934968217,16.39741274410316,16.57164764404297,2008257
2018-08-28,16.581327885714398,16.629727501051708,16.494212270620327,16.552289962768555,890100
2018-08-29,16.600689354093234,16.600689354093234,16.37805664055524,16.436134338378906,795500
2018-08-30,16.42645441436551,16.50389196021597,16.242541396881112,16.436134338378906,2148245
2018-08-31,16.44581209691451,16.503889787090884,16.2618972573901,16.45549201965332,1139704
2018-09-03,16.445811670147354,16.445811670147354,15.971506545792765,16.213499069213867,1311596
2018-09-04,16.20381901870312,16.35869408476847,16.155421252903853,16.22317886352539,1170800
2018-09-05,16.17477842853281,16.17477842853281,16.019903370347155,16.145740509033203,771125
2018-09-06,16.087663769387724,16.223178991701484,16.068303924412493,16.213499069213867,501209
2018-09-07,16.165102117539476,16.349015115301665,16.077984657017797,16.290937423706055,701642
2018-09-10,16.27157446190887,16.407091511357148,16.11669941647327,16.242536544799805,448623
2018-09-11,16.223178291400142,16.378053352003686,16.12638091695884,16.26189613342285,702008
2018-09-12,16.19413909629198,16.310296318969204,16.1167015632593,16.22317886352539,574165
2018-09-13,16.22317886352539,16.35869408476847,16.165101175314987,16.22317886352539,509230
2018-09-14,16.349012329833364,16.832997318602914,16.349012329833364,16.765239715576172,3828468
2018-09-17,16.639407855256632,16.639407855256632,16.155422766882438,16.252220153808594,1400584
2018-09-18,16.21350165533848,16.397416519425548,16.107024337247537,16.30061912536621,1356877
2018-09-19,16.33933697523591,16.33933697523591,16.174781959212055,16.30061912536621,1052416
2018-09-20,16.261897911954566,16.36837522011085,16.213500142568925,16.271577835083008,861619
2018-09-21,16.271578775704242,16.416773938511113,16.22318100352084,16.339336395263672,1286688
2018-09-25,16.24254023049032,16.329657694098202,16.087665149911103,16.252220153808594,1142160
2018-09-26,16.223179248513368,16.290936860742846,16.13606179100219,16.19413948059082,970926
2018-09-27,16.165100993591814,16.203818836544688,16.01990400531344,16.097341537475586,930584
2018-09-28,16.06830272625437,16.261895622801834,16.06830272625437,16.16510009765625,614000
2018-10-08,16.17478003533424,16.17478003533424,15.777912428526662,16.029584884643555,714129
2018-10-09,15.874710638531585,16.136063031151547,15.874710638531585,15.971508026123047,613525
2018-10-10,16.019904321241874,16.116701699917602,15.894069021342938,16.077983856201172,545786
2018-10-11,15.952147092271536,16.0489444732666,15.555279491822603,16.0489444732666,1766986
2018-10-12,15.942467979154051,16.165102520625712,15.777912976982774,16.12638282775879,1215449
2018-10-15,16.05862401121474,16.17477938862046,15.768233721444,16.077983856201172,1613697
2018-10-16,15.942468255968626,16.107023260997128,15.855350791761971,15.971508026123047,1025948
2018-10-17,15.99086787289266,16.06830541371451,15.874710638531585,15.971508026123047,769000
2018-10-18,15.777912005998738,16.019904532754893,15.758554007013155,15.85534954071045,532441
2018-10-19,15.768231783792947,16.000544356313508,15.739192019881799,15.942464828491211,730237
2018-10-22,16.01990577504733,16.407095324887656,15.903750387100514,16.107023239135742,2895814
2018-10-23,16.00054640436381,16.010226326906544,15.681116345479355,15.865029335021973,1977087
2018-10-24,15.835991413650214,15.952146791650136,15.777911878393809,15.865029335021973,1837813
2018-10-25,15.758552805575569,15.894068019425221,15.54559821666175,15.87470817565918,2255865
2018-10-26,15.845670641044801,15.845670641044801,15.652075891195988,15.777911186218262,1850288
2018-10-29,15.681116746519839,15.826311895861293,15.584319364873371,15.63271713256836,1650449
2018-10-30,15.293928546000968,15.545600083281558,14.074285936137976,15.400404930114746,8114437
2018-10-31,15.129372910795187,15.642396809965506,15.032575530667247,15.516561508178711,2737787
2018-11-01,15.487520786841712,15.719833377093575,15.487520786841712,15.584318161010742,1133321
2018-11-02,15.584318595829526,15.865028957869843,15.584318595829526,15.758553504943848,1659567
2018-11-05,15.787591108336338,15.855348716906514,15.632716046959834,15.777911186218262,1412000
2018-11-06,15.748873834279829,15.845671212696317,15.652076455863341,15.806951522827148,1487429
2018-11-07,15.777911503312682,15.845670959501009,15.719833815693375,15.758553504943848,1076861
2018-11-08,15.758553761260929,15.806951527354821,15.65207646034665,15.7391939163208,1046179
2018-11-09,15.739194034479317,15.942466869107403,15.632716732765683,15.865029335021973,1986284
2018-11-12,15.835992791248964,16.06830541371451,15.816632944479352,15.971508026123047,1546947
2018-11-13,15.903749324902243,16.116702086086203,15.89406940217709,16.0489444732666,3112658
2018-11-14,16.000547090672686,16.0683047051217,15.913429630307808,16.01990509033203,1957146
2018-11-15,15.990867357223838,16.0683048955485,15.971507511078535,16.01022720336914,1275313
2018-11-16,16.02958529564168,16.407094912624608,15.981187526256036,16.271577835083008,1918199
2018-11-19,16.620047129579692,16.929797274355323,16.46517205719188,16.581327438354492,4754317
2018-11-20,16.407094912624608,16.600687836423738,16.242539911954243,16.271577835083008,1954960
2018-11-21,16.174778681051315,16.329655587911212,16.08766307493613,16.26189613342285,1247740
2018-11-22,16.261895878210197,16.3006155658816,16.048943134786477,16.2812557220459,1552298
2018-11-23,16.232860979955884,16.28125875229655,15.777913796424276,16.06830596923828,1673381
2018-11-26,16.0295830391911,16.17477817316577,15.923107592279697,16.16510009765625,1782451
2018-11-27,16.126381613081755,16.242538836676715,16.07798384690011,16.213499069213867,824353
2018-11-28,16.184458349123723,16.39741293880377,16.077982900540025,16.2812557220459,2451111
2018-11-29,16.261898342640823,16.3780555770019,15.96182810273824,15.971508026123047,1652163
2018-11-30,16.000547409057617,16.15542248695327,15.942467870154326,16.000547409057617,1835972
2018-12-03,16.155422617118123,16.213500310232785,15.990867614746094,15.990867614746094,1594674
2018-12-04,16.029586662349946,16.03926658630371,15.77791417832218,16.03926658630371,2217391
2018-12-05,15.89406923681654,15.93278708105786,15.710154399464999,15.787591934204102,994553
2018-12-06,15.787591677892566,15.942466744856373,15.58431884484873,15.806951522827148,1405382
2018-12-07,15.787592777503649,15.787592777503649,15.642397622894242,15.661757469177246,773200
2018-12-10,15.66175715869333,15.768234464882449,15.506882084012718,15.613357543945312,1202898
2018-12-11,15.632716488193225,15.76823355541491,15.632716488193225,15.748873710632324,1975062
2018-12-12,15.710156330513398,15.952148887100197,15.710156330513398,15.923110961914062,1963908
2018-12-13,15.903748943836154,16.145741467397247,15.903748943836154,16.077983856201172,2633215
2018-12-14,16.01990205151198,16.310294146395854,16.010223976646408,16.242536544799805,3790999
2018-12-17,16.242537753143473,16.43613065121199,16.203818065775984,16.426450729370117,3742395
2018-12-18,16.21350004043356,16.697485116267398,16.21350004043356,16.552289962768555,3806594
2018-12-19,16.5232495155883,16.552289283599134,16.242539143176117,16.32965660095215,2016812
2018-12-20,16.300616260792413,16.416771636245777,16.252218495396246,16.36837387084961,1903626
2018-12-21,16.416773938511113,16.416773938511113,16.232860927208854,16.339336395263672,1829196
2018-12-24,16.33933423172555,16.455491454344337,16.261896698731835,16.358694076538086,1643862
2018-12-25,16.290936083936256,16.387733459472656,16.097341332863454,16.387733459472656,1906409
2018-12-26,16.310296835351654,16.339334757247983,16.145741841665366,16.184459686279297,1685998
2018-12-27,16.261896835395515,16.378054058990475,16.13606153556937,16.213499069213867,1964094
2018-12-28,16.194139631963854,16.591007232666016,16.13606194183235,16.591007232666016,2583590
2019-01-02,16.455490365605595,16.455490365605595,16.048942882722734,16.16510009765625,2294056
2019-01-03,16.165100825080522,16.174778901025554,15.390723665275056,15.564958572387695,2544110
2019-01-04,15.487521348763861,15.729513869838296,15.44880258231708,15.681116104125977,2244472
2019-01-07,15.487521348763861,15.84567109230685,15.613356647369745,15.681116104125977,1953931
2019-01-08,15.681117603506754,15.855350684484595,15.632717986910192,15.845672607421875,1683168
2019-01-09,15.88439028611024,16.232860136886252,15.83599251628316,16.12638282775879,2368000
2019-01-10,16.09734281850991,16.3199773566678,15.855350280463265,16.01022720336914,2884828
2019-01-11,16.116704131677125,16.29093907033148,15.835993722044774,16.03926658630371,2785115
2019-01-14,15.981186974848288,16.300617042039107,15.932787360876048,16.174779891967773,3401659
2019-01-15,16.136061918947764,16.290936989916446,16.019904692593013,16.184459686279297,3109048
2019-01-16,16.14574267419225,16.300617753146796,16.039265365064786,16.12638282775879,3500490
2019-01-17,16.068303797460036,16.35869408476847,15.913428731394683,16.22317886352539,4204266
2019-01-18,16.165101047750078,16.261896578584757,15.9908661382374,16.232858657836914,3766436
2019-01-21,16.18446035752897,16.18446035752897,15.923109818340114,15.932787895202637,1875594
2019-01-22,15.923107785074283,16.126380605848762,15.777910803085291,15.87470817565918,1869400
2019-01-23,15.845670641044801,15.874708561142668,15.671435735432143,15.777911186218262,1770577
2019-01-24,15.777910803085291,15.971505548233068,15.690793352394422,15.87470817565918,1797088
2019-01-25,15.874711342842689,16.03926635517198,15.874711342842689,15.923110961914062,1725400
2019-01-28,15.903748905799034,15.98118643930312,15.613356770466392,15.7391939163208,1906200
2019-01-29,15.739194307731305,15.758554153152884,15.50688170144178,15.642396926879883,1391000
2019-01-30,15.652077099558168,15.719834713359326,15.57463956289163,15.690794944763184,1525969
2019-01-31,15.690794816288586,15.874709656711929,15.593999280940345,15.700474739074707,1617513
2019-02-01,15.661757756868129,15.865030607803908,15.5649603699316,15.845672607421875,1574836
2019-02-11,15.826312050263953,15.99086704679141,15.826312050263953,15.961827278137207,1406100
2019-02-12,15.952147921831934,16.077985077546376,15.932788075374853,15.990867614746094,1360516
2019-02-13,15.990866084662882,16.19413891424237,15.865028940989143,16.097341537475586,1834694
2019-02-14,16.116703033447266,16.184460650249747,15.913430183039814,16.116703033447266,2042707
2019-02-15,16.126382847432502,16.126382847432502,15.932788075374853,15.990867614746094,1406913
2019-02-18,15.990867212461069,16.16510213367838,15.981187289476049,16.15542221069336,1696463
2019-02-19,16.145741969840923,16.213499583145566,16.000546820437187,16.174779891967773,1771100
2019-02-20,16.11670169059414,16.261896835395515,16.01022623574323,16.213499069213867,2552340
2019-02-21,16.165102088444513,16.19414001106179,15.990867167714754,16.01990509033203,1576526
2019-02-22,16.010225294684837,16.165100352870493,15.923107843673368,16.145740509033203,3582526
2019-02-25,16.165104515254207,16.54261233600491,16.126384817609623,16.523252487182617,7037702
2019-02-26,16.552291611417793,16.552291611417793,16.27157935327139,16.30061912536621,8318729
2019-02-27,16.261896964031013,16.43613187767348,16.18445942977397,16.203819274902344,2630055
2019-02-28,16.213500871676644,16.33933618549196,16.039265940042636,16.087665557861328,2599614
2019-03-01,16.077984818621154,16.184460279907224,15.748874819177193,16.01022720336914,2090441
2019-03-04,16.261897104411446,16.261897104411446,15.903749197727079,16.058624267578125,4155021
2019-03-05,16.1263818798559,16.155421647799145,15.884389352431581,16.058624267578125,2517248
2019-03-06,16.194138551231106,17.597695867246042,16.107021098719482,17.355703353881836,9147208
2019-03-07,17.549298852495674,17.79129140165244,17.15243121957911,17.578338623046875,6487822
2019-03-08,17.258906597961886,17.258906597961886,16.58132679775048,16.62972640991211,4980326
2019-03-11,16.629728944261043,17.713854574310908,16.629728944261043,17.52994155883789,5985933
2019-03-12,17.61705698181122,17.771932053832096,17.316984914296345,17.53961944580078,4630630
2019-03-13,17.481538855194017,17.481538855194017,16.910436369200816,17.065311431884766,3212228
2019-03-14,17.06531310008315,17.220190024163276,16.65876555923214,16.94915771484375,2368305
2019-03-15,16.978196405497044,17.074991938294023,16.69748419086777,16.89107894897461,1844736
2019-03-18,16.968519992143356,17.036277617616445,16.726527417592717,16.91044044494629,3442206
2019-03-19,16.93947750589122,16.997555197531018,16.581327740556645,16.697484970092773,3995500
2019-03-20,16.74588520986858,16.833002683312095,16.426455089327956,16.523252487182617,3112789
2019-03-21,16.503888191422586,16.687803013165304,16.45549042866433,16.57164764404297,2868000
2019-03-22,16.571648024358087,16.774920848115386,16.213498294456112,16.678123474121094,3336263
2019-03-25,16.397415818509014,16.716845912870898,16.349016200419847,16.62004852294922,3505641
2019-03-26,16.629726365144304,16.920116652306636,16.261896698731835,16.358694076538086,3127975
2019-03-27,16.31029684807633,16.513569686535135,15.89406940217709,16.0489444732666,2957738
2019-03-28,15.971507756138223,16.145742681606237,15.526242365503586,15.652077674865723,3492468
2019-03-29,15.642395589235639,15.952145704467027,15.584317904193833,15.87470817565918,2144480
2019-04-01,15.894070064356635,16.39741498949617,15.894070064356635,16.271577835083008,3201111
2019-04-02,16.368371826870163,16.532926793427507,16.11669941647327,16.242536544799805,3293430
2019-04-03,16.35869408476847,16.35869408476847,16.087663642282312,16.22317886352539,2029968
2019-04-04,16.271577273655762,16.358694732549303,16.01990481976959,16.174779891967773,2582800
2019-04-08,16.232861503401693,16.542611687386188,16.18446188324366,16.30061912536621,3252915
2019-04-09,16.426455348306323,16.620050147067854,16.310299946054872,16.50389289855957,2843838
2019-04-10,16.939475830028776,17.249225949805428,16.523248414232768,16.678123474121094,6818441
2019-04-11,16.69748468523964,17.500899816534247,16.69748468523964,16.98787498474121,7123492
2019-04-12,17.036272353798697,17.13306972296215,16.358692615910787,16.46516990661621,4808861
2019-04-15,16.54261055957781,16.629728023666225,16.048945545162336,16.107023239135742,3591358
2019-04-16,16.15542248695327,16.15542248695327,15.68111733011576,16.000547409057617,3774968
2019-04-17,16.05862694040177,16.658767474398807,16.01022916536409,16.542612075805664,6398644
2019-04-18,16.571649913294973,16.79428260647942,16.271577835083008,16.271577835083008,3927963
2019-04-19,16.165100788118398,16.58132636428908,16.15542086593912,16.387733459472656,3663096
2019-04-22,16.455492587171825,16.503890356278536,15.971507511078535,16.01022720336914,3313444
2019-04-23,15.971507624679063,16.039265240413016,15.584319930301792,15.661757469177246,3064290
2019-04-24,15.632716615406522,15.806951527354821,15.60367869425276,15.7391939163208,2523813
2019-04-25,15.690795652321318,15.758555115434518,14.945459097513742,15.032576560974121,4509758
2019-04-26,15.00353703201388,15.080974568651433,14.335638047732917,14.606669425964355,3854972
2019-05-06,14.171082268795457,14.171082268795457,12.854642372419757,13.164393424987793,6820176
2019-05-07,13.067597800414374,13.34830912364629,12.283541526213048,13.241832733154297,4657560
2019-05-08,12.796564408556778,13.319268202270354,12.690087111513522,13.115994453430176,1979706
2019-05-09,13.154713344332114,13.18375218783554,12.912720827837786,13.174072265625,1974906
2019-05-10,13.15471362651177,13.338627536816162,12.709447349685744,13.222471237182617,2406855
2019-05-13,13.135353913849162,13.145033836364746,12.951440001694145,13.145033836364746,1649171
2019-05-14,13.067596435546875,13.10631520287522,12.912721366233503,13.067596435546875,1340490
2019-05-15,13.086957106757806,13.096636106854609,12.999839643988562,13.077277183532715,1330100
2019-05-16,13.048238236178014,13.212793248861926,13.019199387800954,13.086957931518555,2011407
2019-05-17,13.115996779895614,13.115996779895614,12.728808134645323,13.086957931518555,2594998
2019-05-20,13.038557308798776,13.086955997694362,12.76752502023478,13.019197463989258,1210602
2019-05-21,12.951441767211701,13.115996779895614,12.893363147329236,13.086957931518555,1876412
2019-05-22,13.067597260307624,13.077277183532715,12.883683334672334,13.077277183532715,1759365
2019-05-23,12.961119908178611,13.028877519447459,12.835283685016307,12.941760063171387,1381990
2019-05-24,12.777205755187802,12.980479522973601,12.75784683227539,12.75784683227539,1514824
2019-05-27,12.815924124575126,12.961120195968602,12.719127666774382,12.922401428222656,1128302
2019-05-28,12.825603767257293,12.970798912352313,12.825603767257293,12.874002456665039,899400
2019-05-29,12.825603875297398,12.883682487701579,12.641689961752572,12.728806495666504,1404300
2019-05-30,12.680409415499206,12.680409415499206,12.33193956846434,12.341619491577148,1364000
2019-05-31,12.25450160247421,12.428736519915649,11.644680314557425,11.896352767944336,3353024
2019-06-03,11.915712773401054,12.535213069278397,11.731797930716274,12.428736686706543,2751018
2019-06-04,12.428736662829431,12.602971582274336,12.04154805552167,12.089946746826172,1503157
2019-06-05,12.428736523889768,12.428736523889768,12.002829152925235,12.167384147644043,1096700
2019-06-06,12.138345461196945,12.235142843989891,11.596281779187308,12.157705307006836,2294059
2019-06-10,12.15770432915226,12.244820858905145,11.925390813760016,11.95443058013916,1349770
2019-06-11,11.954431646163187,12.148025490313433,11.8092355707043,12.080266952514648,1725041
2019-06-12,11.944750782996696,12.206102221246372,11.906032017214219,12.012508392333984,1396400
2019-06-13,12.051229606811724,12.099628304656024,11.86731566275744,12.041549682617188,1153200
2019-06-14,12.07077549047814,12.255879785437088,11.203705754157506,12.10000228881836,4318084
2019-06-17,12.158455494995037,12.402014307915,11.934381833078177,12.31433391571045,2544844
2019-06-18,12.275365012164654,12.450726732381973,12.109744938718228,12.285106658935547,1783400
2019-06-19,12.333819158677114,12.655316744018691,12.333819158677114,12.499439239501953,2315487
2019-06-20,12.635833401305762,12.791710916688181,12.392274551244913,12.674802780151367,2476171
2019-06-21,12.77222495658046,13.103465120413146,12.723513932925364,13.045011520385742,2407938
2019-06-24,13.025525600407917,13.132691146881342,12.762482557572,12.937844276428223,3306820
2019-06-25,13.171662686080875,13.210632063828317,12.76248375518111,13.074238777160645,3221390
2019-06-26,12.85990500833649,13.045010224610747,12.518923231104807,12.606603622436523,2317471
2019-06-27,12.665059210990998,12.76248311502452,12.518924284043923,12.733255386352539,1475548
2019-06-28,12.752739114317379,12.811192706925649,12.567633903150613,12.762481689453125,1357808
2019-07-01,12.957329602096966,12.996298976711113,12.742997577167566,12.889132499694824,1338113
2019-07-02,12.889131449805413,13.045009864668042,12.723512318013244,12.762481689453125,1458000
2019-07-03,12.723512204079924,12.84042031735271,12.538406994570693,12.577376365661621,1059500
2019-07-04,12.655316499474766,12.859905952475422,12.57737774872244,12.72351360321045,874700
2019-07-05,12.684544029868974,12.830678952973086,12.587120128397444,12.772224426269531,730400
2019-07-08,12.674802462675322,12.674802462675322,12.304592908363375,12.353304862976074,1382900
2019-07-09,12.450726594062623,12.450726594062623,12.265622300027625,12.275364875793457,779300
2019-07-10,12.363045569556771,12.450726895364786,12.226653221947135,12.294849395751953,674007
2019-07-11,12.324075527318827,12.548150117706278,12.324075527318827,12.372787475585938,945962
2019-07-12,12.460470574701572,12.674802620199234,12.382531817993927,12.665060043334961,1325300
2019-07-15,12.626088424861987,12.840420432332888,12.48969516027085,12.762481689453125,1117805
2019-07-16,12.772223506108874,12.898874197256182,12.684543116025152,12.713769912719727,967929
2019-07-17,12.713771919175056,12.859906854813687,12.567636054433162,12.840422630310059,1364871
2019-07-18,12.713772178416018,12.713772178416018,12.518925283890386,12.616348266601562,1061400
2019-07-19,12.655316499474766,12.8306791532191,12.460469622593951,12.72351360321045,1820414
2019-07-22,12.7235133446266,12.781966941951277,12.470211945277862,12.528665542602539,974700
2019-07-23,12.470211555922532,12.762482320729925,12.470211555922532,12.742997169494629,740123
2019-07-24,12.63583162500995,12.820935916229514,12.626089049392302,12.742997169494629,974900
2019-07-25,12.811193376591659,12.879390477003573,12.58711971137535,12.68454360961914,1574500
2019-07-26,12.684543668657813,12.684543668657813,12.509181022644043,12.509181022644043,1428300
2019-07-29,12.518923147508186,12.518923147508186,12.353303083149013,12.421499252319336,1146614
2019-07-30,12.421499369264396,12.704027553048245,12.421499369264396,12.548150062561035,1259897
2019-07-31,12.548149944423594,12.577376741339,12.372787304724909,12.421499252319336,1092500
2019-08-01,12.431241954583598,12.538407497103012,12.197425718666803,12.48969554901123,891114
2019-08-02,12.333818183400695,12.45072630254393,11.992836401508708,12.197425842285156,1797472
2019-08-05,12.109745025634766,12.187683774980345,11.87592784849485,12.109745025634766,2100084
2019-08-06,12.070774215828633,12.100001011082563,11.846699641273661,12.08051586151123,1607243
2019-08-07,11.934383605809707,12.168199877959152,11.846702271477847,12.129230499267578,1504420
2019-08-08,12.031806128547363,12.22665299951873,11.983094178528729,12.041547775268555,1226296
2019-08-09,12.041548432593533,12.109745537983638,11.924640303628923,12.022064208984375,883119
2019-08-12,11.983094541960151,12.81119400097942,11.983094541960151,12.72351360321045,1916275
2019-08-13,12.704027920651413,12.850162839935942,12.470211678154904,12.811193466186523,2171332
2019-08-14,12.879389803772769,12.947585971516787,12.68454294657336,12.762481689453125,1962549
2019-08-15,12.645574273419513,12.781967555563426,12.577378096899167,12.626090049743652,1122655
2019-08-16,12.626089049392302,12.79170911847972,12.538407727039768,12.742997169494629,2428900
2019-08-19,12.713771268435355,13.083980806088169,12.626089939898739,12.859906196594238,2725700
2019-08-20,12.78196833970096,12.850164520404949,12.567636291498495,12.674802780151367,1727340
2019-08-21,12.577376365661621,12.694284478934406,12.538406994570693,12.577376365661621,668700
2019-08-22,12.65531625200994,12.889132499694824,12.489696177624017,12.889132499694824,1947265
2019-08-23,12.957329653244802,12.996299028012777,12.742997627469347,12.772224426269531,1752400
2019-08-26,12.772224003114772,12.772224003114772,12.372787692700896,12.68454360961914,2524600
2019-08-27,12.694286647295646,13.210632063828317,12.489697181845765,13.074238777160645,2983123
2019-08-28,13.13269237923018,13.463932554635063,13.035269399413203,13.074238777160645,1891677
2019-08-29,13.045011089964413,13.045011089964413,12.86964843746187,12.89887523651123,1022998
2019-08-30,12.89887595467145,13.249601279203585,12.859906577401572,13.064496040344238,2240900
2019-09-02,13.11320732100207,13.239858022902991,12.869648493293342,13.142434120178223,2227658
2019-09-03,13.152176625356795,13.230115375475098,12.908617798961298,12.957329750061035,1179556
2019-09-04,12.957329750061035,13.054752723157321,12.859905847861562,12.957329750061035,1006541
2019-09-05,13.035267713225315,13.19114520405142,12.90861701965332,12.90861701965332,1360032
2019-09-06,12.918359946691682,13.327538835797982,12.918359946691682,13.230114936828613,2558396
2019-09-09,13.34702419870874,13.395736152356136,13.045011758480705,13.181404113769531,2191310
2019-09-10,13.18140281586008,13.395734833342441,13.06449469607965,13.278826713562012,1856933
2019-09-11,13.259341783287752,13.356765682612815,13.06449491374079,13.11320686340332,2395687
2019-09-12,13.093721307733537,13.113206458638366,12.85990507149438,12.90861701965332,1651100
2019-09-16,12.947585938460657,12.996297884911918,12.713769710418317,12.820935249328613,2585172
2019-09-17,13.13269250158732,13.24960156502214,12.733256143678684,12.840422630310059,3648116
2019-09-18,12.811193740613614,12.84042146837913,12.382530620187671,12.528665542602539,2032537
2019-09-19,12.528664750438795,12.567634122559012,12.421499209383978,12.538407325744629,1036100
2019-09-20,12.538408373346277,12.72351360321045,12.47021219871379,12.72351360321045,906900
2019-09-23,12.762482655714667,12.840421404495258,12.52866548026972,12.704028129577637,1440676
2019-09-24,12.704028963946236,12.752740917409177,12.557894032660647,12.635832786560059,1033600
2019-09-25,12.61634628781835,12.61634628781835,12.372787475585938,12.372787475585938,763734
2019-09-26,12.411757171571066,12.44098489875428,12.197426080179794,12.39227294921875,1557300
2019-09-27,12.255880953750678,12.499439797710911,12.255880953750678,12.353304862976074,483400
2019-09-30,12.25587995731883,12.587120106830668,12.25587995731883,12.47021198272705,794948
2019-10-08,12.470211696834333,12.548150444449917,12.314334201603167,12.39227294921875,730887
2019-10-09,12.440985815426195,12.470212615659728,12.246138002927378,12.450727462768555,604824
2019-10-10,12.440985679626465,12.509181855794719,12.333819198101246,12.440985679626465,647246
2019-10-11,12.431241827658845,12.431241827658845,12.333817932469994,12.421499252319336,420200
2019-10-14,12.431242323026542,12.538407868722178,12.372787797763275,12.39227294921875,1241551
2019-10-15,12.353303425681494,12.382530223407302,12.177940781120354,12.324075698852539,1237800
2019-10-16,12.28510743599497,12.372788766201248,12.207168682278995,12.333819389343262,852272
2019-10-17,12.275364999642802,12.450726719681239,12.187683675071998,12.343561172485352,1108000
2019-10-18,12.29484955643943,12.392273459522324,12.207168229485465,12.30459213256836,1496200
2019-10-21,12.314333701634503,12.47995376586914,12.177940434293294,12.47995376586914,915500
2019-10-22,12.460468252388836,12.626088311801055,12.392272085255485,12.577376365661621,1065400
2019-10-23,12.567634582519531,12.64557332961243,12.440984815320933,12.567634582519531,1108700
2019-10-24,12.596862682781763,12.596862682781763,12.42150003207475,12.47021198272705,929100
2019-10-25,12.421499369264396,12.567634284320372,12.353303199452025,12.548150062561035,888300
2019-10-28,12.528665542602539,12.694285616861084,12.440985146615525,12.528665542602539,1115324
2019-10-29,12.479953947594206,12.52866496675818,12.294848729999817,12.372787475585938,1119600
2019-10-30,12.177940770297225,12.392272788003337,12.177940770297225,12.382530212402344,1458662
2019-10-31,12.372787510513483,12.402014307915,12.26562196730583,12.31433391571045,902133
2019-11-01,12.314333870852403,12.470211361896855,12.109744431580777,12.431241989135742,1460549
2019-11-04,12.421499252319336,12.58711931667851,12.333817932469994,12.421499252319336,1090500
2019-11-05,12.372788709410319,12.587120745697082,12.314335108943254,12.450727462768555,1594233
2019-11-06,12.372787475585938,12.450726221172058,12.197425762568733,12.372787475585938,951200
2019-11-07,12.275365012164654,12.333818609202702,12.177941111630341,12.285106658935547,1481218
2019-11-08,12.275364679010575,12.363045072188,12.207167578846162,12.324075698852539,833853
2019-11-11,12.314334386557745,12.314334386557745,12.11948658548912,12.285106658935547,637315
2019-11-12,12.236396987496864,12.275366366188438,12.129230499267578,12.129230499267578,1206013
2019-11-13,12.090260499195708,12.090260499195708,11.788248062133789,11.788248062133789,823960
2019-11-14,11.846700555752307,12.265622012842925,11.79798860716684,12.197425842285156,1423893
2019-11-15,12.314334249753623,12.333818472182125,12.090259652655295,12.275364875793457,823997
2019-11-18,12.275365012164654,12.353303760950833,12.236395637771563,12.285106658935547,818086
2019-11-19,12.28510675606894,12.479954558678147,12.28510675606894,12.47021198272705,1350999
2019-11-20,12.47021198272705,12.509181357428256,12.382530657373543,12.47021198272705,1866713
2019-11-21,12.343560507809503,12.470211199913761,12.304591135554587,12.421499252319336,1412756
2019-11-22,12.421501041971897,12.518924951197294,12.285107754876995,12.353304862976074,921719
2019-11-25,12.324076812852956,12.392273919181857,12.197427034891923,12.333819389343262,797786
2019-11-26,12.353304098353947,12.431242849268852,12.177941444243814,12.246137619018555,1017308
2019-11-27,12.275364875793457,12.333818472182125,12.216910350301626,12.275364875793457,691346
2019-11-28,12.265622012842925,12.275364588380647,12.138971318161968,12.197425842285156,1375280
2019-11-29,12.168198535756275,12.324076033328636,11.944124865271801,12.285106658935547,1449738
2019-12-02,12.265622092499868,12.421499585703168,12.207167567997056,12.382530212402344,1234167
2019-12-03,12.343561909176787,12.470212615659728,12.3338193327312,12.450727462768555,1541700
2019-12-04,12.450726210964731,12.596862055646255,12.353303243613516,12.431241989135742,1290222
2019-12-05,12.489696896775209,12.499439473265515,12.294850012485275,12.333819389343262,872858
2019-12-06,12.37278764779765,12.402014445523458,12.275364679010575,12.324075698852539,695982
2019-12-09,12.363045395110435,12.382530546838689,12.285106646403758,12.343561172485352,654228
2019-12-10,12.27536533328477,12.353304084109807,12.226653381743324,12.30459213256836,984526
2019-12-11,12.30459213256836,12.333818931851948,12.080517527118982,12.30459213256836,909598
2019-12-12,12.30459138589067,12.314333961428392,12.14871389369969,12.197425842285156,657009
2019-12-13,12.246137604897983,12.518924161888808,12.129229478660429,12.30459213256836,2851436
2019-12-16,12.304591350606426,12.333818148032641,12.177940656288648,12.255879402160645,1565955
2019-12-17,12.246137344591464,12.538408118524378,12.216910545929125,12.528665542602539,3026005
2019-12-18,12.538407626612408,13.122949151545262,12.421499507446464,13.03526782989502,4090281
2019-12-19,13.161918230059278,13.17166080538087,11.983093560137183,12.002577781677246,17447266
2019-12-20,11.885670199309457,11.905155350828368,11.33035638846475,11.437521934509277,10760918
2019-12-23,11.369326648986961,11.505719932945892,11.242675941547217,11.252418518066406,3705730
2019-12-24,11.330355942535661,11.427778908986454,11.29138657013472,11.34984016418457,1961216
2019-12-25,11.34984016418457,11.466749210490523,11.310870791783628,11.34984016418457,2233624
2019-12-26,11.34984065938409,11.369325810986272,11.242675112881592,11.320613861083984,1991982
2019-12-27,11.310871957705514,11.34009968684635,11.232933204869722,11.24267578125,2549771
2019-12-30,11.203706137463291,11.21344871361107,11.028343483216059,11.106282234191895,2697200
2019-12-31,11.106282234191895,11.154994185827592,11.067312858703977,11.106282234191895,1833154
2020-01-02,11.16473720401929,11.203706581050117,11.116025250454946,11.193964004516602,2417792
2020-01-03,11.203706741333008,11.242676118921342,11.174479940417571,11.203706741333008,1799900
2020-01-06,11.174478540947376,11.232932135457634,11.077054644626102,11.116024017333984,3360840
2020-01-07,11.154993345653647,11.242674666173263,11.125766548514818,11.232932090759277,2759589
2020-01-08,11.301130294799805,11.301130294799805,11.301130294799805,11.301130294799805,4112394
2020-01-09,11.310871446021306,11.427779569986273,11.291387223245401,11.33035659790039,2410981
2020-01-10,11.31087262021435,11.35958457586572,11.203707061063962,11.22319221496582,1936642
2020-01-13,11.398552894592285,11.398552894592285,11.398552894592285,11.398552894592285,2500113
2020-01-14,11.33035659790039,11.33035659790039,11.33035659790039,11.33035659790039,1827700
2020-01-15,11.310871687779265,11.310871687779265,11.106282234191895,11.106282234191895,2003800
2020-01-16,11.135509962635233,11.21344871361107,11.106282234191895,11.106282234191895,1209600
2020-01-17,11.15499342498179,11.164736000465059,11.057570457458496,11.057570457458496,1155475
2020-01-20,11.018601084628552,11.09653983028844,10.921177188002124,11.057570457458496,1867503
2020-01-21,11.057571089580437,11.096540464638121,10.930920388367165,11.0380859375,1869955
2020-01-22,11.038084565983448,11.038084565983448,10.794525769860066,10.833495140075684,1785800
2020-01-23,10.716588156461269,10.794526905089098,9.820291618138073,10.005396842956543,3635100
2020-02-03,9.001935005187988,9.001935005187988,9.001935005187988,9.001935005187988,528800
2020-02-04,8.10563708032259,8.592754711190112,8.10563708032259,8.134864807128906,6302578
2020-02-05,8.193317475842822,8.553784370422363,8.183574901342634,8.553784370422363,4769937
2020-02-06,8.524557820013788,8.943479244481733,8.427133930429545,8.865540504455566,3853899
2020-02-07,9.128584916253867,9.157811715959012,8.875283507867385,9.011676788330078,3384198
2020-02-10,9.011676392231028,9.235750061960225,8.972707017969292,9.226008415222168,2540600
2020-02-11,9.216265055762797,9.33317316860783,9.079871792892048,9.177295684814453,1710386
2020-02-12,9.187039813888338,9.284462793187528,9.13832785968712,9.274721145629883,1753706
2020-02-13,9.274720251558824,9.342916423404558,9.089615029258747,9.099357604980469,1800151
2020-02-14,9.138327315502902,9.177296690722613,8.933737863323612,9.060388565063477,2037091
2020-02-17,9.138327818678135,9.352659858739717,9.109101017929861,9.333174705505371,3131570
2020-02-18,9.362400872318181,9.362400872318181,9.18703915059917,9.352659225463867,3374116
2020-02-19,9.352659414674804,9.508536916735517,9.206523559665484,9.245492935180664,3894248
2020-02-20,9.264978469869826,9.498794732610854,9.17729713906613,9.450082778930664,3590658
2020-02-21,9.440340145195853,9.683898983018382,9.372143967918579,9.566990852355957,3427521
2020-02-24,9.498793809783333,9.537763183120882,9.33317374082296,9.39162826538086,3182084
2020-02-25,9.352658958079974,9.73261011852803,9.040903040075206,9.635187149047852,6838277
2020-02-26,9.479309800887885,9.683899267840305,9.303948064288138,9.342917442321777,4114017
2020-02-27,9.62544523377377,10.278182983398438,9.62544523377377,10.278182983398438,9051710
2020-02-28,9.771578950434863,10.414574043950378,9.625444039764284,9.78132152557373,10702005
2020-03-02,9.93720052915622,10.122305768654586,9.742353642134185,9.995655059814453,7269619
2020-03-03,10.132046967159482,10.307409622259444,10.015138840127243,10.268440246582031,7188526
2020-03-04,10.151530738227688,10.697101923475424,10.14178816335821,10.658132553100586,8198542
2020-03-05,10.648392288925505,10.95040471623978,10.36586408477512,10.804269790649414,8963070
2020-03-06,10.736073333017933,10.901692477408007,10.648392008332898,10.726330757141113,5867091
2020-03-09,10.521741874864674,10.677619380860662,9.985912251176046,10.161274909973145,7520088
2020-03-10,10.171016132832916,10.541225658676119,10.112562535075307,10.375605583190918,5562807
2020-03-11,10.375605698926037,10.385348275028708,9.66441436728861,9.722867965698242,8151792
2020-03-12,9.722867965698242,9.722867965698242,9.722867965698242,9.722867965698242,0
2020-03-13,8.8460571927653,9.693641863472402,8.8460571927653,9.284462928771973,6065392
2020-03-16,9.284461719640511,9.440339211777953,8.583013005022016,8.670693397521973,6477516
2020-03-17,8.651210759580943,8.89476961791677,8.232289225930263,8.407651901245117,3924482
2020-03-18,8.514815279771973,8.641465965103974,8.125121578060492,8.154348373413086,3463258
2020-03-19,8.15435034613256,8.232289105329983,7.842595309342869,8.037442207336426,3401207
2020-03-20,8.183575826933142,8.193318402535247,7.988728960406761,8.134864807128906,1652900
2020-03-23,7.901048183441162,7.998472087979097,7.696459191745674,7.901048183441162,2576764
2020-03-24,7.988728925763124,8.222545164580822,7.959502128186698,8.193318367004395,2961504
2020-03-25,8.358937918015844,8.553784771643807,8.26151402665032,8.33945369720459,3200178
2020-03-26,8.271257575195817,8.368681478028856,8.164092025362029,8.222545623779297,2777749
2020-03-27,8.33945438916951,8.368681187363022,8.1348649436086,8.144606590270996,1503300
2020-03-30,8.008213526740574,8.066667117877826,7.793881524663467,7.949759006500244,1514829
2020-03-31,8.037441174741526,8.105637348002073,7.823109149932861,7.823109149932861,1515700
2020-04-01,7.940017417280689,8.066668119271215,7.832851867490181,7.862078666687012,2212200
2020-04-02,7.793881982227084,8.017955643246609,7.793881982227084,8.008213996887207,1837182
2020-04-03,8.602497497441805,8.807086944580078,8.602497497441805,8.807086944580078,2273246
2020-04-07,8.807086524541061,9.459824209084186,8.670693256586201,9.079872131347656,9747153
2020-04-08,8.826571342094724,8.894767508946222,8.631723558342287,8.699920654296875,6473297
2020-04-09,8.690178167780594,9.099357031262429,8.641466221346452,8.885025024414062,7040563
2020-04-10,8.992190994005323,9.138326840307538,8.602497262072374,8.612239837646484,4731825
2020-04-13,8.368681010669238,8.505073352094657,8.076410247595547,8.193318367004395,3578704
2020-04-14,8.300485888353556,8.407651445738146,8.203061978656102,8.378424644470215,2482180
2020-04-15,8.378423915246021,8.417393289912614,8.212803840637207,8.212803840637207,2580469
2020-04-16,8.26151440962317,8.26151440962317,8.115379494903701,8.1251220703125,2527554
2020-04-17,8.173834366901605,8.280999913660064,8.017955941021343,8.027698516845703,2302500
2020-04-20,8.144606873154142,8.23228819988324,8.008214524111722,8.222545623779297,1915046
2020-04-21,8.466104547553021,8.466104547553021,7.978986886082456,8.047183990478516,3423979
2020-04-22,8.047184110857401,8.173834816226718,7.96924535818447,8.11538028717041,2258500
2020-04-23,8.134864895899454,8.563528006935215,7.998471623291043,8.261514663696289,4998716
2020-04-24,8.261514288530945,8.44661950217245,7.978986109538805,7.998471260070801,3708322
2020-04-27,7.988729211160143,8.066667960217067,7.881563663482666,7.881563663482666,2176265
2020-04-28,7.910790600015,7.930275752170511,7.423672945365531,7.560066223144531,2759635
2020-04-29,7.6282619214727445,7.676973869718665,7.472384430368306,7.530838489532471,1492387
2020-04-30,7.59903497375504,7.949759321797967,7.59903497375504,7.940016746520996,3038879
2020-05-06,7.842593567662363,8.173833685241366,7.823108417638615,8.164091110229492,2957355
2020-05-07,8.173834816226718,8.212804192563182,8.056926687217322,8.11538028717041,1959608
2020-05-08,8.115379792077484,8.193318539995625,8.066667842352855,8.144606590270996,1180086
2020-05-11,8.222545538842128,8.446620141402198,8.008214441388548,8.095895767211914,2661880
2020-05-12,8.066668913632036,8.095896644810246,7.842595215885475,7.910791397094727,2716075
2020-05-13,7.891306394987037,7.930275770283876,7.803625068293351,7.862078666687012,1702510
2020-05-14,7.862078480612853,8.09589565596326,7.80362488360263,7.969244956970215,2348901
2020-05-15,8.027698264299472,8.037440839817338,7.891305923461914,7.891305923461914,1254316
2020-05-18,7.92053358416947,7.92053358416947,7.70620154493213,7.735428810119629,2096823
2020-05-19,7.754913498727421,7.7841402993633,7.667232167716544,7.735428810119629,1267852
2020-05-20,7.715943509686159,7.774397570874498,7.59903538730948,7.667231559753418,1630900
2020-05-21,7.676974154035013,7.725685639533393,7.599035405596336,7.638004779815674,1233900
2020-05-22,7.676974185333107,7.676974185333107,7.491869424760807,7.550323486328125,1162300
2020-05-25,7.511353894644244,7.891305980667063,7.462641945804936,7.715943336486816,1808115
2020-05-26,7.69645927327353,7.813367867047131,7.667232008692227,7.725686073303223,1535227
2020-05-27,7.764655610755508,7.81336802910242,7.657490055688458,7.735428810119629,1280100
2020-05-28,7.725685136175637,7.881563087448534,7.647746392814965,7.696458339691162,2077386
2020-05-29,7.725685713452372,7.891306252296586,7.638004852895727,7.823109149932861,2648022
2020-06-01,7.842594691826601,8.105637751130391,7.842594691826601,8.056926727294922,3116167
2020-06-02,8.573271534761863,8.865542334750966,8.329712689621488,8.378424644470215,6977862
2020-06-03,8.573270549766338,9.216265678405762,8.212803611865546,9.216265678405762,14050281
2020-06-04,10.083335837992605,10.141789436340332,9.73261053149347,10.141789436340332,23087056
2020-06-05,10.14178933502254,11.154994010925293,10.14178933502254,11.154994010925293,26937760
2020-06-08,11.096540936997656,11.096540936997656,10.044366836547852,10.044366836547852,12842055
2020-06-09,9.34291643547201,9.528020728908011,9.040903091430664,9.040903091430664,21956577
2020-06-10,8.680435962561933,8.923994776008017,8.505073319567748,8.729147911071777,15941077
2020-06-11,8.670693142636317,9.11884138390917,8.602496974106682,8.953221321105957,16732664
2020-06-12,8.680437070072026,8.982450446083503,8.524559558235106,8.7388916015625,13612748
2020-06-15,8.631725137297728,8.631725137297728,8.378424644470215,8.378424644470215,11391222
2020-06-16,8.427134182592818,8.51481550002169,8.310226069055352,8.466103553771973,7840373
2020-06-17,8.397907751357934,8.466103921608681,8.310226430119469,8.368680953979492,6057616
2020-06-18,8.368681463910274,8.397908263069601,8.251773338169777,8.281000137329102,4979479
2020-06-19,8.25177308071347,8.592754871208786,8.25177308071347,8.505073547363281,10100592
2020-06-22,8.436878772362428,8.475848152847345,8.271258673025708,8.290743827819824,7634500
2020-06-23,8.281000410068401,8.290742986476785,8.017956421661387,8.056926727294922,6780403
2020-06-24,8.10563771081049,8.222545839819883,8.017956381777637,8.11538028717041,3836847
2020-06-29,8.154350164573335,8.222546345076845,7.988730072690571,8.086153984069824,3401735
2020-06-30,8.134865142121946,8.164091941028673,8.056926392301882,8.095895767211914,3053139
2020-07-01,8.11537984105861,8.144606639428524,7.99847171847579,8.027698516845703,3429932
2020-07-02,8.047183484916248,8.173834180434183,8.047183484916248,8.134864807128906,4216424
2020-07-03,8.154349264575972,8.407650662922475,8.144606688692681,8.3297119140625,7909545
2020-07-06,8.329712261586934,8.63172469374382,8.251773509475273,8.592755317687988,10228742
2020-07-07,8.592754322807252,8.83631312723243,8.514815579719444,8.709662437438965,11542338
2020-07-08,8.660952181512426,8.836313904330398,8.553785703514746,8.816829681396484,9542728
2020-07-09,8.777860158528132,9.206523275986786,8.709663056650513,9.167553901672363,11253298
2020-07-10,9.196780162227226,9.196780162227226,8.885025185945898,8.894767761230469,9076369
2020-07-13,8.89476924887922,9.12858552019595,8.816830491773642,9.109101295471191,8177308
2020-07-14,9.099357187769339,9.372142791748047,8.982449071778465,9.372142791748047,11095277
2020-07-15,9.411111646277472,9.411111646277472,8.962963428402208,8.98244857788086,6731705
2020-07-16,9.040904111860348,9.06038926552821,8.612240951303276,8.621983528137207,5607756
2020-07-17,8.612241130446874,8.729149267576068,8.524559795324157,8.573271751403809,3041879
2020-07-20,8.67069415939123,8.777860641479492,8.56352860640619,8.777860641479492,3233733
2020-07-21,8.797345025760947,8.933738310407259,8.72914884798941,8.787603378295898,3623095
2020-07-22,8.78760163273146,9.16924615705795,8.728887664829967,9.012674331665039,5501047
2020-07-23,8.993102359549907,9.042031288146973,8.70931569357695,9.042031288146973,3605752
2020-07-24,9.051816792051682,9.237745591208043,8.709315242839555,8.79738712310791,7314767
2020-07-27,8.777816310005425,8.905031147337871,8.484243680256833,8.533172607421875,4316690
2020-07-28,8.552744938136685,8.748459743756396,8.405959067232354,8.464673042297363,3877695
2020-07-29,8.41574458662976,8.660388313761535,8.278743763468935,8.650602340698242,3654400
2020-07-30,8.640815306293787,8.79738712310791,8.582101341609313,8.79738712310791,3715549
2020-07-31,8.7288875309648,8.768030486712735,8.58210168022046,8.758244514465332,3627500
2020-08-03,8.758244736845787,8.934388508804803,8.758244736845787,8.895245552062988,4357000
2020-08-04,8.924601926049856,9.00288783418034,8.807173063854131,8.856101989746094,2995147
2020-08-05,8.895245353737474,8.895245353737474,8.709315613428009,8.728887557983398,3284627
2020-08-06,8.748458280706709,8.777816196571345,8.601672434350132,8.67995834350586,2706100
2020-08-07,8.670172850866281,8.895245552062988,8.61145888237441,8.895245552062988,4528900
2020-08-10,8.924603431510521,9.071390233947367,8.856103483651736,8.953960418701172,6871000
2020-08-11,8.983318402386464,9.67810665906928,8.875674559859815,9.267105102539062,12765492
2020-08-12,9.1105325421706,9.198603497435407,8.777816933697784,8.973531723022461,8828276
2020-08-13,8.983317761905665,9.081174690667249,8.875673927053665,8.885459899902344,5012500
2020-08-14,8.865888794033298,9.051817609990527,8.74845898756989,9.002888679504395,4896700
2020-08-17,9.022460624995539,9.0616035827361,8.914816791277703,9.002888679504395,4273784
2020-08-18,9.012674709712817,9.14967552929913,8.934388793732563,8.944174766540527,4983750
2020-08-19,8.944174481300681,9.042031406534365,8.846316622825295,8.895245552062988,4542955
2020-08-20,8.895245680321546,8.95395964966,8.719101905822754,8.719101905822754,4028948
2020-08-21,8.73867347634404,8.836530398792167,8.71910153190941,8.787601470947266,2151100
2020-08-24,8.758244834910139,8.80717376469568,8.69953086576086,8.748458862304688,2466662
2020-08-25,8.787601587096436,8.807173531789756,8.611458751064989,8.640815734863281,2666110
2020-08-26,8.660387769817268,8.689744753921527,8.454887014604061,8.52338695526123,2580901
2020-08-27,8.513599927320588,8.787600589221139,8.474456975620509,8.699529647827148,2751088
2020-08-28,8.709315905124598,8.82674570990658,8.611458978795229,8.748458862304688,3048007
2020-08-31,8.758245601010207,8.895246429745097,8.611459732055664,8.611459732055664,3281986
2020-09-01,8.640816998976593,8.738674870275995,8.562531075233801,8.660388946533203,1798712
2020-09-02,8.689745232124203,8.787602162270765,8.601673341723071,8.73867416381836,2663595
2020-09-03,8.728887619499849,8.748458630951482,8.611458751064989,8.640815734863281,2002238
2020-09-04,8.533172927709883,8.611458840815704,8.474458026259667,8.52338695526123,2230002
2020-09-07,8.542958384435368,8.679959205687023,8.376601510886438,8.396172523498535,2618999
2020-09-08,8.415743431945103,8.562529274787668,8.366814506583705,8.51360034942627,1807770
2020-09-09,8.464673073455998,8.611459878142462,8.405959098174861,8.43531608581543,2164532
2020-09-10,8.445102352433441,8.533174251652483,8.043886752206108,8.112386703491211,2844777
2020-09-11,8.151527719520631,8.229813626077915,8.112384766241988,8.171099662780762,1196700
2020-09-14,8.25917047432214,8.445100199323718,8.190670540501351,8.37660026550293,1921084
2020-09-15,8.435314838940023,8.503814777723225,8.337457916855687,8.415743827819824,1611204
2020-09-16,8.494031306517675,8.494031306517675,8.38638745914303,8.454888343811035,1023100
2020-09-17,8.513601517537417,8.689745299709656,8.41574458662976,8.650602340698242,3243144
2020-09-18,8.591886380228964,8.993101894125564,8.582101341609313,8.79738712310791,5951705
2020-09-21,8.74845913687951,9.002888833156359,8.728888124296077,8.826745986938477,3741443
2020-09-22,8.846317066952103,9.13988972387529,8.728888190831178,8.73867416381836,4717829
2020-09-23,8.797387266616958,8.885459148322003,8.552743565543684,8.591886520385742,3199144
2020-09-24,8.562530459881422,8.562530459881422,8.210243828356191,8.24938678741455,3373234
2020-09-25,8.308100408138023,8.38638632294503,8.171100523846615,8.288529396057129,1434951
2020-09-28,8.259171638450223,8.415744404346297,8.043885835171377,8.083028793334961,1945200
2020-09-29,8.10259908575015,8.268956876472263,8.024313176379938,8.19067096710205,1439711
2020-09-30,8.190670672799273,8.278742550986623,8.083027784593412,8.171099662780762,1190800
2020-10-09,8.40595817565918,8.464672144496726,8.268957359635392,8.40595817565918,1817332
2020-10-12,8.494030038748475,8.993102505459051,8.494030038748475,8.865888595581055,6644618
2020-10-13,8.895245950843021,9.756391971010405,8.87567400497384,9.599820137023926,22635606
2020-10-14,9.29646162084631,9.394319484888763,8.924603044023447,9.051817893981934,14261716
2020-10-15,9.15945997463599,9.638962345459007,9.100746008080796,9.306246757507324,12048066
2020-10-16,9.276888901324273,9.443246696382095,9.139889022976666,9.218174934387207,6056559
2020-10-19,9.198603796117787,9.23774675525371,8.97353201439667,8.99310302734375,4978407
2020-10-20,8.98331745096182,9.413889975741002,8.953959533431963,9.29646110534668,6646700
2020-10-21,9.34539003465474,9.423675948250954,9.13988927815425,9.29646110534668,6642800
2020-10-22,9.227960586547852,9.286674551448398,9.002887899118036,9.227960586547852,5875867
2020-10-23,9.218175023030177,9.501961687932734,9.061603198703484,9.100746154785156,5778160
2020-10-26,9.100746925118791,9.169246870749483,8.856103195590016,8.934389114379883,5108300
2020-10-27,8.934388281951883,8.993102248952946,8.660387591716331,8.758244514465332,3996000
2020-10-28,8.758244252661589,8.914816070973046,8.640815388927995,8.67995834350586,4269600
2020-10-29,8.533172725988797,8.924602282264654,8.454886814733625,8.787601470947266,5016494
2020-10-30,8.758244986246488,9.10074656742175,8.513601266333225,8.57231616973877,6930077
2020-11-02,8.474458587490494,8.826746153039043,8.28852976486124,8.621245384216309,7160763
2020-11-03,8.7876015251662,9.130103088952046,8.631029701689819,8.728887557983398,6708790
2020-11-04,8.79738857602864,9.149676155283634,8.728888628169855,8.953960418701172,8650900
2020-11-05,9.247531776121432,9.854248046875,9.022460017576156,9.854248046875,17202349
2020-11-06,10.44139357359849,10.832823134657547,9.883606215778912,9.961892127990723,29808204
2020-11-09,10.079321704996005,10.079321704996005,9.590034252649032,9.883606910705566,16597496
2020-11-10,9.756392832252242,10.020607592117447,9.590035010645998,9.717249870300293,10614563
2020-11-11,9.59982031266399,9.687891270961439,9.345390611159996,9.364961624145508,8130878
2020-11-12,9.462819260933204,9.531319204595658,9.149675594771425,9.257318496704102,8206235
2020-11-13,9.433461995150608,9.834677538805511,9.267104194136374,9.609604835510254,11297223
2020-11-16,9.785748238285413,10.568608283996582,9.66831937141499,10.568608283996582,17581771
2020-11-17,11.224254593561882,11.625470161437988,10.920895957739447,11.625470161437988,12448178
2020-11-18,12.33004374176493,12.789973258972168,12.290900784274065,12.789973258972168,17343631
2020-11-19,14.071907160531246,14.071907160531246,12.91718848099821,13.122689247131348,84810908
2020-11-20,14.159979273360584,14.433979988098145,14.05233543549665,14.433979988098145,36364925
2020-11-23,15.882270812988281,15.882270812988281,15.882270812988281,15.882270812988281,4609522
2020-11-24,17.467561721801758,17.467561721801758,17.320775865279074,17.467561721801758,22900571
2020-11-25,17.810063215176502,19.219209671020508,17.810063215176502,19.219209671020508,40612971
2020-11-26,19.57149773690186,19.87485542920847,17.418632239249266,19.375782012939453,84955985
2020-11-27,19.08220974604289,21.2350751819334,17.58498954018857,17.614347457885742,84791175
2020-11-30,17.907919066863926,19.375781346655504,17.81006307473121,18.59292221069336,82138651
2020-12-01,17.819848170751026,20.45221519470215,17.12506088229569,20.45221519470215,75858540
2020-12-02,21.724363330004635,22.4974365234375,21.724363330004635,22.4974365234375,39076720
2020-12-03,23.211796348195602,23.85765564378778,20.246715545654297,20.246715545654297,97052708
2020-12-04,18.221065521240234,18.397207435993327,18.221065521240234,18.221065521240234,18581800
2020-12-07,16.635772970006343,17.565419853158904,16.40091522264309,17.08591651916504,77449453
2020-12-08,17.09570438893037,17.584991883517215,16.479202967003754,17.115276336669922,64129996
2020-12-09,16.929344162675736,17.839419072042578,16.537914595873712,16.988059997558594,55128729
2020-12-10,16.488986666515245,16.498772639035224,15.461482882960109,15.608268737792969,54985816
2020-12-11,15.725698394716948,16.048628038091643,14.923267272784893,15.843128204345703,46272883
2020-12-14,16.038842627337573,17.42841911315918,15.637627052306593,17.42841911315918,72825494
2020-12-15,17.63392007565405,19.1702823638916,17.52627623980848,19.1702823638916,91141050
2020-12-16,19.268139068185672,19.277925040536235,17.252273559570312,17.252273559570312,26099707
2020-12-17,15.529984252266278,16.890203760653918,15.529984252266278,16.53791618347168,82811836
2020-12-18,15.715911809358444,17.584989652198548,15.618054882803014,16.635772705078125,67015742
2020-12-21,16.567270508174268,17.907916845522877,15.950767381903624,17.193557739257812,69261717
2020-12-22,16.684701689932428,16.82170344835611,15.833342552185059,15.833342552185059,59366017
2020-12-23,15.41255460281508,16.58684522390867,15.314696739976698,15.989913940429688,46732125
2020-12-24,15.569126163303803,15.833341828381647,14.86455198967128,15.109195709228516,42638443
2020-12-25,15.128768033860947,16.616201400756836,14.531837679149836,16.616201400756836,59762056
2020-12-28,17.27184559389945,17.506703332081617,16.146484898511957,16.273698806762695,59685661
2020-12-29,16.13669871631821,16.42048631281761,14.688408416448969,14.844980239868164,49467931
2020-12-30,14.913480856210155,15.75505584514902,14.717766068052882,15.197267532348633,41425155
2020-12-31,15.275552669508583,16.71405792236328,15.275552669508583,16.71405792236328,77276960
2021-01-04,16.14648392662156,17.800275833236295,15.637624591281137,16.821701049804688,87324156
2021-01-05,17.516487993720116,18.20149107868837,16.14648369026685,16.195411682128906,76397694
2021-01-06,15.490839116148026,16.440056006758766,15.22662440361196,15.344053268432617,51262796
2021-01-07,15.236410181209125,16.126913149209674,14.737337714832377,15.608268737792969,43065591
2021-01-08,16.038842847028505,16.234558583790378,15.16791173805372,15.304912567138672,33187647
2021-01-11,15.216839023362878,15.774627319505964,14.854766442774109,14.95262336730957,29271826
2021-01-12,14.952623414864268,14.952623414864268,13.79790572892655,14.463335990905762,29930373
2021-01-13,14.385051007782401,14.942839341762685,13.866406566161638,14.09147834777832,28532447
2021-01-14,13.700048281986746,13.925120055806213,13.044403039546614,13.103117942810059,28839911
2021-01-15,12.868259864219445,13.31840436613143,12.652974053092413,13.112903594970703,21645508
2021-01-18,13.034616524954059,13.27926023410555,12.731258848221556,12.975902557373047,20071856
2021-01-19,13.200974784943229,13.631548250770257,12.858474140060801,13.19118881225586,24713365
2021-01-20,13.161831324746615,14.01319131795565,13.161831324746615,13.465189933776855,25369848
2021-01-21,13.25968937372076,13.837048683214542,12.682330064226981,13.631547927856445,29885950
2021-01-22,13.426047674609226,14.991766929626465,13.31840384005586,14.991766929626465,51950094
2021-01-25,14.678622611338996,15.950769157728354,14.18933519096103,15.040695190429688,60769227
2021-01-26,16.537914909292073,16.547700881958008,15.246196381123672,16.547700881958008,67483501
2021-01-27,17.995990623589417,18.201492309570312,17.624133007434363,18.201492309570312,24827079
2021-01-28,18.201492803751172,20.02164077758789,17.673061482438836,20.02164077758789,90119391
2021-01-29,19.277924455133878,19.747639914797144,18.015562057495117,18.015562057495117,34701247
2021-02-01,16.214984893798828,17.095701881588,16.214984893798828,16.214984893798828,48316603
2021-02-02,15.92141452006243,15.92141452006243,14.903695699442851,14.972196578979492,62837282
2021-02-03,14.923267236678592,15.412554687061498,14.345907895908084,14.698195457458496,51533211
2021-02-04,14.385050583338982,14.541622415190234,13.553262493318767,13.817477226257324,43499869
2021-02-05,13.915335397648754,14.013192328113977,13.015046411214886,13.03461742401123,29927871
2021-02-08,13.103117336443487,13.36733205579774,12.907401623450193,13.063974380493164,29820121
2021-02-09,13.073759615186807,13.259689358664376,12.73125897880669,13.230332374572754,25971311
2021-02-10,13.631548476624893,13.895763210869458,12.819331394950444,12.926974296569824,33538586
2021-02-18,12.770402046353464,14.208907344731374,12.770402046353464,13.915334701538086,44553233
2021-02-19,14.336122656541152,15.304912567138672,14.140407853021076,15.304912567138672,32251982
2021-02-22,15.461483221610335,15.9703416716525,14.492694318714149,14.766695022583008,57866067
2021-02-23,14.512266583933647,16.24434471130371,14.394837700708155,16.24434471130371,39006895
2021-02-24,16.3422018791156,17.868778228759766,16.3422018791156,17.868778228759766,78117299
2021-02-25,16.978274478825583,18.514636736135223,16.792344729694335,17.203346252441406,65304717
2021-02-26,16.851059323118747,18.925638959093448,16.851059323118747,18.788639068603516,78717549
2021-03-01,18.250419684252954,19.649781949769423,17.526274554741047,19.0528507232666,76046084
2021-03-02,18.700566424787045,19.160495943273247,17.73177752426285,18.093849182128906,40107448
2021-03-03,17.810061626085442,19.904211044311523,17.761131767515565,19.904211044311523,38207298
2021-03-04,20.726215765247535,21.89072036743164,20.452214133414977,21.89072036743164,50669489
2021-03-05,21.3818627552626,23.290082763282456,20.745789419255978,22.751867294311523,59208608
2021-03-08,22.331077187998844,22.996508367044267,21.00021482990799,21.107858657836914,44736533
2021-03-09,21.548219811721133,21.91029148059542,18.994138717651367,18.994138717651367,43092991
2021-03-10,18.690780303629843,18.866924078050438,17.369703861958826,17.467561721801758,43057761
2021-03-11,17.731778237649788,19.219210686281446,16.811917297185992,18.788639068603516,60942694
2021-03-12,19.424711366298425,20.667501887862116,19.375781503352954,20.08035659790039,69077831
2021-03-15,18.91585371270559,19.728070846712203,18.103636578698982,19.424713134765625,42564489
2021-03-16,19.77699789714845,21.3720760345459,19.160496529404256,21.3720760345459,49528007
2021-03-17,21.489504019688162,23.15308210492093,21.039360459262536,22.115793228149414,51389058
2021-03-18,22.213651581282022,22.996510775999216,21.07850481570032,21.499290466308594,44875700
2021-03-19,20.902360150492594,22.174506754984566,20.62835851063247,21.87114906311035,37522804
2021-03-22,21.822218786673222,24.063156127929688,21.626504933170757,24.063156127929688,36922828
2021-03-23,25.247232897230305,25.521234554446206,23.06501121240625,23.975086212158203,50347155
2021-03-24,23.56408169378461,24.924300102246523,23.074794281649144,24.640514373779297,43065466
2021-03-25,23.906583667158834,25.560375671264207,22.174505750423325,22.331077575683594,43910985
2021-03-26,22.683364514218898,24.56222823399974,22.683364514218898,24.072940826416016,56678025
2021-03-29,23.55429680321323,23.77936857517518,21.890720645448702,22.311506271362305,51803933
2021-03-30,22.43872133660081,22.683365046129413,20.520713683325205,22.44850730895996,43773391
2021-03-31,22.448509586336105,23.740228205053192,22.448509586336105,22.751867294311523,40490353
2021-04-01,22.282151451557098,23.779369889660668,22.11579363993631,23.13351058959961,42362912
2021-04-02,23.04543639985687,23.613009724133466,21.929861695774722,21.969005584716797,35612972
2021-04-06,22.174507424445114,24.072943282148838,21.82221985777255,23.36836814880371,42917514
2021-04-07,23.887011731404833,24.699228775180586,22.575721294492162,24.024011611938477,43502916
2021-04-08,23.632583884940644,26.43130874633789,23.290082290510064,26.43130874633789,49573638
2021-04-09,26.382378070202318,27.067381238022715,25.44294707414592,25.8245906829834,39517341
2021-04-12,25.82459007481786,28.03616949238925,25.66801824582904,27.449024200439453,42438590
2021-04-13,27.10652385323369,30.198820202723084,26.979308078621646,29.220245361328125,48165859
2021-04-14,29.220246391570917,29.973747627484485,28.368885428287463,29.504032135009766,36088740
2021-04-15,29.16153271311187,29.846535923523888,28.036171895849492,29.18110466003418,32094805
2021-04-16,29.611676224375795,31.22632441025479,27.97745609285379,28.378671646118164,53980499
2021-04-19,31.216537475585938,31.216537475585938,30.33582048010537,31.216537475585938,27612229
2021-04-20,34.338191986083984,34.338191986083984,34.338191986083984,34.338191986083984,14406977
2021-04-21,35.228693577918484,35.228693577918484,30.903392791748047,30.903392791748047,100359982
2021-04-22,29.94439190660178,33.99569320678711,29.69974818492445,33.99569320678711,95501853
2021-04-23,33.96633383284907,37.3913459777832,33.37919038690429,37.3913459777832,54915658
2021-04-26,40.38578981621387,41.1295051574707,39.14299914539161,41.1295051574707,40066315
2021-04-27,42.078724740565505,45.239521523121674,39.14299975866559,42.56801223754883,100533761
2021-04-28,41.49157273290157,46.82480237050108,41.149069315435284,45.99301528930664,103915462
2021-04-29,45.50372931046293,46.286588422974326,41.58943001493924,43.10622024536133,90564164
2021-04-30,42.67565100789389,47.42173767089844,42.67565100789389,47.42173767089844,78714571
2021-05-06,48.928743446194986,52.16782760620117,48.73302772581683,52.16782760620117,68121063
2021-05-07,52.510324310933164,55.5634766819527,49.61374376065908,54.496829986572266,75460681
2021-05-10,54.11519265875006,59.9474983215332,53.98797687314505,59.9474983215332,50897469
2021-05-11,62.42328807010304,65.94615589541596,57.735913830965224,60.07470703125,95043929
2021-05-12,59.69306399004087,63.48993160199926,58.254557810813495,62.04164505004883,82850697
2021-05-13,60.67164309454849,60.67164309454849,55.83748448862515,56.46377182006836,74705668
2021-05-14,58.71449803437126,59.36035736343065,55.309057596333794,57.070491790771484,63717973
2021-05-17,56.95305537685308,62.47221677467574,55.82769283856677,59.193992614746094,77325249
2021-05-18,58.52856387606568,65.11437225341797,58.313276211743954,65.11437225341797,83362822
2021-05-19,67.51188033249983,68.05009951444711,61.40557504045259,62.65814971923828,94790315
2021-05-20,58.841712478049736,59.986643371680316,56.3952751159668,56.3952751159668,77592148
2021-05-21,55.58305477375723,58.225207807409575,54.359836122341065,56.43441390991211,56517987
2021-05-24,55.9255498400749,55.97447783219278,51.24795988086806,53.038753509521484,73261840
2021-05-25,53.038757901786596,53.968404760878734,51.76661133653953,53.10725784301758,53822089
2021-05-26,52.84303913107267,57.69676923682958,52.84303913107267,56.561622619628906,74106271
2021-05-27,56.757342526940135,57.197701965552874,53.73354602575516,56.09191131591797,49120552
2021-05-28,56.561629401138276,58.74385101597534,55.43627048746018,56.84541702270508,51374868
2021-05-31,53.821615444559725,59.0569892718893,52.40268119988254,58.724273681640625,61671244
2021-06-01,57.73591834908234,63.18658017255326,57.187915068341596,60.56399917602539,63049208
2021-06-02,59.839856320094896,61.620862330287835,58.371993977652345,59.14506530761719,40843118
2021-06-03,60.42699718475342,60.681425004078555,55.05461959821083,55.77876663208008,45854971
2021-06-04,54.70233398301779,55.97448050362982,53.625899440217836,54.80018997192383,28825145
2021-06-07,54.26198225571338,57.05091939735051,53.381263298897856,56.88456344604492,33702450
2021-06-08,56.365908181125164,58.76341723851822,54.55554625595287,57.41298294067383,33815612
2021-06-09,55.77876915931839,60.03556847039536,54.80019426178649,59.80071258544922,43462175
2021-06-10,58.890639441806506,62.21779568884471,58.71449565620054,59.88878631591797,42056942
2021-06-11,58.71448781455812,65.87765502929688,56.7671223262033,65.87765502929688,59438412
2021-06-15,67.52166617822695,69.17546010125625,63.607366689634084,65.95594787597656,56604528
2021-06-16,65.62323027600742,67.3259559741355,61.16093112987092,62.11993408203125,40745900
2021-06-17,62.609233442601266,64.39024353027344,60.47593946029059,64.39024353027344,35114186
2021-06-18,65.36880441139857,70.8292465209961,64.58594152771937,70.8292465209961,38151226
2021-06-21,73.29525707692534,77.91413152054342,70.4573885451159,75.54597473144531,55971055
2021-06-22,76.19184153410932,82.03393482206874,73.98026019220619,76.55391693115234,54771761
2021-06-23,77.19978172020713,79.7538630862565,74.82184415408994,76.10377502441406,42435949
2021-06-24,76.86705411949536,79.26455941162172,74.00961000733749,77.52269744873047,33759326
2021-06-25,77.31720318487933,77.31720318487933,71.72954152859387,73.68669128417969,38422304
2021-06-28,72.7668242205016,74.71418602205507,72.10139304419087,73.3833236694336,22397702
2021-06-29,74.36191183942665,74.76313117134818,66.04402437523332,68.58831787109375,46138038
2021-06-30,67.66845373995024,68.50024088609463,63.656298266951445,65.24158477783203,34437538
2021-07-01,66.34738145837662,66.95409312048331,64.42936807706964,65.63301849365234,30483217
2021-07-02,65.11437373556271,66.34738018096799,60.652070916659945,60.798858642578125,32533196
2021-07-05,60.691210431002396,62.33521641766807,59.066776388578766,61.56214141845703,31810331
2021-07-06,60.81843168453781,62.28629403831137,59.39949732929664,60.221500396728516,24337515
2021-07-07,59.70285093159234,65.3688040345579,59.008063672650934,64.8795166015625,35538202
2021-07-08,64.58594122329787,64.58594122329787,61.99271633250901,62.208003997802734,24362890
2021-07-09,61.55236297038352,66.51373743628332,60.573788066135556,65.51558685302734,30816289
2021-07-12,68.49045658064814,72.0720443725586,68.49045658064814,72.0720443725586,39154474
2021-07-13,72.07203651644889,75.37961669875533,68.54916868059625,73.25611114501953,38623326
2021-07-14,73.23653878433281,73.24632662337359,66.13209069118476,66.41587829589844,36417642
2021-07-15,65.56451945671017,67.52166929123884,63.900945083734456,66.00487518310547,23362044
2021-07-16,65.5645175042723,66.53330455305304,63.60736772802537,63.83244323730469,20631499
2021-07-19,62.521144060561895,64.11621831432338,61.53278514422523,61.855712890625,18055236
2021-07-20,61.21964234090226,65.45686938820519,61.02392662948464,65.19265747070312,23154016
2021-07-21,64.674001015357,67.29658161850836,64.64464496769155,64.98715209960938,24670500
2021-07-22,65.10458591281548,65.5547294640609,60.43678326281329,62.34500503540039,33020259
2021-07-23,61.79700609898396,64.5370113248271,60.79885925834521,61.64043426513672,26089057
2021-07-26,60.66186205954363,61.787220998656615,56.042987156840894,56.8062744140625,32897270
2021-07-27,56.757341727909825,58.59706350501072,55.38733543439424,55.48519515991211,21945818
2021-07-28,54.80019264905093,56.356126839655154,51.58068043500713,54.60447692871094,18864797
2021-07-29,56.26805507550514,56.63991457166964,54.64362093916576,56.15062713623047,18514698
2021-07-30,55.77876771428279,58.22520489473379,54.60447712107293,56.864986419677734,20960459
2021-08-02,58.15670341879849,61.54257149134949,58.15670341879849,59.75178146362305,25721117
2021-08-03,59.77135837679794,59.77135837679794,55.338411415820865,56.023414611816406,20945456
2021-08-04,55.43626893641028,61.16093054195002,55.43626893641028,59.61478042602539,30292919
2021-08-05,58.70470669073817,60.945640252424084,58.02948765747738,59.69306564331055,17201294
2021-08-06,60.92607300942671,61.04350468781884,56.41484575409099,57.92184829711914,22377728
2021-08-09,56.94326905488418,61.49364359076205,55.66133839324629,60.46614074707031,28620679
2021-08-10,61.41535816601286,61.728505563674595,59.37013650618106,60.681427001953125,17763830
2021-08-11,60.67164346994448,60.96521519175404,58.71449368059143,59.20378112792969,12084621
2021-08-12,58.861280189872744,62.266720304917,57.73591759109681,60.01599884033203,24266836
2021-08-13,59.164635129531426,59.595210456956295,57.35427313202894,57.74570083618164,19064038
2021-08-16,56.923695074610016,57.58912624601982,54.47725804235825,54.496829986572266,23666380
2021-08-17,53.96840605463331,55.19162465303418,51.287109244433154,51.463253021240234,24072918
2021-08-18,51.34582526272178,52.33418425122175,50.553178264284995,52.060184478759766,15488644
2021-08-19,52.10911351594556,55.28948194649623,52.10911351594556,54.69255065917969,21594817
2021-08-20,54.682766703378995,55.72984155245492,53.33233229006941,55.34819793701172,15224594
2021-08-23,56.26805758218582,60.886932373046875,56.11148574518886,60.886932373046875,30651911
2021-08-24,63.29422009175057,65.23180153369331,62.296073320526546,63.94986343383789,44138096
2021-08-25,64.63487240911799,68.0892404660794,62.62879096223541,65.46665954589844,33912255
2021-08-26,65.68195217365908,67.53145819927461,64.50765777480314,64.8305892944336,20031999
2021-08-27,64.87951084853367,71.31852722167969,64.87951084853367,71.31852722167969,26237799
2021-08-30,70.06595794544296,73.07018244396474,69.08738309294813,70.2127456665039,37542546
2021-08-31,69.42009858697035,74.9979719514269,69.42009858697035,73.00167846679688,28762283
2021-09-01,72.00354004044112,74.86097684179401,70.4378217565446,72.7178955078125,24336667
2021-09-02,71.75889463297611,77.11170018919329,71.68060685414412,74.35211944580078,19812178
2021-09-03,73.54969532280649,75.83955707536921,70.94668242534539,75.77105712890625,26072868
2021-09-06,75.01755595210074,75.24262399978117,70.08553752505117,72.53197479248047,22081835
2021-09-07,72.90382792589193,79.5287765208581,72.52218432328613,77.60099029541016,27153564
2021-09-08,78.03155100458535,80.07677618068354,75.35025819310997,77.61076354980469,19483095
2021-09-09,77.59120377874032,78.58934687966061,75.0175545105951,75.83955383300781,15999462
2021-09-10,76.05484289352002,76.32884267266734,72.4243308879501,73.36376190185547,19877849
2021-09-13,74.59676902027212,75.25241242118865,71.24025676476809,74.08790588378906,18351775
2021-09-14,74.09768411398765,80.12570092351092,73.29525308676735,77.85540771484375,19080355
2021-09-15,78.77527408536699,79.26456150204628,75.69276186710071,78.26641845703125,14634686
2021-09-16,77.18998643572336,78.7752804822325,74.4793372122153,77.4150619506836,14983070
2021-09-17,77.38570532986783,80.23335442299573,73.50076175992596,74.07811737060547,17210680
2021-09-22,71.8958906391452,73.66710861066615,70.75095993266811,70.84881591796875,15937438
2021-09-23,72.25797205915774,72.41454763769863,68.5002477653906,68.7938232421875,15297368
2021-09-24,68.97974427944732,70.06596304200221,67.23788210985381,67.91310119628906,12275626
2021-09-27,66.54308977291008,68.50023947211332,61.12178421020508,61.12178421020508,28873080
2021-09-28,61.06307400295239,61.112002000357215,58.20563341231415,58.71449279785156,23335836
2021-09-29,59.35056339947403,59.46799133080981,55.583048161520814,56.9824104309082,17172741
2021-09-30,57.93163286716607,59.45820727043372,56.26805484684004,58.1077766418457,15172762
2021-10-08,59.653922890619185,59.653922890619185,57.21727356657172,58.16648864746094,12662336
2021-10-11,57.344484213928375,62.13950243006498,56.26805338155491,59.21356201171875,19513900
2021-10-12,58.65577948871806,61.06307663421752,56.913917321872745,57.92184829711914,16668221
2021-10-13,57.62827607404373,61.44471973089402,57.45213229092959,60.17257308959961,18585458
2021-10-14,59.77135344018547,61.16092793095265,58.371991110487926,58.86127853393555,12379699
2021-10-15,58.87106126680937,60.965210793047234,57.93163033161296,59.79092025756836,16516913
2021-10-18,60.88692570395405,65.77001190185547,59.79091923205649,65.77001190185547,17092365
2021-10-19,67.71737600302079,70.33995687523583,65.24158285012554,66.27887725830078,27800174
2021-10-20,66.27888180774659,72.41454319625623,64.97737538820591,69.91917419433594,24351090
2021-10-21,71.28917608544468,71.28917608544468,67.90330801193922,68.30452728271484,16723339
2021-10-22,68.30452334445177,69.44945405719733,67.13022911661545,67.53144836425781,13191658
2021-10-25,68.50023378330958,70.447595481831,67.03237163081009,69.7625961303711,14718075
2021-10-26,72.04267756886368,73.37353985913388,68.10880279541016,68.10880279541016,17622678
2021-10-27,68.39260515846762,69.28311197917056,66.84645488912044,67.26724243164062,10536074
2021-10-28,66.59202241815841,67.22809010640572,63.949865808314286,64.28258514404297,12845905
2021-10-29,64.4685114777735,66.22994927741237,64.24344343255706,66.22016143798828,10896993
2021-11-01,65.27093778654282,68.00116244192164,63.39207591593807,66.85623168945312,13878616
2021-11-02,66.44523323298795,68.98952632777596,65.5547265435487,66.87580108642578,11433724
2021-11-03,66.07336886607013,66.8366635005739,64.23365088372275,65.07522583007812,11608860
2021-11-04,66.33759007192735,68.35345187670073,65.59387109440632,66.88558959960938,12613954
2021-11-05,66.17123554239858,68.6568166135671,65.07522899785641,65.95594787597656,9644911
2021-11-08,65.96574210862224,70.82925342319066,65.96574210862224,69.5081787109375,17475084
2021-11-09,69.30266942983349,70.15403222296025,67.77609507823163,69.36138153076172,11951307
2021-11-10,68.4023920271827,68.4023920271827,63.56822927702586,63.97922897338867,21660015
2021-11-11,63.90094251755945,63.90094251755945,59.8007113897827,60.49549865722656,22424546
2021-11-12,60.52485616339188,61.112003344060476,58.714494088839466,61.053287506103516,13515098
2021-11-15,61.64043490873209,62.27650635720474,59.71264115132399,59.98664093017578,12792691
2021-11-16,60.182355825920766,60.280211821881814,58.39156198269117,58.665565490722656,12544344
2021-11-17,59.115707210239776,60.41721356733803,57.91206057903246,60.24106979370117,11407245
2021-11-18,60.2606418207298,61.44471650836722,59.526710673901626,60.95542907714844,9973483
2021-11-19,61.16093219163516,62.16886315960385,59.42885414401201,60.769500732421875,11440433
2021-11-22,61.64043051015959,66.53330095306633,61.18049914307812,64.13579559326172,21164916
2021-11-23,63.48993395802117,64.8697280883789,62.42329094882291,64.8697280883789,14747644
2021-11-24,64.86973173154199,66.22016242068263,64.12601270888739,65.7602310180664,15287586
2021-11-25,65.66237017117322,66.24951358109556,63.11807708422079,63.90093994140625,12832671
2021-11-26,64.096659223822,65.10459022775397,63.137652487828504,64.96759033203125,9439828
2021-11-29,63.60736785097501,66.22016101549093,63.21593640178223,65.26116180419922,11765592
2021-11-30,66.54309457622789,71.02496950274508,66.05380711610856,68.14795684814453,23546667
2021-12-01,68.14795876849786,68.14795876849786,64.34130281877583,65.91680908203125,16360989
2021-12-02,67.19873697904491,70.721605146192,62.56029401673348,68.7253189086914,30337239
2021-12-03,67.52167025063122,74.25426308933464,67.20852657129466,71.13261413574219,30968674
2021-12-06,72.06225657049642,74.37169398086104,71.42618137878907,71.9546127319336,24618611
2021-12-07,72.5417592670529,73.77476581000388,67.67824797584102,69.97789764404297,19167198
2021-12-08,70.41824941547873,71.09346849044283,68.30453149853425,70.15403747558594,12839830
2021-12-09,69.8898061010889,72.02309933176974,69.18523109412159,69.96809387207031,10932031
2021-12-10,69.32223906510792,69.94853384024914,66.24951462120399,67.5999526977539,21429068
2021-12-13,66.71923318453146,74.36190032958984,66.44523342267058,74.36190032958984,30854827
2021-12-14,74.36190012014008,75.49705052000475,71.7295388731623,72.21882629394531,23159967
2021-12-15,72.90383323952625,75.84934590785329,72.42433360800977,73.76497650146484,16037421
2021-12-16,73.39311381134311,75.40897561492925,72.13075135787598,72.9429702758789,10644090
2021-12-17,73.00169205473962,73.38333569987358,70.457398598535,70.59439849853516,9588799
2021-12-20,70.83903658676081,72.16989905128638,69.35160602013849,71.3381118774414,11606398
2021-12-21,71.3870343486193,76.10376496094376,70.84882264539348,73.68669128417969,14987212
2021-12-22,74.87076713635506,75.83955418973665,71.62189879099338,74.53804779052734,12865861
2021-12-23,74.54783514902961,74.64569114448867,67.8152426179328,68.70574188232422,25790048
2021-12-24,69.16567077048323,70.41824538527118,61.836143493652344,61.836143493652344,31313134
2021-12-27,58.71448887074537,60.113851154135475,55.7787644272081,56.21912384033203,34591989
2021-12-28,57.06070101079914,57.71634437035295,54.33047627556731,56.61055374145508,26025842
2021-12-29,56.51270060979968,56.51270060979968,54.8099786372327,55.46562576293945,14424080
2021-12-30,55.76898613664519,55.778770243305175,53.21490500717701,54.46747970581055,21540048
2021-12-31,54.31090436512194,58.274131774902344,53.90968882453611,58.274131774902344,24185605
2022-01-04,58.30348913016982,59.203776165994,56.02340802484556,56.336551666259766,16210437
2022-01-05,56.669271900793944,58.0294904047048,54.50662228331025,56.17020034790039,14111378
2022-01-06,55.328621887658564,55.328621887658564,51.86446608706344,53.919471740722656,16726132
2022-01-07,53.19532908254597,53.802044440201,51.3751792766141,51.433895111083984,13704811
2022-01-10,50.88589242640907,52.334182762897,49.71160185459088,51.50239562988281,9548535
2022-01-11,51.49260945755305,51.678541074997185,47.26516624855024,47.7838134765625,25322222
2022-01-12,48.439454639516924,48.918957954211464,47.29452386713421,48.10673904418945,14917642
2022-01-13,48.01866773620356,48.322027284489806,45.621158599853516,45.621158599853516,17376434
2022-01-14,45.034014410475535,46.12023307594658,44.1141554083034,44.123939514160156,19530088
2022-01-17,44.12393925055626,46.4725203366232,42.7050049999311,46.198516845703125,22724712
2022-01-18,44.76979778652064,50.81739044189453,43.859722909927804,50.81739044189453,33066882
2022-01-19,51.76661339069068,55.768984856848505,50.5433947730748,52.84304428100586,35328196
2022-01-20,53.16597366927464,53.16597366927464,49.50610206870436,50.61189270019531,20863601
2022-01-21,50.74889124829472,50.915247177463236,48.35138216974998,48.870025634765625,12449945
2022-01-24,48.63517320000026,50.63146688876847,47.754454298200464,50.17153549194336,13225931
2022-01-25,49.75074458938001,50.494459818913334,47.75445103694311,47.92081069946289,9833054
2022-01-26,47.92081291623891,48.615600182924354,46.53123464990112,47.53916931152344,7774918
2022-01-27,47.83274352965858,48.23395910085166,45.17101853073833,45.259090423583984,9787572
2022-01-28,45.014445802613196,46.531236164586105,42.74415231294485,44.82851791381836,17008357
2022-02-07,45.993021158152324,47.842527156386275,44.456658835123754,45.07316207885742,11810275
2022-02-08,44.03586636456047,45.69944428492608,43.16493538262494,44.104366302490234,10576922
2022-02-09,44.0945837933277,46.27680524644348,43.54658053708289,44.54472732543945,10245371
2022-02-10,44.91658998848001,44.98508993373525,42.724580541411186,43.04751205444336,12855635
2022-02-11,42.5190756576516,43.292150642855546,41.100141456028716,41.24692916870117,11133591
2022-02-14,40.97293155393789,41.48179096897223,39.73992877621528,40.26836013793945,14996580
2022-02-15,40.42492964385659,42.842007059468905,39.87692636709105,42.372291564941406,18550989
2022-02-16,42.40164879234469,44.26093871275367,41.88300159871672,43.28236389160156,14212987
2022-02-17,43.25301150083118,44.96551758272973,42.274436596889146,43.51722717285156,11879582
2022-02-18,42.6560749232002,46.16915854208148,42.587574987054964,44.91658401489258,16584721
2022-02-21,44.83830100138694,45.30801649895713,43.48786661276829,44.51537322998047,11747831
2022-02-22,43.93801084821372,45.36672918745404,43.36065155592254,44.2902946472168,11096148
2022-02-23,44.03587003247333,46.4333792586125,44.00651398033445,45.8853759765625,13520971
2022-02-24,45.40587134970624,45.79729902248251,42.431003118367116,43.13557815551758,16915587
2022-02-25,43.77165412906522,46.18873528796166,43.77165412906522,44.5740852355957,17890232
2022-02-28,44.035867520902364,44.99487041006823,43.21386451119351,44.24136734008789,9900603
2022-03-01,44.81872815291272,45.11229986635978,42.76372242581643,44.026084899902344,11019953
2022-03-02,43.15515330546101,43.556368881027716,42.568009835400964,43.184513092041016,8261617
2022-03-03,43.253010958100035,43.458510789437206,41.589432895679465,41.78514862060547,9819680
2022-03-04,41.98085890683251,42.87136179356089,41.100140125247755,42.294002532958984,9155846
2022-03-07,41.589435731580515,42.010223262325646,40.023717291343196,40.64021682739258,10636535
2022-03-08,40.00414137415097,40.71850057492566,37.48920427931167,37.665348052978516,14534323
2022-03-09,37.675128929392024,40.61085326155244,36.81398208006101,40.46406555175781,23806563
2022-03-10,41.17843209435858,41.43285991665019,39.83778184211502,39.92585372924805,12828015
2022-03-11,38.97663692971898,41.35457031148515,37.675130625381776,40.66957092285156,12650523
2022-03-14,40.31728656423344,41.29586146271985,39.56378344444287,39.827999114990234,8553041
2022-03-15,39.436566018054116,39.994353388296396,38.16441944965885,38.61456298828125,13737009
2022-03-16,39.14299104077789,42.47993087768555,38.751559637183504,42.47993087768555,28795477
2022-03-17,42.71479415893555,43.91844078953327,41.579647469943374,42.71479415893555,22807886
2022-03-18,42.11786586948372,44.38815940771173,42.06893786959297,43.65422821044922,16331745
2022-03-21,44.03586800205334,44.81872713105204,43.057293157563265,43.59550857543945,13265468
2022-03-22,43.2334392885008,44.16308618811299,42.77350789193154,43.86951446533203,10316384
2022-03-23,44.18265867155055,44.18265867155055,42.02979312335359,42.33314895629883,15371383
2022-03-24,41.8536460504683,41.89278993969574,39.133209209596004,40.023712158203125,18919327
2022-03-25,39.857354676025956,39.90628267375369,38.65370801368251,38.810279846191406,16604457
2022-03-28,39.3582829663933,42.6952231662041,38.54606402214176,42.31357955932617,28878533
2022-03-29,42.02978979958954,42.65607709507196,40.61085554596838,40.914215087890625,15486730
2022-03-30,41.10014071170219,42.568002879977264,40.46406561226304,42.24507141113281,13619076
2022-03-31,42.05914745765108,44.231584863239284,41.50136008048117,42.127647399902344,13590314
2022-04-01,42.41143344611663,45.45480177650256,42.0787178533067,44.24136734008789,22989963
2022-04-06,44.711081879159636,44.7991537616819,43.17471972080083,43.752079010009766,13329879
2022-04-07,43.15515116559442,44.54472945085219,41.0707893371582,41.0707893371582,15665529
2022-04-08,41.07079050214787,41.84386185029669,40.27814347471636,41.14907455444336,8549817
2022-04-11,40.610854172019124,41.09035746619406,38.83963244137151,39.17234802246094,14043935
2022-04-12,39.14299609476032,42.166792692399234,38.751564640625915,41.97107696533203,16492999
2022-04-13,41.42307211860743,41.97107160484546,40.385781510709464,40.46406555175781,9162091
2022-04-14,41.39371561795973,41.883003045436716,40.46406875916009,40.51300048828125,9872650
2022-04-15,39.828001507821824,40.023717245870934,38.849426550543484,39.27021408081055,11282111
2022-04-18,40.033501143046145,43.194297790527344,39.642069669000165,43.194297790527344,27383544
2022-04-19,43.8401552133334,44.47623039790308,41.51114588273152,42.33314895629883,20743023
2022-04-20,42.33314838162013,43.350867169929124,41.60900504864537,42.2646484375,12793399
2022-04-21,41.657931554559916,42.30379081381795,39.93564144086079,40.10199737548828,14845653
2022-04-22,39.925852670966236,41.41328687369408,39.24084953730691,40.503211975097656,10604159
2022-04-25,40.12156912289269,42.07871883620453,39.22128204659332,39.50506591796875,15759653
2022-04-26,39.84757135116518,40.415142855278646,35.55162811279297,35.55162811279297,26697903
2022-04-27,32.3908270303486,36.618270212728554,31.999399318182707,35.894126892089844,33711261
2022-04-28,35.2286973452876,36.50084400282957,34.2305504725484,35.32655334472656,17382687
2022-04-29,35.74733936174867,38.56563607635085,35.58098342308907,38.03720474243164,18818610
2022-05-05,38.45798977828379,40.004139789683016,37.90020242808703,38.77113342285156,15286600
2022-05-06,37.38156015346724,38.555850724360305,36.990128718847274,37.12712860107422,12093782
2022-05-09,36.54976651060966,37.37176947447153,35.58097956964499,35.659263610839844,10584109
2022-05-10,34.87640950587546,36.55955956062184,34.10333442417524,36.5106315612793,9105683
2022-05-11,36.5106294818047,40.16071327277936,36.285557711274386,39.15277862548828,30175274
2022-05-12,38.39927731390804,39.1429925294625,37.96870200698529,38.467777252197266,17089079
2022-05-13,38.76135169082857,42.31357955932617,38.7222077996188,42.31357955932617,28966571
2022-05-16,43.69337197978418,46.28659329631933,43.11601262358773,44.60344696044922,39458238
2022-05-17,44.02608561257877,48.89938808018098,43.88908199331664,47.12816619873047,36682940
2022-05-18,46.971591734173145,48.733025677611295,46.02237295666238,46.37466049194336,31569857
2022-05-19,45.49394811306879,46.638878938378646,45.14166055667593,46.120235443115234,19951241
2022-05-20,46.3061599606719,47.52937847977876,45.68965678181137,46.36487579345703,15963464
2022-05-23,45.79730017985593,47.53916587316811,45.288440832717164,46.89330291748047,20524232
2022-05-24,47.3532419232394,48.01867319757319,43.820585704988076,44.09458923339844,25722096
2022-05-25,44.251158221937594,45.28844522799642,42.73436413887112,45.18080139160156,18479351
2022-05-26,45.161230709967974,46.46273331613443,44.241367964124386,45.973445892333984,14108581
2022-05-27,45.99301449205363,47.46087665669364,44.98508366688345,46.21808624267578,19404178
2022-05-30,47.39237977091088,50.83696365356445,46.1985172722902,50.83696365356445,46179929
2022-05-31,50.885890601105956,54.18368669675465,50.4455311858492,51.41432189941406,38998972
2022-06-01,51.854683180968365,56.551841735839844,50.797820546314696,56.551841735839844,35283915
2022-06-02,56.776914232436965,62.208003997802734,56.75734228714055,62.208003997802734,29320202
2022-06-06,66.53330518431216,68.43174287438265,64.58594322893163,67.76631164550781,59064088
2022-06-07,66.74859428966491,68.45131255725795,63.48993801949485,65.17308807373047,51172659
2022-06-08,65.28072934286351,66.34737984425067,62.638580153480866,65.25137329101562,46320463
2022-06-09,64.66423235584675,66.7192381899064,62.6287947351308,63.62693786621094,33590487
2022-06-10,63.28443458182808,69.9876708984375,63.13764685922975,69.9876708984375,41639751
2022-06-13,70.4476043141609,71.91546665069284,66.14187330048046,67.52166748046875,50563621
2022-06-14,65.5645160188833,67.52166575079026,62.21779176914648,65.5938720703125,57526569
2022-06-15,65.56452068504511,68.92103301278256,64.78165775019326,65.31008911132812,47787907
2022-06-16,65.7602322565523,71.68061356464774,65.7602322565523,68.87210083007812,44939591
2022-06-17,67.62930746371937,74.27383149120655,66.98344448878416,72.80596923828125,43854152
2022-06-20,74.46955403446871,75.99613607087245,69.0873916770166,70.4671859741211,43059043
2022-06-21,70.33996290139055,70.72160652475799,67.91310126899936,69.3418197631836,25465866
2022-06-22,70.43782948719425,71.74911636076888,68.70574761277463,68.7938232421875,26540468
2022-06-23,70.80967668987243,75.6731948852539,69.51795818748394,75.6731948852539,38926866
2022-06-24,78.18812236590462,83.23756408691406,77.40525959607504,83.23756408691406,35959021
2022-06-27,84.64672258712513,84.99901012233465,78.46212997535055,80.51713562011719,52201388
2022-06-28,80.94771148935438,88.56102250580095,78.5991303938039,85.86994171142578,50807843
2022-06-29,83.36480693103265,84.58802568531621,77.28785705566406,77.28785705566406,46996950
2022-06-30,75.54598232800552,82.39600690314354,75.54598232800552,79.3526382446289,39428551
2022-07-01,79.58749583891928,85.04794539642383,77.44441448802117,82.70914459228516,40983716
2022-07-04,83.17886053924865,83.98129160110759,75.16433029348586,81.23149871826172,42231609
2022-07-05,83.05165230891461,87.09316385395171,76.33862807076228,77.24870300292969,58212783
2022-07-06,75.35027258863691,76.75942293264033,73.34419091646173,75.93741607666016,41228719
2022-07-07,76.13314048639042,81.21193982632948,75.36984568994059,79.58750915527344,41636341
2022-07-08,80.5367094343054,80.68348968230227,76.4266907739275,76.80833435058594,24374952
2022-07-11,76.18205596813573,76.31905585955188,71.72954456524255,72.9038314819336,28775536
2022-07-12,74.27383504859303,74.96862231900954,71.23046656782276,73.09954071044922,23608533
2022-07-13,72.42432541140627,74.2738312467297,70.4573879084993,72.32646942138672,20797735
2022-07-14,71.55339374679187,75.08604945516052,71.24025010206354,73.98025512695312,22138884
2022-07-15,73.39311429109162,77.1704138372145,72.2971077632752,72.35582733154297,28479868
2022-07-18,72.91360988112855,76.01569018159307,72.49282242170761,73.58882141113281,21664830
2022-07-19,73.80411256363763,75.03711895120696,71.75889473382888,72.33625030517578,19026702
2022-07-20,71.5631777996845,72.76682817890469,70.91732226556508,71.66104125976562,15272125
2022-07-21,71.43597137467589,71.89590279588427,69.03846573272148,69.48860931396484,17039821
2022-07-22,69.4788186359667,71.24025646099864,69.41031869087847,70.51610565185547,15215533
2022-07-25,69.7723847446242,71.53381486765696,67.61951575078453,71.31852722167969,17982826
2022-07-26,71.44575702084761,74.07811847959297,70.74118188368922,72.0720443725586,21196803
2022-07-27,71.06411831340536,72.72769280656381,69.98767985390143,71.43597412109375,13631722
2022-07-28,72.61024914527452,73.93133113389356,69.9681000999033,71.84696197509766,21852494
2022-07-29,71.43596646301975,77.17041587499715,70.84882302637348,74.76312255859375,28094039
2022-08-01,74.27383590848873,79.83214160210521,73.30504885440283,79.2939224243164,40704973
2022-08-02,76.3288396034352,76.50498337808047,72.96253967285156,72.96253967285156,33743878
2022-08-03,73.3931066040793,75.58511196419327,68.61766448877638,69.39073944091797,31415458
2022-08-04,69.55710175694843,70.45738882229819,64.72293963476423,66.64094543457031,26900363
2022-08-05,66.65073377668402,66.97366526971504,65.17308365948779,65.93637084960938,16935079
2022-08-08,65.22201400516514,66.49415680640882,63.4605763222942,65.31986999511719,13817491
2022-08-09,65.56452492581414,66.45503175845522,64.5859499269214,64.89909362792969,16683434
2022-08-10,63.832439084482914,66.40608818507452,63.30400778336295,63.411651611328125,17575404
2022-08-11,63.460579331602005,64.36086642734621,62.26672051911368,63.822654724121094,18747653
2022-08-12,63.56822464016437,64.04772425094481,62.62879363160241,62.77558135986328,10167150
2022-08-15,62.511359069439344,66.21037434003429,62.2960714195781,64.92843627929688,19529204
2022-08-16,64.88930578747903,66.15166843196285,63.812874781883956,64.89909362792969,15913348
2022-08-17,64.22386283737721,66.74858766828079,63.754151104052546,66.1418685913086,16788978
2022-08-18,66.40609363336966,66.68009341214923,63.61715664802905,63.91072463989258,17153983
2022-08-19,63.31379159572454,63.91072286834824,61.483861352770354,62.21779251098633,15908707
2022-08-22,62.03186213276745,65.63301805289962,61.25878706811057,65.38837432861328,21591062
2022-08-23,65.3981625019195,65.3981625019195,63.63672469169176,64.20429992675781,12040999
2022-08-24,63.8520140419501,64.52723313126278,60.28021406212544,60.661861419677734,17060566
2022-08-25,61.35664464172169,62.69729115847384,60.56399765901703,62.6190071105957,15306147
2022-08-26,62.62878879255544,65.41772555028724,62.325429252973485,64.12600708007812,15849234
2022-08-29,65.36880590645438,65.93637367087223,64.19451155407819,64.90887451171875,14777776
2022-08-30,64.48807993679925,65.55472287065572,63.85200483225682,64.91864776611328,8432640
2022-08-31,64.58594466750685,66.65073834430339,59.49735434104926,60.475929260253906,25761975
2022-09-01,60.47592833503533,64.29236822176567,59.36035354148389,63.13764953613281,18253463
2022-09-02,64.78164818485664,66.64094178114503,62.44285876435407,63.67586135864258,22643040
2022-09-05,62.736436760698574,63.70522381080469,61.160930591389665,62.88322448730469,13696367
2022-09-06,63.60736337895223,65.54494480996793,63.118075968344904,64.4782943725586,16813769
2022-09-07,65.25136798726231,66.42565476133218,64.58593682437386,65.5253677368164,16309219
2022-09-08,65.65258893213802,66.24952024091417,63.70522689819336,63.70522689819336,11279127
2022-09-09,63.45080177843357,65.33945189737972,63.069158111500904,64.223876953125,8297794
2022-09-13,64.87951470511057,69.39074530273787,64.68379525807313,68.17730712890625,24307877
2022-09-14,67.21831235914169,69.02867443335305,66.20059356588146,67.41402435302734,19446251
2022-09-15,67.71737870516344,68.0011663162568,61.885077049626815,61.982933044433594,26826567
2022-09-16,62.09057967224214,63.38229454027293,60.33892966243073,61.72850799560547,11507494
2022-09-19,61.982929535560764,67.90330647742282,61.9046417577737,65.90701293945312,33781200
2022-09-20,66.47459337187283,67.99138745589865,66.24951785946831,66.69966888427734,19842041
2022-09-21,65.46665515537461,66.70944185767311,64.69358017286878,66.34737396240234,13745191
2022-09-22,64.85993863395714,66.25930094156799,63.11807662852548,64.48808288574219,14441936
2022-09-23,63.7541569529866,64.52723202868751,60.76950048768144,61.89486312866211,17385053
2022-09-26,60.886927387034035,63.470364352410584,60.4954959601123,62.41350173950195,12832956
2022-09-27,63.215934641187886,63.460578356878194,61.063072929486694,62.6190071105957,10001554
2022-09-28,61.76764688722286,62.28629412469303,59.037425742472564,59.330997467041016,12920392
2022-09-29,60.27042860128463,60.329144439504404,55.77876963406493,56.83563232421875,16361168
2022-09-30,55.886411749859356,56.639914852122686,54.076045989990234,54.076045989990234,13600507
2022-10-10,50.88588930965025,51.54153263008524,48.66452407836914,48.66452407836914,19482557
2022-10-11,47.167308067048495,49.41802945400383,46.28658921725578,48.99724197387695,17533384
2022-10-12,49.23210115913611,51.52196641614166,48.72324179836079,51.365394592285156,17607937
2022-10-13,50.69996633205078,52.177612771617426,50.30853488334821,50.7586784362793,11708097
2022-10-14,51.39475107402815,53.909688115623204,51.39475107402815,53.27361297607422,16631236
2022-10-17,52.46139770194001,53.439972540676536,51.13053532398364,52.55925369262695,12777849
2022-10-18,53.89990677806722,54.751265887847936,52.14825682759133,52.24611282348633,11707979
2022-10-19,51.75682252454312,53.50847237844444,51.42410693069017,51.84489440917969,9673936
2022-10-20,50.88589200669068,51.835110802134096,49.750745334321635,51.14031982421875,9738002
2022-10-21,51.27732573751965,51.32625373543421,49.68224762132969,49.8681755065918,8172271
2022-10-24,49.46696053118282,50.621679213752444,47.9012421817496,48.39052963256836,11673297
2022-10-25,48.507958759472025,50.10303693330314,47.4608838878012,49.24188995361328,13282425
2022-10-26,49.30060462538173,50.00517601665271,48.4394576660872,49.163604736328125,10381776
2022-10-27,49.15381611169915,49.887747276734814,47.6663818359375,47.6663818359375,12032367
2022-10-28,47.1673056387921,47.60766504101798,44.916584367707884,45.337371826171875,17386745
2022-10-31,45.33737695942463,45.99302035133223,44.68172983455003,45.18080139160156,10595985
2022-11-01,45.8951666302695,46.511666160792444,44.93615989463277,46.34531021118164,14602326
2022-11-02,46.40401868541284,50.98374938964844,46.19851885799677,50.98374938964844,23187852
2022-11-03,50.8858921023856,53.479116943097736,50.23024874596738,51.081607818603516,26168918
2022-11-04,50.68039222859005,56.18976593017578,50.58253250409733,56.18976593017578,39488961
2022-11-07,56.18976583597722,56.688841097636434,54.38919170393125,55.475406646728516,27191800
2022-11-08,55.06440468915704,56.268051250560866,53.73354235795607,54.3109016418457,15729270
2022-11-09,54.49683127535815,55.7787656544423,53.351900509012054,53.62590026855469,15136099
2022-11-10,52.158040228816866,52.82347144421367,51.27732507876832,52.353755950927734,15249386
2022-11-11,54.800194524949596,55.485197703104866,52.02104165329418,53.08768844604492,22566536
2022-11-14,52.35375296559894,54.00754307055079,50.75867496085563,51.17946243286133,16119884
2022-11-15,50.94460977541709,52.980043591816006,50.40639060315511,52.77454376220703,18275478
2022-11-16,52.637543257871066,54.0564775687857,51.69811227671525,51.87425231933594,13780680
2022-11-17,51.32625111315374,51.717678809438965,49.10488577802724,49.88774490356445,17981006
2022-11-18,49.88775096562755,50.10303865117331,47.97952904884015,48.018672943115234,17441577
2022-11-21,47.079237827568065,49.78989067893113,46.678022278187505,49.26145935058594,19784026
2022-11-22,48.928743979438465,48.928743979438465,47.25538183125373,47.3630256652832,14873440
2022-11-23,47.36302267518192,47.80337835682299,45.66030084968749,46.1887321472168,17048436
2022-11-24,46.61930732187619,47.4510982210031,46.16916376684768,46.48230743408203,14299873
2022-11-25,46.48230746710344,46.48230746710344,44.67194540630831,44.818729400634766,17865469
2022-11-28,43.54658204554184,44.61322881125693,42.9692227185407,44.153297424316406,11988848
2022-11-29,44.33922523234636,46.22787488222542,44.055437646351415,45.99301528930664,17279885
2022-11-30,45.9832368572703,50.59232380689007,45.52330545308178,49.17338943481445,45866934
2022-12-01,51.179463698336185,52.72561374681395,47.75445173739444,47.813167572021484,36423024
2022-12-02,46.72695197951733,47.06945170502855,45.01444588602716,45.425445556640625,30503655
2022-12-05,46.09087807795047,46.844381228024915,45.14166292668653,45.44501876831055,23431307
2022-12-06,45.014445018997726,46.87373880644746,44.60344535630059,45.826663970947266,19249829
2022-12-07,45.797303889106594,48.43945682622114,45.78751978275827,46.952022552490234,28014443
2022-12-08,46.961810507205016,48.126313279798524,46.39423528046682,46.8345947265625,16246731
2022-12-09,46.98137560882802,47.343450981067136,46.09087266923368,46.66823196411133,12165428
2022-12-12,46.28658602117595,46.28658602117595,45.35693924013485,45.562442779541016,10926111
2022-12-13,45.39609014026483,46.80524042033288,44.64258700061002,44.72087478637695,16507183
2022-12-14,44.28051166973035,45.073158636857656,44.03586795884786,44.54472732543945,10423799
2022-12-15,44.72087292940406,46.37466313890467,44.33922932205522,46.29637908935547,21120263
2022-12-16,45.80709427457837,45.8462344351142,43.64444082062802,43.84015655517578,19917958
2022-12-19,43.986942233883916,46.77587918872333,43.986942233883916,44.818729400634766,25398479
2022-12-20,44.21201232797863,44.388156100836454,42.99857786306545,43.78144073486328,17840008
2022-12-21,43.54658636930928,43.90865806467719,42.43101149555005,42.79308319091797,13111640
2022-12-22,43.20408089283543,44.26093978411899,42.67564958071026,42.76372146606445,15878763
2022-12-23,41.76557547103953,41.90257535464901,39.95521346682834,40.81635665893555,21979003
2022-12-26,40.5619267503388,42.93986384485313,40.473854867839506,42.920291900634766,20149746
2022-12-27,42.9594369474686,43.31172075399842,41.88300238423273,43.05729293823242,12422903
2022-12-28,42.078719857242284,42.29400752547992,40.61085753664081,40.70871353149414,20605806
2022-12-29,40.64021309992777,40.64021309992777,38.91792297363281,38.91792297363281,26982635
2022-12-30,39.534424760873975,40.61085558438174,39.0255653995715,39.133209228515625,18169548
2023-01-03,39.14299329731892,41.05121496715656,38.45799016802249,40.914215087890625,20874702
2023-01-04,40.1215695465445,40.44450104447493,39.426782286894436,39.86714172363281,12550813
2023-01-05,40.787000411314786,41.10014406747727,40.00414127090858,40.219425201416016,15230458
2023-01-06,40.00414435640291,41.246934970826395,39.83778467644153,40.32707214355469,15564709
2023-01-09,40.102000198287705,41.50136264734304,39.94542835874843,40.56193161010742,19667824
2023-01-10,40.80657155396363,44.23158349223211,39.73013699072776,43.05729293823242,40880940
2023-01-11,41.961292958357916,42.49950840934427,41.667721233544185,41.9123649597168,21851511
2023-01-12,42.00042988872019,42.95943650660447,41.62857414126036,41.92214584350586,15831785
2023-01-13,42.05915011168233,42.35272184456521,40.9044313937715,41.21757507324219,14715108
2023-01-16,41.198003175426805,41.52093469505726,38.8592096834382,38.898353576660156,53308961
2023-01-17,38.92770834583659,39.64206757521796,37.55770572496972,38.937496185302734,28476744
2023-01-18,38.92770535344128,40.004139900983745,38.55584960758666,38.65370559692383,23506821
2023-01-19,38.73199631509264,38.73199631509264,38.00784924693737,38.16442108154297,17415394
2023-01-20,38.24270528277843,38.839632779877704,37.86105797202319,38.702632904052734,21053367
2023-01-30,40.131352848239985,41.863430776045284,39.97478102197906,40.03349685668945,48190276
2023-01-31,39.583354574720815,40.6108574503656,39.54421068367587,40.053070068359375,25449863
2023-02-01,40.05306877017333,41.589430980705586,39.85735305425901,40.92399978637695,38686724
2023-02-02,41.19800100734949,42.470151339345286,40.659785569256535,41.540504455566406,36641354
2023-02-03,41.51114143842116,41.51114143842116,39.289779915967,39.76927947998047,39151572
2023-02-06,39.74971187637414,40.082427495740724,39.03535263863911,39.1234245300293,22567090
2023-02-07,39.24084851656348,39.4952800584596,38.810276942618756,39.358280181884766,16255230
2023-02-08,39.63228808578146,39.68121608991117,38.712428916053824,38.829856872558594,17394006
2023-02-09,38.71242320723665,39.87692595885412,38.369919762901944,39.69099807739258,23161583
2023-02-10,39.681210441572055,39.69099828078522,38.360135853278585,38.565635681152344,25942976
2023-02-13,38.839634504859944,39.2702098285377,38.16441920132003,38.96685028076172,18805827
2023-02-14,38.97663966826665,39.13321150137907,36.89227410692185,38.57542037963867,32434948
2023-02-15,38.45799467537875,39.270213673315894,38.03720714947807,38.19377899169922,23334545
2023-02-16,38.19377367044543,38.252489502960614,36.432339757623176,36.7454833984375,37782459
2023-02-17,36.44212951516311,36.579129398612686,35.02319521821115,35.05255126953125,36692498
2023-02-20,35.22869454047306,35.78648190539321,34.602407234806,35.75712585449219,22284915
2023-02-21,35.776695291245524,37.1760575249143,35.76690745298684,36.608482360839844,28985576
2023-02-22,36.34426968403848,37.27391654714363,35.92348219582212,36.89227294921875,23157170
2023-02-23,36.84334903371704,37.63599236859753,36.47148950069334,36.59870529174805,21652239
2023-02-24,36.20726962029802,36.62805710641451,35.87455402041445,36.23662567138672,13509523
2023-02-27,37.08798763966167,37.28369961976044,36.16812490814379,36.52041244506836,20253558
2023-02-28,36.50084219508218,36.911845584897996,36.11919859001765,36.843345642089844,14549972
2023-03-01,36.76505867658237,38.369920914531505,36.432343061424596,38.16442108154297,37617840
2023-03-02,38.07634504563357,38.438416673806486,37.410913887768096,37.684913635253906,25445067
2023-03-03,37.4598418808239,38.02741705257776,37.352198056321164,37.684913635253906,15777455
2023-03-06,37.665344831497066,37.939344574669725,36.79441014376042,37.67512893676758,16033648
2023-03-07,37.45006090540256,38.07634822798064,36.93141741632389,36.96077346801758,17913374
2023-03-08,36.354057413098666,37.16627260287184,36.217053797492994,37.009700775146484,12996279
2023-03-09,37.40112793400116,38.64391830762704,37.40112793400116,37.655555725097656,28573289
2023-03-10,37.15648913126545,37.41091695580101,35.91369859430154,36.18769836425781,26161362
2023-03-13,35.434193225150366,35.708196712308315,35.03297769952743,35.56140899658203,19730358
2023-03-14,35.561414511280574,38.80049900149149,34.92533928844934,37.96870803833008,46916819
2023-03-15,37.77299281901067,38.32099615290041,37.293493168203526,38.154640197753906,32861849
2023-03-16,37.77299103952826,39.69100075130145,37.587063145541094,37.949134826660156,34033110
2023-03-17,38.05677605935201,39.33871048165107,37.381560743588494,38.85920715332031,41964179
2023-03-20,38.653706485135004,40.297712527950246,38.1742031672444,39.97478103637695,41292588
2023-03-21,40.101999062809746,40.60107435362487,39.36806788581916,40.424930572509766,37621284
2023-03-22,40.23899823279233,40.66957357136418,39.33871113026381,39.642066955566406,26170571
2023-03-23,39.191923060239084,39.80842627771213,38.966851286582845,39.33871078491211,19570701
2023-03-24,39.73013720195746,40.12156863302737,39.05492190297699,39.37785339355469,17998954
2023-03-27,39.04513454962842,39.534421931288094,38.18398771267678,38.55584716796875,21024592
2023-03-28,38.70263276805259,39.02556424533379,38.04698944091797,38.04698944091797,16311174
2023-03-29,37.96870295225705,38.409062375770056,36.99991595349519,37.17605972290039,16459246
2023-03-30,37.1858472455249,37.98827838744885,36.853131620851514,37.64577865600586,14083395
2023-03-31,37.635989975018106,37.87084959487729,34.866624933198594,37.039058685302734,25656876
2023-04-03,35.81583504308106,35.81583504308106,34.79812012063509,35.35590744018555,30811704
2023-04-04,35.130839277,35.46355488165284,34.61219205820868,34.81769561767578,19655297
2023-04-06,34.81769414882499,34.837262360361215,33.27154412979294,33.31068801879883,26384384
2023-04-07,33.242186029860676,33.67275758347691,32.968182556680816,33.45746994018555,14476703
2023-04-10,33.457474666533244,33.46726250604725,32.34189987182617,32.34189987182617,19889445
2023-04-11,32.33211492812829,32.91925836288734,32.33211492812829,32.62568664550781,12217994
2023-04-12,32.61590246861995,32.61590246861995,31.62753975158891,31.911327362060547,16506095
2023-04-13,31.627539630460205,32.077683176608325,31.206752135983994,31.2263240814209,16108866
2023-04-14,31.26547109796921,32.2929740718435,31.26547109796921,31.989614486694336,18941437
2023-04-17,32.41039681174095,33.682543324026334,32.351684711968296,32.948612213134766,21593788
2023-04-18,33.51619138066842,33.81955095309153,32.78226018255159,32.8899040222168,15795091
2023-04-19,32.762686931896994,32.762686931896994,32.01897165658023,32.09725570678711,13016614
2023-04-20,32.018969830079605,32.018969830079605,30.874035330759313,31.14803695678711,18126191
2023-04-21,30.981679182319724,31.51011049007902,30.032462262602152,30.25753402709961,15239755
2023-04-24,30.25753616419259,30.658751726281047,28.946245641006687,29.161531448364258,30483746
2023-04-25,29.171316720860183,29.230032557670526,27.99702798190522,28.43738555908203,23455465
2023-04-26,28.319956668453564,29.445317372133868,28.202526865255443,28.897315979003906,16256178
2023-04-27,28.68202998627551,29.132175413827138,28.33952839571126,28.359100341796875,13053841
2023-04-28,28.67224360957372,29.210460920449883,28.456957805113348,28.887531280517578,13162391
2023-05-04,28.87774563632942,29.45510497891436,28.182956484030804,28.476530075073242,14806167
2023-05-05,28.13402793347683,28.23188579523779,27.194596940131927,27.54688262939453,21435262
2023-05-08,27.72302518755184,28.17317058525406,27.272881656333013,27.468595504760742,20424767
2023-05-09,27.497956941936692,27.811100632693076,27.018455432155523,27.10652732849121,16294432
2023-05-10,27.057594806489696,28.623314973191746,26.930380894528227,28.075313568115234,29505565
2023-05-11,27.97745495255908,28.672242196216853,27.703453324174994,28.241670608520508,20026927
2023-05-12,28.143813440667838,28.447171127272707,27.282666511199036,27.33159637451172,16760568
2023-05-15,27.155453539773873,27.75238482747245,27.106525541250566,27.732812881469727,11943062
2023-05-16,27.73281321460213,27.73281321460213,27.204381865081952,27.32181167602539,10117091
2023-05-17,27.331596941295565,27.576240663481908,26.76402358048259,27.429454803466797,11211924
2023-05-18,27.429454430314205,27.693668228153626,26.83252315902552,27.067380905151367,11869177
2023-05-19,26.91080798430175,27.057593836373993,26.51937842328131,26.842308044433594,9076056
2023-05-22,26.910807651488003,27.10652336281944,26.304090439547235,26.392162322998047,20784134
2023-05-23,25.971375905876286,26.343233506017246,25.756088256835938,25.756088256835938,17876214
2023-05-24,25.442948020313665,25.81480567012703,25.374448074280956,25.452733993530273,13049547
2023-05-25,25.34509022392343,26.03987939233373,25.120018438776757,25.364662170410156,17498471
2023-05-26,25.4429457652678,25.893089294433594,24.72858658212206,25.893089294433594,19469227
2023-05-29,25.883305486768133,26.127949198868084,25.394018062568232,25.511445999145508,15897454
2023-05-30,25.579945654371997,25.981161188418866,24.836228553911535,25.061302185058594,24906755
2023-05-31,25.335305016123147,25.345090989662168,24.84601753807375,25.227663040161133,22078867
2023-06-01,25.051516989813408,25.423374618337117,24.562229555897066,24.83622932434082,19707631
2023-06-02,25.100444015409856,26.470448404069874,25.031944075949358,26.186662673950195,37464869
2023-06-05,26.421521827333333,26.627021656744976,25.61909072232575,26.000734329223633,23793685
2023-06-06,25.873519756194284,26.2160213296329,25.1493745855865,25.21787452697754,17361279
2023-06-07,25.159158370264397,25.394017975581228,24.562228983994004,24.767728805541992,18125132
2023-06-08,24.660088500001045,25.002588225611557,24.21972904352536,24.28822898864746,15824716
2023-06-09,24.73837269278119,25.540803765073225,24.425227175304165,24.85580062866211,24903147
2023-06-12,24.953657982632752,27.341381072998047,24.865586099257733,27.341381072998047,33333667
2023-06-13,29.35724685769174,29.552962583336416,28.37867196243535,28.77010154724121,79683843
2023-06-14,28.75052988777627,31.19696715028725,28.486316081952552,29.99332046508789,83397834
2023-06-15,29.533391073405515,32.9975471496582,29.37681923717208,32.9975471496582,102818674
2023-06-16,33.65318657856816,34.514333442779375,32.72353977739355,33.94675827026367,108490395
2023-06-19,34.152266084828774,37.3424186706543,34.13269413853941,37.3424186706543,90280948
2023-06-20,38.369919219062915,40.87507219502319,37.38156025671944,39.56378173828125,115393374
2023-06-21,38.78092546229827,39.16256908714456,37.459847069022146,37.52834701538086,78049547
2023-06-26,37.215200801697065,41.28607207768434,37.215200801697065,40.04328155517578,104672340
2023-06-27,40.61085917196013,40.62064327865268,38.84942506290226,39.485496520996094,64571333
2023-06-28,39.19192588572173,40.072644831320176,36.4323448334695,38.19377899169922,74999141
2023-06-29,38.19377713397933,39.04513998430384,37.17606207552644,38.16442108154297,51960797
2023-06-30,38.164418222363544,38.213346217080925,35.34612167763525,35.98219680786133,73148608
2023-07-03,36.696554748449245,39.583351135253906,36.26598318326875,39.583351135253906,80950344
2023-07-04,41.10014215187113,43.33129153128052,39.81820780279001,42.029788970947266,120855860
2023-07-05,42.734360981782096,45.46458565004037,42.27443335066444,42.87136459350586,113151113
2023-07-06,42.362506280633106,46.28658979850496,41.30564364761017,45.621158599853516,112627800
2023-07-07,44.52515550528374,46.18873349053605,43.25300895172614,44.36858367919922,86344030
2023-07-10,44.36858584387652,45.66030440533656,42.851795504749475,43.2725830078125,60648118
2023-07-11,43.05729794574158,47.59788513183594,42.37229473182952,47.59788513183594,98122783
2023-07-12,47.95017059854882,50.18132019919715,45.39608948571874,45.484161376953125,136260341
2023-07-13,44.42730099859897,45.84623158673751,43.96736961093186,44.86765670776367,75835840
2023-07-14,44.40773020430089,45.16123332860079,43.350867515786646,43.45851135253906,67044257
2023-07-17,42.27443696809665,45.01444597660067,42.22550896906332,44.534942626953125,59963905
2023-07-18,44.11415885866116,44.505586583981525,41.57964968531613,43.04751205444336,65868876
2023-07-19,42.02979025193531,43.18450886527122,41.44264310637631,41.99064636230469,52906157
2023-07-20,42.2352880678245,43.11600687786538,40.072638663461085,40.29771041870117,61455835
2023-07-21,39.97478666085687,41.57965277262364,39.02557146342588,40.12157440185547,54848899
2023-07-24,39.64206863497821,41.07079086490228,39.553996742263486,39.96500015258789,31779112
2023-07-25,41.56985739762797,41.88300103756377,39.92585142148167,40.483638763427734,65572184
2023-07-26,39.99435451282847,39.99435451282847,37.83170491245204,38.03720474243164,71221120
2023-07-27,39.82799968960442,40.12157141679241,37.57727813720703,37.57727813720703,51563280
2023-07-28,37.48920693770966,41.33500671386719,36.99013163260806,41.33500671386719,81044756
2023-07-31,43.34107904301412,44.95572523273783,42.95943546604245,44.22179412841797,100684742
2023-08-01,43.54658045604267,45.21994253945273,43.19429291575281,43.77165222167969,67260941
2023-08-02,41.883004369004354,43.69337014765966,41.76557642792969,42.07872009277344,55740396
2023-08-03,41.804717681363435,43.194292139803366,41.794929842660785,42.21571731567383,40552943
2023-08-04,42.56800638302253,43.047509706624055,41.481787691836224,41.88300323486328,41156088
2023-08-07,41.25671811905161,42.431008759431656,40.640214879582864,41.50136184692383,32744972
2023-08-08,41.10014645058621,41.677505800044074,39.59314018481928,39.77907180786133,43852296
2023-08-09,39.77906835890364,40.160711945580495,39.04513723591994,39.25063705444336,27939595
2023-08-10,39.10385668205886,39.250644427415395,38.585213118942654,38.829856872558594,18597471
2023-08-11,39.025567083314115,40.33685756590841,38.21334814475958,38.506919860839844,44259671
2023-08-14,37.645773925330204,38.42863302237152,36.57912723905934,37.09777069091797,40545930
2023-08-15,37.13691611065085,37.32284398731432,36.30512525270349,36.70634078979492,23206411
2023-08-16,36.57912796378349,36.67698395298994,35.130837672321135,35.15040588378906,35894056
2023-08-17,35.13083741273558,35.25804945117064,33.614043460476424,34.72962188720703,47501675
2023-08-18,34.729624121392334,35.82562694137302,34.279476839697075,34.28926467895508,36651619
2023-08-21,34.054402651395584,34.524118112377366,33.17368756191724,33.2421875,31310437
2023-08-22,34.09354935250029,34.191405348415636,32.97797457401074,33.760833740234375,27336515
2023-08-23,33.48683110385006,33.917402675239,32.312540588374176,32.410396575927734,25613676
2023-08-24,32.61590093767514,32.889900696046226,31.92110997000073,32.185325622558594,25783230
2023-08-25,31.911325868786108,32.01896969758076,31.079536888289656,31.353538513183594,27471563
2023-08-28,33.46726207522348,34.48498085949156,32.56697123284266,32.929046630859375,68024488
2023-08-29,32.97797262676379,36.08984089510267,32.253825607661206,35.57119369506836,77544871
2023-08-30,35.228692513243054,36.569338933099715,34.93512082222601,35.903907775878906,56424017
2023-08-31,35.42440934680906,37.21519933214136,34.9938340354978,35.26783752441406,40089311
2023-09-01,35.22869363833816,37.71427458539958,35.22869363833816,36.09962463378906,56232440
2023-09-04,36.12898356643211,39.7105712890625,35.22869644900395,39.7105712890625,74469524
2023-09-05,40.32706972505469,41.47200427057824,39.71057024120122,40.17049789428711,87118131
2023-09-06,40.17049825594711,44.192441627897615,40.17049825594711,42.96922302246094,88892579
2023-09-07,42.51907816950849,42.58757811067791,40.88485622154714,41.34478759765625,69992416
2023-09-08,41.10014348324453,43.292152778189624,40.904427767683345,42.76372146606445,67209334
2023-09-11,43.44872722821298,45.79730475789365,41.100145965565304,43.51722717285156,94854796
2023-09-12,44.23158327540271,44.603442757822506,41.276286826628024,42.46036148071289,73992110
2023-09-13,42.078722619241496,42.43101019658431,40.415144466771075,40.57171630859375,71634845
2023-09-14,41.090361021107086,44.6328010559082,40.70871368066005,44.6328010559082,57008095
2023-09-15,46.86394803234719,46.87373587111293,44.58387061857197,45.366729736328125,115053796
2023-09-18,47.36302495940917,49.907318115234375,46.97159352022059,49.907318115234375,61235653
2023-09-19,50.67060660858086,52.34397250750042,49.43760388971235,51.47303771972656,117825439
2023-09-20,50.79781875749762,52.25589688182066,49.47674424366827,49.51588439941406,80701809
2023-09-21,49.56481816797978,51.80575176103901,49.03638684749936,50.200889587402344,77551596
2023-09-22,49.4278162309264,49.887747625446394,47.66638216912191,48.91896057128906,78758381
2023-09-25,50.88589343559451,51.795968366829996,49.418031124952364,50.15196228027344,87538486
2023-09-26,49.85838850525183,54.06625954201926,49.13424148607508,49.525672912597656,96903515
2023-09-27,48.909172222936,50.474894276110064,48.53731272202421,49.5648193359375,65595352
2023-09-28,50.26938888391397,54.52619171142578,49.613745527742566,54.52619171142578,98583404
2023-10-09,59.97685241699219,59.97685241699219,58.8906337549696,59.97685241699219,31451070
2023-10-10,65.27093460988537,65.97550964355469,64.29235983332977,65.97550964355469,43860210
2023-10-11,70.35953544410901,71.31853464666177,64.04772298146875,64.30215454101562,187073388
2023-10-12,64.3021533256346,66.24951521175022,63.90094151425351,65.11437225341797,107132646
2023-10-13,64.8795147947869,71.62189483642578,64.78165133816616,71.62189483642578,118326183
2023-10-16,73.45182289766558,77.18019800304502,72.43410419868624,74.440185546875,128168903
2023-10-17,74.08790340705677,76.5343406116192,70.19317955831633,76.42669677734375,107042999
2023-10-18,75.36983626770102,84.06937408447266,75.06648043476225,84.06937408447266,119279234
2023-10-19,81.221716738362,86.89745414741633,77.30741713651324,77.87499237060547,147778585
2023-10-20,76.84748025262078,81.74035440563047,76.3777685148546,79.33306121826172,105899528
2023-10-23,79.46027712139009,86.7800204951457,79.46027712139009,83.43329620361328,113147269
2023-10-24,84.14765055128373,85.00880121068536,77.22912655433859,79.0199203491211,103308079
2023-10-25,80.11593236339905,82.87551337275447,77.80649492681121,80.17464447021484,97210103
2023-10-26,81.22171250741913,82.5134310101046,76.65176975213902,80.78135681152344,89502401
2023-10-27,80.59542846283371,80.70307229790846,77.64991595620741,78.10005950927734,67448098
2023-10-30,79.2645637508209,82.59171977181987,78.69698853954648,81.03578186035156,82352915
2023-10-31,82.6895688788104,83.3745682381788,77.29761975258293,79.74405670166016,78530804
2023-11-01,80.24313425936641,83.15929047233939,78.67741605968739,80.96727752685547,77379543
2023-11-02,81.47613835810184,87.95429863025034,79.42113281114858,83.30606842041016,113902056
2023-11-03,82.04370548850804,87.09315490722656,81.06513071426954,87.09315490722656,93111949
2023-11-06,89.0503144144354,95.80248260498047,87.96409569628132,95.80248260498047,107096423
2023-11-07,95.90034030857886,97.82813405831095,91.1836095838759,92.14261627197266,122585305
2023-11-08,92.12302839234218,94.08996577353138,90.32245439641817,93.2581787109375,72957678
2023-11-09,91.97625413130136,91.97625413130136,87.07359918470739,87.28887939453125,85348574
2023-11-10,87.70966798545221,88.36531886039937,78.77528159312368,79.93000030517578,129279613
2023-11-13,78.78506888406422,80.53671888642953,77.89456212339212,78.97099304199219,63642704
2023-11-14,78.38384379886352,80.5954250448809,77.21934480706491,79.2352066040039,67340554
2023-11-15,79.25477902010967,81.799072265625,75.10562353668772,81.799072265625,112491557
2023-11-16,80.36056750365421,82.49386092575358,79.46027298845074,80.63456726074219,58897615
2023-11-17,80.73242896925616,82.47429109064947,80.15507336391221,81.43700408935547,53723332
2023-11-20,81.43700569953869,82.08286126177701,79.44071197509766,79.44071197509766,47360826
2023-11-21,78.57956140336549,81.02599846491567,77.84563028490042,79.20584869384766,54208239
2023-11-22,78.33492300196691,79.7538536073811,76.30927327646589,76.31905364990234,55527035
2023-11-23,76.04505335072182,78.48170272177259,75.70255363445906,77.02362823486328,58247037
2023-11-24,76.72027854830291,77.46399761021722,74.03898524168525,74.38148498535156,56592379
2023-11-27,71.53382563348819,75.28176939378251,68.84274458563105,74.45976257324219,122976336
2023-11-28,75.2524012726852,78.07069392129466,74.45975063250364,77.23890686035156,85267259
2023-11-29,76.86706380282062,77.09213185598763,73.39311981201172,73.39311981201172,54312882
2023-11-30,72.5906788218269,74.3716846557348,71.92524766048037,74.06832885742188,52239597
2023-12-01,73.99982830804824,76.70068935299506,73.27567758797134,75.72211456298828,55372561
2023-12-04,76.30927621064623,76.62241988913381,74.07811910224626,75.05669403076172,40136563
2023-12-05,74.3619027506432,75.00776575257184,72.85489654541016,72.85489654541016,31584119
2023-12-06,72.21882583029783,73.98025605424809,71.94481860503431,72.80596923828125,36737972
2023-12-07,72.4928303601929,80.04742978027967,72.13075495957469,78.70677947998047,81107378
2023-12-08,78.31534138594397,79.21562842548387,77.1899788535524,77.29762268066406,41321390
2023-12-11,77.60099696283999,78.48170845010279,75.6438470517059,77.94349670410156,41749162
2023-12-12,77.30741179795349,81.59356687825588,77.18998013027118,80.04742431640625,52437751
2023-12-13,79.25477622626074,80.5856386399417,78.78506447198143,79.0199203491211,33973976
2023-12-14,79.72449538186663,81.65228905891283,77.90434553715839,80.6834945678711,49667021
2023-12-15,80.24313999943749,86.09502105513906,79.90064028530958,84.14765167236328,65549673
2023-12-18,84.56844001403293,90.01910184058215,84.56844001403293,87.96409606933594,70086585
2023-12-19,87.29865979030932,88.73716598663812,86.60387255611016,88.00323486328125,48677607
2023-12-20,87.87602496124032,88.26744893047498,81.0260009765625,81.0260009765625,74279021
2023-12-21,79.55814346761011,82.68958020497517,79.55814346761011,81.22171783447266,45308272
2023-12-22,81.80886672068155,84.37273585244117,80.88901131760038,82.2590103149414,50354616
2023-12-25,83.1788721204444,83.84430339604533,77.79670980676858,82.83637237548828,54589163
2023-12-26,82.20029018553241,83.1592968560412,80.36057209292574,81.18257141113281,32430281
2023-12-27,83.17886891308865,83.86386837658746,76.65177593255638,76.72027587890625,61685016
2023-12-28,74.37168801565053,74.87076327569063,70.43782043457031,70.43782043457031,84427690
2023-12-29,71.4359616431674,74.86097350277132,71.4359616431674,74.56739807128906,69332058
2024-01-02,75.8395524774938,77.18998311129238,71.16196579020553,71.7784652709961,66795510
2024-01-03,70.47696051948313,72.37539820128845,68.67638629973973,71.32832336425781,37229573
2024-01-04,71.31852954047642,71.88610472270057,68.01094936691496,68.030517578125,48393745
2024-01-05,69.23416878866229,69.98766811802996,67.42380685769314,68.63723754882812,45430693
2024-01-08,67.99139257297438,68.16753636717644,65.84831098783849,65.9461669921875,43396152
2024-01-09,66.54309095125595,66.98344665500106,64.37065355212142,64.6446533203125,43889316
2024-01-10,65.36881228403297,68.50024926401403,64.97738079505167,67.03238677978516,64251540
2024-01-11,66.5430873236753,67.58037423697509,66.06358775548073,67.08130645751953,40072355
2024-01-12,66.93452591326405,67.01281369856201,65.17308807373047,65.17308807373047,36955223
2024-01-15,64.58593748931976,66.68987482496154,64.09665008409765,65.53515625,33522153
2024-01-16,65.56451602138256,65.77980368644992,63.44101035400665,64.8795166015625,37225956
2024-01-17,64.87951781902319,65.67216108625084,63.118080040813005,63.17679214477539,33742842
2024-01-18,62.04164869165487,63.4507914376242,61.405573528452265,63.04957962036133,47637947
2024-01-19,63.03979468749464,63.25508236489804,60.86736089893169,61.01414489746094,34438554
2024-01-22,61.06307122566173,61.904642448462106,58.75363401671011,58.91020584106445,38235432
2024-01-23,58.44049344628052,61.28814621813628,57.540202609096305,60.62271499633789,50425253
2024-01-24,61.13157112267965,61.64043048471647,58.7340620308979,60.69121170043945,37474421
2024-01-25,60.28021593281972,65.2122346181324,59.89857229639086,63.60737228393555,71295220
2024-01-26,62.628793013890466,64.12601140232935,61.699146120997135,61.93400573730469,38916252
2024-01-29,61.77743340846494,61.99271734430549,59.14506458411979,59.311424255371094,35036263
2024-01-30,58.71449371538348,60.231284056437495,57.34448736883775,57.54020309448242,34550448
2024-01-31,57.54020013840832,58.20563133163412,55.181834911317914,55.592838287353516,38011575
2024-02-01,55.52434022935138,59.184208183211446,55.49498044458906,57.16834259033203,52628333
2024-02-02,58.71449849051819,60.02578910612512,55.563485876977516,57.25642013549805,55212228
2024-02-05,57.50105739092235,59.086351359021876,54.70233641436803,54.898048400878906,62323727
2024-02-06,53.72376292197916,60.387855529785156,53.4301874687816,60.387855529785156,71855182
2024-02-07,62.04164796334967,66.4256591796875,61.239216872309825,66.4256591796875,75028336
2024-02-08,69.39075074720536,70.94668127708195,66.42566248589577,70.163818359375,74708064
2024-02-19,71.4261746878023,74.78268665035858,69.47881286829319,72.56132507324219,69468298
2024-02-20,71.43596640433091,72.00354162786068,69.1656729761457,69.17546081542969,55016717
2024-02-21,67.71737143616986,71.42617072892341,67.57059119268244,68.94058990478516,60956057
2024-02-22,67.81524542113578,70.9858260938579,67.76631368841669,69.93875122070312,47625542
2024-02-23,69.88003099687091,76.93555450439453,69.48859957838962,76.93555450439453,86293870
2024-02-26,77.30741617149468,79.69514128791565,76.54412895321163,78.33492279052734,79012213
2024-02-27,80.11592070744949,86.17329357787312,79.7244892984465,86.04608154296875,97804930
2024-02-28,85.64487067934466,88.31638340131501,81.39785926064714,81.77950286865234,107737233
2024-02-29,81.78928950448217,89.96038818359375,81.78928950448217,89.96038818359375,103422912
2024-03-01,91.00747110294591,92.35790185738226,88.07174622865733,90.32247161865234,80360997
2024-03-04,89.8331756261876,92.11324938836083,87.28887500351125,90.66496276855469,72913291
2024-03-05,87.09316605788011,93.84533435780143,86.22223499457603,89.0503158569336,87334993
2024-03-06,88.0717505184795,97.66178856131009,87.33781926415884,95.15663146972656,98678289
2024-03-07,95.21533348366063,97.85748252547509,92.76889642052376,93.93339538574219,84006627
2024-03-08,93.74748406270727,94.52055171032906,89.85275244070439,93.0624771118164,65553007
2024-03-11,93.94319161620591,101.66414707988811,93.94319161620591,100.0103530883789,86200896
2024-03-12,100.02013957223093,102.63293276181703,98.05320193396619,99.39385223388672,68627624
2024-03-13,100.02992527870576,102.9460742358261,98.44463128773799,99.71678161621094,61344607
2024-03-14,99.95163433505574,99.97121001293026,95.70462308018503,97.1724853515625,57474362
2024-03-15,96.38962997474124,97.66178036179677,92.43618638747935,96.3406982421875,79174729
2024-03-18,100.79320911073204,104.37479662977123,100.66599706852254,102.5155029296875,76469288
2024-03-19,100.80300322540418,103.2005087603451,100.30392793254657,100.94979095458984,48621145
2024-03-20,101.47820510567655,103.50385466962884,99.50148726873987,101.03784942626953,41469439
2024-03-21,100.10821459698694,101.17485764731292,97.83792114257812,97.83792114257812,43832493
2024-03-22,97.56391321150582,99.15899505492462,95.39148323455235,98.54248809814453,54360711
2024-03-25,98.5229156256895,98.5229156256895,94.08018493652344,94.08018493652344,45812310
2024-03-26,93.74747177740814,94.25632740441556,88.90352188536767,88.95245361328125,82716304
2024-03-27,88.65888877217778,92.4459765076731,87.19102635056578,87.57266998291016,68669384
2024-03-28,88.07173734020961,90.67475004969063,86.19287540210921,88.7567367553711,66392736
2024-03-29,86.60388696604761,87.80753749363785,84.74459298432406,85.13602447509766,37291938
2024-04-01,85.63508644871779,91.4478159289398,84.80329932683743,88.49252319335938,65716472
2024-04-02,88.52188047753371,90.41053024611081,86.11458723041373,86.84851837158203,49531132
2024-04-03,85.62530549362295,86.01673695478063,83.13972430109597,84.55866241455078,45342103
2024-04-08,84.55865948426747,89.03074641472199,84.55865948426747,86.6528091430664,57083482
2024-04-09,86.16351552782595,86.60387120861506,82.78742793335383,83.70729064941406,42633220
2024-04-10,83.70730088397484,84.04001277841783,80.68350045079922,81.3685073852539,39348140
2024-04-11,81.41741761596315,85.33171668338316,81.14341787579302,83.4039306640625,53365748
2024-04-12,84.34336662062923,90.50838354330426,84.33357878191035,87.87602233886719,78868630
2024-04-15,87.88581288788261,87.91516894150493,84.09873265191823,84.7054443359375,48191628
2024-04-16,83.17886676942827,87.59224167318534,82.16114797421966,85.4883041381836,51677071
2024-04-17,86.67237951543302,92.9646164879382,85.70359244459921,92.63190460205078,62606208
2024-04-18,92.96461874473599,96.38963101427889,89.53960647519308,89.81360626220703,85486068
2024-04-19,87.7683914578423,93.49305353977132,87.1812405030315,93.43434143066406,64105969
2024-04-22,91.99583102260753,94.44226834130092,91.56525566541856,92.8961181640625,39921889
2024-04-23,93.16032652474665,94.19762098479377,89.07967102601017,91.056396484375,48929364
2024-04-24,89.13838475759476,90.32246696591845,87.96409785474353,88.22831726074219,50043157
2024-04-25,88.46316714267108,90.25396089399244,87.7683799012918,88.49252319335938,36607293
2024-04-26,87.4845989297457,92.95482912317075,86.89745547369387,92.75911712646484,63680807
2024-04-29,89.7842413059092,93.38539700515413,88.75673474055809,93.35604095458984,73922783
2024-04-30,98.0238395124199,100.7932080896189,88.99159795870982,89.19709777832031,94302058
2024-05-06,90.98789507925264,92.35789393025199,87.43566350805547,89.49066925048828,73792822
2024-05-07,90.02889012488156,90.51817757121243,84.20637249991768,85.11644744873047,79235236
2024-05-08,83.86385990109741,84.82286651901036,82.00457369780924,83.01250457763672,49494426
2024-05-09,83.09079904610223,84.04001043575379,82.26879224085738,83.35501098632812,33017717
2024-05-10,83.17886259273361,83.66815001974969,80.93792528108793,82.8070068359375,38172803
2024-05-13,82.21007741308665,84.8326583790807,81.42721452600965,83.55072021484375,38070900
2024-05-14,84.1574360197831,85.64486648768015,83.66814860106344,85.40022277832031,39380679
2024-05-15,84.54887501253336,84.55866285224485,82.7874371611733,83.13972473144531,29172271
2024-05-16,83.85408257134259,84.01065066745778,82.20028866038602,83.17886352539062,23385237
2024-05-17,83.17886491602431,86.89745245158483,82.99293329946613,86.29073333740234,46656606
2024-05-20,86.12437579876706,88.02280595649768,85.635088367178,86.62344360351562,32453557
2024-05-21,86.60387006798011,87.59223270949973,84.90115200117266,86.0656509399414,34128631
2024-05-22,85.62530684339328,86.32988199139696,84.64673190804021,85.17516326904297,25159100
2024-05-23,84.77393173052207,85.80143825076549,83.02228195306002,83.67793273925781,27219888
2024-05-24,83.43330028014259,83.85408779695452,82.20029378293697,82.30793762207031,21335074
2024-05-27,83.92258381418489,85.50787034186912,83.11036487181633,84.74458312988281,30843047
2024-05-28,84.7543633092784,85.60572606582214,82.88528187342025,83.91278839111328,27385948
2024-05-29,83.91279388374095,85.62529988136832,83.09079458852797,85.06751251220703,28077770
2024-05-30,85.14580359244363,85.53723504311569,84.04000918435004,84.16722869873047,23436090
2024-05-31,85.01858430859441,88.07174067299444,84.53908469983628,87.02466583251953,46418612
2024-06-03,89.53960173531,90.43988883525074,87.52373986676142,88.55123901367188,57262098
2024-06-04,87.97387600071264,88.54145117645614,85.13600758792838,85.70358276367188,37082227
2024-06-05,85.70359463004574,86.29073809807072,84.89137564187847,85.17516326904297,22138377
2024-06-06,85.31215116509125,85.82100677490234,83.57028921967397,85.82100677490234,28662240
2024-06-07,85.62529874533561,86.55494185962583,84.58801180106228,84.81307983398438,21139514
2024-06-11,84.54887231000389,84.63694046678978,82.88529051113115,84.16722869873047,17166757
2024-06-12,83.17886463356325,84.64672695062613,82.79722102840161,84.14765167236328,15987965
2024-06-13,84.05957886005838,86.55494018126112,83.86385941573263,84.54886627197266,29882303
2024-06-14,84.15743075992124,86.32986795780802,83.19842419415811,85.9090805053711,27454753
2024-06-17,86.60387601158256,91.4673943109632,86.29073235175996,90.90960693359375,68509770
2024-06-18,91.22276008553129,98.57186021580495,90.51818491113295,98.19999694824219,84752832
2024-06-19,98.54248859556883,99.20791982047949,97.17248972010624,97.9553451538086,54495390
2024-06-20,98.8360639261667,100.74428197599141,97.45626974711352,99.0219955444336,49278347
2024-06-21,98.44462724088125,100.00056511608086,96.87890899277065,97.51498413085938,39390975
2024-06-24,97.85748855530774,98.8262756015438,93.18968963623047,93.18968963623047,55371470
2024-06-25,93.44411044698123,95.07833612253103,83.87364959716797,83.87364959716797,105337284
2024-06-26,82.54278811718859,84.93051316958692,80.25292652373804,84.2455062866211,73696067
2024-06-27,83.52136935436224,84.6663002384798,82.59172615086868,82.67979431152344,35445352
2024-06-28,83.06143475143982,90.50839033118544,82.70914719047397,89.1677474975586,71540607
2024-07-01,90.12674638842299,91.65332830234073,88.27724043307835,90.35182189941406,47521303
2024-07-02,91.25210632923456,91.25210632923456,87.14209487504199,88.05216979980469,41868507
2024-07-03,86.11458359030607,89.13837618045405,84.07914618634756,86.55493927001953,45356478
2024-07-04,87.68030442203695,87.84666035348955,84.81307983398438,84.81307983398438,32223917
2024-07-05,84.81307983398438,84.81307983398438,84.81307983398438,84.81307983398438,0
2024-07-08,85.13601850873108,86.1145934341188,83.66815612064951,84.68587493896484,31012862
2024-07-09,84.68586524524034,87.5628775856566,83.9323584580202,87.50415802001953,43976660
2024-07-10,85.13601043901795,85.47851013725258,83.17886077375317,83.37457275390625,69927182
2024-07-11,84.1868034033089,85.13602231795517,83.18866021976476,84.03023529052734,43325730
2024-07-12,83.66815453198797,83.66815453198797,80.26271057128906,80.26271057128906,66240282
2024-07-15,78.2957783998167,78.3740587162675,73.88240359150505,75.71234130859375,75546538
2024-07-16,76.81812592998592,77.78691294360968,75.25240765899458,76.03526306152344,48725649
2024-07-17,75.30133456449829,76.01569751698335,72.10139796917974,74.29340362548828,59040751
2024-07-18,72.62004226689321,75.64384258325876,72.62004226689321,75.6144790649414,45479569
2024-07-19,75.23283391698278,75.85912124149554,73.59861566289274,73.68669128417969,34877760
2024-07-22,73.68668466163155,78.13919547586217,73.42246528745109,76.78876495361328,59254161
2024-07-23,76.35819647499372,76.78877181006972,74.39125888131834,74.51847839355469,31947886
2024-07-24,74.11726398961551,74.36190772502637,72.21883367966248,72.45368957519531,27184738
2024-07-25,71.89589740023713,73.01147216262602,70.62374707389635,71.30875396728516,29109940
2024-07-26,71.53381787650905,73.76496727242353,71.53381787650905,72.4341049194336,27415131
2024-07-29,75.82976435768055,77.1997706647452,74.46954588974789,76.2896957397461,49312201
2024-07-30,76.29948153614687,76.29948153614687,73.63775677446726,73.99983215332031,30874080
2024-07-31,73.39311321368447,78.96120645859473,73.29525722258626,77.92391204833984,57378142
2024-08-01,77.92391135976426,78.26641852448174,76.32883706775115,76.36798095703125,31914976
2024-08-02,75.54598386205092,77.1899900921048,74.38148473746632,74.61634063720703,30379106
2024-08-05,74.5674034514045,76.61262884884702,73.38332873327836,73.46161651611328,33179063
2024-08-06,74.66526541162649,75.35026483282412,73.5203271420051,74.6261215209961,24068602
2024-08-07,74.36190684060044,76.94534405853828,73.80411942913508,75.77105712890625,31830921
2024-08-08,74.87076620969827,75.69276552580378,73.39311604944137,74.16619110107422,26373660
2024-08-09,74.9099079984038,75.33069548391474,73.99983308629568,74.37168884277344,17616837
2024-08-12,77.30741898876278,78.09028191426316,75.04691330363333,75.64384460449219,35110626
2024-08-13,75.15455325546353,76.81812755369226,74.51847809463473,75.70255279541016,22281314
2024-08-14,74.76311606816215,74.78268427911357,73.78454127006037,74.06832885742188,19292952
2024-08-15,73.57904888411024,76.68112951533683,73.57904888411024,75.8493423461914,33582125
2024-08-16,76.50498299825733,80.83028209582082,76.33862706356652,80.08656311035156,66829735
2024-08-19,79.36241477716776,84.04000112604993,79.27434662882641,81.90670776367188,54112243
2024-08-20,82.68958215022101,83.57030108642797,80.07678886108559,80.5367202758789,45577765
2024-08-21,80.54649808687643,82.39600406109476,80.04743026051747,81.21192932128906,32122211
2024-08-22,81.23149914330398,81.50549890255292,75.20347457609356,75.30133056640625,57323354
2024-08-23,74.37168582738325,79.16670390680909,74.37168582738325,78.59912872314453,46981243
2024-08-26,79.26456373380405,80.90856979877215,76.52455113687932,76.87683868408203,46384284
2024-08-27,76.12334162371351,76.15269767587748,73.18761695237524,73.94111633300781,41578812
2024-08-28,73.39311224767991,73.40290008644097,69.15588144208982,69.83110046386719,49148419
2024-08-29,69.14611377934327,71.2011198068322,68.73510660109761,70.38890075683594,28081959
2024-08-30,70.26167940531187,76.13312868823151,70.05617211038789,74.88054656982422,56434516
2024-09-02,74.82183652828884,75.46769955085914,72.41454315185547,72.41454315185547,33160120
2024-09-03,72.49282331729725,73.6377540468664,72.03289196458145,73.24632263183594,24310543
2024-09-04,72.77661501565005,73.6377582045922,72.1013959732467,72.9527587890625,19459336
2024-09-05,73.38332431364965,75.8395492241446,73.05061245554016,75.17411804199219,35461758
2024-09-06,75.17412275095502,76.81812886478784,73.9509041384584,74.05854797363281,35412663
2024-09-09,73.35398123640243,74.86098763503293,72.88426941647865,74.54784393310547,23842782
2024-09-10,74.55762251361344,75.11540989670563,72.61025312648884,74.28362274169922,20377575
2024-09-11,73.77475509066345,74.56739830585221,73.19739953044778,73.3833236694336,18231047
2024-09-12,73.06040630499292,74.9392683388449,72.97233068087864,73.12890625,19949707
2024-09-13,73.00168547835425,73.45182903293693,71.6414669752209,72.16011047363281,19541535
2024-09-18,73.39311701386387,74.92947929805007,72.9723295110137,73.70626068115234,25193116
2024-09-19,74.80226089008039,75.54597237045282,73.49096676196416,74.5576171875,25133002
2024-09-20,74.185759543506,75.35026604419696,73.68669172829603,73.93133544921875,18820693
2024-09-23,73.9802573356414,76.97470146030979,73.56925768952755,76.15269470214844,37610996
2024-09-24,76.41690752854747,77.34655812869401,72.90382735124312,76.64198303222656,51982961
2024-09-25,76.72026781704065,79.4113485873289,76.17226083789268,76.35819244384766,54434070
2024-09-26,75.37962003833556,78.28598855810458,74.86097655868751,78.1783447265625,47064755
2024-09-27,80.12570674666955,80.43885040283203,78.7361322390694,80.43885040283203,33282496
2024-09-30,85.4491541885892,88.48273468017578,82.78742944610974,88.48273468017578,91063017
2024-10-08,97.32904649911639,97.32904649911639,88.4827296123432,95.99818420410156,112033525
2024-10-09,92.96461296076654,92.96461296076654,87.09316372113919,87.11273193359375,82672314
2024-10-10,86.97573362527652,89.83317798113694,83.37457772772055,86.89745330810547,59308648
2024-10-11,89.80381424485584,93.18968992954848,88.08152781633386,90.22460174560547,82503733
2024-10-14,90.11696240057297,91.48696880610548,87.19102542823924,91.0074691772461,61394042
2024-10-15,89.49067050524447,92.96461434339761,87.95430822999619,87.96409606933594,56628457
2024-10-16,87.96409934662334,90.02889303413754,87.28888025976838,89.4417495727539,43557287
2024-10-17,91.18359971473434,91.57503112599824,87.95429990422369,88.07173156738281,48845264
2024-10-18,85.01858106242632,90.51817445775814,84.2944377572257,88.8741683959961,70612852
2024-10-21,88.0325886302408,90.51816953278272,87.46501345107612,88.44358825683594,61386594
2024-10-22,87.63138114196937,90.81174941673974,87.58244941290714,89.46131134033203,60413951
2024-10-23,90.45947086549613,98.4054946899414,88.83503286308064,98.4054946899414,78278083
2024-10-24,101.3510053822057,101.3510053822057,94.04104944752011,95.4012680053711,94225683
2024-10-25,97.17249266179509,97.68134833580943,93.45390497485143,94.31504821777344,58642683
2024-10-28,94.31504907331585,100.79321779817776,93.74748128797981,100.27457427978516,84678794
2024-10-29,100.2745696558612,110.15817450071725,97.92598843878305,106.8603744506836,112954133
2024-10-30,104.61944562579454,107.91723824430463,103.90508266731277,107.11480712890625,69013583
2024-10-31,108.20102288818502,117.42898419479683,104.98151067559895,114.1996841430664,107111848
2024-11-01,111.9293846108791,116.05897152321262,110.1875226353678,111.48902893066406,72490792
2024-11-04,117.42898413807961,122.63500213623047,117.42898413807961,122.63500213623047,51963686
2024-11-05,126.23616652745397,134.8965606689453,125.25759159313263,134.8965606689453,112500638
2024-11-06,138.95762411325342,141.8933485663503,129.7590267996298,131.32473754882812,138034567
2024-11-07,128.7608892947778,133.37976409484435,127.21473913500508,132.95896911621094,86479187
2024-11-08,136.60905192668935,138.20411874225286,131.1290269185409,131.3443145751953,82946452
2024-11-11,128.6923709758633,137.93011979304052,128.68259060300056,137.29405212402344,83593657
2024-11-12,138.213905248249,139.8383280106852,129.75901987199776,131.6868133544922,86246142
2024-11-13,129.9449455659978,141.89335085264548,128.0856593551582,141.33555603027344,85251386
2024-11-14,140.89520086823467,146.27736247241833,136.0316827331775,137.3038330078125,78160706
2024-11-15,135.63047374804069,137.63654014987327,127.90951914512004,128.68258666992188,79825756
2024-11-18,128.28137028224782,129.17187695703907,119.90477216564761,122.07720947265625,76766518
2024-11-19,122.3120596957829,126.77436577065943,120.0515543424523,126.61779022216797,62150650
2024-11-20,124.37685850989519,128.51623329618863,124.28879035947338,126.94072723388672,42888455
2024-11-21,126.0306470307575,128.76087919527544,124.8857237261041,126.3829345703125,34704568
2024-11-22,127.55724835361325,127.55724835361325,121.03014788333617,121.33350372314453,37225328
2024-11-25,119.92435537902654,121.13778614835198,115.89262415715952,118.75006103515625,42595775
2024-11-26,118.40755300566262,121.2943457330637,117.428978187434,118.02590942382812,26921500
2024-11-27,119.38612803760937,121.81299687617145,116.78311543281346,121.23563385009766,45481198
2024-11-28,121.53900102467449,121.7249326469626,116.2155585828293,116.65591430664062,38694554
2024-11-29,116.65591114837922,121.24542974826345,114.24861782712027,118.98491668701172,51426507
2024-12-02,123.30044356016356,130.8843994140625,123.04601198299048,130.8843994140625,46246878
2024-12-03,137.0004773291159,137.0004773291159,132.3816028988992,132.7926025390625,74534393
2024-12-04,131.28561193805822,136.91241760321816,130.81588523593473,133.86904907226562,49203619
2024-12-05,134.0647472799774,138.46833386946574,133.09595285481808,136.98089599609375,43143624
2024-12-06,136.88305443227537,137.84205360180292,134.65190497475655,135.4249725341797,35654628
2024-12-09,136.32526248661296,141.8933558752294,136.1197701261567,141.64871215820312,53509836
2024-12-10,145.8076349988746,146.67856591266707,130.15043929429746,131.61830139160156,101431573
2024-12-11,128.68260395363757,131.59875307904016,126.51016640336887,130.85504150390625,56923910
2024-12-12,130.01345349252145,134.47575236190778,129.66116595378742,133.9766845703125,45097420
2024-12-13,133.4087083416665,134.58584100989395,127.52303003247533,127.67998504638672,83028564
2024-12-16,125.65924967896191,129.2887486499054,123.87391990632527,128.20970153808594,39221003
2024-12-17,128.50399082761788,129.37703260932756,126.2576299403162,127.72904968261719,23490185
2024-12-18,128.5039765633645,128.99444975635444,126.42437501486441,127.28759765625,21320798
2024-12-19,125.56114720426443,128.99445982313102,125.08048553315082,128.30780029296875,21653163
2024-12-20,127.22874733373726,129.28874079734632,126.22817779700819,128.60208129882812,23547122
2024-12-23,128.72958696958918,132.23157266864567,127.52302713467762,128.1900634765625,23742326
2024-12-24,128.40587509459803,129.01407202818964,125.65923720632843,128.83749389648438,22467418
2024-12-25,128.83750451566897,129.41625933496755,126.54209339068284,126.81675720214844,18191452
2024-12-26,127.52302842981676,133.80107922683237,126.89522335011519,133.40870666503906,47757458
2024-12-27,132.3100545593197,133.40870973204153,130.85824311758967,132.50624084472656,28771020
2024-12-30,133.99728922101656,135.15479883148845,131.77053661897503,132.23158264160156,20005890
2024-12-31,132.74166870768255,133.79127353018905,128.89634580205146,130.8484344482422,26468600
2025-01-02,129.1514139501479,129.43588183635748,125.33552535215918,126.09085083007812,31193907
2025-01-03,126.42437873289906,126.69904253160674,122.47115839455658,122.59868621826172,27243214
2025-01-06,122.74582641174258,124.53114864872693,118.94956844566472,121.63735961914062,25916247
2025-01-07,121.9120105345653,127.01292853392573,120.86239824498807,126.797119140625,30187287
2025-01-08,125.99276516716887,126.34590648994916,121.9120243190533,125.3453369140625,25442744
2025-01-09,124.15839211760327,127.3955109184563,124.13877648153738,126.50286102294922,21061786
2025-01-10,125.69847044963893,129.79883416390072,125.39437946209438,125.72789764404297,28384784
2025-01-13,128.24893724552186,132.4277635054155,127.5328355991973,129.48492431640625,34240179
2025-01-14,128.7099942917898,136.3515607889072,128.2097020071815,136.0670928955078,49144300
2025-01-15,135.3705942323772,137.15592374677408,133.56565656827826,135.17440795898438,31098144
2025-01-16,135.26269926588833,137.01858674592208,132.10405064249545,132.81033325195312,29846718
2025-01-17,131.95692115893638,133.53624554830895,130.76996936386982,132.49644470214844,20316539
2025-01-20,134.38967056156943,135.88071343330813,133.40872406112,134.05615234375,23705058
2025-01-21,134.39946790812576,136.83222588442197,132.83976664284538,136.26327514648438,29266947
2025-01-22,132.42776542138438,133.2910030524271,128.51378385487502,129.38682556152344,48567851
2025-01-23,130.5149269933695,132.40814644019162,128.9650298201295,129.19064331054688,24424011
2025-01-24,127.7192321917768,130.44626228323693,127.63095059849817,130.2696990966797,21168822
2025-01-27,130.46586249393135,132.85937394509952,128.51377389969593,130.25985717773438,22615984
2025-02-05,125.95350920694204,126.04180575686452,123.59924388212316,125.07066345214844,29267036
2025-02-06,124.23687473353834,128.78845837458178,122.70659311657234,128.4941864013672,34933101
2025-02-07,128.2096934929218,131.44681965719494,127.34647082568885,130.11273193359375,36731016
2025-02-10,129.53398224823235,132.02557965552356,128.74922209139757,130.24026489257812,29002634
2025-02-11,128.39607890944265,129.97540327627658,122.61830497761943,122.81449127197266,53430034
2025-02-12,118.69451204328827,122.18667876306168,117.81165880401214,121.3038330078125,39830714
2025-02-13,121.24498245114653,121.86298351832883,117.71357664849714,117.74300384521484,39127385
2025-02-14,117.61547900748332,121.14688467530203,116.95824669245594,119.84222412109375,30880696
2025-02-17,118.55719319959589,119.96975853793387,117.1446278612579,118.77300262451172,29635318
2025-02-18,118.7827941295408,118.9299375840494,115.85957809422557,116.75223541259766,32094626
2025-02-19,116.1342553316173,118.38062371074192,114.78055185825292,117.21329498291016,30683633
2025-02-20,119.18499135022974,121.53926428111382,118.5473746733613,120.61717224121094,38317895
2025-02-21,120.09727104374471,121.11745622324723,118.20404414521136,120.28365325927734,31063513
2025-02-24,119.29289637179336,123.79543690904165,118.9005163016039,121.3528823852539,28289356
2025-02-25,120.2640302368966,126.54208885520038,119.4792775871257,125.5415267944336,49635639
2025-02-26,124.58019597727667,125.53171520698844,123.03029882958181,123.6581039428711,31436429
2025-02-27,123.65811045557217,127.81732890520136,123.33440380612835,124.46248626708984,30634608
2025-02-28,123.20686858731003,123.27553453719963,119.18498977086011,119.1948013305664,28811253
2025-03-03,120.38174874607321,122.08859346226826,119.20460852343417,120.16593933105469,18953191
2025-03-04,120.17575057854147,121.1468854595723,118.36100115955578,120.55831909179688,14804362
2025-03-05,121.51964486387675,125.55133541629529,121.1468879030404,124.18782043457031,31690208
2025-03-06,125.26684826741446,133.40870611980756,125.26684826741446,132.30023193359375,65101061
2025-03-07,133.61472576534945,135.35099024675608,130.66206730002935,131.97653198242188,41363236
2025-03-10,135.09594522887485,135.125372424699,128.77864774567348,130.31874084472656,31478362
2025-03-11,127.99388900045335,129.22989111082785,126.40476053632044,128.3666534423828,22380869
2025-03-12,129.5830198337429,130.24025209720682,126.14970758194255,126.34589385986328,20943617
2025-03-13,126.21837677930453,126.21837677930453,122.62811669659742,123.93276977539062,23637092
2025-03-14,123.93276947626927,127.86637427511431,123.93276947626927,126.95408630371094,28118688
2025-03-17,128.0723573182576,128.40587549601096,125.16875692382466,125.4336166381836,16414146
2025-03-18,125.5611388561671,126.40475335657915,124.4232374429501,125.71809387207031,14676041
2025-03-19,125.36495394335124,126.27722691817857,123.61886305042619,124.89409637451172,14555123
2025-03-20,124.8940994944073,127.52303623303402,124.07010808338852,125.49247741699219,18113106
2025-03-21,125.95351800737157,127.7682749244222,121.63735962094704,122.01011657714844,28345802
2025-03-24,121.47059896885246,122.82430235631386,120.33269751073303,122.08859252929688,15057083
2025-03-25,122.09840707848582,122.28478930078202,119.92070473975505,120.0678482055664,13859427
2025-03-26,119.30270808748563,121.83354420125737,119.29289652761055,121.34307098388672,13253203
2025-03-27,121.14688956081802,125.78676219261816,120.31308655457339,124.48210906982422,26399776
2025-03-28,124.58019101102684,125.88485150045841,123.62867181924634,124.6586685180664,16903736
2025-03-31,124.64886537953865,125.26685895016408,122.32401959361493,123.49134826660156,15051170
2025-04-01,124.46247687838286,125.77694894967443,121.93164084731698,123.42267608642578,16884434
2025-04-02,123.4128670100392,124.08972243639919,122.18668398201153,122.92239379882812,12071787
2025-04-03,121.94143866121071,123.40305411465717,121.73544082530806,122.22591400146484,11398468
2025-04-07,117.05633877444637,118.93975411561576,110.00333157880483,111.63170623779297,46300966
2025-04-08,112.31836660805772,120.46022499771126,112.31836660805772,119.47927856445312,39334168
2025-04-09,116.73262292480469,122.61830139160156,114.40777723617013,122.61830139160156,34858963
2025-04-10,124.97258263496404,125.26686208757292,123.09897127203513,124.08972930908203,25117704
2025-04-11,124.08972246886314,125.31590549721159,123.60906081727818,124.80581665039062,16971406
2025-04-14,129.39664499124828,132.9770934131391,128.04293415090228,132.38853454589844,42614192
2025-04-15,132.38854549097647,132.60433994916718,129.98521460487422,131.83920288085938,23414195
2025-04-16,134.683939942948,135.22346344145413,131.44681391996497,133.40870666503906,29675835
2025-04-17,130.46589568313715,131.28988722143382,126.32629990085923,128.26856994628906,32594508
2025-04-18,126.2085716342535,128.29797735780508,125.56114339628328,128.1214141845703,13734919
2025-04-21,129.15140354760808,129.87729428680572,127.61131055153571,128.11160278320312,12815489
2025-04-22,127.52304482662994,128.71980075244738,127.30723539947888,127.32685852050781,10838895
2025-04-23,128.7982632864536,129.18083177771018,126.05161041607235,126.92465209960938,15757685
2025-04-24,126.14972157528403,129.48493357406048,126.14972157528403,126.4047622680664,14541315
2025-04-25,126.54209167362731,127.3268518249042,125.75733152235041,126.53228759765625,10463638
2025-04-28,126.12029599007549,126.20857758085245,124.825439453125,124.825439453125,11755289
2025-04-29,124.82544103093043,125.43363054984981,123.40307161200836,124.37420654296875,12594686
2025-04-30,125.95351490694229,128.5039815976285,125.27666696323837,127.79769897460938,23198120
2025-05-06,128.27836544426847,128.77864272181728,126.8461771084608,127.55245971679688,15634425
2025-05-07,129.4653183316212,129.48494145320012,126.58133314982003,127.5230484008789,15798512
2025-05-08,126.85600001867938,127.65056423526256,126.1497173888155,126.22817993164062,13075280
2025-05-09,126.5126616706071,126.79712954800507,125.10009642326156,125.9142837524414,10175587
2025-05-12,126.44398125894111,126.63036346435547,125.23742141343463,126.63036346435547,13169696
2025-05-13,127.58908626940531,127.58908626940531,125.86931910039883,125.96815490722656,10719007
2025-05-14,125.96816355878198,130.46526471484984,125.03909786196611,128.6565399169922,24430606
2025-05-15,127.85596012815938,129.6053849474132,126.54142193799723,127.0059585571289,13769014
2025-05-16,126.98618788066153,128.73561271383906,126.6106163100392,128.2908477783203,13757404
2025-05-19,127.8954849243164,127.99432827599966,126.01758189335875,127.8954849243164,12027211
2025-05-20,127.89548003178989,129.4768831099587,127.87572342731144,128.98269653320312,17522814
2025-05-21,128.78502389167048,132.93618808703476,128.5972305809807,131.94781494140625,33253443
2025-05-22,131.4635042291,133.3414222197423,130.95943936348723,131.0681610107422,22407770
2025-05-23,137.15655519762458,144.1739959716797,137.13678351054884,144.1739959716797,75063516
2025-05-26,142.32573703393382,143.29433852151786,136.39549799085324,138.0757293701172,49114912
2025-05-27,138.03621131216389,139.74609280689359,136.1286431029073,136.6030731201172,20001880
2025-05-28,136.88968208788947,137.36409697992102,132.36293122424308,132.49142456054688,23437382
2025-05-29,132.12571374944366,136.54374287949227,132.12571374944366,133.5094451904297,25270502
2025-05-30,133.52922083539332,137.04782689534193,132.9856125775074,134.4385223388672,22987424
2025-06-03,134.4187505795732,135.95073200318947,132.59025418987355,133.0350341796875,17913319
2025-06-04,133.0943334093746,133.52922001300493,132.00711690029877,132.412353515625,12241306
2025-06-05,133.13385890830077,133.23270225482685,131.74024916172007,132.5210723876953,11359754
2025-06-06,132.4420004459838,132.73851540355625,130.18851089863696,131.6117706298828,13639772
2025-06-09,132.0960677878968,133.52922094570116,131.25595964444972,132.5408477783203,15525298
2025-06-10,132.54084223619714,134.79433175708678,130.81118926560518,131.56234741210938,20535082
2025-06-11,131.641421064588,133.82571726065623,131.641421064588,132.02688598632812,18723642
2025-06-12,131.9478248349033,133.92457127437748,129.89200672808468,133.07456970214844,23979461
2025-06-13,132.2443268507785,132.2443268507785,129.23966411180763,129.2495574951172,21932201
2025-06-16,128.6466503484807,129.97106672446952,128.24141374524655,129.58560180664062,11946358
2025-06-17,130.06991821755082,130.83095471748786,128.15247181031378,128.3501434326172,12742406
2025-06-18,128.29084582892506,129.8030556355377,127.55944422334717,129.22979736328125,11342587
2025-06-19,129.4571100164004,132.9361877017142,128.78502351838222,129.63502502441406,17131202
2025-06-20,129.76350050032514,130.4553737505535,129.27920732281768,129.74374389648438,9753163
2025-06-23,129.2495620338124,130.95944337356454,128.11292385381907,130.80130004882812,11010213
2025-06-24,132.1949111955466,133.1338626886974,131.14723805068084,131.34490966796875,18945224
2025-06-25,131.77980237800352,135.61469527278203,131.42398741785522,133.6478271484375,21555966
2025-06-26,133.31178325534668,134.11236314161246,131.83910174464728,133.72689819335938,16984953
2025-06-27,132.7385361445646,133.31179446374495,130.7222461831193,131.18678283691406,16828390
2025-06-30,131.05829760263902,133.78620231462048,131.05829760263902,132.75830078125,14478291
2025-07-01,133.0350396815862,136.39550255250234,133.0350396815862,134.92282104492188,19502459
2025-07-02,134.92282469359824,135.89144132114876,132.4420133064821,132.8373565673828,14152010
2025-07-03,133.36118935208052,135.19956411719383,132.44200951021298,134.01351928710938,14289484
2025-07-04,133.92456009831233,135.30827645792112,132.26410046678177,133.5094451904297,16721322
2025-07-07,133.62805455690054,135.90131594905122,133.59840456720374,134.92282104492188,17316848
2025-07-08,134.92282782472788,139.74609414281838,134.3001629284281,138.05596923828125,25597342
2025-07-09,137.61120293174216,139.0937628019698,136.78097302394562,138.00656127929688,15964958
2025-07-10,137.6013131625494,138.22399308219966,136.14840340428384,136.83038330078125,15515170
2025-07-11,131.84897804242505,132.45188629399902,129.27921678694202,130.45538330078125,51142659
2025-07-14,130.55420421074075,130.74199752002693,127.50013483310619,128.51815795898438,26046256
2025-07-15,128.52804503299762,129.18037496828825,128.17223007569166,128.60711669921875,15439919
2025-07-16,129.42746908365308,129.42746908365308,127.50014433669958,127.57921600341797,20469075
2025-07-17,127.20361879321578,128.93327177042332,126.19548151868922,128.88385009765625,24387722
2025-07-18,128.93328104437182,129.2792176972468,128.31061618312634,128.68618774414062,12846672
2025-07-21,128.6664117888308,128.80479851049236,127.83618194712754,128.0437469482422,14443732
2025-07-22,127.79665590946679,127.99432753030364,127.17397597652166,127.76700592041016,14013923
2025-07-23,127.51002386527496,128.9827053944775,127.30247393435006,128.3699188232422,14396896
2025-07-24,127.93503200212619,128.43909691499962,127.50014537233179,127.9152603149414,16314426
2025-07-25,127.92513695566402,128.36991696396083,127.51991540260123,127.65828704833984,13523460
2025-07-28,128.19200144166354,129.91177624456657,127.65828654772987,128.8937530517578,17222135
2025-07-29,129.46701056822283,129.46701056822283,127.59898582822602,127.8164291381836,15155301
2025-07-30,127.5100098431222,128.27106136270456,126.87745165423443,127.2629165649414,13713536
2025-07-31,126.82805037967601,127.06525028459059,125.27629728859826,125.43444061279297,18212230
2025-08-01,125.34548972765339,127.54956529571665,124.79200314511803,126.95653533935547,14161478
2025-08-04,126.51176346702245,126.51176346702245,125.6815336388007,126.17572021484375,9812059
2025-08-05,126.19548735718593,127.38153969227182,125.7210649150138,126.2745590209961,11171619
2025-08-06,126.31409868758118,127.99433012076733,125.7013045854823,127.20362854003906,12371881
2025-08-07,127.06525024153092,127.10479361325494,126.21524872599429,126.3832778930664,10522416
2025-08-08,126.21524845688415,126.21524845688415,125.14781118396255,125.22687530517578,12362149
2025-08-11,125.19723081492032,127.10479892380079,125.18735251226532,126.66001892089844,13083264
2025-08-12,127.30246811718457,129.69432939394252,127.30246811718457,128.37979125976562,23008228
2025-08-13,127.20363059832104,127.99433219184365,126.80828734224899,127.42107391357422,17025634
2025-08-14,127.51001598903713,128.27106754530178,126.37339288717158,126.51176452636719,14207746
2025-08-15,126.01758082945635,127.9943271954086,125.78037337693499,127.10479736328125,18448725
2025-08-18,127.05536582688546,128.4885038146971,125.987921062352,127.38153076171875,25785991
2025-08-19,126.9170169335701,131.77981167785077,126.9170169335701,129.94143676757812,42177607
2025-08-20,128.98270518179436,130.53445837591667,127.87573200167753,130.26759338378906,27931772
2025-08-21,130.4652557373047,133.92456176064232,129.97106916254216,130.4652557373047,30018969
2025-08-22,130.76177794049144,133.03503932657583,130.76177794049144,132.40248107910156,30662761
2025-08-25,132.778058086309,135.39725623384462,131.45364155781382,134.29026794433594,42618478
2025-08-26,134.29025942415015,134.89316766847847,132.3234064438784,133.00538635253906,29769787
2025-08-27,133.45014452214585,135.90130566702737,130.11931681155207,130.287353515625,40706923
2025-08-28,129.48676968185202,130.40596461563794,127.14432998447185,129.85247802734375,30120866
2025-08-29,129.8327020808979,137.22572927599245,129.2199155327295,135.31817626953125,62188556
2025-09-01,137.28502310061222,143.6106202448471,137.2652664964057,142.21701049804688,54637774
2025-09-02,141.33735952547596,149.12574472257091,140.99142289268786,145.23155212402344,58680219
2025-09-03,147.84086627811658,151.22110084007042,145.03388998662908,145.9431915283203,49770209
2025-09-04,145.6367931304684,150.21295066789267,143.97631835686929,146.57574462890625,47724583
2025-09-05,147.2676096841337,147.9495896185103,136.88969088088936,144.7966766357422,73154032
2025-09-08,144.5990110403846,148.19668910567185,139.7164447200564,141.48562622070312,43623442
2025-09-09,141.33735376312077,142.32572686635936,137.87804790178564,138.3524627685547,30026047
2025-09-10,138.37224395914077,139.5681821320224,136.42514760549122,136.95887756347656,22427504
2025-09-11,136.39549480939542,137.7693328857422,134.95246337343198,137.7693328857422,28978788
2025-09-12,137.77920269278448,138.5699041809412,136.46467975489296,136.69200134277344,22048762
2025-09-15,138.37223735608552,143.18560964378872,138.37223735608552,140.84317016601562,44323419
2025-09-16,141.33737239499706,141.33737239499706,138.40190268489837,139.15306091308594,24022457
2025-09-17,138.5699088325289,140.1513118619277,137.6902573562873,139.43968200683594,24186711
2025-09-18,139.4199283839488,146.04202614989114,138.99493512504742,141.43621826171875,51686328
2025-09-19,141.4362180383278,143.09667785845323,139.7658648336247,141.93040466308594,26398356
2025-09-22,142.2269070131227,143.3141236387963,139.07400896142772,143.01760864257812,31565470
2025-09-23,142.64201665394873,142.64201665394873,137.89782263717817,140.34898376464844,27490850
2025-09-24,137.38387439318774,143.3042352729529,136.40537949878905,141.6833038330078,35137329
2025-09-25,138.37223973986252,148.2559711498527,137.87805316936303,146.92166137695312,62425521
2025-09-26,150.2327344794086,161.61879857852884,149.8571478171688,155.3920440673828,99743563
2025-09-29,156.162960107263,158.04086308866005,152.69377572658115,157.33912658691406,56773332
2025-09-30,159.22692681491964,172.6292648476404,158.41645356070273,169.5751953125,63629032
2025-10-09,171.48274745941163,171.48274745941163,156.92401467887103,158.13970947265625,79427825
2025-10-10,163.08158060198093,170.000193112368,163.08158060198093,165.7205352783203,63593789
2025-10-13,159.1280820864273,164.76180619991965,157.23040738932343,159.6222686767578,50171759
2025-10-14,161.4013419790911,163.87227490871166,157.35889932576248,157.6751708984375,34513766
2025-10-15,157.89261752142335,159.10831232556302,153.9391247509339,158.68331909179688,26884187
2025-10-16,158.68331909179688,161.4507670474151,157.77401756434966,158.68331909179688,24786130
2025-10-17,157.15133760877225,157.98156747094825,153.20772314136923,153.27691650390625,27969858
2025-10-20,155.74785597807568,155.74785597807568,152.90133623894442,153.88970947265625,17024654
2025-10-21,154.68041124388583,157.04262267176733,152.86180811141193,156.20249938964844,21226584
2025-10-22,155.19435781050925,156.90423915457336,154.75947120707616,155.31295776367188,11927078
2025-10-23,155.17459262875417,158.33738385714102,153.98854780328136,156.62750244140625,21851227
2025-10-24,156.43970058671465,159.00947680287936,155.84667066563745,158.1495819091797,20307764
2025-10-27,158.011214342867,159.70133910451815,155.0559882076526,157.1809844970703,25655068
2025-10-28,156.19261347240646,158.6338964498268,155.26354026397888,157.15133666992188,20243085
2025-10-29,157.1513404965308,162.09320654988082,156.97344055767178,162.0833282470703,27451029
2025-10-30,162.42000668994518,163.71722536259662,159.0432672485017,161.3505401611328,27219791
2025-10-31,154.90404177829137,156.854825935314,153.6464413151913,153.6761474609375,40465957
2025-11-03,154.47823548043468,155.1318008723147,150.56677036045036,151.31935119628906,20110242
2025-11-04,151.30946210913328,153.89400255788598,150.57667525774474,153.12161254882812,19089442
2025-11-05,148.53675808147398,148.53675808147398,144.08065533902976,144.60548400878906,36275070
2025-11-06,143.58554422761952,143.58554422761952,138.5352880073611,140.74354553222656,39924734
2025-11-07,139.5255348683396,140.3474401517755,135.92104314540703,137.21827697753906,35571811
2025-11-10,136.88156898510488,138.32733340599685,135.85172078182177,137.29747009277344,23498072
2025-11-11,137.64407722060193,137.94115379054847,132.1779197073885,132.53440856933594,35159097
2025-11-12,131.7124987313141,135.66358222248212,130.51431059077038,134.36636352539062,28447205
2025-11-13,134.37625958539678,135.42591699362657,131.75211606482233,135.01992797851562,20392292
2025-11-14,133.62367574767575,135.23778009025307,133.48504203855472,133.88113403320312,14129406
2025-11-17,132.69284154702794,132.9998151061507,131.58377188569656,132.31654357910156,15328396
2025-11-18,131.71250242386049,132.04919725959715,129.94986725947396,130.0885009765625,16756105
2025-11-19,129.40522043472723,130.58361450328292,128.36547518359305,128.66253662109375,16680667
2025-11-20,128.3852753227011,129.41513872157145,125.36503220301587,125.4343490600586,24174863
2025-11-21,123.24590833885082,125.46405532123984,122.19625091552734,122.19625091552734,24923273
2025-11-24,122.2160483113776,124.2757599305915,121.17629549035897,123.28551483154297,24316973
2025-11-25,123.95888567239314,125.91957435392958,123.53307996430532,123.6321029663086,21831817
2025-11-26,123.77073399372796,124.17673811459133,122.63195060797996,123.8796615600586,12572383
2025-11-27,123.87966110657052,125.59278846215956,123.43405383137328,124.34507751464844,14776141
2025-11-28,125.95917225130121,126.07800438172576,123.80043765589664,124.95903015136719,15707054
2025-12-01,124.97882684932901,129.93995666503906,124.96892228343772,129.93995666503906,27359544
2025-12-02,129.88054932285073,129.9201524779828,126.99893249139696,127.64258575439453,17356470
2025-12-03,127.20689417479248,127.6227953100745,125.46405310129678,125.63240051269531,12372746
2025-12-04,125.00853997505025,125.42444866104516,123.38453860679007,124.76097869873047,11585526
2025-12-05,124.8699095812416,125.45415813745859,123.61230158832217,124.87981414794922,12267751
2025-12-08,124.83029388213492,125.14717200938169,123.60239208342496,124.35498046875,13749055
2025-12-09,123.87965809249398,124.65204804669409,122.66166087393856,122.79039001464844,15848614
2025-12-10,122.29527190906528,123.34492931514761,121.36443908180242,123.22610473632812,13381177
2025-12-11,123.16668344685228,123.5825921327527,120.80990281661269,121.10697937011719,16633150
2025-12-12,120.70097145974914,121.60209810343225,117.3539458295769,121.1762924194336,20281948
2025-12-15,119.68102349232586,120.66136402676902,118.33428955078125,118.33428955078125,14124576
2025-12-16,120.80990562839087,123.78064101269557,118.68087709197836,122.10712432861328,31466724
2025-12-17,120.81980780278357,120.81980780278357,118.77989774190526,120.36429595947266,19814053
2025-12-18,119.02745809938337,119.52258064980505,118.33428955078125,118.33428955078125,12585634
2025-12-19,117.72033826480605,120.11673721976284,117.67083054131787,119.4235610961914,12797729
2025-12-22,120.31477897690208,122.17643703469767,120.1761452680753,120.23555755615234,14188621
2025-12-23,119.47307294620668,119.81965722056131,118.1362435708557,118.4729232788086,14519176
2025-12-24,118.2649705258886,119.2057003324402,117.55199285756845,118.53233337402344,12847852
2025-12-25,118.53233822530721,118.53233822530721,117.64112365840188,117.9480972290039,10930974
2025-12-26,117.83916664527545,121.75063175983209,117.71043750234311,119.49287414550781,22208028
2025-12-29,119.48297437162599,121.1267772674828,118.69077528966608,119.18589782714844,14633544
2025-12-30,119.4235546823215,120.66136102760876,118.41350802875404,120.15633392333984,14710022
2025-12-31,121.68131330536417,124.0777121524548,119.71072770192407,119.78004455566406,21397063
2026-01-05,118.97795228363151,120.61185823719619,118.49273429183567,120.12663269042969,16614338
2026-01-06,120.16624456084477,124.43420619241216,120.16624456084477,124.09751892089844,37565631
2026-01-07,124.10741706836714,129.71220781949788,121.6020982373029,127.09796142578125,52768821
2026-01-08,125.05805353809208,125.4937637960331,123.59248747818084,124.07771301269531,27259460
2026-01-09,124.05790704027335,124.71147244383349,122.80029906595855,123.50337219238281,21015699
2026-01-12,122.82009887695312,123.23600000688695,121.96848748424826,122.82009887695312,23573093
2026-01-13,123.77073690434226,124.1965426132015,121.11687964900408,121.5030746459961,22376436
2026-01-14,121.01785212593434,122.07741407514546,119.82956103419178,120.51282501220703,23281386
2026-01-15,120.11673406664994,121.28522359088257,119.82956208006212,120.13653564453125,14038357
2026-01-16,120.39399811559908,120.73067781494795,119.3740468964335,119.74043273925781,15535071
2026-01-19,119.78994863745004,121.11687341938364,119.78004407124997,119.96819305419922,15259641
2026-01-20,119.83945761984909,119.83945761984909,117.81936428205691,118.01741027832031,18681534
2026-01-21,117.83916949454857,118.28477677737159,116.86872595099457,117.11628723144531,15871104
2026-01-22,116.84892003179267,117.28463028678989,113.87818477674709,113.99701690673828,30185309
2026-01-23,113.92770268324313,118.12633982525006,113.37316028545196,116.84892272949219,33467061
2026-01-26,116.35379846321624,116.35379846321624,113.45238003763679,113.48208618164062,21443833
2026-01-27,113.55140491756208,114.07623361691451,111.40257484267848,111.48179626464844,19283876
2026-01-28,110.90745493792069,110.90745493792069,106.53057326159932,107.30296325683594,36206799
2026-01-29,106.5305684653921,108.92695976707483,105.31256368199143,107.88719940185547,30914448
2026-01-30,106.74842378344123,107.24354632871697,103.0746078491211,103.0746078491211,28592179
2026-02-02,103.07461009323073,106.59988782972533,103.06471308168848,103.43109893798828,23554526
2026-02-03,103.9955372620957,106.38203158371049,103.66876212029426,106.35232543945312,23840895
2026-02-04,106.48105559411833,111.46198729445216,106.48105559411833,109.2141342163086,31564870
2026-02-05,109.9073042895999,109.94691500118962,107.32276390939336,108.23379516601562,16029017
2026-02-06,107.67925054108251,109.22403804138415,107.55052139729511,108.01593780517578,13241297
2026-02-09,110.01623211181115,112.3433066495442,109.42208654653453,109.89740753173828,19475794
2026-02-10,110.88764700961865,110.89754402080668,108.93686299978481,109.283447265625,12060023
2026-02-11,109.72905505686084,110.97676597486792,108.62988241206396,109.37256622314453,13921748
2026-02-12,109.40228459449256,109.47160145095522,107.18413007774596,107.81788635253906,14495673
2026-02-13,107.80798725758726,109.659740768008,107.33266628319221,108.15457153320312,13052777
2026-02-24,108.15457353159215,108.3328179559124,106.94647327286263,106.986083984375,13321957
2026-02-25,106.98607981861151,109.11510826093503,106.84744611120165,108.07534790039062,12411893
2026-02-26,107.8376950993253,107.8376950993253,104.97588730638341,105.04520416259766,17901590
2026-02-27,104.95607403552044,106.91676262038112,104.38173763023191,106.27310180664062,13670452
2026-03-02,103.60934154314171,105.92651899342435,102.98548985324318,105.15412902832031,21638739
2026-03-03,104.69861816814247,105.85720312660779,101.17334046058862,101.4011001586914,26486805
2026-03-04,99.51963334563186,101.37139441722557,98.26202538276468,100.51978302001953,16842438
2026-03-05,101.9952454519744,102.53988327977414,99.55924340894119,100.01475524902344,13897334
2026-03-06,99.11362899509386,99.56914839205307,98.04417002280219,99.2720718383789,16295765
2026-03-09,98.03426893006404,98.04417349686297,95.18236564461533,96.84597778320312,21755155
2026-03-10,98.03426426869638,98.89578021993793,97.459920301202,98.53929138183594,14177564
2026-03-11,98.77694785731018,102.78744349906886,98.4303635863488,100.52967834472656,26441570
2026-03-12,100.52967915381716,100.52967915381716,98.03426482784097,98.90567779541016,15715797
2026-03-13,98.52939128425244,101.00500413059045,98.25212385425793,99.25227355957031,14353249
2026-03-16,100.311832160497,102.74783421224932,99.67807589768196,102.23290252685547,27256664
2026-03-17,102.23290469203731,104.27281478896124,101.24265956604516,101.89622497558594,23379770
2026-03-18,101.5991454434587,102.97558552392158,99.61865524941479,100.48017120361328,15321686
2026-03-19,99.23246179235662,100.707924894223,99.0245112253798,99.91573333740234,11166150
2026-03-20,100.21279773434365,101.30207335175828,98.78684997558594,98.78684997558594,13613072
2026-03-23,98.6383153766106,101.8962226741375,97.42031057496324,98.30162811279297,29015618
2026-03-24,98.31153344073631,98.88587741848133,93.429624739845,96.12309265136719,29357049
2026-03-25,97.61836594462495,97.75699965731393,95.14275313950647,95.60816955566406,18266564
2026-03-26,95.0932346511771,96.25181959166707,92.88499233434274,93.08303833007812,16951887
2026-03-27,92.11259930844173,94.64763199623611,91.90464873629331,94.48918914794922,15827092
2026-03-30,93.57815980521728,95.0239167114845,92.73645300050305,93.32069396972656,12195769
2026-03-31,90.51830605463815,91.97395997068304,89.39932428319274,89.94396209716797,27569073
2026-04-01,90.89459719598031,91.3600135944042,89.40922956950601,90.8648910522461,18862031
2026-04-02,90.5084050473743,90.59752348136337,88.0327922591801,88.2110366821289,19601778
2026-04-03,88.20112717924185,88.56752057117814,85.28980428567253,85.55717468261719,21485323
2026-04-07,85.16107569622521,86.9039091281908,84.7154684384075,85.78492736816406,16458710
2026-04-08,87.1217708226274,89.12206268310547,86.8544004037944,89.12206268310547,22464381
2026-04-09,88.13181298974588,88.13181298974588,87.14156789997345,87.71591186523438,12994209
2026-04-10,88.37937505373485,89.86474270169677,88.08229850215425,89.19137573242188,17290992
2026-04-13,88.93391099356576,90.280644948806,88.67645270430707,89.23098754882812,13761755
2026-04-14,90.01327984037312,90.1123028379922,88.01298053560346,89.01313018798828,14842514
2026-04-15,89.61718502119723,89.66670030010334,87.39903802667213,87.45845031738281,13994238
2026-04-16,87.71591588267505,89.22108516387976,87.71591588267505,89.03294372558594,17298719
2026-04-17,88.59722900390625,88.89429799655865,87.57727777468918,88.59722900390625,12937841
2026-04-20,88.67645160531545,90.38957139518136,88.23083677794455,89.19137573242188,19296723
2026-04-21,89.27059382853702,89.27059382853702,87.74561552683225,89.07254028320312,12765401
2026-04-22,88.76557336185185,89.69640620702255,88.27045079399014,89.58747863769531,12297542
2026-04-23,91.10255224192242,95.0041204837867,91.10255224192242,91.57787322998047,40622486
2026-04-24,91.57787239268968,91.77591839550351,88.80518302347164,89.9637680053711,21817760
2026-04-27,89.12205844900333,91.55806047334629,88.5081037710097,89.79542541503906,22938685
2026-04-28,89.18147093991095,89.32010464897157,88.03279055698438,88.0822982788086,17926110
2026-04-29,87.63669020237255,90.04298606606024,87.41883507443013,89.56766510009766,17814971
2026-04-30,88.63684286263404,89.44884355934862,87.33961661723377,87.8842544555664,22351199
2026-05-06,86.15132215839704,87.61688820435906,86.15132215839704,87.21088409423828,22271608
2026-05-07,87.14156747912288,88.60713352909512,87.02273534913472,88.31996154785156,20329225
2026-05-08,88.20113124342858,91.99377181063245,87.3198137039438,89.41913604736328,32821613
2026-05-11,88.97351937536035,88.9933285078436,88.032789566608,88.31996154785156,19767776
2026-05-12,88.1516158804633,88.23083730201809,85.76512910714722,85.90376281738281,25985765
2026-05-13,85.70571531094004,87.8644499030281,84.19063398149395,86.6068344116211,27212552
2026-05-14,86.74547274668505,88.57742474455739,84.18074146065794,84.22035217285156,24983716
2026-05-15,84.23024391948007,84.4679081777855,82.07150934718,82.44780731201172,21774579
2026-05-18,81.75463314452696,82.64585524667787,80.68517417691642,81.0020523071289,20733865
2026-05-19,81.00205087795496,81.66551327091729,78.72448416319511,79.298828125,23999396
2026-05-20,79.20970624089314,79.26912608637902,77.0113608321859,77.79365539550781,24195862
2026-05-21,77.79365397031643,85.5769811939726,77.73424168088981,82.56663513183594,70636394
2026-05-22,82.19034395613922,82.24975624502294,79.22951319889417,81.22980499267578,31960681
2026-05-25,81.21000290826132,82.08141587799423,80.38809766063257,81.2793197631836,21193432
2026-05-26,81.47736804611456,86.36918140341419,81.47736804611456,85.56708526611328,46745798
2026-05-27,85.15117131375958,87.85454367459708,83.54697913818089,83.79454040527344,41670478
2026-05-28,84.8838092529424,85.062053669093,81.20009635581037,82.17053985595703,25802209
2026-05-29,81.9229826683458,82.82410180519294,79.73453428963681,80.66536712646484,28598734
2026-06-01,81.20009514595587,81.37833955945068,79.24931116353218,79.30872344970703,17646865
2026-06-02,79.51668841715443,82.46761472781026,78.74429085543429,81.21000671386719,27605919
2026-06-03,80.5,80.72000122070312,78.7699966430664,79.0999984741211,22457986
2026-06-04,78.33000183105469,78.7699966430664,76.19999694824219,76.37000274658203,24982654
2026-06-05,76.30000305175781,76.80999755859375,74.3499984741211,75.01000213623047,28604672
2026-06-08,73.01000213623047,76.12999725341797,72.62999725341797,72.9000015258789,21706760
2026-06-09,73.0,73.55000305175781,71.0,71.70999908447266,23958665
2026-06-10,70.76000213623047,70.79000091552734,68.36000061035156,68.87999725341797,30670175
2026-06-11,68.01000213623047,68.5,66.45999908447266,67.70999908447266,30214017
2026-06-12,68.98999786376953,69.83000183105469,67.0,68.66999816894531,27142534
2026-06-15,68.0999984741211,70.01000213623047,67.51000213623047,68.19999694824219,24775607
2026-06-16,68.29000091552734,69.9800033569336,67.97000122070312,68.77999877929688,22583820
2026-06-17,68.3499984741211,68.3499984741211,65.93000030517578,66.13999938964844,27529728
2026-06-18,65.69999694824219,66.33000183105469,64.4800033569336,64.80999755859375,31665586
2026-06-22,64.29000091552734,65.68000030517578,62.33000183105469,65.30000305175781,36375659
2026-06-23,64.62999725341797,65.87000274658203,62.79999923706055,63.0,24990121
2026-06-24,63.0099983215332,63.470001220703125,61.40999984741211,61.79999923706055,21859724
2026-06-25,61.400001525878906,64.13999938964844,61.16999816894531,62.70000076293945,32040489
2026-06-26,63.04999923706055,63.18000030517578,59.79999923706055,59.79999923706055,27933387
2026-06-29,59.599998474121094,62.099998474121094,58.709999084472656,60.720001220703125,32613025
2026-06-30,60.720001220703125,61.5,60.0,61.25,20790577
2026-07-01,60.90999984741211,61.90999984741211,59.90999984741211,61.150001525878906,24922580
2026-07-02,61.0,62.599998474121094,60.16999816894531,60.380001068115234,32265109
2026-07-03,60.380001068115234,62.72999954223633,60.31999969482422,61.84000015258789,37858539
2026-07-06,61.79999923706055,62.58000183105469,59.959999084472656,59.97999954223633,25631357
2026-07-07,59.88999938964844,60.90999984741211,58.400001525878906,59.040000915527344,22539010
2026-07-08,58.79999923706055,59.279998779296875,57.5,58.529998779296875,21405460
2026-07-09,58.36000061035156,59.400001525878906,57.599998474121094,58.970001220703125,20737401
2026-07-10,58.7400016784668,61.38999938964844,58.11000061035156,59.900001525878906,32148192
2026-07-13,56.310001373291016,56.77000045776367,53.90999984741211,53.90999984741211,46111837
2026-07-14,52.18000030517578,54.029998779296875,52.0099983215332,53.380001068115234,39561844
2026-07-15,53.91999816894531,56.880001068115234,53.68000030517578,55.88999938964844,41152539
2026-07-16,55.88999938964844,57.91999816894531,55.060001373291016,56.369998931884766,29683879
2026-07-17,56.369998931884766,56.93000030517578,54.060001373291016,54.29999923706055,25405617
2026-07-20,54.29999923706055,55.779998779296875,54.2400016784668,55.61000061035156,26534582
2026-07-21,56.400001525878906,56.7400016784668,55.16999816894531,55.5099983215332,26532926
2026-07-22,55.20000076293945,56.209999084472656,54.7599983215332,55.97999954223633,23367032
2026-07-23,56.25,56.459999084472656,55.060001373291016,56.380001068115234,16936884
2026-07-24,56.0,56.380001068115234,54.04999923706055,54.33000183105469,17843734
2026-07-27,55.40999984741211,56.52000045776367,54.869998931884766,55.40999984741211,17141851
2026-07-28,55.0,57.099998474121094,54.75,55.93000030517578,20770528
2026-07-29,56.849998474121094,59.70000076293945,56.540000915527344,58.0,44507681
2026-07-30,57.95000076293945,62.4900016784668,57.54999923706055,61.45000076293945,62098630
2026-07-31,59.5,63.36000061035156,58.529998779296875,62.25,56007362
2026-08-03,61.5,62.0,59.65999984741211,60.63999938964844,36255265
2026-08-04,59.09000015258789,59.79999923706055,58.04999923706055,58.619998931884766,36942930
2026-08-05,58.40999984741211,59.90999984741211,57.290000915527344,58.849998474121094,39076425
2026-08-06,58.20000076293945,58.27000045776367,56.54999923706055,57.11000061035156,33555713
2026-08-07,56.810001373291016,57.15999984741211,55.59000015258789,56.81999969482422,28859280
2026-08-10,56.5,57.5,55.83000183105469,56.029998779296875,22475904
2026-08-11,56.11000061035156,56.20000076293945,55.099998474121094,55.209999084472656,19939583
2026-08-12,54.97999954223633,56.400001525878906,54.79999923706055,55.83000183105469,24386129
2026-08-13,55.65999984741211,55.97999954223633,54.2599983215332,54.279998779296875,23807927
2026-08-14,54.209999084472656,54.27000045776367,52.97999954223633,53.20000076293945,20870360
2026-08-17,53.08000183105469,53.209999084472656,52.45000076293945,53.13999938964844,16780900
2026-08-18,53.099998474121094,53.11000061035156,51.310001373291016,51.84000015258789,27006175
2026-08-19,51.400001525878906,51.5,50.130001068115234,50.47999954223633,22524675
2026-08-20,50.47999954223633,51.650001525878906,50.47999954223633,51.4900016784668,20773993
2026-08-21,51.099998474121094,51.099998474121094,50.349998474121094,50.5,13988909
2026-08-24,50.220001220703125,50.790000915527344,49.25,49.75,19062871
2026-08-25,49.5099983215332,50.83000183105469,49.369998931884766,50.72999954223633,16286125
2026-08-26,50.54999923706055,51.18000030517578,50.45000076293945,50.61000061035156,12149493
2026-08-27,50.599998474121094,50.66999816894531,50.08000183105469,50.52000045776367,10270502
2026-08-28,50.400001525878906,50.79999923706055,50.310001373291016,50.59000015258789,10679772
2026-08-31,50.20000076293945,50.20000076293945,49.189998626708984,49.599998474121094,15831090
2026-09-01,49.599998474121094,50.939998626708984,49.599998474121094,50.54999923706055,17860398
2026-09-02,50.16999816894531,50.38999938964844,48.91999816894531,48.93000030517578,17618153
