date,ret
2004-01-01,0.0
2004-01-02,0.0016393855579105152
2004-01-05,0.0010295820538712037
2004-01-06,-0.0008556711346705468
2004-01-07,-0.00012011254018398725
2004-01-08,0.00036169309700940486
2004-01-09,0.0016697441160490956
2004-01-12,0.002470355745481812
2004-01-13,-9.683245962715274e-05
2004-01-14,0.0005610467053240756
2004-01-15,-0.002343908112096385
2004-01-16,0.0001377305194431478
2004-01-19,-0.004213819470388801
2004-01-20,0.0027392201569209156
2004-01-21,0.003022205478203318
2004-01-22,-0.0008638153885533935
2004-01-23,0.0006276552859648197
2004-01-26,-0.0003012943037279127
2004-01-27,-0.0011309719542881586
2004-01-28,-2.577877299278623e-05
2004-01-29,-0.0027009392483738266
2004-01-30,1.8054041447840996e-06
2004-02-02,0.001422733829423856
2004-02-03,0.0017479443140224118
2004-02-04,0.0005474271450197173
2004-02-05,0.0020932334226009728
2004-02-06,0.0006112602765995327
2004-02-09,0.0030098099628020625
2004-02-10,0.0013918118287033214
2004-02-11,-1.1640265005116908e-05
2004-02-12,0.00029096687658777863
2004-02-13,0.002914196410500012
2004-02-16,-0.0008020580366758321
2004-02-17,0.0006894645714864151
2004-02-18,0.0012105534387287515
2004-02-19,0.0005669578387290564
2004-02-20,-1.5488950458304046e-05
2004-02-23,-0.002923272128858428
2004-02-24,0.0012846495161436453
2004-02-25,0.0023417796194674014
2004-02-26,-0.00041041524909249334
2004-02-27,-0.0009842317130232252
2004-03-01,0.0
2004-03-02,0.00168108173479883
2004-03-03,-0.006589708314164678
2004-03-04,0.003118931554510749
2004-03-05,0.0039287344791822075
2004-03-08,-0.0008080008515171227
2004-03-09,0.00012994614399092788
2004-03-10,-0.007202523870298899
2004-03-11,-0.006328381826644907
2004-03-12,-0.00017362871169763946
2004-03-15,-0.0014638111250094414
2004-03-16,0.0014354309633303436
2004-03-17,-0.0006681430797585002
2004-03-18,-0.0017060487621066468
2004-03-19,0.001544273648809922
2004-03-22,0.0013225314933673865
2004-03-23,0.00014928587845662692
2004-03-24,-0.0029241232316559486
2004-03-25,-0.003089824208584681
2004-03-26,0.0024831348323154237
2004-03-29,-0.0010325086244064342
2004-03-30,0.0026375932059511257
2004-03-31,-0.0009770334278134244
2004-04-01,0.0
2004-04-02,-6.294566913741905e-05
2004-04-05,-0.00018244734784193283
2004-04-06,0.002342327138312191
2004-04-07,-0.0006916434475386186
2004-04-08,0.0015047233489040763
2004-04-09,0.00067894143654947
2004-04-12,-0.0010266593201338678
2004-04-13,-0.00046702836032358496
2004-04-14,-0.00519013563777874
2004-04-15,-0.0009857743134863246
2004-04-16,0.0012896954657255488
2004-04-19,0.001868552792657981
2004-04-20,-2.822129937614856e-05
2004-04-21,-0.0028071759783202714
2004-04-22,-0.0011316204629787294
2004-04-23,0.0013115984709501554
2004-04-26,0.0007327694150767354
2004-04-27,0.0006109245319238694
2004-04-28,-0.003082422855615496
2004-04-29,-0.0023125413259340592
2004-04-30,0.0029155696430630536
2004-05-03,0.0008248232661118988
2004-05-04,0.00022566023327901896
2004-05-05,-0.0015774108636577994
2004-05-06,0.00150644860703641
2004-05-07,0.0015345764706421968
2004-05-10,-0.003909374951115397
2004-05-11,-0.0017625196949049892
2004-05-12,0.002685163903504294
2004-05-13,0.0002064189090799038
2004-05-14,-0.0008825017463460436
2004-05-17,-3.873360716485474e-05
2004-05-18,-7.019659693352964e-05
2004-05-19,0.0020822469059104997
2004-05-20,0.0004204126425265641
2004-05-21,0.00101429674534984
2004-05-24,-0.000542539546494659
2004-05-25,0.001124414277277973
2004-05-26,0.000919796984616301
2004-05-27,0.0014524282612422513
2004-05-28,-0.002055342185649349
2004-05-31,-0.0006888248096969574
2004-06-01,0.0
2004-06-02,-0.0037124110371241715
2004-06-03,0.001670629065601288
2004-06-04,-0.0013594681937206738
2004-06-07,-0.00035395995208575154
2004-06-08,-0.0010403346875900094
2004-06-09,-0.0008626743583280161
2004-06-10,0.0031302960093043367
2004-06-11,-0.0009944465365715955
2004-06-14,0.0015658068674919217
2004-06-15,0.0020307780531119957
2004-06-16,-0.00045331299535525643
2004-06-17,-0.0025593681019232097
2004-06-18,-0.0011708040193965583
2004-06-21,0.00013801868673012337
2004-06-22,-0.0011715231640950158
2004-06-23,-0.0021817777828744022
2004-06-24,0.0005742643961343454
2004-06-25,0.004820566970566271
2004-06-28,-0.0006741258915391571
2004-06-29,-0.0030605063736301934
2004-06-30,0.00023912970367838613
2004-07-01,0.0
2004-07-02,0.0013455804380899743
2004-07-05,0.0022021245019102163
2004-07-06,0.0026130593922153895
2004-07-07,0.000361111080713451
2004-07-08,-0.00011086984423409502
2004-07-09,0.0002461693227143265
2004-07-12,0.0012502619061474365
2004-07-13,-0.0009580506551884941
2004-07-14,0.0005387338616689435
2004-07-15,0.000809887708517022
2004-07-16,0.0008220613363084933
2004-07-19,-0.0010793077514293656
2004-07-20,-0.00042160347755790294
2004-07-21,-0.002571976022078251
2004-07-22,0.0008988067171043031
2004-07-23,-0.0016393744787712263
2004-07-26,0.0026275412568625136
2004-07-27,-0.0023613353979388962
2004-07-28,0.0009206437300601678
2004-07-29,0.0019857528640183173
2004-07-30,-7.295412576449679e-05
2004-08-02,0.0003663956646629891
2004-08-03,0.0008431886118900933
2004-08-04,0.0005660444563451761
2004-08-05,0.00029510318806604875
2004-08-06,-0.0006241532154363474
2004-08-09,0.00012761512493853373
2004-08-10,0.000746694679119202
2004-08-11,-9.765514418067423e-05
2004-08-12,0.0005301338087623829
2004-08-13,0.0012562986001769018
2004-08-16,-0.00040988774761461166
2004-08-17,-0.0014308699482650004
2004-08-18,-0.0012073449759040559
2004-08-19,0.002206492160054164
2004-08-20,-0.0014783948706732824
2004-08-23,0.0021828214307115096
2004-08-24,-0.006467357545054171
2004-08-25,0.002167135805298689
2004-08-26,-0.0016013014755638427
2004-08-27,0.00153335978010063
2004-08-30,0.00021127975138433808
2004-08-31,-0.000947960000149161
2004-09-01,0.0
2004-09-02,-0.001660133822933678
2004-09-03,0.0008399959686216423
2004-09-06,0.0005094973438434378
2004-09-07,-0.0025712984584446564
2004-09-08,0.0017290433610946169
2004-09-09,-0.0002942461876676428
2004-09-10,0.002512112951239168
2004-09-13,0.00016502217406604973
2004-09-14,0.0010231209078782936
2004-09-15,-0.0003864362087399085
2004-09-16,0.0010461709504585724
2004-09-17,-3.0398690012836205e-06
2004-09-20,-1.7469951077083942e-05
2004-09-21,-0.000907664563472026
2004-09-22,0.0014579100966865127
2004-09-23,0.0015398109158391714
2004-09-24,0.00032866689281076133
2004-09-27,0.0019145352720051864
2004-09-28,0.0015297247198072937
2004-09-29,-0.0020041511235321242
2004-09-30,-0.0005114980289256612
2004-10-01,0.0
2004-10-04,0.0011452567544470555
2004-10-05,0.0009233512715664648
2004-10-06,0.0007230953705254441
2004-10-07,0.00032173408477279296
2004-10-08,-0.0007599236517002144
2004-10-11,0.00011424250052282568
2004-10-12,-0.00014619024629623957
2004-10-13,-0.0007427094610962498
2004-10-14,0.0006916019249306859
2004-10-15,0.001372869208456263
2004-10-18,-0.002001848167783266
2004-10-19,-0.0015686792015009322
2004-10-20,0.0010525396711623418
2004-10-21,0.0005331840069067292
2004-10-22,-0.0008619943211982922
2004-10-25,-0.0002654794439685111
2004-10-26,-0.0016926954823965029
2004-10-27,-0.00016636015626115354
2004-10-28,-8.933728690042135e-05
2004-10-29,-0.004358521211868755
2004-11-01,0.0
2004-11-02,0.0007370069334432675
2004-11-03,0.0011130699501090992
2004-11-04,-0.00047964569208085324
2004-11-05,-0.0005689992102156991
2004-11-08,0.0028344693693119695
2004-11-09,4.211461003533122e-05
2004-11-10,-0.0018313140946063387
2004-11-11,-0.0011766966309565109
2004-11-12,-0.0015532744739765619
2004-11-15,0.0008046825468644558
2004-11-16,0.001334708498784673
2004-11-17,-0.0018684725832948917
2004-11-18,-0.0007382988312819645
2004-11-19,0.0010902094005520197
2004-11-22,0.0005918174924607085
2004-11-23,-5.8369649074728735e-05
2004-11-24,-0.0018976768651054901
2004-11-25,-0.00022989690511179538
2004-11-26,-5.076003922546563e-06
2004-11-29,0.00023613376775787794
2004-11-30,0.0006564764076252961
2004-12-01,0.0
2004-12-02,0.0017344980168898935
2004-12-03,-0.006048519354945035
2004-12-06,0.0024252080832385145
2004-12-07,-0.0013313624919944907
2004-12-08,0.00045998455673395547
2004-12-09,0.0008794720241005038
2004-12-10,0.0007508650893344674
2004-12-13,-0.0015350564530671985
2004-12-14,0.00042924758455181104
2004-12-15,0.0009398709234044855
2004-12-16,0.0010017504904995841
2004-12-17,0.0005324375242158836
2004-12-20,-0.0009611036122343253
2004-12-21,-0.0008171406989777464
2004-12-22,-0.002891707572607433
2004-12-23,-0.0017368164657974366
2004-12-24,0.00047666991026034603
2004-12-27,0.000616677946066636
2004-12-28,-0.000506222478655844
2004-12-29,0.00037292612051262656
2004-12-30,0.0006325015095699986
2004-12-31,0.0011446749821747734
2005-01-03,0.0003042244539279306
2005-01-04,0.001448645161051455
2005-01-05,-0.0010844883780266443
2005-01-06,0.0009630215514290372
2005-01-07,0.0020751353806370615
2005-01-10,-0.00044284415989992736
2005-01-11,-8.950055894302601e-05
2005-01-12,0.0007918025158265906
2005-01-13,-0.00021753771363073983
2005-01-14,-0.0014400906406317404
2005-01-17,-0.0007380636708124011
2005-01-18,0.00012263911776801305
2005-01-19,0.0020230229287847537
2005-01-20,0.0025577193795041793
2005-01-21,0.0017499746447473142
2005-01-24,1.3692186157429495e-05
2005-01-25,0.0010561106828305663
2005-01-26,-0.001122431616041922
2005-01-27,0.0006877071198843591
2005-01-28,-0.0007119558498794339
2005-01-31,0.0010071349769515375
2005-02-01,0.0
2005-02-02,1.9839508026142338e-05
2005-02-03,0.0029462357033490714
2005-02-04,0.0007113540323561959
2005-02-07,0.0017747403631374501
2005-02-08,0.001141007475974794
2005-02-09,-0.0008334818104352736
2005-02-10,0.0032075281415902797
2005-02-11,0.0025438432926444426
2005-02-14,-0.002332886290787107
2005-02-15,-0.002516461904570492
2005-02-16,-0.0009381358354821645
2005-02-17,0.0012876033358519346
2005-02-18,0.00040180418302516324
2005-02-21,-0.0002792029610308188
2005-02-22,-0.004341018555455852
2005-02-23,-0.0023854406050429875
2005-02-24,0.002000273228654525
2005-02-25,-0.0005615517378094111
2005-02-28,0.0011082792195539644
2005-03-01,0.0
2005-03-02,0.0018016458292296764
2005-03-03,0.0018384511748457224
2005-03-04,-1.97949626303715e-05
2005-03-07,0.0014166174591721825
2005-03-08,-8.489043310417599e-05
2005-03-09,-0.0017285006513374026
2005-03-10,-0.0011147072043040187
2005-03-11,-0.00032790292610805974
2005-03-14,0.002126143099310225
2005-03-15,0.001767106889552553
2005-03-16,-0.001018326626792159
2005-03-17,0.0009477253589630651
2005-03-18,0.0014842915289970682
2005-03-21,4.311157160255652e-05
2005-03-22,0.004088123036506234
2005-03-23,-0.002614095364039734
2005-03-24,-0.00018265443303859864
2005-03-25,-0.00034878001265217665
2005-03-28,0.0020105957135406667
2005-03-29,0.0005847508589400265
2005-03-30,-0.0005832294119992392
2005-03-31,0.0014238546279153432
2005-04-01,0.0
2005-04-04,-0.0009096482981211839
2005-04-05,0.0006655504270890781
2005-04-06,0.0007370434418566505
2005-04-07,0.0008096043923599372
2005-04-08,-0.002894560228356162
2005-04-11,8.522980495639475e-05
2005-04-12,0.0005685251081656065
2005-04-13,0.001760349223101601
2005-04-14,0.002831861123926818
2005-04-15,-0.00525472209431035
2005-04-18,-0.0027458298229780377
2005-04-19,0.0018640114946454301
2005-04-20,-0.0008875938981589419
2005-04-21,-1.8273846171668845e-05
2005-04-22,0.0003555275418833706
2005-04-25,4.019917964803275e-05
2005-04-26,-0.0018032496347485613
2005-04-27,-1.7790487439055554e-05
2005-04-28,0.001981721617244132
2005-04-29,-0.0007177604137924794
2005-05-02,0.0002952826440432121
2005-05-03,-0.0018008891168568811
2005-05-04,0.0005221481988420391
2005-05-05,0.00025607171157412424
2005-05-06,0.0040221265634394245
2005-05-09,-4.975776109620272e-05
2005-05-10,-0.0006563240263736261
2005-05-11,0.0005595906691399684
2005-05-12,0.0001843148854585815
2005-05-13,-0.000998429371507843
2005-05-16,-0.0029212578577648284
2005-05-17,0.0011414427609248937
2005-05-18,-0.0013038139073896279
2005-05-19,0.0018585215717597564
2005-05-20,0.0005131318559750171
2005-05-23,0.0009431900136595785
2005-05-24,-0.00031113885125680894
2005-05-25,3.437299663557905e-05
2005-05-26,0.0013144597246309976
2005-05-27,0.0001675846029047839
2005-05-30,0.0017171189801038712
2005-05-31,0.0020466057814100126
2005-06-01,0.0
2005-06-02,-0.0021261178074080725
2005-06-03,0.0006272302969141149
2005-06-06,0.0007736800034927551
2005-06-07,0.0006077916481138222
2005-06-08,0.002327287524138517
2005-06-09,-0.0009081191364728418
2005-06-10,0.004080549532301094
2005-06-13,0.001393473734290694
2005-06-14,0.0036197862491816283
2005-06-15,0.0017606207990008508
2005-06-16,0.0005495531691033916
2005-06-17,-0.003651185516345213
2005-06-20,0.00324890510223511
2005-06-21,-0.0010165202114601345
2005-06-22,0.002026778951758637
2005-06-23,0.0019587904441880945
2005-06-24,-0.000366826219284231
2005-06-27,-0.0002453421349536833
2005-06-28,0.0013814124810605272
2005-06-29,0.0006788042916331156
2005-06-30,-0.0008767804338580316
2005-07-01,0.0
2005-07-04,-0.0005107989205203477
2005-07-05,-0.0022968897325089345
2005-07-06,-0.0003028227881445351
2005-07-07,-1.3701071765149985e-05
2005-07-08,0.0011277222042174874
2005-07-11,0.0007107001304626626
2005-07-12,-0.001495568540630252
2005-07-13,0.0007289658315943506
2005-07-14,0.0002998381305702499
2005-07-15,-0.0007644519704662673
2005-07-18,0.0009341438993800082
2005-07-19,0.00027662847059394837
2005-07-20,-0.0028856913471499487
2005-07-21,0.0007898217430152606
2005-07-22,0.0031527601895493286
2005-07-25,-0.00019351742412839921
2005-07-26,0.0005766638014383139
2005-07-27,-0.0017212712860716582
2005-07-28,-0.0018585091104808596
2005-07-29,0.005148740798604366
2005-08-01,0.0
2005-08-02,-0.0017549623572507807
2005-08-03,-0.0022262787789820966
2005-08-04,-0.0006634657445583401
2005-08-05,0.0012200510367772965
2005-08-08,0.0019403995387969263
2005-08-09,-0.0012017999036091974
2005-08-10,0.00028599390006078156
2005-08-11,0.0002229239872566819
2005-08-12,0.0013832844923209213
2005-08-15,0.0006669458348789671
2005-08-16,0.0013829899370580551
2005-08-17,-0.001037075258472785
2005-08-18,0.0007203498556639863
2005-08-19,0.00197648353213941
2005-08-22,-0.00014561725889304848
2005-08-23,0.00046173481245860364
2005-08-24,-0.000281401256222842
2005-08-25,-0.0005810299687293545
2005-08-26,-0.0009239963421290179
2005-08-29,0.0012640984806049662
2005-08-30,0.0006120697020852462
2005-08-31,-0.0011038670599754375
2005-09-01,0.0
2005-09-02,-0.0025761065788373837
2005-09-05,0.001808028220751532
2005-09-06,0.001669443736091408
2005-09-07,0.0008811940434238177
2005-09-08,0.003098904371643771
2005-09-09,-0.0010993907611393649
2005-09-12,0.00044349761925059687
2005-09-13,0.0030280974434434608
2005-09-14,0.0009316619875914307
2005-09-15,-0.0009406514038066456
2005-09-16,0.002547858881149043
2005-09-19,0.0024995632372977615
2005-09-20,0.0012105901973398648
2005-09-21,-0.0012099282239535808
2005-09-22,-0.002088983820131909
2005-09-23,0.0022100151041641552
2005-09-26,-0.001543015561327238
2005-09-27,4.871151327007709e-05
2005-09-28,0.0012970618932670278
2005-09-29,-0.00011725493931859174
2005-09-30,0.0025830597241751495
2005-10-03,0.0016253230458230495
2005-10-04,0.0008823616011950803
2005-10-05,-0.003906506322879877
2005-10-06,-0.003282859102648965
2005-10-07,0.0014260675601862499
2005-10-10,0.0024153361613834592
2005-10-11,0.0002942378888277156
2005-10-12,0.00115623439611124
2005-10-13,-0.0011308878908431765
2005-10-14,0.001432973352800855
2005-10-17,0.002516402628787632
2005-10-18,0.002471979200539142
2005-10-19,0.0008648572918920695
2005-10-20,0.0004807396569969899
2005-10-21,0.0002966324413665616
2005-10-24,0.0001269363116621512
2005-10-25,-0.0010940310453872752
2005-10-26,0.0027873878693234653
2005-10-27,-0.001455317898986834
2005-10-28,0.0003071998705576317
2005-10-31,0.0015894347467089983
2005-11-01,0.0
2005-11-02,-0.001938429817989876
2005-11-03,0.0026646052526533527
2005-11-04,0.00114789061024601
2005-11-07,-0.002187099064922181
2005-11-08,0.00013667751002883116
2005-11-09,0.002754660436569509
2005-11-10,0.0014929895601482103
2005-11-11,-0.0013318583954942257
2005-11-14,-0.0004033497138496941
2005-11-15,0.0017837580264854352
2005-11-16,0.00032660916978244814
2005-11-17,-0.001028595345976412
2005-11-18,-0.0011560169480324446
2005-11-21,0.002207343984930263
2005-11-22,-0.000509726781698134
2005-11-23,0.0003701444392516009
2005-11-24,0.0018810753308903482
2005-11-25,0.0015441312366674352
2005-11-28,-0.0016670634068262583
2005-11-29,0.0031446960337197377
2005-11-30,0.0017491222124936857
2005-12-01,0.0
2005-12-02,0.0022142728559488697
2005-12-05,0.0011799843589191431
2005-12-06,-0.0015910022854731308
2005-12-07,-0.0014774065103391333
2005-12-08,-0.0023733978862337116
2005-12-09,0.002183907776559694
2005-12-12,-7.892501887910567e-05
2005-12-13,-0.0007039648826720072
2005-12-14,-0.00481673833930083
2005-12-15,-0.005398479333176734
2005-12-16,-0.0015584198877638732
2005-12-19,-0.0023041590863743023
2005-12-20,0.0037521715905171286
2005-12-21,0.00029449820879795904
2005-12-22,-0.0039731479695167505
2005-12-23,-0.0005803996952060094
2005-12-26,0.0013996618185894742
2005-12-27,-0.0006072972018899153
2005-12-28,0.0028240679185323877
2005-12-29,0.00048704221375871123
2005-12-30,0.0005953934240676361
2006-01-02,-0.0006233420233757254
2006-01-03,-0.005476401157902534
2006-01-04,0.0010997041805559666
2006-01-05,-0.0030748743657328095
2006-01-06,-0.0021022363037200556
2006-01-09,0.002611318042297852
2006-01-10,0.0018650011818913041
2006-01-11,-0.000875556641250949
2006-01-12,0.001080819270058404
2006-01-13,0.0004465326023768247
2006-01-16,0.0005926228884850051
2006-01-17,-0.0013168185495005989
2006-01-18,-0.003218085876806284
2006-01-19,0.0011335449624327225
2006-01-20,-0.0011467237746223722
2006-01-23,-0.0028768945550712573
2006-01-24,0.0016059689617184318
2006-01-25,0.003166517612216637
2006-01-26,0.0008137778667574136
2006-01-27,0.0035228163320587635
2006-01-30,0.0008882982589946233
2006-01-31,0.0005872371818222153
2006-02-01,0.0
2006-02-02,0.002021976296499978
2006-02-03,0.0003295518831618481
2006-02-06,-0.0006603332039356711
2006-02-07,-0.00474660973523932
2006-02-08,0.0005646392402769864
2006-02-09,0.0020737488027459177
2006-02-10,-0.0012816072221851892
2006-02-13,0.0005366456029275499
2006-02-14,-0.0009316274085976397
2006-02-15,0.002172908136864518
2006-02-16,-0.0021397259643874153
2006-02-17,0.0020848092458541603
2006-02-20,0.0006430638867637421
2006-02-21,-0.0006426246897772464
2006-02-22,-0.0015083081089853467
2006-02-23,-0.0007597463622713419
2006-02-24,0.0022743512735888508
2006-02-27,0.00070002340308427
2006-02-28,-0.0009370495222281106
2006-03-01,0.0
2006-03-02,-0.0015977844857436644
2006-03-03,-0.00013328704806235677
2006-03-06,-0.0016069249359436713
2006-03-07,-0.00028056061570261
2006-03-08,-0.001571885142894808
2006-03-09,-0.0007154413418325515
2006-03-10,-0.0013629704616845856
2006-03-13,-0.0017643830832428065
2006-03-14,-0.0007627056325068979
2006-03-15,-0.00031780365829404164
2006-03-16,-0.004513789367351423
2006-03-17,-0.0033284657426145524
2006-03-20,-0.0015834866561073638
2006-03-21,0.0026440420888088198
2006-03-22,0.0008119710105306113
2006-03-23,0.0020738186465536056
2006-03-24,-0.005512200684304086
2006-03-27,-0.001307961839868945
2006-03-28,0.0010903993366225583
2006-03-29,-0.0004933342855292478
2006-03-30,0.0013207885971362402
2006-03-31,0.0008615793908945525
2006-04-03,-0.0011253039998764373
2006-04-04,-0.0031015780419492447
2006-04-05,-0.0002048276618654441
2006-04-06,0.00281940892185231
2006-04-07,0.003845372554897389
2006-04-10,-0.0004070219650417505
2006-04-11,-0.0002876485556858527
2006-04-12,0.0021540383880040495
2006-04-13,0.0006156837791918442
2006-04-14,-0.0001909227704642601
2006-04-17,-0.0018803986410875512
2006-04-18,-0.0003509954143151882
2006-04-19,0.0022543059284582923
2006-04-20,-0.0008395465464257181
2006-04-21,0.0015903882215866985
2006-04-24,-0.004256767276178566
2006-04-25,-0.0010226836797129512
2006-04-26,0.0015552836538235578
2006-04-27,-0.0009055724551300217
2006-04-28,-0.0008353410992552718
2006-05-01,0.0
2006-05-02,0.0011249017335077736
2006-05-03,0.00037723330572599203
2006-05-04,-0.00046690912631917745
2006-05-05,-0.0015219676132488939
2006-05-08,-0.0031865409355941576
2006-05-09,-0.0027420771821405005
2006-05-10,-0.00163144688513247
2006-05-11,0.0007319067774466822
2006-05-12,-0.0028681701857560834
2006-05-15,0.0025468352585562163
2006-05-16,-0.0007152836955872505
2006-05-17,0.0014647077594209577
2006-05-18,-0.001801982252124693
2006-05-19,0.0010201707716693785
2006-05-22,-0.0031803969043647825
2006-05-23,0.0018606004248338953
2006-05-24,0.004210271851214898
2006-05-25,0.0017662132437535859
2006-05-26,0.0004215732681836099
2006-05-29,-0.000905617280305585
2006-05-30,-0.0004987082337960373
2006-05-31,-0.0016847013466890247
2006-06-01,0.0
2006-06-02,-0.001673576583980997
2006-06-05,-0.0005176351603803672
2006-06-06,0.0003096972996296768
2006-06-07,0.001862313100898189
2006-06-08,0.00253006523873473
2006-06-09,0.003350102294936084
2006-06-12,-0.001886276365003097
2006-06-13,0.00011261894749935313
2006-06-14,-0.00045209517062025687
2006-06-15,0.0014739754458468078
2006-06-16,-0.0018272829588274785
2006-06-19,0.0007813153927080252
2006-06-20,-0.0006475705348960706
2006-06-21,-0.0020415371530266785
2006-06-22,-0.0004759279601643915
2006-06-23,0.0014854105323397913
2006-06-26,-0.0032549348672652593
2006-06-27,0.0005406462062989063
2006-06-28,-0.002852487688694832
2006-06-29,0.0016729461543479195
2006-06-30,-0.0008122929171098002
2006-07-03,-0.0011094642046490324
2006-07-04,0.001178384184198292
2006-07-05,0.0004549108354569485
2006-07-06,-0.0005935691204167931
2006-07-07,0.0011511915840523867
2006-07-10,0.0011465179215821308
2006-07-11,0.0020360806691676905
2006-07-12,0.003232233338693853
2006-07-13,0.0009198841258182557
2006-07-14,0.003158996248655595
2006-07-17,0.002378645543630183
2006-07-18,0.003079257614993254
2006-07-19,-0.0004371790994969099
2006-07-20,-0.0009992431962087438
2006-07-21,-0.00036706675764464845
2006-07-24,0.0020616431008041555
2006-07-25,0.001986312448383054
2006-07-26,-0.0027238798575150696
2006-07-27,-0.0009358131699936827
2006-07-28,-0.0020619597651594826
2006-07-31,-0.000705957792629949
2006-08-01,0.0
2006-08-02,0.0012195097786745566
2006-08-03,0.0004791096794426263
2006-08-04,0.0014574563360473787
2006-08-07,0.0008763590134507692
2006-08-08,0.00014032463758656223
2006-08-09,0.0020250132755900503
2006-08-10,0.002766994088661081
2006-08-11,0.00340080305521693
2006-08-14,-0.0021092840972472934
2006-08-15,0.0005668291678660808
2006-08-16,0.0004422109207993781
2006-08-17,-0.0029699531750180265
2006-08-18,0.00012939764020012613
2006-08-21,0.0004822239365504876
2006-08-22,0.0015305827186782846
2006-08-23,0.0005689720309009662
2006-08-24,-9.813368437233341e-06
2006-08-25,0.0019194822878827254
2006-08-28,0.000672534526472422
2006-08-29,0.000631031238608654
2006-08-30,0.0021984999916411585
2006-08-31,0.003396747353683207
2006-09-01,0.0
2006-09-04,-0.0023399465197812613
2006-09-05,-0.001986793967381501
2006-09-06,0.0010047416574284333
2006-09-07,-0.0009661114748630725
2006-09-08,-0.002301560983070352
2006-09-11,-0.0008903407810390251
2006-09-12,0.0034085580161003614
2006-09-13,0.002391691170943042
2006-09-14,0.002505276856990436
2006-09-15,0.0007889094587508504
2006-09-18,-0.00015910211105972652
2006-09-19,-0.001275804635467805
2006-09-20,0.0002972777630571888
2006-09-21,1.7072252069757105e-06
2006-09-22,-0.0021033354394559617
2006-09-25,0.00396644888918499
2006-09-26,-0.00043122892687584704
2006-09-27,-0.0013681754239699845
2006-09-28,-0.001908759408403114
2006-09-29,0.0011131347445970236
2006-10-02,0.0015511521477984628
2006-10-03,-0.0010995822623422794
2006-10-04,0.002702929673185754
2006-10-05,-0.0008004131832494298
2006-10-06,0.0025005463859946214
2006-10-09,0.00029480386544228777
2006-10-10,0.0013552867950681379
2006-10-11,-0.0006903144848120262
2006-10-12,0.0012198015143565447
2006-10-13,0.0006564225057798565
2006-10-16,0.0008793653389766868
2006-10-17,0.000603125110403543
2006-10-18,0.0006769073745539335
2006-10-19,-0.0008661270800754363
2006-10-20,0.0009518983148286185
2006-10-23,0.0002473846112712772
2006-10-24,9.259008992888692e-05
2006-10-25,-0.0015850580998232108
2006-10-26,-0.0006578899752993226
2006-10-27,-0.0003677028741037178
2006-10-30,0.0021738028992513837
2006-10-31,0.0008340339793437333
2006-11-01,0.0
2006-11-02,-0.00019001233311797375
2006-11-03,0.00019063757695605296
2006-11-06,0.00011500408313769555
2006-11-07,-0.0012961717691812842
2006-11-08,-0.0004277340002434637
2006-11-09,-0.0033993004878259004
2006-11-10,-0.0002907920388933886
2006-11-13,-0.0018662915959773035
2006-11-14,-0.00013403421482392056
2006-11-15,-0.0011549032689721233
2006-11-16,0.0026430677947423286
2006-11-17,-0.0001303814313171773
2006-11-20,0.002744428181300998
2006-11-21,-3.091276380251282e-05
2006-11-22,-0.0030407654242613465
2006-11-23,-0.001401358877093507
2006-11-24,-0.0015670092818793587
2006-11-27,-0.0009560535510616505
2006-11-28,0.004257927940382472
2006-11-29,0.0014265265791308037
2006-11-30,-0.0002233149477750526
2006-12-01,0.0
2006-12-04,0.0003175911984746022
2006-12-05,-0.002371321408363206
2006-12-06,0.0008655870940504243
2006-12-07,0.000441612727746647
2006-12-08,0.0030614380360773612
2006-12-11,0.0005108300862753271
2006-12-12,0.0008807131486919882
2006-12-13,0.0027336311093262735
2006-12-14,0.0007351235016521207
2006-12-15,0.0022528398824594345
2006-12-18,-0.0009404127345497852
2006-12-19,0.001075172246544602
2006-12-20,0.00026077610975445346
2006-12-21,-0.000880252711588843
2006-12-22,0.0031977776729984176
2006-12-25,-0.00012431863817670115
2006-12-26,0.0009526597246025191
2006-12-27,0.00104986797337141
2006-12-28,0.0021242911037083275
2006-12-29,-0.0013863861100633567
2007-01-01,0.0
2007-01-02,0.0006074421731914869
2007-01-03,0.0011232452802190773
2007-01-04,-0.0028452385152326312
2007-01-05,-0.002107981328648799
2007-01-08,0.0021020819410767434
2007-01-09,0.002557425231609542
2007-01-10,-0.0006127651347838165
2007-01-11,0.004319449866442016
2007-01-12,0.000994425210631638
2007-01-15,0.001976208478702495
2007-01-16,-0.0017856713873272948
2007-01-17,0.002298016307340938
2007-01-18,0.0030243061220597586
2007-01-19,-8.824996864110267e-05
2007-01-22,0.001957922317797949
2007-01-23,-0.0005729515796359079
2007-01-24,-0.003239025322953584
2007-01-25,-0.0012536695550204374
2007-01-26,0.0003704068358320353
2007-01-29,-0.0009545307299451194
2007-01-30,-0.0024925837848275905
2007-01-31,-0.0012783029079383877
2007-02-01,0.0
2007-02-02,0.001969014372342568
2007-02-05,0.0006663701489514469
2007-02-06,-0.0018353627497340835
2007-02-07,0.00259658367336192
2007-02-08,-0.0005210204466374009
2007-02-09,0.0027189156255543133
2007-02-12,-0.0019586138499546467
2007-02-13,0.000837245954466505
2007-02-14,-0.0005195433137896409
2007-02-15,-0.0007110160171049058
2007-02-16,0.001627792873867656
2007-02-19,0.000545363732495931
2007-02-20,0.0024537752489963835
2007-02-21,0.0040088551841515364
2007-02-22,0.0005691695150311592
2007-02-23,-0.00019329308128585585
2007-02-26,-0.0003381307322404512
2007-02-27,-0.010702924703373756
2007-02-28,0.0026848521336519694
2007-03-01,0.0
2007-03-02,-0.005105545930324651
2007-03-05,-0.008440660317170973
2007-03-06,0.005932481472407536
2007-03-07,-0.004410477736620558
2007-03-08,0.007526068626244153
2007-03-09,0.00472078054478909
2007-03-12,-0.0011774698586714282
2007-03-13,-0.007297267471589127
2007-03-14,0.005641644339046633
2007-03-15,-0.0009481474896270455
2007-03-16,0.0009315373618090167
2007-03-19,0.004917277301685533
2007-03-20,0.002438243192680163
2007-03-21,0.0010685712388509272
2007-03-22,0.002452489812148987
2007-03-23,0.0014419626603235812
2007-03-26,0.0016663600193343154
2007-03-27,-0.002265382474204114
2007-03-28,-0.0013325135819835078
2007-03-29,0.0019488023277762292
2007-03-30,-0.0009472235019338176
2007-04-02,0.006848023563257394
2007-04-03,0.0006741878315384138
2007-04-04,-0.000294838729435208
2007-04-05,-0.001101314056634116
2007-04-06,0.0026158083813513453
2007-04-09,-0.0016495876984492235
2007-04-10,0.0023360926016963795
2007-04-11,0.0008401695470377775
2007-04-12,0.0016246557135741833
2007-04-13,0.0013540741214008996
2007-04-16,-6.744019863596182e-05
2007-04-17,0.0016067185271903444
2007-04-18,-0.0010183521915909013
2007-04-19,-0.0018973397172560766
2007-04-20,0.0022929607453908243
2007-04-23,-0.001275897563238621
2007-04-24,-0.003213127816874097
2007-04-25,0.0020115602130471306
2007-04-26,-0.0015970517662597847
2007-04-27,0.0006996355774603423
2007-04-30,-0.0001311776844488785
2007-05-01,0.0
2007-05-02,-0.0012562292356556718
2007-05-03,0.0006405087808025238
2007-05-04,-0.0027077992680868907
2007-05-07,0.0026326361093057956
2007-05-08,0.0020072386743037337
2007-05-09,0.0005393314794110115
2007-05-10,-0.0021031584690795963
2007-05-11,0.0032141753960129734
2007-05-14,-7.426388234078746e-05
2007-05-15,-0.000380299070877715
2007-05-16,-0.0004932519176250721
2007-05-17,0.0008374867659520655
2007-05-18,-0.00042888636845413023
2007-05-21,0.000979017618129617
2007-05-22,-0.0009647908219315287
2007-05-23,0.0015676511941868795
2007-05-24,-0.0016532584826242772
2007-05-25,0.0009948526112889418
2007-05-28,0.00012753926696905523
2007-05-29,0.00013733018759575074
2007-05-30,0.002685479385583173
2007-05-31,0.0026751032598142433
2007-06-01,0.0
2007-06-04,-0.0004978815183004467
2007-06-05,3.540110344967276e-05
2007-06-06,0.000936446042787372
2007-06-07,0.000354888124406842
2007-06-08,0.006224098544987611
2007-06-11,-0.002042001522015605
2007-06-12,0.0015433632539527014
2007-06-13,0.0013215123855016074
2007-06-14,0.0007079464139171452
2007-06-15,0.001628573372111575
2007-06-18,0.00093941055414399
2007-06-19,0.0010002961357125715
2007-06-20,-0.0024090396447834055
2007-06-21,0.0021168108578071723
2007-06-22,-0.0007835448738875537
2007-06-25,-0.000595660005367974
2007-06-26,0.00019012465334240162
2007-06-27,-0.0019409089362337685
2007-06-28,0.0030338615430478997
2007-06-29,-0.0008607002452789668
2007-07-02,0.001464092179964576
2007-07-03,-0.0002780720227785327
2007-07-04,-3.596090647833318e-05
2007-07-05,0.00020198018231408542
2007-07-06,-0.0010359967350111968
2007-07-09,0.0023941430059374004
2007-07-10,-0.006882991539525627
2007-07-11,0.004403392208995814
2007-07-12,0.0011319064189933242
2007-07-13,-7.809551295533999e-05
2007-07-16,0.002164529979714156
2007-07-17,0.0005374243289733437
2007-07-18,0.0021261879197924712
2007-07-19,0.001005198488548451
2007-07-20,-0.00046196591134198674
2007-07-23,0.0037831785470287217
2007-07-24,-0.0016058520430490592
2007-07-25,0.002413192449435706
2007-07-26,-0.01071641157664047
2007-07-27,-0.006719431278475957
2007-07-30,0.0009126969712817727
2007-07-31,-0.003635778542168394
2007-08-01,0.0
2007-08-02,0.0009213026783329762
2007-08-03,-0.004766426296367735
2007-08-06,0.0007142303190479368
2007-08-07,-0.00013559292108750203
2007-08-08,0.005081403788765463
2007-08-09,-0.007384442979595525
2007-08-10,-0.0015470758696180904
2007-08-13,-0.0015349855797808416
2007-08-14,-0.0039527771829407365
2007-08-15,-0.006870775784935723
2007-08-16,-0.010625271245614428
2007-08-17,-0.0026569239285323958
2007-08-20,0.004909088508278628
2007-08-21,-0.0037177967146043898
2007-08-22,0.007454437063805904
2007-08-23,0.004052733994232985
2007-08-24,0.0032730619412780397
2007-08-27,-0.0025548157586113844
2007-08-28,-0.008278004495634705
2007-08-29,0.004934143765963424
2007-08-30,0.0006660799836940194
2007-08-31,0.0009429900013637561
2007-09-03,0.0014678145845628326
2007-09-04,6.92880363456092e-05
2007-09-05,-0.005168381924001156
2007-09-06,0.0015502923967210503
2007-09-07,-0.005612110010971638
2007-09-11,0.005610948205534812
2007-09-12,-0.0002798837678211981
2007-09-13,-0.0016042977744116999
2007-09-14,0.0032265710606524728
2007-09-17,-0.004420502377011066
2007-09-18,0.007714815709841132
2007-09-19,0.002714935410950411
2007-09-20,-0.0011901011169456219
2007-09-21,0.0021704147844235325
2007-09-24,0.00023680185746253224
2007-09-25,-0.0007040568897668088
2007-09-26,0.002626800487744641
2007-09-27,0.003827557138709041
2007-09-28,-0.0007477841585500758
2007-10-01,0.0
2007-10-02,-0.0015036739156862212
2007-10-03,0.00021076882164932436
2007-10-04,0.0010957763686990933
2007-10-05,0.004326039366052573
2007-10-08,0.001574406376556991
2007-10-09,0.0001514853353504874
2007-10-10,-0.0010813258045514363
2007-10-11,0.001317069732440475
2007-10-12,0.002002201655871756
2007-10-15,-0.00323085685232809
2007-10-16,-0.005706723315306388
2007-10-17,-0.00020648754624473826
2007-10-18,-0.001088132693972943
2007-10-19,-0.0025754990019749274
2007-10-22,0.0009032219411454782
2007-10-23,0.0039519305113974645
2007-10-24,0.0003776461128257502
2007-10-25,2.9746801543321255e-05
2007-10-26,0.0018237280452704154
2007-10-29,0.003864744220052555
2007-10-30,-0.002289744967498331
2007-10-31,0.005188192781512438
2007-11-01,0.0
2007-11-02,0.002186214122818651
2007-11-05,0.0005816609870094641
2007-11-06,0.002622287322827216
2007-11-07,-0.00810667708510905
2007-11-08,0.0013593587502741039
2007-11-09,-0.009362114174753479
2007-11-12,-0.011355401866809252
2007-11-13,0.008915058369078323
2007-11-14,-0.003692638806380556
2007-11-15,-0.0033329438600079803
2007-11-16,0.0006997751940524973
2007-11-19,-0.004489422775798181
2007-11-20,0.0024799581040233555
2007-11-21,-0.00913506975447871
2007-11-22,0.0008404331154560873
2007-11-23,0.0014402175800554938
2007-11-27,0.0029359616857720983
2007-11-28,0.00835391530494351
2007-11-29,0.000557047165898926
2007-11-30,0.004823642220802363
2007-12-03,-0.0018263756758051318
2007-12-04,-0.007124510588799821
2007-12-05,0.005070542044382187
2007-12-06,0.0026906822347949728
2007-12-07,0.00017893669334800158
2007-12-10,0.004331547060493687
2007-12-11,-0.003069131450406629
2007-12-12,0.0056035984837872685
2007-12-13,-9.191936919871155e-05
2007-12-14,-0.003716386528202375
2007-12-17,-0.0027364264451637233
2007-12-19,0.002179806234972448
2007-12-20,-0.0005932648981003057
2007-12-21,0.0026376511737873296
2007-12-24,0.0017705876984176402
2007-12-25,9.449682156608549e-05
2007-12-26,-0.0009230136211535894
2007-12-27,-0.0006149066750931809
2007-12-28,-0.006227323350778882
2007-12-31,-0.0011581004811837986
2008-01-01,0.0
2008-01-02,-0.003164759007931692
2008-01-03,-0.0033344354926016437
2008-01-04,-0.002490142482823932
2008-01-07,0.0027035917527907676
2008-01-08,-0.001159369525671706
2008-01-09,0.0053343561218448955
2008-01-10,0.002920970819569664
2008-01-11,-0.0005028992946685246
2008-01-14,-0.0009386844378331935
2008-01-15,-0.006988764649592908
2008-01-16,0.0003796732740002241
2008-01-17,-0.0017895047830647332
2008-01-18,0.0009624565228362443
2008-01-21,-0.007379846841626821
2008-01-22,0.007573491960220731
2008-01-23,-0.003188626303088538
2008-01-24,0.0029331329405136043
2008-01-25,0.0004149680612074317
2008-01-28,0.0023855747993154182
2008-01-29,0.0001352839821137165
2008-01-30,-0.004483607665811437
2008-01-31,0.005413682991523623
2008-02-01,0.0
2008-02-04,0.0009660686645423915
2008-02-05,-0.0014058787782637557
2008-02-06,-0.0009257899396041058
2008-02-07,0.002141818566237632
2008-02-08,0.00036278842695914
2008-02-11,0.00040411700631297137
2008-02-12,0.0016900907194905212
2008-02-13,4.5436329432919275e-05
2008-02-14,8.568748183802324e-07
2008-02-15,0.0018288067606905475
2008-02-18,0.004082936779679175
2008-02-19,0.0010475185208931523
2008-02-20,-0.00037118515365532274
2008-02-21,-0.00013481726159338342
2008-02-22,0.0017462697068473649
2008-02-25,0.0011071473711315102
2008-02-26,-0.0017210338976941218
2008-02-27,-0.0027196521482662837
2008-02-28,-0.00405168524410465
2008-02-29,-0.007522380079386915
2008-03-03,0.004654286756647574
2008-03-04,-0.002611397062132966
2008-03-05,0.0018179023979425272
2008-03-06,-0.006362006859110781
2008-03-07,-0.0004069532585035994
2008-03-10,-0.004544613781026463
2008-03-11,0.009421843325354926
2008-03-12,-0.001480273524208361
2008-03-13,0.0006775653538016232
2008-03-14,-0.0061977656802146884
2008-03-17,-0.010601490682334501
2008-03-18,0.009359089503551386
2008-03-19,-0.004920482399219202
2008-03-20,-0.0016268844084321396
2008-03-21,0.00023447608704718192
2008-03-24,0.007124538074019411
2008-03-25,0.002074154089371371
2008-03-26,-0.0007635151456516723
2008-03-27,0.0009056825086920103
2008-03-28,-0.00363645039886024
2008-03-31,-0.00021668106819863238
2008-04-02,0.004915847291665592
2008-04-03,-0.0014299267157323124
2008-04-04,0.0021580580492934595
2008-04-07,0.005844508169326283
2008-04-08,0.0115617509708828
2008-04-09,-0.00985435237364105
2008-04-10,0.0012373644877314311
2008-04-11,-0.0036809240504153294
2008-04-14,-0.00030047039524303763
2008-04-15,0.00040759843691656907
2008-04-16,0.001721268736708583
2008-04-17,0.0027845111373252162
2008-04-18,0.0006547929828280766
2008-04-21,0.0018654765624519709
2008-04-22,0.000981334954383241
2008-04-23,0.002775002060701786
2008-04-24,-0.001728981277889821
2008-04-25,-0.0023076263619179085
2008-04-28,0.0012598441460549019
2008-04-29,-0.004691847955950492
2008-04-30,0.004909873495890672
2008-05-02,0.004329403322246598
2008-05-05,0.0024383074264946723
2008-05-06,0.00020266635627115017
2008-05-07,-0.005079771239343843
2008-05-08,0.00640486034059807
2008-05-09,-0.011410937159947501
2008-05-12,0.003830933127587337
2008-05-13,-0.00022529054714449535
2008-05-14,-0.0027179026257588015
2008-05-15,0.0022763892939749535
2008-05-16,0.004688808082559974
2008-05-19,-0.000752641598697489
2008-05-20,-0.0016143063347711195
2008-05-21,-0.0014778368579796705
2008-05-22,0.0024149627503792137
2008-05-23,-0.00019533225495692883
2008-05-26,0.0002807098188200842
2008-05-27,0.003403198824965008
2008-05-28,5.724715227527579e-05
2008-05-29,-0.00044984449203428953
2008-05-30,-0.0004376300981493357
2008-06-02,-0.0015960548630814262
2008-06-03,0.0004547760755733611
2008-06-04,0.00011813443400912572
2008-06-05,0.0024284735953112955
2008-06-06,-0.0007010127546429888
2008-06-09,-0.0015950697957082547
2008-06-10,-0.0011092061946056488
2008-06-11,-0.0011022697512175687
2008-06-12,-0.0008993091951614674
2008-06-13,0.002035561596482465
2008-06-16,0.0011222780139654065
2008-06-17,-0.00043129954744905506
2008-06-18,0.0005553866332709725
2008-06-19,0.0015737327287584637
2008-06-20,0.00045838914804627274
2008-06-23,0.0006435999601521647
2008-06-24,0.0012256840000464946
2008-06-25,0.00021280454820879423
2008-06-26,-0.003158285331367704
2008-06-27,0.0001621711323382116
2008-06-30,0.00022526707422906798
2008-07-02,-0.001187483610011661
2008-07-03,0.002038595028180285
2008-07-04,0.0015219327926343125
2008-07-07,-0.0014815029589274253
2008-07-08,0.002266271830487738
2008-07-09,-0.0036241815297279882
2008-07-10,0.001842581975579422
2008-07-11,-0.0006645587058870174
2008-07-14,0.0011159608332993256
2008-07-15,-0.0005732081042553567
2008-07-16,-0.00028951239033980883
2008-07-17,0.0015162952204775615
2008-07-18,0.0016423054194323313
2008-07-21,-0.0012859937312541176
2008-07-22,0.0017243500792689646
2008-07-23,-0.003677958936853263
2008-07-24,-0.0013206239176484793
2008-07-25,0.001557561270947896
2008-07-28,0.0004876628502631547
2008-07-29,-0.0002689211823249486
2008-07-30,-0.0012772936440276599
2008-07-31,-0.0008821111611147896
2008-08-01,0.0
2008-08-04,0.0009778487581763862
2008-08-05,-0.0005648808351900461
2008-08-06,-0.0003780949515072112
2008-08-07,-0.0014452599318400539
2008-08-08,0.0046887453741883325
2008-08-11,-0.0019163516109376257
2008-08-12,-0.004304022756684965
2008-08-13,0.0009539965958028547
2008-08-14,0.001577237172796573
2008-08-15,0.0011872807636503502
2008-08-18,0.0018285499347821994
2008-08-19,0.0008473236184741068
2008-08-20,0.00036247495809936986
2008-08-21,-0.0013680007655110145
2008-08-22,-0.0022399030992730122
2008-08-25,-0.003349681058304271
2008-08-26,-0.011478198364055734
2008-08-27,0.0030421712525965836
2008-08-28,0.0013436180964075117
2008-08-29,-0.001879200493908763
2008-09-01,0.0
2008-09-02,-0.003953512900824594
2008-09-03,-0.0025927063199908135
2008-09-04,-0.009857609984151382
2008-09-05,0.0004801428570251693
2008-09-08,0.002521252106088813
2008-09-09,-0.004508151766121481
2008-09-10,-0.0047537471023989366
2008-09-11,-0.0013523600087029818
2008-09-12,0.010585706652042944
2008-09-15,-0.018270865486041434
2008-09-16,0.0017211579119177159
2008-09-17,-0.004222927165702811
2008-09-18,0.008432162321042377
2008-09-19,0.01265200293540743
2008-09-22,-0.001017733661188183
2008-09-23,-0.0021756974459640767
2008-09-24,-0.0010986647525312145
2008-09-25,0.0007533406641545167
2008-09-26,-0.0014947927622032883
2008-09-29,-0.01619885700696383
2008-09-30,0.008022662755559698
2008-10-01,0.0
2008-10-02,-0.0083492804372361
2008-10-03,-0.0002066111279155604
2008-10-06,-0.023893674515420554
2008-10-07,-0.004104662597334522
2008-10-08,-0.014367109252455367
2008-10-09,0.004094023482901269
2008-10-10,-0.0042897170909087946
2008-10-13,0.02016072487098287
2008-10-14,0.00010416021293749508
2008-10-15,-0.024733883413746407
2008-10-16,0.014304949428846055
2008-10-17,0.0011349301924508596
2008-10-20,0.007790083848045555
2008-10-21,-0.015839870618515575
2008-10-22,-0.011822251510484057
2008-10-23,0.008605438392618098
2008-10-24,-0.027819010087623025
2008-10-27,-0.0062507840480553545
2008-10-28,0.0327591860121953
2008-10-29,-0.001185253908770785
2008-10-30,0.0019019862899816648
2008-10-31,-0.0012776941573889194
2008-11-03,0.0033835159503007076
2008-11-04,0.009342390817601035
2008-11-05,-0.01220691987200649
2008-11-06,-0.005224217044719542
2008-11-07,0.003595414672209617
2008-11-10,0.0007045703551240333
2008-11-11,-0.009211395691616263
2008-11-12,-0.01176399596148063
2008-11-13,0.019237286681093545
2008-11-14,-0.008581107570316554
2008-11-17,-0.0024842352971305667
2008-11-18,0.0003377823605579019
2008-11-19,-0.003196720780943893
2008-11-20,-0.012307118740479244
2008-11-21,0.011582490302953935
2008-11-24,0.006818239256891025
2008-11-25,-0.005079299808553396
2008-11-26,0.004722656256756991
2008-11-27,0.0009999793318034712
2008-11-28,-0.002075382662639222
2008-12-01,0.0
2008-12-02,0.004981791044978504
2008-12-03,-0.001303278800229295
2008-12-04,-0.002390847908235983
2008-12-05,0.002253281841398886
2008-12-08,0.004792553991425988
2008-12-09,-0.00251490165241403
2008-12-10,0.0017515798536180264
2008-12-11,0.002114500639747214
2008-12-12,-0.004225281329720114
2008-12-15,0.002127898199076842
2008-12-16,-0.0006515664038035784
2008-12-17,-0.0017657109400538115
2008-12-18,-0.0071960964117111365
2008-12-19,-0.004136158876695204
2008-12-22,-0.0021416329558995536
2008-12-23,-0.0021138243098390713
2008-12-24,-0.0014825700879707625
2008-12-25,-0.0005811852393150748
2008-12-26,-0.002216481599631156
2008-12-29,-0.0005924955793965804
2008-12-30,0.0008511836275752797
2008-12-31,0.0025105649710844232
2009-01-01,0.0
2009-01-02,0.005664963830936242
2009-01-05,0.0050674159796933824
2009-01-06,0.003383519929472629
2009-01-07,-0.004517139596976508
2009-01-08,-0.005573625328660459
2009-01-09,0.0009550075915496497
2009-01-12,-0.010768312988019465
2009-01-13,-0.009890438708456092
2009-01-14,-0.0020028311280005746
2009-01-15,0.00445510214856896
2009-01-16,0.0066677973286528944
2009-01-19,-0.0011663722233814149
2009-01-20,-0.011755090166817842
2009-01-21,0.010359701609691038
2009-01-22,-0.003348045623405017
2009-01-23,-0.004457101167118023
2009-01-26,0.006238160463080788
2009-01-27,0.0012322306622787873
2009-01-28,0.00043978758580981306
2009-01-29,-0.009780932042248836
2009-01-30,-0.003574218846812916
2009-02-02,-0.005471205616807381
2009-02-03,0.006661216571976729
2009-02-04,0.0003649446597416456
2009-02-05,0.010635352229861022
2009-02-06,0.013447542245996015
2009-02-09,0.0010731478588433803
2009-02-10,-0.009421776147496933
2009-02-11,-0.0013824866076819222
2009-02-12,0.0002747525329672137
2009-02-13,0.0013201605730915318
2009-02-16,-0.0026201842556427555
2009-02-17,-0.0057637437545047625
2009-02-18,0.0040649318779181565
2009-02-19,0.004292438185206506
2009-02-20,-0.0008990663414556654
2009-02-23,-0.0007548635132583943
2009-02-24,0.007892056615373491
2009-02-25,-0.0003499322723177782
2009-02-26,-0.0011011442147113224
2009-02-27,-0.0024836147309561163
2009-03-02,-0.008496151192644207
2009-03-03,0.005814868622904902
2009-03-04,0.007374075850820097
2009-03-05,-0.005285728084455749
2009-03-06,0.002061734537421772
2009-03-09,-0.004393390114409074
2009-03-10,0.009312854945222325
2009-03-11,0.0011461899539824474
2009-03-12,0.008817613218876951
2009-03-13,0.0032130483414783946
2009-03-16,0.0017522861895563789
2009-03-17,0.004328918383861344
2009-03-18,0.001348210786892492
2009-03-19,0.003966351165717139
2009-03-20,0.004322780310270778
2009-03-23,0.007968416340639732
2009-03-24,-0.0026997250272594235
2009-03-25,-0.003738004344523373
2009-03-26,0.005873529319602942
2009-03-27,-0.0033432548799418984
2009-03-30,-0.008316639234680847
2009-03-31,0.005258127737467752
2009-04-01,0.0
2009-04-02,0.010265509832787111
2009-04-03,0.0007118981078693762
2009-04-06,0.0009987492695234695
2009-04-07,-0.005228596001776525
2009-04-08,-0.0007746610494423598
2009-04-09,0.005523419269593977
2009-04-10,-0.00021300361786951499
2009-04-13,0.0033344762405132958
2009-04-14,-0.008148557885012
2009-04-15,-0.0010375523097315446
2009-04-16,-0.0017509799138600768
2009-04-17,0.0012028745703533297
2009-04-20,-0.010419213593275791
2009-04-21,0.006504691349300899
2009-04-22,-0.0016946444161702618
2009-04-23,0.0014160217696763382
2009-04-24,0.0013482121037400583
2009-04-27,-0.007523950175052077
2009-04-28,-0.0016541343124577296
2009-04-29,0.006977451053399168
2009-04-30,0.0025775656003006165
2009-05-01,0.0
2009-05-04,-0.0014214158484803906
2009-05-05,0.0017540965141214638
2009-05-06,0.002738939362462606
2009-05-07,0.004157371841319825
2009-05-08,-0.002222157183305452
2009-05-11,0.0007920318065103059
2009-05-12,0.00138010760637156
2009-05-13,-0.003370474675911511
2009-05-14,0.0013761866372163129
2009-05-15,-0.0030898731169959758
2009-05-18,0.0025764760845656586
2009-05-19,0.0011420342350440488
2009-05-20,-0.0032167160037459056
2009-05-21,0.00018522333458862353
2009-05-22,-0.0005987433713274491
2009-05-25,0.0006940633964446357
2009-05-26,0.000683287728229467
2009-05-27,0.0010506321005674154
2009-05-28,0.0005491770588506346
2009-05-29,0.002755673143792135
2009-06-01,0.0
2009-06-02,0.002733226423619405
2009-06-03,-0.0030776548938154236
2009-06-04,-0.0020251317727483695
2009-06-05,0.0025748409835416315
2009-06-08,-0.0017764219712965614
2009-06-09,-0.0006563247895958281
2009-06-10,0.0028116713760209986
2009-06-11,0.0036325628424773992
2009-06-12,0.002831703392883865
2009-06-15,-0.002462148002344354
2009-06-16,-0.00032298487090849166
2009-06-17,0.0008136186985402696
2009-06-18,0.005089602313841322
2009-06-19,0.0019905643743714043
2009-06-22,-0.006047100235143904
2009-06-23,0.00043827210410325295
2009-06-24,0.006391809012545537
2009-06-25,0.0015759891768814815
2009-06-26,-0.0018133086936936065
2009-06-29,0.0010413746604701348
2009-06-30,-0.0007292462447067435
2009-07-01,0.0
2009-07-02,-4.269534498968502e-05
2009-07-03,0.0012372392878981509
2009-07-06,3.808750148078438e-05
2009-07-07,-0.0010046708953862502
2009-07-08,-0.002891601670171754
2009-07-09,-8.5546945368072e-05
2009-07-10,0.0006525785811730136
2009-07-13,-0.0004387526120257684
2009-07-14,0.003158330021392023
2009-07-15,-0.0011437672836632213
2009-07-16,0.0011841418725490236
2009-07-17,-0.0010847181684079015
2009-07-20,0.003167118353128144
2009-07-21,-0.0014465768208856886
2009-07-22,-0.0015858013780873181
2009-07-23,-0.0028849726741777553
2009-07-24,0.0008104619210903183
2009-07-27,-0.0008325237371061274
2009-07-28,0.0030778195937879635
2009-07-29,-0.0010715224516484323
2009-07-30,0.0005420651002238284
2009-07-31,-0.000926673743552616
2009-08-03,-0.0005742412452771676
2009-08-04,0.0029751802897098837
2009-08-05,3.105064313638656e-05
2009-08-06,0.00028712910290728595
2009-08-07,0.001971580848971657
2009-08-10,0.0019912914200202604
2009-08-11,-0.0011091362197528792
2009-08-12,0.0006292098647400352
2009-08-13,0.002395550952354289
2009-08-14,-0.0010352374656612958
2009-08-17,-0.0017773032561270955
2009-08-18,0.002442723450475632
2009-08-19,-0.0020548853514577073
2009-08-20,1.2123929065553879e-05
2009-08-21,-0.0026145734518702958
2009-08-24,0.0019447434431277965
2009-08-25,-0.00044013953895476215
2009-08-26,0.001362025732314563
2009-08-27,0.0019118722970945842
2009-08-28,0.0012544375404938642
2009-08-31,0.0007357479417976623
2009-09-01,0.0
2009-09-02,-0.0001189151506106095
2009-09-03,0.002831568858737203
2009-09-04,0.00023449017244996098
2009-09-07,0.0016194407537144743
2009-09-08,0.0002175099594804116
2009-09-09,-0.00022809929073184178
2009-09-10,-0.001122101618958977
2009-09-11,-3.884977485930956e-05
2009-09-14,0.00011208906615752854
2009-09-15,0.0004242564496376765
2009-09-16,0.0012668179345832796
2009-09-17,-0.0019196815846997167
2009-09-18,-0.0005045067138264537
2009-09-21,0.00150579074673487
2009-09-22,0.002667739715318514
2009-09-23,0.0005516140507899845
2009-09-24,0.0014269305001198315
2009-09-25,0.0018076085016154177
2009-09-28,0.0020479412910230036
2009-09-29,0.0005515385666268788
2009-09-30,0.0019366327353419705
2009-10-01,0.0
2009-10-02,-0.0007124055230126151
2009-10-05,0.00372639141503414
2009-10-06,0.0012664059287092362
2009-10-07,0.003715046605976425
2009-10-08,0.0013771202544296801
2009-10-09,-0.0016978461596004202
2009-10-12,-0.0008333951993425489
2009-10-13,-0.0007600951058936536
2009-10-14,0.0012429408790278842
2009-10-15,0.0037543155318792046
2009-10-16,-0.0024644223372958713
2009-10-19,0.0037574458835320595
2009-10-20,0.001388664407677643
2009-10-21,-0.000877564767720284
2009-10-22,-0.00021527933991297266
2009-10-23,-0.0012865814085378522
2009-10-26,0.0011498988531800911
2009-10-27,0.0014179452919287803
2009-10-28,-0.005281059123319547
2009-10-29,0.0024973964708118646
2009-10-30,-0.0011130727472446762
2009-11-02,-0.002131267812476327
2009-11-03,0.0007763065429082891
2009-11-04,-0.0008395948659331467
2009-11-05,-0.000849447152786313
2009-11-06,0.0036988831531811683
2009-11-09,0.0022072038467795367
2009-11-10,-0.0021174486264296595
2009-11-11,-0.0014373667185836958
2009-11-12,0.0002647477974090109
2009-11-13,0.0030796274057798387
2009-11-16,0.0005704212448786339
2009-11-17,0.0008768670587059612
2009-11-18,-0.0014697932177399422
2009-11-19,-0.0028437980331273136
2009-11-20,-0.0002214015031891193
2009-11-23,0.0013664682017879952
2009-11-24,-0.0022603633812905313
2009-11-25,-0.0010341952447249676
2009-11-26,-0.005468555305455506
2009-11-27,0.0006056740255927242
2009-11-30,0.0021541852452931234
2009-12-01,0.0
2009-12-02,-1.9728451934761754e-05
2009-12-03,-6.0019360252181414e-05
2009-12-04,0.000702825658028522
2009-12-07,-0.00025057236765918306
2009-12-08,-0.0007752156338711342
2009-12-09,0.003510276470838553
2009-12-10,0.002598766472725706
2009-12-11,0.001053481436006848
2009-12-14,4.834548324367487e-05
2009-12-15,-0.0006964471162201311
2009-12-16,-0.00047095048132237566
2009-12-17,-0.0028273209060450176
2009-12-18,0.000867469453290158
2009-12-21,-0.004175680508476125
2009-12-22,-0.0020749358960050267
2009-12-23,-0.0002026063972163254
2009-12-24,0.002359447822300689
2009-12-25,-0.0005043131509257849
2009-12-28,-0.00151135041981833
2009-12-29,0.003345017377366609
2009-12-30,0.002417088998347326
2009-12-31,-0.0007632228445557642
2010-01-01,0.0
2010-01-04,0.00355065587922945
2010-01-05,0.0014017861886739319
2010-01-06,0.0011912629051872169
2010-01-07,-0.0003682413167674862
2010-01-08,0.0004923955547800957
2010-01-11,0.0021265257856968372
2010-01-12,-0.002423723871059263
2010-01-13,-0.0003888937302799425
2010-01-14,0.0005298072219352846
2010-01-15,-0.00034410003078301325
2010-01-18,7.708719766686474e-05
2010-01-19,0.0001255720811591225
2010-01-20,0.000108558307049706
2010-01-21,-0.0028861855213102704
2010-01-22,3.851809846992966e-05
2010-01-25,0.0011869194064110492
2010-01-26,-0.0006030085665259284
2010-01-27,0.00021327829428441993
2010-01-28,5.975786234021791e-05
2010-01-29,-0.0007737831080797333
2010-02-01,0.0
2010-02-02,-0.0007866314877221985
2010-02-03,-0.0029527087613913485
2010-02-04,-0.0010511799912223787
2010-02-05,0.000426710698641861
2010-02-08,-0.001486515621222042
2010-02-09,0.0030234198199621974
2010-02-10,-0.0017865572964853417
2010-02-11,0.0011255306510447383
2010-02-12,0.0005259371456698208
2010-02-15,-0.00021908039969093172
2010-02-16,0.00228165106996808
2010-02-17,0.0006978793272718124
2010-02-18,-0.0026424033670824744
2010-02-19,-0.0005470446906679843
2010-02-22,0.0016155061233440252
2010-02-23,0.0003143805547965241
2010-02-24,-0.0010932470799047526
2010-02-25,-0.0013866830515415693
2010-02-26,0.00015750421632707747
2010-03-01,0.0
2010-03-02,-0.0013796823976692154
2010-03-03,-0.001269968185354234
2010-03-04,-0.0026873490362488896
2010-03-05,0.0032540136283376866
2010-03-08,0.00043533396161390877
2010-03-09,0.002790434345085662
2010-03-10,-0.001509188291559744
2010-03-11,-0.0003147495921047858
2010-03-12,-0.00252748856600657
2010-03-15,0.0010388519419116198
2010-03-16,0.0014823792891860688
2010-03-17,0.0010180070290617487
2010-03-18,0.0007969133000367916
2010-03-19,-0.0015242777305124197
2010-03-22,-0.0002258880039849595
2010-03-23,-0.001221151658239634
2010-03-24,0.0016351381117634019
2010-03-25,-0.0018025343479185782
2010-03-26,-0.0009029756101372197
2010-03-29,0.004766059439788647
2010-03-30,0.00023981297995081998
2010-03-31,-0.0035836746165157736
2010-04-01,0.0
2010-04-02,0.0011306862698827259
2010-04-05,-0.0018781368494117678
2010-04-06,0.0028859611294005634
2010-04-07,0.002393728573902971
2010-04-08,8.910368003181992e-06
2010-04-09,0.0020408878406315252
2010-04-12,-0.002434728703287067
2010-04-13,-0.0020230648142673317
2010-04-14,0.0019345902746556523
2010-04-15,0.0007610839460921147
2010-04-16,0.000512360151810394
2010-04-19,-0.00020079539756013884
2010-04-20,-0.00048046445388471416
2010-04-21,-9.087726051170561e-05
2010-04-22,0.0023958253955733582
2010-04-23,6.170435016678719e-05
2010-04-26,0.0019055073037892514
2010-04-27,0.0014904367030126944
2010-04-28,0.0011320187364051411
2010-04-29,0.0015180041133193412
2010-04-30,0.0011689289409835706
2010-05-03,0.0013565945630715087
2010-05-04,0.000340663015842203
2010-05-05,0.006032907688149943
2010-05-06,-0.004356086736107522
2010-05-07,-0.002943541990189364
2010-05-10,0.0007364504262755747
2010-05-11,-0.001839635821572182
2010-05-12,-0.0012610841235089812
2010-05-13,0.0016533814175392206
2010-05-14,0.0030291167969304506
2010-05-17,-0.004385152801806323
2010-05-18,-0.0019103394032137738
2010-05-19,-0.005983197624248642
2010-05-20,-0.005566874379853791
2010-05-21,0.0025782346133508497
2010-05-24,-0.0006803188704385075
2010-05-25,0.00043058226240315383
2010-05-26,0.001207568043159436
2010-05-27,0.003936831320224548
2010-05-28,-0.0005881207756026209
2010-05-31,-0.0013548837103718595
2010-06-01,0.0
2010-06-02,-0.00012933952273739709
2010-06-03,0.002990948837376346
2010-06-04,-0.0024688790899123543
2010-06-07,-0.0063030007532495595
2010-06-08,0.001700012651118002
2010-06-09,0.001690456863293406
2010-06-10,0.003812466860989849
2010-06-11,0.00428541329283775
2010-06-14,0.0020099967309787727
2010-06-15,-0.001499326615521084
2010-06-16,-0.0007691806586087226
2010-06-17,-0.0005467355798579975
2010-06-18,1.5248824292194086e-05
2010-06-21,0.00099364388532556
2010-06-22,-0.001493722648486666
2010-06-23,0.002452336734146335
2010-06-24,-0.0018259640495825742
2010-06-25,-0.0004349778621302782
2010-06-28,-0.0019292388038720987
2010-06-29,-0.005988396028145938
2010-06-30,-0.003111889039773127
2010-07-01,0.0
2010-07-02,-0.002932174721843976
2010-07-05,5.583458235898579e-05
2010-07-06,0.002976024323269651
2010-07-07,0.003446275474611529
2010-07-08,0.00450230087861249
2010-07-09,0.0016860599059031255
2010-07-12,0.0007561824804224885
2010-07-13,0.0029271157629142262
2010-07-14,-0.0008879683232983903
2010-07-15,-0.0026010008138244757
2010-07-16,-0.007416559408637783
2010-07-19,-0.0004950175370813698
2010-07-20,0.006794969218439783
2010-07-21,-0.002736167608914101
2010-07-22,0.006621513745970397
2010-07-23,0.0032759711481477375
2010-07-26,0.0007586498141349774
2010-07-27,0.0032150530069852464
2010-07-28,-0.0046805377635279885
2010-07-29,-0.0018495486049089017
2010-07-30,0.0007358591801580937
2010-08-02,0.0034259511186113226
2010-08-03,-0.0012569851232949209
2010-08-04,-3.4405473061219246e-05
2010-08-05,0.003601280788190309
2010-08-06,-0.002440602971911605
2010-08-09,-0.001296450935522389
2010-08-10,0.0015364603734806127
2010-08-11,-0.0028854670775005763
2010-08-12,-0.0037357882073370385
2010-08-13,0.0017144512726827864
2010-08-16,-0.0015997793960346757
2010-08-17,-0.003815604296615152
2010-08-18,0.004466353278573232
2010-08-19,-0.0016914364340573202
2010-08-20,-0.004490869157803671
2010-08-23,-0.00031441911423996376
2010-08-24,0.00025672981619980124
2010-08-25,-0.005190032214279664
2010-08-26,-0.0005233363559823799
2010-08-27,-0.0015814630171236438
2010-08-30,0.009241733613835231
2010-08-31,-0.007262982254217733
2010-09-01,0.0
2010-09-02,0.007368043418046822
2010-09-03,4.286147843595712e-05
2010-09-06,0.0039035743081278157
2010-09-07,-0.0009260341351200705
2010-09-08,-0.0028425958023605945
2010-09-09,0.0020329993500135474
2010-09-10,0.0025471574228111728
2010-09-13,0.002378108597391195
2010-09-14,-0.001845446284751719
2010-09-15,-0.0016907233143518517
2010-09-16,0.004405674569925849
2010-09-17,0.00033876525938337934
2010-09-20,0.00022391253037682232
2010-09-21,0.0009166520551019721
2010-09-22,-0.0010005550670040522
2010-09-23,-0.0013748818200413683
2010-09-24,-0.0020990091499126285
2010-09-27,0.0028215302894077305
2010-09-28,-0.00016928210663939944
2010-09-29,-0.0004560235823422074
2010-09-30,-0.00160233610593597
2010-10-01,0.0
2010-10-04,0.0023523154061394335
2010-10-05,-0.0016720374367013902
2010-10-06,0.001203218213490253
2010-10-07,0.0022729320649812882
2010-10-08,-0.0028000366291681274
2010-10-11,0.00042182122346037223
2010-10-12,-0.0009264604147580755
2010-10-13,-0.0007911511219866292
2010-10-14,0.002321685630269043
2010-10-15,-0.0010427681934840859
2010-10-18,-0.0011346691489147061
2010-10-19,-0.0002814875025979475
2010-10-20,-0.0018031196926613148
2010-10-21,0.001203922104588976
2010-10-22,-0.0010441244737073086
2010-10-25,0.0025872342975408595
2010-10-26,-0.00014536640578292104
2010-10-27,0.0034050765745353186
2010-10-28,-0.0006975325137160484
2010-10-29,6.684674062499998e-05
2010-11-01,0.0
2010-11-02,0.0036449423375732076
2010-11-03,-7.709815981821696e-05
2010-11-04,0.0036028201979762106
2010-11-05,0.0009756374827353378
2010-11-08,0.0025791381818678475
2010-11-09,-0.00035422233007352544
2010-11-10,-0.001422119977994708
2010-11-11,0.0019235417602647817
2010-11-12,-0.0002676913864614936
2010-11-15,-0.0011645895412828507
2010-11-16,0.0006012994185025602
2010-11-17,-0.00016910401212994426
2010-11-18,0.0005870591281975223
2010-11-19,0.004701146749088738
2010-11-22,-0.0006611756869594715
2010-11-23,-0.0036052875368202727
2010-11-24,-0.0033398337922826288
2010-11-25,0.0019644248706684967
2010-11-26,-5.4523311282163436e-05
2010-11-29,-0.0032389555032971374
2010-11-30,-0.0025192940730362355
2010-12-01,0.0
2010-12-02,0.004263567535219188
2010-12-03,0.00354410786776618
2010-12-06,0.00117603473556013
2010-12-07,-0.0012078571335880943
2010-12-08,0.0002475135386405971
2010-12-09,-0.0023226615549137228
2010-12-10,-0.0002824095096288717
2010-12-13,0.000171615097850748
2010-12-14,0.001388103149543469
2010-12-15,0.0013016951024816693
2010-12-16,-0.0016255992508568437
2010-12-17,-0.0007095786547364506
2010-12-20,-5.5939851450963386e-05
2010-12-21,0.0006748597627599634
2010-12-22,0.0004347703780531795
2010-12-23,-0.0001721471486631608
2010-12-24,0.0020910092209681717
2010-12-27,-0.0004495757681388592
2010-12-28,0.0019848127845294504
2010-12-29,-0.0005255959247895245
2010-12-30,0.0013490387266000704
2010-12-31,0.00035793073491123713
2011-01-03,0.0012008138372524824
2011-01-04,0.0006744533629534529
2011-01-05,-0.0016201597686440398
2011-01-06,0.0020312937146843087
2011-01-07,-0.0028298735382454973
2011-01-10,-0.0006142512342639073
2011-01-11,0.0002931136516863903
2011-01-12,-0.0002659437708032754
2011-01-13,0.0012599164497616513
2011-01-14,0.001564017071025795
2011-01-17,-0.0013154023588651921
2011-01-18,0.00013284422483902724
2011-01-19,0.0005743873509975255
2011-01-20,-0.0037971528169399235
2011-01-21,-0.0011529847128488144
2011-01-24,0.0002121928607598044
2011-01-25,0.0018624049618266095
2011-01-26,0.0010657906197888492
2011-01-27,0.0005303481343746253
2011-01-28,-0.0004238276058578628
2011-01-31,-0.0034892090978813
2011-02-01,0.0
2011-02-02,0.0025352143774273832
2011-02-03,-0.0015318264037315356
2011-02-04,0.0015383730076803462
2011-02-07,0.0015303288210391402
2011-02-08,0.0004515632562660045
2011-02-09,0.0030267686438714215
2011-02-10,-0.002279371922285233
2011-02-11,-0.001859037584618834
2011-02-14,0.00012160102874396756
2011-02-15,7.760568728120215e-05
2011-02-16,-0.0027202044819817648
2011-02-17,0.003691434294681836
2011-02-18,-0.00016455703091458756
2011-02-21,0.0004869069895226108
2011-02-22,-0.000802470850252693
2011-02-23,-0.005710023171389551
2011-02-24,-0.0014466250161346943
2011-02-25,0.0020742705465346665
2011-02-28,-0.0001972143178275167
2011-03-01,0.0
2011-03-02,-0.0026609887505104285
2011-03-03,-0.00021388284129897708
2011-03-04,0.0012601624144388773
2011-03-07,-0.0008827040787496147
2011-03-08,0.00038013815947024113
2011-03-09,0.002142538054211418
2011-03-10,-0.00138382543147294
2011-03-11,-0.0022536651010255032
2011-03-14,0.00027453461621973106
2011-03-15,-0.0010856357734532415
2011-03-16,-0.007287872897871568
2011-03-17,-0.01104745277029734
2011-03-18,0.00032384057334832936
2011-03-21,0.01026444985228571
2011-03-22,0.0026614594813417543
2011-03-23,-0.0009970461508284102
2011-03-24,0.002913473038089417
2011-03-25,0.005629766500171862
2011-03-28,0.003231958111822915
2011-03-29,0.0005786911643343773
2011-03-30,0.004259715719950482
2011-03-31,0.0026596952720039885
2011-04-01,0.0
2011-04-04,0.006132007628447929
2011-04-05,-0.0012994922505095601
2011-04-06,0.00036660744551335914
2011-04-07,0.0034121514017945082
2011-04-08,-0.0006951141535603543
2011-04-11,0.003149993727379777
2011-04-12,-0.003801209330898048
2011-04-13,-0.003243490410462743
2011-04-14,0.0018368868694576832
2011-04-15,6.512734201388889e-05
2011-04-18,0.0027766306090056176
2011-04-19,-0.006810997287430202
2011-04-20,0.0038203124851453342
2011-04-21,0.002872247180152065
2011-04-22,-0.0006720906503781436
2011-04-25,0.00033920869444697174
2011-04-26,-0.001936264462074315
2011-04-27,0.001806501969076475
2011-04-28,0.0018479642434047682
2011-04-29,0.0010195175216247054
2011-05-02,-0.0016981168074041702
2011-05-03,-0.00044308025280975717
2011-05-04,-0.003176893644147471
2011-05-05,-0.004986580893585667
2011-05-06,-0.005484861517661587
2011-05-09,0.003129696350234079
2011-05-10,0.0006523041455141862
2011-05-11,0.006576198264376572
2011-05-12,-0.004480083092687233
2011-05-13,0.0006130088343551669
2011-05-16,-0.0032113571192440658
2011-05-17,-0.0025813991817143123
2011-05-18,0.0026512803883499045
2011-05-19,0.0028471546769425204
2011-05-20,0.0018222299662167638
2011-05-23,-0.0023330513679725344
2011-05-24,-0.0010967197228301153
2011-05-25,0.0021567779029411467
2011-05-26,-0.0023785214616428756
2011-05-27,0.0011182036135194422
2011-05-30,0.0005014187416437596
2011-05-31,0.0008443757517445087
2011-06-01,0.0
2011-06-02,-0.007060327924821434
2011-06-03,0.0027466324382266327
2011-06-06,-0.0011523946068500864
2011-06-07,-0.0014969578626083363
2011-06-08,0.0021094725383145082
2011-06-09,-0.0030413338643119317
2011-06-10,0.002196293356016864
2011-06-13,-0.0032293707858172508
2011-06-14,-0.0004391704647458015
2011-06-15,0.0050853506491107744
2011-06-16,-0.004912192238659219
2011-06-17,-0.0002754642727828889
2011-06-20,0.0001952539620254501
2011-06-21,-0.0010670089827975245
2011-06-22,0.0008613709021192804
2011-06-23,0.0027584025564122458
2011-06-24,1.6255849231763937e-05
2011-06-27,-0.004565580294980736
2011-06-28,0.0019519463023201168
2011-06-29,0.0033489649555855125
2011-06-30,0.0059376578672575495
2011-07-01,0.0
2011-07-04,0.003408643583702204
2011-07-05,0.0003105302250861647
2011-07-06,-0.003123940715860956
2011-07-07,-0.0007886827643296969
2011-07-08,0.005364895815407054
2011-07-11,-0.00549224226137272
2011-07-12,-0.0050844908495046685
2011-07-13,-0.008124686458272967
2011-07-14,0.004773368051413354
2011-07-15,-0.0014513024310672628
2011-07-18,-0.0017077082938480512
2011-07-19,0.0006183766115767826
2011-07-20,0.007034383463956127
2011-07-21,0.0010253797733164212
2011-07-22,0.0007319883571186462
2011-07-25,-0.0008446932927003171
2011-07-26,-0.0017865692118587326
2011-07-27,0.002484259585951201
2011-07-28,0.00025918958940150075
2011-07-29,-0.0014932360787861542
2011-08-01,0.0
2011-08-02,-0.0003982457480309806
2011-08-03,-0.012046780959318482
2011-08-04,0.0019213881123922394
2011-08-05,-0.011787511649715263
2011-08-08,-0.0024601544222007206
2011-08-09,-0.010295988522693339
2011-08-10,0.0018196617382300704
2011-08-11,-0.011793391871978651
2011-08-12,0.016117654754391725
2011-08-15,0.006192044903714026
2011-08-16,0.0033019234423277235
2011-08-17,0.0015619359370484436
2011-08-18,0.0002952120305348323
2011-08-19,-0.006050121450084258
2011-08-22,-0.0014794888999570914
2011-08-23,0.0023929539507974626
2011-08-24,0.005010727452359577
2011-08-25,0.0005163243429124606
2011-08-26,0.001337540644233757
2011-08-29,0.007288455339501406
2011-08-30,0.005649559045802804
2011-08-31,0.0010965272624835025
2011-09-01,0.0
2011-09-02,-0.0023517815153551525
2011-09-05,-0.004224256223694682
2011-09-06,-0.006178503285370477
2011-09-07,0.020600382921479598
2011-09-08,0.0025291375466684578
2011-09-09,0.0026773553069271163
2011-09-12,-0.006432847718983158
2011-09-13,-0.004536614111427406
2011-09-14,-0.000305883164642795
2011-09-15,-0.0039972958395503005
2011-09-16,0.003310778713399901
2011-09-19,0.0019281706320196394
2011-09-20,-0.005713826008943924
2011-09-21,0.0035553808720275503
2011-09-22,-0.0055780355127407096
2011-09-23,-0.008842012133279497
2011-09-26,-0.0010951208286198331
2011-09-27,0.0007168869432922424
2011-09-28,0.0021873451534188144
2011-09-29,-0.005325913708091683
2011-09-30,-0.0012500708232947653
2011-10-03,-0.001980733084031693
2011-10-04,-0.0034327115469926974
2011-10-05,0.0028839421070490355
2011-10-06,0.0045400808979139005
2011-10-07,0.0027477488602249862
2011-10-10,0.0009277092451311447
2011-10-11,0.004842549001641761
2011-10-12,0.0008317429227234855
2011-10-13,0.00542066684475087
2011-10-14,-0.0007400419960895792
2011-10-17,0.006314507264226969
2011-10-18,-0.005921897371719416
2011-10-19,0.002557518749916858
2011-10-20,-0.00015181270420852716
2011-10-21,-0.0017010506933716116
2011-10-24,-0.0004680167943147143
2011-10-25,0.003236478733581061
2011-10-26,-0.0028718197228326716
2011-10-27,0.0016660556012380483
2011-10-28,0.006792267796760054
2011-10-31,-0.001612011635710963
2011-11-01,0.0
2011-11-02,-0.0047749643520648005
2011-11-03,-0.004349718576830713
2011-11-04,0.004898592914905133
2011-11-07,0.0032022222603146923
2011-11-08,0.0007869118049655975
2011-11-09,-0.001706567020781663
2011-11-10,-0.006069865986438213
2011-11-11,-0.001427399400463064
2011-11-14,0.00475007590347441
2011-11-15,-0.005080226752252575
2011-11-16,-0.0012964936881318739
2011-11-17,-0.002810880781351812
2011-11-18,-0.001985895570643379
2011-11-21,-0.0010917474561269805
2011-11-22,-0.0017920330817876194
2011-11-23,-0.00019990748356932993
2011-11-24,-0.0036391130069738905
2011-11-25,-0.00027059564885084447
2011-11-28,0.005548328268181452
2011-11-29,0.0011432312987662212
2011-11-30,0.004170214932708936
2011-12-01,0.0
2011-12-02,-0.0013393951115011561
2011-12-05,0.0034400308647647673
2011-12-06,-6.215637695066627e-05
2011-12-07,-3.0325274177449724e-05
2011-12-08,0.0002952649752094185
2011-12-09,-0.0019135569729125052
2011-12-12,0.0011850331106068837
2011-12-13,-0.003575869593626984
2011-12-14,-0.0023338106213690525
2011-12-15,-0.0014835309604616033
2011-12-16,-0.0022204573515285306
2011-12-19,0.002828240920423041
2011-12-20,-0.0008198282556570671
2011-12-21,0.0037975386134911793
2011-12-22,0.00027733797189085925
2011-12-23,0.001007434317068796
2011-12-26,-0.0005016568016399871
2011-12-27,-8.953008608263889e-05
2011-12-28,-0.0011335137295849164
2011-12-29,-0.0008729814109228027
2011-12-30,0.0006134592438314628
2012-01-02,0.0015873403238493766
2012-01-03,0.0005201882105400548
2012-01-04,0.003050880400206153
2012-01-05,3.569584045018566e-05
2012-01-06,-0.0006036732174588631
2012-01-09,0.00040070465007947505
2012-01-10,0.0009811745550441062
2012-01-11,0.0010925948908838243
2012-01-12,0.0009994882926422106
2012-01-13,-0.0015747833994883447
2012-01-16,0.0006840684401929864
2012-01-17,9.966739708980489e-05
2012-01-18,0.001313425226298248
2012-01-19,0.0006181839793999368
2012-01-20,0.0011373916685781544
2012-01-23,0.0016918755189548808
2012-01-24,0.001615243230339007
2012-01-25,0.0004645397130502456
2012-01-26,0.0025637050764215925
2012-01-27,0.00033641734778486367
2012-01-30,-0.0013317362491231464
2012-01-31,-0.0027031107391027394
2012-02-01,0.0
2012-02-02,0.003289643453196961
2012-02-03,-0.00034796799059162253
2012-02-06,0.0019940052511429516
2012-02-07,-0.00031290988065528946
2012-02-08,0.002084654569894438
2012-02-09,0.0007177546053892074
2012-02-10,0.0008613537550156426
2012-02-13,0.00036166527633077483
2012-02-14,0.0009349744390560745
2012-02-15,0.0023318770363843127
2012-02-16,-0.0007539728926793386
2012-02-17,0.002406817818690001
2012-02-20,0.004407858057474318
2012-02-21,-0.002772642066634624
2012-02-22,-0.0008478481453587742
2012-02-23,0.0005386246421429651
2012-02-24,0.0013941085929806971
2012-02-27,0.0032458925545239825
2012-02-28,-0.0007864993120020958
2012-02-29,0.0004136991500163316
2012-03-01,0.0
2012-03-02,0.0016854989604122178
2012-03-05,-0.0009716120655174194
2012-03-06,-0.002298354187216876
2012-03-07,-0.00506238706348313
2012-03-08,0.0022591148105954835
2012-03-09,0.00279093189657281
2012-03-12,-0.0020223555001401667
2012-03-13,0.00011451924829125373
2012-03-14,0.001959827717692872
2012-03-15,-0.004036336753062199
2012-03-16,0.0025008998954561706
2012-03-19,0.0027775054119579604
2012-03-20,-0.0013907155791214806
2012-03-21,-0.0037032015331833774
2012-03-22,-0.001352543414497922
2012-03-23,-0.002108897700954536
2012-03-26,0.002586108367523467
2012-03-27,0.002807565244781593
2012-03-28,-0.0016383775573277103
2012-03-29,-0.0020120258839170257
2012-03-30,-0.0015565625446421504
2012-04-02,0.003909426110478459
2012-04-03,-0.0025233057233469067
2012-04-04,-0.0008293959495219651
2012-04-05,-0.0004949917941089943
2012-04-06,-0.0009410419686317923
2012-04-09,-0.0013767360921416846
2012-04-10,0.002109070851145484
2012-04-11,-0.003887949725099216
2012-04-12,0.0028907236153005965
2012-04-13,0.002994491409987316
2012-04-16,-0.0018478698411447975
2012-04-17,-0.000967694087253254
2012-04-18,0.0011473817996641956
2012-04-19,-0.000910137074441831
2012-04-20,0.00040497315294750664
2012-04-23,0.0010408473856921812
2012-04-24,-0.0035390749771144316
2012-04-25,0.0003085847677965371
2012-04-26,-8.035205257444404e-05
2012-04-27,-0.0007827685353867917
2012-04-30,0.0011152132854004915
2012-05-01,0.0
2012-05-02,-0.0011826883232030514
2012-05-03,-0.0008199925568485773
2012-05-04,-0.0018206328956552236
2012-05-07,-0.0027743668555507872
2012-05-08,0.0016374396926254384
2012-05-09,-0.0037466929381296987
2012-05-10,1.7456182232459744e-05
2012-05-11,-0.00039765464611385393
2012-05-14,4.4175581910259124e-05
2012-05-15,-0.0019086370293124504
2012-05-16,-0.0006453569337914745
2012-05-17,0.00014908722538407404
2012-05-18,-0.0025958180711074066
2012-05-21,-0.004104490048749686
2012-05-22,0.003842271042732233
2012-05-23,-0.0023167229786340005
2012-05-24,9.387429530112923e-05
2012-05-25,0.00207463438649184
2012-05-28,0.0020502633929257628
2012-05-29,0.0006995029909983946
2012-05-30,0.0011989808231531178
2012-05-31,-0.003960822415631689
2012-06-01,0.0
2012-06-04,-0.004159682200013253
2012-06-05,0.0028773902765515673
2012-06-06,0.0016317704239239932
2012-06-07,0.003908280492659057
2012-06-08,0.0014127045731154773
2012-06-11,0.002155334771590865
2012-06-12,-0.0007880425344011139
2012-06-13,0.0038574148110071265
2012-06-14,-0.0014235572653117639
2012-06-15,0.00221938441063264
2012-06-18,0.0009337043352801262
2012-06-19,0.0014985608046644563
2012-06-20,0.0007377898733723167
2012-06-21,0.003259646518873977
2012-06-22,-0.0020867406347644846
2012-06-25,0.0011316813277154523
2012-06-26,-0.0021787838453919497
2012-06-27,0.0007666977449867498
2012-06-28,0.0013721932957158902
2012-06-29,-0.0023461676623190704
2012-07-02,0.005060336704771597
2012-07-03,0.000962917579565557
2012-07-04,0.0014873769452840452
2012-07-05,0.0013645241722119322
2012-07-06,0.0019332245495092143
2012-07-09,-0.002555164358286782
2012-07-10,0.0007295254720565377
2012-07-11,-0.00036723606918782784
2012-07-12,0.0017294398567122985
2012-07-13,-0.0020173842946773616
2012-07-16,0.0016134630502042167
2012-07-17,-0.0009987121901461832
2012-07-18,0.002123145311322892
2012-07-19,0.0001262880467130395
2012-07-20,0.0027714058746093765
2012-07-23,6.575176295385676e-05
2012-07-24,-0.002615446806829545
2012-07-25,-0.0021475291261406106
2012-07-26,0.0019452290012705567
2012-07-27,0.0018925075587500582
2012-07-30,0.0016146613991052348
2012-07-31,0.0015243104336863063
2012-08-01,0.0
2012-08-02,0.0017149264449076427
2012-08-03,0.0008816276615975216
2012-08-06,-0.0001289487068077151
2012-08-07,0.0006082229906558164
2012-08-08,0.0006082157150180205
2012-08-09,0.001090494398151906
2012-08-10,0.0016648826995531614
2012-08-13,-0.0008466534884242307
2012-08-14,-0.002768687318425732
2012-08-15,0.00013714744822811522
2012-08-16,0.0016474719166371748
2012-08-17,0.0003556043577402439
2012-08-20,-0.00011737637467054786
2012-08-21,-0.0004817335274260787
2012-08-22,-0.002012124284360068
2012-08-23,-0.00037421465912613664
2012-08-24,-0.0016298373086611482
2012-08-27,0.000799254912152907
2012-08-28,-0.0007697299621090846
2012-08-29,-0.0029583189123858775
2012-08-30,0.00038978890992360946
2012-08-31,-0.0012687073502164756
2012-09-03,-0.001267317788928464
2012-09-04,-0.0016733707457252994
2012-09-05,0.0005190131208070477
2012-09-06,-0.0018874755243837077
2012-09-07,0.0025225138654756066
2012-09-10,0.0017993950263172675
2012-09-11,-0.0021664894808951277
2012-09-12,0.0006312361418940358
2012-09-13,0.0012384147904241033
2012-09-14,0.0022095818419795243
2012-09-17,-0.0015012738952927497
2012-09-18,-0.0011470378030832055
2012-09-19,0.0014596081602232288
2012-09-20,-0.00026083967888132986
2012-09-21,0.0001905542113680294
2012-09-24,-0.0009331189071378525
2012-09-25,-0.0007488209391996231
2012-09-26,-0.00034303508333638044
2012-09-27,0.0013449238805711737
2012-09-28,0.0022444546059436398
2012-10-01,0.0
2012-10-02,-0.0009742045441807405
2012-10-03,-0.0018490281120810289
2012-10-04,-0.002074526764540439
2012-10-05,-0.0003163612739408075
2012-10-08,-0.0007684983305191244
2012-10-09,0.0001565238016899133
2012-10-10,0.0007111065202750934
2012-10-11,0.0004316873236744285
2012-10-12,0.00024804943974206115
2012-10-15,-0.001152277479106462
2012-10-16,0.0015257569419273157
2012-10-17,-0.0007846190625476263
2012-10-18,0.002511887850537218
2012-10-19,0.001156036691400532
2012-10-22,-0.0015834427701103423
2012-10-23,0.001532918011167111
2012-10-24,-0.0023050040673423594
2012-10-25,0.0029032709863093193
2012-10-26,0.0008093933315083251
2012-10-29,-0.0005058179812670745
2012-10-30,0.0002979380807475854
2012-10-31,0.0003744899638360198
2012-11-01,0.0
2012-11-02,0.003423944050953969
2012-11-05,0.00033536707768012756
2012-11-06,0.0012101247261956504
2012-11-07,0.0017262204457290774
2012-11-08,-0.0024116443639390977
2012-11-09,-0.0013822973659502718
2012-11-12,0.00026449665608503463
2012-11-13,0.0015426402894854502
2012-11-14,-0.0010171009574627564
2012-11-15,-0.0012289542942475072
2012-11-16,0.00039255849322222174
2012-11-19,0.0018242824975005817
2012-11-20,0.001770110143742984
2012-11-21,-0.00024683797619400223
2012-11-22,0.001181653769962962
2012-11-23,-0.0003925034871086261
2012-11-26,0.001596671745168562
2012-11-27,-0.001294801275319267
2012-11-28,-0.0005328661137643214
2012-11-29,0.0017121940641866681
2012-11-30,-0.0020910270927864743
2012-12-03,-0.00017847034547548873
2012-12-04,0.0011694364054775429
2012-12-05,-0.0002686743564958779
2012-12-06,0.001982699332211732
2012-12-07,0.0025996295853324023
2012-12-10,0.001258655633023832
2012-12-11,-0.0005417302524882547
2012-12-12,0.001625061814915523
2012-12-13,0.0012891381896445427
2012-12-14,0.00017227118045477985
2012-12-17,-0.0002650478833217329
2012-12-18,-0.0005245305557223085
2012-12-19,-0.001633174049192575
2012-12-20,-0.000943800243321027
2012-12-21,0.0002445142328139057
2012-12-24,-0.0024844180068051397
2012-12-25,-0.0004786350262799302
2012-12-26,0.0005695159303000956
2012-12-27,-0.00024966425341986287
2012-12-28,0.0022022516103386543
2012-12-31,-0.00025570029148310624
2013-01-01,0.0
2013-01-02,-0.0008629465348833649
2013-01-03,0.005230471298669759
2013-01-04,0.0012974783031708657
2013-01-07,0.0010160814451490752
2013-01-08,-0.000759507649821256
2013-01-09,-9.534926730349054e-05
2013-01-10,0.0032029641135050578
2013-01-11,0.0017564541001464725
2013-01-14,-0.0025168639156848706
2013-01-15,0.003113860229907883
2013-01-16,-0.0006010969505138312
2013-01-17,-0.0007087791019906049
2013-01-18,0.0009126928124958669
2013-01-21,-0.00024586190704422396
2013-01-22,-0.0007712575667062366
2013-01-23,-0.0004522254178342512
2013-01-24,0.000703332740643814
2013-01-25,0.0011082965039624988
2013-01-28,-0.0007147802166666845
2013-01-29,-0.0018241218794536438
2013-01-30,0.002165366786499967
2013-01-31,-0.0029260073684453302
2013-02-01,0.0
2013-02-04,0.002612778361577624
2013-02-05,-0.0004411628585866006
2013-02-06,0.0013303293453759723
2013-02-07,-0.0023977365913307237
2013-02-08,0.0013205203567727732
2013-02-11,-0.001250644169902482
2013-02-12,0.0034163164538736574
2013-02-13,-0.0001287430189180354
2013-02-14,0.0017088357218263993
2013-02-15,0.0005235502410333286
2013-02-18,-0.0004225691116950407
2013-02-19,5.6797472458147575e-05
2013-02-20,0.0005300369933256959
2013-02-21,-0.0033868954478776213
2013-02-22,-0.0007619727847938553
2013-02-25,0.0027684318888641308
2013-02-26,-0.00340730624215679
2013-02-27,-0.0024324934665230554
2013-02-28,-0.000958486125624858
2013-03-01,0.0
2013-03-04,0.00222650312521301
2013-03-05,0.0012381025805675509
2013-03-06,0.0022338017798809113
2013-03-07,0.0012912192085079185
2013-03-08,0.0012568412410027382
2013-03-11,0.0013010533649124424
2013-03-12,0.0016917686197503567
2013-03-13,-0.00022607085782147226
2013-03-14,-0.0005267501205745581
2013-03-15,-0.0012407881173189127
2013-03-18,-0.0012433831612544473
2013-03-19,0.002192272327229325
2013-03-20,-0.0017335827485938338
2013-03-21,0.0008052086634086754
2013-03-22,0.001461489405559599
2013-03-25,-0.000805268655266854
2013-03-26,0.0010433714516266154
2013-03-27,0.002432694064624165
2013-03-28,0.00015459622911093455
2013-03-29,-0.0016079352232873621
2013-04-01,0.0
2013-04-02,-0.0017723526678455445
2013-04-03,0.0022347965774749293
2013-04-04,-0.0017482837298419924
2013-04-05,0.004814111721362098
2013-04-08,0.0025217115679000137
2013-04-09,0.0026256753255122483
2013-04-10,0.0013460226745094026
2013-04-11,0.0022801991894952616
2013-04-12,0.001343743100742042
2013-04-15,-0.0043066325080165415
2013-04-16,-0.00826960199698639
2013-04-17,0.0012953371213069056
2013-04-18,-0.0001337975734639632
2013-04-19,-0.0010913857065325285
2013-04-22,0.002376299807513294
2013-04-23,-0.0016364635979621857
2013-04-24,0.0016025370021258405
2013-04-25,0.0018110266653275165
2013-04-26,0.0010194831676206165
2013-04-29,-0.002948001933360655
2013-04-30,0.00157392221699438
2013-05-01,0.0
2013-05-02,-0.0032030018853034135
2013-05-03,0.002750090236064939
2013-05-06,0.002787246349250846
2013-05-07,-0.0007848124618039221
2013-05-08,-0.002871551754769097
2013-05-09,0.0010126498509750192
2013-05-10,0.0032860972367387566
2013-05-13,-5.328580692225415e-05
2013-05-14,-0.0013022442281490519
2013-05-15,0.0002551278189995494
2013-05-16,0.0008218084122943745
2013-05-17,-0.002629470356190995
2013-05-20,-0.0005202241032098874
2013-05-21,0.00094573337752338
2013-05-22,0.001710507858769169
2013-05-23,-0.002352812493023759
2013-05-24,-0.002523907454845382
2013-05-27,-0.00450244653285922
2013-05-28,-0.00042718655240785413
2013-05-29,0.002711198448744153
2013-05-30,-0.0042339133169478045
2013-05-31,-0.00019437835391489976
2013-06-03,-0.004086458700643228
2013-06-04,0.0026129503492223916
2013-06-05,-0.0025794847664424147
2013-06-06,-0.006880045005661697
2013-06-07,-0.0032306436461544802
2013-06-10,-0.00327014975849575
2013-06-11,0.0014359740069935759
2013-06-12,-0.0066660067357779615
2013-06-13,0.0010874044805622121
2013-06-14,0.005558213239838809
2013-06-17,-0.0031231694645475327
2013-06-18,-0.0017305371237153692
2013-06-19,-0.00039221034714691065
2013-06-20,-0.0027712863768436908
2013-06-21,-0.008374777223492615
2013-06-24,0.003910517618496346
2013-06-25,-0.0031675339486881495
2013-06-26,0.0030903662797333
2013-06-27,0.0017706350678194712
2013-06-28,0.003475787269486549
2013-07-01,0.0
2013-07-02,0.0028756746354866728
2013-07-03,0.000658029110746542
2013-07-04,-0.0030349460960903438
2013-07-05,0.0055372231960683785
2013-07-08,-0.003065127091530547
2013-07-09,0.004648530218726795
2013-07-10,0.003252118341877216
2013-07-11,-0.0045965019682587295
2013-07-12,-0.00348063985282991
2013-07-15,-0.00235536720770626
2013-07-16,0.0018993113633395734
2013-07-17,0.002727160841539933
2013-07-18,0.0017609017926167097
2013-07-19,0.0013988826421399393
2013-07-22,0.0001085118058164064
2013-07-23,-0.00031045438878594825
2013-07-24,0.0024883876018597243
2013-07-25,-0.002628249115755898
2013-07-26,0.00033201139660769016
2013-07-29,-0.0018366090537438717
2013-07-30,-0.0022366074968934013
2013-07-31,-0.0030624553004095717
2013-08-01,0.0
2013-08-02,0.0028086675701954086
2013-08-05,-0.005991136597820547
2013-08-06,0.0009443413081294204
2013-08-07,0.0001293360461164736
2013-08-08,-0.00031174241174388904
2013-08-09,0.0023223104305957697
2013-08-12,0.003554400335892858
2013-08-13,0.0001750210707456417
2013-08-14,0.0023765368078705273
2013-08-15,0.0022633106144245426
2013-08-16,-0.00442079872121654
2013-08-19,0.003652185506629873
2013-08-20,-0.0033867025493210024
2013-08-21,-0.006803980418028938
2013-08-22,-0.004677850604945897
2013-08-23,0.0020950763719767133
2013-08-26,0.00040265624284562776
2013-08-27,-0.00033467000087447255
2013-08-28,-0.0056186729760812305
2013-08-29,0.0033177033693124872
2013-08-30,0.0010756033984869408
2013-09-02,0.00047772093583026436
2013-09-03,0.005736137549570163
2013-09-04,0.0016357536027019827
2013-09-05,0.004274825434268661
2013-09-06,0.00039693072836292757
2013-09-09,0.0029381437309379094
2013-09-10,0.0006370588253017054
2013-09-11,0.005738605067268331
2013-09-12,0.0005736112302991085
2013-09-13,-0.0008142920064839713
2013-09-16,-0.0009571037619589524
2013-09-17,0.0003284238537097945
2013-09-18,0.001309502722687079
2013-09-19,0.0023929600785839752
2013-09-20,0.00024971001032570144
2013-09-23,-0.004132578282254288
2013-09-24,-0.00017814375158355276
2013-09-25,-0.0033625896047831364
2013-09-26,-0.0029604579484219583
2013-09-27,0.0026388697236792553
2013-09-30,-0.004739085293713322
2013-10-01,0.0
2013-10-02,0.0003351821155628
2013-10-03,-0.001874487764555648
2013-10-04,0.00012023971661174684
2013-10-07,0.0029001947309748506
2013-10-09,-0.0014443830139723801
2013-10-10,0.0021876846059979706
2013-10-11,-3.389446138632322e-05
2013-10-14,0.0015446115008827636
2013-10-15,0.003420395277827274
2013-10-16,0.0007442578644261412
2013-10-17,0.0020956189249332173
2013-10-18,-0.0017133580367328079
2013-10-21,0.001878519527661781
2013-10-22,-0.0007661850093353857
2013-10-23,-7.620836689922636e-05
2013-10-24,-0.005379969927994098
2013-10-25,-0.001313602720853817
2013-10-28,-0.000735716874097929
2013-10-29,-0.0002757229873135689
2013-10-30,0.0003185417500536647
2013-10-31,0.0005121788622476284
2013-11-01,0.0
2013-11-04,0.00221167125878892
2013-11-05,0.0009086566883790432
2013-11-06,0.0011590637860619127
2013-11-07,0.001090259047594981
2013-11-08,-0.003526739376822744
2013-11-11,-0.0022554271769818536
2013-11-12,-0.0010780448666664827
2013-11-13,-0.003032813337311131
2013-11-14,0.0013974777403402841
2013-11-15,0.001908113300693715
2013-11-18,0.0031983572417801885
2013-11-19,-0.002572635636611386
2013-11-20,0.002795462624377091
2013-11-21,-0.0021428127353871184
2013-11-22,-0.0009982552517855065
2013-11-25,-0.003204813284627798
2013-11-26,0.0016426513282783773
2013-11-27,-0.0033918793608072625
2013-11-28,-2.8675344032321165e-05
2013-11-29,-0.0008667640654698934
2013-12-02,0.0012563200050674064
2013-12-03,0.002397958118812401
2013-12-04,-0.00046375947600698156
2013-12-05,-0.004091664375771389
2013-12-06,-0.0022136557745789185
2013-12-09,0.0033744542226885063
2013-12-10,-0.0008771100420872913
2013-12-11,0.000883584403341169
2013-12-12,-0.00434070655344106
2013-12-13,-0.002086691258327388
2013-12-16,0.0014926309887784807
2013-12-17,-0.0003268296431332225
2013-12-18,-0.00012640249174196818
2013-12-19,0.001753282157617073
2013-12-20,0.0011889323728087977
2013-12-23,0.00015214281887573054
2013-12-24,-0.00023619090151942015
2013-12-25,0.0003727123370174862
2013-12-26,0.00033301032012963137
2013-12-27,-0.0003233003531748111
2013-12-30,-0.0015832878710056258
2013-12-31,0.0022331870591868483
2014-01-01,0.0
2014-01-02,-0.0012462171057875634
2014-01-03,-0.0011318685437388177
2014-01-06,0.005406471780195186
2014-01-07,-0.001750847568415098
2014-01-08,0.0009872459168677678
2014-01-09,-0.0006977077711542676
2014-01-10,-0.0006993491595413831
2014-01-13,0.0011562837169362256
2014-01-14,0.001127181604023155
2014-01-15,0.001493661875548755
2014-01-16,-0.0004352215856512965
2014-01-17,-0.003968461078314783
2014-01-20,7.966070577809648e-05
2014-01-21,0.0009517412948164123
2014-01-22,5.191766736154308e-05
2014-01-23,0.0019844712298657196
2014-01-24,-0.006327400619351022
2014-01-27,-0.006242198113374718
2014-01-28,0.0017789733826669833
2014-01-29,0.004283065374292677
2014-01-30,-0.005391619034522016
2014-01-31,0.0015817536134591118
2014-02-03,-0.002356498605256511
2014-02-04,-0.004159255882793456
2014-02-05,0.007799043595393688
2014-02-06,0.0012888297941479458
2014-02-07,0.0010106571982424703
2014-02-10,0.0017465747165214388
2014-02-11,-0.0003303712895408467
2014-02-12,0.0033209548097866536
2014-02-13,0.0015636474094426326
2014-02-14,-0.002790438513547374
2014-02-17,0.0013256210038571764
2014-02-18,-2.0336814435247707e-05
2014-02-19,-0.0012829700980395119
2014-02-20,-0.0014854550397445988
2014-02-21,0.00053946471019608
2014-02-24,-0.0007074795750303454
2014-02-25,0.003587817186053243
2014-02-26,-0.0015946625557020607
2014-02-27,2.710410622105397e-05
2014-02-28,0.0004580305037990226
2014-03-03,-0.004123262433237546
2014-03-04,0.0007385632327001153
2014-03-05,0.004161714085368093
2014-03-06,0.0017299440792373675
2014-03-07,0.002477631252882759
2014-03-10,-0.0015628492277351513
2014-03-11,0.00022801880587588956
2014-03-12,-0.001739186936105577
2014-03-13,0.0008577460464484568
2014-03-14,-0.0005542593612067796
2014-03-17,-0.00194556341511971
2014-03-18,0.002918948064120176
2014-03-19,0.0013996365387138787
2014-03-20,-0.0013572248972491088
2014-03-21,0.00020986874147990646
2014-03-24,0.0008922487351008248
2014-03-25,0.0008204003903195247
2014-03-26,0.001724179861679469
2014-03-27,0.001330802805442278
2014-03-28,0.004534340440677898
2014-03-31,0.0011419455369466214
2014-04-01,0.0
2014-04-02,-0.0012633994068940273
2014-04-03,0.0008986227258421135
2014-04-04,-6.237551019819402e-05
2014-04-07,0.001972400924932679
2014-04-08,-0.0019902515484871534
2014-04-09,-2.3783843057152462e-05
2014-04-10,0.001480951762830685
2014-04-11,-0.0027230943506064247
2014-04-14,0.00040044474147324247
2014-04-15,0.0017319687351444628
2014-04-16,-0.0025484454470397593
2014-04-17,0.0012135674271474444
2014-04-18,-0.0012089126437898159
2014-04-21,0.0005681015256396939
2014-04-22,0.0003624534524465915
2014-04-23,0.001164180261300541
2014-04-24,-0.001974289241427296
2014-04-25,-0.0020177311414994563
2014-04-28,-0.0006151251530056869
2014-04-29,-0.0006492605447119376
2014-04-30,0.0018928119572365885
2014-05-01,0.0
2014-05-02,0.00015990225509189082
2014-05-05,0.0005901078022050957
2014-05-06,-0.00012874564036075944
2014-05-07,0.0007001907459860125
2014-05-08,-0.00038290598152163985
2014-05-09,0.0021743944526724326
2014-05-12,0.001987703620810919
2014-05-13,0.0004058443761929264
2014-05-14,0.0012740540266350056
2014-05-15,-0.0002272958982669679
2014-05-16,-0.0012597744428867463
2014-05-19,0.0008458473051324021
2014-05-20,-0.0008798470912730245
2014-05-21,-0.0039044674681717553
2014-05-22,0.0010003195213080518
2014-05-23,0.0011024801665261521
2014-05-26,0.00012813960163181778
2014-05-27,0.0003555921071230576
2014-05-28,0.001056296462016835
2014-05-29,-0.0020410753943834277
2014-05-30,0.0014395677395435214
2014-06-02,-0.0010495274628921772
2014-06-03,-0.0006413705009431824
2014-06-04,-0.00020546013759238638
2014-06-05,0.0003842366680399806
2014-06-06,0.0008217058550401789
2014-06-09,0.0020403660413588253
2014-06-10,0.0007119565215601651
2014-06-11,0.0018035580141435258
2014-06-12,0.0007279435520731043
2014-06-13,0.0015547950897454538
2014-06-16,-1.2139858128548736e-05
2014-06-17,-0.0006872627628652326
2014-06-18,-0.0003679459671893232
2014-06-19,0.0004913861577037446
2014-06-20,-0.00394339777537137
2014-06-23,0.0003097255404201592
2014-06-24,0.000543842936173956
2014-06-25,-0.001666415451878377
2014-06-26,0.0007298235656683315
2014-06-27,0.000897677263588197
2014-06-30,-0.0008052728189232813
2014-07-01,0.0
2014-07-02,0.000996085353341067
2014-07-03,-6.697691703238219e-05
2014-07-04,-0.00041147335324177435
2014-07-07,0.0005217369621938282
2014-07-08,0.00032135566618615664
2014-07-09,3.572318808805995e-05
2014-07-10,0.0011224495921283617
2014-07-11,-0.0008191087539802527
2014-07-14,-3.833480472347456e-05
2014-07-15,-3.144637082575934e-05
2014-07-16,-0.001287354675947974
2014-07-17,0.001161527258938893
2014-07-18,-0.002167580066424859
2014-07-21,0.0022778487715724893
2014-07-22,-0.0009522050584783453
2014-07-23,0.0020826891651296673
2014-07-24,-0.0003530972587937059
2014-07-25,-0.0005846668063792439
2014-07-28,-0.00034999595819624606
2014-07-29,-0.0002841703937141732
2014-07-30,-0.00041765856031963976
2014-07-31,0.00021568034839422544
2014-08-01,0.0
2014-08-04,-0.00044402681126945307
2014-08-05,0.0008945735830481855
2014-08-06,-0.0013295946964955064
2014-08-07,0.0006808106714748809
2014-08-08,-0.0007819346863258954
2014-08-11,-0.00023318506088997368
2014-08-12,0.0014643395511904184
2014-08-13,0.0001705505412789496
2014-08-14,0.0025504564295033296
2014-08-15,0.0003333021849121685
2014-08-18,-0.0005094388475105244
2014-08-19,0.000495489669524758
2014-08-20,0.00022262090787001878
2014-08-21,0.0010027966975532758
2014-08-22,0.001491612493277997
2014-08-25,0.0008189535964948382
2014-08-26,-0.0012572931203099292
2014-08-27,0.001766852443368264
2014-08-28,-0.00017086526247408898
2014-08-29,0.00047669179724018387
2014-09-01,0.0
2014-09-02,0.0013609030771968445
2014-09-03,-0.001276202648023882
2014-09-04,-0.0003393995728701609
2014-09-05,0.0044491211281772625
2014-09-08,-0.0004045164018780364
2014-09-09,-0.0003963487734288334
2014-09-10,-0.0030732371286007133
2014-09-11,9.458234795341406e-05
2014-09-12,-0.0019629013634709213
2014-09-15,-0.002318479927661361
2014-09-16,0.00037322410151528014
2014-09-17,0.0004714464479779348
2014-09-18,-4.698203705457598e-05
2014-09-19,0.002840135832856931
2014-09-22,0.0005904169029283783
2014-09-23,-0.002126721862890408
2014-09-24,-0.0015663927876216092
2014-09-25,0.0019482209951836552
2014-09-26,-0.004081477258211215
2014-09-29,-0.0015265076200038949
2014-09-30,-0.0023221572065820232
2014-10-01,0.0
2014-10-02,-0.0014282222852342811
2014-10-03,0.0015434225226853156
2014-10-06,-0.0015678952753559866
2014-10-07,0.0008709119158947013
2014-10-08,-0.0006949066622088968
2014-10-09,0.001005499284238854
2014-10-10,-0.0025646052246421206
2014-10-13,-0.002892707415540914
2014-10-14,0.000310211888279248
2014-10-15,-0.0016208351787904362
2014-10-16,-0.0015860195500268365
2014-10-17,1.1544129575007167e-05
2014-10-20,0.0025129412404770513
2014-10-21,-0.0007871170848419367
2014-10-22,0.002000585953686681
2014-10-23,-0.0015460820436175983
2014-10-24,0.0018332132455007649
2014-10-27,0.00040822361310795404
2014-10-28,-0.0004742167972317925
2014-10-29,0.0006623836278471117
2014-10-30,-0.0029702306204800596
2014-10-31,0.0033891246928950923
2014-11-03,-0.00010978691612211011
2014-11-04,-0.002268417583802619
2014-11-05,-0.0009058239766709734
2014-11-06,-0.003214409931056241
2014-11-07,0.002545884676154614
2014-11-10,0.0015434174090136498
2014-11-11,0.001107860800173945
2014-11-12,0.0011684082484163172
2014-11-13,0.0026549885759004836
2014-11-14,-0.0005450412609124988
2014-11-17,0.001063565954488423
2014-11-18,0.0009871412390731027
2014-11-19,-0.002602373754612472
2014-11-20,-0.005217818572239053
2014-11-21,0.002082083943061421
2014-11-24,0.0073668797523200715
2014-11-25,-0.004167608899197
2014-11-26,-0.0033123061865210244
2014-11-27,-0.0014394700065296806
2014-11-28,-0.0008715124405505387
2014-12-01,0.0
2014-12-02,0.0033464583897998062
2014-12-03,0.0005503930706912564
2014-12-04,-0.0002647730569491579
2014-12-05,-0.0031093192625948835
2014-12-08,-0.001648549039129415
2014-12-09,-0.0021313703641797203
2014-12-10,-0.00015208821623847882
2014-12-11,4.411580171417373e-06
2014-12-12,-0.0038241629810431862
2014-12-15,-0.0039842263277645295
2014-12-16,0.00027317012209675424
2014-12-17,-0.0008790038907559893
2014-12-18,0.001989093515584633
2014-12-19,0.006283112816227423
2014-12-22,0.002024254993608186
2014-12-23,-0.001063030777780521
2014-12-24,0.000795056812184971
2014-12-25,-0.00034422919145374656
2014-12-26,-0.0009752484995798002
2014-12-29,0.002367456277043495
2014-12-30,0.002004082598428183
2014-12-31,0.0008458631145020087
2015-01-01,0.0
2015-01-02,0.0002216575154387576
2015-01-05,-0.0011771760562007255
2015-01-06,0.0003412360093807836
2015-01-07,0.00016797080532055523
2015-01-08,0.0035034523576846464
2015-01-09,0.00579604748233413
2015-01-12,2.436394699409009e-05
2015-01-13,-0.002855333754653479
2015-01-14,0.0013364308955509533
2015-01-15,0.0016719319926779422
2015-01-16,-0.019517198756272315
2015-01-19,0.001581433273476601
2015-01-20,0.0014683839120556762
2015-01-21,-0.0035037054478684448
2015-01-22,-0.0043962520213109545
2015-01-23,0.0027203451781917026
2015-01-26,-0.00016318491402638797
2015-01-27,0.002012229401146913
2015-01-28,-0.0026933863582101975
2015-01-29,-0.00034679419141169773
2015-01-30,-0.0018422272250048532
2015-02-02,0.0017901546585013652
2015-02-03,0.0045771739174274885
2015-02-04,-0.0013535010995256874
2015-02-05,0.0021190256074011017
2015-02-06,0.0004984074094284078
2015-02-09,0.002307057238815999
2015-02-10,0.0006282595986800269
2015-02-11,0.0003532904517859236
2015-02-12,-0.002396887692382375
2015-02-13,0.0024583497033808925
2015-02-16,0.0024775212952115725
2015-02-17,0.0014415200158388723
2015-02-18,0.0013061583305934558
2015-02-19,0.0017365526670634931
2015-02-20,0.000975799996903627
2015-02-23,-0.00012525316542108208
2015-02-24,0.0003899977158581937
2015-02-25,0.00016628065238589876
2015-02-26,0.001070090965213038
2015-02-27,0.0003968080963504849
2015-03-02,-0.00036766217787352726
2015-03-03,-0.0018592317770970016
2015-03-04,0.001401307420251661
2015-03-05,0.002412696920020657
2015-03-06,0.0008284419195992934
2015-03-09,-0.0005889930859712366
2015-03-10,-0.0012410172875123636
2015-03-11,-7.770833539609608e-05
2015-03-12,0.003000645349619148
2015-03-13,0.003424900882964667
2015-03-16,-0.00022019511788881236
2015-03-17,-0.001719120634369969
2015-03-18,-0.0030421272973426986
2015-03-19,0.0006306011661740958
2015-03-20,0.0035380712373202818
2015-03-23,0.001649946446189945
2015-03-24,0.0007153692481437988
2015-03-25,-0.0008886578308517967
2015-03-26,-0.002023655915768554
2015-03-27,0.0024328177641041388
2015-03-30,-0.0047542283025087725
2015-03-31,-0.0014591580108226053
2015-04-01,0.0
2015-04-02,-0.0003049585137672622
2015-04-03,-0.001544673190520419
2015-04-06,0.0002107253913374774
2015-04-07,-0.0008330217912392012
2015-04-08,0.003164753451495094
2015-04-09,0.002940072860588959
2015-04-10,0.005555577070524593
2015-04-13,0.00037609973281866834
2015-04-14,-0.002609938973185352
2015-04-15,0.0015570372695292445
2015-04-16,0.003390602952273143
2015-04-17,5.457525802292977e-05
2015-04-20,-0.0009102759213232083
2015-04-21,-0.0009362155639627174
2015-04-22,-0.0006107135379377427
2015-04-23,0.003950260782907992
2015-04-24,-0.005136441263466304
2015-04-27,0.001977773416391522
2015-04-28,0.0018778741959458824
2015-04-29,0.0035195046279407906
2015-04-30,-0.008040784205418473
2015-05-01,0.0
2015-05-04,-0.002680058525918272
2015-05-05,0.0009212699447519305
2015-05-06,-0.0008781616359011317
2015-05-07,-0.0030317208927287363
2015-05-08,0.00036761735489828604
2015-05-11,0.001597960082487696
2015-05-12,-0.0015723445910487284
2015-05-13,0.0036510360161408663
2015-05-14,0.0015879528890032485
2015-05-15,-0.0026187841061191507
2015-05-18,-0.0012568881275002036
2015-05-19,-0.0004580387816223317
2015-05-20,0.00216772576102433
2015-05-21,-0.0025194459613329997
2015-05-22,0.0018242582480147462
2015-05-25,-0.0009085857855902548
2015-05-26,0.0017465391021068916
2015-05-27,-0.0019318039967770562
2015-05-28,-0.0005736164052021637
2015-05-29,-0.0064530662650151985
2015-06-01,0.0
2015-06-02,-0.0022143263776059547
2015-06-03,-0.0010389312439532867
2015-06-04,-0.002601035032302487
2015-06-05,-0.0021693295975484164
2015-06-08,-0.002830616076386757
2015-06-09,-0.00023725203395548924
2015-06-10,0.0014360395176277918
2015-06-11,-0.0015864883395373959
2015-06-12,-0.0017117659268523495
2015-06-15,0.0002373556456203475
2015-06-16,-0.0006560019577900503
2015-06-17,0.0004905695996572084
2015-06-18,-0.00558240176879149
2015-06-19,-0.00014409561439125297
2015-06-22,-0.0005467558483545639
2015-06-23,-0.000278025231932822
2015-06-24,0.005535179847459547
2015-06-25,-0.0012463627310427094
2015-06-26,0.0019285798562542005
2015-06-29,0.0009737839820931346
2015-06-30,-0.007204708061263905
2015-07-01,0.0
2015-07-02,0.0013114422440213172
2015-07-03,-0.0008011490437190848
2015-07-06,-0.0037564854154874543
2015-07-07,-0.0026093815994955674
2015-07-08,-0.00037419781513050215
2015-07-09,-0.002675506545742908
2015-07-10,0.004321953101715644
2015-07-13,-0.001939277367927761
2015-07-14,0.001790242266824745
2015-07-15,2.560820313690682e-06
2015-07-16,-0.003234025311356618
2015-07-17,0.0021684949151126913
2015-07-20,0.0024984186235321535
2015-07-21,0.0002656601788264547
2015-07-22,0.0006260292851476187
2015-07-23,-0.00042383798102059905
2015-07-24,-0.002579245246546754
2015-07-27,-0.002215186300470462
2015-07-28,-0.0015003678504141116
2015-07-29,0.005381700246560613
2015-07-30,0.0014349397833962976
2015-07-31,-0.0008828112502936767
2015-08-03,-0.001315523131961847
2015-08-04,-0.0012627498170900639
2015-08-05,0.0042817530901859005
2015-08-06,-0.0001765985675811337
2015-08-07,0.00063484757499927
2015-08-10,0.0035264372371881566
2015-08-11,-0.0004108646680149447
2015-08-12,-0.00554076585044362
2015-08-13,0.00041989991437151194
2015-08-14,-0.004979228353776116
2015-08-17,0.0011195430141597168
2015-08-18,0.0023040488404247198
2015-08-19,-0.0010886197757346134
2015-08-20,-0.003348828727827541
2015-08-21,-0.001532238296606919
2015-08-24,-0.008357380934057758
2015-08-25,-0.013943635767176306
2015-08-26,0.0025292884744841614
2015-08-27,0.004571048847598334
2015-08-28,0.006534013445150945
2015-08-31,-0.001224205894487179
2015-09-01,0.0
2015-09-02,-0.0063161868372961566
2015-09-03,0.0062967557798970075
2015-09-04,0.001110433328228617
2015-09-07,-0.005616094436057518
2015-09-08,0.00022372474153894327
2015-09-09,0.005643688706200488
2015-09-10,-0.005079654789940839
2015-09-11,0.0026759998300601006
2015-09-14,-0.0023592007806285094
2015-09-15,0.0017200625556549913
2015-09-16,0.00217492740926484
2015-09-17,0.0005553297863780143
2015-09-18,-0.00299731889180408
2015-09-21,0.0032552010547982095
2015-09-22,0.00012218961564529145
2015-09-23,-0.0011860351142941937
2015-09-24,-0.0018285004806314871
2015-09-25,-0.0024210588877646676
2015-09-28,0.0005253450788077511
2015-09-29,-0.003552933536110226
2015-09-30,0.00077712948197347
2015-10-01,0.0
2015-10-02,0.0027145303508443208
2015-10-05,0.0011999523774751037
2015-10-06,0.0020249329336550514
2015-10-07,0.001219331342220698
2015-10-08,0.005609625151115156
2015-10-09,0.0025720312863768717
2015-10-12,-0.00015019257468074803
2015-10-13,0.0009366325557695827
2015-10-14,-0.007116819136344772
2015-10-15,0.004017010273963406
2015-10-16,0.005234479107695064
2015-10-19,-0.00231958539231829
2015-10-20,0.0024277342597228252
2015-10-21,-0.0014219253242754191
2015-10-22,-0.0022749096379565564
2015-10-23,0.008751593318198055
2015-10-26,-0.00012014670430723668
2015-10-27,0.0028178415756726755
2015-10-28,-0.0031130178543303127
2015-10-29,-0.0024422490858350934
2015-10-30,-0.002049318799115451
2015-11-02,0.0036322585183022065
2015-11-03,0.0002613197141808545
2015-11-04,-0.000234241513264667
2015-11-05,-0.002198832282834026
2015-11-06,0.0026497234578028352
2015-11-09,-0.0003722831796755525
2015-11-10,-0.0012141436817202451
2015-11-11,0.0018523688412336783
2015-11-12,-0.00023137109929628234
2015-11-13,-0.0017868900665210788
2015-11-16,0.002730381751066482
2015-11-17,-0.0005400344853623557
2015-11-18,0.0027301889319787296
2015-11-19,0.000515382421216247
2015-11-20,0.0019963121055528352
2015-11-23,0.0031823977685335276
2015-11-24,-0.0023084692994902356
2015-11-25,0.0022829098607685954
2015-11-26,0.002191790897716697
2015-11-27,-0.00042388128613293736
2015-11-30,-0.0013013638094553628
2015-12-01,0.0
2015-12-02,0.003212162877372575
2015-12-03,-0.0025987728614212083
2015-12-04,-0.008074585766238103
2015-12-07,0.001905847380510966
2015-12-08,-0.004192231538325954
2015-12-09,-0.005513464402816625
2015-12-10,-0.0011787740939719414
2015-12-11,0.006196329584366178
2015-12-14,-0.005617118586811008
2015-12-15,0.003866272228974226
2015-12-16,-1.988241056400464e-05
2015-12-17,0.0002059247120996378
2015-12-18,-0.0019071487330362188
2015-12-21,0.0010993586774898675
2015-12-22,-0.00013034100909493142
2015-12-23,2.1286935394135506e-05
2015-12-24,0.00110803225826679
2015-12-25,-0.0008033918905361561
2015-12-28,0.001843782714549226
2015-12-29,-0.0013049069083797425
2015-12-30,0.002600301017686743
2015-12-31,-0.002451492136232494
2016-01-01,0.0
2016-01-04,0.0006062184095836887
2016-01-05,-0.0033498748772872204
2016-01-06,0.0019557491488215134
2016-01-07,-0.004671435280345215
2016-01-08,-0.0076767800296053705
2016-01-11,-0.004108274874440453
2016-01-12,0.004535862434091668
2016-01-13,0.0013124416130339883
2016-01-14,-0.00196042095967092
2016-01-15,0.003537652388383824
2016-01-18,-0.007071660746962771
2016-01-19,0.001073305119562011
2016-01-20,-0.00040394664951844887
2016-01-21,0.0029648570807753157
2016-01-22,0.005892554126968797
2016-01-25,0.00148794046232712
2016-01-26,-0.004425660837421985
2016-01-27,0.00452982046722853
2016-01-28,-0.002772256575929965
2016-01-29,0.003337625801736888
2016-02-01,0.0
2016-02-02,-6.634457176140161e-05
2016-02-03,-0.0032753388782785853
2016-02-04,0.0023061586671327323
2016-02-05,8.250602327224698e-05
2016-02-08,-0.004354865623211956
2016-02-09,-0.0026943026954547944
2016-02-10,-0.00419303972917472
2016-02-11,0.002652946814395662
2016-02-12,-0.0001907971240512605
2016-02-15,0.0006499847598890248
2016-02-16,0.0036580934166140417
2016-02-17,-0.001138788226595752
2016-02-18,0.00553765515495631
2016-02-19,-0.002199354238651797
2016-02-22,-0.0007587419447932403
2016-02-23,0.00756774998513185
2016-02-24,-0.004320914258301453
2016-02-25,-0.0005426785901989164
2016-02-26,0.00409315913402759
2016-02-29,-0.0037483604798429016
2016-03-01,0.0
2016-03-02,0.003883316809860953
2016-03-03,0.002674411951643575
2016-03-04,0.0012522962187743827
2016-03-07,0.0033047077960356532
2016-03-08,0.0004665890130071402
2016-03-09,-0.0019661049811030653
2016-03-10,-0.0011859152235014123
2016-03-11,-0.0052974578539479265
2016-03-14,0.004595551564941504
2016-03-15,-0.0015236892671666074
2016-03-16,-0.005315586013505171
2016-03-17,0.0023010358859170774
2016-03-18,0.0028881804335696886
2016-03-21,-0.0018670215543351483
2016-03-22,-0.0004336078856466049
2016-03-23,0.0012667893814349942
2016-03-24,-0.00214071281173329
2016-03-25,0.00025522285607786516
2016-03-28,-0.0002972183353681565
2016-03-29,0.0017889337528345923
2016-03-30,0.0014943532150447354
2016-03-31,0.0008765081963210593
2016-04-01,0.0
2016-04-04,-0.0016169575787028986
2016-04-05,-0.003920185573246365
2016-04-06,-0.0017123857794001623
2016-04-07,0.00255719252847208
2016-04-08,-0.002838090976981665
2016-04-11,0.0030399413771582157
2016-04-12,0.0015171888150758558
2016-04-13,0.00405677549438665
2016-04-14,0.002988368612455359
2016-04-15,-0.0005999024881611322
2016-04-18,-0.002679802010757317
2016-04-19,0.006400936841539689
2016-04-20,0.0015653840378507943
2016-04-21,0.0025995689740829163
2016-04-22,-0.0036233331137009495
2016-04-25,-0.0005989951735860309
2016-04-26,-0.00031788491909546217
2016-04-27,0.0010059159569782929
2016-04-28,-0.0037279835044419104
2016-04-29,0.0003565466203884336
2016-05-02,-0.0014213016277223741
2016-05-03,-0.0003589686523513319
2016-05-04,-0.006077183537744941
2016-05-05,-0.001453724578822327
2016-05-06,0.003908700882268675
2016-05-09,-0.0020539263562294324
2016-05-10,-0.0030604719055915878
2016-05-11,0.0029590104241749246
2016-05-12,-0.0009003985549166513
2016-05-13,0.0016166235018215721
2016-05-16,-0.0007792292146515436
2016-05-17,0.0023699055848617058
2016-05-18,0.0006217042522519833
2016-05-19,-0.0007917506961028173
2016-05-20,0.0001048324766893952
2016-05-23,-0.00021454425781611765
2016-05-24,-0.0005628771454086607
2016-05-25,0.0003692839675550569
2016-05-26,-0.0014783454319728156
2016-05-27,0.0019090144690627052
2016-05-30,-0.00018635147315724179
2016-05-31,-0.0007916690290724571
2016-06-01,0.0
2016-06-02,0.0005258922004623003
2016-06-03,0.00040477191381275133
2016-06-06,-3.2070839912416225e-05
2016-06-07,-0.0016571700386677805
2016-06-08,0.0027536403043681213
2016-06-09,0.003758839553800516
2016-06-10,0.0007708830663823772
2016-06-13,-0.0011536728312657397
2016-06-14,-0.00236851325087288
2016-06-15,-0.0008177689424050061
2016-06-16,0.003112106751939492
2016-06-17,-0.0008678136123825696
2016-06-20,-0.0004079065155428109
2016-06-21,0.0016638563184118676
2016-06-22,0.0016010320561896626
2016-06-23,0.0008079895090684406
2016-06-24,0.0018399725560810706
2016-06-27,0.0018661601876963972
2016-06-28,-0.0022373898324041653
2016-06-29,0.0026506403864128432
2016-06-30,0.00247110194204682
2016-07-01,0.0
2016-07-04,0.0008081442863132999
2016-07-05,0.001982680108881105
2016-07-06,-0.0016700941037393598
2016-07-07,0.00022646720053600466
2016-07-08,0.0027248153408184587
2016-07-11,0.0038268076629207064
2016-07-12,-0.0021734044105866084
2016-07-13,0.0046896349383234
2016-07-14,-0.0027347273491836357
2016-07-15,-0.0013098607179560036
2016-07-18,-0.0018657020507639346
2016-07-19,-0.0014296889665008068
2016-07-20,-2.388543073659893e-06
2016-07-21,-0.0029850740160226206
2016-07-22,0.001687596303142174
2016-07-25,0.0009595278437273826
2016-07-26,-0.0019520592862877573
2016-07-27,0.00413319322243309
2016-07-28,-0.0015791136752370523
2016-07-29,-0.0014013916381356093
2016-08-01,0.0
2016-08-02,-0.0023923632014714864
2016-08-03,0.0007379265532269366
2016-08-04,0.0012700874980166312
2016-08-05,0.0022726577253427143
2016-08-08,-0.0010073378472721841
2016-08-09,0.003383951103716023
2016-08-10,0.00010012770016236903
2016-08-11,0.003045890301160472
2016-08-12,-0.0004005709824018244
2016-08-15,-0.0015706122558745979
2016-08-16,0.00042343294184783297
2016-08-17,-0.0014223768437338351
2016-08-18,-0.0017797500125604486
2016-08-19,-0.0016014542953891688
2016-08-22,-0.0008204646324920144
2016-08-23,0.001128517262291009
2016-08-24,-1.676643478270159e-05
2016-08-25,0.0024652035037503006
2016-08-26,-0.0005147799659846366
2016-08-29,0.0001801679288252207
2016-08-30,0.001435300326241146
2016-08-31,-6.011861731949855e-05
2016-09-01,0.0
2016-09-02,0.0005381048614626168
2016-09-05,0.001970919045927768
2016-09-06,0.001033939359988477
2016-09-07,0.0020995117565612473
2016-09-08,-0.00022037441558328487
2016-09-09,-0.0016479007044317793
2016-09-12,-0.003174163084194279
2016-09-13,0.0008583434629618289
2016-09-14,-0.0033698712663978443
2016-09-15,-3.676980218570764e-05
2016-09-16,0.0011997021665230518
2016-09-19,0.001553292735592747
2016-09-20,0.0017430020272587172
2016-09-21,0.0015319103309990407
2016-09-22,0.0008710855972354496
2016-09-23,0.0009216053725334501
2016-09-26,-0.002637414292740438
2016-09-27,0.0013495436361971689
2016-09-28,0.0030560849719309486
2016-09-29,0.0012436244147030213
2016-09-30,-0.0032217663676025275
2016-10-03,0.00298591484601462
2016-10-04,0.0025128195317264714
2016-10-05,-0.0034795476095347147
2016-10-06,-0.0011358794549172454
2016-10-07,0.0007758617836959805
2016-10-10,-0.0011284275926658352
2016-10-11,0.0012479096345365203
2016-10-12,0.0015614641711111325
2016-10-13,0.00011673418768116851
2016-10-14,1.06044437200803e-05
2016-10-17,0.0021681072224546713
2016-10-18,0.0023528609792699867
2016-10-19,0.0031860485173143115
2016-10-20,0.002264065955579906
2016-10-21,-0.002094035349750321
2016-10-24,-0.0010702144117381073
2016-10-25,-0.0007005398048592587
2016-10-26,0.0018910573140225352
2016-10-27,-0.001010766578543345
2016-10-28,0.0015352870865635983
2016-10-31,-0.0022824748737367154
2016-11-01,0.0
2016-11-02,-0.0020811626335497588
2016-11-03,0.0009108500614751377
2016-11-04,0.0027853276964220327
2016-11-07,0.0003021468616832257
2016-11-08,0.0013911406441387895
2016-11-09,0.0023644397003155584
2016-11-10,-0.0021204192830240167
2016-11-11,-0.0028097186307813903
2016-11-14,-0.0022841081322404685
2016-11-15,0.003468780084816785
2016-11-16,0.0010975764602333196
2016-11-17,-0.0016419628328596505
2016-11-18,-0.002107349793968559
2016-11-21,-0.0014838130969453435
2016-11-22,0.002071609822217507
2016-11-23,0.0015668824057712577
2016-11-24,-0.0007220015886113561
2016-11-25,0.000731542864428778
2016-11-28,0.00030559985245056054
2016-11-29,0.001785934900148905
2016-11-30,0.00036812349166975616
2016-12-01,0.0
2016-12-02,0.0010874913589453753
2016-12-05,0.0016789343476086727
2016-12-06,-0.0025066800662985173
2016-12-07,0.0004110952678900592
2016-12-08,0.00021547279144352248
2016-12-09,0.002653036116217022
2016-12-12,0.00045937684168011346
2016-12-13,0.0008176188890933439
2016-12-14,0.00014719740658720247
2016-12-15,-0.0015062509743044691
2016-12-16,0.0011894546044206647
2016-12-19,-0.005940317289805127
2016-12-20,-0.0006680985361791746
2016-12-21,0.00014402882424836082
2016-12-22,-0.004072204960728347
2016-12-23,-0.001239556654005041
2016-12-26,-0.0013732442785794453
2016-12-27,4.989626112504751e-05
2016-12-28,0.0006207777261976066
2016-12-29,0.0007716493737757056
2016-12-30,-0.0019470776650865162
2017-01-02,-0.0009692482555211973
2017-01-03,0.0019415993984904008
2017-01-04,0.002391392591714221
2017-01-05,0.00011552184202495312
2017-01-06,-0.00054076979905399
2017-01-09,0.0007043428924709695
2017-01-10,0.0005259554319820984
2017-01-11,-0.0002495949539970716
2017-01-12,0.0026603787852439767
2017-01-13,0.0002851714413747761
2017-01-16,0.0003039991226060687
2017-01-17,-0.0005645190816464568
2017-01-18,0.001769732178617585
2017-01-19,-0.0004240616939743945
2017-01-20,0.003072718013328161
2017-01-23,-0.0019429174617371222
2017-01-24,-4.067221353489843e-05
2017-01-25,0.002174074590023681
2017-01-26,0.00016635320217618736
2017-01-27,-0.0010473745879776234
2017-01-30,0.0003465761257282999
2017-01-31,0.0005632195794012674
2017-02-01,0.0
2017-02-02,0.0008123248764756419
2017-02-03,0.0019554947435244997
2017-02-06,0.001990827707271618
2017-02-07,9.27633188420194e-05
2017-02-08,0.0007694980794486831
2017-02-09,-0.002402947622252316
2017-02-10,0.001391861502239611
2017-02-13,0.0014727943077914737
2017-02-14,-0.00020844876010234545
2017-02-15,0.0007180330095405017
2017-02-16,0.002514858597992568
2017-02-17,-0.002948653084916156
2017-02-20,-0.0001291048246477334
2017-02-21,0.0014939843679581274
2017-02-22,0.0019672688793064795
2017-02-23,0.0006219020886680771
2017-02-24,0.0013268927224110592
2017-02-27,-0.0007420656276992433
2017-02-28,0.0001328039633386609
2017-03-01,0.0
2017-03-02,-9.841795791051332e-05
2017-03-03,-0.002961594562722533
2017-03-06,-0.0033255077853091976
2017-03-07,-0.0003948267696307116
2017-03-08,0.00040975079792678076
2017-03-09,-0.00290384553660813
2017-03-10,-0.0028914891044998633
2017-03-13,-0.0017457451136220074
2017-03-14,0.00021990660617341373
2017-03-15,0.0008053867239894757
2017-03-16,0.002396124321298335
2017-03-17,-0.0042137403990953745
2017-03-20,0.003686502520658677
2017-03-21,0.0009313041696357858
2017-03-22,-0.003642608757628289
2017-03-23,0.0001243385186249551
2017-03-24,-0.0006396897850359653
2017-03-27,-0.001692088909027745
2017-03-28,-0.001095203893425512
2017-03-29,0.0015291654808398621
2017-03-30,0.0038412548445618954
2017-03-31,0.0008040434802227042
2017-04-03,0.0001775473812792828
2017-04-04,-0.0003335337389881301
2017-04-05,-0.0014501332276393383
2017-04-06,7.818424585784908e-05
2017-04-07,0.000535756641102148
2017-04-10,0.0003968973405523865
2017-04-11,0.0008328272718126791
2017-04-12,-0.00042260458822298517
2017-04-13,-0.0005536950652209821
2017-04-14,0.0026034460123454087
2017-04-17,0.0007047232919220755
2017-04-18,-0.0005697355781810035
2017-04-19,-0.0022383395059910817
2017-04-20,-0.0022392575806162007
2017-04-21,-0.0010362823373410652
2017-04-24,-0.0022136401390897595
2017-04-25,-0.00013619028959013178
2017-04-26,-0.005248774107160851
2017-04-27,-0.0025934806039165674
2017-04-28,0.002010938081323259
2017-05-01,0.0
2017-05-02,0.0022326412408450592
2017-05-03,-0.000874545188912487
2017-05-04,-0.003552310944242062
2017-05-05,-0.0040275022328169156
2017-05-08,0.0027396866070694462
2017-05-09,0.0017031238686832791
2017-05-10,0.00039615701170623224
2017-05-11,0.001260925197786899
2017-05-12,0.00044983337180818305
2017-05-15,-0.0013037242868648754
2017-05-16,-0.00028471914610678646
2017-05-17,-0.00293740730844796
2017-05-18,-8.388357987438195e-05
2017-05-19,-0.0006348056827901781
2017-05-22,-0.0002574956903144729
2017-05-23,0.0016117620535486407
2017-05-24,0.0013119833539794506
2017-05-25,0.00011072434533356007
2017-05-26,-0.001880464216866333
2017-05-29,0.0015114128486735613
2017-05-30,0.0012155886119406872
2017-05-31,-0.00012766350190927787
2017-06-01,0.0
2017-06-02,-0.0011275513351281074
2017-06-05,1.3766224654865149e-05
2017-06-06,0.0021292716849571048
2017-06-07,0.001089375528319566
2017-06-08,0.0011408962064608208
2017-06-09,0.002306642543632542
2017-06-12,-3.741231984436173e-05
2017-06-13,0.0016200667632250403
2017-06-14,-0.0007180054776171451
2017-06-15,0.002842860509499286
2017-06-16,0.00013058781640243105
2017-06-19,0.0009560424767701395
2017-06-20,-0.00028211955563746133
2017-06-21,-0.000311944627758809
2017-06-22,-0.0013054593338692301
2017-06-23,0.0011249641520390615
2017-06-26,0.00016428089743061695
2017-06-27,0.0003724349267603935
2017-06-28,-0.005446696866797211
2017-06-29,-0.00033272892397267324
2017-06-30,-0.0009359189804197183
2017-07-03,0.0017235850271161202
2017-07-04,0.0009464745326223528
2017-07-05,-4.670141600624295e-05
2017-07-06,-0.0016179649952613206
2017-07-07,-0.002448698145595057
2017-07-10,0.0009755075098082989
2017-07-12,-0.0004423336772267305
2017-07-13,0.0028679311448213916
2017-07-14,0.0029971357618422084
2017-07-17,0.0014892835015852684
2017-07-18,-0.002259554384052299
2017-07-19,0.0036031093444061878
2017-07-20,0.0022539712591147566
2017-07-21,-0.002938693003198169
2017-07-24,-0.0007673054585238387
2017-07-25,0.0008899008849125923
2017-07-26,0.0012926779066518347
2017-07-27,0.0033535311209525517
2017-07-28,0.0013561556727457423
2017-07-31,-0.0006728074371113758
2017-08-01,0.0
2017-08-02,-0.0030316132618845608
2017-08-03,0.00026768401432591667
2017-08-04,-7.489563458327862e-05
2017-08-07,0.0009804862408128508
2017-08-08,-0.0010517319699150584
2017-08-09,-0.0006742320859521526
2017-08-10,-0.001002080246356029
2017-08-11,-0.003591608520110167
2017-08-14,0.0013355014529025622
2017-08-15,0.00020942996195371928
2017-08-16,-0.00231378472633202
2017-08-17,0.003234420348015536
2017-08-18,-0.0013747832214579196
2017-08-21,0.0024166747187373888
2017-08-22,-0.001169391257363542
2017-08-23,0.0006286802273422828
2017-08-24,-0.002412846813926176
2017-08-25,0.00010348789916815755
2017-08-28,-0.0021582763652466287
2017-08-29,-0.0013179189308218403
2017-08-30,0.001176811084252398
2017-08-31,-0.0001550357451601289
2017-09-01,0.0
2017-09-04,0.0011072917194709375
2017-09-05,-0.0019072402278993796
2017-09-06,0.0030414722330803037
2017-09-07,-0.0011169708841090584
2017-09-08,-4.4197799891491006e-05
2017-09-11,-0.0003857215536364198
2017-09-12,0.001595580922980085
2017-09-13,0.00025585263512108646
2017-09-14,0.0006592031709483638
2017-09-15,-0.0015623853023222591
2017-09-18,0.0009778411068429767
2017-09-19,-0.000877763333114049
2017-09-20,0.002061677574399623
2017-09-21,0.003943050891499637
2017-09-22,-0.003339404220856194
2017-09-25,0.0009560562122580645
2017-09-26,0.00026085590064373065
2017-09-27,-0.0011537154687314053
2017-09-28,1.813693924407364e-05
2017-09-29,-0.0010150263201963068
2017-10-02,-0.0007181844270972173
2017-10-03,0.0007608528975051995
2017-10-04,-0.0010198590988175743
2017-10-05,0.00031631264077264503
2017-10-06,-0.0015034436086465864
2017-10-09,-0.0018165825247763974
2017-10-10,0.00016883113091703807
2017-10-11,-0.0015118450615699986
2017-10-12,0.0002011589260514765
2017-10-13,0.003918995243482069
2017-10-16,0.0027983323480510127
2017-10-17,-0.0007509924097735145
2017-10-18,0.0010126667960675803
2017-10-19,-0.0011569660084802507
2017-10-20,-0.003392926159333599
2017-10-23,-0.0008817584925153877
2017-10-24,0.0011391545794226547
2017-10-25,-0.0012336929698387334
2017-10-26,-0.003165841746487556
2017-10-27,0.001322964052591249
2017-10-30,0.001775962747111321
2017-10-31,-0.0001916379622864739
2017-11-01,0.0
2017-11-02,0.0019903447874497085
2017-11-03,0.0010965027496895358
2017-11-06,0.000746491169115445
2017-11-07,0.0012202631843650819
2017-11-08,-0.0020728262089507875
2017-11-09,0.002409781485571753
2017-11-10,-0.0013576243403429552
2017-11-13,-0.0014703859472665946
2017-11-14,-0.0014379279481953572
2017-11-15,-0.0026734037776754388
2017-11-17,-0.0009732785494184176
2017-11-20,-0.0012860834501909296
2017-11-21,0.0009749843497696921
2017-11-22,0.0007567949918335132
2017-11-23,-0.0020590431721754193
2017-11-24,-0.000985375117369121
2017-11-27,-0.002143713846329827
2017-11-28,0.0010932072663414564
2017-11-29,0.0011229787078107182
2017-11-30,-0.001254381721840092
2017-12-01,0.0
2017-12-04,0.0037455486520940042
2017-12-05,0.002193378079270141
2017-12-06,-0.00014415888235246586
2017-12-07,5.2376994175844637e-05
2017-12-08,-0.0007619982255982583
2017-12-11,-0.00045137799927309384
2017-12-12,0.002625875874220796
2017-12-13,2.1074835214640635e-06
2017-12-14,0.0019841109260389967
2017-12-15,0.0022423073484221135
2017-12-18,0.0009183494297416429
2017-12-19,-0.0023741969542917987
2017-12-20,-0.002421999666290041
2017-12-21,0.001632579667979869
2017-12-22,0.0024608141528148766
2017-12-25,-0.00046535156270252696
2017-12-26,0.00019780995939240045
2017-12-27,0.001462494248166791
2017-12-28,-0.0005524866019681337
2017-12-29,-3.6869097209004994e-05
2018-01-01,0.0
2018-01-02,-0.00017502585865969433
2018-01-03,-3.221848037843218e-05
2018-01-04,0.0013065074111706467
2018-01-05,0.0008269561256190974
2018-01-08,0.002436976836358055
2018-01-09,0.0021012198838417464
2018-01-10,5.989453268336491e-05
2018-01-11,-0.0007933630366628679
2018-01-12,-0.0006481713516551618
2018-01-15,-0.004044256337957741
2018-01-16,0.00025530764208055607
2018-01-17,-0.000740975532301606
2018-01-18,0.002543251377881102
2018-01-19,-0.0008506820283756268
2018-01-22,-0.0008709000481397593
2018-01-23,0.0014276881622143167
2018-01-24,-0.0007460852351168966
2018-01-25,-0.0030524952555894083
2018-01-26,-0.002184898570566529
2018-01-29,0.0007684513511916527
2018-01-30,-1.0876744413819983e-05
2018-01-31,-0.0003039955346000324
2018-02-01,0.0
2018-02-02,-0.0021762015837807234
2018-02-05,-0.0045929812949447564
2018-02-06,0.0003101513459816056
2018-02-07,0.002387055954829401
2018-02-08,0.000705898842092463
2018-02-09,-0.0016811996067660003
2018-02-12,0.001874116728650743
2018-02-13,-0.0002459093971773241
2018-02-14,-0.0014477677023837954
2018-02-15,0.0003234867087511268
2018-02-16,-0.0008438034281831395
2018-02-19,0.0010971229958956234
2018-02-20,0.00041684131895472655
2018-02-21,0.0022325214623825193
2018-02-22,-0.0013524341152114166
2018-02-23,-0.0006725076997645757
2018-02-26,0.0022823458749108034
2018-02-27,-0.0005770231031206035
2018-02-28,-0.0007749353343059558
2018-03-01,0.0
2018-03-02,-0.0012809250904321852
2018-03-05,-0.002914435822127098
2018-03-06,-0.0006316795141230162
2018-03-07,-0.000227453955992383
2018-03-08,0.0029697489092373294
2018-03-09,0.002497631376470338
2018-03-12,0.003107327736998161
2018-03-13,-0.0014667188376985903
2018-03-14,-0.00302450334965859
2018-03-15,5.339545091489288e-05
2018-03-16,-0.002045974582092027
2018-03-19,-0.0021650575783592734
2018-03-20,-0.0012883780102679672
2018-03-21,0.0013688264928952898
2018-03-22,0.002126772764482903
2018-03-23,-0.0014539085502852634
2018-03-26,0.0012803696726350826
2018-03-27,5.598694396965291e-05
2018-03-28,-0.0007873808018684814
2018-03-29,0.003311426805622928
2018-03-30,0.001409183098533534
2018-04-02,-0.0004151514694573149
2018-04-03,-0.00044375391909984904
2018-04-04,0.0041842869164359945
2018-04-05,0.003020486326543201
2018-04-06,-0.0011231288241793339
2018-04-09,-0.0008219595852664172
2018-04-10,0.000261042178856542
2018-04-11,0.0025871003478476055
2018-04-12,0.0009759910163863585
2018-04-13,0.002886629447026254
2018-04-16,0.0009436404728547725
2018-04-17,-0.0016039302119929234
2018-04-18,0.0005591915383445625
2018-04-19,-0.0005042819600368107
2018-04-20,-0.002248330055603289
2018-04-23,-0.0012886989009105883
2018-04-24,-0.0008890996455175384
2018-04-25,-0.0009322590511143502
2018-04-26,0.0007068014725151667
2018-04-27,0.002887528778132747
2018-04-30,0.001244385261424187
2018-05-01,0.0
2018-05-02,0.0020526474211613422
2018-05-03,0.0018963328837846717
2018-05-04,-0.0004316017173777386
2018-05-07,0.0005600741536098091
2018-05-08,0.00041838657019190116
2018-05-09,-0.0031605009017034486
2018-05-10,-0.00027132612391500945
2018-05-11,0.0007834948796014386
2018-05-14,-0.0016123575034471852
2018-05-15,-0.0005904426149404415
2018-05-16,-0.0006960700826569705
2018-05-17,0.003226213419642535
2018-05-18,-9.385578400067764e-05
2018-05-21,0.0008367914050530092
2018-05-22,0.001413778206534725
2018-05-23,-0.0014560485667813724
2018-05-24,0.0019837759184028704
2018-05-25,-0.0008526093442989676
2018-05-28,-0.0016277502969551513
2018-05-29,0.0029073658711508093
2018-05-30,0.0004518174313591694
2018-05-31,0.0009692452393333338
2018-06-01,0.0
2018-06-04,0.0005080738542227144
2018-06-05,0.0017627805435930476
2018-06-06,-0.002065747529251366
2018-06-07,0.00022327727036988357
2018-06-08,-0.0033772702592952154
2018-06-11,0.0009655177730170161
2018-06-12,-0.0007496755854293711
2018-06-13,-0.001327384995768523
2018-06-14,-0.000796797230654524
2018-06-15,0.0025669662464373614
2018-06-18,-0.0014088517356225275
2018-06-19,-0.0018360994251810127
2018-06-20,0.000215092961484629
2018-06-21,-0.0012696563199300107
2018-06-22,-0.0008559872267435281
2018-06-25,0.0009814176549711043
2018-06-26,-0.0025006482919140926
2018-06-27,0.000668637011656172
2018-06-28,0.0011411680780762067
2018-06-29,0.001412233537171409
2018-07-02,-0.001219329495936274
2018-07-03,-0.0021789879341139093
2018-07-04,-0.00032679000581202966
2018-07-05,-0.0006410055473298112
2018-07-06,0.000475025508690006
2018-07-09,0.00023287505633774278
2018-07-10,0.0012770232811149622
2018-07-11,-0.0011281402589223184
2018-07-12,-0.0009211948663267743
2018-07-13,0.004383007071545311
2018-07-16,0.00034585952460418806
2018-07-17,-0.0020487384483789672
2018-07-18,-0.00013212204174697914
2018-07-19,0.0016959657125256988
2018-07-20,-0.0024730396381668716
2018-07-23,0.0016604783187543863
2018-07-24,-0.001369328236025415
2018-07-25,0.0012753461693893
2018-07-26,0.0006691470616505825
2018-07-27,-0.0004903066967885951
2018-07-30,0.0010478556168502886
2018-07-31,-0.0018990728033993765
2018-08-01,0.0
2018-08-02,0.0006468626186247408
2018-08-03,0.0006424233451966601
2018-08-06,0.0019741685941395775
2018-08-07,0.00027809606404600426
2018-08-08,-0.0009831598575884663
2018-08-09,-0.00013526361780270499
2018-08-10,-0.001293209371496343
2018-08-13,0.00072771066844678
2018-08-14,-0.0011058913235650625
2018-08-15,0.0015407051198670259
2018-08-16,-0.0003265229255384668
2018-08-17,0.0010279308602001332
2018-08-20,0.0014214852531675695
2018-08-21,-0.00035307093618378135
2018-08-22,-0.0010509244257137424
2018-08-23,-0.0011592692176394166
2018-08-24,-0.0024802859046767966
2018-08-27,0.002515408553329295
2018-08-28,-0.00037652068918582113
2018-08-29,0.0007507713351490299
2018-08-30,-0.001716941389878445
2018-08-31,-0.0036008127102980614
2018-09-03,-0.0019251632806981844
2018-09-04,-0.001218504874342764
2018-09-05,-0.001986622827907004
2018-09-06,-0.0002791659207235874
2018-09-07,0.00021993748716763416
2018-09-10,-0.002708254883553668
2018-09-11,0.0002593962416233094
2018-09-12,0.0007073670383516791
2018-09-13,0.0011392110354926472
2018-09-14,-0.0013904607094367412
2018-09-17,0.0005582668176594979
2018-09-18,-0.0032178454151891482
2018-09-19,0.0033430642707144302
2018-09-20,0.0029847728566211786
2018-09-21,-0.0029719124454801083
2018-09-24,0.00030113140744544896
2018-09-25,-0.0007147590618652348
2018-09-26,0.00024170559773191018
2018-09-27,-0.00037606699464121974
2018-09-28,0.0023187193693596144
2018-10-01,0.0
2018-10-02,0.0017966261757966359
2018-10-03,0.0003064614751668805
2018-10-04,-0.0016394411057143875
2018-10-05,-0.002158288714136652
2018-10-08,-0.0019072886204382314
2018-10-09,0.0015484726079455632
2018-10-10,0.002051972295214749
2018-10-11,-0.0035467101585599935
2018-10-12,9.922446442555696e-05
2018-10-15,-0.0003193314437919313
2018-10-16,0.001401661751076546
2018-10-17,0.0011759388374755154
2018-10-18,0.00016195353939349862
2018-10-19,0.0010071022453786197
2018-10-22,-0.00014789941514221076
2018-10-23,-0.0010220360473685813
2018-10-24,0.0007978960038286559
2018-10-25,0.0017627427527347045
2018-10-26,0.0014907904715124728
2018-10-29,-0.00026061922822836646
2018-10-30,0.00019066749040898208
2018-10-31,0.003232892532727455
2018-11-01,0.0
2018-11-02,0.002616206607831485
2018-11-05,-0.0001705305135584884
2018-11-06,0.0008393934111201097
2018-11-07,0.0015381574128529643
2018-11-08,0.0016596990293273385
2018-11-09,0.0002747889366001993
2018-11-12,-0.00016762843410398148
2018-11-13,0.001161483541593239
2018-11-14,-0.00096653796072626
2018-11-15,0.0012175520991752399
2018-11-16,0.002236183730794137
2018-11-19,-0.0013035311990189497
2018-11-20,-0.0030754809508289106
2018-11-21,-0.0013479231711253032
2018-11-22,0.001473461452715676
2018-11-23,-0.0002744344770692574
2018-11-26,0.0007230034968694585
2018-11-27,-0.00026852362820124645
2018-11-28,0.0009409993339754804
2018-11-29,0.0005779177611146605
2018-11-30,0.0011303423427588518
2018-12-03,0.0037254805456213656
2018-12-04,-0.00043779440183849854
2018-12-05,-0.0004008040897702794
2018-12-06,-0.005179018896560713
2018-12-07,-0.002198069153643678
2018-12-10,-0.0011173402933639667
2018-12-11,0.0015226531010871973
2018-12-12,0.0021826377201717424
2018-12-13,-0.0008551577701776024
2018-12-14,-0.00019793383708534772
2018-12-17,-0.0015862267255053468
2018-12-18,-0.0013274099245238298
2018-12-19,0.0004018634168933181
2018-12-20,-0.0030776058671166213
2018-12-21,-0.004655475767419888
2018-12-24,-0.0003512710632942082
2018-12-25,-0.0012515484236725698
2018-12-26,3.279767441172172e-05
2018-12-27,0.003975596599202065
2018-12-28,-0.006093000226563505
2018-12-31,-0.0009001321151180058
2019-01-01,0.0
2019-01-02,-0.002263251876449878
2019-01-03,0.0014472217978170525
2019-01-04,0.0033734228455631534
2019-01-07,0.004172758548809017
2019-01-08,-0.0015544299753873488
2019-01-09,0.001683572314547874
2019-01-10,-0.0014169131329308511
2019-01-11,0.00279246472366479
2019-01-14,0.0024888825732096546
2019-01-15,-0.0006261321560922687
2019-01-16,0.0026450298759086825
2019-01-17,-0.0007593919134774756
2019-01-18,0.0010784187752845115
2019-01-21,-0.00017851854871209075
2019-01-22,-0.0005479552745364922
2019-01-23,-0.0008590717948256188
2019-01-24,0.0009447950482850421
2019-01-25,8.985058826701284e-05
2019-01-28,0.0032066205696881797
2019-01-29,-0.0011314263413869268
2019-01-30,0.00015817365691400828
2019-01-31,0.004271927483778786
2019-02-01,0.0
2019-02-04,-5.356896412756041e-05
2019-02-05,0.00013990585449258263
2019-02-06,0.001987628704603301
2019-02-07,-0.004689020429284802
2019-02-08,-0.0005132862862950087
2019-02-11,0.0008800562410222006
2019-02-12,0.0002954674263854753
2019-02-13,0.0006469750838406867
2019-02-14,0.0027268039617219047
2019-02-15,-0.00020763030806064797
2019-02-18,0.0021067872507596883
2019-02-19,-0.0009762010472017348
2019-02-20,0.001826845110965387
2019-02-21,-0.00027408811692987976
2019-02-22,-0.0018447819863150478
2019-02-25,0.0028261201415415056
2019-02-26,-0.0004788719599864721
2019-02-27,7.74093939321549e-05
2019-02-28,-0.0017191865699604895
2019-03-01,0.0
2019-03-04,-0.0010274165861700608
2019-03-05,0.0017689852890227873
2019-03-06,-0.000404062521902893
2019-03-07,-0.003486004203597922
2019-03-08,0.005275657149188687
2019-03-11,0.0002890560599329382
2019-03-12,0.0009231127966437912
2019-03-13,-0.00021699265882300516
2019-03-14,-0.001113274139503925
2019-03-15,-0.0007762383907251967
2019-03-18,-0.0011121413247223715
2019-03-19,-0.00014639069284229887
2019-03-20,-0.0009245248654556897
2019-03-21,-0.0005901063116163053
2019-03-22,-0.000725023542094102
2019-03-25,0.0018463987419929564
2019-03-26,0.0010038166642899464
2019-03-27,0.0013880762094666999
2019-03-28,-0.0030413662887277355
2019-03-29,-7.611637150295976e-06
2019-04-01,0.0
2019-04-02,0.0007037142923812246
2019-04-03,-0.0019457587670744883
2019-04-04,0.0004544707408726347
2019-04-05,-3.440564477575718e-05
2019-04-08,-0.0005784504092519459
2019-04-09,0.0002516015119427099
2019-04-10,-7.416585923597467e-06
2019-04-11,0.0018796581353610897
2019-04-12,-0.0020509591216259777
2019-04-15,0.0017490893890292623
2019-04-16,-4.434074251131544e-05
2019-04-17,-0.0007204605211292569
2019-04-18,0.0008349875268378143
2019-04-19,0.0009230754968367987
2019-04-22,-0.00014117601979706418
2019-04-23,-5.7145146335563156e-05
2019-04-24,-0.0003729964586936622
2019-04-25,-0.0018126330772059067
2019-04-26,0.0032186454002573377
2019-04-29,0.0011056823006760825
2019-04-30,-6.673041688664193e-05
2019-05-01,0.0
2019-05-02,-0.0014420901814731263
2019-05-03,0.00035502438599482346
2019-05-06,-0.001532551074276361
2019-05-07,0.0005625029497153584
2019-05-08,0.0009240894954679561
2019-05-09,-0.0002536193547506427
2019-05-10,-0.00047767099575770776
2019-05-13,-0.0012004003312314265
2019-05-14,-0.0022046655965437217
2019-05-15,0.0004932354756224798
2019-05-16,-0.00038760462357673685
2019-05-17,-0.0003205111707593611
2019-05-20,0.0005024342287824653
2019-05-21,0.0009642028548454734
2019-05-23,-0.002460762092095804
2019-05-24,-0.0009702806774255366
2019-05-27,0.0002594661924189321
2019-05-28,0.0008667933010595377
2019-05-29,0.000406477387659582
2019-05-30,-0.0010630212919915815
2019-05-31,-0.0009765987582226886
2019-06-03,-0.0013294975674234607
2019-06-04,0.0004729171524844062
2019-06-05,0.001365830325594742
2019-06-06,0.0002662335438561803
2019-06-07,-0.0006780231313574035
2019-06-10,0.0014465649527226924
2019-06-11,-0.0017713227327582875
2019-06-12,-2.1769001692009835e-05
2019-06-13,-0.00020883596409825182
2019-06-14,-0.0005786290127827601
2019-06-17,-0.0014043544490923963
2019-06-18,-0.0008683840043464741
2019-06-19,0.0037791991212038478
2019-06-20,-0.0008474804020502629
2019-06-21,-0.0012815110140887314
2019-06-24,-0.002755816895550884
2019-06-25,-0.0004909380006747594
2019-06-26,0.0013013266421673967
2019-06-27,0.002486892909181464
2019-06-28,0.0013874020561995574
2019-07-01,0.0
2019-07-02,0.0005464327146604821
2019-07-03,0.00047922952872471794
2019-07-04,0.0017749629590504215
2019-07-05,-0.0002239956887785677
2019-07-08,0.0011682227536366483
2019-07-09,0.0005103588994244483
2019-07-10,-0.0018402050416700597
2019-07-11,-9.786197566983749e-05
2019-07-12,0.0008449970665592895
2019-07-15,0.000718579113795173
2019-07-16,0.000953437573056695
2019-07-17,0.0005161313828055577
2019-07-18,0.00013312291378865879
2019-07-19,0.0007831202076189655
2019-07-22,0.0007329075646113614
2019-07-23,-0.001044213903767615
2019-07-24,0.0003944692573048699
2019-07-25,-0.0012713553536520456
2019-07-26,-0.0003585241423115239
2019-07-29,-0.00018297980467035893
2019-07-30,-0.0010065162928128064
2019-07-31,0.00022419226649080345
2019-08-01,0.0
2019-08-02,-0.0017202529970685976
2019-08-05,-0.0032416837421815337
2019-08-06,-0.0041165758947267475
2019-08-07,0.00016885756545215178
2019-08-08,-0.0025249103145267107
2019-08-09,0.0019961910806371255
2019-08-12,-0.0011186884299224469
2019-08-13,-0.001491324768527665
2019-08-14,0.0029048629784333793
2019-08-15,-0.0022958823632091008
2019-08-16,0.0002532434207364598
2019-08-19,0.002061484399231243
2019-08-20,-9.777618931846213e-05
2019-08-21,-0.0005055594252324305
2019-08-22,0.000813319841277101
2019-08-23,9.216373691765353e-05
2019-08-26,-0.004543145765391998
2019-08-27,0.0035436270411414537
2019-08-28,-0.0005708265915867112
2019-08-29,-0.0005185528973210747
2019-08-30,0.000903477920238982
2019-09-02,0.0011762709759176153
2019-09-03,0.0007717891744156827
2019-09-04,3.923701404470958e-05
2019-09-05,-6.700016006062207e-05
2019-09-06,0.0008794837136403947
2019-09-09,0.0025281934302177553
2019-09-10,0.001737529746944866
2019-09-11,-0.00022801890380281384
2019-09-12,0.0003955153657401478
2019-09-13,-0.0030939220356854327
2019-09-16,-0.0011045690596097498
2019-09-17,0.0012239328907885118
2019-09-18,0.0002338047134048322
2019-09-19,0.00018574437594732804
2019-09-20,-0.0021639518297576184
2019-09-23,-0.002131866758556466
2019-09-24,0.00158825940421878
2019-09-25,-0.00019832541042070354
2019-09-26,0.0010691865479397233
2019-09-27,0.0010927936594385885
2019-09-30,-9.806785050791641e-06
2019-10-01,0.0
2019-10-02,-0.0014244092618318491
2019-10-03,-0.0005569203293750988
2019-10-04,0.0008908895823549479
2019-10-07,2.7283747405534072e-05
2019-10-08,0.0002569201613807545
2019-10-09,-0.00021359716994171852
2019-10-10,-0.0009196552585072346
2019-10-11,0.0010086519340078797
2019-10-14,0.0014197092385027459
2019-10-15,-0.0012158390589253236
2019-10-16,-0.0005091848038631013
2019-10-17,-0.002833329402296025
2019-10-18,-0.0005872069060466334
2019-10-21,-0.00035460116341521714
2019-10-22,0.0016616498624328904
2019-10-23,0.0006891813749308844
2019-10-24,0.0009842967182701614
2019-10-25,-0.00031615337573936975
2019-10-28,-0.0003037866559805756
2019-10-29,-6.661997237579931e-05
2019-10-30,-0.0010429619153168495
2019-10-31,-0.0008674328949596446
2019-11-01,0.0
2019-11-04,0.0009566728676492906
2019-11-05,0.00020277638632461233
2019-11-06,0.0007962501065756673
2019-11-07,-0.0010367547875270772
2019-11-08,0.002248713335440165
2019-11-11,-2.14447647776908e-05
2019-11-12,-0.00013128164016013532
2019-11-13,-0.0007651307129283353
2019-11-14,0.0012809349828663134
2019-11-15,-0.001574741103773726
2019-11-18,0.0010653071986523083
2019-11-19,-0.0004638870635213376
2019-11-20,-0.00017912803221365427
2019-11-21,-0.0008359068736577784
2019-11-22,0.00031966763860391035
2019-11-25,0.00119893719236735
2019-11-26,-0.00011732659947548461
2019-11-27,0.0001077592957832852
2019-11-28,-0.00021472324076527403
2019-11-29,-0.0002968373182176554
2019-12-02,6.463328234736772e-05
2019-12-03,-0.0006282128857219007
2019-12-04,-0.0007183946337904007
2019-12-05,0.002353951927809314
2019-12-06,-0.00027710511642405435
2019-12-09,0.0011626725905563948
2019-12-10,-0.0004098287537215667
2019-12-11,-0.0021556577115141203
2019-12-12,-4.61753578686156e-06
2019-12-13,0.0014988673655982338
2019-12-16,0.0006364744767361311
2019-12-17,-7.038229273669517e-06
2019-12-18,-0.0013680529930481513
2019-12-19,0.00261303520809562
2019-12-20,0.0007852443840509583
2019-12-23,0.0008807473028984816
2019-12-24,0.001078985189431522
2019-12-25,0.0002793334256288776
2019-12-26,-8.894246472864282e-05
2019-12-27,0.0022283231731489725
2019-12-30,-0.0012265114139841655
2019-12-31,-0.0001241463808600934
2020-01-01,0.0
2020-01-02,-0.005900846206333916
2020-01-03,0.0003623349724051316
2020-01-06,-0.0008955174619937222
2020-01-07,0.00033342969534223545
2020-01-08,-0.0008338059573275605
2020-01-09,0.0011306954253120706
2020-01-10,-0.0010601219173340373
2020-01-13,0.0006992899223955885
2020-01-14,-0.0014116587205312355
2020-01-15,-0.00083856528604593
2020-01-16,-5.608912004883005e-05
2020-01-17,0.0008639756260007048
2020-01-20,0.0006151560619477967
2020-01-21,-0.00032641467573349224
2020-01-22,-0.0015031109430432362
2020-01-23,-0.0013855367768738712
2020-01-24,0.001889702990489121
2020-01-27,-0.0013294003354626085
2020-01-28,-0.0016220066685934194
2020-01-29,0.0009829530544571807
2020-01-30,-0.001353334270342832
2020-01-31,-0.0020971313393243094
2020-02-03,-0.0033984937077463657
2020-02-04,-0.0009456022956102499
2020-02-05,0.0021347176638777557
2020-02-06,0.001128668430954085
2020-02-07,0.0004694416198179695
2020-02-10,-0.0017850686116009941
2020-02-11,0.000502538167036047
2020-02-12,0.0007485345957329287
2020-02-13,0.0027505398489275894
2020-02-14,0.0008604105990911792
2020-02-17,0.0017782714878687973
2020-02-18,-0.0008650682292890396
2020-02-19,8.012155599475599e-05
2020-02-20,0.0013001679228724808
2020-02-21,-0.0019853677224153667
2020-02-24,-0.0030433445293965686
2020-02-25,-0.0004259044751514337
2020-02-26,-0.0019803474394726383
2020-02-27,-0.002162579337795328
2020-02-28,-0.0038091150608157535
2020-03-02,-0.005269848041871768
2020-03-03,0.0005368313899025888
2020-03-04,-0.002795929641982738
2020-03-05,0.002208829563926188
2020-03-06,-0.003996603772259929
2020-03-09,-0.012484296092459508
2020-03-10,0.00023280438624088522
2020-03-11,-6.090667498293007e-05
2020-03-12,-0.000934127774045464
2020-03-13,-0.00712625198595318
2020-03-16,-0.000578241592471736
2020-03-17,-0.0033026424858092853
2020-03-18,-0.0010119749856557498
2020-03-19,-0.007592169206152835
2020-03-20,-0.003974469747085226
2020-03-23,-0.0027007549603187218
2020-03-24,0.003169870037773673
2020-03-25,0.005686062221983442
2020-03-26,0.0042411980351388014
2020-03-27,0.004853138656263431
2020-03-30,-0.0029566850314507636
2020-03-31,0.0015443021936196366
2020-04-01,0.0
2020-04-02,0.002164250561638056
2020-04-03,0.004890576876725236
2020-04-06,-0.0035714804732111267
2020-04-07,0.006013978259664958
2020-04-08,0.00014324253787053974
2020-04-09,0.003434490289172169
2020-04-10,-0.0011607861990390986
2020-04-13,-0.0010303457826119
2020-04-14,0.002177254674855752
2020-04-15,-0.0035378509657321617
2020-04-16,-0.005190097816041417
2020-04-17,0.004239885488519268
2020-04-20,0.0002600334916476861
2020-04-21,-0.0010360389966466816
2020-04-22,-0.0037515166818186596
2020-04-23,-0.0025748410590323585
2020-04-24,0.006399660301580723
2020-04-27,-0.0016446179717292595
2020-04-28,0.0030328166135429584
2020-04-29,0.0007759813478030342
2020-04-30,0.003515530851732644
2020-05-01,0.0
2020-05-04,-0.006274628988930634
2020-05-05,0.003813764241297175
2020-05-06,0.0032775997642271377
2020-05-07,-0.001407297614114371
2020-05-08,0.0036956012767373025
2020-05-11,0.0013596418828202943
2020-05-12,-0.001753232910106066
2020-05-13,-0.001633800813571163
2020-05-14,-0.0006102696942919249
2020-05-15,0.0014711858560749293
2020-05-18,-0.003520731519841714
2020-05-19,0.0040577922041644225
2020-05-20,0.0014732814454691094
2020-05-21,-0.0003160663555002521
2020-05-22,0.00023396296424122915
2020-05-25,-0.00034857578889849075
2020-05-26,-0.0003978193555318002
2020-05-27,0.004305583874028528
2020-05-28,0.0002144122729240613
2020-05-29,-0.0015676863088091469
2020-06-01,0.0
2020-06-02,0.004771710686294018
2020-06-03,0.004260051862697013
2020-06-04,0.0009164844595211766
2020-06-05,-0.0009787436963518124
2020-06-08,0.005404139661596141
2020-06-09,0.00155758515509306
2020-06-10,-0.003853922587212602
2020-06-11,-0.0026038166807257706
2020-06-12,-0.005948640848384385
2020-06-15,0.00035241566644393315
2020-06-16,0.0037774111234952414
2020-06-17,0.0006865557734857909
2020-06-18,-0.001089231760107
2020-06-19,0.0004235871043394117
2020-06-22,-0.0025736321674593526
2020-06-23,0.0017982832503967898
2020-06-24,-0.000763883424089783
2020-06-25,-0.00350161218559695
2020-06-26,0.0006211914516723327
2020-06-29,-0.002188810378207783
2020-06-30,0.0006201649947166591
2020-07-01,0.0
2020-07-02,0.0030558322740646374
2020-07-03,0.000862100098975579
2020-07-06,0.001601446331724947
2020-07-07,-0.000605633230824061
2020-07-08,-0.00036530936394746664
2020-07-09,0.00025553654470081896
2020-07-10,0.00046204877485422576
2020-07-13,-6.758990173238458e-06
2020-07-14,-0.0026694091139533977
2020-07-15,-0.0011711915917416561
2020-07-16,0.002909507504694983
2020-07-17,-0.0011258289024987224
2020-07-20,-0.0014811934808975943
2020-07-21,0.001350100376679557
2020-07-22,0.0007855469815710504
2020-07-23,-0.0018697480404966506
2020-07-24,-0.0029014460765595506
2020-07-27,8.952033673163061e-05
2020-07-28,-0.00021228733794572652
2020-07-29,0.0004761178333992891
2020-07-30,-0.0006111731332950653
2020-07-31,-0.0004485252268060175
2020-08-03,0.0021134220792056084
2020-08-04,-0.0011363622606378482
2020-08-05,0.0007746615490170989
2020-08-06,0.0002604363418211185
2020-08-07,0.0006493530174934685
2020-08-10,-0.001431959148835558
2020-08-11,0.0021684524175409315
2020-08-12,0.00048526180726110406
2020-08-13,-0.0008938202605820838
2020-08-14,9.919264685648419e-06
2020-08-17,-0.0014007619832093403
2020-08-18,0.0007360593715097582
2020-08-19,0.00010035533951542876
2020-08-20,0.0013704486668070577
2020-08-21,-0.0019680268940867624
2020-08-24,0.0014505289235020574
2020-08-25,-0.00018248036614704376
2020-08-26,1.632493080363292e-06
2020-08-27,0.0033770024156424623
2020-08-28,0.00038815106820011335
2020-08-31,0.001133939970217007
2020-09-01,0.0
2020-09-02,0.0019215223983136947
2020-09-03,0.0004230944109134529
2020-09-04,-0.004412761003347173
2020-09-07,0.0022640735296184642
2020-09-08,0.0001762707053363865
2020-09-09,-0.0055297928182495674
2020-09-10,0.0022013389568313227
2020-09-11,-0.0024536927274914923
2020-09-14,0.0014385550968539665
2020-09-15,-0.000355928805775777
2020-09-16,0.000983561511681856
2020-09-17,0.0016893848397227964
2020-09-18,-0.00034867857341894394
2020-09-21,-0.0013902429409311072
2020-09-22,-0.003618979409124267
2020-09-23,0.0010223756398787334
2020-09-24,-0.002768870646290862
2020-09-25,0.002760098114419711
2020-09-28,-0.00036482261576974785
2020-09-29,-0.0006783459203108999
2020-09-30,-0.001320140281709969
2020-10-01,0.0
2020-10-02,0.00018377650056743133
2020-10-05,0.00033090121819261137
2020-10-06,0.000591826418468689
2020-10-07,-0.002826446423575023
2020-10-08,-0.00039469226727900186
2020-10-09,0.001461652505340624
2020-10-12,0.0018009449062739017
2020-10-13,-0.0002969214121919852
2020-10-14,0.0006420366685962877
2020-10-15,-0.0007110298292615362
2020-10-16,-0.0022696064040962126
2020-10-19,0.0007830899242691619
2020-10-20,-0.0028758531823153085
2020-10-21,-0.0014760659800337609
2020-10-22,0.0014716026956220621
2020-10-23,0.0018530437090855342
2020-10-26,-0.0010681807253754884
2020-10-27,0.00021304456146267292
2020-10-28,0.0020416500928991436
2020-10-29,-0.0028256178095047205
2020-10-30,-0.00031171403046181356
2020-11-02,-0.0014490593109002853
2020-11-03,0.003081930820394017
2020-11-04,0.0024073162565199963
2020-11-05,-0.00013684248008936987
2020-11-06,0.00043345825858645955
2020-11-09,-0.0008452587723707803
2020-11-10,0.005940908148436281
2020-11-11,0.0007128787870869552
2020-11-12,0.0014405146743952234
2020-11-13,-0.00483490594239402
2020-11-16,0.0011678861206586143
2020-11-17,0.001675903940228387
2020-11-18,-0.001124647215398923
2020-11-19,0.0018765326477190262
2020-11-20,-0.000820903858493247
2020-11-23,0.0015570150969672941
2020-11-24,0.0002682946589230798
2020-11-25,0.00156293214012818
2020-11-26,0.00023279898748486354
2020-11-27,-0.0007711908727429897
2020-11-30,0.0006005730020927767
2020-12-01,0.0
2020-12-02,-0.0017482956148493827
2020-12-03,-0.0014184225258888593
2020-12-04,0.00012057228515518458
2020-12-07,0.0002735236962819035
2020-12-08,-0.00034856795280699995
2020-12-09,0.0003068716296037663
2020-12-10,-0.0006191649441249652
2020-12-11,0.0014479255730863202
2020-12-14,0.00014135218041320822
2020-12-15,-0.000708451719827082
2020-12-16,0.00028911627004433874
2020-12-17,-0.00034696434615597607
2020-12-18,0.0007094818922921446
2020-12-21,-0.0023782653469145397
2020-12-22,-0.0017624810905179423
2020-12-23,-0.0006157610681257163
2020-12-24,0.0025775471350479523
2020-12-25,0.0012374555556108923
2020-12-28,-0.0008628800976508387
2020-12-29,-0.0007971759583842591
2020-12-30,-0.0008742058106265239
2020-12-31,0.002704659044933077
2021-01-01,0.0
2021-01-04,-0.007666203530933456
2021-01-05,-0.000608681879970476
2021-01-06,0.0022841395286172512
2021-01-07,0.0016111472063307744
2021-01-08,0.0011708991032494027
2021-01-11,0.0002871414429202375
2021-01-12,-0.0009369059560633738
2021-01-13,0.0012608200206848106
2021-01-14,0.0016229642112267533
2021-01-15,0.001119722608422552
2021-01-18,-0.0019747147980337296
2021-01-19,-0.000909423685320071
2021-01-20,-0.0006325320614032996
2021-01-21,0.00415523813189129
2021-01-22,-0.0009772296081243987
2021-01-25,-0.002398297238716383
2021-01-26,-0.0005021944703510937
2021-01-27,0.000949831785747155
2021-01-28,-0.00341441918420555
2021-01-29,0.0010488116716935816
2021-02-01,0.0
2021-02-02,0.002311174874428409
2021-02-03,0.0014363027907532417
2021-02-04,0.0010775541468626697
2021-02-05,0.0004163919231183018
2021-02-08,0.0003824295274480474
2021-02-09,0.0014616211791827858
2021-02-10,-0.001545461575278831
2021-02-11,-0.001374569367417921
2021-02-12,-7.026610395562537e-05
2021-02-15,0.0004264481052443375
2021-02-16,0.0013310593217889155
2021-02-17,-0.0018053952076064188
2021-02-18,0.0015338160518718804
2021-02-19,9.86366973885771e-05
2021-02-22,0.002422987869265629
2021-02-23,-0.0011784201323369505
2021-02-24,0.0029650236051264236
2021-02-25,0.005260691645573468
2021-02-26,-0.005021545836694729
2021-03-01,0.0
2021-03-02,0.004026277285827075
2021-03-03,0.0008068867512267404
2021-03-04,-0.00012854642570946993
2021-03-05,0.0014650954015429426
2021-03-08,0.003173894435948811
2021-03-09,0.0015351262647172875
2021-03-10,-0.0009949388297810545
2021-03-11,0.000814410426291365
2021-03-12,6.907277969446531e-05
2021-03-15,0.0018015261858342951
2021-03-16,0.00028909633442427806
2021-03-17,-0.0007408336128358106
2021-03-18,0.0009674943873652322
2021-03-19,-0.0024163028533598033
2021-03-22,0.0002442617462868937
2021-03-23,-0.002137433789612522
2021-03-24,-0.00223081818055694
2021-03-25,0.002203907340606201
2021-03-26,0.0003643090732625931
2021-03-29,0.0015980072744156185
2021-03-30,0.0018265414981027083
2021-03-31,0.00108754160568642
2021-04-01,0.0
2021-04-02,0.0003229541356264716
2021-04-05,0.00013818995809997413
2021-04-06,-0.0002476720406815151
2021-04-07,-0.0035505438305630677
2021-04-08,-0.0016857798095260433
2021-04-09,-0.0011376425752321591
2021-04-12,-0.0005082458702552444
2021-04-13,-0.00019333831573437675
2021-04-14,-0.0009684865914976811
2021-04-15,0.00279602680714017
2021-04-16,0.0003793588249900847
2021-04-19,-0.001019029060518601
2021-04-20,0.0002550434951778288
2021-04-21,-0.002106346662724085
2021-04-22,0.00237165499315409
2021-04-23,-0.0007401563492261645
2021-04-26,-0.00014253096540260845
2021-04-27,0.002465000527669471
2021-04-28,-0.0007769849145719421
2021-04-29,0.002630944688219221
2021-04-30,0.0004558597023090964
2021-05-03,-0.0005373505375839295
2021-05-04,-0.0003835180739855088
2021-05-05,8.183411784755205e-05
2021-05-06,0.0017563965948899666
2021-05-07,-0.00035914334409514433
2021-05-10,-0.0010895922409311337
2021-05-11,-0.0005274606386980528
2021-05-12,0.00038307751672711775
2021-05-13,-0.00047096873154195103
2021-05-14,-0.0013238252671651767
2021-05-17,0.0013624694959319976
2021-05-18,-0.00013787554791403576
2021-05-19,-0.0021414427078283974
2021-05-20,-0.0010905581276588444
2021-05-21,-0.001056154845087695
2021-05-24,-0.0009286751472150606
2021-05-25,0.0014782561190524667
2021-05-26,-0.0013087797081124
2021-05-27,0.001553298547377497
2021-05-28,0.0004496163761407554
2021-05-31,-4.539191231308006e-05
2021-06-01,0.0
2021-06-02,-0.0010853263688533337
2021-06-03,0.0007015037193226867
2021-06-04,-0.0012412577588071414
2021-06-07,0.0009080909363058945
2021-06-08,8.736154093132688e-05
2021-06-09,-0.000764423958484953
2021-06-10,-0.0010602422611185782
2021-06-11,0.00037676731244427485
2021-06-14,-0.0008048375759021982
2021-06-15,0.0011998572646589884
2021-06-16,-0.0012718743405796995
2021-06-17,0.0004704868646997672
2021-06-18,0.0013941534777393207
2021-06-21,-0.002835656685770145
2021-06-22,0.0010051407048261949
2021-06-23,0.0009122492268495529
2021-06-24,0.000788866509397413
2021-06-25,0.0007435678612909101
2021-06-28,0.0007243213794878214
2021-06-29,-0.0005231605538424383
2021-06-30,-0.00220124563803877
2021-07-01,0.0
2021-07-02,-0.0005260561439378016
2021-07-05,0.0017525448265414154
2021-07-06,0.001411990199638004
2021-07-07,-0.0032964712247833617
2021-07-08,0.0002768661406595462
2021-07-09,-0.006418579813791845
2021-07-12,0.0037491246509546174
2021-07-13,-0.0003521683599255184
2021-07-14,-0.00022877923897107595
2021-07-15,0.0008060642035089473
2021-07-16,-0.0015514765641729436
2021-07-19,-0.0007907227849885386
2021-07-20,-0.004596549722640636
2021-07-21,0.0004928196839753184
2021-07-22,0.0035382109024719548
2021-07-23,0.0015521399082384013
2021-07-26,0.00032979673498632585
2021-07-27,-0.0010444640543211426
2021-07-28,-0.003145455752087151
2021-07-29,0.0006392272228576428
2021-07-30,0.0012583798515040487
2021-08-02,-0.0016603709892261597
2021-08-03,-0.0005013893094786019
2021-08-04,0.001232782818442439
2021-08-05,0.00036328817411802265
2021-08-06,0.0014179487575808598
2021-08-09,-0.00016726555612968047
2021-08-10,0.0010923715367317033
2021-08-11,0.0023477974003722093
2021-08-12,0.0011360213576999385
2021-08-13,-0.0005197704786897773
2021-08-16,-0.0013991024876307096
2021-08-17,-0.001448961043961686
2021-08-18,-0.0013600088713679934
2021-08-19,-0.0014763622744372147
2021-08-20,-0.00405402501465462
2021-08-23,9.357925855369157e-06
2021-08-24,0.002609326909485166
2021-08-25,0.0028174037069923206
2021-08-26,0.001181763089228431
2021-08-27,-0.0008383387547039338
2021-08-30,0.001660148685993631
2021-08-31,0.0014194720848086449
2021-09-01,0.0
2021-09-02,-0.0002662521453816441
2021-09-03,0.0013457159197933885
2021-09-06,4.2779745845574095e-05
2021-09-07,0.0004707604892115485
2021-09-08,-0.000955444618751252
2021-09-09,0.00032794960233825833
2021-09-10,-0.00015471717695583596
2021-09-13,0.0012685208902808735
2021-09-14,0.000827724199696078
2021-09-15,-0.0011680107177502344
2021-09-16,0.002518766666801038
2021-09-17,-0.0006093856471705091
2021-09-20,-0.0007945256470077787
2021-09-21,-0.0019225297104804476
2021-09-22,-0.0004422620419563985
2021-09-23,0.0017538479933879316
2021-09-24,0.0027838149720555536
2021-09-27,-0.0003774420204801494
2021-09-28,0.001331937814550998
2021-09-29,-0.0016204025231826554
2021-09-30,-0.0019232039332313176
2021-10-01,0.0
2021-10-04,0.003009336418694535
2021-10-05,0.0004427797824507943
2021-10-06,0.0021159433319280874
2021-10-07,-0.0003646569133300778
2021-10-08,0.0007637604140145107
2021-10-11,9.51881606873212e-05
2021-10-12,0.0006498059774331938
2021-10-13,0.0011328528995606846
2021-10-14,-0.0009865302415640318
2021-10-15,0.002295972763884269
2021-10-18,0.000892307418932981
2021-10-19,0.001278716650964407
2021-10-20,0.002077743019747743
2021-10-21,0.00022473975699481173
2021-10-22,-0.0019831651667798944
2021-10-25,-0.0007607042456292025
2021-10-26,0.0018792101495113682
2021-10-27,-0.0001859946753473556
2021-10-28,-0.0017481173822579774
2021-10-29,-0.001237155050535528
2021-11-01,0.0
2021-11-02,-0.002579401750668025
2021-11-03,-0.0013952118024799206
2021-11-04,0.0003541223645888923
2021-11-05,-0.0014094439251580875
2021-11-08,-0.0006056466093168135
2021-11-09,0.0023096189239015454
2021-11-10,-0.0014250564833420108
2021-11-11,0.0007147500236943871
2021-11-12,-0.0018338056686800011
2021-11-15,0.001880031337754627
2021-11-16,0.0024467302689710414
2021-11-17,0.0010550699817127702
2021-11-18,-0.0011771381892338889
2021-11-19,-0.001505261868497159
2021-11-22,-0.00034147957123074196
2021-11-23,0.00012714459574109368
2021-11-24,0.0020000802005400095
2021-11-25,-0.0004925760526981804
2021-11-26,-0.0011663920544409654
2021-11-29,-0.005256420791259317
2021-11-30,-0.001002115337852658
2021-12-01,0.0
2021-12-02,0.00014469906137760512
2021-12-03,-0.0003169857081912397
2021-12-06,-0.0017530871543606974
2021-12-07,0.0019279216808083515
2021-12-08,0.002242328060116241
2021-12-09,-0.00041532338165508383
2021-12-10,-0.00031169410006419125
2021-12-13,0.0005085283018967919
2021-12-14,-0.0022750546206237745
2021-12-15,0.0003718207539143597
2021-12-16,0.0019551866246509016
2021-12-17,-0.001124483237282834
2021-12-20,0.0005090895261460325
2021-12-21,-0.0017513875149164928
2021-12-22,0.004066229925216471
2021-12-23,0.0011123563052162578
2021-12-24,0.0017823470805537834
2021-12-27,0.00048665808969798006
2021-12-28,-0.0003150772711536719
2021-12-29,-0.00039322915116405907
2021-12-30,0.0004897992540595626
2021-12-31,0.00015759690432211627
2022-01-03,-0.0003534708946654018
2022-01-04,0.00019830254148132422
2022-01-05,0.0012162709099861975
2022-01-06,-4.615695249771188e-05
2022-01-07,-0.0006609315574678445
2022-01-10,-0.0003728174314231638
2022-01-11,0.0020165848381063865
2022-01-12,0.00032301253019574984
2022-01-13,4.802960932126402e-05
2022-01-14,-0.0015671557018762296
2022-01-17,0.0001267869466964511
2022-01-18,0.000351916655439284
2022-01-19,0.0007968815556629308
2022-01-20,0.00017543805209278314
2022-01-21,0.0006668120783126499
2022-01-24,-0.0040646724862154855
2022-01-25,-0.0007445814378962049
2022-01-26,0.0017674225649425364
2022-01-27,0.0011198824409479977
2022-01-28,0.0012294725614241564
2022-01-31,-0.0008326870522958707
2022-02-01,0.0
2022-02-02,0.0004378187968889571
2022-02-03,-0.0012355321941116013
2022-02-04,5.781101115775812e-05
2022-02-07,-0.001723976466045424
2022-02-08,7.355423921711954e-05
2022-02-09,0.00047508008118642375
2022-02-10,0.0001080059863036697
2022-02-11,0.0038133549491598867
2022-02-14,-0.0004958662246173199
2022-02-15,0.0006922157907938685
2022-02-16,-0.001960825778926388
2022-02-17,0.000493030324666815
2022-02-18,0.0009221925898631074
2022-02-21,0.0009570882886235435
2022-02-22,-0.0006497289577230302
2022-02-23,0.0022461593248413246
2022-02-24,0.0007764036977742062
2022-02-25,-0.0004668259771990315
2022-02-28,0.0019252277413332256
2022-03-01,0.0
2022-03-02,0.0020405187130056288
2022-03-03,0.0031194097565740635
2022-03-04,0.0004870267890255144
2022-03-07,0.005057000625557753
2022-03-08,-0.0013362986598975746
2022-03-09,-0.0002665703319467492
2022-03-10,-0.004559124424073004
2022-03-11,0.0007642165113404743
2022-03-14,-2.7663537017199612e-05
2022-03-15,-0.004220623902640087
2022-03-16,0.0013084536589146893
2022-03-17,0.0008362001449066529
2022-03-18,0.0017794413060546756
2022-03-21,0.0012226136491949606
2022-03-22,0.0015803828170030873
2022-03-23,0.001995740215046543
2022-03-24,0.0008625194964539411
2022-03-25,-0.001225445726079816
2022-03-28,0.0014620952554902566
2022-03-29,-0.002119334318272009
2022-03-30,-0.003196929682482935
2022-03-31,-0.0008736158385516835
2022-04-01,0.0
2022-04-04,0.00017726839948035587
2022-04-05,0.004057058467895881
2022-04-06,0.0002283305169941045
2022-04-07,0.00020876771830599742
2022-04-08,-0.00042610496237341307
2022-04-11,-0.0004462004429385907
2022-04-12,-0.0016856352181558536
2022-04-13,0.0028422175237698324
2022-04-14,-0.0012502885709555576
2022-04-15,0.0024467277061443016
2022-04-18,-0.0007507533895651779
2022-04-19,-0.0005042122737400244
2022-04-20,0.0006336710000197556
2022-04-21,-0.001141810225855105
2022-04-22,-0.0011079337722573277
2022-04-25,-0.004958106009666277
2022-04-26,0.0006575483565216629
2022-04-27,-0.0012032699464394978
2022-04-28,-0.0007073672441330512
2022-04-29,-0.001572767041904852
2022-05-02,-0.00022683342876286103
2022-05-03,0.00037855850385424433
2022-05-04,-0.0004719370172551958
2022-05-05,0.0030555966658455556
2022-05-06,-0.003928050429583887
2022-05-09,-0.000983709342061714
2022-05-10,-0.0020707788096562285
2022-05-11,-0.0017506879740365488
2022-05-12,-0.0010365646584907635
2022-05-13,0.0015250830352061325
2022-05-16,0.001604842214182757
2022-05-17,0.0006769195644182671
2022-05-18,4.0860963579301275e-05
2022-05-19,-0.005207057804085796
2022-05-20,0.0007548870681407877
2022-05-23,0.0018948505703899401
2022-05-24,-0.001566629033387892
2022-05-25,-0.0024073785960258207
2022-05-26,0.0040065976108950175
2022-05-27,9.198944300390502e-05
2022-05-30,0.0018820211344725347
2022-05-31,-3.40061660081847e-05
2022-06-01,0.0
2022-06-02,-0.001293842774708772
2022-06-03,0.0003957094720652559
2022-06-06,-0.0011731806375222943
2022-06-07,0.002534886524278352
2022-06-08,0.0004190315482888685
2022-06-09,-0.0007248731998395345
2022-06-10,-0.0007599266827910355
2022-06-13,-0.001502588141228912
2022-06-14,-0.0008940360906204653
2022-06-15,-0.0046073086816706636
2022-06-16,0.003889244844352042
2022-06-17,-0.002599555518004231
2022-06-20,-0.0012728296026602345
2022-06-21,0.00030346745074721465
2022-06-22,2.1291915034966794e-05
2022-06-23,-0.003803117857047238
2022-06-24,0.0012463697272302042
2022-06-27,0.0010114837054612759
2022-06-28,-0.0008814830643359643
2022-06-29,-0.0009697021479579074
2022-06-30,-0.00023633702647630068
2022-07-01,0.0
2022-07-04,-0.0015275973949225852
2022-07-05,0.0021783046010379215
2022-07-06,-0.002125857911741268
2022-07-07,0.0013934444250950702
2022-07-08,0.0038537834603061785
2022-07-11,0.0015258663097425303
2022-07-12,0.00023088063910934388
2022-07-13,-0.001438014848304528
2022-07-14,0.000761376192580651
2022-07-15,0.0010342974896691344
2022-07-18,0.0003831479077680158
2022-07-19,-0.00032467864893513497
2022-07-20,0.0014625194335150867
2022-07-21,0.0007162501095672705
2022-07-22,-0.0021439438971377007
2022-07-25,-0.002125811995664587
2022-07-26,0.0025630360288109505
2022-07-27,0.0008940951791297288
2022-07-28,-2.9571560406100863e-05
2022-07-29,-0.001220201261011747
2022-08-01,0.0
2022-08-02,-0.0017990878433086857
2022-08-03,-0.0004781583600625064
2022-08-04,0.0039751450082290965
2022-08-05,-0.00384075133129482
2022-08-08,0.0014143548598725669
2022-08-09,0.002436426121811218
2022-08-10,-0.00037792943840459024
2022-08-11,0.0017813920489217485
2022-08-12,0.0005818603949834976
2022-08-15,0.00045516907131864994
2022-08-16,-0.003684228689243471
2022-08-17,0.002855583749296489
2022-08-18,-0.00246611660205622
2022-08-19,0.0019192343774259884
2022-08-22,-0.0011336728058748975
2022-08-23,0.0025617620972119455
2022-08-24,0.0025814776373799795
2022-08-25,-3.835900899299877e-05
2022-08-26,0.0009021319650513069
2022-08-29,-0.004000742969797097
2022-08-30,0.0029056865673212813
2022-08-31,-0.0019820777020042413
2022-09-01,0.0
2022-09-02,0.0004521713808811747
2022-09-05,0.0014098116479842552
2022-09-06,0.001109141108468672
2022-09-07,0.0014117572055610953
2022-09-08,-0.0003056693484250059
2022-09-09,-0.001328248836473594
2022-09-12,0.0006789491603533586
2022-09-13,-0.00020897177994705864
2022-09-14,-0.004603669500956831
2022-09-15,-0.000942776588522751
2022-09-16,-0.0038777740559010295
2022-09-19,1.7348642579346148e-05
2022-09-20,-0.00038587182006518804
2022-09-21,-0.004012654010159123
2022-09-22,-6.680112967270881e-05
2022-09-23,-0.0010365547918510568
2022-09-26,-0.0022478081200638157
2022-09-27,-0.002955306315717097
2022-09-28,-0.0005556908936362416
2022-09-29,0.000624813182087675
2022-09-30,-0.002006182493365654
2022-10-03,-0.005090401688368407
2022-10-04,0.008736597576890671
2022-10-05,-0.0005816914077154726
2022-10-06,0.0018020240721410606
2022-10-07,-0.004629905352822968
2022-10-10,0.0010623648962467395
2022-10-11,0.0004511544141374697
2022-10-12,-0.00094131483108414
2022-10-13,0.0012428727684191628
2022-10-14,0.0049507623969605495
2022-10-17,-0.0018268648405406992
2022-10-18,0.0033238524260989447
2022-10-19,0.0003463349386339102
2022-10-20,0.0013741972286698033
2022-10-21,-0.00046361125594879737
2022-10-24,0.0020883903277620305
2022-10-25,-0.0012289700004824663
2022-10-26,0.0005640936986767476
2022-10-27,0.0005144512506225266
2022-10-28,0.002053230520606015
2022-10-31,0.000998980797492402
2022-11-01,0.0
2022-11-02,0.00012302418986767853
2022-11-03,-0.0023340159349519605
2022-11-04,-5.071665401537391e-05
2022-11-07,0.003982633679930821
2022-11-08,-0.00089753913921465
2022-11-09,-0.0017403871418018835
2022-11-10,-0.0038821994811854815
2022-11-11,-0.0006013297855743931
2022-11-14,-0.0020633814189057816
2022-11-15,-0.0024512180110200024
2022-11-16,0.001681717333789923
2022-11-17,-0.0013849519885750115
2022-11-18,0.0009832636520390567
2022-11-21,0.0003187347125893379
2022-11-22,0.00014931595356758892
2022-11-23,0.0017207561789955974
2022-11-24,-0.00010745962613227742
2022-11-25,0.000529826208735625
2022-11-28,-6.970475523555194e-05
2022-11-29,-0.003935484379779852
2022-11-30,0.0011967974239746346
2022-12-01,0.0
2022-12-02,-0.0019782511348228763
2022-12-05,0.00031119337368489653
2022-12-06,-0.0007919929452155812
2022-12-07,-0.0007766593646940728
2022-12-08,0.000308312897346704
2022-12-09,0.00042011699483251297
2022-12-12,0.0003348376166089187
2022-12-13,0.001447050574892169
2022-12-14,-0.0010071005492661963
2022-12-15,-0.0009287015777687052
2022-12-16,-0.0031104137900422398
2022-12-19,0.0008763146309419658
2022-12-20,-0.0008744613090187368
2022-12-21,-0.00622734276074028
2022-12-22,-0.002180644747381137
2022-12-23,-0.0008100342901423582
2022-12-26,0.001873454374194868
2022-12-27,0.0014119384179795895
2022-12-28,-0.0007685337226613612
2022-12-29,0.0008994796150860482
2022-12-30,-0.001004092746968451
2023-01-02,-0.0013551404737504819
2023-01-03,-0.0017912959571281949
2023-01-04,6.379117774693008e-05
2023-01-05,0.003743943069270824
2023-01-06,0.0008702621061803381
2023-01-09,0.001998535574952298
2023-01-10,-0.0013273030472367865
2023-01-11,0.0001906216827876284
2023-01-12,0.0020959302088253175
2023-01-13,-0.0029108790512596366
2023-01-16,-0.0025016181880882834
2023-01-17,0.0006527772401479356
2023-01-18,0.002052782636113974
2023-01-19,-0.002288633088042498
2023-01-20,-0.0008128316698080892
2023-01-23,0.005400755418332185
2023-01-24,0.0010088616463329628
2023-01-25,-0.0015435677217007556
2023-01-26,-0.0015008856208748732
2023-01-27,0.003593131511667369
2023-01-30,0.000758748318513362
2023-01-31,0.0010024284238714972
2023-02-01,0.0
2023-02-02,-0.0019155671153142087
2023-02-03,-0.00122388934370073
2023-02-06,0.0015034818333837436
2023-02-07,0.0014278555310830267
2023-02-08,-0.0023264902537928887
2023-02-09,-2.487580148611555e-05
2023-02-10,-0.0025074348277248993
2023-02-13,0.002104377129710419
2023-02-14,0.001815746831659601
2023-02-15,0.0006940911749904567
2023-02-16,-0.0014344018729092363
2023-02-17,-0.0013417700168929874
2023-02-20,0.0006440126920722608
2023-02-21,-0.001160483745959154
2023-02-22,0.0009147753206576282
2023-02-23,0.0007605384979964926
2023-02-24,0.00010890095028583681
2023-02-27,0.0009979743761727728
2023-02-28,-0.0005757280685003316
2023-03-01,0.0
2023-03-02,0.00045641287634943
2023-03-03,9.408522231198801e-05
2023-03-06,-0.00162311998424197
2023-03-07,-0.002319380725947024
2023-03-08,-0.0007320451611764741
2023-03-09,-0.0005707345626968307
2023-03-10,-0.0026560098943363957
2023-03-13,-0.0011767326499809328
2023-03-14,-0.0008416136504311339
2023-03-15,0.002677992895227134
2023-03-16,-0.0003340507234368947
2023-03-17,0.001967857647636611
2023-03-20,0.00030624316630069933
2023-03-21,-0.0003789917315760344
2023-03-22,-0.003448281781728493
2023-03-23,-0.002080278678517287
2023-03-24,0.0005891352531576073
2023-03-27,-1.4977680995655783e-05
2023-03-28,0.0006119594692259511
2023-03-29,0.002840827038522806
2023-03-30,0.0008068818673037302
2023-03-31,0.00185541933838431
2023-04-03,0.00025950420537014545
2023-04-04,0.0009779496039595593
2023-04-05,-0.0017317945204283615
2023-04-06,-0.00017725063080731746
2023-04-07,-0.0023585075682789193
2023-04-10,0.0007256046425854713
2023-04-11,0.002055977765986071
2023-04-12,-0.0014341598134247112
2023-04-13,-0.0014095347425116208
2023-04-14,0.001190971551400036
2023-04-17,-0.0006246103512479314
2023-04-18,0.0010793964257156353
2023-04-19,-8.863109472066726e-05
2023-04-20,-0.0007610842850557286
2023-04-21,-0.0016195696535474858
2023-04-24,-0.001975383573897191
2023-04-25,-4.641171554459649e-05
2023-04-26,-0.001230533937752395
2023-04-27,-0.0015805221750631452
2023-04-28,0.0027161214255647056
2023-05-01,0.0
2023-05-02,0.0012166017315891162
2023-05-03,-0.001808635866157342
2023-05-04,-0.004206100648178158
2023-05-05,0.0043418722128749365
2023-05-08,0.005141868048057561
2023-05-09,0.000911373853163802
2023-05-10,0.0009803992462114153
2023-05-11,-0.0009570482644142742
2023-05-12,-0.002544525768349578
2023-05-15,-0.0007006659659974648
2023-05-16,0.00284103323022845
2023-05-17,-3.0008664484002044e-05
2023-05-18,0.002711658618374719
2023-05-19,0.0017845079945072737
2023-05-22,-0.000950396682221067
2023-05-23,0.0009623918078629603
2023-05-24,2.3530302578484688e-05
2023-05-25,-0.003989842669626958
2023-05-26,-0.001177452784318549
2023-05-29,0.002142696244389296
2023-05-30,-0.0006711109936640045
2023-05-31,6.543170264055309e-05
2023-06-01,0.0
2023-06-02,0.001495394276398714
2023-06-05,0.0022392785955964657
2023-06-06,-0.00168328600085642
2023-06-07,0.0014408645759511922
2023-06-08,0.00038362058356710587
2023-06-09,-0.0012490074195135102
2023-06-12,0.0035893412546619567
2023-06-13,-0.00031256386675764165
2023-06-14,0.002600841344699061
2023-06-15,-0.00024182608135937095
2023-06-16,0.001119408082115722
2023-06-19,0.0032938191409838044
2023-06-20,-0.0007317700982766177
2023-06-21,-0.0017291505345785304
2023-06-22,0.0003715644846676423
2023-06-23,0.001850336757957476
2023-06-26,0.00023528639767311126
2023-06-27,0.00022616548445848555
2023-06-28,-0.0008347540444650238
2023-06-29,-0.0024446438869598322
2023-06-30,0.001155280851922969
2023-07-03,0.0010896019555622066
2023-07-04,0.001013188869714232
2023-07-05,0.002219650000118171
2023-07-06,-0.0005790553882240515
2023-07-07,-0.0025373559991354894
2023-07-10,-0.0008541528104866856
2023-07-11,-0.0018581297278675224
2023-07-12,-0.001343484046419274
2023-07-13,-0.002158830322603585
2023-07-14,0.0020327309560141654
2023-07-17,-0.001321500916790408
2023-07-18,-0.001430154772122986
2023-07-19,-0.0006287932100759655
2023-07-20,-0.0009202508230752043
2023-07-21,0.0011342632708282617
2023-07-24,-2.7525745639607924e-05
2023-07-25,0.002368044265966307
2023-07-26,-0.00014646826376760365
2023-07-27,-0.0014816609040754877
2023-07-28,-0.0014749242050101012
2023-07-31,0.0015796222200185135
2023-08-01,0.0
2023-08-02,-0.002359184312328622
2023-08-03,-0.001011145218225244
2023-08-04,-0.0017513657738806128
2023-08-07,-0.000948929928848523
2023-08-08,0.0011883207546686623
2023-08-09,-0.0003869265544882988
2023-08-10,0.0004559411480794894
2023-08-11,-0.0009877836183595505
2023-08-14,0.00014973897449656727
2023-08-15,0.0009262959513530914
2023-08-16,-0.0001905835688434022
2023-08-17,0.0006801191613364411
2023-08-18,-0.0009640007651489465
2023-08-21,0.00031029067892449953
2023-08-22,0.0003787481364088866
2023-08-23,0.00040825954996868464
2023-08-24,-0.0008028125037856665
2023-08-25,0.0001784813225927936
2023-08-28,0.0001773225388276285
2023-08-29,-0.000575374323539824
2023-08-30,0.0005449413239510533
2023-08-31,-6.500885434690466e-05
2023-09-01,0.0
2023-09-04,-0.0008885187117803477
2023-09-05,0.0004648918285633657
2023-09-06,0.0003750199950552506
2023-09-07,-0.0005840835775983017
2023-09-08,-0.0002444480845619629
2023-09-11,0.0008243049534181897
2023-09-12,0.0002082330137842307
2023-09-13,0.0005266340575038007
2023-09-14,0.0011673173558458675
2023-09-15,0.0012230493487559214
2023-09-18,-5.0193100618420265e-05
2023-09-19,0.0001616994994667747
2023-09-20,0.001932509845404361
2023-09-21,-0.000493153870810304
2023-09-22,-0.0001390725420331817
2023-09-25,0.0016619808733668257
2023-09-26,0.0025258288607299165
2023-09-27,-0.0009519265214306172
2023-09-28,0.0017028371035353361
2023-09-29,0.00032625929301090246
2023-10-02,7.882115556294924e-05
2023-10-03,-0.0019651820370176296
2023-10-04,-0.0013459113353149472
2023-10-05,-0.0009939829859880636
2023-10-06,0.0006471342059482987
2023-10-09,0.0009848237423336168
2023-10-10,0.0012617943358436971
2023-10-11,0.0007611681493701527
2023-10-12,-0.0008503826503468235
2023-10-13,-0.0020586804448909824
2023-10-16,-0.0012644631090126346
2023-10-17,0.00020221670113889316
2023-10-18,-0.001202299634739232
2023-10-19,-0.002074236869663135
2023-10-20,-0.0022959000883571255
2023-10-23,0.0004888601156642456
2023-10-24,0.00018322977512581326
2023-10-25,-0.00017934501536290252
2023-10-26,-0.0016461450922603071
2023-10-27,0.002190108419502374
2023-10-30,-0.0014432388561869398
2023-10-31,0.0005316334352069857
2023-11-01,0.0
2023-11-02,0.0012244257841345439
2023-11-03,0.001141050073308675
2023-11-06,0.0004501919013903641
2023-11-07,-0.0004946279913126626
2023-11-08,-0.0016298954584994844
2023-11-09,-0.0011248050169873937
2023-11-10,0.00011741731447936405
2023-11-13,-0.0002068466355056992
2023-11-14,-0.00023575003781022813
2023-11-15,0.0003262258353054554
2023-11-16,-0.0004020297213327915
2023-11-17,-0.0021812404591643776
2023-11-20,-0.00034409760844610873
2023-11-21,-0.001492669398814922
2023-11-22,0.0008544886020010894
2023-11-23,0.0006987462914635349
2023-11-24,0.0017971115194331125
2023-11-27,0.0014377864755847404
2023-11-28,-0.0006063163240660229
2023-11-29,-0.0010803710660566234
2023-11-30,-0.00027051590850988097
2023-12-01,0.0
2023-12-04,-0.0010688380042020733
2023-12-05,1.5950011634669e-05
2023-12-06,-0.0007707637918175192
2023-12-07,-0.00044169858792933626
2023-12-08,-0.0035467120714590796
2023-12-11,0.0016825280720966303
2023-12-12,0.0014383590856224793
2023-12-13,-0.0018085220665111017
2023-12-14,-0.002477653547616173
2023-12-15,0.0015321922853780124
2023-12-18,0.00010607592504958305
2023-12-19,-0.0012831898632792546
2023-12-20,0.002528983099597248
2023-12-21,-0.0018033464232527976
2023-12-22,-0.0013528674426245577
2023-12-25,-0.0007439990874287928
2023-12-26,0.00021982950137763678
2023-12-27,0.0014897257080161688
2023-12-28,-0.002884470734857121
2023-12-29,-0.0005659388038967632
2024-01-01,0.0
2024-01-02,0.0005182771795326514
2024-01-03,0.00025945454169299666
2024-01-04,0.0014170451706514424
2024-01-05,0.0015446139401199535
2024-01-08,0.001080816150440255
2024-01-09,-0.0006196065228284243
2024-01-10,0.00018226186280804468
2024-01-11,0.0008783398714522857
2024-01-12,2.7768562470441895e-05
2024-01-15,2.775799010780843e-05
2024-01-16,-0.0004017173614571291
2024-01-17,0.0007489566196545537
2024-01-18,0.0011304997928540108
2024-01-19,0.0017280340993729613
2024-01-22,0.000422678845548936
2024-01-23,-0.0012948858925524265
2024-01-24,0.0015053003378289731
2024-01-25,-0.002670889670496095
2024-01-26,0.0019529046315580416
2024-01-29,-0.0002239435473689514
2024-01-30,0.0007838238898762073
2024-01-31,-0.0002739374123054702
2024-02-01,0.0
2024-02-02,-7.252991746400304e-05
2024-02-05,0.0007465541555793341
2024-02-06,-0.0008385538000685157
2024-02-07,0.0015857169703649482
2024-02-08,0.0017867934437422151
2024-02-09,0.0011929088134142328
2024-02-12,0.0011138524048987858
2024-02-13,0.0004148903584368523
2024-02-14,0.0009694447751785891
2024-02-15,1.6376538457001176e-05
2024-02-16,-0.0003613840921358038
2024-02-19,0.0009121705180082343
2024-02-20,0.00042107278240941583
2024-02-21,-0.00013142620769439193
2024-02-22,0.0007128884215713343
2024-02-23,0.001197998746091034
2024-02-26,-6.532468100916547e-06
2024-02-27,-0.0008893213481216628
2024-02-28,-0.0004493476342890391
2024-02-29,-0.0024618647763603296
2024-03-01,0.0
2024-03-04,0.0005148639617969507
2024-03-05,0.0006090733634795387
2024-03-06,-0.0010011842549389298
2024-03-07,0.000703525249167631
2024-03-08,-3.085900231094341e-05
2024-03-11,-0.0008472095639205934
2024-03-12,-0.00045364124676818576
2024-03-13,8.370525648232384e-05
2024-03-14,0.0006701288080295971
2024-03-15,0.0003402538756415336
2024-03-18,-0.0006252941371178719
2024-03-19,0.0011199476580928667
2024-03-20,0.0010431936358325867
2024-03-21,0.0014690117592879289
2024-03-22,0.0008175042300748525
2024-03-25,-0.002891547175188211
2024-03-26,0.0011908020160196196
2024-03-27,0.0011943690610573161
2024-03-28,-0.00019905547328226994
2024-03-29,-4.0531274174787036e-05
2024-04-01,0.0
2024-04-02,-0.0011071065182534604
2024-04-03,0.0010505706393750486
2024-04-04,0.0008831406789310127
2024-04-05,-0.0005307024930476666
2024-04-08,-0.00066027637788318
2024-04-09,0.0017431819587547287
2024-04-10,0.000838076378449223
2024-04-11,-0.000772769565675213
2024-04-12,0.0009320634858012013
2024-04-15,-0.001556291606451169
2024-04-16,-0.0006860696913804415
2024-04-17,-7.295447349950862e-05
2024-04-18,5.49777240755383e-07
2024-04-19,0.0006090311907942185
2024-04-22,-0.0008774554076848532
2024-04-23,0.0011993158808453978
2024-04-24,0.0014348864464516816
2024-04-25,0.000771041958123964
2024-04-26,0.0014736736504081846
2024-04-29,0.003193079564206359
2024-04-30,-0.0014280527946700422
2024-05-01,0.0
2024-05-02,-0.0007512345844067961
2024-05-03,-0.0025033954210854324
2024-05-06,0.0004603970449489287
2024-05-07,0.0013401302270327148
2024-05-08,-0.0006687041658822784
2024-05-09,0.0009119580231139212
2024-05-10,0.0009665894802246126
2024-05-13,0.0003466364142199414
2024-05-14,0.0012094349503472485
2024-05-15,0.0008201716245830081
2024-05-16,-0.0001124978018481753
2024-05-17,0.00197034309859513
2024-05-20,0.0017230322899296614
2024-05-21,0.00032855491119814737
2024-05-22,-0.0004048721342073184
2024-05-23,0.0014141478874887938
2024-05-24,-0.0005329303932441339
2024-05-27,0.0014505108864657438
2024-05-28,0.0013599651528460816
2024-05-29,-0.0002109635749069698
2024-05-30,-0.001098308264196256
2024-05-31,-0.001964617513442981
2024-06-03,0.0015063727335356148
2024-06-04,-0.0011297305323833763
2024-06-05,-0.0030722022955773295
2024-06-06,0.0022238367624926375
2024-06-07,-0.0007351913183678033
2024-06-10,-0.00013136668426568752
2024-06-11,0.001143118990445832
2024-06-12,0.0014762049332140766
2024-06-13,0.0001997257526700369
2024-06-14,4.0865044032867965e-05
2024-06-17,-0.0009950252591027803
2024-06-18,-0.0001333074761717245
2024-06-19,-0.0006234207514268539
2024-06-20,0.0003277065078353466
2024-06-21,0.0021518362402950025
2024-06-24,0.0010244735332820523
2024-06-25,0.0003853323214269906
2024-06-26,0.0007345340995049288
2024-06-27,-0.0006182172309252768
2024-06-28,0.0005352956358770245
2024-07-01,0.0
2024-07-02,0.00018311061581553054
2024-07-03,0.0012795969544172664
2024-07-04,0.00020087356733447095
2024-07-05,0.0005123788421474849
2024-07-08,-0.0011337984663992479
2024-07-09,0.0026404716866627463
2024-07-10,-0.0005016847456720399
2024-07-11,0.000540935029443639
2024-07-12,-0.003901453661857322
2024-07-15,0.0017762286009364073
2024-07-16,-0.0005705860711944739
2024-07-17,-0.0005466324550755932
2024-07-18,-0.0046627013558262435
2024-07-19,0.0012629496194995996
2024-07-22,0.0005506833274292516
2024-07-23,-0.000959685301352093
2024-07-24,-0.001478359919955758
2024-07-25,-0.004084357940979809
2024-07-26,-0.00191333862977501
2024-07-29,0.001129914890796377
2024-07-30,-0.0004754693686688374
2024-07-31,-0.002556919436409246
2024-08-01,0.0
2024-08-02,-0.0038615508345682973
2024-08-05,-0.008825064444019181
2024-08-06,-0.0009420127394233805
2024-08-07,-0.0007041964547208398
2024-08-08,0.003486506946428588
2024-08-09,0.005179055759751014
2024-08-12,-0.0008219974141972092
2024-08-13,0.001116166989980206
2024-08-14,0.0031257823123918603
2024-08-15,-0.0019184972861425128
2024-08-16,0.004386044636849204
2024-08-19,0.00024613128651089527
2024-08-20,0.00013717490998956888
2024-08-21,-0.004215925370318355
2024-08-22,0.0012826877136089586
2024-08-23,0.000665029019959985
2024-08-26,0.0016197381386498556
2024-08-27,-0.001067753441411241
2024-08-28,0.00045647604194767383
2024-08-29,-6.0128052869752377e-05
2024-08-30,0.0021469837778744453
2024-09-02,0.0008086572464647672
2024-09-03,0.0001550688651166276
2024-09-04,-0.003848476803798663
2024-09-05,-0.003299710630158416
2024-09-06,0.0018005984012495594
2024-09-09,-0.003400577767653362
2024-09-10,-0.0004613836194154988
2024-09-11,-0.0012099281531599167
2024-09-12,0.0006169826985353681
2024-09-13,0.0011845328407572412
2024-09-16,-0.0011728552345475554
2024-09-17,0.0011406600171292786
2024-09-18,0.0014317528406597377
2024-09-19,0.002201633437813712
2024-09-20,0.0026142423627029884
2024-09-23,0.0030720854427364816
2024-09-24,0.0005405694265564868
2024-09-25,0.0009712194840412953
2024-09-26,-0.0012960277200701265
2024-09-27,0.002564055182825674
2024-09-30,-0.0034564773386226407
2024-10-01,0.0
2024-10-02,-0.0017968717577777648
2024-10-03,0.0037855189959330434
2024-10-04,-0.0020491919922623354
2024-10-07,0.002245815250919656
2024-10-08,-0.002823367028167343
2024-10-09,-0.000528372451127026
2024-10-10,-0.0002003750574284277
2024-10-11,6.414441311436211e-05
2024-10-14,0.0008469908280418655
2024-10-15,0.0007353646706412232
2024-10-16,-0.0018356128010832994
2024-10-17,0.0002742948542141868
2024-10-18,0.0016949424915154699
2024-10-21,-0.00015939435478225914
2024-10-22,-0.0009457833247106457
2024-10-23,0.0014485108271778194
2024-10-24,-3.2637186468770376e-05
2024-10-25,-9.916865639984532e-05
2024-10-28,0.0008695887887692836
2024-10-29,0.000559746567922253
2024-10-30,0.000984855382686276
2024-10-31,-0.0003188920565072791
2024-11-01,0.0
2024-11-04,0.0027150727720078914
2024-11-05,-0.0003228082178028162
2024-11-06,0.001480572049962459
2024-11-07,0.002180189620880277
2024-11-08,0.002469903913459826
2024-11-11,-0.001780299769781201
2024-11-12,0.0008723289007545455
2024-11-13,-0.001152083484446782
2024-11-14,0.0003699034440674956
2024-11-15,0.0006117359699459449
2024-11-18,-0.001699884069861856
2024-11-19,0.0005809009265274469
2024-11-20,0.0018182772713307561
2024-11-21,-0.00038482283132003375
2024-11-22,-0.0017084926639422732
2024-11-25,0.0003702146426781539
2024-11-26,-0.0024342466602425886
2024-11-27,-0.0021354024395315264
2024-11-28,0.0004833614708756548
2024-11-29,0.0008095386195422537
2024-12-02,-0.001146129326839901
2024-12-03,-0.0004120060526585812
2024-12-04,0.0009263703700841043
2024-12-05,-0.000703748718599164
2024-12-06,-0.0006975787182406082
2024-12-09,-0.0020750006510168433
2024-12-10,0.0022871625881932455
2024-12-11,0.0005705672988221017
2024-12-12,0.00048325304847448376
2024-12-13,0.0007561433543520178
2024-12-16,-9.187029767178674e-05
2024-12-17,0.0010842604438815475
2024-12-18,-0.0009936338025692438
2024-12-19,-0.0032205886336690837
2024-12-20,-0.00010287135446377545
2024-12-23,0.0011332851084708475
2024-12-24,0.0008818208755118276
2024-12-25,0.0004134857597923702
2024-12-26,-0.0003715247772003142
2024-12-27,-0.0003663617161821861
2024-12-30,0.0016896337350648862
2024-12-31,-0.0002774916450055658
2025-01-02,-0.0007010790384900603
2025-01-03,0.00018699814864734363
2025-01-06,0.001036256878632787
2025-01-07,0.0011730916329837505
2025-01-08,0.0022272271733134686
2025-01-09,-0.0036352387733710597
2025-01-10,-0.0008681730077023702
2025-01-13,-0.001199875206391073
2025-01-14,0.0017779340544657794
2025-01-15,-0.0006373157200153191
2025-01-16,-7.321765535654662e-05
2025-01-17,-0.0024357915589325913
2025-01-20,-0.00037385708282376625
2025-01-21,0.002183412328975079
2025-01-22,-0.0003150345566742949
2025-01-23,0.0009595458600758092
2025-01-24,0.0007493080089533382
2025-01-27,0.0015044885606897388
2025-01-28,-0.0022822179588383954
2025-01-29,0.0002900965180004153
2025-01-30,0.00016248646013094673
2025-01-31,-0.0014134343777476059
2025-02-03,-0.0006481854690036607
2025-02-04,0.002795150690702355
2025-02-05,-0.0010137952384661174
2025-02-06,-0.0017472358259799066
2025-02-07,-0.001621039805418498
2025-02-10,0.0009977517949394223
2025-02-11,-0.00024000252406526851
2025-02-12,0.0027088838527372853
2025-02-13,0.0006699261933154829
2025-02-14,-0.001137779415174731
2025-02-17,-0.0003312187184008581
2025-02-18,0.00011945085140141721
2025-02-19,0.0008018666010311932
2025-02-20,-0.0009606010638504277
2025-02-21,-0.0012462427444896236
2025-02-24,-0.0014239033461561608
2025-02-25,-0.00038525793019148613
2025-02-26,-0.0014100587376243397
2025-02-27,-0.0008478715929692822
2025-02-28,-0.00024627140196420167
2025-03-03,0.0009804521068270016
2025-03-04,-0.004436549804533277
2025-03-05,0.0020350311544413955
2025-03-06,0.001473433868372665
2025-03-07,-0.0025434242170069947
2025-03-10,-0.00229430150449464
2025-03-11,0.0003946531602758973
2025-03-12,0.0028949368909030777
2025-03-13,0.002873092911832713
2025-03-14,-0.0003764876040280783
2025-03-17,0.0014219877066171754
2025-03-18,0.0033781145358562437
2025-03-19,-0.001978521790839119
2025-03-20,-0.0001020357398232319
2025-03-21,-0.0005151762633125182
2025-03-24,0.0009625247526107611
2025-03-25,0.0010226436152665393
2025-03-26,-0.0009824727846595817
2025-03-27,-0.0008043275179917276
2025-03-28,0.0013788699509653933
2025-03-31,-0.0017579102106086999
2025-04-01,0.0
2025-04-02,0.001389242850262551
2025-04-03,-0.003530055854939732
2025-04-04,-0.003390099537798163
2025-04-07,-0.016650956037477817
2025-04-08,0.00016727871374334696
2025-04-09,-0.005901121723214966
2025-04-10,0.011088559055101246
2025-04-11,-0.008618534658266109
2025-04-14,0.0037150731256711273
2025-04-15,0.002050495866824868
2025-04-16,0.0027148079986086928
2025-04-17,-0.0026353006124806544
2025-04-22,0.0002103617098432256
2025-04-23,0.003463564416693536
2025-04-24,0.0012649193079613656
2025-04-25,0.0015466986350189508
2025-04-28,0.0007705386765380467
2025-04-29,9.41397970521245e-06
2025-04-30,-0.00042725246886577567
2025-05-01,0.0
2025-05-02,0.004074558331557357
2025-05-05,-0.002422308222430618
2025-05-06,-0.00018100451498154646
2025-05-07,0.002639760827522296
2025-05-08,-0.0019248022797855352
2025-05-09,0.0025359465217686724
2025-05-12,0.002164258002899928
2025-05-13,0.003064448939725217
2025-05-14,0.0019467787029262876
2025-05-15,-0.00199839043907019
2025-05-16,-0.0032796607077321166
2025-05-19,0.0005748034964658212
2025-05-20,0.0017548208699643456
2025-05-21,-0.002536654179525444
2025-05-22,-0.0003436705167004456
2025-05-23,0.0008995113929364393
2025-05-26,0.0008273779070233035
2025-05-27,-0.0005216864851793668
2025-05-28,0.0027607136563307707
2025-05-29,0.0015077192542740422
2025-05-30,-0.0037703938498827626
2025-06-02,-0.0014804152094667154
2025-06-03,0.0006766521153423544
2025-06-04,0.0018488896748588448
2025-06-05,-0.0015036167611004007
2025-06-06,0.0022911627543518056
2025-06-09,0.0012597107795761216
2025-06-10,0.0008460050995385165
2025-06-11,-0.0005764886747391502
2025-06-12,-0.0012734065180525882
2025-06-13,-0.001010089463785198
2025-06-16,0.0008575712206186068
2025-06-17,0.0023175552679118193
2025-06-18,-0.0011187955796245128
2025-06-19,1.9619048225716785e-05
2025-06-20,-0.00136403621387879
2025-06-23,-0.0010957878391651516
2025-06-24,0.00016307386010212208
2025-06-25,-0.0024046558727785416
2025-06-26,0.00036345686641855865
2025-06-27,0.0010081174604114325
2025-06-30,-0.0017904822779892908
2025-07-01,0.0
2025-07-02,-0.0004992242814771612
2025-07-03,-0.0005600086255937657
2025-07-04,0.0024797391899720714
2025-07-07,-0.0014724397543414915
2025-07-08,0.0008387109736490118
2025-07-09,0.0013050886139009184
2025-07-10,-0.0010076208624228823
2025-07-11,0.00298751135801032
2025-07-14,-0.0009983347364444905
2025-07-15,-0.0005470405777220941
2025-07-16,-0.00014595978517913867
2025-07-17,-0.0010241766333017907
2025-07-18,0.00035426067961850157
2025-07-21,0.001367362411087903
2025-07-22,-0.0010988167607783716
2025-07-23,0.00034520799927748643
2025-07-24,0.0002424343882653932
2025-07-25,0.00027016654902502376
2025-07-28,-0.0006288886272755433
2025-07-29,0.0016382358852035986
2025-07-30,0.0005284139489901296
2025-07-31,-0.00014551684178661895
2025-08-01,0.0
2025-08-04,-0.004866538762209901
2025-08-05,0.00029602545215373557
2025-08-06,0.0009249433528578092
2025-08-07,0.0009166944823739874
2025-08-08,0.0007246669268902892
2025-08-11,0.00030503570699756135
2025-08-12,0.002688991004908232
2025-08-13,-0.0009353089398343088
2025-08-14,0.0005681350308333231
2025-08-15,-0.0004274591060747983
2025-08-18,1.4685911467822197e-05
2025-08-19,-2.7303140376300962e-05
2025-08-20,-0.0023229411047467345
2025-08-21,-0.0011688104171122544
2025-08-22,0.0028187306187095742
2025-08-25,0.0005113282181046406
2025-08-26,0.001002959319642781
2025-08-27,-0.0003983376587888099
2025-08-28,0.000904611824240878
2025-08-29,-0.00021144479214676136
2025-09-01,0.0
2025-09-02,0.0016644057265871228
2025-09-03,0.00011063881126507025
2025-09-04,0.0001554041772347715
2025-09-05,-0.00029216804588481395
2025-09-08,0.00028988230554625604
2025-09-09,-0.0005523228165018595
2025-09-10,0.0012025567116254656
2025-09-11,0.0021885401155325637
2025-09-12,0.0018350339854948756
2025-09-15,-2.630215533590685e-05
2025-09-16,0.0006858972589043893
2025-09-17,-0.002268362276620546
2025-09-18,-0.0003701598165124679
2025-09-19,-0.0001565822398608321
2025-09-22,-0.0009530875190088915
2025-09-23,-0.0009503663334015269
2025-09-24,6.606411779043986e-05
2025-09-25,0.0009118663994536209
2025-09-26,-0.0006745068964972099
2025-09-29,0.0008711074475618036
2025-09-30,-0.0005641238970214284
2025-10-01,0.0
2025-10-02,0.001016988605230437
2025-10-03,-0.001597336955243203
2025-10-06,0.002994001628056483
2025-10-07,0.0022972586875884557
2025-10-08,0.0011323698813472955
2025-10-09,0.0013926256934638603
2025-10-10,-0.0010460536333473651
2025-10-13,-0.004095356334317826
2025-10-14,0.001977515925047358
2025-10-15,-0.0036138447252593285
2025-10-16,1.7724186096839377e-05
2025-10-17,-0.0021610912506923033
2025-10-20,0.002174593321400132
2025-10-21,0.00015655595441473597
2025-10-22,0.0014785765861918272
2025-10-23,0.00027818092655851415
2025-10-24,0.0016760057481185853
2025-10-27,0.0006596044700866914
2025-10-28,-7.213410072294912e-05
2025-10-29,-0.001363756403042814
2025-10-30,0.001506021995432391
2025-10-31,0.0006385022633122468
2025-11-03,0.00028812529070774615
2025-11-04,0.0003123986673305609
2025-11-05,-0.002992479844171032
2025-11-06,0.00128712840047689
2025-11-07,-0.0009607418307880467
2025-11-10,0.0016963926901112636
2025-11-11,0.0013300531125503454
2025-11-12,-0.001148015466702319
2025-11-13,-0.00042105688479105916
2025-11-14,-0.0006967401351760394
2025-11-17,0.00024354541318674552
2025-11-18,0.0002837418172625105
2025-11-19,0.001311318643842697
2025-11-20,0.0012372125489832438
2025-11-21,-0.0008150284577758598
2025-11-24,-5.0959816400567034e-05
2025-11-25,0.0008782515088372732
2025-11-26,-0.0003659298219949509
2025-11-27,0.0014042668465789135
2025-11-28,0.0008621225080852694
2025-12-01,0.0
2025-12-02,-0.0006992126341201715
2025-12-03,0.00047282044064531667
2025-12-04,0.0012541617163240098
2025-12-05,0.0006044726353031812
2025-12-08,0.0009137025274023755
2025-12-09,0.0004652205966876289
2025-12-10,-6.289668904724589e-05
2025-12-11,-0.001066580565036227
2025-12-12,-0.0012821691954402596
2025-12-15,-0.0005690926895285603
2025-12-16,-0.0010451374963824493
2025-12-17,-0.00042723314562750307
2025-12-18,-0.0007991677288270655
2025-12-19,0.0007824697045619134
2025-12-22,0.002550445930218004
2025-12-23,0.00046447322605350835
2025-12-24,0.0001623599500262773
2025-12-26,0.0008821696391323616
2025-12-29,-3.624860548803133e-05
2025-12-30,-0.0007299241973544807
2025-12-31,0.0007873001981146233
2026-01-02,-3.4901568877851974e-05
2026-01-05,0.0009321880222439613
2026-01-06,0.0006874915004668695
2026-01-07,0.0012577749962815784
2026-01-08,-0.0010917427977947863
2026-01-09,0.0003272980141885469
2026-01-12,0.0009331222994417895
2026-01-13,-0.00016844224867605713
2026-01-14,0.0016774077003490896
2026-01-15,-0.0008448851676583172
2026-01-16,0.00029346839054237125
2026-01-19,-0.0017951916558966857
2026-01-20,0.0014963703754409753
2026-01-21,-0.0012164032917805817
2026-01-22,0.0024676280491151693
2026-01-23,0.0015997054253656699
2026-01-26,-0.001887149849896838
2026-01-27,-0.0008041655894890046
2026-01-28,-0.0009736447301653373
2026-01-29,0.0033201198881815143
2026-01-30,0.00014620192405935493
2026-02-02,0.0007297049077408876
2026-02-03,0.001546423353700743
2026-02-04,0.0017295688983452724
2026-02-05,0.0009522265869884105
2026-02-06,-0.00426720870761115
2026-02-09,0.005078845025173999
2026-02-10,-0.0006127251581424714
2026-02-11,-0.0017545613568942903
2026-02-12,0.00099106358568134
2026-02-13,-0.0019220840516869153
2026-02-16,0.00029426775164565714
2026-02-17,0.0013059302009966636
2026-02-18,-0.0009399976799883057
2026-02-19,0.0018884624515424018
2026-02-20,0.0011128874689496342
2026-02-23,0.000650525803175158
2026-02-24,-0.0009733867521820886
2026-02-25,0.001025540785178255
2026-02-26,0.0019804068847247914
2026-02-27,-0.0008500633342877314
2026-03-02,-0.0008968718961306453
2026-03-03,0.004339155221807305
2026-03-04,-0.0005935757852965543
2026-03-05,-0.0012632554152627602
2026-03-06,-0.0005547681407110101
2026-03-09,0.0007401653670039692
2026-03-10,0.0012490640924061871
2026-03-11,0.0013253481182690918
2026-03-12,0.0022159610875546083
2026-03-13,0.000851468296330398
2026-03-16,-0.0009364310280370794
2026-03-17,0.0010003790382523865
2026-03-18,0.0011576041915692106
2026-03-19,0.001541932641765025
2026-03-20,0.0004706299118300458
2026-03-23,-0.0019853020689003433
2026-03-24,-0.0029975039670478345
2026-03-25,0.0005945627624962434
2026-03-26,0.0004984776246005435
2026-03-27,0.00047812603650842047
2026-03-30,-0.00025829375387702845
2026-03-31,0.00028622308812001264
