date,ret
2020-01-02 00:00:00+00:00,0.0
2020-01-03 00:00:00+00:00,0.0
2020-01-04 00:00:00+00:00,0.0
2020-01-05 00:00:00+00:00,0.0
2020-01-06 00:00:00+00:00,0.0
2020-01-07 00:00:00+00:00,0.0
2020-01-08 00:00:00+00:00,0.0
2020-01-09 00:00:00+00:00,0.0
2020-01-10 00:00:00+00:00,0.0
2020-01-11 00:00:00+00:00,0.0
2020-01-12 00:00:00+00:00,0.0
2020-01-13 00:00:00+00:00,0.0
2020-01-14 00:00:00+00:00,0.0
2020-01-15 00:00:00+00:00,0.0
2020-01-16 00:00:00+00:00,0.0
2020-01-17 00:00:00+00:00,0.0
2020-01-18 00:00:00+00:00,0.0
2020-01-19 00:00:00+00:00,0.0
2020-01-20 00:00:00+00:00,0.0
2020-01-21 00:00:00+00:00,0.0
2020-01-22 00:00:00+00:00,0.0
2020-01-23 00:00:00+00:00,0.0
2020-01-24 00:00:00+00:00,0.0
2020-01-25 00:00:00+00:00,0.0
2020-01-26 00:00:00+00:00,0.0
2020-01-27 00:00:00+00:00,0.0
2020-01-28 00:00:00+00:00,0.0
2020-01-29 00:00:00+00:00,0.0
2020-01-30 00:00:00+00:00,0.0
2020-01-31 00:00:00+00:00,0.0
2020-02-01 00:00:00+00:00,0.0
2020-02-02 00:00:00+00:00,0.0
2020-02-03 00:00:00+00:00,0.0
2020-02-04 00:00:00+00:00,0.0
2020-02-05 00:00:00+00:00,0.0
2020-02-06 00:00:00+00:00,0.0
2020-02-07 00:00:00+00:00,0.0
2020-02-08 00:00:00+00:00,0.0
2020-02-09 00:00:00+00:00,0.0
2020-02-10 00:00:00+00:00,0.0
2020-02-11 00:00:00+00:00,0.0
2020-02-12 00:00:00+00:00,0.0
2020-02-13 00:00:00+00:00,0.0
2020-02-14 00:00:00+00:00,0.0
2020-02-15 00:00:00+00:00,0.0
2020-02-16 00:00:00+00:00,0.0
2020-02-17 00:00:00+00:00,0.0
2020-02-18 00:00:00+00:00,0.0
2020-02-19 00:00:00+00:00,0.0
2020-02-20 00:00:00+00:00,0.0
2020-02-21 00:00:00+00:00,-0.0005
2020-02-22 00:00:00+00:00,-0.0047561583534751
2020-02-23 00:00:00+00:00,0.0477378353601314
2020-02-24 00:00:00+00:00,-0.054400822238116
2020-02-25 00:00:00+00:00,-0.0570967715464248
2020-02-26 00:00:00+00:00,-0.0947726083183343
2020-02-27 00:00:00+00:00,0.0269395998274782
2020-02-28 00:00:00+00:00,-0.0126127633416313
2020-02-29 00:00:00+00:00,-0.02588602797048
2020-03-01 00:00:00+00:00,-0.002084166917469
2020-03-02 00:00:00+00:00,0.0714518418346125
2020-03-03 00:00:00+00:00,-0.010497308537808
2020-03-04 00:00:00+00:00,-0.0061733399629021
2020-03-05 00:00:00+00:00,0.0297588222616161
2020-03-06 00:00:00+00:00,0.0216608515222241
2020-03-07 00:00:00+00:00,-0.0535435522970481
2020-03-08 00:00:00+00:00,-0.1430354230455395
2020-03-09 00:00:00+00:00,0.0062767789639326
2020-03-10 00:00:00+00:00,-0.0022064607925385
2020-03-11 00:00:00+00:00,-0.0256383065355232
2020-03-12 00:00:00+00:00,-0.4098641183981659
2020-03-13 00:00:00+00:00,0.1199821382269453
2020-03-14 00:00:00+00:00,-0.0719742253619803
2020-03-15 00:00:00+00:00,0.0355375670600112
2020-03-16 00:00:00+00:00,-0.0860040253745857
2020-03-17 00:00:00+00:00,0.047789807482677
2020-03-18 00:00:00+00:00,0.0514990233571729
2020-03-19 00:00:00+00:00,0.1436028522547005
2020-03-20 00:00:00+00:00,-0.0056167383445904
2020-03-21 00:00:00+00:00,0.0057595918182789
2020-03-22 00:00:00+00:00,-0.0882720470210029
2020-03-23 00:00:00+00:00,0.1027029454643881
2020-03-24 00:00:00+00:00,0.0286743539664207
2020-03-25 00:00:00+00:00,-0.0193086140672407
2020-03-26 00:00:00+00:00,0.0361742932656408
2020-03-27 00:00:00+00:00,-0.0586322081806444
2020-03-28 00:00:00+00:00,-0.0037601486427761
2020-03-29 00:00:00+00:00,-0.0551025995779331
2020-03-30 00:00:00+00:00,0.0618020256946098
2020-03-31 00:00:00+00:00,0.0107498855064017
2020-04-01 00:00:00+00:00,0.0127949828896215
2020-04-02 00:00:00+00:00,0.0256223750907549
2020-04-03 00:00:00+00:00,0.0094221449882356
2020-04-04 00:00:00+00:00,0.011978289447245
2020-04-05 00:00:00+00:00,-0.008461014278096
2020-04-06 00:00:00+00:00,0.1270298061616352
2020-04-07 00:00:00+00:00,-0.0178336172395825
2020-04-08 00:00:00+00:00,0.0542710521324834
2020-04-09 00:00:00+00:00,0.0009565235851068
2020-04-10 00:00:00+00:00,-0.0789529585454041
2020-04-11 00:00:00+00:00,0.007758890345909
2020-04-12 00:00:00+00:00,0.0067606682930393
2020-04-13 00:00:00+00:00,-0.0135417556932711
2020-04-14 00:00:00+00:00,0.0038953756291593
2020-04-15 00:00:00+00:00,-0.0329552429523677
2020-04-16 00:00:00+00:00,0.0880422011028278
2020-04-17 00:00:00+00:00,-0.011150536137257
2020-04-18 00:00:00+00:00,0.0627795308095695
2020-04-19 00:00:00+00:00,-0.032854337826105
2020-04-20 00:00:00+00:00,-0.0475852481612198
2020-04-21 00:00:00+00:00,0.0050986496246157
2020-04-22 00:00:00+00:00,0.050850823283714
2020-04-23 00:00:00+00:00,0.033133610885511
2020-04-24 00:00:00+00:00,0.0162925284025734
2020-04-25 00:00:00+00:00,0.0145312036525061
2020-04-26 00:00:00+00:00,0.0104040140130726
2020-04-27 00:00:00+00:00,-0.0026855008219947
2020-04-28 00:00:00+00:00,0.0115517364132076
2020-04-29 00:00:00+00:00,0.0743415909865793
2020-04-30 00:00:00+00:00,-0.0534411237544147
2020-05-01 00:00:00+00:00,0.0300628699273855
2020-05-02 00:00:00+00:00,0.0256843643043354
2020-05-03 00:00:00+00:00,-0.0316836430825646
2020-05-04 00:00:00+00:00,-0.0068031675265789
2020-05-05 00:00:00+00:00,-0.006706348759576
2020-05-06 00:00:00+00:00,-0.0282189579602138
2020-05-07 00:00:00+00:00,0.0476398365373773
2020-05-08 00:00:00+00:00,0.0110062888726325
2020-05-09 00:00:00+00:00,-0.009313043385449
2020-05-10 00:00:00+00:00,-0.0965642237253441
2020-05-11 00:00:00+00:00,-0.0189524911601839
2020-05-12 00:00:00+00:00,0.032668574826741
2020-05-13 00:00:00+00:00,0.0260925753985943
2020-05-14 00:00:00+00:00,0.0118589983488208
2020-05-15 00:00:00+00:00,-0.0274363228748676
2020-05-16 00:00:00+00:00,0.0190321971044714
2020-05-17 00:00:00+00:00,0.0119810771621195
2020-05-18 00:00:00+00:00,0.0271432331394997
2020-05-19 00:00:00+00:00,0.0083777063975515
2020-05-20 00:00:00+00:00,-0.010682345237186
2020-05-21 00:00:00+00:00,-0.055936869287557
2020-05-22 00:00:00+00:00,0.0458332111327166
2020-05-23 00:00:00+00:00,-0.0095791761812473
2020-05-24 00:00:00+00:00,-0.0413452253111188
2020-05-25 00:00:00+00:00,0.0353478171430391
2020-05-26 00:00:00+00:00,-0.0107372507612929
2020-05-27 00:00:00+00:00,0.0186462138297011
2020-05-28 00:00:00+00:00,0.0446759683725624
2020-05-29 00:00:00+00:00,-0.0052618779490064
2020-05-30 00:00:00+00:00,0.0779731776660171
2020-05-31 00:00:00+00:00,-0.0357021842670597
2020-06-01 00:00:00+00:00,0.0660338909538809
2020-06-02 00:00:00+00:00,-0.0241130794762776
2020-06-03 00:00:00+00:00,0.0215095385599376
2020-06-04 00:00:00+00:00,0.0013070928146686
2020-06-05 00:00:00+00:00,-0.0130606191192192
2020-06-06 00:00:00+00:00,0.0056219646236916
2020-06-07 00:00:00+00:00,-0.0030294698060273
2020-06-08 00:00:00+00:00,0.0147858538067499
2020-06-09 00:00:00+00:00,-0.0041116663681913
2020-06-10 00:00:00+00:00,0.0143238797759911
2020-06-11 00:00:00+00:00,-0.089404802614776
2020-06-12 00:00:00+00:00,0.0367220106583004
2020-06-13 00:00:00+00:00,0.0120223566304807
2020-06-14 00:00:00+00:00,-0.0363999332100945
2020-06-15 00:00:00+00:00,-0.0016652135213138
2020-06-16 00:00:00+00:00,0.0132380150577691
2020-06-17 00:00:00+00:00,0.0033968807261988
2020-06-18 00:00:00+00:00,-0.0133644323628891
2020-06-19 00:00:00+00:00,-0.009515078031782
2020-06-20 00:00:00+00:00,0.0059227413737944
2020-06-21 00:00:00+00:00,-0.0013423867981537
2020-06-22 00:00:00+00:00,0.0504423915523003
2020-06-23 00:00:00+00:00,0.0081265385465644
2020-06-24 00:00:00+00:00,-0.0299877416533711
2020-06-25 00:00:00+00:00,-0.0026947455711039
2020-06-26 00:00:00+00:00,-0.0046760038441319
2020-06-27 00:00:00+00:00,-0.0533056458349615
2020-06-28 00:00:00+00:00,0.0176930699768913
2020-06-29 00:00:00+00:00,0.0125556510842478
2020-06-30 00:00:00+00:00,-0.0115500286099779
2020-07-01 00:00:00+00:00,0.0251372830882857
2020-07-02 00:00:00+00:00,-0.0180310961290922
2020-07-03 00:00:00+00:00,0.0027836888109387
2020-07-04 00:00:00+00:00,0.0313769084580068
2020-07-05 00:00:00+00:00,0.0172623215568308
2020-07-06 00:00:00+00:00,0.0555329838489805
2020-07-07 00:00:00+00:00,0.0246617894142354
2020-07-08 00:00:00+00:00,0.0682156610336267
2020-07-09 00:00:00+00:00,-0.0185737995945719
2020-07-10 00:00:00+00:00,-0.0087057683241197
2020-07-11 00:00:00+00:00,0.0193586431603107
2020-07-12 00:00:00+00:00,0.022002179154336
2020-07-13 00:00:00+00:00,-0.0207802315801371
2020-07-14 00:00:00+00:00,0.0206520304601103
2020-07-15 00:00:00+00:00,0.0001264027355075
2020-07-16 00:00:00+00:00,-0.0165233528607454
2020-07-17 00:00:00+00:00,0.0034345137976744
2020-07-18 00:00:00+00:00,0.0043281844022565
2020-07-19 00:00:00+00:00,0.0086182625771862
2020-07-20 00:00:00+00:00,-0.0392276893188406
2020-07-21 00:00:00+00:00,0.0339967718875455
2020-07-22 00:00:00+00:00,0.0244814617569811
2020-07-23 00:00:00+00:00,0.005556400473356
2020-07-24 00:00:00+00:00,-0.0252285616461035
2020-07-25 00:00:00+00:00,0.0436777976344119
2020-07-26 00:00:00+00:00,-0.0109180176611598
2020-07-27 00:00:00+00:00,-0.0113843304494893
2020-07-28 00:00:00+00:00,0.0288243935957489
2020-07-29 00:00:00+00:00,-0.0115834233636871
2020-07-30 00:00:00+00:00,0.0188084764003513
2020-07-31 00:00:00+00:00,0.0184740168155048
2020-08-01 00:00:00+00:00,0.0692537971676346
2020-08-02 00:00:00+00:00,-0.0684470202126111
2020-08-03 00:00:00+00:00,0.0247016678093575
2020-08-04 00:00:00+00:00,0.0284004656065369
2020-08-05 00:00:00+00:00,0.0116388709796314
2020-08-06 00:00:00+00:00,0.0180969082645706
2020-08-07 00:00:00+00:00,-0.0188887901302741
2020-08-08 00:00:00+00:00,0.0565771242627572
2020-08-09 00:00:00+00:00,0.0164988451751836
2020-08-10 00:00:00+00:00,0.0402783847069764
2020-08-11 00:00:00+00:00,-0.0581602679393923
2020-08-12 00:00:00+00:00,0.047822235242528
2020-08-13 00:00:00+00:00,0.0238587642133347
2020-08-14 00:00:00+00:00,0.0235582493576693
2020-08-15 00:00:00+00:00,0.0037894504957453
2020-08-16 00:00:00+00:00,0.0519659976774625
2020-08-17 00:00:00+00:00,-0.0092038849466356
2020-08-18 00:00:00+00:00,-0.0271871043517273
2020-08-19 00:00:00+00:00,-0.0352024870670956
2020-08-20 00:00:00+00:00,0.0823570118093658
2020-08-21 00:00:00+00:00,-0.0556975049458087
2020-08-22 00:00:00+00:00,0.045602351345145
2020-08-23 00:00:00+00:00,0.0050601418197955
2020-08-24 00:00:00+00:00,0.0221884512950857
2020-08-25 00:00:00+00:00,-0.0707291685871887
2020-08-26 00:00:00+00:00,0.0187032223313741
2020-08-27 00:00:00+00:00,-0.0456470755381601
2020-08-28 00:00:00+00:00,0.031940172621365
2020-08-29 00:00:00+00:00,0.0170779368148567
2020-08-30 00:00:00+00:00,0.0279991136504196
2020-08-31 00:00:00+00:00,-0.0164844218189698
2020-09-01 00:00:00+00:00,0.0261047106985381
2020-09-02 00:00:00+00:00,-0.0736588354820311
2020-09-03 00:00:00+00:00,-0.1768135035378601
2020-09-04 00:00:00+00:00,0.0678367665948918
2020-09-05 00:00:00+00:00,-0.1080417237197321
2020-09-06 00:00:00+00:00,0.0527301414566568
2020-09-07 00:00:00+00:00,0.0053644764665886
2020-09-08 00:00:00+00:00,-0.020551513474481
2020-09-09 00:00:00+00:00,0.0404805008519534
2020-09-10 00:00:00+00:00,0.0315436944650261
2020-09-11 00:00:00+00:00,0.0166084635354267
2020-09-12 00:00:00+00:00,0.0359118689272806
2020-09-13 00:00:00+00:00,-0.0408196733686302
2020-09-14 00:00:00+00:00,0.004613635712935
2020-09-15 00:00:00+00:00,-0.0556661059870125
2020-09-16 00:00:00+00:00,0.012007197660029
2020-09-17 00:00:00+00:00,0.0127916252725307
2020-09-18 00:00:00+00:00,-0.0112718353242925
2020-09-19 00:00:00+00:00,0.0017292865360004
2020-09-20 00:00:00+00:00,-0.0385671732512121
2020-09-21 00:00:00+00:00,-0.0947256473956625
2020-09-22 00:00:00+00:00,0.0407242922266712
2020-09-23 00:00:00+00:00,-0.0730671713266323
2020-09-24 00:00:00+00:00,0.0888620549252724
2020-09-25 00:00:00+00:00,0.0362175277281356
2020-09-26 00:00:00+00:00,0.0164600590240915
2020-09-27 00:00:00+00:00,0.0042744661611189
2020-09-28 00:00:00+00:00,-0.0029225612713389
2020-09-29 00:00:00+00:00,0.0240718504940474
2020-09-30 00:00:00+00:00,0.0080348764850505
2020-10-01 00:00:00+00:00,-0.0193244301478627
2020-10-02 00:00:00+00:00,-0.0411320635364986
2020-10-03 00:00:00+00:00,-0.0032716814651884
2020-10-04 00:00:00+00:00,0.0110647307864243
2020-10-05 00:00:00+00:00,-0.0026348980671879
2020-10-06 00:00:00+00:00,-0.078927990643021
2020-10-07 00:00:00+00:00,0.0249413283104595
2020-10-08 00:00:00+00:00,0.0397956997847683
2020-10-09 00:00:00+00:00,0.0604020085375019
2020-10-10 00:00:00+00:00,0.0050340983038231
2020-10-11 00:00:00+00:00,0.0213330146381404
2020-10-12 00:00:00+00:00,0.0151076412924936
2020-10-13 00:00:00+00:00,-0.0093827327213239
2020-10-14 00:00:00+00:00,-0.0291562033012631
2020-10-15 00:00:00+00:00,-0.0091067932675488
2020-10-16 00:00:00+00:00,-0.0431983986253378
2020-10-17 00:00:00+00:00,0.0190863571665028
2020-10-18 00:00:00+00:00,0.0260760607883992
2020-10-19 00:00:00+00:00,-0.0258745824915992
2020-10-20 00:00:00+00:00,-0.0590068650162866
2020-10-21 00:00:00+00:00,0.0416300158944052
2020-10-22 00:00:00+00:00,0.0433830732903115
2020-10-23 00:00:00+00:00,-0.0070974475459341
2020-10-24 00:00:00+00:00,0.0124658998057494
2020-10-25 00:00:00+00:00,-0.0253435788248117
2020-10-26 00:00:00+00:00,-0.0288309407091251
2020-10-27 00:00:00+00:00,0.02932269459871
2020-10-28 00:00:00+00:00,-0.059684471727169
2020-10-29 00:00:00+00:00,-0.0334759780334369
2020-10-30 00:00:00+00:00,-0.0121603560387342
2020-10-31 00:00:00+00:00,-0.0015240316435975
2020-11-01 00:00:00+00:00,0.0144625620263645
2020-11-02 00:00:00+00:00,-0.0456143208404806
2020-11-03 00:00:00+00:00,-0.0292689907825865
2020-11-04 00:00:00+00:00,-0.0126145154599498
2020-11-05 00:00:00+00:00,0.0471131944160944
2020-11-06 00:00:00+00:00,0.1289333872002636
2020-11-07 00:00:00+00:00,-0.0350800764165854
2020-11-08 00:00:00+00:00,0.0648183544490163
2020-11-09 00:00:00+00:00,-0.0178157086805635
2020-11-10 00:00:00+00:00,0.0595818736284269
2020-11-11 00:00:00+00:00,-0.0312078500525876
2020-11-12 00:00:00+00:00,-0.0134678113998994
2020-11-13 00:00:00+00:00,0.0753402591871883
2020-11-14 00:00:00+00:00,-0.0081003689589406
2020-11-15 00:00:00+00:00,0.0045371733674122
2020-11-16 00:00:00+00:00,0.05538890752375
2020-11-17 00:00:00+00:00,0.0594052374631574
2020-11-18 00:00:00+00:00,-0.0440860998960787
2020-11-19 00:00:00+00:00,0.0192000311818696
2020-11-20 00:00:00+00:00,0.0445874917411106
2020-11-21 00:00:00+00:00,0.094542307871255
2020-11-22 00:00:00+00:00,-0.0501206601345077
2020-11-23 00:00:00+00:00,0.084478358675944
2020-11-24 00:00:00+00:00,0.028302641502153
2020-11-25 00:00:00+00:00,-0.059000097229237
2020-11-26 00:00:00+00:00,-0.0982106947484139
2020-11-27 00:00:00+00:00,-0.0045962662432827
2020-11-28 00:00:00+00:00,0.0318139076578242
2020-11-29 00:00:00+00:00,0.0289049042489188
2020-11-30 00:00:00+00:00,0.0468647019555295
2020-12-01 00:00:00+00:00,-0.0484570208828669
2020-12-02 00:00:00+00:00,0.065024728316761
2020-12-03 00:00:00+00:00,0.0250788880537856
2020-12-04 00:00:00+00:00,-0.0922241621563541
2020-12-05 00:00:00+00:00,0.0600801678575901
2020-12-06 00:00:00+00:00,-0.0135188270247808
2020-12-07 00:00:00+00:00,-0.0007056315526355
2020-12-08 00:00:00+00:00,-0.0737059196632936
2020-12-09 00:00:00+00:00,0.026841658402476
2020-12-10 00:00:00+00:00,-0.0371018044803716
2020-12-11 00:00:00+00:00,-0.0348059751612137
2020-12-12 00:00:00+00:00,0.0475712799479436
2020-12-13 00:00:00+00:00,0.0357665975526865
2020-12-14 00:00:00+00:00,0.0136789440605058
2020-12-15 00:00:00+00:00,0.012673480144002
2020-12-16 00:00:00+00:00,0.0523312550807178
2020-12-17 00:00:00+00:00,-0.0087074628045805
2020-12-18 00:00:00+00:00,0.0239412194336848
2020-12-19 00:00:00+00:00,0.006967907469613
2020-12-20 00:00:00+00:00,-0.034420654339974
2020-12-21 00:00:00+00:00,-0.0498126079853473
2020-12-22 00:00:00+00:00,0.0189192500896584
2020-12-23 00:00:00+00:00,-0.1376048353018955
2020-12-24 00:00:00+00:00,0.1019579815424077
2020-12-25 00:00:00+00:00,-0.0031392063996156
2020-12-26 00:00:00+00:00,-0.0021506100385273
2020-12-27 00:00:00+00:00,0.0113901715215631
2020-12-28 00:00:00+00:00,0.0579661278560516
2020-12-29 00:00:00+00:00,-0.0205209867424664
2020-12-30 00:00:00+00:00,-0.0044370209985758
2020-12-31 00:00:00+00:00,0.0242851240897858
2021-01-01 00:00:00+00:00,0.0199044017742976
2021-01-02 00:00:00+00:00,0.0159275507794167
2021-01-03 00:00:00+00:00,0.0896547902151066
2021-01-04 00:00:00+00:00,0.018052626081819
2021-01-05 00:00:00+00:00,0.0495065122906812
2021-01-06 00:00:00+00:00,0.0973919858595661
2021-01-07 00:00:00+00:00,0.0028183076289658
2021-01-08 00:00:00+00:00,0.0156583126189718
2021-01-09 00:00:00+00:00,0.0906937707810714
2021-01-10 00:00:00+00:00,-0.0158093742599113
2021-01-11 00:00:00+00:00,-0.1121518509675787
2021-01-12 00:00:00+00:00,0.0077902760774681
2021-01-13 00:00:00+00:00,0.0971013578232724
2021-01-14 00:00:00+00:00,0.0323313995661717
2021-01-15 00:00:00+00:00,0.0276503532630335
2021-01-16 00:00:00+00:00,0.052102209942636
2021-01-17 00:00:00+00:00,0.0493862134772687
2021-01-18 00:00:00+00:00,0.0377572064626044
2021-01-19 00:00:00+00:00,-0.0558943615655051
2021-01-20 00:00:00+00:00,0.0343142596317575
2021-01-21 00:00:00+00:00,-0.1496985112537491
2021-01-22 00:00:00+00:00,0.0827201164061513
2021-01-23 00:00:00+00:00,0.0567936596945077
2021-01-24 00:00:00+00:00,0.0424284022858743
2021-01-25 00:00:00+00:00,-0.0268164730666411
2021-01-26 00:00:00+00:00,0.0418414003987617
2021-01-27 00:00:00+00:00,-0.0757568540156635
2021-01-28 00:00:00+00:00,0.1255054349322581
2021-01-29 00:00:00+00:00,0.0226888957634752
2021-01-30 00:00:00+00:00,0.0450927684210114
2021-01-31 00:00:00+00:00,-0.0148646847126957
2021-02-01 00:00:00+00:00,0.0559775836222572
2021-02-02 00:00:00+00:00,0.0184172256179662
2021-02-03 00:00:00+00:00,0.0592350181940547
2021-02-04 00:00:00+00:00,0.0174892129543627
2021-02-05 00:00:00+00:00,0.1237825265993779
2021-02-06 00:00:00+00:00,-0.047204429823528
2021-02-07 00:00:00+00:00,0.0125246184543907
2021-02-08 00:00:00+00:00,0.0895990920339853
2021-02-09 00:00:00+00:00,0.0856311201540679
2021-02-10 00:00:00+00:00,0.0441283260196655
2021-02-11 00:00:00+00:00,0.1069874437000945
2021-02-12 00:00:00+00:00,0.0770046401740549
2021-02-13 00:00:00+00:00,0.0378142654555652
2021-02-14 00:00:00+00:00,-0.073076192569467
2021-02-15 00:00:00+00:00,-0.0304458941509972
2021-02-16 00:00:00+00:00,0.0015244314130398
2021-02-17 00:00:00+00:00,0.0434397013629202
2021-02-18 00:00:00+00:00,0.0369159196501891
2021-02-19 00:00:00+00:00,0.0365744465451926
2021-02-20 00:00:00+00:00,-0.0572619749226929
2021-02-21 00:00:00+00:00,0.0349174833120419
2021-02-22 00:00:00+00:00,-0.0706929896204987
2021-02-23 00:00:00+00:00,-0.121343401803579
2021-02-24 00:00:00+00:00,0.0405669607369965
2021-02-25 00:00:00+00:00,-0.0565171848784468
2021-02-26 00:00:00+00:00,-0.0015170331072169
2021-02-27 00:00:00+00:00,0.0241230775009423
2021-02-28 00:00:00+00:00,-0.0443474603300481
2021-03-01 00:00:00+00:00,0.1077894805288339
2021-03-02 00:00:00+00:00,-0.0015706301092563
2021-03-03 00:00:00+00:00,0.0664213938217515
2021-03-04 00:00:00+00:00,-0.0120605719485541
2021-03-05 00:00:00+00:00,-0.0093803291675411
2021-03-06 00:00:00+00:00,0.016976960936876
2021-03-07 00:00:00+00:00,0.0606912857201954
2021-03-08 00:00:00+00:00,0.05243513721806
2021-03-09 00:00:00+00:00,0.0704547068923783
2021-03-10 00:00:00+00:00,-0.0434972583332825
2021-03-11 00:00:00+00:00,0.0504911818091121
2021-03-12 00:00:00+00:00,-0.0027795195660996
2021-03-13 00:00:00+00:00,0.0523254481828104
2021-03-14 00:00:00+00:00,-0.0350758727653514
2021-03-15 00:00:00+00:00,-0.008641262005952
2021-03-16 00:00:00+00:00,0.0385516490373491
2021-03-17 00:00:00+00:00,0.0372764181484085
2021-03-18 00:00:00+00:00,-0.0092762037044399
2021-03-19 00:00:00+00:00,0.0239627894148343
2021-03-20 00:00:00+00:00,-0.0182725286255352
2021-03-21 00:00:00+00:00,0.0017044242084691
2021-03-22 00:00:00+00:00,-0.0542189159307123
2021-03-23 00:00:00+00:00,0.0149921872582513
2021-03-24 00:00:00+00:00,-0.0748492947957165
2021-03-25 00:00:00+00:00,-0.0078493719162275
2021-03-26 00:00:00+00:00,0.10019894649411
2021-03-27 00:00:00+00:00,0.0400348088728654
2021-03-28 00:00:00+00:00,0.0273709614657054
2021-03-29 00:00:00+00:00,0.0527431320334463
2021-03-30 00:00:00+00:00,0.0135688644849687
2021-03-31 00:00:00+00:00,0.0118149825553622
2021-04-01 00:00:00+00:00,0.0130390630408541
2021-04-02 00:00:00+00:00,0.0314452551858783
2021-04-03 00:00:00+00:00,-0.0699987730705409
2021-04-04 00:00:00+00:00,0.078486727117174
2021-04-05 00:00:00+00:00,0.0378792398071144
2021-04-06 00:00:00+00:00,0.0122470369799369
2021-04-07 00:00:00+00:00,-0.0754421507903952
2021-04-08 00:00:00+00:00,0.0681402801240419
2021-04-09 00:00:00+00:00,0.011954100847148
2021-04-10 00:00:00+00:00,0.0102322813896908
2021-04-11 00:00:00+00:00,0.0092437982933698
2021-04-12 00:00:00+00:00,-0.0063392079376118
2021-04-13 00:00:00+00:00,0.0251823408585382
2021-04-14 00:00:00+00:00,0.0149025213444192
2021-04-15 00:00:00+00:00,0.0622430135325714
2021-04-16 00:00:00+00:00,0.0245843047170555
2021-04-17 00:00:00+00:00,-0.0198973171209645
2021-04-18 00:00:00+00:00,-0.0872183274829723
2021-04-19 00:00:00+00:00,-0.0675258550999753
2021-04-20 00:00:00+00:00,0.0441624080454907
2021-04-21 00:00:00+00:00,-0.0447471576138094
2021-04-22 00:00:00+00:00,-0.0635269080109924
2021-04-23 00:00:00+00:00,-0.0138206160910099
2021-04-24 00:00:00+00:00,-0.0735169961602437
2021-04-25 00:00:00+00:00,0.0143015559947023
2021-04-26 00:00:00+00:00,0.169309104004963
2021-04-27 00:00:00+00:00,0.1019661328845799
2021-04-28 00:00:00+00:00,-0.0123946824497762
2021-04-29 00:00:00+00:00,0.0069724873127619
2021-04-30 00:00:00+00:00,0.0647041546269817
2021-05-01 00:00:00+00:00,0.023737080304164
2021-05-02 00:00:00+00:00,-0.0137250682209041
2021-05-03 00:00:00+00:00,0.0384907875210227
2021-05-04 00:00:00+00:00,-0.0845422364118087
2021-05-05 00:00:00+00:00,0.1112093720681701
2021-05-06 00:00:00+00:00,0.0171681211165381
2021-05-07 00:00:00+00:00,-0.0030064047316718
2021-05-08 00:00:00+00:00,0.0076174541358255
2021-05-09 00:00:00+00:00,0.0065396871115425
2021-05-10 00:00:00+00:00,-0.0953477276857086
2021-05-11 00:00:00+00:00,0.084189740397442
2021-05-12 00:00:00+00:00,-0.1552889734475372
2021-05-13 00:00:00+00:00,0.0347029771682707
2021-05-14 00:00:00+00:00,0.063935501998928
2021-05-15 00:00:00+00:00,-0.0710972649871964
2021-05-16 00:00:00+00:00,0.0073161905114933
2021-05-17 00:00:00+00:00,-0.0676804231805229
2021-05-18 00:00:00+00:00,0.0517714688085471
2021-05-19 00:00:00+00:00,-0.3568576501294088
2021-05-20 00:00:00+00:00,0.1938966636031012
2021-05-21 00:00:00+00:00,-0.1646823164574213
2021-05-22 00:00:00+00:00,-0.0697804534134353
2021-05-23 00:00:00+00:00,-0.1486208176632923
2021-05-24 00:00:00+00:00,0.2232956732040736
2021-05-25 00:00:00+00:00,0.0107500170639476
2021-05-26 00:00:00+00:00,0.1372117164582032
2021-05-27 00:00:00+00:00,-0.0478712431706161
2021-05-28 00:00:00+00:00,-0.1269443492915005
2021-05-29 00:00:00+00:00,-0.0568064825539052
2021-05-30 00:00:00+00:00,0.0498686598439434
2021-05-31 00:00:00+00:00,0.0909174359405751
2021-06-01 00:00:00+00:00,-0.0170104010414677
2021-06-02 00:00:00+00:00,0.049230897470036
2021-06-03 00:00:00+00:00,0.0613061806998008
2021-06-04 00:00:00+00:00,-0.0917992828686663
2021-06-05 00:00:00+00:00,-0.0280567882420059
2021-06-06 00:00:00+00:00,0.0279392368551482
2021-06-07 00:00:00+00:00,-0.0941224438390732
2021-06-08 00:00:00+00:00,-0.0164366196334634
2021-06-09 00:00:00+00:00,0.0485647194621509
2021-06-10 00:00:00+00:00,-0.0559230889718197
2021-06-11 00:00:00+00:00,-0.0470845566785882
2021-06-12 00:00:00+00:00,-0.0246677516677305
2021-06-13 00:00:00+00:00,0.0738856533886128
2021-06-14 00:00:00+00:00,0.0399020667753346
2021-06-15 00:00:00+00:00,0.0053761806873521
2021-06-16 00:00:00+00:00,-0.0387247589598711
2021-06-17 00:00:00+00:00,0.0068652812742227
2021-06-18 00:00:00+00:00,-0.0698576458832785
2021-06-19 00:00:00+00:00,-0.0291448001884827
2021-06-20 00:00:00+00:00,0.0170995698668713
2021-06-21 00:00:00+00:00,-0.2241716028620403
2021-06-22 00:00:00+00:00,-0.0350311666195023
2021-06-23 00:00:00+00:00,0.102099368657984
2021-06-24 00:00:00+00:00,0.0370716246888287
2021-06-25 00:00:00+00:00,-0.104763878401054
2021-06-26 00:00:00+00:00,0.0161804722858795
2021-06-27 00:00:00+00:00,0.0509509079912236
2021-06-28 00:00:00+00:00,0.0376935604111844
2021-06-29 00:00:00+00:00,0.0749662626169219
2021-06-30 00:00:00+00:00,0.0167482446206127
2021-07-01 00:00:00+00:00,-0.0548533641366293
2021-07-02 00:00:00+00:00,0.0102690380415426
2021-07-03 00:00:00+00:00,0.0335240534949552
2021-07-04 00:00:00+00:00,0.0339200084475341
2021-07-05 00:00:00+00:00,-0.0275482663799095
2021-07-06 00:00:00+00:00,0.0628621875293214
2021-07-07 00:00:00+00:00,0.0189514985148782
2021-07-08 00:00:00+00:00,-0.0733155361861864
2021-07-09 00:00:00+00:00,0.0281466902637189
2021-07-10 00:00:00+00:00,-0.0090138800156768
2021-07-11 00:00:00+00:00,0.0213086843993623
2021-07-12 00:00:00+00:00,-0.0330748956568265
2021-07-13 00:00:00+00:00,-0.0241631329658383
2021-07-14 00:00:00+00:00,0.0135418499214555
2021-07-15 00:00:00+00:00,-0.0310502990873302
2021-07-16 00:00:00+00:00,-0.0613473280987857
2021-07-17 00:00:00+00:00,0.0102113904671651
2021-07-18 00:00:00+00:00,0.004482829252868
2021-07-19 00:00:00+00:00,-0.067781685561199
2021-07-20 00:00:00+00:00,-0.0538157961471371
2021-07-21 00:00:00+00:00,0.0983382760798714
2021-07-22 00:00:00+00:00,0.0341943474012433
2021-07-23 00:00:00+00:00,0.0526557397628816
2021-07-24 00:00:00+00:00,0.0308680609572372
2021-07-25 00:00:00+00:00,0.0247701875895138
2021-07-26 00:00:00+00:00,0.0059856911005486
2021-07-27 00:00:00+00:00,0.0423064847176666
2021-07-28 00:00:00+00:00,0.0069470939394166
2021-07-29 00:00:00+00:00,0.0317961272548751
2021-07-30 00:00:00+00:00,0.0360618512161093
2021-07-31 00:00:00+00:00,0.0232967009956269
2021-08-01 00:00:00+00:00,-0.0238866367354387
2021-08-02 00:00:00+00:00,0.0234048881230695
2021-08-03 00:00:00+00:00,-0.0084574962871829
2021-08-04 00:00:00+00:00,0.0435552670999159
2021-08-05 00:00:00+00:00,0.0308153436675907
2021-08-06 00:00:00+00:00,0.0345764760260146
2021-08-07 00:00:00+00:00,0.0391570258887058
2021-08-08 00:00:00+00:00,-0.0608820360398276
2021-08-09 00:00:00+00:00,0.0607918628468088
2021-08-10 00:00:00+00:00,0.0404121174596623
2021-08-11 00:00:00+00:00,0.0460399178533777
2021-08-12 00:00:00+00:00,-0.0209994628515566
2021-08-13 00:00:00+00:00,0.0883464614356083
2021-08-14 00:00:00+00:00,0.0108325935214504
2021-08-15 00:00:00+00:00,0.023251585871176
2021-08-16 00:00:00+00:00,-0.0200558297610968
2021-08-17 00:00:00+00:00,-0.0422023540288473
2021-08-18 00:00:00+00:00,0.0050561240638501
2021-08-19 00:00:00+00:00,0.0703480817317261
2021-08-20 00:00:00+00:00,0.0502491682171337
2021-08-21 00:00:00+00:00,0.0051877611778811
2021-08-22 00:00:00+00:00,0.032884293817302
2021-08-23 00:00:00+00:00,0.0285547986296184
2021-08-24 00:00:00+00:00,-0.0760828180031822
2021-08-25 00:00:00+00:00,0.0458127037507226
2021-08-26 00:00:00+00:00,-0.0789940009875031
2021-08-27 00:00:00+00:00,0.0723274474903451
2021-08-28 00:00:00+00:00,0.0037822305120457
2021-08-29 00:00:00+00:00,-0.0015568147198627
2021-08-30 00:00:00+00:00,-0.0268974018205701
2021-08-31 00:00:00+00:00,0.0371540022800944
2021-09-01 00:00:00+00:00,0.054173189788677
2021-09-02 00:00:00+00:00,0.0008303918691623
2021-09-03 00:00:00+00:00,0.0232988999300695
2021-09-04 00:00:00+00:00,0.0419280763047447
2021-09-05 00:00:00+00:00,0.0357338041367107
2021-09-06 00:00:00+00:00,-0.0038170260200988
2021-09-07 00:00:00+00:00,-0.1931093679053259
2021-09-08 00:00:00+00:00,0.020305149565761
2021-09-09 00:00:00+00:00,0.0458012068866575
2021-09-10 00:00:00+00:00,-0.0451779467246567
2021-09-11 00:00:00+00:00,0.0185862330957286
2021-09-12 00:00:00+00:00,0.0512156332310465
2021-09-13 00:00:00+00:00,-0.0569111194594755
2021-09-14 00:00:00+00:00,0.0503685085796866
2021-09-15 00:00:00+00:00,0.0475677093890637
2021-09-16 00:00:00+00:00,-0.0153277976022289
2021-09-17 00:00:00+00:00,-0.0408384548430617
2021-09-18 00:00:00+00:00,0.0166945568207851
2021-09-19 00:00:00+00:00,-0.0326411766988105
2021-09-20 00:00:00+00:00,-0.1440943391290099
2021-09-21 00:00:00+00:00,-0.0642743894541256
2021-09-22 00:00:00+00:00,0.1118183063432652
2021-09-23 00:00:00+00:00,0.0410746521109153
2021-09-24 00:00:00+00:00,-0.0703096006622288
2021-09-25 00:00:00+00:00,-0.0113503156266327
2021-09-26 00:00:00+00:00,-0.0056898811714569
2021-09-27 00:00:00+00:00,-0.0329395565200292
2021-09-28 00:00:00+00:00,-0.0375061579346013
2021-09-29 00:00:00+00:00,0.0237905170644176
2021-09-30 00:00:00+00:00,0.0539718794537888
2021-10-01 00:00:00+00:00,0.1065040436107245
2021-10-02 00:00:00+00:00,0.0186742664540561
2021-10-03 00:00:00+00:00,0.0309643037993967
2021-10-04 00:00:00+00:00,-0.011274004141226
2021-10-05 00:00:00+00:00,0.0367634177086798
2021-10-06 00:00:00+00:00,-0.0028304062946193
2021-10-07 00:00:00+00:00,0.0054137030274913
2021-10-08 00:00:00+00:00,0.0077754074033642
2021-10-09 00:00:00+00:00,0.0130743958841633
2021-10-10 00:00:00+00:00,-0.0591262054389865
2021-10-11 00:00:00+00:00,0.0009260120490996
2021-10-12 00:00:00+00:00,-0.0116107601892237
2021-10-13 00:00:00+00:00,0.0418203632438297
2021-10-14 00:00:00+00:00,0.0227095469375913
2021-10-15 00:00:00+00:00,0.0112387834863723
2021-10-16 00:00:00+00:00,0.0149335494803455
2021-10-17 00:00:00+00:00,-0.0171663785339452
2021-10-18 00:00:00+00:00,-0.0079400609839431
2021-10-19 00:00:00+00:00,0.0052330557295519
2021-10-20 00:00:00+00:00,0.0460206866419108
2021-10-21 00:00:00+00:00,-0.025020392792537
2021-10-22 00:00:00+00:00,0.0191694495243576
2021-10-23 00:00:00+00:00,0.0094972486324107
2021-10-24 00:00:00+00:00,-0.0197322650498238
2021-10-25 00:00:00+00:00,0.0444663812513851
2021-10-26 00:00:00+00:00,0.0042119641905608
2021-10-27 00:00:00+00:00,-0.0959545996999952
2021-10-28 00:00:00+00:00,0.0499896511447565
2021-10-29 00:00:00+00:00,0.0482175186376395
2021-10-30 00:00:00+00:00,0.0387708531614423
2021-10-31 00:00:00+00:00,0.0186115787188376
2021-11-01 00:00:00+00:00,0.0281149487209762
2021-11-02 00:00:00+00:00,0.0505829385618669
2021-11-03 00:00:00+00:00,0.0039079481072297
2021-11-04 00:00:00+00:00,-0.0177765659321082
2021-11-05 00:00:00+00:00,-0.0099302113252042
2021-11-06 00:00:00+00:00,0.00327310997666
2021-11-07 00:00:00+00:00,0.0202400038164086
2021-11-08 00:00:00+00:00,0.0276549999938743
2021-11-09 00:00:00+00:00,0.0036648251566463
2021-11-10 00:00:00+00:00,-0.0504690478471684
2021-11-11 00:00:00+00:00,0.0299313565488741
2021-11-12 00:00:00+00:00,-0.0092165120813602
2021-11-13 00:00:00+00:00,0.0192808101333258
2021-11-14 00:00:00+00:00,0.0057036451806217
2021-11-15 00:00:00+00:00,-0.0196719445217601
2021-11-16 00:00:00+00:00,-0.0850986459052544
2021-11-17 00:00:00+00:00,0.0229169026488714
2021-11-18 00:00:00+00:00,-0.0659997406591351
2021-11-19 00:00:00+00:00,0.0665933077774671
2021-11-20 00:00:00+00:00,0.0398923379690793
2021-11-21 00:00:00+00:00,-0.0016299879209759
2021-11-22 00:00:00+00:00,-0.029233593337564
2021-11-23 00:00:00+00:00,0.03983550725216
2021-11-24 00:00:00+00:00,-0.0041831409665502
2021-11-25 00:00:00+00:00,0.0384484379305865
2021-11-26 00:00:00+00:00,-0.0692363691797201
2021-11-27 00:00:00+00:00,0.0248018567166522
2021-11-28 00:00:00+00:00,0.0059616808267616
2021-11-29 00:00:00+00:00,0.0200865175792028
2021-11-30 00:00:00+00:00,-0.0123460673003333
2021-12-01 00:00:00+00:00,0.0058402818333643
2021-12-02 00:00:00+00:00,-0.0122332935520452
2021-12-03 00:00:00+00:00,-0.0517468552406875
2021-12-04 00:00:00+00:00,-0.1296680674950656
2021-12-05 00:00:00+00:00,-0.053538599837884
2021-12-06 00:00:00+00:00,0.0232281446308657
2021-12-07 00:00:00+00:00,0.013300562696521
2021-12-08 00:00:00+00:00,0.0368885347445542
2021-12-09 00:00:00+00:00,-0.0967364297069923
2021-12-10 00:00:00+00:00,-0.0382181442411444
2021-12-11 00:00:00+00:00,0.0521327266833174
2021-12-12 00:00:00+00:00,0.0068673827044166
2021-12-13 00:00:00+00:00,-0.1116331262324549
2021-12-14 00:00:00+00:00,0.0323185871218438
2021-12-15 00:00:00+00:00,0.03379654961902
2021-12-16 00:00:00+00:00,-0.0123974839474039
2021-12-17 00:00:00+00:00,-0.0093167180313481
2021-12-18 00:00:00+00:00,0.0230677238555155
2021-12-19 00:00:00+00:00,-0.0129982955287243
2021-12-20 00:00:00+00:00,-0.0124769144593882
2021-12-21 00:00:00+00:00,0.0463505762894206
2021-12-22 00:00:00+00:00,0.0338111124173057
2021-12-23 00:00:00+00:00,0.076807956603472
2021-12-24 00:00:00+00:00,-0.01551354844647
2021-12-25 00:00:00+00:00,0.0258673099625334
2021-12-26 00:00:00+00:00,0.0177086114410085
2021-12-27 00:00:00+00:00,0.0034904086396598
2021-12-28 00:00:00+00:00,-0.0852622558449499
2021-12-29 00:00:00+00:00,-0.0241893868053564
2021-12-30 00:00:00+00:00,0.0159629976307614
2021-12-31 00:00:00+00:00,-0.0104429823406805
2022-01-01 00:00:00+00:00,0.0508653650127126
2022-01-02 00:00:00+00:00,0.0114674586304262
2022-01-03 00:00:00+00:00,-0.005775406143662
2022-01-04 00:00:00+00:00,-0.0039749410148149
2022-01-05 00:00:00+00:00,-0.0744874868397212
2022-01-06 00:00:00+00:00,-0.0024401684695165
2022-01-07 00:00:00+00:00,-0.0554786279028782
2022-01-08 00:00:00+00:00,-0.0390299547256183
2022-01-09 00:00:00+00:00,0.0229119945873085
2022-01-10 00:00:00+00:00,-0.047154960397989
2022-01-11 00:00:00+00:00,0.0507920623054685
2022-01-12 00:00:00+00:00,0.0596024250307629
2022-01-13 00:00:00+00:00,-0.043447371089653
2022-01-14 00:00:00+00:00,0.0227030559183464
2022-01-15 00:00:00+00:00,0.0123283902203912
2022-01-16 00:00:00+00:00,0.0030399244494727
2022-01-17 00:00:00+00:00,-0.0474990451278975
2022-01-18 00:00:00+00:00,-0.016367047669023
2022-01-19 00:00:00+00:00,-0.0397172616227146
2022-01-20 00:00:00+00:00,-0.0390350068002061
2022-01-21 00:00:00+00:00,-0.1329795544936206
2022-01-22 00:00:00+00:00,-0.0823096208128491
2022-01-23 00:00:00+00:00,0.0315526587218057
2022-01-24 00:00:00+00:00,-0.0410410585507237
2022-01-25 00:00:00+00:00,0.0179538755792636
2022-01-26 00:00:00+00:00,0.0088930758647262
2022-01-27 00:00:00+00:00,-0.006086337154738
2022-01-28 00:00:00+00:00,0.028621790496027
2022-01-29 00:00:00+00:00,0.0361646860336709
2022-01-30 00:00:00+00:00,-0.0198630220172588
2022-01-31 00:00:00+00:00,0.0262889920157846
2022-02-01 00:00:00+00:00,0.0105555120121962
2022-02-02 00:00:00+00:00,-0.0481870577644441
2022-02-03 00:00:00+00:00,0.0202631318236209
2022-02-04 00:00:00+00:00,0.0857145617016682
2022-02-05 00:00:00+00:00,0.0256799697831426
2022-02-06 00:00:00+00:00,0.0338245213930681
2022-02-07 00:00:00+00:00,0.0484755688709083
2022-02-08 00:00:00+00:00,-0.025022821068697
2022-02-09 00:00:00+00:00,0.0290858013408159
2022-02-10 00:00:00+00:00,-0.0493665580580781
2022-02-11 00:00:00+00:00,-0.065248895055608
2022-02-12 00:00:00+00:00,-0.0015022407369324
2022-02-13 00:00:00+00:00,-0.0267057658785904
2022-02-14 00:00:00+00:00,0.0133817397550693
2022-02-15 00:00:00+00:00,0.0826004789328509
2022-02-16 00:00:00+00:00,-0.0133781068259636
2022-02-17 00:00:00+00:00,-0.0882501899462963
2022-02-18 00:00:00+00:00,-0.0186407560240273
2022-02-19 00:00:00+00:00,-0.0011436994341194
2022-02-20 00:00:00+00:00,-0.0632146820217913
2022-02-21 00:00:00+00:00,-0.0746719401003049
2022-02-22 00:00:00+00:00,0.0473630153381045
2022-02-23 00:00:00+00:00,-0.0366268324313189
2022-02-24 00:00:00+00:00,-0.0009106558011138
2022-02-25 00:00:00+00:00,0.0645824128534091
2022-02-26 00:00:00+00:00,-0.0001503134537225
2022-02-27 00:00:00+00:00,-0.0313350556244131
2022-02-28 00:00:00+00:00,0.0738347334912999
2022-03-01 00:00:00+00:00,0.0225142826214524
2022-03-02 00:00:00+00:00,-0.0181585369843948
2022-03-03 00:00:00+00:00,-0.0313395331430377
2022-03-04 00:00:00+00:00,-0.0691069995277017
2022-03-05 00:00:00+00:00,0.0200607944147458
2022-03-06 00:00:00+00:00,-0.0503588631184837
2022-03-07 00:00:00+00:00,-0.0095895079054625
2022-03-08 00:00:00+00:00,0.0321272241858814
2022-03-09 00:00:00+00:00,0.0686600263164869
2022-03-10 00:00:00+00:00,-0.0422223856107381
2022-03-11 00:00:00+00:00,-0.0297291389722652
2022-03-12 00:00:00+00:00,0.001369853238807
2022-03-13 00:00:00+00:00,-0.0279315459684742
2022-03-14 00:00:00+00:00,0.0377514314601422
2022-03-15 00:00:00+00:00,0.0049910047629643
2022-03-16 00:00:00+00:00,0.0575647899311594
2022-03-17 00:00:00+00:00,-0.0079562069628481
2022-03-18 00:00:00+00:00,0.0405168995131588
2022-03-19 00:00:00+00:00,0.0467753871003896
2022-03-20 00:00:00+00:00,-0.0300146587512115
2022-03-21 00:00:00+00:00,0.0130045094718948
2022-03-22 00:00:00+00:00,0.0311283727418237
2022-03-23 00:00:00+00:00,0.0408466298966389
2022-03-24 00:00:00+00:00,0.0186723709307218
2022-03-25 00:00:00+00:00,-0.0176182441553814
2022-03-26 00:00:00+00:00,0.0422041991647084
2022-03-27 00:00:00+00:00,0.0689105214055612
2022-03-28 00:00:00+00:00,-0.0188747214318346
2022-03-29 00:00:00+00:00,0.045686339082637
2022-03-30 00:00:00+00:00,0.0378761434026466
2022-03-31 00:00:00+00:00,-0.0159792898562809
2022-04-01 00:00:00+00:00,0.0223593819106396
2022-04-02 00:00:00+00:00,-0.0026855408276838
2022-04-03 00:00:00+00:00,0.030264075432318
2022-04-04 00:00:00+00:00,-0.0272861188714556
2022-04-05 00:00:00+00:00,-0.0406424424725472
2022-04-06 00:00:00+00:00,-0.1089993373221123
2022-04-07 00:00:00+00:00,0.0373799227820279
2022-04-08 00:00:00+00:00,-0.0543845551925664
2022-04-09 00:00:00+00:00,0.0340246319402798
2022-04-10 00:00:00+00:00,-0.0393234387301538
2022-04-11 00:00:00+00:00,-0.0920088507012112
2022-04-12 00:00:00+00:00,0.0450657573761416
2022-04-13 00:00:00+00:00,0.0347145494118383
2022-04-14 00:00:00+00:00,-0.0294540939590823
2022-04-15 00:00:00+00:00,0.0163832766173114
2022-04-16 00:00:00+00:00,-0.0004836106578715
2022-04-17 00:00:00+00:00,-0.0401968354520603
2022-04-18 00:00:00+00:00,0.0378103263588283
2022-04-19 00:00:00+00:00,0.0430839633220067
2022-04-20 00:00:00+00:00,-0.0033491735807303
2022-04-21 00:00:00+00:00,-0.0392358728471183
2022-04-22 00:00:00+00:00,0.0004282394940416
2022-04-23 00:00:00+00:00,-0.009189148200396
2022-04-24 00:00:00+00:00,-0.0156282965110698
2022-04-25 00:00:00+00:00,0.0051089081063883
2022-04-26 00:00:00+00:00,-0.0796474574203701
2022-04-27 00:00:00+00:00,0.0358952547026475
2022-04-28 00:00:00+00:00,-0.0001867545898064
2022-04-29 00:00:00+00:00,-0.0673186966453935
2022-04-30 00:00:00+00:00,-0.0969668076014249
2022-05-01 00:00:00+00:00,0.0453471738183075
2022-05-02 00:00:00+00:00,-0.0155224199780999
2022-05-03 00:00:00+00:00,-0.0131631796160908
2022-05-04 00:00:00+00:00,0.108115295751043
2022-05-05 00:00:00+00:00,-0.1126560900231325
2022-05-06 00:00:00+00:00,-0.0060154876730072
2022-05-07 00:00:00+00:00,-0.044875504064261
2022-05-08 00:00:00+00:00,-0.0185914077503901
2022-05-09 00:00:00+00:00,-0.1942039872337891
2022-05-10 00:00:00+00:00,0.03714581116634
2022-05-11 00:00:00+00:00,-0.2087262553642022
2022-05-12 00:00:00+00:00,-0.0811923963268567
2022-05-13 00:00:00+00:00,0.0919551309526829
2022-05-14 00:00:00+00:00,0.0595364416492013
2022-05-15 00:00:00+00:00,0.0593641060256048
2022-05-16 00:00:00+00:00,-0.0959205424961957
2022-05-17 00:00:00+00:00,0.0714788627311055
2022-05-18 00:00:00+00:00,-0.1044860557638991
2022-05-19 00:00:00+00:00,0.0655019090007831
2022-05-20 00:00:00+00:00,-0.0339742285597174
2022-05-21 00:00:00+00:00,0.0456590171544226
2022-05-22 00:00:00+00:00,0.0365752359938013
2022-05-23 00:00:00+00:00,-0.0455685600254944
2022-05-24 00:00:00+00:00,0.0347832083601336
2022-05-25 00:00:00+00:00,-0.020716365955429
2022-05-26 00:00:00+00:00,-0.0845396046210726
2022-05-27 00:00:00+00:00,-0.0335030771479697
2022-05-28 00:00:00+00:00,0.030502167542314
2022-05-29 00:00:00+00:00,0.0578690710181736
2022-05-30 00:00:00+00:00,0.1077412925298986
2022-05-31 00:00:00+00:00,0.0020658981339704
2022-06-01 00:00:00+00:00,-0.0978132303394638
2022-06-02 00:00:00+00:00,0.0320006019013569
2022-06-03 00:00:00+00:00,-0.0339483712691332
2022-06-04 00:00:00+00:00,0.0124382846646777
2022-06-05 00:00:00+00:00,-0.004224924791556
2022-06-06 00:00:00+00:00,0.0454753951962229
2022-06-07 00:00:00+00:00,0.0413628587569254
2022-06-08 00:00:00+00:00,-0.0122947754454366
2022-06-09 00:00:00+00:00,0.0020922550553694
2022-06-10 00:00:00+00:00,-0.0639951786197224
2022-06-11 00:00:00+00:00,-0.0791114207605656
2022-06-12 00:00:00+00:00,-0.0736571816759299
2022-06-13 00:00:00+00:00,-0.0646688634682905
2022-06-14 00:00:00+00:00,0.0136529557895214
2022-06-15 00:00:00+00:00,0.088894497928294
2022-06-16 00:00:00+00:00,-0.1317778099956055
2022-06-17 00:00:00+00:00,0.0363441364904447
2022-06-18 00:00:00+00:00,-0.0559139039540316
2022-06-19 00:00:00+00:00,0.0823204156352336
2022-06-20 00:00:00+00:00,0.0350797422705384
2022-06-21 00:00:00+00:00,0.0308610036985711
2022-06-22 00:00:00+00:00,-0.041224824891819
2022-06-23 00:00:00+00:00,0.0805792392491575
2022-06-24 00:00:00+00:00,0.0559344338556685
2022-06-25 00:00:00+00:00,0.0145186851559588
2022-06-26 00:00:00+00:00,-0.057333831434124
2022-06-27 00:00:00+00:00,0.0077900572796152
2022-06-28 00:00:00+00:00,-0.0435551765236244
2022-06-29 00:00:00+00:00,-0.0031603089270639
2022-06-30 00:00:00+00:00,-0.0237827065106192
2022-07-01 00:00:00+00:00,-0.0149445288568149
2022-07-02 00:00:00+00:00,0.0141571997742789
2022-07-03 00:00:00+00:00,0.0033434526077558
2022-07-04 00:00:00+00:00,0.0491094133396248
2022-07-05 00:00:00+00:00,-0.0201133113439548
2022-07-06 00:00:00+00:00,0.0237084443869177
2022-07-07 00:00:00+00:00,0.0423041268524105
2022-07-08 00:00:00+00:00,-0.0154250191204664
2022-07-09 00:00:00+00:00,0.0295569880628333
2022-07-10 00:00:00+00:00,-0.0403562343788814
2022-07-11 00:00:00+00:00,-0.0740285017099698
2022-07-12 00:00:00+00:00,-0.0291490667459336
2022-07-13 00:00:00+00:00,0.0527618450224323
2022-07-14 00:00:00+00:00,0.0378771838930537
2022-07-15 00:00:00+00:00,0.0126133375506137
2022-07-16 00:00:00+00:00,0.0349604664607992
2022-07-17 00:00:00+00:00,-0.014607751679335
2022-07-18 00:00:00+00:00,0.0941845051800998
2022-07-19 00:00:00+00:00,0.0303775829524778
2022-07-20 00:00:00+00:00,-0.056692381333248
2022-07-21 00:00:00+00:00,0.0249752486312395
2022-07-22 00:00:00+00:00,-0.0237039701728392
2022-07-23 00:00:00+00:00,0.0089240560497096
2022-07-24 00:00:00+00:00,0.0024662900460665
2022-07-25 00:00:00+00:00,-0.0844909487238198
2022-07-26 00:00:00+00:00,0.0084573576258522
2022-07-27 00:00:00+00:00,0.0909428530655292
2022-07-28 00:00:00+00:00,0.0736442417276301
2022-07-29 00:00:00+00:00,0.0199423058748942
2022-07-30 00:00:00+00:00,0.0181291722789349
2022-07-31 00:00:00+00:00,-0.0112236220375876
2022-08-01 00:00:00+00:00,0.0184721069216163
2022-08-02 00:00:00+00:00,-0.0369472701014782
2022-08-03 00:00:00+00:00,0.0071255677499156
2022-08-04 00:00:00+00:00,0.0222407595555787
2022-08-05 00:00:00+00:00,0.0553950544068427
2022-08-06 00:00:00+00:00,-0.0106884687790212
2022-08-07 00:00:00+00:00,0.0062320646007761
2022-08-08 00:00:00+00:00,0.0220868718919511
2022-08-09 00:00:00+00:00,-0.0439179934454293
2022-08-10 00:00:00+00:00,0.055961602693827
2022-08-11 00:00:00+00:00,-0.0011071127901564
2022-08-12 00:00:00+00:00,0.0261137063809801
2022-08-13 00:00:00+00:00,-0.0110184898244399
2022-08-14 00:00:00+00:00,-0.0240889847669628
2022-08-15 00:00:00+00:00,-0.0079025200162633
2022-08-16 00:00:00+00:00,-0.0067184832729134
2022-08-17 00:00:00+00:00,-0.0460184592904624
2022-08-18 00:00:00+00:00,-0.0487122416029834
2022-08-19 00:00:00+00:00,-0.0852855598678924
2022-08-20 00:00:00+00:00,0.0022568649099001
2022-08-21 00:00:00+00:00,0.029016977743947
2022-08-22 00:00:00+00:00,-0.0091056097517741
2022-08-23 00:00:00+00:00,0.0231290813931423
2022-08-24 00:00:00+00:00,-0.0010656259660813
2022-08-25 00:00:00+00:00,0.0120396502314807
2022-08-26 00:00:00+00:00,-0.093189931102988
2022-08-27 00:00:00+00:00,0.0030159248386313
2022-08-28 00:00:00+00:00,-0.0314273279879048
2022-08-29 00:00:00+00:00,0.0672762032958476
2022-08-30 00:00:00+00:00,-0.0291636628389588
2022-08-31 00:00:00+00:00,8.420479525784162e-05
2022-09-01 00:00:00+00:00,0.0134804788021376
2022-09-02 00:00:00+00:00,-0.0076236559338214
2022-09-03 00:00:00+00:00,0.0017033806106623
2022-09-04 00:00:00+00:00,0.0208306386685137
2022-09-05 00:00:00+00:00,-0.0003295798281721
2022-09-06 00:00:00+00:00,-0.0793285089185086
2022-09-07 00:00:00+00:00,0.0528217561518252
2022-09-08 00:00:00+00:00,0.0104924855347327
2022-09-09 00:00:00+00:00,0.0688043482903318
2022-09-10 00:00:00+00:00,0.0021217042474103
2022-09-11 00:00:00+00:00,-0.0051314588929858
2022-09-12 00:00:00+00:00,0.0025086033920497
2022-09-13 00:00:00+00:00,-0.0841161983543567
2022-09-14 00:00:00+00:00,0.0149012086823425
2022-09-15 00:00:00+00:00,-0.0396938174242113
2022-09-16 00:00:00+00:00,0.0107185500232553
2022-09-17 00:00:00+00:00,0.0282090459260857
2022-09-18 00:00:00+00:00,-0.0928906534903914
2022-09-19 00:00:00+00:00,0.0263437984160088
2022-09-20 00:00:00+00:00,-0.0177156425894218
2022-09-21 00:00:00+00:00,-0.0283576033424432
2022-09-22 00:00:00+00:00,0.0650530944717442
2022-09-23 00:00:00+00:00,0.0105156832779582
2022-09-24 00:00:00+00:00,-0.0194838981387034
2022-09-25 00:00:00+00:00,-0.0134417973719813
2022-09-26 00:00:00+00:00,0.0153761437860542
2022-09-27 00:00:00+00:00,-0.0056639357271579
2022-09-28 00:00:00+00:00,0.0043817515948406
2022-09-29 00:00:00+00:00,0.0074285818290853
2022-09-30 00:00:00+00:00,-0.0021005119698079
2022-10-01 00:00:00+00:00,-0.0060479937255791
2022-10-02 00:00:00+00:00,-0.0244587690278955
2022-10-03 00:00:00+00:00,0.0381798049655485
2022-10-04 00:00:00+00:00,0.0182560521182143
2022-10-05 00:00:00+00:00,-0.0027287635330991
2022-10-06 00:00:00+00:00,-0.0104223894748159
2022-10-07 00:00:00+00:00,-0.0016367584118688
2022-10-08 00:00:00+00:00,-0.0086517072146618
2022-10-09 00:00:00+00:00,0.0079642678305185
2022-10-10 00:00:00+00:00,-0.0443214192857778
2022-10-11 00:00:00+00:00,-0.0134935749204598
2022-10-12 00:00:00+00:00,-0.0031962125661356
2022-10-13 00:00:00+00:00,-0.0149405905989941
2022-10-14 00:00:00+00:00,-0.0081730631643143
2022-10-15 00:00:00+00:00,0.0020823569275519
2022-10-16 00:00:00+00:00,0.0198398935512121
2022-10-17 00:00:00+00:00,0.0205392244683608
2022-10-18 00:00:00+00:00,-0.0118582639326187
2022-10-19 00:00:00+00:00,-0.0390079179554247
2022-10-20 00:00:00+00:00,-0.0075103738834725
2022-10-21 00:00:00+00:00,0.0097568842529437
2022-10-22 00:00:00+00:00,0.0012587118536447
2022-10-23 00:00:00+00:00,0.0250555879378246
2022-10-24 00:00:00+00:00,-0.0181483902976772
2022-10-25 00:00:00+00:00,0.0319605596374256
2022-10-26 00:00:00+00:00,0.0264854849347841
2022-10-27 00:00:00+00:00,-0.0114426462378736
2022-10-28 00:00:00+00:00,0.0299106736820157
2022-10-29 00:00:00+00:00,0.0325076477033638
2022-10-30 00:00:00+00:00,-0.0135333693812782
2022-10-31 00:00:00+00:00,-0.0015203665197724
2022-11-01 00:00:00+00:00,-0.0121467280311883
2022-11-02 00:00:00+00:00,-0.0130720548042607
2022-11-03 00:00:00+00:00,0.0696929760379277
2022-11-04 00:00:00+00:00,0.0710081209312991
2022-11-05 00:00:00+00:00,-0.0037236344310827
2022-11-06 00:00:00+00:00,-0.0575851133040293
2022-11-07 00:00:00+00:00,0.0084723547148304
2022-11-08 00:00:00+00:00,-0.1700779582538887
2022-11-09 00:00:00+00:00,-0.1614461978524481
2022-11-10 00:00:00+00:00,0.1226140406143117
2022-11-11 00:00:00+00:00,-0.0339655968537885
2022-11-12 00:00:00+00:00,-0.0548139562596509
2022-11-13 00:00:00+00:00,-0.0100234322001723
2022-11-14 00:00:00+00:00,0.0344077332103613
2022-11-15 00:00:00+00:00,0.0237097110344487
2022-11-16 00:00:00+00:00,-0.0208745035838584
2022-11-17 00:00:00+00:00,-0.0058979544776721
2022-11-18 00:00:00+00:00,0.0066398842609673
2022-11-19 00:00:00+00:00,0.0072727201021754
2022-11-20 00:00:00+00:00,-0.0595565165005275
2022-11-21 00:00:00+00:00,-0.0097966762848532
2022-11-22 00:00:00+00:00,0.0351989592328688
2022-11-23 00:00:00+00:00,0.0420019545875432
2022-11-24 00:00:00+00:00,-0.0034227848491075
2022-11-25 00:00:00+00:00,-0.0032922322840528
2022-11-26 00:00:00+00:00,0.0040294848650991
2022-11-27 00:00:00+00:00,0.0010260079943121
2022-11-28 00:00:00+00:00,-0.0098772459755695
2022-11-29 00:00:00+00:00,0.0139443320235338
2022-11-30 00:00:00+00:00,0.0432534950898875
2022-12-01 00:00:00+00:00,-0.0113017312031742
2022-12-02 00:00:00+00:00,0.017926849146071
2022-12-03 00:00:00+00:00,-0.0280409311634244
2022-12-04 00:00:00+00:00,0.0194582214652161
2022-12-05 00:00:00+00:00,-0.0033254336992997
2022-12-06 00:00:00+00:00,0.0024411343972805
2022-12-07 00:00:00+00:00,-0.0375274254322326
2022-12-08 00:00:00+00:00,0.0196888750222417
2022-12-09 00:00:00+00:00,-0.0037318399684335
2022-12-10 00:00:00+00:00,0.0052844009481798
2022-12-11 00:00:00+00:00,-0.0177643097076647
2022-12-12 00:00:00+00:00,-0.0032411964029505
2022-12-13 00:00:00+00:00,0.0156450296462903
2022-12-14 00:00:00+00:00,-0.0123233673172631
2022-12-15 00:00:00+00:00,-0.0163093515159323
2022-12-16 00:00:00+00:00,-0.1087626896865011
2022-12-17 00:00:00+00:00,0.0175974240265601
2022-12-18 00:00:00+00:00,-0.0098876840817033
2022-12-19 00:00:00+00:00,-0.0466497003042813
2022-12-20 00:00:00+00:00,0.0454837751851977
2022-12-21 00:00:00+00:00,-0.0116693094350017
2022-12-22 00:00:00+00:00,0.0041143951976542
2022-12-23 00:00:00+00:00,0.000763025785101
2022-12-24 00:00:00+00:00,-0.0031404328209544
2022-12-25 00:00:00+00:00,-0.0057128597484719
2022-12-26 00:00:00+00:00,0.0150718059899598
2022-12-27 00:00:00+00:00,-0.0102452058671942
2022-12-28 00:00:00+00:00,-0.0373101744192376
2022-12-29 00:00:00+00:00,-0.0065119461128416
2022-12-30 00:00:00+00:00,-0.0062642570853386
2022-12-31 00:00:00+00:00,0.0010340996382826
2023-01-01 00:00:00+00:00,0.0124886551117893
2023-01-02 00:00:00+00:00,0.0238504805554203
2023-01-03 00:00:00+00:00,0.0049095568069169
2023-01-04 00:00:00+00:00,0.0287796662148388
2023-01-05 00:00:00+00:00,-0.0084718666310355
2023-01-06 00:00:00+00:00,0.0217755865626161
2023-01-07 00:00:00+00:00,0.0023169910938975
2023-01-08 00:00:00+00:00,0.0499943523085723
2023-01-09 00:00:00+00:00,0.0331264108482428
2023-01-10 00:00:00+00:00,0.0222835568552147
2023-01-11 00:00:00+00:00,0.013895656728306
2023-01-12 00:00:00+00:00,0.033606355079776
2023-01-13 00:00:00+00:00,0.055958435754446
2023-01-14 00:00:00+00:00,0.0649175170699433
2023-01-15 00:00:00+00:00,0.0117855212315004
2023-01-16 00:00:00+00:00,-0.0041701690776854
2023-01-17 00:00:00+00:00,-0.001981271549627
2023-01-18 00:00:00+00:00,-0.0609349355890346
2023-01-19 00:00:00+00:00,0.0292270147641723
2023-01-20 00:00:00+00:00,0.0942797183768962
2023-01-21 00:00:00+00:00,-0.0075427039905891
2023-01-22 00:00:00+00:00,0.027158418086992
2023-01-23 00:00:00+00:00,0.0277897848345985
2023-01-24 00:00:00+00:00,-0.0408379663261703
2023-01-25 00:00:00+00:00,0.0486009264004494
2023-01-26 00:00:00+00:00,0.0185100166196662
2023-01-27 00:00:00+00:00,0.0282738982689854
2023-01-28 00:00:00+00:00,-0.0194752865953257
2023-01-29 00:00:00+00:00,0.0325211279525386
2023-01-30 00:00:00+00:00,-0.0660590182346016
2023-01-31 00:00:00+00:00,0.0264113807518536
2023-02-01 00:00:00+00:00,0.0537114868553726
2023-02-02 00:00:00+00:00,-0.0044185486726836
2023-02-03 00:00:00+00:00,0.0370995163326727
2023-02-04 00:00:00+00:00,0.0005983169777736
2023-02-05 00:00:00+00:00,-0.0300702631273083
2023-02-06 00:00:00+00:00,-0.008415312413356
2023-02-07 00:00:00+00:00,0.0867766047004831
2023-02-08 00:00:00+00:00,-0.0269214120540965
2023-02-09 00:00:00+00:00,-0.1062709652870826
2023-02-10 00:00:00+00:00,0.0064879374016267
2023-02-11 00:00:00+00:00,0.0307964036850805
2023-02-12 00:00:00+00:00,-0.0105540467013064
2023-02-13 00:00:00+00:00,-0.0229659794831939
2023-02-14 00:00:00+00:00,0.0426550660801799
2023-02-15 00:00:00+00:00,0.0806687853659747
2023-02-16 00:00:00+00:00,-0.0560702286735306
2023-02-17 00:00:00+00:00,0.0698164005028946
2023-02-18 00:00:00+00:00,0.0074042347369429
2023-02-19 00:00:00+00:00,0.0040930739137613
2023-02-20 00:00:00+00:00,0.0515436783819475
2023-02-21 00:00:00+00:00,-0.0231750079357672
2023-02-22 00:00:00+00:00,-0.0133655680144052
2023-02-23 00:00:00+00:00,-0.0065142439434102
2023-02-24 00:00:00+00:00,-0.0527200437731185
2023-02-25 00:00:00+00:00,-0.0145321707161949
2023-02-26 00:00:00+00:00,0.0267600657574811
2023-02-27 00:00:00+00:00,-0.0065473416741386
2023-02-28 00:00:00+00:00,-0.0341644915605305
2023-03-01 00:00:00+00:00,0.0438129659672048
2023-03-02 00:00:00+00:00,-0.0291829965826729
2023-03-03 00:00:00+00:00,-0.0639198317869205
2023-03-04 00:00:00+00:00,-0.032069145670704
2023-03-05 00:00:00+00:00,0.0024636356898949
2023-03-06 00:00:00+00:00,0.0096159840604525
2023-03-07 00:00:00+00:00,-0.0245184703130422
2023-03-08 00:00:00+00:00,-0.065871162840831
2023-03-09 00:00:00+00:00,-0.0536262682609854
2023-03-10 00:00:00+00:00,0.0032771992159755
2023-03-11 00:00:00+00:00,-0.0214288188098983
2023-03-12 00:00:00+00:00,0.100784681682893
2023-03-13 00:00:00+00:00,0.0564310534318136
2023-03-14 00:00:00+00:00,0.0468545400008932
2023-03-15 00:00:00+00:00,-0.0836469103163765
2023-03-16 00:00:00+00:00,0.0214979840470105
2023-03-17 00:00:00+00:00,0.0932488523189309
2023-03-18 00:00:00+00:00,-0.0328077408906768
2023-03-19 00:00:00+00:00,0.0349699682296867
2023-03-20 00:00:00+00:00,-0.0504359336283473
2023-03-21 00:00:00+00:00,0.0301244648397157
2023-03-22 00:00:00+00:00,-0.048140691135988
2023-03-23 00:00:00+00:00,0.0466294443100317
2023-03-24 00:00:00+00:00,-0.0428003902046229
2023-03-25 00:00:00+00:00,-0.020374570095266
2023-03-26 00:00:00+00:00,0.0223784665161162
2023-03-27 00:00:00+00:00,-0.0518443239691904
2023-03-28 00:00:00+00:00,0.0308605022545879
2023-03-29 00:00:00+00:00,0.0550603694792573
2023-03-30 00:00:00+00:00,-0.0208306384368877
2023-03-31 00:00:00+00:00,0.0327394181748137
2023-04-01 00:00:00+00:00,0.0062579980955276
2023-04-02 00:00:00+00:00,-0.0280894115310525
2023-04-03 00:00:00+00:00,0.0102607334589876
2023-04-04 00:00:00+00:00,0.0251422524873822
2023-04-05 00:00:00+00:00,0.0116811929265002
2023-04-06 00:00:00+00:00,-0.0120792486069352
2023-04-07 00:00:00+00:00,-0.0092922744662401
2023-04-08 00:00:00+00:00,-0.0061613844517277
2023-04-09 00:00:00+00:00,0.0108501307063108
2023-04-10 00:00:00+00:00,0.0301238054207803
2023-04-11 00:00:00+00:00,-0.0062746959572234
2023-04-12 00:00:00+00:00,-0.0090310425723187
2023-04-13 00:00:00+00:00,0.0269240075870327
2023-04-14 00:00:00+00:00,0.0348988393188356
2023-04-15 00:00:00+00:00,0.0016540939057052
2023-04-16 00:00:00+00:00,0.0249203468432153
2023-04-17 00:00:00+00:00,-0.0198790695294978
2023-04-18 00:00:00+00:00,0.0231034524961801
2023-04-19 00:00:00+00:00,-0.0917841770772222
2023-04-20 00:00:00+00:00,-0.0270745880528518
2023-04-21 00:00:00+00:00,-0.0455104817883441
2023-04-22 00:00:00+00:00,0.0318019618207662
2023-04-23 00:00:00+00:00,-0.0207625348804461
2023-04-24 00:00:00+00:00,-0.0021830629304904
2023-04-25 00:00:00+00:00,0.022269042236504
2023-04-26 00:00:00+00:00,-0.0141051195107169
2023-04-27 00:00:00+00:00,0.0249240889322037
2023-04-28 00:00:00+00:00,-0.0096670745324226
2023-04-29 00:00:00+00:00,0.0108688746828592
2023-04-30 00:00:00+00:00,-0.0266678584502528
2023-05-01 00:00:00+00:00,-0.0260886029071453
2023-05-02 00:00:00+00:00,0.0085637220826981
2023-05-03 00:00:00+00:00,0.0146017681916911
2023-05-04 00:00:00+00:00,-0.0225126677182746
2023-05-05 00:00:00+00:00,0.0192483384608035
2023-05-06 00:00:00+00:00,-0.0511731316587475
2023-05-07 00:00:00+00:00,-0.0103891146983491
2023-05-08 00:00:00+00:00,-0.0783952954779626
2023-05-09 00:00:00+00:00,0.0032684676345336
2023-05-10 00:00:00+00:00,0.0238019954574441
2023-05-11 00:00:00+00:00,-0.0524366238121352
2023-05-12 00:00:00+00:00,0.0251847385751079
2023-05-13 00:00:00+00:00,-0.0145501588538966
2023-05-14 00:00:00+00:00,0.0121504449871489
2023-05-15 00:00:00+00:00,0.0118753425022934
2023-05-16 00:00:00+00:00,0.0091821933586359
2023-05-17 00:00:00+00:00,0.0318258727968567
2023-05-18 00:00:00+00:00,-0.0193926102385434
2023-05-19 00:00:00+00:00,0.005908256802122
2023-05-20 00:00:00+00:00,2.746103498677692e-05
2023-05-21 00:00:00+00:00,-0.0271291590404089
2023-05-22 00:00:00+00:00,0.0083527079541213
2023-05-23 00:00:00+00:00,0.0191967206663734
2023-05-24 00:00:00+00:00,-0.0291221963318564
2023-05-25 00:00:00+00:00,-0.0022536640931205
2023-05-26 00:00:00+00:00,0.008046938847346
2023-05-27 00:00:00+00:00,0.0111688942895964
2023-05-28 00:00:00+00:00,0.0331735767612272
2023-05-29 00:00:00+00:00,-0.011003923894139
2023-05-30 00:00:00+00:00,0.007558323700968
2023-05-31 00:00:00+00:00,-0.0302848624776769
2023-06-01 00:00:00+00:00,-0.0026076538651265
2023-06-02 00:00:00+00:00,0.0307229515170929
2023-06-03 00:00:00+00:00,-0.0068976127412547
2023-06-04 00:00:00+00:00,0.0036294301823466
2023-06-05 00:00:00+00:00,-0.0927266597543145
2023-06-06 00:00:00+00:00,0.0398303342669574
2023-06-07 00:00:00+00:00,-0.0613861191354402
2023-06-08 00:00:00+00:00,0.0042369547522842
2023-06-09 00:00:00+00:00,-0.0117345648160023
2023-06-10 00:00:00+00:00,-0.145876692598227
2023-06-11 00:00:00+00:00,0.0017830741129515
2023-06-12 00:00:00+00:00,0.0169256144015271
2023-06-13 00:00:00+00:00,0.0078151250635466
2023-06-14 00:00:00+00:00,-0.0378040502843559
2023-06-15 00:00:00+00:00,0.0174692187980491
2023-06-16 00:00:00+00:00,0.0199646376843392
2023-06-17 00:00:00+00:00,0.0176380411701393
2023-06-18 00:00:00+00:00,-0.0206820666305862
2023-06-19 00:00:00+00:00,0.0159434775983839
2023-06-20 00:00:00+00:00,0.0437402544725018
2023-06-21 00:00:00+00:00,0.0550964077066431
2023-06-22 00:00:00+00:00,-0.0184669070681001
2023-06-23 00:00:00+00:00,0.0479690898630951
2023-06-24 00:00:00+00:00,-0.0014542982890482
2023-06-25 00:00:00+00:00,0.0185680297197549
2023-06-26 00:00:00+00:00,-0.0265720610421677
2023-06-27 00:00:00+00:00,0.0184520668104323
2023-06-28 00:00:00+00:00,-0.0681770369043106
2023-06-29 00:00:00+00:00,0.0153721608677691
2023-06-30 00:00:00+00:00,0.0509207702241013
2023-07-01 00:00:00+00:00,0.0262895583568666
2023-07-02 00:00:00+00:00,-0.0013817613364335
2023-07-03 00:00:00+00:00,0.0261440237814245
2023-07-04 00:00:00+00:00,-0.0156591947506417
2023-07-05 00:00:00+00:00,-0.0312603040547205
2023-07-06 00:00:00+00:00,-0.0393522253343649
2023-07-07 00:00:00+00:00,0.0173263117002233
2023-07-08 00:00:00+00:00,-0.0004622443438944
2023-07-09 00:00:00+00:00,-0.0089320453889007
2023-07-10 00:00:00+00:00,0.0061858567310428
2023-07-11 00:00:00+00:00,0.0041136452011441
2023-07-12 00:00:00+00:00,-0.0014661455556045
2023-07-13 00:00:00+00:00,0.0877427866106902
2023-07-14 00:00:00+00:00,-0.031211542564504
2023-07-15 00:00:00+00:00,0.0044458057267854
2023-07-16 00:00:00+00:00,-0.0244904263925862
2023-07-17 00:00:00+00:00,0.0190288119174615
2023-07-18 00:00:00+00:00,-0.0279718247599194
2023-07-19 00:00:00+00:00,0.0004044616652822
2023-07-20 00:00:00+00:00,0.0085418144078127
2023-07-21 00:00:00+00:00,0.0026231419840243
2023-07-22 00:00:00+00:00,-0.0118301027224319
2023-07-23 00:00:00+00:00,0.0178942479269658
2023-07-24 00:00:00+00:00,-0.0503160763039727
2023-07-25 00:00:00+00:00,-0.0030747369057852
2023-07-26 00:00:00+00:00,0.0126101837633523
2023-07-27 00:00:00+00:00,0.0035408075984839
2023-07-28 00:00:00+00:00,0.0123615093472086
2023-07-29 00:00:00+00:00,0.0104481227339691
2023-07-30 00:00:00+00:00,-0.0183140547520238
2023-07-31 00:00:00+00:00,-0.0089474719934323
2023-08-01 00:00:00+00:00,0.0163205330011649
2023-08-02 00:00:00+00:00,-0.0279225642986724
2023-08-03 00:00:00+00:00,-0.0090491906715583
2023-08-04 00:00:00+00:00,-0.0036240880804713
2023-08-05 00:00:00+00:00,0.0011459137778863
2023-08-06 00:00:00+00:00,0.0161963940731209
2023-08-07 00:00:00+00:00,-0.0001302193141514
2023-08-08 00:00:00+00:00,0.0084151311966997
2023-08-09 00:00:00+00:00,-0.0006979337425639
2023-08-10 00:00:00+00:00,-0.0047865998996812
2023-08-11 00:00:00+00:00,0.0070549479240217
2023-08-12 00:00:00+00:00,0.0066692883802797
2023-08-13 00:00:00+00:00,0.0066306327205958
2023-08-14 00:00:00+00:00,0.0082365776377395
2023-08-15 00:00:00+00:00,-0.057532068228676
2023-08-16 00:00:00+00:00,-0.0468890158947714
2023-08-17 00:00:00+00:00,-0.0933523545326295
2023-08-18 00:00:00+00:00,0.0204994815356357
2023-08-19 00:00:00+00:00,0.0197919982607538
2023-08-20 00:00:00+00:00,0.0012028996151129
2023-08-21 00:00:00+00:00,-0.0208574714426195
2023-08-22 00:00:00+00:00,-0.0040121185600629
2023-08-23 00:00:00+00:00,0.0271941971958938
2023-08-24 00:00:00+00:00,-0.0194858393922841
2023-08-25 00:00:00+00:00,-0.0082815385500346
2023-08-26 00:00:00+00:00,-0.0062372070497841
2023-08-27 00:00:00+00:00,0.0109072665863068
2023-08-28 00:00:00+00:00,0.0004011296542745
2023-08-29 00:00:00+00:00,0.0435567163205052
2023-08-30 00:00:00+00:00,-0.016095777322753
2023-08-31 00:00:00+00:00,-0.0355049010159623
2023-09-01 00:00:00+00:00,-0.0112691584352083
2023-09-02 00:00:00+00:00,0.0063688662138586
2023-09-03 00:00:00+00:00,0.0027162710477094
2023-09-04 00:00:00+00:00,0.0054750798412938
2023-09-05 00:00:00+00:00,0.0208136916411718
2023-09-06 00:00:00+00:00,0.0062785698976723
2023-09-07 00:00:00+00:00,0.0150920163458421
2023-09-08 00:00:00+00:00,-0.0023975309323983
2023-09-09 00:00:00+00:00,-0.0045830152269696
2023-09-10 00:00:00+00:00,-0.0340487586824742
2023-09-11 00:00:00+00:00,-0.035963597334851
2023-09-12 00:00:00+00:00,0.010703701593285
2023-09-13 00:00:00+00:00,0.02413733167548
2023-09-14 00:00:00+00:00,0.0170766809431662
2023-09-15 00:00:00+00:00,0.0372716749275463
2023-09-16 00:00:00+00:00,0.0054216345995651
2023-09-17 00:00:00+00:00,-0.0406366119780238
2023-09-18 00:00:00+00:00,0.0171092685482873
2023-09-19 00:00:00+00:00,0.0289509236520221
2023-09-20 00:00:00+00:00,0.0003117783959834
2023-09-21 00:00:00+00:00,-0.02194168133788
2023-09-22 00:00:00+00:00,0.0158748395687189
2023-09-23 00:00:00+00:00,-0.0065258096334668
2023-09-24 00:00:00+00:00,-0.018520933133418
2023-09-25 00:00:00+00:00,0.0149616719996953
2023-09-26 00:00:00+00:00,0.000406164501331
2023-09-27 00:00:00+00:00,0.0042287739859186
2023-09-28 00:00:00+00:00,0.0246873003537984
2023-09-29 00:00:00+00:00,0.0081401802278916
2023-09-30 00:00:00+00:00,0.00822628659807
2023-10-01 00:00:00+00:00,0.0483999328374396
2023-10-02 00:00:00+00:00,-0.0403891886566019
2023-10-03 00:00:00+00:00,-0.027409883309848
2023-10-04 00:00:00+00:00,-0.0044496808339408
2023-10-05 00:00:00+00:00,-0.0155641897567622
2023-10-06 00:00:00+00:00,0.0236806841051459
2023-10-07 00:00:00+00:00,-0.0046231188082181
2023-10-08 00:00:00+00:00,-0.0028701631188922
2023-10-09 00:00:00+00:00,-0.0403849795495856
2023-10-10 00:00:00+00:00,-0.0076138226767484
2023-10-11 00:00:00+00:00,-0.0069578728220695
2023-10-12 00:00:00+00:00,-0.0069499768077445
2023-10-13 00:00:00+00:00,0.0095130955031094
2023-10-14 00:00:00+00:00,0.0054936183769777
2023-10-15 00:00:00+00:00,0.0134763304516582
2023-10-16 00:00:00+00:00,0.0177005391955048
2023-10-17 00:00:00+00:00,-0.0292672919076202
2023-10-18 00:00:00+00:00,-0.0149628716428776
2023-10-19 00:00:00+00:00,-0.0073152491883294
2023-10-20 00:00:00+00:00,0.0325518778344356
2023-10-21 00:00:00+00:00,0.0340599189679061
2023-10-22 00:00:00+00:00,0.0181134182284916
2023-10-23 00:00:00+00:00,0.0646085987649004
2023-10-24 00:00:00+00:00,0.0261584070623998
2023-10-25 00:00:00+00:00,0.0270230674429026
2023-10-26 00:00:00+00:00,0.0012459951810156
2023-10-27 00:00:00+00:00,-0.0137556190944424
2023-10-28 00:00:00+00:00,0.0300462897012658
2023-10-29 00:00:00+00:00,0.0247438248459702
2023-10-30 00:00:00+00:00,0.0169719628277266
2023-10-31 00:00:00+00:00,-0.0184362809536186
2023-11-01 00:00:00+00:00,0.0409459493008858
2023-11-02 00:00:00+00:00,-0.0246796167512572
2023-11-03 00:00:00+00:00,0.0150535602929633
2023-11-04 00:00:00+00:00,0.0277710495069511
2023-11-05 00:00:00+00:00,0.0184958786866407
2023-11-06 00:00:00+00:00,0.0390623238709972
2023-11-07 00:00:00+00:00,-0.0204094098475407
2023-11-08 00:00:00+00:00,0.0292207474896282
2023-11-09 00:00:00+00:00,-0.0021300736721933
2023-11-10 00:00:00+00:00,0.0544754959013864
2023-11-11 00:00:00+00:00,0.0089245082232624
2023-11-12 00:00:00+00:00,0.0149749123517227
2023-11-13 00:00:00+00:00,-0.053143959680511
2023-11-14 00:00:00+00:00,-0.0076928749441746
2023-11-15 00:00:00+00:00,0.0613409250649291
2023-11-16 00:00:00+00:00,-0.0481303046521539
2023-11-17 00:00:00+00:00,-0.0044288142443316
2023-11-18 00:00:00+00:00,-0.0127962281850783
2023-11-19 00:00:00+00:00,0.0327627856710383
2023-11-20 00:00:00+00:00,-0.0088973132426465
2023-11-21 00:00:00+00:00,-0.0923426506688152
2023-11-22 00:00:00+00:00,0.0764985748440211
2023-11-23 00:00:00+00:00,0.0069293647446421
2023-11-24 00:00:00+00:00,0.031470762602474
2023-11-25 00:00:00+00:00,0.0259194100609606
2023-11-26 00:00:00+00:00,-0.0093830175680439
2023-11-27 00:00:00+00:00,-0.028467309101852
2023-11-28 00:00:00+00:00,0.0190212891627434
2023-11-29 00:00:00+00:00,-0.0069318595469179
2023-11-30 00:00:00+00:00,0.0024445285741704
2023-12-01 00:00:00+00:00,0.0198074903362689
2023-12-02 00:00:00+00:00,0.0352583674383815
2023-12-03 00:00:00+00:00,-0.0018941253048438
2023-12-04 00:00:00+00:00,0.0432403594515259
2023-12-05 00:00:00+00:00,0.0224682325310862
2023-12-06 00:00:00+00:00,-0.0278436435685546
2023-12-07 00:00:00+00:00,0.030833959082333
2023-12-08 00:00:00+00:00,0.0346611649380731
2023-12-09 00:00:00+00:00,-0.0106910581952417
2023-12-10 00:00:00+00:00,0.0179053065033665
2023-12-11 00:00:00+00:00,-0.0675152879725201
2023-12-12 00:00:00+00:00,0.0207240668744116
2023-12-13 00:00:00+00:00,0.013541310996422
2023-12-14 00:00:00+00:00,0.0309638528016676
2023-12-15 00:00:00+00:00,-0.0460077621417471
2023-12-16 00:00:00+00:00,0.0359270918245174
2023-12-17 00:00:00+00:00,-0.0221130371714206
2023-12-18 00:00:00+00:00,0.000303894294883
2023-12-19 00:00:00+00:00,-0.0086659872583016
2023-12-20 00:00:00+00:00,0.0448999540812044
2023-12-21 00:00:00+00:00,0.027855942569989
2023-12-22 00:00:00+00:00,0.028309615452063
2023-12-23 00:00:00+00:00,0.0142802026251175
2023-12-24 00:00:00+00:00,0.0047811329172732
2023-12-25 00:00:00+00:00,0.0399870531088867
2023-12-26 00:00:00+00:00,0.0074559720326271
2023-12-27 00:00:00+00:00,0.0145929184537627
2023-12-28 00:00:00+00:00,-0.037064054312
2023-12-29 00:00:00+00:00,-0.0092509524375531
2023-12-30 00:00:00+00:00,-0.0058870056802213
2023-12-31 00:00:00+00:00,-0.0074778155409409
2024-01-01 00:00:00+00:00,0.0441909397206258
2024-01-02 00:00:00+00:00,-0.0093378927404235
2024-01-03 00:00:00+00:00,-0.0713106241395291
2024-01-04 00:00:00+00:00,0.0256723679888602
2024-01-05 00:00:00+00:00,-0.0268786656462919
2024-01-06 00:00:00+00:00,-0.0296105903834519
2024-01-07 00:00:00+00:00,-0.0514966642874156
2024-01-08 00:00:00+00:00,0.0600373463248113
2024-01-09 00:00:00+00:00,-0.0464805658617796
2024-01-10 00:00:00+00:00,0.0890657629710848
2024-01-11 00:00:00+00:00,0.031533699821703
2024-01-12 00:00:00+00:00,-0.0462175505672304
2024-01-13 00:00:00+00:00,0.0187215314256628
2024-01-14 00:00:00+00:00,-0.0373696611559524
2024-01-15 00:00:00+00:00,0.0226363466842956
2024-01-16 00:00:00+00:00,0.0244059846314952
2024-01-17 00:00:00+00:00,-0.0101943878237402
2024-01-18 00:00:00+00:00,-0.0520138593953572
2024-01-19 00:00:00+00:00,0.0031677629190528
2024-01-20 00:00:00+00:00,0.0155681692837514
2024-01-21 00:00:00+00:00,-0.004509472484462
2024-01-22 00:00:00+00:00,-0.0603444959684996
2024-01-23 00:00:00+00:00,-0.015640084450979
2024-01-24 00:00:00+00:00,0.0208560948619889
2024-01-25 00:00:00+00:00,-0.0126380613747785
2024-01-26 00:00:00+00:00,0.0476748902209346
2024-01-27 00:00:00+00:00,0.0152888654739454
2024-01-28 00:00:00+00:00,-0.0223963402001231
2024-01-29 00:00:00+00:00,0.033956266141916
2024-01-30 00:00:00+00:00,-0.0141285046235496
2024-01-31 00:00:00+00:00,-0.0385334647291722
2024-02-01 00:00:00+00:00,0.0088376016422091
2024-02-02 00:00:00+00:00,0.0146559646987649
2024-02-03 00:00:00+00:00,-0.0060929310181887
2024-02-04 00:00:00+00:00,-0.0236295913143557
2024-02-05 00:00:00+00:00,0.009362561807466
2024-02-06 00:00:00+00:00,0.0040006957553262
2024-02-07 00:00:00+00:00,0.0367723003173791
2024-02-08 00:00:00+00:00,0.004739336216175
2024-02-09 00:00:00+00:00,0.0385443272982204
2024-02-10 00:00:00+00:00,0.0009573876417427
2024-02-11 00:00:00+00:00,0.002312415360659
2024-02-12 00:00:00+00:00,0.0387189772102405
2024-02-13 00:00:00+00:00,0.0016888748641085
2024-02-14 00:00:00+00:00,0.0407916640966797
2024-02-15 00:00:00+00:00,0.022464858066976
2024-02-16 00:00:00+00:00,0.0066202084062654
2024-02-17 00:00:00+00:00,0.0098034412755293
2024-02-18 00:00:00+00:00,0.0344962612324301
2024-02-19 00:00:00+00:00,0.0283198877156048
2024-02-20 00:00:00+00:00,-0.0185976493701388
2024-02-21 00:00:00+00:00,-0.0223366606275043
2024-02-22 00:00:00+00:00,0.0120747282508809
2024-02-23 00:00:00+00:00,-0.0034564358724592
2024-02-24 00:00:00+00:00,0.0398267464212671
2024-02-25 00:00:00+00:00,0.0180248073957651
2024-02-26 00:00:00+00:00,0.0342660367465631
2024-02-27 00:00:00+00:00,0.0168529470609726
2024-02-28 00:00:00+00:00,0.0167556342855383
2024-02-29 00:00:00+00:00,0.0072188617049771
2024-03-01 00:00:00+00:00,0.0757004425300591
2024-03-02 00:00:00+00:00,0.0512518952575975
2024-03-03 00:00:00+00:00,-0.0033239465814014
2024-03-04 00:00:00+00:00,0.0177872207914003
2024-03-05 00:00:00+00:00,-0.075457382784209
2024-03-06 00:00:00+00:00,0.0768048887200892
2024-03-07 00:00:00+00:00,0.0425723151968209
2024-03-08 00:00:00+00:00,0.0058993364554308
2024-03-09 00:00:00+00:00,0.0411255197591552
2024-03-10 00:00:00+00:00,0.0016101427121767
2024-03-11 00:00:00+00:00,0.0383805680048604
2024-03-12 00:00:00+00:00,0.0095774494253686
2024-03-13 00:00:00+00:00,0.0176202423708143
2024-03-14 00:00:00+00:00,-0.0188967288855828
2024-03-15 00:00:00+00:00,-0.0511043909980278
2024-03-16 00:00:00+00:00,-0.0836252662991525
2024-03-17 00:00:00+00:00,0.0537869130370513
2024-03-18 00:00:00+00:00,-0.0608497783480268
2024-03-19 00:00:00+00:00,-0.0854059661565306
2024-03-20 00:00:00+00:00,0.1122473848542889
2024-03-21 00:00:00+00:00,0.0100380419633529
2024-03-22 00:00:00+00:00,-0.0241322856628958
2024-03-23 00:00:00+00:00,0.01244110786609
2024-03-24 00:00:00+00:00,0.0476046156791491
2024-03-25 00:00:00+00:00,0.0491241033326835
2024-03-26 00:00:00+00:00,0.0264316747198829
2024-03-27 00:00:00+00:00,-0.0292136226898895
2024-03-28 00:00:00+00:00,0.0155453758820021
2024-03-29 00:00:00+00:00,-0.00543567748747
2024-03-30 00:00:00+00:00,-0.0185540799990928
2024-03-31 00:00:00+00:00,0.0274024443099225
2024-04-01 00:00:00+00:00,-0.0468130392573576
2024-04-02 00:00:00+00:00,-0.0685091142035988
2024-04-03 00:00:00+00:00,-0.0075584870760254
2024-04-04 00:00:00+00:00,0.0293996210326352
2024-04-05 00:00:00+00:00,-0.0250621728853878
2024-04-06 00:00:00+00:00,0.0270433381714475
2024-04-07 00:00:00+00:00,0.0253243111428205
2024-04-08 00:00:00+00:00,0.0432376768601676
2024-04-09 00:00:00+00:00,-0.0582173742473419
2024-04-10 00:00:00+00:00,-0.0039651835428056
2024-04-11 00:00:00+00:00,-0.0147618348872878
2024-04-12 00:00:00+00:00,-0.1628473183957543
2024-04-13 00:00:00+00:00,-0.1377101171224148
2024-04-14 00:00:00+00:00,0.0751383036843593
2024-04-15 00:00:00+00:00,-0.0422166342244725
2024-04-16 00:00:00+00:00,0.0061971833850773
2024-04-17 00:00:00+00:00,-0.0266283276496586
2024-04-18 00:00:00+00:00,0.0358814068472353
2024-04-19 00:00:00+00:00,0.0125162895775654
2024-04-20 00:00:00+00:00,0.0894847717419703
2024-04-21 00:00:00+00:00,-0.0174163011933674
2024-04-22 00:00:00+00:00,0.0335478186116801
2024-04-23 00:00:00+00:00,-0.0029071208078801
2024-04-24 00:00:00+00:00,-0.0470469162243306
2024-04-25 00:00:00+00:00,0.0030260963830806
2024-04-26 00:00:00+00:00,-0.0266781876487525
2024-04-27 00:00:00+00:00,0.0111399962263688
2024-04-28 00:00:00+00:00,-0.011678235888
2024-04-29 00:00:00+00:00,-0.0096359600392339
2024-04-30 00:00:00+00:00,-0.0652248146529391
2024-05-01 00:00:00+00:00,0.0091868586550412
2024-05-02 00:00:00+00:00,0.0206195097684856
2024-05-03 00:00:00+00:00,0.0522830534132403
2024-05-04 00:00:00+00:00,0.0033075461613047
2024-05-05 00:00:00+00:00,0.0198311068668117
2024-05-06 00:00:00+00:00,-0.0210699731691578
2024-05-07 00:00:00+00:00,-0.0225364976681542
2024-05-08 00:00:00+00:00,-0.0063192156325513
2024-05-09 00:00:00+00:00,0.0388831628640204
2024-05-10 00:00:00+00:00,-0.0421784793250662
2024-05-11 00:00:00+00:00,-0.0018591480415607
2024-05-12 00:00:00+00:00,-0.0077885806109119
2024-05-13 00:00:00+00:00,-0.0104794838713848
2024-05-14 00:00:00+00:00,-0.0360142008101445
2024-05-15 00:00:00+00:00,0.0743299596188152
2024-05-16 00:00:00+00:00,-0.0094597171908429
2024-05-17 00:00:00+00:00,0.0325238264485227
2024-05-18 00:00:00+00:00,0.0004460030603525
2024-05-19 00:00:00+00:00,-0.0411533018082936
2024-05-20 00:00:00+00:00,0.0956361033629102
2024-05-21 00:00:00+00:00,0.0074448851729612
2024-05-22 00:00:00+00:00,-0.010357796154776
2024-05-23 00:00:00+00:00,-0.0119009413327864
2024-05-24 00:00:00+00:00,0.0131663273160332
2024-05-25 00:00:00+00:00,0.0141809233922673
2024-05-26 00:00:00+00:00,-0.0117284000034693
2024-05-27 00:00:00+00:00,0.0352734280238341
2024-05-28 00:00:00+00:00,-0.0095896455950259
2024-05-29 00:00:00+00:00,-0.0164018304421144
2024-05-30 00:00:00+00:00,-0.0031088669276738
2024-05-31 00:00:00+00:00,0.0021077221035926
2024-06-01 00:00:00+00:00,0.0086225360279184
2024-06-02 00:00:00+00:00,-0.0057612464257409
2024-06-03 00:00:00+00:00,0.0084090470375212
2024-06-04 00:00:00+00:00,0.0241716917442389
2024-06-05 00:00:00+00:00,0.0170283990482772
2024-06-06 00:00:00+00:00,-0.0153506568738695
2024-06-07 00:00:00+00:00,-0.078402413651208
2024-06-08 00:00:00+00:00,-0.0369303739999041
2024-06-09 00:00:00+00:00,0.0185065405646788
2024-06-10 00:00:00+00:00,-0.0319340155242815
2024-06-11 00:00:00+00:00,-0.0519955109121129
2024-06-12 00:00:00+00:00,0.0425408238024375
2024-06-13 00:00:00+00:00,-0.0561100869769413
2024-06-14 00:00:00+00:00,-0.030192839953435
2024-06-15 00:00:00+00:00,0.0104886870934989
2024-06-16 00:00:00+00:00,0.0100790984468577
2024-06-17 00:00:00+00:00,-0.0864483651560285
2024-06-18 00:00:00+00:00,-0.0709521473682228
2024-06-19 00:00:00+00:00,0.0207352466176292
2024-06-20 00:00:00+00:00,0.0037924424951068
2024-06-21 00:00:00+00:00,-0.0051134248889608
2024-06-22 00:00:00+00:00,-0.0061578083643382
2024-06-23 00:00:00+00:00,-0.0311462470440341
2024-06-24 00:00:00+00:00,0.0278787913904829
2024-06-25 00:00:00+00:00,0.0251219447712044
2024-06-26 00:00:00+00:00,-0.0210942288229344
2024-06-27 00:00:00+00:00,0.0221704096511929
2024-06-28 00:00:00+00:00,-0.0362902127884424
2024-06-29 00:00:00+00:00,-0.0168627918786548
2024-06-30 00:00:00+00:00,0.0432239947291536
2024-07-01 00:00:00+00:00,-0.0162722253398182
2024-07-02 00:00:00+00:00,0.0070195412562384
2024-07-03 00:00:00+00:00,-0.0566595221573354
2024-07-04 00:00:00+00:00,-0.1067180094987777
2024-07-05 00:00:00+00:00,-0.0292454647837777
2024-07-06 00:00:00+00:00,0.0903389129081845
2024-07-07 00:00:00+00:00,-0.0668069685303946
2024-07-08 00:00:00+00:00,0.0386983603209422
2024-07-09 00:00:00+00:00,0.0306205321945951
2024-07-10 00:00:00+00:00,0.0120825344076005
2024-07-11 00:00:00+00:00,-0.0264580390566036
2024-07-12 00:00:00+00:00,0.0237443069455129
2024-07-13 00:00:00+00:00,0.0176961392376644
2024-07-14 00:00:00+00:00,0.0357277883388597
2024-07-15 00:00:00+00:00,0.0752771971060077
2024-07-16 00:00:00+00:00,0.0097847713579139
2024-07-17 00:00:00+00:00,0.0006903258099635
2024-07-18 00:00:00+00:00,-0.0056524296057525
2024-07-19 00:00:00+00:00,0.0372329267377177
2024-07-20 00:00:00+00:00,0.0065686995512163
2024-07-21 00:00:00+00:00,0.0170544237352062
2024-07-22 00:00:00+00:00,-0.0531725748885856
2024-07-23 00:00:00+00:00,-0.0246949499862797
2024-07-24 00:00:00+00:00,-0.0176493995081698
2024-07-25 00:00:00+00:00,-0.0256720970681331
2024-07-26 00:00:00+00:00,0.0566059303657189
2024-07-27 00:00:00+00:00,0.000703726505134
2024-07-28 00:00:00+00:00,-0.0231846314657357
2024-07-29 00:00:00+00:00,-0.0035490087290284
2024-07-30 00:00:00+00:00,-0.0246020678501198
2024-07-31 00:00:00+00:00,-0.0220561340965824
2024-08-01 00:00:00+00:00,-0.0172963078005608
2024-08-02 00:00:00+00:00,-0.0755681882833628
2024-08-03 00:00:00+00:00,-0.0547734291793644
2024-08-04 00:00:00+00:00,-0.0492242850547324
2024-08-05 00:00:00+00:00,-0.0875205342902541
2024-08-06 00:00:00+00:00,0.0680715688482635
2024-08-07 00:00:00+00:00,-0.0320907035152339
2024-08-08 00:00:00+00:00,0.1335485536802334
2024-08-09 00:00:00+00:00,-0.0164924269329132
2024-08-10 00:00:00+00:00,0.0219048953716039
2024-08-11 00:00:00+00:00,-0.0666435619003136
2024-08-12 00:00:00+00:00,0.0591652689669429
2024-08-13 00:00:00+00:00,0.0089375407590596
2024-08-14 00:00:00+00:00,-0.0264675016768195
2024-08-15 00:00:00+00:00,-0.0363295919517548
2024-08-16 00:00:00+00:00,-0.0040193625948983
2024-08-17 00:00:00+00:00,0.0255183532505157
2024-08-18 00:00:00+00:00,0.0052177075285877
2024-08-19 00:00:00+00:00,0.0217237663258444
2024-08-20 00:00:00+00:00,0.0086572158971048
2024-08-21 00:00:00+00:00,0.0368538299613853
2024-08-22 00:00:00+00:00,0.0156903422177976
2024-08-23 00:00:00+00:00,0.0855736572092757
2024-08-24 00:00:00+00:00,0.0210707039326398
2024-08-25 00:00:00+00:00,-0.0282078376512567
2024-08-26 00:00:00+00:00,-0.0600991449654395
2024-08-27 00:00:00+00:00,-0.0579659189730987
2024-08-28 00:00:00+00:00,-0.0137273701992345
2024-08-29 00:00:00+00:00,-0.0012777593043878
2024-08-30 00:00:00+00:00,0.0018458765335078
2024-08-31 00:00:00+00:00,-0.0204880197527832
2024-09-01 00:00:00+00:00,-0.0526410568679067
2024-09-02 00:00:00+00:00,0.0593188457933192
2024-09-03 00:00:00+00:00,-0.0500886704195787
2024-09-04 00:00:00+00:00,0.0276720590067014
2024-09-05 00:00:00+00:00,-0.0313705734869461
2024-09-06 00:00:00+00:00,-0.0286963227444557
2024-09-07 00:00:00+00:00,0.0214342303700109
2024-09-08 00:00:00+00:00,0.0306967442194028
2024-09-09 00:00:00+00:00,0.0484179846648209
2024-09-10 00:00:00+00:00,0.015068940474281
2024-09-11 00:00:00+00:00,-0.0239063997668226
2024-09-12 00:00:00+00:00,0.0341146093672097
2024-09-13 00:00:00+00:00,0.0259030916424761
2024-09-14 00:00:00+00:00,-0.0063717903034094
2024-09-15 00:00:00+00:00,-0.0356680539397318
2024-09-16 00:00:00+00:00,-0.0238023793720727
2024-09-17 00:00:00+00:00,0.0411859658015471
2024-09-18 00:00:00+00:00,0.0447758109030453
2024-09-19 00:00:00+00:00,0.0377676843785688
2024-09-20 00:00:00+00:00,0.0183047925569528
2024-09-21 00:00:00+00:00,0.021661471659936
2024-09-22 00:00:00+00:00,-0.0313228395359864
2024-09-23 00:00:00+00:00,0.036999391213149
2024-09-24 00:00:00+00:00,0.030454778024765
2024-09-25 00:00:00+00:00,-0.0156442973309875
2024-09-26 00:00:00+00:00,0.0462265392452784
2024-09-27 00:00:00+00:00,0.0303200004752937
2024-09-28 00:00:00+00:00,-0.0238661847398692
2024-09-29 00:00:00+00:00,0.0088615117909924
2024-09-30 00:00:00+00:00,-0.0570088229495909
2024-10-01 00:00:00+00:00,-0.0847789017285691
2024-10-02 00:00:00+00:00,-0.0214248968502662
2024-10-03 00:00:00+00:00,-0.0127805140898335
2024-10-04 00:00:00+00:00,0.0523720162538844
2024-10-05 00:00:00+00:00,-0.0078551143830581
2024-10-06 00:00:00+00:00,0.0351216739337285
2024-10-07 00:00:00+00:00,-0.0126359494447432
2024-10-08 00:00:00+00:00,-0.0127700023433075
2024-10-09 00:00:00+00:00,-0.0314735780758767
2024-10-10 00:00:00+00:00,0.0103616822604161
2024-10-11 00:00:00+00:00,0.0541132909450309
2024-10-12 00:00:00+00:00,0.0213549958915452
2024-10-13 00:00:00+00:00,-0.0070919779385327
2024-10-14 00:00:00+00:00,0.0643349318715816
2024-10-15 00:00:00+00:00,-0.0218130502760744
2024-10-16 00:00:00+00:00,-0.0266919312624294
2024-10-17 00:00:00+00:00,-0.0211534850240453
2024-10-18 00:00:00+00:00,0.0354516246213232
2024-10-19 00:00:00+00:00,0.00465059665562
2024-10-20 00:00:00+00:00,0.0489123343029439
2024-10-21 00:00:00+00:00,-0.0436252356981293
2024-10-22 00:00:00+00:00,0.0026910016200689
2024-10-23 00:00:00+00:00,-0.0407227599728942
2024-10-24 00:00:00+00:00,0.0165348313695354
2024-10-25 00:00:00+00:00,-0.0920481427522293
2024-10-26 00:00:00+00:00,0.012732876919997
2024-10-27 00:00:00+00:00,0.0212680618104531
2024-10-28 00:00:00+00:00,0.0014752526697355
2024-10-29 00:00:00+00:00,0.0477443997489967
2024-10-30 00:00:00+00:00,-0.0137506492750088
2024-10-31 00:00:00+00:00,-0.0516954006321784
2024-11-01 00:00:00+00:00,-0.0154117719204003
2024-11-02 00:00:00+00:00,-0.0225254284596346
2024-11-03 00:00:00+00:00,-0.0423894246892738
2024-11-04 00:00:00+00:00,-0.0303475615086764
2024-11-05 00:00:00+00:00,0.0492347462748394
2024-11-06 00:00:00+00:00,0.1313885929231675
2024-11-07 00:00:00+00:00,0.0177412368932162
2024-11-08 00:00:00+00:00,-0.0028750221393857
2024-11-09 00:00:00+00:00,0.058833471827769
2024-11-10 00:00:00+00:00,0.0502011818030899
2024-11-11 00:00:00+00:00,0.0714264942272901
2024-11-12 00:00:00+00:00,-0.0490002001265347
2024-11-13 00:00:00+00:00,-0.0230787349918428
2024-11-14 00:00:00+00:00,-0.0388076518751427
2024-11-15 00:00:00+00:00,0.0570809612484161
2024-11-16 00:00:00+00:00,0.0711000216511574
2024-11-17 00:00:00+00:00,-0.0460622301909581
2024-11-18 00:00:00+00:00,0.0670884019196404
2024-11-19 00:00:00+00:00,-0.0362832656540087
2024-11-20 00:00:00+00:00,-0.0573844498107037
2024-11-21 00:00:00+00:00,0.0689066721835344
2024-11-22 00:00:00+00:00,0.0375812736637671
2024-11-23 00:00:00+00:00,0.0811241472284779
2024-11-24 00:00:00+00:00,0.0571350487309356
2024-11-25 00:00:00+00:00,-0.0337142963787432
2024-11-26 00:00:00+00:00,-0.0095543671413897
2024-11-27 00:00:00+00:00,0.0735347176531826
2024-11-28 00:00:00+00:00,-0.0012523540268637
2024-11-29 00:00:00+00:00,0.034938995616568
2024-11-30 00:00:00+00:00,0.0427142245723703
2024-12-01 00:00:00+00:00,0.0141209022340302
2024-12-02 00:00:00+00:00,0.0288705437411715
2024-12-03 00:00:00+00:00,0.079036554367817
2024-12-04 00:00:00+00:00,0.0173679613539005
2024-12-05 00:00:00+00:00,-0.0107438966309926
2024-12-06 00:00:00+00:00,0.041645713066793
2024-12-07 00:00:00+00:00,-0.0022232444470812
2024-12-08 00:00:00+00:00,0.0109645118530402
2024-12-09 00:00:00+00:00,-0.1780638426135409
2024-12-10 00:00:00+00:00,-0.022299663914958
2024-12-11 00:00:00+00:00,0.0706639703528818
2024-12-12 00:00:00+00:00,0.0164833715412211
2024-12-13 00:00:00+00:00,0.0026957688767704
2024-12-14 00:00:00+00:00,-0.0498556484633964
2024-12-15 00:00:00+00:00,0.0350148384484199
2024-12-16 00:00:00+00:00,-0.032838088879993
2024-12-17 00:00:00+00:00,-0.0544948441545216
2024-12-18 00:00:00+00:00,-0.0958838223262213
2024-12-19 00:00:00+00:00,-0.0732064397878746
2024-12-20 00:00:00+00:00,0.039305051637505
2024-12-21 00:00:00+00:00,-0.0479099561419155
2024-12-22 00:00:00+00:00,0.001547825800028
2024-12-23 00:00:00+00:00,0.0676189052736046
2024-12-24 00:00:00+00:00,0.0401934856303086
2024-12-25 00:00:00+00:00,-0.0167751775952815
2024-12-26 00:00:00+00:00,-0.0667482253144913
2024-12-27 00:00:00+00:00,0.0145424190861755
2024-12-28 00:00:00+00:00,0.0464463582169486
2024-12-29 00:00:00+00:00,-0.0473984078191697
2024-12-30 00:00:00+00:00,-0.0028358893574111
2024-12-31 00:00:00+00:00,-0.0125566682239495
2025-01-01 00:00:00+00:00,0.0310649426870733
2025-01-02 00:00:00+00:00,0.0336129956188417
2025-01-03 00:00:00+00:00,0.0602610596593221
2025-01-04 00:00:00+00:00,7.56103286704749e-05
2025-01-05 00:00:00+00:00,0.0014245064837298
2025-01-06 00:00:00+00:00,0.0065994575224266
2025-01-07 00:00:00+00:00,-0.1088101490466886
2025-01-08 00:00:00+00:00,-0.0379310769348365
2025-01-09 00:00:00+00:00,-0.023970448938877
2025-01-10 00:00:00+00:00,0.0201134756183197
2025-01-11 00:00:00+00:00,-0.0033212342638701
2025-01-12 00:00:00+00:00,-0.0205144945321446
2025-01-13 00:00:00+00:00,-0.036039152214361
2025-01-14 00:00:00+00:00,0.0417544173151148
2025-01-15 00:00:00+00:00,0.0675683631489242
2025-01-16 00:00:00+00:00,-0.02832553664025
2025-01-17 00:00:00+00:00,0.0684971677783971
2025-01-18 00:00:00+00:00,-0.0781900395934853
2025-01-19 00:00:00+00:00,-0.092194216666332
2025-01-20 00:00:00+00:00,-0.0100410847975245
2025-01-21 00:00:00+00:00,0.0279399503489724
2025-01-22 00:00:00+00:00,-0.026359841081636
2025-01-23 00:00:00+00:00,-0.007739141626068
2025-01-24 00:00:00+00:00,-0.0294227489821134
2025-01-25 00:00:00+00:00,0.0067488361316671
2025-01-26 00:00:00+00:00,-0.0224845609522009
2025-01-27 00:00:00+00:00,-0.0206626558412961
2025-01-28 00:00:00+00:00,-0.0704902790411741
2025-01-29 00:00:00+00:00,0.0389018469183837
2025-01-30 00:00:00+00:00,0.0486520907612355
2025-01-31 00:00:00+00:00,0.0039986423948794
2025-02-01 00:00:00+00:00,-0.0955309439809716
2025-02-02 00:00:00+00:00,-0.1114988141404527
2025-02-03 00:00:00+00:00,0.026756677973761
2025-02-04 00:00:00+00:00,-0.069970080493518
2025-02-05 00:00:00+00:00,-0.0246672882441197
2025-02-06 00:00:00+00:00,-0.0514925141403235
2025-02-07 00:00:00+00:00,0.0067571753521549
2025-02-08 00:00:00+00:00,0.0673379465943845
2025-02-09 00:00:00+00:00,-0.0079918059661246
2025-02-10 00:00:00+00:00,0.0386223201281475
2025-02-11 00:00:00+00:00,-0.0060372832164927
2025-02-12 00:00:00+00:00,0.0704200352075073
2025-02-13 00:00:00+00:00,-0.0339966141072167
2025-02-14 00:00:00+00:00,0.0263496738700986
2025-02-15 00:00:00+00:00,-0.0328849946269007
2025-02-16 00:00:00+00:00,-0.0031311234224995
2025-02-17 00:00:00+00:00,-0.0073885775444123
2025-02-18 00:00:00+00:00,-0.0439755057194185
2025-02-19 00:00:00+00:00,0.0164374484576126
2025-02-20 00:00:00+00:00,0.0484530326738114
2025-02-21 00:00:00+00:00,-0.0352025197822965
2025-02-22 00:00:00+00:00,0.0595355796867009
2025-02-23 00:00:00+00:00,-0.026073757904487
2025-02-24 00:00:00+00:00,-0.1293237220129044
2025-02-25 00:00:00+00:00,0.0416119500532801
2025-02-26 00:00:00+00:00,0.0238401672261874
2025-02-27 00:00:00+00:00,-0.0046090992837234
2025-02-28 00:00:00+00:00,0.0093487816748021
2025-03-01 00:00:00+00:00,-0.0264309761837583
2025-03-02 00:00:00+00:00,0.1060001879329396
2025-03-03 00:00:00+00:00,-0.1529182398631743
2025-03-04 00:00:00+00:00,-0.0145100013147566
2025-03-05 00:00:00+00:00,0.0266320070770233
2025-03-06 00:00:00+00:00,-0.0286855955405818
2025-03-07 00:00:00+00:00,-0.0179646005204646
2025-03-08 00:00:00+00:00,-0.0201613441815588
2025-03-09 00:00:00+00:00,-0.0953502604145478
2025-03-10 00:00:00+00:00,-0.0387716944359331
2025-03-11 00:00:00+00:00,0.0422062911478775
2025-03-12 00:00:00+00:00,0.0264268140815673
2025-03-13 00:00:00+00:00,-0.0237598256359388
2025-03-14 00:00:00+00:00,0.0357652042192378
2025-03-15 00:00:00+00:00,0.0321857691937074
2025-03-16 00:00:00+00:00,-0.0442159572789956
2025-03-17 00:00:00+00:00,0.0571830797904644
2025-03-18 00:00:00+00:00,-0.0177560130709308
2025-03-19 00:00:00+00:00,0.0427383505322407
2025-03-20 00:00:00+00:00,-0.0279040768763667
2025-03-21 00:00:00+00:00,-0.0100733325962723
2025-03-22 00:00:00+00:00,0.0242464488748587
2025-03-23 00:00:00+00:00,0.0062225753811456
2025-03-24 00:00:00+00:00,0.0443137889286271
2025-03-25 00:00:00+00:00,0.0115375855756798
2025-03-26 00:00:00+00:00,-0.0203690482910996
2025-03-27 00:00:00+00:00,0.0005356154330973
2025-03-28 00:00:00+00:00,-0.0702708462088186
2025-03-29 00:00:00+00:00,-0.0542755222921466
2025-03-30 00:00:00+00:00,0.0071591226093487
2025-03-31 00:00:00+00:00,-0.0126305085552234
2025-04-01 00:00:00+00:00,0.0095020405338648
2025-04-02 00:00:00+00:00,-0.0762161770979264
2025-04-03 00:00:00+00:00,0.0056881956533951
2025-04-04 00:00:00+00:00,0.0035257631789397
2025-04-05 00:00:00+00:00,-0.0142099319410357
2025-04-06 00:00:00+00:00,-0.1087952505749931
2025-04-07 00:00:00+00:00,0.025783249578456
2025-04-08 00:00:00+00:00,-0.0542177784363497
2025-04-09 00:00:00+00:00,0.1208704913807353
2025-04-10 00:00:00+00:00,-0.040712516963094
2025-04-11 00:00:00+00:00,0.0498398193663462
2025-04-12 00:00:00+00:00,0.0529009460030929
2025-04-13 00:00:00+00:00,-0.0708789071073149
2025-04-14 00:00:00+00:00,0.0065438414093547
2025-04-15 00:00:00+00:00,-0.0235466489292765
2025-04-16 00:00:00+00:00,-0.0103939601412206
2025-04-17 00:00:00+00:00,0.0164925439254347
2025-04-18 00:00:00+00:00,0.0183400433008448
2025-04-19 00:00:00+00:00,0.0414033627193628
2025-04-20 00:00:00+00:00,0.0200115285903334
2025-04-21 00:00:00+00:00,0.0044944141200914
2025-04-22 00:00:00+00:00,0.0971158508816304
2025-04-23 00:00:00+00:00,0.0363842784918154
2025-04-24 00:00:00+00:00,0.0289978506769021
2025-04-25 00:00:00+00:00,0.0381839609223706
2025-04-26 00:00:00+00:00,0.0359389972332215
2025-04-27 00:00:00+00:00,-0.0490864074055838
2025-04-28 00:00:00+00:00,0.0384453113247569
2025-04-29 00:00:00+00:00,-0.0268684074365067
2025-04-30 00:00:00+00:00,0.0351651993676406
2025-05-01 00:00:00+00:00,0.0163314327420185
2025-05-02 00:00:00+00:00,-0.004108969364594
2025-05-03 00:00:00+00:00,-0.060584183443741
2025-05-04 00:00:00+00:00,-0.0195835874505465
2025-05-05 00:00:00+00:00,-0.0004670677557735
2025-05-06 00:00:00+00:00,-0.0146002581579038
2025-05-07 00:00:00+00:00,0.012640271207181
2025-05-08 00:00:00+00:00,0.1394611892556081
2025-05-09 00:00:00+00:00,0.1060526680148748
2025-05-10 00:00:00+00:00,0.0827314998712259
2025-05-11 00:00:00+00:00,-0.0181757726151997
2025-05-12 00:00:00+00:00,0.0137269969202364
2025-05-13 00:00:00+00:00,0.0506481172858475
2025-05-14 00:00:00+00:00,-0.0542551288610723
2025-05-15 00:00:00+00:00,-0.0666795369858908
2025-05-16 00:00:00+00:00,-0.0195891839854846
2025-05-17 00:00:00+00:00,-0.0318015732548576
2025-05-18 00:00:00+00:00,0.0652080911392845
2025-05-19 00:00:00+00:00,-0.0335286520700727
2025-05-20 00:00:00+00:00,0.0089108018650284
2025-05-21 00:00:00+00:00,0.0263872189009415
2025-05-22 00:00:00+00:00,0.065865273176797
2025-05-23 00:00:00+00:00,-0.0926705298169421
2025-05-24 00:00:00+00:00,0.0078750910191176
2025-05-25 00:00:00+00:00,0.0011742955390757
2025-05-26 00:00:00+00:00,-0.0062001472161884
2025-05-27 00:00:00+00:00,0.0283314032298722
2025-05-28 00:00:00+00:00,-0.0080798968338179
2025-05-29 00:00:00+00:00,-0.0345898175642541
2025-05-30 00:00:00+00:00,-0.118031175811561
2025-05-31 00:00:00+00:00,0.0168721848001507
2025-06-01 00:00:00+00:00,0.0264487923551193
2025-06-02 00:00:00+00:00,0.0117589150366848
2025-06-03 00:00:00+00:00,0.0022136363795197
2025-06-04 00:00:00+00:00,-0.0322916090935297
2025-06-05 00:00:00+00:00,-0.0638729341181234
2025-06-06 00:00:00+00:00,0.0160230086839166
2025-06-07 00:00:00+00:00,0.0359746920757421
2025-06-08 00:00:00+00:00,-0.0041401933626315
2025-06-09 00:00:00+00:00,0.0632229223619666
2025-06-10 00:00:00+00:00,0.0319274507411847
2025-06-11 00:00:00+00:00,-0.0560545206930431
2025-06-12 00:00:00+00:00,-0.0712827608843331
2025-06-13 00:00:00+00:00,-0.0137678984634391
2025-06-14 00:00:00+00:00,-0.0189454241881723
2025-06-15 00:00:00+00:00,0.0098472870092896
2025-06-16 00:00:00+00:00,0.0032086269224363
2025-06-17 00:00:00+00:00,-0.03951992715487
2025-06-18 00:00:00+00:00,0.0073055252563555
2025-06-19 00:00:00+00:00,-0.0098901357585774
2025-06-20 00:00:00+00:00,-0.0344997114790341
2025-06-21 00:00:00+00:00,-0.0388158974563622
2025-06-22 00:00:00+00:00,-0.0265682048706504
2025-06-23 00:00:00+00:00,0.1163597883477385
2025-06-24 00:00:00+00:00,0.010887037369816
2025-06-25 00:00:00+00:00,-0.0327358446180032
2025-06-26 00:00:00+00:00,-0.0239257278764196
2025-06-27 00:00:00+00:00,0.0170712201821238
2025-06-28 00:00:00+00:00,0.0299860971327441
2025-06-29 00:00:00+00:00,0.0455133735890022
2025-06-30 00:00:00+00:00,-0.0349702859786137
2025-07-01 00:00:00+00:00,-0.0463216537578777
2025-07-02 00:00:00+00:00,0.0777992487224561
2025-07-03 00:00:00+00:00,0.0052355527023064
2025-07-04 00:00:00+00:00,-0.0497389413779936
2025-07-05 00:00:00+00:00,-0.004134107562637
2025-07-06 00:00:00+00:00,0.0209679543416454
2025-07-07 00:00:00+00:00,-0.0178957302801009
2025-07-08 00:00:00+00:00,0.0177285672781273
2025-07-09 00:00:00+00:00,0.0484399626915587
2025-07-10 00:00:00+00:00,0.1029767577610857
2025-07-11 00:00:00+00:00,0.0095980482867993
2025-07-12 00:00:00+00:00,-0.0202729089530697
2025-07-13 00:00:00+00:00,0.0226191112720152
2025-07-14 00:00:00+00:00,0.0034726895651671
2025-07-15 00:00:00+00:00,0.038747154452275
2025-07-16 00:00:00+00:00,0.0196619968174466
2025-07-17 00:00:00+00:00,0.0013933141897662
2025-07-18 00:00:00+00:00,-0.0064751471657805
2025-07-19 00:00:00+00:00,0.0142365538902449
2025-07-20 00:00:00+00:00,0.0395033113542578
2025-07-21 00:00:00+00:00,0.032028583262811
2025-07-22 00:00:00+00:00,-0.0013936969204302
2025-07-23 00:00:00+00:00,-0.0704185540245404
2025-07-24 00:00:00+00:00,-0.0226005830306352
2025-07-25 00:00:00+00:00,0.0294460507978117
2025-07-26 00:00:00+00:00,0.0033453689925625
2025-07-27 00:00:00+00:00,0.0383671860943329
2025-07-28 00:00:00+00:00,-0.060565591323977
2025-07-29 00:00:00+00:00,-0.0074479334651688
2025-07-30 00:00:00+00:00,-0.0137548649227861
2025-07-31 00:00:00+00:00,-0.0496400477276671
2025-08-01 00:00:00+00:00,-0.0223292795626696
2025-08-02 00:00:00+00:00,-0.0264997233468673
2025-08-03 00:00:00+00:00,0.0368302514021597
2025-08-04 00:00:00+00:00,0.0536526580861686
2025-08-05 00:00:00+00:00,-0.017799532891446
2025-08-06 00:00:00+00:00,0.0244243494711253
2025-08-07 00:00:00+00:00,0.0523952035747316
2025-08-08 00:00:00+00:00,0.0242554061037768
2025-08-09 00:00:00+00:00,0.0466960407060024
2025-08-10 00:00:00+00:00,0.0012579889132444
2025-08-11 00:00:00+00:00,-0.0557953170589472
2025-08-12 00:00:00+00:00,0.0528419667595615
2025-08-13 00:00:00+00:00,0.0292005796715017
2025-08-14 00:00:00+00:00,-0.0946301220203494
2025-08-15 00:00:00+00:00,-0.0048002159012825
2025-08-16 00:00:00+00:00,0.022467780386397
2025-08-17 00:00:00+00:00,0.0055705806020369
2025-08-18 00:00:00+00:00,-0.0348419424645766
2025-08-19 00:00:00+00:00,-0.0391459184345546
2025-08-20 00:00:00+00:00,0.0474742256583685
2025-08-21 00:00:00+00:00,-0.0314665524540893
2025-08-22 00:00:00+00:00,0.0918147810966013
2025-08-23 00:00:00+00:00,-0.0132285059913128
2025-08-24 00:00:00+00:00,-0.0251172119886735
2025-08-25 00:00:00+00:00,-0.0782858066189045
2025-08-26 00:00:00+00:00,0.0359803558486058
2025-08-27 00:00:00+00:00,-0.0091069365636301
2025-08-28 00:00:00+00:00,0.0314381015841686
2025-08-29 00:00:00+00:00,-0.0407451974564533
2025-08-30 00:00:00+00:00,0.014594023469959
2025-08-31 00:00:00+00:00,-0.0195564600010957
2025-09-01 00:00:00+00:00,-0.0339972783097284
2025-09-02 00:00:00+00:00,0.0323061965533091
2025-09-03 00:00:00+00:00,0.0119525287449561
2025-09-04 00:00:00+00:00,-0.0390724413524703
2025-09-05 00:00:00+00:00,0.0271093126657016
2025-09-06 00:00:00+00:00,-0.0005044937440133
2025-09-07 00:00:00+00:00,0.0302584227830054
2025-09-08 00:00:00+00:00,0.0374393209775326
2025-09-09 00:00:00+00:00,0.0061685550784544
2025-09-10 00:00:00+00:00,0.030727023463339
2025-09-11 00:00:00+00:00,0.0127097418120543
2025-09-12 00:00:00+00:00,0.0477659153009941
2025-09-13 00:00:00+00:00,0.0244808729344334
2025-09-14 00:00:00+00:00,-0.0445986498707338
2025-09-15 00:00:00+00:00,-0.0356534811840042
2025-09-16 00:00:00+00:00,0.0170438617484455
2025-09-17 00:00:00+00:00,0.035054689115789
2025-09-18 00:00:00+00:00,0.0182244504849042
2025-09-19 00:00:00+00:00,-0.0515725625143279
2025-09-20 00:00:00+00:00,0.0103045382088082
2025-09-21 00:00:00+00:00,-0.0061128363430847
2025-09-22 00:00:00+00:00,-0.0906665269551646
2025-09-23 00:00:00+00:00,-0.0159220919498122
2025-09-24 00:00:00+00:00,0.0192389043469045
2025-09-25 00:00:00+00:00,-0.0725201373302366
2025-09-26 00:00:00+00:00,0.0405563303939641
2025-09-27 00:00:00+00:00,0.0018950610057199
2025-09-28 00:00:00+00:00,0.0258373981241447
2025-09-29 00:00:00+00:00,-0.0204827874213957
2025-09-30 00:00:00+00:00,-0.012767048144032
2025-10-01 00:00:00+00:00,0.0492704657632361
2025-10-02 00:00:00+00:00,0.037007605574964
2025-10-03 00:00:00+00:00,0.0085807004266471
2025-10-04 00:00:00+00:00,-0.024387575309302
2025-10-05 00:00:00+00:00,-0.0059238390600231
2025-10-06 00:00:00+00:00,0.0469010850868501
2025-10-07 00:00:00+00:00,-0.046864667074856
2025-10-08 00:00:00+00:00,0.0269080291353677
2025-10-09 00:00:00+00:00,-0.0348635425280144
2025-10-10 00:00:00+00:00,-0.2671903780617062
2025-10-11 00:00:00+00:00,0.0085801604810843
2025-10-12 00:00:00+00:00,0.119364045469423
2025-10-13 00:00:00+00:00,0.0751041076366486
2025-10-14 00:00:00+00:00,-0.0397371507748423
2025-10-15 00:00:00+00:00,-0.0383299749339647
2025-10-16 00:00:00+00:00,-0.0226448125168877
2025-10-17 00:00:00+00:00,-0.0265857276358194
2025-10-18 00:00:00+00:00,0.0149644272427175
2025-10-19 00:00:00+00:00,0.0181518103583981
2025-10-20 00:00:00+00:00,0.0120067118638123
2025-10-21 00:00:00+00:00,-0.0326447515083565
2025-10-22 00:00:00+00:00,-0.0256306007631086
2025-10-23 00:00:00+00:00,0.0417512997398126
2025-10-24 00:00:00+00:00,0.0290261054746511
2025-10-25 00:00:00+00:00,0.0087178059136085
2025-10-26 00:00:00+00:00,0.033725112314406
2025-10-27 00:00:00+00:00,-0.0359515748114905
2025-10-28 00:00:00+00:00,-0.0285720496968398
2025-10-29 00:00:00+00:00,-0.003085203262808
2025-10-30 00:00:00+00:00,-0.0639113484192742
2025-10-31 00:00:00+00:00,0.0211501428825389
2025-11-01 00:00:00+00:00,0.0350912305268315
2025-11-02 00:00:00+00:00,-0.009712128569003
2025-11-03 00:00:00+00:00,-0.1079313152797969
2025-11-04 00:00:00+00:00,-0.0180454372109763
2025-11-05 00:00:00+00:00,0.0396369573957691
2025-11-06 00:00:00+00:00,0.0064969566539175
2025-11-07 00:00:00+00:00,0.1182546209767527
2025-11-08 00:00:00+00:00,-0.0219740820236325
2025-11-09 00:00:00+00:00,0.0098380960428318
2025-11-10 00:00:00+00:00,0.0165705133387707
2025-11-11 00:00:00+00:00,-0.0708380677642389
2025-11-12 00:00:00+00:00,-0.0061425807103203
2025-11-13 00:00:00+00:00,-0.0336445287967839
2025-11-14 00:00:00+00:00,-0.0444407384727903
2025-11-15 00:00:00+00:00,0.0179469733146217
2025-11-16 00:00:00+00:00,-0.0267990438765894
2025-11-17 00:00:00+00:00,-0.0268213556779385
2025-11-18 00:00:00+00:00,0.0263944378583131
2025-11-19 00:00:00+00:00,-0.0260456944177682
2025-11-20 00:00:00+00:00,-0.0392004282471953
2025-11-21 00:00:00+00:00,-0.0485788945833869
2025-11-22 00:00:00+00:00,-0.0202152303338781
2025-11-23 00:00:00+00:00,0.0036061698848658
2025-11-24 00:00:00+00:00,0.0521751607332357
2025-11-25 00:00:00+00:00,0.0111683058566694
2025-11-26 00:00:00+00:00,0.0154751947893236
2025-11-27 00:00:00+00:00,-0.0008698581138589
2025-11-28 00:00:00+00:00,-0.0096508188119334
2025-11-29 00:00:00+00:00,-0.0176434722156945
2025-11-30 00:00:00+00:00,-0.0037810777597746
2025-12-01 00:00:00+00:00,-0.0674978727599225
2025-12-02 00:00:00+00:00,0.0551757243776933
2025-12-03 00:00:00+00:00,0.0283890781690942
2025-12-04 00:00:00+00:00,-0.0216847875056211
2025-12-05 00:00:00+00:00,-0.0368940421629149
2025-12-06 00:00:00+00:00,0.0138475490456232
2025-12-07 00:00:00+00:00,-0.0270153781769255
2025-12-08 00:00:00+00:00,0.0218781986565199
2025-12-09 00:00:00+00:00,0.0255366880465299
2025-12-10 00:00:00+00:00,-0.0219696721322555
2025-12-11 00:00:00+00:00,-0.0131467981761674
2025-12-12 00:00:00+00:00,-0.0224739764945903
2025-12-13 00:00:00+00:00,0.019502694719687
2025-12-14 00:00:00+00:00,-0.0418656209448991
2025-12-15 00:00:00+00:00,-0.0239959711410751
2025-12-16 00:00:00+00:00,0.0108547193618565
2025-12-17 00:00:00+00:00,-0.0547923399280621
2025-12-18 00:00:00+00:00,-0.0377824252496649
2025-12-19 00:00:00+00:00,0.0703140080385517
2025-12-20 00:00:00+00:00,0.0222066318105873
2025-12-21 00:00:00+00:00,-0.0285011196075864
2025-12-22 00:00:00+00:00,0.013428682078372
2025-12-23 00:00:00+00:00,-0.0163041218472863
2025-12-24 00:00:00+00:00,-0.0009293774682105
2025-12-25 00:00:00+00:00,-0.0136530400509533
2025-12-26 00:00:00+00:00,0.027313497942517
2025-12-27 00:00:00+00:00,0.0288396541310302
2025-12-28 00:00:00+00:00,-0.0100808386187504
2025-12-29 00:00:00+00:00,-0.0136606126092228
2025-12-30 00:00:00+00:00,0.0030407037022143
2025-12-31 00:00:00+00:00,-0.0003292618858812
2026-01-01 00:00:00+00:00,0.0471136751315493
2026-01-02 00:00:00+00:00,0.0557659537623841
2026-01-03 00:00:00+00:00,0.0154745008907962
2026-01-04 00:00:00+00:00,0.0270054301582841
2026-01-05 00:00:00+00:00,0.0222526922880404
2026-01-06 00:00:00+00:00,0.0110248147155135
2026-01-07 00:00:00+00:00,-0.0477561972377789
2026-01-08 00:00:00+00:00,-0.0084349052597077
2026-01-09 00:00:00+00:00,0.0035798890217432
2026-01-10 00:00:00+00:00,-0.0080442350672435
2026-01-11 00:00:00+00:00,-0.0006625084183714
2026-01-12 00:00:00+00:00,-0.0131171658323189
2026-01-13 00:00:00+00:00,0.0764516959263108
2026-01-14 00:00:00+00:00,-0.0019343674886851
2026-01-15 00:00:00+00:00,-0.0321022653671713
2026-01-16 00:00:00+00:00,0.018654673110166
2026-01-17 00:00:00+00:00,-0.0047227449320077
2026-01-18 00:00:00+00:00,-0.033173267637554
2026-01-19 00:00:00+00:00,-0.0236583153518045
2026-01-20 00:00:00+00:00,-0.0501388887224173
2026-01-21 00:00:00+00:00,0.0384898392776192
2026-01-22 00:00:00+00:00,-0.0069476120352843
2026-01-23 00:00:00+00:00,0.0032784644678478
2026-01-24 00:00:00+00:00,0.0101109038823465
2026-01-25 00:00:00+00:00,-0.0601751261335678
2026-01-26 00:00:00+00:00,0.0335251976735893
2026-01-27 00:00:00+00:00,0.0219118654518726
2026-01-28 00:00:00+00:00,-0.0115845185664287
2026-01-29 00:00:00+00:00,-0.0690967590870356
2026-01-30 00:00:00+00:00,-0.0154980098386708
2026-01-31 00:00:00+00:00,-0.0864204316491504
2026-02-01 00:00:00+00:00,-0.022168738033769
2026-02-02 00:00:00+00:00,0.0323218777625128
2026-02-03 00:00:00+00:00,-0.0225418145549369
2026-02-04 00:00:00+00:00,-0.0110696166973665
2026-02-05 00:00:00+00:00,-0.136164989598562
2026-02-06 00:00:00+00:00,0.0945707595627811
2026-02-07 00:00:00+00:00,-0.0097579038484226
2026-02-08 00:00:00+00:00,-0.0095343604025288
2026-02-09 00:00:00+00:00,0.0073473912750712
2026-02-10 00:00:00+00:00,-0.0080078955505217
2026-02-11 00:00:00+00:00,-0.0051231304613285
2026-02-12 00:00:00+00:00,0.0275604706573053
2026-02-13 00:00:00+00:00,0.0354809950598509
2026-02-14 00:00:00+00:00,0.0488384473357312
2026-02-15 00:00:00+00:00,-0.0436890713380103
2026-02-16 00:00:00+00:00,0.011481663294942
2026-02-17 00:00:00+00:00,-0.0114186791738001
2026-02-18 00:00:00+00:00,-0.0351867073893114
2026-02-19 00:00:00+00:00,-0.0030208419674723
2026-02-20 00:00:00+00:00,0.0288512637741759
2026-02-21 00:00:00+00:00,-0.0084509853712984
2026-02-22 00:00:00+00:00,-0.0251759912282504
2026-02-23 00:00:00+00:00,-0.0289725528906757
2026-02-24 00:00:00+00:00,0.0064834781454853
2026-02-25 00:00:00+00:00,0.0553192759273933
2026-02-26 00:00:00+00:00,-0.0107358346192644
2026-02-27 00:00:00+00:00,-0.0221093955229849
2026-02-28 00:00:00+00:00,0.0127539882062608
2026-03-01 00:00:00+00:00,-0.0234493203622213
2026-03-02 00:00:00+00:00,0.0267079978038633
2026-03-03 00:00:00+00:00,-0.0126981580315986
2026-03-04 00:00:00+00:00,0.0273572225414104
2026-03-05 00:00:00+00:00,-0.0040860009264275
2026-03-06 00:00:00+00:00,-0.0230994969241029
2026-03-07 00:00:00+00:00,-0.019862830426464
2026-03-08 00:00:00+00:00,-0.0116320367628157
2026-03-09 00:00:00+00:00,0.0249574483571915
2026-03-10 00:00:00+00:00,0.0165589341517885
2026-03-11 00:00:00+00:00,0.0061813250019393
2026-03-12 00:00:00+00:00,0.0176656554359369
2026-03-13 00:00:00+00:00,0.0047474716901811
2026-03-14 00:00:00+00:00,0.0026248662550843
2026-03-15 00:00:00+00:00,0.0112786898326283
2026-03-16 00:00:00+00:00,0.0385277140810677
2026-03-17 00:00:00+00:00,-0.0184994202104317
2026-03-18 00:00:00+00:00,-0.0373955718024527
2026-03-19 00:00:00+00:00,-0.0126184683939265
2026-03-20 00:00:00+00:00,-0.0023054725334855
2026-03-21 00:00:00+00:00,-0.0182087355456436
2026-03-22 00:00:00+00:00,-0.0006392810550887
2026-03-23 00:00:00+00:00,0.0255051604178764
2026-03-24 00:00:00+00:00,-0.0057796660107143
2026-03-25 00:00:00+00:00,0.0069839888810743
2026-03-26 00:00:00+00:00,-0.0480320804367703
2026-03-27 00:00:00+00:00,-0.0368880631726201
2026-03-28 00:00:00+00:00,0.0044505385872978
2026-03-29 00:00:00+00:00,-0.007332805666517
2026-03-30 00:00:00+00:00,0.0077758097231138
2026-03-31 00:00:00+00:00,0.0109521697227639
2026-04-01 00:00:00+00:00,0.0110035750510415
2026-04-02 00:00:00+00:00,-0.0321077327928501
2026-04-03 00:00:00+00:00,0.0016901024094783
2026-04-04 00:00:00+00:00,0.0252492685482212
2026-04-05 00:00:00+00:00,0.0084782382316962
2026-04-06 00:00:00+00:00,-0.0017453863872366
2026-04-07 00:00:00+00:00,0.0576601691844662
2026-04-08 00:00:00+00:00,-0.0325272109935582
2026-04-09 00:00:00+00:00,0.0081479873004791
2026-04-10 00:00:00+00:00,0.0185355319116002
2026-04-11 00:00:00+00:00,0.0068037385052537
2026-04-12 00:00:00+00:00,-0.0182973173307659
2026-04-13 00:00:00+00:00,0.0486502775651239
2026-04-14 00:00:00+00:00,-0.0033851473963429
2026-04-15 00:00:00+00:00,0.0374186445652905
2026-04-16 00:00:00+00:00,0.0715829774590416
2026-04-17 00:00:00+00:00,-0.0197858428056955
2026-04-18 00:00:00+00:00,-0.0466400011329389
2026-04-19 00:00:00+00:00,-0.0268097511234085
2026-04-20 00:00:00+00:00,0.0277737311476232
2026-04-21 00:00:00+00:00,0.0154538293858991
2026-04-22 00:00:00+00:00,0.0016904305039932
2026-04-23 00:00:00+00:00,0.0226358112422653
2026-04-24 00:00:00+00:00,0.0081843826368672
2026-04-25 00:00:00+00:00,-0.0080671424113922
2026-04-26 00:00:00+00:00,0.0106697305063936
2026-04-27 00:00:00+00:00,-0.0184551912541361
2026-04-28 00:00:00+00:00,0.0015804706815477
2026-04-29 00:00:00+00:00,-0.0167966990002351
2026-04-30 00:00:00+00:00,0.0111616713672188
2026-05-01 00:00:00+00:00,0.0202762943412254
2026-05-02 00:00:00+00:00,0.0294672110710838
2026-05-03 00:00:00+00:00,-0.0079190638779974
2026-05-04 00:00:00+00:00,0.0183169339208022
2026-05-05 00:00:00+00:00,0.0176427026085396
2026-05-06 00:00:00+00:00,0.0272817886338533
2026-05-07 00:00:00+00:00,-0.0019536155717987
2026-05-08 00:00:00+00:00,0.0417527237790403
2026-05-09 00:00:00+00:00,0.0006723197684395
2026-05-10 00:00:00+00:00,0.0098153077588781
2026-05-11 00:00:00+00:00,-0.0049438787647505
2026-05-12 00:00:00+00:00,-0.0173981350480855
2026-05-13 00:00:00+00:00,-0.0252331290832834
2026-05-14 00:00:00+00:00,0.0047717497395786
2026-05-15 00:00:00+00:00,-0.0455397626013922
2026-05-16 00:00:00+00:00,-0.0236009196735243
2026-05-17 00:00:00+00:00,-0.0156618306811303
2026-05-18 00:00:00+00:00,0.0125422578039617
2026-05-19 00:00:00+00:00,-0.0160986153204135
2026-05-20 00:00:00+00:00,0.0257961059672372
2026-05-21 00:00:00+00:00,0.0132163201756828
2026-05-22 00:00:00+00:00,-0.0355627116573557
2026-05-23 00:00:00+00:00,0.0256526208201328
2026-05-24 00:00:00+00:00,-0.0106648037650868
2026-05-25 00:00:00+00:00,0.0117548989454488
2026-05-26 00:00:00+00:00,-0.0220414593592935
2026-05-27 00:00:00+00:00,-0.0244437976683127
2026-05-28 00:00:00+00:00,-0.0188416315986978
2026-05-29 00:00:00+00:00,0.0081431734572109
2026-05-30 00:00:00+00:00,0.0154210177227747
2026-05-31 00:00:00+00:00,0.0143819858259989
2026-06-01 00:00:00+00:00,0.0167466081314624
2026-06-02 00:00:00+00:00,-0.0541460416421916
2026-06-03 00:00:00+00:00,0.013692846197001
2026-06-04 00:00:00+00:00,-0.0573295487660411
2026-06-05 00:00:00+00:00,-0.0719738570567254
2026-06-06 00:00:00+00:00,0.0119114814118383
2026-06-07 00:00:00+00:00,0.0431300617348768
2026-06-08 00:00:00+00:00,0.0039253554815918
2026-06-09 00:00:00+00:00,-0.0188916996477562
2026-06-10 00:00:00+00:00,-0.0317565876274265
2026-06-11 00:00:00+00:00,0.0670480437189572
2026-06-12 00:00:00+00:00,0.0065951627424898
2026-06-13 00:00:00+00:00,0.0102912112953555
2026-06-14 00:00:00+00:00,0.021671905483712
2026-06-15 00:00:00+00:00,0.0057752408800062
2026-06-16 00:00:00+00:00,0.0090324481261907
2026-06-17 00:00:00+00:00,0.0031860986962481
2026-06-18 00:00:00+00:00,-0.0195104682254009
2026-06-19 00:00:00+00:00,-0.0099805572923263
2026-06-20 00:00:00+00:00,0.0017822233019456
2026-06-21 00:00:00+00:00,-0.0136851080839675
2026-06-22 00:00:00+00:00,0.0033909477999749
2026-06-23 00:00:00+00:00,-0.0222557842999504
2026-06-24 00:00:00+00:00,-0.0278890827407113
2026-06-25 00:00:00+00:00,-0.0121853570124423
2026-06-26 00:00:00+00:00,0.0131803733718969
2026-06-27 00:00:00+00:00,-0.0041791112173178
2026-06-28 00:00:00+00:00,0.0002586399357817
2026-06-29 00:00:00+00:00,0.0314324759946721
2026-06-30 00:00:00+00:00,-0.0195808681624086
2026-07-01 00:00:00+00:00,-0.006261824703604
2026-07-02 00:00:00+00:00,0.0150391497298432
2026-07-03 00:00:00+00:00,0.0300468606966986
2026-07-04 00:00:00+00:00,0.0048177220447439
2026-07-05 00:00:00+00:00,-0.0019083507943048
2026-07-06 00:00:00+00:00,0.0014271180834845
2026-07-07 00:00:00+00:00,-0.0347743081931858
2026-07-08 00:00:00+00:00,-0.0111364670544115
2026-07-09 00:00:00+00:00,0.0186092345877183
2026-07-10 00:00:00+00:00,0.0045962238565446
2026-07-11 00:00:00+00:00,-0.0173413247175826
2026-07-12 00:00:00+00:00,-0.0050061878889047
2026-07-13 00:00:00+00:00,-0.0247877511331327
2026-07-14 00:00:00+00:00,0.0262241641491006
2026-07-15 00:00:00+00:00,-0.0029103949778765
2026-07-16 00:00:00+00:00,-0.0229681270984417
2026-07-17 00:00:00+00:00,-0.0084212420440548
2026-07-18 00:00:00+00:00,-0.000110650880586
2026-07-19 00:00:00+00:00,-0.004025980468738
2026-07-20 00:00:00+00:00,0.0082007235052833
2026-07-21 00:00:00+00:00,0.0226353143089012
2026-07-22 00:00:00+00:00,-0.0038146509895222
2026-07-23 00:00:00+00:00,-0.0135180422598681
2026-07-24 00:00:00+00:00,-0.0127045398360155
2026-07-25 00:00:00+00:00,0.0050634495493155
2026-07-26 00:00:00+00:00,0.0110605264735478
2026-07-27 00:00:00+00:00,-0.0480900491793434
2026-07-28 00:00:00+00:00,-0.0030379566425158
2026-07-29 00:00:00+00:00,-0.0255659646674293
2026-07-30 00:00:00+00:00,0.0250663875249975
2026-07-31 00:00:00+00:00,0.0002427773445784
2026-08-01 00:00:00+00:00,-0.0017293782537477
2026-08-02 00:00:00+00:00,0.0106757633419082
2026-08-03 00:00:00+00:00,0.0102698449898782
2026-08-04 00:00:00+00:00,0.0096384334609818
2026-08-05 00:00:00+00:00,0.0173613861736062
2026-08-06 00:00:00+00:00,0.0128531129614328
2026-08-07 00:00:00+00:00,0.0059626759907417
2026-08-08 00:00:00+00:00,0.0070066105336633
2026-08-09 00:00:00+00:00,-0.0126371669031315
2026-08-10 00:00:00+00:00,-0.0043945579682519
2026-08-11 00:00:00+00:00,-0.0024583312216753
2026-08-12 00:00:00+00:00,-0.0015942424165246
2026-08-13 00:00:00+00:00,0.0128330784057775
2026-08-14 00:00:00+00:00,0.0084706030283279
2026-08-15 00:00:00+00:00,-0.0155874496327952
2026-08-16 00:00:00+00:00,-0.0003500459329496
2026-08-17 00:00:00+00:00,0.0035016048767724
2026-08-18 00:00:00+00:00,-0.0242367716586729
2026-08-19 00:00:00+00:00,0.0373739427975738
2026-08-20 00:00:00+00:00,0.0322253338331076
2026-08-21 00:00:00+00:00,0.0758302125653798
2026-08-22 00:00:00+00:00,-0.0204723030451412
2026-08-23 00:00:00+00:00,0.0185116824063507
2026-08-24 00:00:00+00:00,-0.0232051572238858
2026-08-25 00:00:00+00:00,-0.0074840602379016
2026-08-26 00:00:00+00:00,0.0212320511341813
2026-08-27 00:00:00+00:00,-0.0005699230573659
2026-08-28 00:00:00+00:00,-0.0163781020199394
2026-08-29 00:00:00+00:00,0.008746671206865
2026-08-30 00:00:00+00:00,-0.0299259356901444
2026-08-31 00:00:00+00:00,0.0184304196056929
