date,px,fd,px_long,px_short,fd_long,fd_short,cost
2020-01-02 00:00:00+00:00,0.0,0.0,0.0,0.0,0.0,0.0,0.0
2020-01-03 00:00:00+00:00,0.0,0.0,0.0,0.0,0.0,0.0,0.0
2020-01-04 00:00:00+00:00,0.0,0.0,0.0,0.0,0.0,0.0,0.0
2020-01-05 00:00:00+00:00,0.0,0.0,0.0,0.0,0.0,0.0,0.0
2020-01-06 00:00:00+00:00,0.0,0.0,0.0,0.0,0.0,0.0,0.0
2020-01-07 00:00:00+00:00,0.0,0.0,0.0,0.0,0.0,0.0,0.0
2020-01-08 00:00:00+00:00,0.0,0.0,0.0,0.0,0.0,0.0,0.0
2020-01-09 00:00:00+00:00,0.0,0.0,0.0,0.0,0.0,0.0,0.0
2020-01-10 00:00:00+00:00,0.0,0.0,0.0,0.0,0.0,0.0,0.0
2020-01-11 00:00:00+00:00,0.0,0.0,0.0,0.0,0.0,0.0,0.0
2020-01-12 00:00:00+00:00,0.0,0.0,0.0,0.0,0.0,0.0,0.0
2020-01-13 00:00:00+00:00,0.0,0.0,0.0,0.0,0.0,0.0,0.0
2020-01-14 00:00:00+00:00,0.0,0.0,0.0,0.0,0.0,0.0,0.0
2020-01-15 00:00:00+00:00,0.0,0.0,0.0,0.0,0.0,0.0,0.0
2020-01-16 00:00:00+00:00,0.0,0.0,0.0,0.0,0.0,0.0,0.0
2020-01-17 00:00:00+00:00,0.0,0.0,0.0,0.0,0.0,0.0,0.0
2020-01-18 00:00:00+00:00,0.0,0.0,0.0,0.0,0.0,0.0,0.0
2020-01-19 00:00:00+00:00,0.0,0.0,0.0,0.0,0.0,0.0,0.0
2020-01-20 00:00:00+00:00,0.0,0.0,0.0,0.0,0.0,0.0,0.0
2020-01-21 00:00:00+00:00,0.0,0.0,0.0,0.0,0.0,0.0,0.0
2020-01-22 00:00:00+00:00,0.0,0.0,0.0,0.0,0.0,0.0,0.0
2020-01-23 00:00:00+00:00,0.0,0.0,0.0,0.0,0.0,0.0,0.0
2020-01-24 00:00:00+00:00,0.0,0.0,0.0,0.0,0.0,0.0,0.0
2020-01-25 00:00:00+00:00,0.0,0.0,0.0,0.0,0.0,0.0,0.0
2020-01-26 00:00:00+00:00,0.0,0.0,0.0,0.0,0.0,0.0,0.0
2020-01-27 00:00:00+00:00,0.0,0.0,0.0,0.0,0.0,0.0,0.0
2020-01-28 00:00:00+00:00,0.0,0.0,0.0,0.0,0.0,0.0,0.0
2020-01-29 00:00:00+00:00,0.0,0.0,0.0,0.0,0.0,0.0,0.0
2020-01-30 00:00:00+00:00,0.0,0.0,0.0,0.0,0.0,0.0,0.0
2020-01-31 00:00:00+00:00,0.0,0.0,0.0,0.0,0.0,0.0,0.0
2020-02-01 00:00:00+00:00,0.0,0.0,0.0,0.0,0.0,0.0,0.0
2020-02-02 00:00:00+00:00,0.0,0.0,0.0,0.0,0.0,0.0,0.0
2020-02-03 00:00:00+00:00,0.0,0.0,0.0,0.0,0.0,0.0,0.0
2020-02-04 00:00:00+00:00,0.0,0.0,0.0,0.0,0.0,0.0,0.0
2020-02-05 00:00:00+00:00,0.0,0.0,0.0,0.0,0.0,0.0,0.0
2020-02-06 00:00:00+00:00,0.0,0.0,0.0,0.0,0.0,0.0,0.0
2020-02-07 00:00:00+00:00,0.0,0.0,0.0,0.0,0.0,0.0,0.0
2020-02-08 00:00:00+00:00,0.0,0.0,0.0,0.0,0.0,0.0,0.0
2020-02-09 00:00:00+00:00,0.0,0.0,0.0,0.0,0.0,0.0,0.0
2020-02-10 00:00:00+00:00,0.0,0.0,0.0,0.0,0.0,0.0,0.0
2020-02-11 00:00:00+00:00,0.0,0.0,0.0,0.0,0.0,0.0,0.0
2020-02-12 00:00:00+00:00,0.0,0.0,0.0,0.0,0.0,0.0,0.0
2020-02-13 00:00:00+00:00,0.0,0.0,0.0,0.0,0.0,0.0,0.0
2020-02-14 00:00:00+00:00,0.0,0.0,0.0,0.0,0.0,0.0,0.0
2020-02-15 00:00:00+00:00,0.0,0.0,0.0,0.0,0.0,0.0,0.0
2020-02-16 00:00:00+00:00,0.0,0.0,0.0,0.0,0.0,0.0,0.0
2020-02-17 00:00:00+00:00,0.0,0.0,0.0,0.0,0.0,0.0,0.0
2020-02-18 00:00:00+00:00,0.0,0.0,0.0,0.0,0.0,0.0,0.0
2020-02-19 00:00:00+00:00,0.0,0.0,0.0,0.0,0.0,0.0,0.0
2020-02-20 00:00:00+00:00,0.0,0.0,0.0,0.0,0.0,0.0,0.0
2020-02-21 00:00:00+00:00,0.0,0.0,0.0,0.0,0.0,0.0,0.0005
2020-02-22 00:00:00+00:00,0.014441532877406349,0.00020593750000000004,0.0010999973402512075,0.013341535537155141,-0.0001788425,0.00038478000000000004,0.0
2020-02-23 00:00:00+00:00,0.007386416182867079,0.0002658937853631748,0.02714036328691407,-0.019753947104046987,-0.00015032999920207537,0.00041622378456525013,0.0
2020-02-24 00:00:00+00:00,-0.0035959853744890417,0.00014523950619552064,-0.030348315831433083,0.02675233045694404,-0.00023919720066657133,0.0003844367068620919,0.0004952613301176503
2020-02-25 00:00:00+00:00,-0.011227231592870673,0.0003811575,-0.045694664261265866,0.03446743266839519,-0.0001085425,0.0004897,0.0
2020-02-26 00:00:00+00:00,0.028656108963570223,0.00042594867827314934,-0.014344908485302585,0.0430010174488728,-0.00011018899370386451,0.0005361376719770139,0.0
2020-02-27 00:00:00+00:00,0.018491172797563394,0.0003696118921780001,0.030951355273779246,-0.01246018247621585,0.000208760887883109,0.0001608510042948911,0.0004884993675296431
2020-02-28 00:00:00+00:00,0.023003984418486334,0.00031684750000000005,0.014718673485946798,0.008285310932539536,7.11575e-05,0.00024569,0.0
2020-02-29 00:00:00+00:00,0.0017308577405427544,0.0006899382646421387,-0.01580952351230964,0.017540381252852396,0.0002579137249805176,0.00043202453966162115,0.0
2020-03-01 00:00:00+00:00,-0.018797166233267302,0.00018306002623171875,-0.0134796993857774,-0.005317466847489901,-7.302178115576458e-05,0.00025608180738748333,0.0007386537369930274
2020-03-02 00:00:00+00:00,0.010946970052426008,0.0013251875,0.04515511029448105,-0.03420814024205504,0.0010342875,0.00029089999999999997,0.0
2020-03-03 00:00:00+00:00,0.022799029141823662,0.0007797239066514572,0.019108879693279762,0.003690149448543898,0.0006194614645788408,0.00016026244207261651,0.0
2020-03-04 00:00:00+00:00,0.022454527211682663,0.0004239855305774763,0.004714027802914007,0.017740499408768658,0.00022805709706795382,0.0001959284335095225,0.0005408777545877087
2020-03-05 00:00:00+00:00,-0.0021863305802843347,0.0009062825000000001,0.014030344013671092,-0.016216674593955427,0.0004890574999999999,0.000417225,0.0
2020-03-06 00:00:00+00:00,-0.010042866587781057,0.0004981085128999854,0.002682658460872299,-0.012725525048653357,-7.804405466041201e-05,0.0005761525675603974,0.0
2020-03-07 00:00:00+00:00,-0.006704601595733021,0.0007572177763715507,-0.0335874432160835,0.026882841620350477,-0.0002463167652457679,0.0010035345416173186,0.0004925924586403591
2020-03-08 00:00:00+00:00,0.011066960869133186,1.7223333333333342e-05,-0.06743638026565558,0.07850334113478877,-0.00029230833333333334,0.0003095316666666667,0.0
2020-03-09 00:00:00+00:00,-0.004502484772475996,0.0006413477187323599,0.0021866407471981576,-0.006689125519674153,0.0005312730102114971,0.00011007470852086275,0.0
2020-03-10 00:00:00+00:00,0.0007420280909557892,0.00025234889891214763,4.163038683295452e-06,0.0007378650522724937,0.0001535025742430698,9.884632466907779e-05,0.0007744913142177596
2020-03-11 00:00:00+00:00,-0.01285100778860552,0.0006147466666666665,-0.02355784228821265,0.010706834499607132,0.00012145999999999999,0.0004932866666666665,0.0
2020-03-12 00:00:00+00:00,0.007989941901767258,0.00033650863317339654,-0.2114953847180831,0.21948532661985037,0.0005067838435246432,-0.00017027521035124657,0.0
2020-03-13 00:00:00+00:00,0.01152812918314177,0.000985461807805089,0.06668472184282231,-0.05515659265968055,0.0011839950902202037,-0.0001985332824151146,0.0005981863818829217
2020-03-14 00:00:00+00:00,-0.0040268985176103965,0.00014802000000000006,-0.03481523731289563,0.030788338795285235,0.0003128700000000001,-0.00016485,0.0
2020-03-15 00:00:00+00:00,0.00919706383212918,-0.0005433807862718254,0.0272272590924378,-0.01803019526030862,-0.00018503515076222538,-0.00035834563550959995,0.0
2020-03-16 00:00:00+00:00,-0.010320834733411971,0.00044867157914191833,-0.04621645086579972,0.035895616132387745,0.0005214481808989737,-7.277660175705544e-05,0.0007937481689551444
2020-03-17 00:00:00+00:00,-0.010208407602634565,0.0007642416666666667,0.020689031649273604,-0.030897439251908167,0.0006540000000000001,0.00011024166666666667,0.0
2020-03-18 00:00:00+00:00,0.0051021991895889825,0.0014002419148476924,0.013077615572185987,-0.007975416382597005,0.0012953188940676623,0.0001049230207800301,0.0
2020-03-19 00:00:00+00:00,-0.02311956874221523,8.947903469800296e-05,0.06947375411713429,-0.09259332285934951,-3.41368646954729e-05,0.00012361589939347586,0.000784019956582891
2020-03-20 00:00:00+00:00,0.014133265196661603,0.00025268666666666665,0.012395160309348674,0.0017381048873129261,-6.968833333333333e-05,0.000322375,0.0
2020-03-21 00:00:00+00:00,-0.005874084757526218,0.0005794589790511352,0.0005455239714408579,-0.006419608728967075,0.0004469279068408585,0.00013253107221027673,0.0
2020-03-22 00:00:00+00:00,-0.01563730051835583,0.00101000042768641,-0.05808973251140752,0.042452431993051695,0.00029875726379824353,0.0007112431638881666,0.0004880836150890035
2020-03-23 00:00:00+00:00,0.002643146192689202,0.000479605,0.059355182400176267,-0.05671203620748706,0.000133725,0.00034587999999999996,0.0
2020-03-24 00:00:00+00:00,-0.009208267184348837,0.00034445306900690803,0.00981203019862364,-0.01902029738297248,-2.3865130862305526e-05,0.00036831819986921354,0.0
2020-03-25 00:00:00+00:00,-0.0032457680294236246,0.0005124393507713173,-0.012987701712477585,0.009741933683053958,0.00011909338160117502,0.00039334596917014233,0.0007277516220635306
2020-03-26 00:00:00+00:00,-0.0051180873700208025,0.0009768666666666666,0.01751025480653349,-0.022628342176554295,0.00034648666666666655,0.0006303799999999999,0.0
2020-03-27 00:00:00+00:00,0.0018476625425550572,-5.110532203376927e-05,-0.027461855660765325,0.02930951820332038,0.00011470206354105873,-0.000165807385574828,0.0
2020-03-28 00:00:00+00:00,-0.008169097749748645,0.0009827431846340428,-0.007283973699043897,-0.0008851240507047481,0.0005043873668858111,0.00047835581774823157,0.0006568982526217641
2020-03-29 00:00:00+00:00,-0.002766451334465554,0.0009578233333333334,-0.03325896461294697,0.030492513278481417,0.0006962099999999998,0.0002616133333333333,0.0
2020-03-30 00:00:00+00:00,0.002623440377618797,0.0006903146725538449,0.03432708319509139,-0.031703642817472594,0.00021382221484098613,0.00047649245771285874,0.0
2020-03-31 00:00:00+00:00,0.0012123450938172258,0.00041482219928829726,0.010711850162277528,-0.009499505068460302,0.000304054042740392,0.00011076815654790522,0.00017791196834260337
2020-04-01 00:00:00+00:00,0.0003415678689364654,3.4689999999999995e-05,0.005454891294618254,-0.005113323425681789,0.00011449999999999999,-7.981000000000001e-05,0.0
2020-04-02 00:00:00+00:00,-0.009583408233359906,-0.0002662520599985655,0.01035606102848639,-0.019939469261846293,0.00013170497907053988,-0.00039795703906910537,0.0
2020-04-03 00:00:00+00:00,-0.003516206287730885,6.459062684346681e-05,0.007662530047209555,-0.01117873633494044,0.00014879302678230636,-8.420239993883955e-05,0.0006965191723630579
2020-04-04 00:00:00+00:00,0.007904624682550116,0.00029346833333333334,0.011573297430322352,-0.003668672747772235,0.00014346833333333332,0.00015000000000000001,0.0
2020-04-05 00:00:00+00:00,0.0027173783431966676,0.0004545650664178445,-0.005733727205089993,0.00845110554828666,0.0002916734967286583,0.0001628915696891862,0.0
2020-04-06 00:00:00+00:00,-0.018826895802660584,9.312140312763988e-05,0.05044332060430652,-0.06927021640696711,-5.54438670322058e-05,0.00014856527015984566,0.0005603853372179958
2020-04-07 00:00:00+00:00,0.002842582672218762,0.000124445,0.0004430540915769665,0.0023995285806417965,-2.5555000000000002e-05,0.00015000000000000001,0.0
2020-04-08 00:00:00+00:00,0.004532295024270602,0.00018687528295236068,0.03798536832397868,-0.03345307329970808,-7.029923072686728e-05,0.00025717451367922794,0.0
2020-04-09 00:00:00+00:00,0.002646134633977318,0.0001268446375605833,0.008954920692247967,-0.00630878605827065,-3.247142585513659e-05,0.0001593160634157199,0.0004767080345536022
2020-04-10 00:00:00+00:00,0.02406823813952369,0.00016254,-0.02147206869462126,0.04554030683414495,-3.74925e-05,0.0002000325,0.0
2020-04-11 00:00:00+00:00,-0.003861233082820585,0.00024817257186867715,0.005542297708478426,-0.009403530791299011,0.00017024826111547962,7.792431075319753e-05,0.0
2020-04-12 00:00:00+00:00,0.010445167267782924,0.00023807116608337762,0.0105636201427307,-0.00011845287494777635,9.771291880720517e-05,0.00014035824727617243,0.0004920979098441791
2020-04-13 00:00:00+00:00,0.02060262237509286,0.001443565,0.008888210752303533,0.011714411622789328,0.001184315,0.00025925,0.0
2020-04-14 00:00:00+00:00,-0.004518742121686464,0.0012414554992349436,0.00188213142832379,-0.006400873550010254,0.0014456096160178696,-0.00020415411678292617,0.0
2020-04-15 00:00:00+00:00,-0.018286876426012885,0.0013355926185091994,-0.027875473046910224,0.009588596620897337,0.0012944064539864306,4.118616452276891e-05,0.0002680798714306054
2020-04-16 00:00:00+00:00,0.004139890514202604,0.0016943275,0.049923217814727916,-0.04578332730052531,0.00136381,0.00033051749999999996,0.0
2020-04-17 00:00:00+00:00,-0.002807596269733327,0.0011687110351742646,-0.004747955458418563,0.0019403591886852358,0.001474391566281628,-0.00030568053110736345,0.0
2020-04-18 00:00:00+00:00,-0.0017394593598928088,-0.0005265386364868423,0.04296402007145246,-0.04470347943134527,0.0003524753884763476,-0.0008790140249631898,0.0005883428649854736
2020-04-19 00:00:00+00:00,-0.004674259953970028,0.0013442475,-0.01671601103708298,0.01204175108311295,0.00117668,0.0001675675,0.0
2020-04-20 00:00:00+00:00,0.0020870563811662447,0.0010050028700400312,-0.029062709566510057,0.0311497659476763,0.0007420041856271372,0.00026299868441289384,0.0
2020-04-21 00:00:00+00:00,0.003950701418369452,0.000785571342776339,0.004403102674354103,-0.0004524012559846504,0.0006450716596209066,0.00014049968315543238,4.205736685202176e-05
2020-04-22 00:00:00+00:00,-0.0051204151168776635,0.0005033325,0.03203817951386273,-0.037158594630740394,0.00035333250000000005,0.00015000000000000001,0.0
2020-04-23 00:00:00+00:00,0.017526892760162775,0.0003500761586871086,0.024354270093038047,-0.006827377332875275,0.00018892858029788645,0.00016114757838922214,0.0
2020-04-24 00:00:00+00:00,0.02231986437609929,0.0011075433521238872,0.023089771121267193,-0.0007699067451679027,0.0008309440000000001,0.0002765993521238872,0.00031211904971847583
2020-04-25 00:00:00+00:00,0.0006126593747480813,0.000702895,0.01784997787489212,-0.01723731850014404,0.000110095,0.0005928,0.0
2020-04-26 00:00:00+00:00,0.00010145559969012685,0.0005914781061557716,-0.006141575682804447,0.006243031282494574,0.0003712439060705809,0.0002202342000851906,0.0
2020-04-27 00:00:00+00:00,0.002626776499130957,0.00033157734506491517,-0.001991682302437584,0.004618458801568541,-7.654924382146809e-05,0.00040812658888638326,0.0002580462741528655
2020-04-28 00:00:00+00:00,-0.007889211274675928,0.00111877,-0.00019738890445283874,-0.007691822370223089,0.0008801875,0.0002385825,0.0
2020-04-29 00:00:00+00:00,0.0014798479323183868,0.0007137371692143928,0.03275713213932579,-0.0312772842070074,-7.530175566934894e-05,0.0007890389248837417,0.0
2020-04-30 00:00:00+00:00,0.004128850081311921,0.0015794089640034463,-0.02299367927658944,0.02712252935790136,0.001119327885634589,0.00046008107836885745,0.0005107063205888062
2020-05-01 00:00:00+00:00,0.010805555882304252,0.00079302,0.02102844763784739,-0.01022289175554314,0.0002601733333333333,0.0005328466666666667,0.0
2020-05-02 00:00:00+00:00,-0.003394106633957776,0.0006693802394953461,0.009756812858338666,-0.013150919492296442,0.0001806976198226889,0.0004886826196726572,0.0
2020-05-03 00:00:00+00:00,-0.0019417839668904391,0.00044425088196456126,-0.016816448413906313,0.014874664447015875,4.283441616106923e-05,0.00040141646580349206,0.0005112339794415517
2020-05-04 00:00:00+00:00,0.002194270352888125,0.00025866,-0.0011279862951832733,0.0033222566480713978,0.00010662666666666666,0.00015203333333333333,0.0
2020-05-05 00:00:00+00:00,-0.003004282359312563,0.0003538466723854797,-0.005124537789630341,0.002120255430317779,-4.089336531750516e-05,0.00039474003770298486,0.0
2020-05-06 00:00:00+00:00,-0.003909115935382278,0.0006709911070639397,-0.014158583671267662,0.010249467735885386,0.0002369343267181502,0.0004340567803457895,0.0005055920064806911
2020-05-07 00:00:00+00:00,-0.0007098778837926192,0.0005979666666666667,0.017673015732481846,-0.018382893616274466,-2.0150000000000015e-05,0.0006181166666666668,0.0
2020-05-08 00:00:00+00:00,-0.0034514164410783628,0.0013338051881240567,0.0055375300007029764,-0.008988946441781338,-0.00014764584213547476,0.0014814510302595314,0.0
2020-05-09 00:00:00+00:00,-0.018897492966670097,0.0008732542673777952,-0.00871851234776612,-0.010178980618903977,-0.00032091212808300093,0.0011941663954607962,0.0003593547603645226
2020-05-10 00:00:00+00:00,-0.00026811060203977416,0.00068593,-0.047847557001450394,0.04757944639941062,0.00012376666666666662,0.0005621633333333332,0.0
2020-05-11 00:00:00+00:00,0.004979218619808476,0.00017074934659386113,-0.011384545735107547,0.016363764354916023,-5.144592853358612e-05,0.00022219527512744726,0.0
2020-05-12 00:00:00+00:00,0.019520269309386176,4.795575013329969e-05,0.03239542992086192,-0.012875160611475749,-4.3290139547635736e-05,9.124588968093543e-05,0.0005051345727104029
2020-05-13 00:00:00+00:00,0.006840295408285086,0.00033478666666666664,0.01768123043951523,-0.010840935031230143,0.00015767999999999997,0.00017710666666666668,0.0
2020-05-14 00:00:00+00:00,0.009515767795332714,0.00024343861074563897,0.005933197521876187,0.0035825702734565263,0.00012700039607807867,0.0001164382146675603,0.0
2020-05-15 00:00:00+00:00,-0.00874316881359076,9.912208930706556e-05,-0.018661420375916563,0.009918251562325802,-5.3055420120266544e-05,0.0001521775094273321,0.0006682998141773785
2020-05-16 00:00:00+00:00,0.003413991632638446,0.00015000000000000001,0.010265837672788547,-0.0068518460401501,0.0,0.00015000000000000001,0.0
2020-05-17 00:00:00+00:00,-0.010711427050431117,0.00015205555381204503,0.005030576325142424,-0.015742003375573542,0.0,0.00015205555381204503,0.0
2020-05-18 00:00:00+00:00,0.004235433439109406,5.759523328882394e-05,0.015086705827270026,-0.010851272388160619,0.0,5.759523328882394e-05,0.0006985807874812092
2020-05-19 00:00:00+00:00,-2.580218810147982e-05,0.0003666316666666666,0.008340585123511619,-0.0083663873116131,-0.00011889,0.00048552166666666663,0.0
2020-05-20 00:00:00+00:00,0.004889227136308204,0.00016400157448580733,-0.00018675013172149218,0.005075977268029696,-2.152674771435069e-05,0.000185528322200158,0.0
2020-05-21 00:00:00+00:00,0.005648609365432062,0.00014110243593572105,-0.027399343096268812,0.03304795246170088,-3.6955543098938456e-05,0.00017805797903465952,0.000337470725411308
2020-05-22 00:00:00+00:00,-0.012532370407333793,0.00019041499999999999,0.021167297472914716,-0.03369966788024851,-4.573333333333333e-06,0.00019498833333333332,0.0
2020-05-23 00:00:00+00:00,-0.001330375243287547,0.00013395315500779699,-0.00846521348260349,0.007134838239315943,-2.6156745356277568e-05,0.00016010990036407455,0.0
2020-05-24 00:00:00+00:00,0.0061985411296024105,4.503145896483931e-05,-0.01864002719052614,0.024838568320128554,-5.066924789298213e-05,9.570070685782143e-05,0.0006228941590602945
2020-05-25 00:00:00+00:00,-0.009640458513384381,0.0003845025,0.01127607524096122,-0.0209165337543456,2.1599999999999996e-06,0.0003823425,0.0
2020-05-26 00:00:00+00:00,-0.005620261386736531,0.00012510575592101833,-0.004909099789170717,-0.0007111615975658146,-3.116920420528537e-05,0.00015627496012630369,0.0
2020-05-27 00:00:00+00:00,0.009296984393860109,0.0001799911819363225,0.012372475506030151,-0.0030754911121700416,-7.1537374795449386e-06,0.00018714491941586742,0.00014672131871095102
2020-05-28 00:00:00+00:00,0.0008859093259467321,0.0001611325,0.018347503195748127,-0.017461593869801395,9.37375e-06,0.00015175875,0.0
2020-05-29 00:00:00+00:00,0.0013554793436169788,0.0001571883158778687,-0.005304507745943519,0.006659987089560497,-5.060614761963269e-06,0.00016224893063983197,0.0
2020-05-30 00:00:00+00:00,-0.024259961881804695,0.0004028524597596092,0.024955669392506378,-0.04921563127431107,-3.957349918467226e-05,0.0004424259589442815,0.0003554341675316291
2020-05-31 00:00:00+00:00,0.005013977402056152,0.00018887166666666668,-0.015477710107081747,0.020491687509137897,-7.296166666666666e-05,0.0002618333333333333,0.0
2020-06-01 00:00:00+00:00,-0.006333912303084497,0.00020109118457184894,0.0280310092998257,-0.0343649216029102,-1.2448552089875095e-05,0.00021353973666172403,0.0
2020-06-02 00:00:00+00:00,0.0002998439581540441,0.0002663303976972671,-0.01443322003779867,0.014733063995952714,-0.0008450632498371749,0.0011113936475344419,0.0006236301246263825
2020-06-03 00:00:00+00:00,-0.012160139075146778,0.000165255,0.006914253692447234,-0.01907439276759401,-0.00011250000000000001,0.00027775499999999997,0.0
2020-06-04 00:00:00+00:00,-0.005392127510304704,0.0002454170399234608,-0.0001702577600552794,-0.005221869750249424,-0.00011361231958599505,0.0003590293595094558,0.0
2020-06-05 00:00:00+00:00,0.008645117848848166,0.00027510182581225087,-0.005874862830696907,0.014519980679545073,-0.00012150313084493498,0.0003966049566571858,0.0006314214015935527
2020-06-06 00:00:00+00:00,-0.01020005866051897,0.00038645875,0.0010537366050973052,-0.011253795265616276,-0.00010643250000000001,0.0004928912499999999,0.0
2020-06-07 00:00:00+00:00,0.004548708766158356,0.00017956307187842714,0.00020066390888809083,0.004348044857270266,-8.014716346672956e-05,0.0002597102353451567,0.0
2020-06-08 00:00:00+00:00,-0.016056899052954647,0.00014715427611208814,0.00023446559114293376,-0.01629136464409758,-0.00010626827454069768,0.00025342255065278585,0.0005149504906804262
2020-06-09 00:00:00+00:00,-0.003815564751418657,0.0004391525,-0.009777986568403896,0.005962421816985239,-0.00012375875,0.00056291125,0.0
2020-06-10 00:00:00+00:00,-0.00011887059929911064,0.0001252698162871026,0.0027538738013494412,-0.0028727444006485517,-0.0003998999559052107,0.0005251697721923133,0.0
2020-06-11 00:00:00+00:00,0.004196517328067646,0.00030549478954402327,-0.04346509490993114,0.047661612237998786,-0.0003733210096774349,0.0006788157992214582,0.0004949376560065841
2020-06-12 00:00:00+00:00,0.019262671382849927,0.00025258625,0.034096842102172675,-0.014834170719322748,1.9558750000000003e-05,0.00023302749999999997,0.0
2020-06-13 00:00:00+00:00,0.0037488184293608603,0.00032925662090046634,0.011481987750150285,-0.007733169320789426,7.615116346624658e-05,0.00025310545743421973,0.0
2020-06-14 00:00:00+00:00,-0.008929837105867991,0.0003459486533451683,-0.029317141049880986,0.020387303944012992,6.208387369313281e-06,0.000339740265975855,0.00038696209669345904
2020-06-15 00:00:00+00:00,0.005836617452197046,0.00027300125,0.0024060456776067163,0.0034305717745903297,-3.8896250000000006e-05,0.0003118975,0.0
2020-06-16 00:00:00+00:00,-0.0021234483663072155,0.0003426826082457823,0.005365894182891221,-0.007489342549198436,0.00011935879481841313,0.00022332381342736918,0.0
2020-06-17 00:00:00+00:00,0.0014909494392639422,0.00040706013889378373,0.003313451488571267,-0.0018225020493073249,-7.860465822345596e-06,0.0004149206047161293,0.00026207831017197416
2020-06-18 00:00:00+00:00,-0.0065233311098277375,0.00030482125,-0.009396967426345756,0.002873636316518019,-2.0037500000000003e-05,0.00032485875,0.0
2020-06-19 00:00:00+00:00,-0.00042086499436919914,0.00023890827714567785,-0.007907843421875166,0.007486978427505967,-5.062803367855573e-05,0.0002895363108242336,0.0
2020-06-20 00:00:00+00:00,0.0019288514287482143,0.0003659852727895789,0.002215162712356127,-0.0002863112836079128,-6.093337537017423e-05,0.00042691864815975317,0.0003761987472840926
2020-06-21 00:00:00+00:00,-0.005483815046496712,-0.00012869625000000011,-0.0034976797635953155,-0.0019861352829013967,6.841874999999998e-05,-0.00019711500000000004,0.0
2020-06-22 00:00:00+00:00,0.016003057602021815,0.0006786128799503618,0.03276677483425608,-0.016763717232234264,0.0007103370540035355,-3.1724174053173604e-05,0.0
2020-06-23 00:00:00+00:00,-0.02315010070173252,0.0006189302376002915,0.0041041229636100615,-0.027254223665342584,0.0003104199241513888,0.00030851031344890275,0.0005396886471073746
2020-06-24 00:00:00+00:00,0.00891803563046896,0.00064391,-0.008929310398952311,0.01784734602942127,0.00038335375000000005,0.00026055625000000003,0.0
2020-06-25 00:00:00+00:00,0.007784598049803109,0.0004779818086041392,0.006476899584106966,0.0013076984656961417,-2.4884849791407843e-05,0.0005028666583955471,0.0
2020-06-26 00:00:00+00:00,0.0011420763674649368,0.0010836454846082854,-0.0016802372581168452,0.0028223136255817825,0.0009707766316476585,0.0001128688529606271,0.0003699083329265998
2020-06-27 00:00:00+00:00,0.016392544834150147,0.0016172287499999999,-0.017719331641740665,0.03411187647589081,0.00150472875,0.00011250000000000001,0.0
2020-06-28 00:00:00+00:00,-0.003752313854680075,0.000446968323010603,0.0026837753097335906,-0.006436089164413666,0.00010599136585702178,0.00034097695715358127,0.0
2020-06-29 00:00:00+00:00,-0.0006691657312961673,0.0001808179365767769,0.0021268080956596282,-0.002795973826955795,3.6483076200780165e-05,0.00014433486037599672,0.000622152995915685
2020-06-30 00:00:00+00:00,0.0074428359538293715,0.00059287,-0.004830942617237988,0.01227377857106736,0.00022947375000000002,0.00036339624999999996,0.0
2020-07-01 00:00:00+00:00,0.026796919802707767,0.000563316431876083,0.0347172057243343,-0.00792028592162654,0.00033047852226940013,0.00023283790960668284,0.0
2020-07-02 00:00:00+00:00,-0.0042944951091357045,0.0005922858882808852,-0.014072129084058718,0.00977763397492301,0.00031885513215469327,0.00027343075612619184,0.0003962933293826784
2020-07-03 00:00:00+00:00,0.001963396596035616,0.00045820875,0.003032222699657916,-0.0010688261036223001,0.0001544375,0.00030377125,0.0
2020-07-04 00:00:00+00:00,0.0026152318200089847,0.0009197725284713487,0.014400312750147052,-0.011785080930138067,0.00041223316224067507,0.0005075393662306736,0.0
2020-07-05 00:00:00+00:00,-0.05227330229670067,0.0005032986398900446,-0.007695439812307959,-0.044577862484392716,0.0002837770159508594,0.00021952162393918518,0.0004098094117271161
2020-07-06 00:00:00+00:00,0.023233439693261,0.0013822474999999998,0.03366352707737644,-0.010430087384115438,0.00010986375,0.0012723837500000002,0.0
2020-07-07 00:00:00+00:00,0.0298029645338371,0.0013179152191233983,0.04866618702569977,-0.018863222491862664,-0.0001421627018126605,0.0014600779209360587,0.0
2020-07-08 00:00:00+00:00,0.04991667176463645,0.0007196491943609868,0.0647447200236294,-0.014828048258992947,-0.0001546367910025365,0.0008742859853635232,0.00034949788155145357
2020-07-09 00:00:00+00:00,-0.005791465390121153,0.0006469812499999999,-0.021524519461200625,0.015733054071079472,-0.00031565375,0.0009626350000000001,0.0
2020-07-10 00:00:00+00:00,-0.013867787708508677,3.797576215384625e-05,-0.012437207592015189,-0.0014305801164934866,-0.00021942518727037497,0.0002574009494242212,0.0
2020-07-11 00:00:00+00:00,-0.005614822150370264,0.00027326121438968104,0.015346158150629594,-0.020960980300999858,-0.00010527424430317065,0.00037853545869285176,0.0005062069105340684
2020-07-12 00:00:00+00:00,-0.009139306059631258,0.00024263749999999998,0.005579660132181377,-0.014718966191812635,-0.00019936375,0.00044200124999999995,0.0
2020-07-13 00:00:00+00:00,0.029428859986612786,0.0010197229816834006,0.0020124138052892283,0.02741644618132356,-0.0005315393178356798,0.0015512622995190804,0.0
2020-07-14 00:00:00+00:00,-0.023579059715527838,0.00011677926403828921,0.0015786255476093736,-0.025157685263137212,-0.00023668695414997957,0.0003534662181882688,0.0005171018526546838
2020-07-15 00:00:00+00:00,0.008473519839534885,0.0011617125,0.010025595400518894,-0.0015520755609840092,0.00012141249999999998,0.0010403,0.0
2020-07-16 00:00:00+00:00,-0.0049585451432857695,0.0004561134596207887,-0.013693619111732759,0.00873507396844699,0.0002551338638224417,0.00020097959579834705,0.0
2020-07-17 00:00:00+00:00,-0.008745794867714672,0.00019279583920709395,-2.6773552240616093e-05,-0.008719021315474055,-6.682227145806442e-05,0.0002596181106651584,0.0005029089093899072
2020-07-18 00:00:00+00:00,-0.014483345463243605,0.00017444875000000002,0.00037473029062969065,-0.014858075753873295,-7.500000000000001e-05,0.00024944875,0.0
2020-07-19 00:00:00+00:00,0.02039155400218611,0.00012424591534183313,0.012683001863701667,0.007708552138484445,-8.289497869565219e-05,0.00020714089403748535,0.0
2020-07-20 00:00:00+00:00,-0.014832199093314749,0.000691577237288221,-0.03906718048631563,0.024234981393000874,0.00011831633589255003,0.000573260901395671,0.0003784525469452018
2020-07-21 00:00:00+00:00,-0.0035284670849778255,0.00026827900000000007,0.01602831469515851,-0.019556781780136333,-0.00011790100000000001,0.0003861800000000001,0.0
2020-07-22 00:00:00+00:00,-0.006807021317689738,0.00013653833374858014,0.005935472431163627,-0.012742493748853365,-0.0001911559483694975,0.00032769428211807766,0.0
2020-07-23 00:00:00+00:00,-0.006207865893406876,0.00045482014839636674,0.00028751917799509346,-0.006495385071401969,-0.00039259954584991224,0.000847419694246279,0.0006305229834523544
2020-07-24 00:00:00+00:00,0.006294482424501938,0.0008708750000000001,-0.0132260830721717,0.019520565496673636,-0.000139691,0.001010566,0.0
2020-07-25 00:00:00+00:00,0.015505831743682507,0.0005122310346121446,0.029975774896929354,-0.014469943153246848,-0.000309398946973117,0.0008216299815852616,0.0
2020-07-26 00:00:00+00:00,0.01354546580521802,0.0014364395805330995,0.00813125544943986,0.005414210355778161,-0.0005212384863107137,0.0019576780668438135,0.00032090825394964035
2020-07-27 00:00:00+00:00,0.03600522581675668,0.000294063,0.0006273120070912526,0.03537791380966543,-0.000549629,0.000843692,0.0
2020-07-28 00:00:00+00:00,-0.009305267592691721,-0.00010893962040562808,0.01334535525355127,-0.022650622846242995,-0.0007361931248649166,0.0006272535044592885,0.0
2020-07-29 00:00:00+00:00,-0.0001457209854306839,0.00039598925648802084,-0.010510413919247983,0.010364692933817301,-0.0006208281274971562,0.001016817383985177,0.0007027131689654319
2020-07-30 00:00:00+00:00,0.00993669090975181,0.000760949,0.013831070549822,-0.00389437964007019,-0.000551715,0.001312664,0.0
2020-07-31 00:00:00+00:00,-0.002971377704251707,0.0006248992702185472,0.00986783357334572,-0.012839211277597427,-0.0005815751892069034,0.0012064744594254505,0.0
2020-08-01 00:00:00+00:00,-0.014414249541991624,0.0002490562609981699,0.0338952337963715,-0.04830948333836312,-0.0009238253093337209,0.0011728815703318908,0.0007279852727544515
2020-08-02 00:00:00+00:00,0.002177292518655755,0.0011278491666666668,-0.02616802883449089,0.02834532135314665,-0.0004915566666666665,0.0016194058333333333,0.0
2020-08-03 00:00:00+00:00,0.022250741093994632,0.00023490390276641643,0.021282720033487062,0.0009680210605075687,-0.00029779805434277626,0.0005327019571091927,0.0
2020-08-04 00:00:00+00:00,-0.0061631666441537,0.000530736410666606,0.00876451099834653,-0.01492767764250023,-0.0002869430015554618,0.0008176794122220679,0.0005054169193292427
2020-08-05 00:00:00+00:00,0.003536741282642983,0.0013682391666666664,0.00472102434759647,-0.0011842830649534857,-6.315916666666666e-05,0.0014313983333333331,0.0
2020-08-06 00:00:00+00:00,0.0023218872523382934,0.0010744712111156957,0.01621157360701953,-0.013889686354681234,-0.000504749927963352,0.0015792211390790478,0.0
2020-08-07 00:00:00+00:00,0.020738228882899713,0.0006970872599453124,0.0017163492663900843,0.019021879616509627,-0.00048271572533581234,0.001179802985281125,0.00034855205741980136
2020-08-08 00:00:00+00:00,-0.015973817763429137,0.0010410208333333333,0.029048540174611538,-0.04502235793804068,0.00028492083333333336,0.0007560999999999999,0.0
2020-08-09 00:00:00+00:00,-0.0014878323260865151,0.001382964794126603,0.019974390596151623,-0.02146222292223814,-6.724540534283803e-05,0.001450210199469441,0.0
2020-08-10 00:00:00+00:00,-0.021801779911448986,0.001964015347057519,0.01032616890977232,-0.0321279488212213,-0.0004915600971288457,0.0024555754441863645,0.0004956474813476845
2020-08-11 00:00:00+00:00,0.00376453643380454,0.0014163874999999996,-0.023489231865152626,0.027253768298957162,-0.0005124758333333333,0.001928863333333333,0.0
2020-08-12 00:00:00+00:00,0.013118815428503638,0.00040549460478875944,0.029417075881376063,-0.016298260452872422,-0.00022726983668883683,0.0006327644414775963,0.0
2020-08-13 00:00:00+00:00,0.012536559040587949,0.0006051642655060768,0.008659279989577637,0.003877279051010309,-0.0003937257478385846,0.0009988900133446614,0.000591544071584111
2020-08-14 00:00:00+00:00,-0.030383924378287137,0.0025082816666666665,-0.00658443307168204,-0.023799491306605098,-0.0004700158333333333,0.0029782974999999997,0.0
2020-08-15 00:00:00+00:00,0.028748537169945753,0.0020607505931552056,0.015094058226847304,0.013654478943098448,-0.0004115908714609261,0.002472341464616132,0.0
2020-08-16 00:00:00+00:00,-0.045091613407626435,0.0008260051251367001,0.004276718251016484,-0.04936833165864292,-0.0008238925062601462,0.0016498976313968465,0.0005382717148746982
2020-08-17 00:00:00+00:00,-0.006160580116018499,0.00044385000000000003,-0.010341608336705202,0.004181028220686703,-0.0010648316666666666,0.0015086816666666665,0.0
2020-08-18 00:00:00+00:00,-0.001803312880796295,0.00029262128059601064,-0.008308548158292456,0.006505235277496162,-0.0009991443845317448,0.0012917656651277552,0.0
2020-08-19 00:00:00+00:00,-0.006670431379208909,0.00027241087281922076,-0.00945139505781357,0.0027809636786046577,-4.2569605204075045e-05,0.00031498047802329583,0.0006747813265590612
2020-08-20 00:00:00+00:00,-0.0004956563113958003,0.00045184749999999997,0.029806623883913388,-0.03030228019530919,-2.403916666666667e-05,0.0004758866666666667,0.0
2020-08-21 00:00:00+00:00,0.010402450640697579,0.00010307486024309918,-0.034807442240327544,0.04520989288102512,-0.00044719516643415455,0.0005502700266772538,0.0
2020-08-22 00:00:00+00:00,0.01790504004356372,5.125251508649747e-05,0.03224264481682097,-0.014337604773257255,-0.00013435140919215507,0.00018560392427865253,0.0007666609758671585
2020-08-23 00:00:00+00:00,-0.002940924447136717,0.00031764999999999994,0.0005034320630660687,-0.003444356510202788,-0.0002324275,0.0005500775,0.0
2020-08-24 00:00:00+00:00,0.011708623098170714,0.00038282512236689444,0.013040282301464812,-0.0013316592032940986,-0.0004288124553060954,0.0008116375776729898,0.0
2020-08-25 00:00:00+00:00,0.005184060521650859,0.0002859995546608925,-0.04019047038108375,0.045374530902734606,-0.00045967030135757016,0.0007456698560184627,0.0006601935703622025
2020-08-26 00:00:00+00:00,-0.017046497123864118,0.00038810166666666666,-0.0018705252042464648,-0.015175971919617651,-0.0002028025,0.0005909041666666666,0.0
2020-08-27 00:00:00+00:00,0.011605953299529162,0.0005513685538951418,-0.02177473423138872,0.033380687530917885,-0.00026974167632250835,0.0008211102302176502,0.0
2020-08-28 00:00:00+00:00,-0.008416218991634647,0.0002173130426938513,0.016071721246879427,-0.024487940238514076,-0.00018554355300373702,0.00040285659569758836,0.0005707834146478006
2020-08-29 00:00:00+00:00,-0.0004504207681202484,0.0008686935714285714,0.012049848610231038,-0.012500269378351286,-0.00020982571428571428,0.0010785192857142856,0.0
2020-08-30 00:00:00+00:00,0.012108809997449298,0.001137989942175097,0.01935123375445088,-0.007242423757001578,-0.00017266015468953458,0.0013106500968646316,0.0
2020-08-31 00:00:00+00:00,0.022460305507027413,0.0016757375837024471,0.007721922221112612,0.014738383285914803,0.00032682585881617203,0.001348911724886275,0.0005328415600592509
2020-09-01 00:00:00+00:00,0.030330921432653028,0.003112155714285714,0.027165591945777626,0.003165329486875399,0.0012635299999999997,0.0018486257142857144,0.0
2020-09-02 00:00:00+00:00,0.009879753734747665,0.002553577720587653,-0.03484350834978158,0.044723262084529244,0.001068852031052651,0.0014847256895350017,0.0
2020-09-03 00:00:00+00:00,0.020832423624887096,0.0013067125597137268,-0.08197821716675101,0.10281064079163811,0.0009963743697716343,0.00031033818994209255,0.0003924253200131593
2020-09-04 00:00:00+00:00,-0.023790861157801657,0.001902587857142857,0.008412729257303669,-0.03220359041510533,0.0016818921428571427,0.0002206957142857143,0.0
2020-09-05 00:00:00+00:00,0.006626796008820461,0.0016110271587561446,-0.06080900492145844,0.0674358009302789,0.001497235857559918,0.00011379130119622648,0.0
2020-09-06 00:00:00+00:00,-0.002754461680127821,0.0009379131190744663,0.032982467669295495,-0.03573692934942332,0.0008871520177922596,5.07611012822066e-05,0.00045418093086000154
2020-09-07 00:00:00+00:00,-0.003495246495238486,0.0020517342857142855,-0.0023361769834525327,-0.0011590695117859508,0.0018560285714285711,0.0001957057142857143,0.0
2020-09-08 00:00:00+00:00,-0.006440254172244303,0.0021894686845503404,-0.007988648383816039,0.0015483942115717378,0.0019276947618940845,0.00026177392265625606,0.0
2020-09-09 00:00:00+00:00,0.00485810650610189,0.0013115420043428544,0.020089415392632502,-0.015231308886530615,0.0011712251825227568,0.00014031682182009776,0.0002406721112405716
2020-09-10 00:00:00+00:00,0.0101158780360629,0.0010204714285714286,0.015800381892798445,-0.005684503856735547,0.0007294757142857143,0.0002909957142857143,0.0
2020-09-11 00:00:00+00:00,-0.006144791839599438,0.0013730300668818706,0.0031527576238556225,-0.00929754946345506,0.0011757588102970437,0.0001972712565848266,0.0
2020-09-12 00:00:00+00:00,0.02394687345365875,0.0011720876965530369,0.03487397558647235,-0.010927102132813605,0.000770766983332308,0.00040132071322072904,0.00025747767445044795
2020-09-13 00:00:00+00:00,0.008013373560179563,0.0010335485714285714,-0.0199475396415379,0.02796091320171746,0.0006543421428571428,0.00037920642857142855,0.0
2020-09-14 00:00:00+00:00,-0.020581531394662466,0.0013008664713101232,-0.006667935695791423,-0.013913595698871043,0.0010801684154494084,0.0002206980558607148,0.0
2020-09-15 00:00:00+00:00,-0.0006050587261039395,0.0014515547803431285,-0.03690938514398007,0.036304326417876134,0.0012081989711840906,0.00024335580915903798,0.0004271435662121527
2020-09-16 00:00:00+00:00,0.0021616180136224132,0.0027102121428571424,-0.0006263186540202091,0.002787936667642623,0.0025823928571428573,0.00012781928571428572,0.0
2020-09-17 00:00:00+00:00,-0.001346356763135121,0.0009678118907715508,-0.001391354716539223,4.499795340410064e-05,0.0007995199270490655,0.00016829196372248516,0.0
2020-09-18 00:00:00+00:00,0.0036316620366234264,0.00047136736253489375,-0.003961944761003125,0.007593606797626553,0.0003383294268420062,0.0001330379356928876,0.0005023935397234932
2020-09-19 00:00:00+00:00,-0.007369185417340686,0.0005823921428571428,-0.008856704167623988,0.001487518750283301,0.0004648807142857142,0.00011751142857142856,0.0
2020-09-20 00:00:00+00:00,0.0007850899292008709,0.0008701124744111013,-0.020210313621896563,0.020995403551097434,0.0007263095076817298,0.00014380296672937142,0.0
2020-09-21 00:00:00+00:00,0.015328340466201622,0.0007792587307542056,-0.04011548142426447,0.055443821890466094,0.0006225566718485703,0.0001567020589056353,0.0005060752615358592
2020-09-22 00:00:00+00:00,0.009054274468382417,0.00144761875,0.02897028893170707,-0.019916014463324652,0.001379610625,6.8008125e-05,0.0
2020-09-23 00:00:00+00:00,-0.002663078272141274,0.0013628908063289826,-0.03997780861769645,0.03731473034555517,0.001255789251659494,0.00010710155466948846,0.0
2020-09-24 00:00:00+00:00,0.007398173405911115,0.0006345004358067165,0.05366200345659407,-0.04626383005068295,0.0004935399033068744,0.0001409605324998421,0.0004753505546378337
2020-09-25 00:00:00+00:00,0.001520538183732767,0.00065646125,0.01855752118496609,-0.017036983001233325,0.0004943662500000001,0.000162095,0.0
2020-09-26 00:00:00+00:00,0.015217936293694162,0.0008412728207295744,0.01771123889624262,-0.0024933026025484558,0.000676311962041444,0.0001649608586881305,0.0
2020-09-27 00:00:00+00:00,-0.018628458374631937,0.0012618880001048203,0.0012716446012873053,-0.019900102975919244,0.0011060289144236856,0.00015585908568113455,0.0005403815124665386
2020-09-28 00:00:00+00:00,-0.03432479805342189,0.00089809625,-0.016204909199983117,-0.01811988885343877,0.00068660875,0.0002114875,0.0
2020-09-29 00:00:00+00:00,-0.010533868279189664,0.0010059474617637096,0.005141694588051249,-0.01567556286724091,0.0008269889286324429,0.00017895853313126673,0.0
2020-09-30 00:00:00+00:00,-0.01664517187581317,0.0012018093036746703,-0.009510007483709634,-0.007135164392103535,0.0009703224583379395,0.000231486845336731,0.00040524365493723895
2020-10-01 00:00:00+00:00,-0.011521105396862241,0.0012755949999999998,-0.019180127405415442,0.007659022008553201,0.0010124937499999998,0.00026310125,0.0
2020-10-02 00:00:00+00:00,-0.004740033906646025,0.0010713804802581228,-0.01999883054117592,0.015258796634529892,0.0008970616929662983,0.00017431878729182453,0.0
2020-10-03 00:00:00+00:00,0.011859588135666937,0.0011604823354241884,0.0048682565900219025,0.006991331545645034,0.0009762810851011304,0.00018420125032305796,0.00038509629393479927
2020-10-04 00:00:00+00:00,0.0026854551985030298,0.001562744375,0.0037138656343237916,-0.0010284104358207619,0.0014148737500000001,0.000147870625,0.0
2020-10-05 00:00:00+00:00,-0.015533843894947441,0.001388748118138055,-0.006159527771015253,-0.009374316123932185,0.001303421289493623,8.532682864443217e-05,0.0
2020-10-06 00:00:00+00:00,-0.013034164152630243,0.0009416493002484106,-0.04917249776405537,0.03613833361142513,0.0009605036964852202,-1.88543962368097e-05,0.0005200789186705848
2020-10-07 00:00:00+00:00,0.00409957083191053,0.002927812777777777,0.00896769549834908,-0.00486812466643855,0.0027778127777777777,0.00015000000000000001,0.0
2020-10-08 00:00:00+00:00,0.021883114625632742,0.0029548758757983584,0.03146581394056261,-0.009582699314929867,0.002803415438398427,0.00015146043739993156,0.0
2020-10-09 00:00:00+00:00,0.013639193715394255,0.0015814105283348655,0.031860336268542525,-0.018221142553148273,0.0014270752811404548,0.00015433524719441055,0.0006080384616765409
2020-10-10 00:00:00+00:00,-0.010620670746430232,0.002281021666666666,0.0001955823972212018,-0.010816253143651432,0.002227243333333333,5.377833333333335e-05,0.0
2020-10-11 00:00:00+00:00,-0.007167542445598183,0.0020842489963944213,0.004536887633149779,-0.011704430078747961,0.002020099208668863,6.414978772555797e-05,0.0
2020-10-12 00:00:00+00:00,0.01684632718236581,0.0009377451971143454,0.021135575352173152,-0.004289248169807339,0.0008108813511466689,0.00012686384596767656,0.0005866360003752087
2020-10-13 00:00:00+00:00,-0.0024641039882301275,0.0010758466666666666,-0.006961682179804035,0.004497578191573906,0.0008567583333333333,0.00021908833333333333,0.0
2020-10-14 00:00:00+00:00,-0.009798420314886152,0.001152252701950434,-0.02118475494176931,0.011386334626883158,0.0009867447393323205,0.0001655079626181137,0.0
2020-10-15 00:00:00+00:00,-0.005076194638060936,0.001045866602192406,-0.008602002850637499,0.003525808212576563,0.0008906113456982974,0.00015525525649410872,0.0004038331425937859
2020-10-16 00:00:00+00:00,-0.0066422332907022956,0.000807346111111111,-0.03370003946765057,0.02705780617694828,0.000652605,0.0001547411111111111,0.0
2020-10-17 00:00:00+00:00,0.006742941482563348,0.001366187621067057,0.012348485172400834,-0.005605543689837486,0.0012243049629201415,0.00014188265814691551,0.0
2020-10-18 00:00:00+00:00,0.0082069306357287,0.0015555588799244255,0.020435528350433954,-0.012228597714705252,0.0014191357693517086,0.0001364231105727172,0.0005135625104044417
2020-10-19 00:00:00+00:00,-0.021659281881077866,0.0009336299999999997,-0.024914722510185762,0.0032554406291078995,0.0007694283333333331,0.0001642016666666667,0.0
2020-10-20 00:00:00+00:00,-0.007184697939932396,0.0012061186830766967,-0.03368916846263222,0.026504470522699823,0.0010004266299577722,0.00020569205311892446,0.0
2020-10-21 00:00:00+00:00,-0.011812598398737887,0.0006966123318195099,0.018544508041673877,-0.030357106440411764,0.0004869839446790024,0.00020962838714050748,0.00035229241661232616
2020-10-22 00:00:00+00:00,0.0036481076140787933,0.0005108355555555556,0.02506633931804224,-0.021418231703963446,2.8469444444444445e-05,0.0004823661111111111,0.0
2020-10-23 00:00:00+00:00,-0.004638325386666786,0.0007370223876178267,-0.008160691387526224,0.0035223660008594387,0.00015696648274313336,0.0005800559048746933,0.0
2020-10-24 00:00:00+00:00,0.0017178313917889827,0.0006966901666355636,0.005889896832721665,-0.004172065440932681,0.00021500074099571747,0.0004816894256398461,0.00030358479449872134
2020-10-25 00:00:00+00:00,0.004138834350566549,0.0012654627777777777,-0.010533011721506225,0.014671846072072774,0.0006855783333333333,0.0005798844444444445,0.0
2020-10-26 00:00:00+00:00,0.015326389249086886,0.0007876465212836796,-0.005963215523580111,0.021289604772666997,0.0005472339680295914,0.00024041255325408804,0.0
2020-10-27 00:00:00+00:00,0.032749718181434496,0.0013691873697335851,0.03578769343535679,-0.003037975253922292,0.0009132654133102003,0.0004559219564233849,0.00020546475993676622
2020-10-28 00:00:00+00:00,-0.010226161101913793,0.0012961583333333333,-0.03571125867776464,0.025485097575850844,0.0010046216666666666,0.00029153666666666665,0.0
2020-10-29 00:00:00+00:00,-0.009532184127801756,0.0006481753125126247,-0.020349707148512947,0.010817523020711192,0.0004452880639726939,0.00020288724853993075,0.0
2020-10-30 00:00:00+00:00,0.002868610503147446,0.0007386530140789426,-0.006191718688638248,0.009060329191785696,0.0005081741951821735,0.00023047881889676905,0.00045228564142256575
2020-10-31 00:00:00+00:00,-0.004588937154170457,0.0008090161111111111,-0.004090465917133104,-0.000498471237037354,0.0006477038888888888,0.00016131222222222222,0.0
2020-11-01 00:00:00+00:00,-0.012147406424352875,0.0016478496245339103,-0.002068702512555092,-0.010078703911797784,0.0014805925374963315,0.00016725708703757864,0.0
2020-11-02 00:00:00+00:00,-0.008365284518731865,0.0006232720216568494,-0.024954949926664766,0.016589665407932903,0.00043588631465686645,0.00018738570699998287,0.00034965728127088925
2020-11-03 00:00:00+00:00,0.00312785418992524,0.000763018888888889,-0.014005708683527969,0.017133562873453207,0.0007289011111111111,3.411777777777778e-05,0.0
2020-11-04 00:00:00+00:00,-0.006216955686665872,0.0014110603484536488,-0.008562918645126455,0.002345962958460583,0.001442709796319069,-3.1649447865420065e-05,0.0
2020-11-05 00:00:00+00:00,0.011476917781987391,0.0010859245697237491,0.03203155802977448,-0.020554640247787092,0.0008982514885200684,0.00018767308120368062,0.0005725653144494174
2020-11-06 00:00:00+00:00,0.014821023873404499,0.001235046111111111,0.0776959034338123,-0.06287487956040781,0.00064602,0.0005890261111111111,0.0
2020-11-07 00:00:00+00:00,0.0111353859406154,0.0008950152324230137,-0.013709221109414839,0.024844607050030235,0.00019977821418628244,0.0006952370182367313,0.0
2020-11-08 00:00:00+00:00,0.003787565452925597,0.0009500630348093834,0.03729806945149044,-0.033510503998564846,0.0006287350308331154,0.0003213280039762679,0.000475301653031304
2020-11-09 00:00:00+00:00,-0.003334939693287987,0.0006901699999999999,-0.012066610999732084,0.008731671306444096,0.00034575500000000005,0.000344415,0.0
2020-11-10 00:00:00+00:00,0.05080498810549555,0.0007623864341687051,0.057886374833211275,-0.007081386727715726,0.000344758818732474,0.0004176276154362311,0.0
2020-11-11 00:00:00+00:00,-0.03850785704271848,0.000984882871945449,-0.03627427468400647,-0.00223358235871201,0.0005780661071764668,0.0004068167647689823,0.00029454466537167637
2020-11-12 00:00:00+00:00,-0.0035250352954067643,0.0009611894444444445,-0.010743797534466016,0.007218762239059249,0.0006804111111111111,0.0002807783333333333,0.0
2020-11-13 00:00:00+00:00,0.014912869371899805,0.0006622437507093773,0.045877064960977626,-0.030964195589077814,0.0001872213091667444,0.000475022441542633,0.0
2020-11-14 00:00:00+00:00,0.0009924628166349224,0.0007449529431002608,0.0011641456029116938,-0.00017168278627677225,0.0003697386641513167,0.00037521427894894393,0.0004769629235048257
2020-11-15 00:00:00+00:00,0.019268555461640836,0.001547102222222222,0.016774080431239662,0.0024944750304011767,0.00132985,0.00021725222222222223,0.0
2020-11-16 00:00:00+00:00,0.00331870405518771,0.0011121423499538278,0.0254912562142484,-0.02217255215906069,0.0006785453709983338,0.0004335969789554941,0.0
2020-11-17 00:00:00+00:00,0.01366001779466292,0.0011742880432907706,0.036558760570828776,-0.02289874277616585,0.00037217980152689394,0.0008021082417638767,0.0005107004585605711
2020-11-18 00:00:00+00:00,-0.010057215722965723,0.001098047,-0.029672517123903425,0.019615301400937705,6.761949999999999e-05,0.0010304275000000002,0.0
2020-11-19 00:00:00+00:00,0.021241382178632622,0.0004174058492225518,0.024146261263939074,-0.0029048790853064524,-7.553035849832634e-05,0.0004929362077208781,0.0
2020-11-20 00:00:00+00:00,-0.015895537519857124,0.0007715581036334795,0.02357441207264679,-0.03946994959250392,-0.0003168444992593197,0.001088402602892799,0.0005318122285418954
2020-11-21 00:00:00+00:00,-0.02303250935088958,0.001175423,0.03206784628719356,-0.055100355638083146,-0.0005638865,0.0017393095,0.0
2020-11-22 00:00:00+00:00,0.007685499186404541,0.0005227498292300682,-0.02410059154903251,0.03178609073543705,-0.000492524635645899,0.0010152744648759672,0.0
2020-11-23 00:00:00+00:00,-0.0059356243470658505,0.0011007255872655295,0.031945042449430916,-0.037880666796496765,-0.0008714996353006882,0.001972225222566218,0.0005505536144433673
2020-11-24 00:00:00+00:00,-0.01091408424900744,0.0018371809090909092,0.01793751006104125,-0.02885159431004869,-0.0005758895454545455,0.002413070454545455,0.0
2020-11-25 00:00:00+00:00,0.013793043383079724,0.00197297741739524,-0.026944276043085143,0.04073731942616487,-0.0007517887604301547,0.0027247661778253946,0.0
2020-11-26 00:00:00+00:00,-0.018942136815278204,0.0006395397216989998,-0.051017986925451564,0.032075850110173366,0.00042987167045320344,0.00020966805124579636,0.00043237218614735343
2020-11-27 00:00:00+00:00,0.005634204962186443,0.000953083181818182,-0.006146776438837992,0.011780981401024435,0.0007223009090909093,0.00023078227272727275,0.0
2020-11-28 00:00:00+00:00,0.006323213544631341,0.0003670534318430084,0.01846571450605928,-0.012142500961427938,0.0001918018904106408,0.00017525154143236757,0.0
2020-11-29 00:00:00+00:00,-0.016758579510540075,0.00028865210898324693,0.007419704256765801,-0.024178283767305877,0.00020734700268194183,8.130510630130516e-05,0.0006135160219746644
2020-11-30 00:00:00+00:00,-0.003723974301613991,0.0007988981818181817,0.020551435700050358,-0.024275410001664346,0.00033701909090909094,0.0004618790909090909,0.0
2020-12-01 00:00:00+00:00,0.025808967267935697,0.00115123918958473,-0.006857669368200874,0.032666636636136566,0.00018221144815443898,0.000969027741430291,0.0
2020-12-02 00:00:00+00:00,0.015834348651586637,0.0007452469345545828,0.04422865841370225,-0.028394309762115613,0.00034622090053251895,0.00039902603402206384,0.00028896275393659754
2020-12-03 00:00:00+00:00,0.011672747248751756,0.0007748820833333332,0.016719596647233555,-0.0050468493984818,-1.370625000000002e-05,0.0007885883333333333,0.0
2020-12-04 00:00:00+00:00,0.004830068524150109,0.0006196420858964647,-0.04238335552103898,0.04721342404518909,0.0002163744932102382,0.0004032675926862265,0.0
2020-12-05 00:00:00+00:00,0.022828646866549448,0.00037355665826052555,0.04773808480041693,-0.024909437933867483,0.00015183071757266778,0.00022172594068785783,0.0004765401150958842
2020-12-06 00:00:00+00:00,0.0006172934621826473,0.0004607104166666667,-0.010456822254667344,0.011074115716849992,0.00022837208333333328,0.00023233833333333333,0.0
2020-12-07 00:00:00+00:00,0.004429472589802889,0.0005514659218143342,0.003190035737954303,0.001239436851848586,0.00013315831670527475,0.00041830760510905946,0.0
2020-12-08 00:00:00+00:00,0.007895910847008324,0.0004153823352661658,-0.03432461172984226,0.04222052257685058,0.00010013049175567304,0.0003152518435104928,0.0004575516061450248
2020-12-09 00:00:00+00:00,0.006087523848147161,0.00029521958333333335,0.018960524439434287,-0.012873000591287122,8.463041666666667e-05,0.00021058916666666665,0.0
2020-12-10 00:00:00+00:00,0.002703608789458441,0.00022762524184792124,-0.01796022154257381,0.02066383033203225,-5.649090601854958e-05,0.0002841161478664708,0.0
2020-12-11 00:00:00+00:00,-0.007968805340385377,0.0002293637945881614,-0.022978777507786492,0.015009972167401114,3.836907959994361e-05,0.00019099471498821777,0.00038683173323824846
2020-12-12 00:00:00+00:00,0.00034501862560618393,0.0004241916666666665,0.025368414583265372,-0.025023395957659185,0.0005509083333333332,-0.00012671666666666675,0.0
2020-12-13 00:00:00+00:00,0.005998216531233646,0.00014744474199676616,0.021594427922135354,-0.015596211390901709,0.0003068041895293008,-0.0001593594475325347,0.0
2020-12-14 00:00:00+00:00,-0.008627564269357686,-7.644328008762669e-05,0.009461003839211262,-0.01808856810856895,9.530439519121116e-06,-8.59737196067478e-05,0.0004337606666449707
2020-12-15 00:00:00+00:00,0.006296202074710539,0.0007448520833333333,0.016376947629411304,-0.010080745554700765,0.0004604866666666666,0.00028436541666666663,0.0
2020-12-16 00:00:00+00:00,0.01817753104124133,0.0008117721065973056,0.03452456674779397,-0.016347035706552646,0.0002868683818280939,0.0005249037247692117,0.0
2020-12-17 00:00:00+00:00,0.009570077201693727,0.000747363557695766,-0.0014381453038482296,0.011008222505541957,-0.0007081848288638132,0.0014555483865595794,0.0004911333744136737
2020-12-18 00:00:00+00:00,0.008463270987465635,0.0008299779166666665,0.015357489004901996,-0.00689421801743636,-0.0002719370833333334,0.001101915,0.0
2020-12-19 00:00:00+00:00,0.012095635821632865,0.0009231496567868613,0.011143630664387245,0.0009520051572456198,-0.0003255151033758578,0.001248664760162719,0.0
2020-12-20 00:00:00+00:00,0.01445506623371285,0.0007383376996572661,-0.007763246284654504,0.022218312518367356,-0.0004119490075378746,0.0011502867071951407,0.0004665196919516416
2020-12-21 00:00:00+00:00,0.0049663530963084766,0.0008724796153846155,-0.023164157655993656,0.028130510752302135,0.0002537096153846154,0.00061877,0.0
2020-12-22 00:00:00+00:00,0.01043300486568732,0.0003650159458920703,0.020367497474352177,-0.009934492608664858,0.00013095759158521475,0.00023405835430685554,0.0
2020-12-23 00:00:00+00:00,0.03336545465223602,0.0009035136017900877,-0.04722607525582859,0.08059152990806459,0.0007192108880349473,0.00018430271375514045,0.00046860274880534394
2020-12-24 00:00:00+00:00,-0.018356624809349777,0.001080746153846154,0.03625645459752462,-0.054613079406874404,0.001006361923076923,7.438423076923078e-05,0.0
2020-12-25 00:00:00+00:00,0.01741940292050595,0.0005897404969539524,0.0027649004559738835,0.014654502464532064,0.000443121074321745,0.0001466194226322074,0.0
2020-12-26 00:00:00+00:00,0.036198745269259994,0.0013107651399198081,0.022708569405010308,0.013490175864249686,0.0011561484538352201,0.000154616686084588,0.0006609891707136837
2020-12-27 00:00:00+00:00,-0.019322674118560333,0.0007358188461538462,-0.006172486619608628,-0.013150187498951702,0.00030346346153846155,0.0004323553846153846,0.0
2020-12-28 00:00:00+00:00,-0.006072266746311261,0.0006779746510327698,0.02496698329277211,-0.03103925003908337,4.752524465818785e-05,0.000630449406374582,0.0
2020-12-29 00:00:00+00:00,-0.01925347777724209,0.0011157899135741734,-0.014217413383119147,-0.005036064394122942,0.0005612195117277041,0.0005545704018464694,0.0003245494168016286
2020-12-30 00:00:00+00:00,-0.008470924306066205,0.0009569685714285713,-0.0010227769244547658,-0.007448147381611437,0.00046768714285714283,0.0004892814285714286,0.0
2020-12-31 00:00:00+00:00,-0.010797997382220918,0.001034849395169373,0.015067815468249835,-0.02586581285047075,0.0005500779772737505,0.0004847714178956224,0.0
2021-01-01 00:00:00+00:00,0.020385373402873247,0.001255675567009056,0.018707776818970255,0.001677596583902995,0.00047868943287746957,0.0007769861341315864,0.000519563184434489
2021-01-02 00:00:00+00:00,-0.04775822169112072,0.0008652973076923077,-0.004239166128130536,-0.043519055562990176,0.00010057653846153847,0.0007647207692307692,0.0
2021-01-03 00:00:00+00:00,-0.026818075092205816,0.0013377892554351908,0.01831297094290304,-0.04513104603510886,-0.0005134941236904756,0.0018512833791256664,0.0
2021-01-04 00:00:00+00:00,0.0008368736650769598,0.0021917153942077093,0.008997255581686948,-0.008160381916609987,-0.0013672788575831566,0.0035589942517908657,0.0005615410848292579
2021-01-05 00:00:00+00:00,-0.0021616713279598585,0.0015802742307692308,0.02090347975446051,-0.023065151082420368,0.0005418473076923076,0.0010384269230769231,0.0
2021-01-06 00:00:00+00:00,-0.025648451231325958,0.002629448178934926,0.01866418774154382,-0.04431263897286978,-0.0004981532306881968,0.003127601409623123,0.0
2021-01-07 00:00:00+00:00,0.0028960476938583533,0.0027065759507820405,-0.0003699998266253283,0.003266047520483679,-0.0009548151688809985,0.003661391119663039,0.0005516547051020928
2021-01-08 00:00:00+00:00,-0.00033066438516858587,0.0011826432142857143,0.018494792372743155,-0.018825456757911738,-0.00029710857142857143,0.0014797517857142858,0.0
2021-01-09 00:00:00+00:00,0.009718025890844802,0.0011764159302136432,0.05038596765617575,-0.04066794176533095,-0.0006587571192742216,0.0018351730494878646,0.0
2021-01-10 00:00:00+00:00,0.014383988031609268,0.001791609889602112,-0.005890056074558331,0.0202740441061676,-0.0016702695695428693,0.003461879459144981,0.0005162925125551515
2021-01-11 00:00:00+00:00,0.010964067147927341,0.0006049153571428571,-0.045863381092095444,0.05682744824002278,3.200321428571428e-05,0.0005729121428571429,0.0
2021-01-12 00:00:00+00:00,0.012681321999710813,0.0005004188506882694,0.008629367840188053,0.0040519541595227596,0.00025179461016916493,0.0002486242405191045,0.0
2021-01-13 00:00:00+00:00,0.0007142671880918539,0.0003956134091054134,0.04730691305064369,-0.04659264586255184,4.407508785317489e-05,0.0003515383212522385,0.0005043275173475604
2021-01-14 00:00:00+00:00,0.010155359138296887,0.0008762776666666667,0.021658662744774865,-0.011503303606477982,-3.0518333333333336e-05,0.0009067960000000001,0.0
2021-01-15 00:00:00+00:00,0.02944845066052646,0.0007295434099062051,0.012264112472782475,0.017184338187743987,-0.00036210152241791414,0.0010916449323241193,0.0
2021-01-16 00:00:00+00:00,0.015051019743835974,0.0005821894741329127,0.031288058526653936,-0.016237038782817962,-0.0004601922166130247,0.0010423816907459374,0.000544331092425975
2021-01-17 00:00:00+00:00,0.01892214349385095,0.001126441,0.038403524012961134,-0.01948138051911019,5.771999999999971e-06,0.001120669,0.0
2021-01-18 00:00:00+00:00,-0.014591443375972929,0.001198287649653202,0.01321138646962873,-0.02780282984560166,-0.0005546205939021585,0.0017529082435553604,0.0
2021-01-19 00:00:00+00:00,-0.006039483063788668,0.0017018759567650774,-0.02743330602385749,0.021393822960068823,-0.0010875722976791972,0.0027894482544442746,0.00043635884842692976
2021-01-20 00:00:00+00:00,0.00450990664294612,0.0009009823333333334,0.012212224207867745,-0.007702317564921625,0.00011402266666666664,0.0007869596666666667,0.0
2021-01-21 00:00:00+00:00,0.006413663634797735,0.00042877217800021744,-0.07501362164018752,0.08142728527498526,-3.848192531702059e-05,0.0004672541033172381,0.0
2021-01-22 00:00:00+00:00,0.011569266914761123,0.00033183916442048515,0.04786559210909539,-0.036296325194334275,0.00014974551178310928,0.00018209365263737592,0.0005001224443978911
2021-01-23 00:00:00+00:00,0.010533890758111472,0.0008392196666666667,0.025113597289058383,-0.01457970653094691,0.000311312,0.0005279076666666666,0.0
2021-01-24 00:00:00+00:00,0.0032936276060531256,0.000617347661133176,0.01781893041805763,-0.014525302812004502,-0.0001620826285911442,0.0007794302897243201,0.0
2021-01-25 00:00:00+00:00,-0.006401074015753278,0.0007082212215445069,-0.01391584927696831,0.007514775261215034,-0.0002894746126664432,0.0009976958342109501,0.000650303456255942
2021-01-26 00:00:00+00:00,0.022360778362356226,0.00051273125,0.03156630960551227,-0.009205531243156047,0.0001186278125,0.0003941034375,0.0
2021-01-27 00:00:00+00:00,0.006641043902726073,0.0005479913486720151,-0.026925361969911216,0.03356640587263729,0.00023607296111616277,0.00031191838755585243,0.0
2021-01-28 00:00:00+00:00,0.1450919548727777,0.0005169957829547213,0.17048494304677822,-0.02539298817400053,-2.3424093405423076e-05,0.0005404198763601444,0.0005731996714405163
2021-01-29 00:00:00+00:00,0.016895776546317524,0.0012859340625000003,0.028740680288939446,-0.011844903742621923,-0.0006915528125,0.001977486875,0.0
2021-01-30 00:00:00+00:00,0.019458114688940743,0.0011610268405462675,0.04015563187823958,-0.02069751718929884,-0.00047753442920596244,0.0016385612697522299,0.0
2021-01-31 00:00:00+00:00,0.0164576913922177,0.0008312287901658102,0.004829717397241346,0.011627973994976351,-0.0013451047124570705,0.0021763335026228807,0.0005183817706144991
2021-02-01 00:00:00+00:00,0.00891312893217069,0.0016657853125,0.02541691328172679,-0.0165037843495561,-0.00013204750000000003,0.0017978328124999999,0.0
2021-02-02 00:00:00+00:00,-0.005882557222524103,0.0007217424517654567,0.008939866313985276,-0.014822423536509382,-0.00104220972189535,0.0017639521736608067,0.0
2021-02-03 00:00:00+00:00,0.007489674472974532,0.002030788282994269,0.04081829609845429,-0.033328621625479754,-0.002008297455405589,0.004039085738399858,0.0005074149526028557
2021-02-04 00:00:00+00:00,0.01507952704644426,0.00220722125,0.023056272352892614,-0.007976745306448353,-0.0013657615625,0.0035729828125,0.0
2021-02-05 00:00:00+00:00,0.002601689012525674,0.002718254742634244,0.05883663584406889,-0.05623494683154322,-0.0021586798866537107,0.004876934629287954,0.0
2021-02-06 00:00:00+00:00,0.03558000213890503,0.001301781983598493,0.004758928652798446,0.030821073486106583,-0.0013960387985255357,0.002697820782124029,0.00046766552779885576
2021-02-07 00:00:00+00:00,0.027934217156263867,0.0010445509375000001,0.019491604888596397,0.00844261226766747,-0.0010662728125,0.00211082375,0.0
2021-02-08 00:00:00+00:00,0.0070181101554836825,0.0009832632269989208,0.055284978234997895,-0.048266868079514205,-0.001531022808425498,0.0025142860354244187,0.0
2021-02-09 00:00:00+00:00,-0.004194349245338593,0.0028677822627692987,0.03523071999965989,-0.03942506924499848,-0.0031745301570790837,0.006042312419848383,0.0005375522204157902
2021-02-10 00:00:00+00:00,0.039584219871493194,0.0029485999999999996,0.04679030568232033,-0.007206085810827129,-0.0031005440625,0.006049144062499999,0.0
2021-02-11 00:00:00+00:00,0.0039714317454862605,0.001641928736616801,0.05560666930990599,-0.05163523756441972,-0.001942296891279337,0.003584225627896138,0.0
2021-02-12 00:00:00+00:00,0.027833153117190614,0.003209591433038123,0.05634713046356661,-0.028513977346375993,-0.002507345058200705,0.005716936491238828,0.0005334473684415149
2021-02-13 00:00:00+00:00,0.028120170347457642,0.0038515540625,0.036946671221070274,-0.008826500873612635,-0.0031827,0.0070342540625,0.0
2021-02-14 00:00:00+00:00,0.011300967081831413,0.001965055872240799,-0.02855640186059906,0.03985736894243047,-0.0034047024658342574,0.005369758338075056,0.0
2021-02-15 00:00:00+00:00,0.02009437670735844,0.0003930301690591943,-0.0016062208350218418,0.02170059754238028,-0.0009656075000961949,0.0013586376691553893,0.00044132821109690444
2021-02-16 00:00:00+00:00,-0.008964197991883558,0.0004232978125,-0.0021294163649183025,-0.006834781626965256,-0.0009196384375000001,0.0013429362500000002,0.0
2021-02-17 00:00:00+00:00,0.002552570883403788,0.00036898956710923014,0.0199125583650158,-0.017359987481612014,-0.0011920757410376422,0.001561065308146872,0.0
2021-02-18 00:00:00+00:00,-0.019824391245989604,0.0007799748016627281,0.008538574584274112,-0.028362965830263712,-0.0027885856354593576,0.003568560437122085,0.0006690721669693963
2021-02-19 00:00:00+00:00,0.0009623994406105126,0.0009972259375,0.009422437267347896,-0.008460037826737384,-0.0028757387500000006,0.0038729646875,0.0
2021-02-20 00:00:00+00:00,0.03336371856532018,0.0011277967304850517,0.010470997820593008,0.022892720744727167,-0.004113023114710821,0.005240819845195872,0.0
2021-02-21 00:00:00+00:00,-0.018605601697181298,0.00030808265241463804,-0.0017675743814976662,-0.01683802731568363,-0.0008672370762735967,0.0011753197286882347,0.0006481742016507807
2021-02-22 00:00:00+00:00,-0.0008524062968655252,0.00032038531249999996,-0.02957907342782231,0.028726667130956784,-0.0005448812500000001,0.0008652665625000001,0.0
2021-02-23 00:00:00+00:00,0.032217036441385676,0.0003557363617012437,-0.04471379392081588,0.07693083036220155,0.00018372009323186096,0.00017201626846938275,0.0
2021-02-24 00:00:00+00:00,-0.012913690004301938,0.00011487012657882487,0.019260269681707357,-0.03217395968600929,2.6034037407403972e-05,8.883608917142089e-05,0.0007427268800632429
2021-02-25 00:00:00+00:00,0.0015521957943202894,0.0008241309375,-0.03249779933379135,0.03404999512811164,0.0005343156249999999,0.0002898153125,0.0
2021-02-26 00:00:00+00:00,0.016417912809746124,0.0006816114666945634,0.005662588914135063,0.010755323895611062,0.0004865198231539129,0.00019509164354065056,0.0
2021-02-27 00:00:00+00:00,0.004002665942772897,0.0004671052871509063,0.014905060658340404,-0.010902394715567506,0.00013291486822124689,0.0003341904189296594,0.0003322431294772401
2021-02-28 00:00:00+00:00,0.006781781177359659,0.0005491185294117647,-0.017745828692271565,0.02452760986963122,0.0003280314705882353,0.00022108705882352943,0.0
2021-03-01 00:00:00+00:00,-0.00299378806207786,0.00037419348002864605,0.05856933824142586,-0.06156312630350372,9.797858788907641e-05,0.0002762148921395696,0.0
2021-03-02 00:00:00+00:00,0.008393594280268316,0.00048820698409138513,-0.0021981169701571087,0.010591711250425424,-3.562914785375069e-05,0.0005238361319451358,0.0003870997866375048
2021-03-03 00:00:00+00:00,-0.027000261693816485,0.0005176841176470588,0.019563815808606465,-0.046564077502422946,-3.9342352941176465e-05,0.0005570264705882352,0.0
2021-03-04 00:00:00+00:00,-0.019569922789199255,0.0005077133099726337,-0.010449821667980475,-0.009120101121218777,-0.00014938084866427575,0.0006570941586369095,0.0
2021-03-05 00:00:00+00:00,-0.0035597171963052876,0.00033487371373918447,-0.01060077223014639,0.007041055033841104,-3.647051628909642e-05,0.0003713442300282809,0.0004505843634999723
2021-03-06 00:00:00+00:00,0.019465514019816554,0.00037895323529411765,0.01821872743807776,0.0012467865817387975,-5.7391470588235304e-05,0.00043634470588235297,0.0
2021-03-07 00:00:00+00:00,0.002629264404313004,0.0005526457274950109,0.02750579275617652,-0.024876528351863512,-0.00018095435852251857,0.0007336000860175294,0.0
2021-03-08 00:00:00+00:00,0.004028104329794887,0.0007612513368101939,0.02601498473433594,-0.021986880404541054,-0.0002662780351929235,0.0010275293720031172,0.0005003603480157566
2021-03-09 00:00:00+00:00,-0.04663841027802018,0.001654390294117647,0.015833842767870875,-0.062472253045891046,-0.0004927388235294117,0.002147129117647059,0.0
2021-03-10 00:00:00+00:00,0.04049071314973071,0.0014308523982023828,-0.002328134867509034,0.042818848017239744,-0.0005467583429162543,0.0019776107411186373,0.0
2021-03-11 00:00:00+00:00,-0.018391762050301724,0.000887938632908745,0.0069095544278910265,-0.02530131647819275,-0.00040229442139371694,0.0012902330543024618,0.0004859812899462052
2021-03-12 00:00:00+00:00,-0.02283274776709842,0.0012459670588235293,-0.012019775332287194,-0.010812972434811231,-0.0004346214705882353,0.0016805885294117646,0.0
2021-03-13 00:00:00+00:00,0.014358035024018912,0.0008397510444359828,0.025587083670112427,-0.011229048646093517,-0.0005789153673962254,0.0014186664118322082,0.0
2021-03-14 00:00:00+00:00,-0.0009461867837070089,0.0012077929448786925,-0.01638144854432614,0.01543526176061913,-0.0011689534510000042,0.0023767463958786965,0.00046565406732714925
2021-03-15 00:00:00+00:00,-0.0042115637344745166,0.0008076635294117648,-0.0028121465513577765,-0.0013994171831167388,-0.0007451238235294119,0.0015527873529411764,0.0
2021-03-16 00:00:00+00:00,0.0043365933741243675,0.0005075323468770596,0.029764310177298824,-0.025427716803174457,-0.0003038164667975561,0.0008113488136746159,0.0
2021-03-17 00:00:00+00:00,-0.006033678807966566,0.0006422557906706498,0.01267985549292774,-0.018713534300894303,-0.00048233816539016214,0.0011245939560608122,0.0005204665498441123
2021-03-18 00:00:00+00:00,-0.00023986987953467619,0.0013828655882352939,0.0018886364957777547,-0.0021285063753124314,-0.0008279461764705882,0.0022108117647058824,0.0
2021-03-19 00:00:00+00:00,-0.002073729101354389,0.0008765944402151618,0.008260164436824114,-0.010333893538178505,-0.0005756420561374626,0.0014522364963526246,0.0
2021-03-20 00:00:00+00:00,0.005748152094925563,0.0013113994748655275,0.0013547314658714491,0.004393420629054114,-0.0010712981590927516,0.002382697633958279,0.0005524617903939771
2021-03-21 00:00:00+00:00,-0.00027589306954401566,0.001042929117647059,0.0012321437440546246,-0.0015080368135986398,-0.0005900361764705883,0.001632965294117647,0.0
2021-03-22 00:00:00+00:00,0.014778903559645182,0.0012957533998151846,-0.02156043926228999,0.036339342821935176,-0.0005097991069824378,0.0018055525067976223,0.0
2021-03-23 00:00:00+00:00,-0.0064865710592155006,0.0003649769840642441,0.0032294402725385842,-0.009716011331754084,-0.00013041089565829508,0.0004953878797225393,0.00042950171117583854
2021-03-24 00:00:00+00:00,0.00563381894926226,0.00054524,-0.030549711257909614,0.036183530207171875,-0.00020934176470588237,0.0007545817647058823,0.0
2021-03-25 00:00:00+00:00,0.0021543770478793553,7.41747274581688e-05,-0.004066602003205581,0.0062209790510849355,-7.468242579995805e-05,0.00014885715325812685,0.0
2021-03-26 00:00:00+00:00,0.0071373925917836735,7.521531557526654e-05,0.05995309615523427,-0.0528157035634506,-0.00018872381090227465,0.00026393912647754115,0.0006312980217172422
2021-03-27 00:00:00+00:00,0.00846046800948826,0.00039770611111111115,0.03827385363456591,-0.029813385625077644,-0.000246845,0.0006445511111111111,0.0
2021-03-28 00:00:00+00:00,0.006040473517808019,0.0003879476949186989,0.013908010168737656,-0.007867536650929636,-0.0006630106535037783,0.0010509583484224773,0.0
2021-03-29 00:00:00+00:00,0.0016899542883297347,0.0005297583079776919,0.026874488563541285,-0.025184534275211553,-0.0009346112721616079,0.0014643695801393,0.0005709609044590318
2021-03-30 00:00:00+00:00,0.018849648718470887,0.0012412188888888888,0.019458435810626257,-0.0006087870921553688,-0.0010739777777777778,0.0023151966666666666,0.0
2021-03-31 00:00:00+00:00,0.030025568640327304,0.0007405475263505915,0.02324983833721174,0.006775730303115565,-0.0010792129587279136,0.0018197604850785048,0.0
2021-04-01 00:00:00+00:00,-0.00029676188174089383,0.0008134690954425301,0.010656745139020356,-0.01095350702076125,-0.0017255992467570332,0.002539068342199563,0.0005691128520000939
2021-04-02 00:00:00+00:00,0.006633811712701313,0.0013884505555555554,0.01993486658153166,-0.013301054868830348,-0.001831241388888889,0.003219691944444444,0.0
2021-04-03 00:00:00+00:00,0.011478301425047565,0.0014240143627472766,-0.024890173050531712,0.03636847447557927,-0.0024339696553443337,0.0038579840180916103,0.0
2021-04-04 00:00:00+00:00,0.009741763972847931,0.0002845846520620792,0.037336234997876444,-0.027594471025028516,-0.0007302142643897051,0.0010147989164517842,0.00046842089027733004
2021-04-05 00:00:00+00:00,0.004262453535135302,0.0008744911111111109,0.014713379485476732,-0.01045092595034143,-0.0014039838888888889,0.002278475,0.0
2021-04-06 00:00:00+00:00,0.024428257249447423,0.0017258782919001292,0.020334527829764543,0.004093729419682885,-0.002007131519940618,0.003733009811840747,0.0
2021-04-07 00:00:00+00:00,0.013418400107099836,0.000544659121783307,-0.021716745684015236,0.03513514579111507,-0.0008656711645248146,0.0014103302863081217,0.0004941049773698347
2021-04-08 00:00:00+00:00,-0.0013969684613405128,0.0004087305555555555,0.03385564429152736,-0.03525261275286787,-0.0006412430555555555,0.001049973611111111,0.0
2021-04-09 00:00:00+00:00,0.006222036289889114,0.0005687464438335291,0.00759512893497142,-0.0013730926450823064,-0.0010602204598426522,0.0016289669036761813,0.0
2021-04-10 00:00:00+00:00,0.00880291514335551,0.0004942556067523698,0.015363574632544164,-0.006560659489188654,-0.0018603822093457545,0.0023546378160981245,0.000661111467484202
2021-04-11 00:00:00+00:00,-0.0012325448224757957,0.0006379477777777778,0.007837256951211053,-0.009069801773686848,-0.0018844394444444443,0.002522387222222222,0.0
2021-04-12 00:00:00+00:00,0.01076745618506841,0.0008046820015399519,0.002114083388241831,0.008653372796826578,-0.002124300360594755,0.002928982362134707,0.0
2021-04-13 00:00:00+00:00,-0.018671276279723086,0.0009063008405486197,0.012883831306155157,-0.03155510758587825,-0.0022892459077779714,0.0031955467483265913,0.0005805389536788317
2021-04-14 00:00:00+00:00,0.010266039785866397,0.0016089673684210528,0.020244705320328196,-0.009978665534461799,-0.002280064210526315,0.003889031578947368,0.0
2021-04-15 00:00:00+00:00,-0.021284930347521595,0.0008209715613546926,0.028380165008521002,-0.0496650953560426,-0.0017577090190205105,0.0025786805803752035,0.0
2021-04-16 00:00:00+00:00,-0.03670059717253392,0.0007736943989454756,0.008914750503540167,-0.0456153476760741,-0.0024486107414816113,0.003222305140427087,0.0005621790440031783
2021-04-17 00:00:00+00:00,-0.003861645011826404,0.0014555336842105263,-0.01143921087599004,0.007577565864163636,-0.001865037105263158,0.0033205707894736845,0.0
2021-04-18 00:00:00+00:00,0.03869854527792789,0.00019870510523538614,-0.018809555806016703,0.05750810108394459,-0.00013818309084841145,0.0003368881960837976,0.0
2021-04-19 00:00:00+00:00,0.03277610256381549,0.00011302924868148348,-0.012395688233254388,0.04517179079706987,-7.903652565860507e-05,0.00019206577434008863,0.0005326851508616354
2021-04-20 00:00:00+00:00,0.006451656646827937,0.00022582225000000004,0.027815004629553067,-0.021363347982725128,7.548050000000004e-05,0.00015034175,0.0
2021-04-21 00:00:00+00:00,-0.0008511012389908071,0.00020738275793446314,-0.020465332967216168,0.019614231728225358,2.0504483175183957e-05,0.00018687827475927918,0.0
2021-04-22 00:00:00+00:00,0.009736407641116112,3.97667960183708e-05,-0.022863877738919847,0.03260028538003596,-0.000165176973879209,0.0002049437698975798,0.0007495514519163086
2021-04-23 00:00:00+00:00,-0.007869240608452868,0.00022114125000000003,-0.01272632012936296,0.004857079520910093,2.3382749999999996e-05,0.00019775849999999998,0.0
2021-04-24 00:00:00+00:00,0.0033952600858665576,0.0001893186213208228,-0.03116568621928565,0.034560946305152204,2.5722074963807523e-05,0.0001635965463570153,0.0
2021-04-25 00:00:00+00:00,-0.003686296346204946,0.00024085929978742685,0.0036602091728127235,-0.0073465055190176706,1.00294656102056e-05,0.00023082983417722122,0.0005216968043657337
2021-04-26 00:00:00+00:00,0.018637027931375005,0.000369159,0.08536636188160168,-0.06672933395022668,0.00017115525,0.00019800375000000002,0.0
2021-04-27 00:00:00+00:00,0.014481362425511742,0.0003167152306315094,0.05012165558627526,-0.03564029316076352,-2.0924773020854567e-05,0.00033764000365236406,0.0
2021-04-28 00:00:00+00:00,0.003317704512369282,0.0003611685359854708,-0.0015117829899144817,0.0048294875022837636,-0.00010797107963874274,0.00046913961562421354,0.0005183372114271152
2021-04-29 00:00:00+00:00,0.00669930389258991,0.00056917125,0.006010782907560934,0.0006885209850289761,6.3225000000000195e-06,0.00056284875,0.0
2021-04-30 00:00:00+00:00,0.004302565852192157,0.00036287266722246985,0.026970244020631588,-0.022667678168439426,-0.00026006084056686904,0.0006229335077893389,0.0
2021-05-01 00:00:00+00:00,-0.014066514537787355,0.0003738868286043117,0.002086543857996046,-0.016153058395783397,-0.0006048697029957496,0.0009787565316000614,0.0005853429769771049
2021-05-02 00:00:00+00:00,-0.003188164345152752,0.0006090666666666667,-0.006051852719153778,0.002863688374001027,-0.0004016830952380952,0.001010749761904762,0.0
2021-05-03 00:00:00+00:00,0.025446641650775783,0.0005775103893748035,0.03443122258446292,-0.008984580933687132,-0.0006536637409254918,0.001231174130300295,0.0
2021-05-04 00:00:00+00:00,-0.009439319398754779,0.0002795625971946568,-0.0441304244100909,0.03469110501133612,-0.0006548175711868153,0.0009343801683814722,0.0004751329434336138
2021-05-05 00:00:00+00:00,0.003795098116157287,0.0004537178571428571,0.05342167851476375,-0.04962658039860647,-0.0003988778571428571,0.0008525957142857142,0.0
2021-05-06 00:00:00+00:00,0.02671052482534677,0.0009525908805954806,0.016986860578136045,0.009723664247210724,-0.001128636421163631,0.0020812273017591114,0.0
2021-05-07 00:00:00+00:00,-0.010232884777034941,0.0006017100864189422,0.0018050780348810717,-0.012037962811916015,-0.0007832955907848015,0.0013850056772037437,0.0004480926626663681
2021-05-08 00:00:00+00:00,0.018721904711602552,0.0005093735714285714,0.017167492025004488,0.0015544126865980636,-0.0008238485714285714,0.0013332221428571426,0.0
2021-05-09 00:00:00+00:00,-0.0012897966075773053,0.0003727701920406916,-0.004714990824253653,0.0034251942166763473,-0.0006923727125213895,0.0010651429045620813,0.0
2021-05-10 00:00:00+00:00,0.018076862786956104,0.0005685196130880332,-0.03957256757233296,0.05764943035928906,-0.0008564917957972055,0.0014250114088852385,0.0004834831880188075
2021-05-11 00:00:00+00:00,-0.0076137728148397595,9.154499999999999e-05,0.04468751205484954,-0.0523012848696893,-0.00012271166666666665,0.00021425666666666663,0.0
2021-05-12 00:00:00+00:00,0.022217052229794754,0.0003089438588326541,-0.07301080695073081,0.09522785918052556,-0.00019195835279095568,0.0005009022116236098,0.0
2021-05-13 00:00:00+00:00,-0.0029274886755220313,9.640978347350018e-05,0.013321887186714624,-0.016249375862236654,-6.984716262021915e-05,0.00016625694609371936,0.0005908349599069888
2021-05-14 00:00:00+00:00,0.003041953805747518,0.0001786892857142857,0.041936806542699365,-0.03889485273695185,-4.3123095238095236e-05,0.00022181238095238097,0.0
2021-05-15 00:00:00+00:00,0.014511512414554959,0.0002856732552406783,-0.028143792463391486,0.04265530487794645,-8.834727365122416e-05,0.00037402052889190247,0.0
2021-05-16 00:00:00+00:00,-0.005449242623509449,0.00025646047565715697,3.424100102729626e-05,-0.005483483624536744,-0.0001211394408844244,0.0003775999165415814,0.0005004959045748601
2021-05-17 00:00:00+00:00,-0.0038051556313525086,0.0003010357142857143,-0.036441171390289705,0.032636015758937195,-6.868452380952381e-05,0.0003697202380952381,0.0
2021-05-18 00:00:00+00:00,-0.003750728430238548,0.00019040148685748153,0.023844316373118596,-0.027595044803357137,-0.00012027569318874384,0.0003106771800462254,0.0
2021-05-19 00:00:00+00:00,-0.0004515472603751035,0.0008626459852801149,-0.1749957170925049,0.17454416983212978,0.003426515505713253,-0.0025638695204331383,0.0005222625215957746
2021-05-20 00:00:00+00:00,0.007119336604323231,0.0005887997619047619,0.09555143294942559,-0.08843209634510237,0.0006308221428571428,-4.202238095238096e-05,0.0
2021-05-21 00:00:00+00:00,0.011101022777017138,0.00026705860801377694,-0.0721058659386953,0.08320688871571244,0.0002637500770120508,3.3085310017260994e-06,0.0
2021-05-22 00:00:00+00:00,0.03034466862355818,0.0008573963983452879,-0.012371817444848393,0.04271648606840658,0.0008349141693057327,2.2482229039555194e-05,0.0005753725366668795
2021-05-23 00:00:00+00:00,-0.009143506399252207,0.0007367759090909092,-0.07453580835721405,0.06539230195796185,0.0006446554545454545,9.212045454545456e-05,0.0
2021-05-24 00:00:00+00:00,-0.016346289585086392,0.0005994729205806805,0.1063248896311463,-0.1226711792162327,0.0006677265676105432,-6.825364702986271e-05,0.0
2021-05-25 00:00:00+00:00,0.017362959023173738,0.0006941701685439657,0.01180364760921692,0.005559311413956815,0.0006195771791125957,7.459298943137004e-05,0.0004144143737092258
2021-05-26 00:00:00+00:00,-0.0053377789070865505,0.000764911590909091,0.06326046749511184,-0.06859824640219839,0.0006159070454545455,0.00014900454545454546,0.0
2021-05-27 00:00:00+00:00,-0.009317669992476806,0.0008144562269642545,-0.03158742687733052,0.02226975688485372,0.0006534275465396905,0.0001610286804245641,0.0
2021-05-28 00:00:00+00:00,-0.008617707029068784,0.0007973818856665327,-0.06874914716316599,0.06013144013409719,0.0006334833388113294,0.00016389854685520342,0.0004411352671979611
2021-05-29 00:00:00+00:00,0.0027746079633440574,0.0010464579545454546,-0.025273726444061527,0.02804833440740559,0.0009094175,0.00013704045454545456,0.0
2021-05-30 00:00:00+00:00,-0.0004353165842470785,0.0008052539052950824,0.02412282544720763,-0.024558142031454712,0.0006802667655075494,0.000124987139787533,0.0
2021-05-31 00:00:00+00:00,-0.00421269260461131,0.0005045583194417057,0.043308298945771276,-0.047520991550382585,0.0003951448543964204,0.00010941346504528531,0.0004114616396307135
2021-06-01 00:00:00+00:00,0.006388247056413653,0.0002301159090909091,-0.0007296204453129825,0.007117867501726634,8.377113636363636e-05,0.00014634477272727273,0.0
2021-06-02 00:00:00+00:00,0.0016911073297631472,0.00023857986862551195,0.0252901966540657,-0.023599089324302554,9.99742916424033e-05,0.00013860557698310862,0.0
2021-06-03 00:00:00+00:00,-0.002230580280002577,0.0002856580909347813,0.029801928464295364,-0.032032508744297944,0.00014074296788751977,0.00014491512304726153,0.0005742134677076047
2021-06-04 00:00:00+00:00,0.0037029360946178843,0.0002529595454545455,-0.0424825369659558,0.046185473060573676,9.978e-05,0.00015317954545454547,0.0
2021-06-05 00:00:00+00:00,0.005810957915432018,0.0003833979790480387,-0.01006463958321053,0.01587559749864255,0.0002557234599494728,0.00012767451909856593,0.0
2021-06-06 00:00:00+00:00,0.0033364220217660554,0.00027176048237499917,0.01395390529164044,-0.010617483269874384,0.00016870729580480373,0.00010305318657019545,0.0004191189013598464
2021-06-07 00:00:00+00:00,-0.0011742434283214895,0.00025632204545454547,-0.05027144895060519,0.0490972055222837,0.00011210181818181818,0.0001442202272727273,0.0
2021-06-08 00:00:00+00:00,-0.002033824529161054,0.0004083830973799033,-0.0073447737799088334,0.005310949250747781,0.00034759184791140424,6.07912494684991e-05,0.0
2021-06-09 00:00:00+00:00,-0.008266181071310327,0.0005790983090821183,0.021745241829649424,-0.03001142290095975,0.0006268283116111261,-4.773000252900783e-05,0.0005097618050173498
2021-06-10 00:00:00+00:00,0.0070140789165515395,0.0006702443181818182,-0.026071017594476574,0.03308509651102811,0.0005292031818181818,0.00014104113636363637,0.0
2021-06-11 00:00:00+00:00,0.0018322047322129522,0.00025741360449734504,-0.025999711754259358,0.027831916486472312,0.00012135118561439809,0.00013606241888294696,0.0
2021-06-12 00:00:00+00:00,-0.008244726713799983,0.00048815552965386286,-0.014472875738443169,0.006228149024643186,0.00037073903461575376,0.00011741649503810911,0.00036793577651273015
2021-06-13 00:00:00+00:00,-0.006804542183445495,0.0006148163636363637,0.03287064521538405,-0.039675187398829546,0.00047191863636363636,0.0001428977272727273,0.0
2021-06-14 00:00:00+00:00,-0.007790932039316967,0.00045551617073440545,0.018709001022763416,-0.026499933062080386,0.0002890999901960464,0.00016641618053835902,0.0
2021-06-15 00:00:00+00:00,-0.007782706217787066,0.0002585851667708763,0.000591545849084307,-0.008374252066871373,9.343914985517072e-05,0.00016514601691570554,0.0004497239186711429
2021-06-16 00:00:00+00:00,0.0011214548332363124,0.00011887727272727275,-0.019358525016738973,0.020479979849975287,7.328295454545455e-05,4.5594318181818184e-05,0.0
2021-06-17 00:00:00+00:00,0.0052484124034571965,0.0003204384193164974,0.0012754048084901723,0.003973007594967024,0.00019475291913523336,0.00012568550018126403,0.0
2021-06-18 00:00:00+00:00,-0.006846688500010649,0.00029692979498386447,-0.037024545258326415,0.030177856758315767,0.0001668698571977879,0.00013005993778607657,0.0004800861804242752
2021-06-19 00:00:00+00:00,0.004044656358141675,0.000486011590909091,-0.012996405725159428,0.0170410620833011,0.000363235,0.00012277659090909092,0.0
2021-06-20 00:00:00+00:00,0.0010771448075553901,0.00044762657833471303,0.008992040247107131,-0.007914895439551742,0.00038346941712566647,6.415716120904662e-05,0.0
2021-06-21 00:00:00+00:00,0.006493429661115071,0.0003020021076945481,-0.11006736716992957,0.11656079683104464,0.0002805282025242054,2.147390517034273e-05,0.0004767644121578839
2021-06-22 00:00:00+00:00,0.005049008207528283,0.0006870918181818182,-0.017244485190237142,0.02229349339776543,0.000566806590909091,0.00012028522727272731,0.0
2021-06-23 00:00:00+00:00,0.009378409669430602,0.000770967481397657,0.056154735162108095,-0.04677632549267749,0.0007454181457343345,2.5549335663322447e-05,0.0
2021-06-24 00:00:00+00:00,0.0029213576565252407,0.0005620182184312803,0.018577302063200508,-0.015655944406675268,0.00048560034035729106,7.641787807398925e-05,0.000412449527904693
2021-06-25 00:00:00+00:00,0.0011422163149129548,0.0004288384090909091,-0.0533572286917194,0.05449944500663235,0.0003056575,0.0001231809090909091,0.0
2021-06-26 00:00:00+00:00,-0.002749377332242693,0.00038229533973674725,0.005438020039721066,-0.00818739737196376,0.0002918687153119625,9.042662442478478e-05,0.0
2021-06-27 00:00:00+00:00,0.000957269587081094,0.0004123120320437833,0.021845449160453504,-0.02088817957337241,0.00039744189367716526,1.4870138366618034e-05,0.00041292422691823215
2021-06-28 00:00:00+00:00,0.001776820745584543,0.0005352770454545455,0.01630894828830793,-0.014532127542723386,0.0004217897727272727,0.00011348727272727275,0.0
2021-06-29 00:00:00+00:00,0.006364326400289506,0.0005878894839148419,0.04336776938310677,-0.03700344298281727,0.0004986644142940727,8.922506962076918e-05,0.0
2021-06-30 00:00:00+00:00,0.0070091402913252405,0.0004510023548631466,0.009244571571550456,-0.002235431280225217,0.000299188439323462,0.0001518139155396847,0.00044788494391287496
2021-07-01 00:00:00+00:00,0.003735298407125076,0.000927576590909091,-0.02546646397644436,0.02920176238356944,0.0007812661363636364,0.00014631045454545458,0.0
2021-07-02 00:00:00+00:00,0.004655540359418124,0.0008242779564429845,0.005182208232913656,-0.000526667873495532,0.000704811530026016,0.00011946642641696846,0.0
2021-07-03 00:00:00+00:00,-0.0015965370330044053,0.0005769218590169212,0.015326007922132985,-0.016922544955137394,0.00044686361866353314,0.00013005824035338802,0.00041741850514745167
2021-07-04 00:00:00+00:00,0.00781952177887525,0.0007068263636363637,0.022910838568725986,-0.015091316789850737,0.0005493436363636364,0.0001574827272727273,0.0
2021-07-05 00:00:00+00:00,0.0036483232038148567,0.0006303730978024542,-0.009828105611138421,0.013476428814953277,0.0004469611466483259,0.00018341195115412833,0.0
2021-07-06 00:00:00+00:00,0.012933778547702387,0.0004079899995428242,0.047101115979206035,-0.034167337431503644,0.0003179909623899581,8.999903715286614e-05,0.00046075316055234507
2021-07-07 00:00:00+00:00,-0.004008060199611312,0.0005781452272727274,0.015045664827610923,-0.01905372502722224,0.0004288736363636364,0.00014927159090909095,0.0
2021-07-08 00:00:00+00:00,-0.0007705748777751958,0.0005565352839988389,-0.041635873749121005,0.040865298871345816,0.00040869887180781874,0.00014783641219102015,0.0
2021-07-09 00:00:00+00:00,0.004055351784738854,0.0005684904336896833,0.020725356501606132,-0.016670004716867276,0.0004718465658828906,9.664386780679268e-05,0.00042353802203444984
2021-07-10 00:00:00+00:00,0.0047176227307789975,0.0008611222727272727,-0.0037610620747370723,0.008478684805516067,0.0007281693181818182,0.00013295295454545457,0.0
2021-07-11 00:00:00+00:00,-0.0014352877334352413,0.0007958135082843763,0.008916018710495128,-0.010351306443930366,0.0006503167668541845,0.00014549674143019182,0.0
2021-07-12 00:00:00+00:00,-0.009962369363662923,0.0006749819626482819,-0.02481247587145627,0.014850106507793342,0.000524850907671257,0.00015013105497702485,0.0005057307413792874
2021-07-13 00:00:00+00:00,0.02006578435466718,0.0009334970454545454,0.0012456605734616948,0.018820123781205483,0.0007872561363636364,0.00014624090909090911,0.0
2021-07-14 00:00:00+00:00,0.013972710682836004,0.0008365781404143606,0.015451025505344872,-0.0014783148225088701,0.0007189837348211951,0.00011759440559316547,0.0
2021-07-15 00:00:00+00:00,-0.0006995242669019959,0.0007925744427799064,-0.018133529014876176,0.01743400474797418,0.0006999896282860716,9.258481449383484e-05,0.00043091883699090543
2021-07-16 00:00:00+00:00,-0.00565733798634787,0.0006535895454545455,-0.03546029404940922,0.029802956063061353,0.0005349863636363636,0.00011860318181818184,0.0
2021-07-17 00:00:00+00:00,-0.004375766947427829,0.0006134845790051897,0.0007641409694845169,-0.0051399079169123455,0.0005029520105946289,0.00011053256841056078,0.0
2021-07-18 00:00:00+00:00,0.012091646117039084,0.0008146069453126871,0.010156486994524256,0.0019351591225148293,0.0006971797656957676,0.00011742717961691951,0.0003946840849844448
2021-07-19 00:00:00+00:00,-0.0075467104956331915,0.0008447115909090909,-0.036375773111117234,0.028829062615484048,0.0007155840909090909,0.00012912750000000002,0.0
2021-07-20 00:00:00+00:00,0.0004974118869552832,0.0007704914703867301,-0.026560256624058233,0.027057668511013513,0.0007471320185474756,2.335945183925446e-05,0.0
2021-07-21 00:00:00+00:00,0.007898049648544733,0.0008726218038733393,0.055552925978318964,-0.047654876329774234,0.0009042646588138513,-3.164285494051196e-05,0.00037719868253176757
2021-07-22 00:00:00+00:00,-0.007460333380807016,0.0008537643181818183,0.013869566713743875,-0.021329900094550894,0.0007025020454545454,0.00015126227272727278,0.0
2021-07-23 00:00:00+00:00,0.032595934901892464,0.0007039940824081349,0.047207400068458874,-0.01461146516656641,0.0005466125281645645,0.00015738155424357026,0.0
2021-07-24 00:00:00+00:00,0.006299256860572979,0.0004400492464135052,0.011587018634796612,-0.005287761774223633,0.00029047025675199724,0.0001495789896615079,0.0004917291649218224
2021-07-25 00:00:00+00:00,0.0063927983266006665,0.00047668869565217385,0.019490233534246174,-0.013097435207645506,0.00035343108695652176,0.0001232576086956522,0.0
2021-07-26 00:00:00+00:00,-0.0063720114403779385,0.0002583852172381611,-0.0038016977779167975,-0.0025703136624611413,0.00014184727952628315,0.0001165379377118779,0.0
2021-07-27 00:00:00+00:00,0.01586822499886021,0.00026406808316798086,0.032492675365589974,-0.01662445036672976,0.00014197997669055385,0.000122088106477427,0.0005418728004607885
2021-07-28 00:00:00+00:00,0.0005807698079410319,0.00023954652173913043,0.0024735314716135288,-0.0018927616636724978,8.954652173913041e-05,0.00015000000000000001,0.0
2021-07-29 00:00:00+00:00,-0.0025335091260428135,0.00016261568264325628,0.010380782424014953,-0.012914291550057766,1.054620603915876e-05,0.0001520694766040975,0.0
2021-07-30 00:00:00+00:00,-0.01208951905655758,0.00021106236682558947,0.014064563211080666,-0.026154082267638247,5.703654189803495e-05,0.0001540258249275545,0.0004955510094525933
2021-07-31 00:00:00+00:00,0.010616510463379362,0.000255965,0.01618029297836799,-0.00556378251498863,9.990913043478261e-05,0.0001560558695652174,0.0
2021-08-01 00:00:00+00:00,0.0010254354554150719,0.0001231035353755521,-0.007411396183721295,0.008436831639136368,-2.9663336452988375e-05,0.00015276687182854052,0.0
2021-08-02 00:00:00+00:00,-0.005957450459743451,0.00012057944171688721,0.01261599810347605,-0.0185734485632195,-4.034414129425233e-05,0.00016092358301113955,0.0005028351553394209
2021-08-03 00:00:00+00:00,0.011284620864883564,0.0001048086956521739,-0.00024318583258832027,0.011527806697471882,-9.219413043478261e-05,0.0001970028260869565,0.0
2021-08-04 00:00:00+00:00,-0.004652536560919516,0.0001858242425360025,0.019230530256070282,-0.023883066816989797,-2.1286920929658534e-05,0.00020711116346566104,0.0
2021-08-05 00:00:00+00:00,-0.008577763458243983,0.0002728712203647083,0.007234837176210152,-0.015812600634454135,-6.188733608834426e-05,0.0003347585564530526,0.0005947882993472567
2021-08-06 00:00:00+00:00,-0.008169427763577077,0.00029126891304347824,0.011457474662674239,-0.019626902426251314,-0.00012465847826086956,0.0004159273913043478,0.0
2021-08-07 00:00:00+00:00,0.016407700530922255,0.0004635048200854384,0.02962140593086006,-0.013213705399937808,-0.0002732411365259222,0.0007367459566113606,0.0
2021-08-08 00:00:00+00:00,-0.0003757524873129912,0.00036167725817990397,-0.026362785052508518,0.025987032565195523,-0.0003070419110419849,0.0006687191692218888,0.000565403207531274
2021-08-09 00:00:00+00:00,-0.005675843475928466,0.00020286978260869565,0.030434926941668956,-0.03611077041759742,-4.7035434782608705e-05,0.00024990521739130437,0.0
2021-08-10 00:00:00+00:00,-0.007345348308199223,0.0002431982541425407,0.014311559218150461,-0.021656907526349686,-0.00017085828999997908,0.0004140565441425198,0.0
2021-08-11 00:00:00+00:00,-0.000923748688621225,0.0004220429066335472,0.0200435899145484,-0.020967338603169624,-0.000390971342365713,0.0008130142489992602,0.0004848060245716119
2021-08-12 00:00:00+00:00,-0.008758156858900898,0.00028116586956521735,-0.013585330317588526,0.004827173458687628,-0.00024211347826086956,0.0005232793478260869,0.0
2021-08-13 00:00:00+00:00,0.004161271981012247,0.00016977097394388257,0.039171157681160834,-0.03500988570014859,-0.00024624880920531085,0.0004160197831491934,0.0
2021-08-14 00:00:00+00:00,0.002504287975795122,0.00043117549133589304,0.0051120880596066,-0.00260780008381148,-0.0003111631567836059,0.000742338648119499,0.0004679429319425459
2021-08-15 00:00:00+00:00,0.012825386636086811,0.0006373715217391305,0.02034413842089397,-0.007518751784807156,-0.00026602478260869564,0.0009033963043478261,0.0
2021-08-16 00:00:00+00:00,0.01118994949514957,0.0004713106572385929,-0.008745895878860984,0.019935845374010556,-0.0007284399372543453,0.0011997505944929382,0.0
2021-08-17 00:00:00+00:00,0.01108699087579719,0.00018349129639992265,-0.013479223751877203,0.02456621462767439,-0.00031099498118173106,0.0004944862775816538,0.00044915269669087727
2021-08-18 00:00:00+00:00,0.012395056579939102,3.662956521739131e-05,0.0073336984770551615,0.005061358102883943,-0.00012481369565217393,0.00016144326086956523,0.0
2021-08-19 00:00:00+00:00,-0.008615058292945621,1.322297193619055e-05,0.027587065914787393,-0.036202124207733014,-0.00014305880681944345,0.000156281778755634,0.0
2021-08-20 00:00:00+00:00,0.006725516141162253,0.0002307025176902772,0.023113205995552364,-0.01638768985439011,-0.0002873450347916544,0.0005180475524819315,0.0006182382861803637
2021-08-21 00:00:00+00:00,0.0039006495529672826,0.0002032891304347826,0.005444131326236118,-0.0015434817732688341,-0.0005133965217391304,0.0007166856521739131,0.0
2021-08-22 00:00:00+00:00,0.008621571852038525,0.00017458042617557495,0.0193764316980718,-0.010754859846033275,-0.00048596300906360404,0.000660543435239179,0.0
2021-08-23 00:00:00+00:00,0.00531907936974127,0.0002000640597714856,0.018861932881326045,-0.013542853511584775,-0.0007287699003501377,0.0009288339601216234,0.0006661684005563383
2021-08-24 00:00:00+00:00,-0.005032720283151907,0.0004013971739130435,-0.03696066502176136,0.03192794473860945,-0.0006147606521739131,0.0010161578260869564,0.0
2021-08-25 00:00:00+00:00,-0.006779269765858181,2.1846999192025713e-05,0.022993680699775396,-0.029772950465633576,-0.00020144777579049196,0.00022329477498251766,0.0
2021-08-26 00:00:00+00:00,0.018411605718833886,1.0035746462939347e-05,-0.027625554942895595,0.04603716066172948,-0.00019834306585026382,0.00020837881231320314,0.0005634664203063173
2021-08-27 00:00:00+00:00,-0.0014693390455757169,3.08954347826087e-05,0.033996429075556986,-0.03546576812113271,-0.00014523152173913042,0.00017612695652173915,0.0
2021-08-28 00:00:00+00:00,-0.003004869674626383,0.0002054372976537652,-0.0028722781370487975,-0.00013259153757758536,-0.0002225795511174682,0.00042801684877123334,0.0
2021-08-29 00:00:00+00:00,0.007679297129803791,0.00031784745466498633,-0.001892130399222401,0.009571427529026191,-0.00024769782592284987,0.0005655452805878361,0.00048445530449183486
2021-08-30 00:00:00+00:00,0.013006658499773269,0.00042788173913043477,-0.011184622641398096,0.024191281141171365,-0.00018150434782608697,0.0006093860869565217,0.0
2021-08-31 00:00:00+00:00,0.015858204421871785,0.0005026129045277668,0.021575258089155072,-0.005717053667283292,-0.0001528020305683961,0.0006554149350961628,0.0
2021-09-01 00:00:00+00:00,-0.005071515118131255,0.0004905111511134472,0.027676986650686266,-0.032748501768817516,-0.0002617903311006955,0.0007523014822141427,0.00048804714107499345
2021-09-02 00:00:00+00:00,-0.006561617015361582,0.0005785560869565218,-0.002841469521631957,-0.003720147493729624,-0.0006664723913043478,0.0012450284782608697,0.0
2021-09-03 00:00:00+00:00,0.010971478690811692,0.00034251345805299773,0.018874558682503442,-0.007903079991691746,-0.0008633159110924313,0.0012058293691454291,0.0
2021-09-04 00:00:00+00:00,-0.0001454573062896307,0.00045911546687973904,0.01042907228696797,-0.0105745295932576,-0.0011246377460821914,0.0015837532129619305,0.0005719335501434438
2021-09-05 00:00:00+00:00,-0.017587546845359125,0.00041451847826086955,0.0073173545503131595,-0.02490490139567228,-0.0008439371739130434,0.0012584556521739129,0.0
2021-09-06 00:00:00+00:00,0.004345951673746985,0.0003511656834881267,-0.0018259144613561925,0.006171866135103177,-0.0009090308483936367,0.0012601965318817633,0.0
2021-09-07 00:00:00+00:00,0.004591008383208644,-0.0005185240814999764,-0.08955997951644377,0.0941509878996524,0.0003739351983509064,-0.0008924592798508828,0.0007126432149390954
2021-09-08 00:00:00+00:00,0.01594920765779427,-5.203565217391306e-05,0.026104802851416743,-0.010155595193622472,-0.00020597369565217391,0.00015393804347826087,0.0
2021-09-09 00:00:00+00:00,0.004452525448992808,8.55328265142056e-05,0.033661743482311574,-0.02920921803331877,-7.573721597319763e-05,0.00016127004248740322,0.0
2021-09-10 00:00:00+00:00,-0.013146396979121466,0.00019339059979364616,-0.03631935348851817,0.023172956509396707,1.889130259018121e-05,0.00017449929720346496,0.0007629352656187333
2021-09-11 00:00:00+00:00,0.006149622947822734,6.242869565217392e-05,0.010668099936185435,-0.004518476988362702,-8.757565217391305e-05,0.00015000434782608697,0.0
2021-09-12 00:00:00+00:00,0.011351998355000566,2.029401819376891e-05,0.03007599843912078,-0.018724000084120215,-0.00015552781986596923,0.00017582183805973814,0.0
2021-09-13 00:00:00+00:00,-0.0044489957962956135,9.990455950856215e-05,-0.030916143076331067,0.02646714728003545,-8.676258116682988e-05,0.00018666714067539208,0.0006391040440205699
2021-09-14 00:00:00+00:00,0.02043198644915107,7.888782608695652e-05,0.03140962558044874,-0.010977639131297682,-0.00011347869565217393,0.00019236652173913044,0.0
2021-09-15 00:00:00+00:00,0.013786276135239368,4.129954819081968e-05,0.0266340555432181,-0.012847779407978727,-0.00015013041860830742,0.0001914299667991271,0.0
2021-09-16 00:00:00+00:00,-0.00942278023682799,0.00011203466040127436,-0.011014539943363084,0.0015917597065350925,-0.00016526860475046665,0.000277303265151741,0.0005400446455659798
2021-09-17 00:00:00+00:00,-0.0020332606076790766,0.00016433847826086959,-0.022656300691010375,0.020623040083331295,-8.402304347826089e-05,0.0002483615217391304,0.0
2021-09-18 00:00:00+00:00,-0.006902420983482588,6.974945825703095e-05,0.007572191563532621,-0.014474612547015209,-0.0001285736000314584,0.00019832305828848933,0.0
2021-09-19 00:00:00+00:00,0.007950371411790117,4.4433101578681664e-05,-0.010247065835812455,0.018197437247602574,-0.0001390178368637354,0.00018345093844241705,0.0005276730877974626
2021-09-20 00:00:00+00:00,0.011218772856371998,-2.0177173913043475e-05,-0.06587356177128317,0.07709233462765516,-0.00010793804347826088,8.77608695652174e-05,0.0
2021-09-21 00:00:00+00:00,0.0019253479424824766,4.4369874021318693e-05,-0.029364640221801068,0.03128998816428355,-7.678818344764484e-05,0.00012115805746896354,0.0
2021-09-22 00:00:00+00:00,-0.016132254869579997,9.612949526263513e-05,0.052947516734235485,-0.06907977160381548,2.0803956455326148e-05,7.532553880730897e-05,0.0006988803041341618
2021-09-23 00:00:00+00:00,-0.0009104823659032328,0.00031511043478260874,0.0220126815128105,-0.022923163878713737,0.00013589065217391302,0.00017921978260869561,0.0
2021-09-24 00:00:00+00:00,0.006177884440959153,0.00033930995262299057,-0.036031095430524365,0.04220897987148352,0.0002077828585854404,0.00013152709403755012,0.0
2021-09-25 00:00:00+00:00,0.0014069235408171784,0.00032049985203439353,-0.0016069439192519972,0.0030138674600691754,0.00021929597942917106,0.00010120387260522248,0.0005086154163199992
2021-09-26 00:00:00+00:00,-0.0031760369434486336,0.0002759891304347826,-0.004731217801948274,0.0015551808584996398,0.00012796847826086955,0.00014802065217391303,0.0
2021-09-27 00:00:00+00:00,0.001967230291051019,0.00012587162525712236,-0.014601857190022223,0.016569087481073243,-2.207870300631176e-05,0.0001479503282634341,0.0
2021-09-28 00:00:00+00:00,-0.00024024972032342384,0.00014676009470585702,-0.0192898641155322,0.019049614395208775,8.345180557041713e-05,6.330828913543987e-05,0.00040655359966552284
2021-09-29 00:00:00+00:00,0.004422985274780663,0.00033657312499999994,0.01478320315977943,-0.010360217884998767,8.385208333333333e-05,0.00025272104166666667,0.0
2021-09-30 00:00:00+00:00,0.007395494690427216,0.00030282808735977013,0.03069075155659524,-0.023295256866168023,0.00015935178887667876,0.00014347629848309135,0.0
2021-10-01 00:00:00+00:00,0.011042288051802506,0.00028470792833409214,0.05438811586625022,-0.043345827814447714,0.00013490277677695597,0.0001498051515571362,0.0005260612719010734
2021-10-02 00:00:00+00:00,0.002086348953466218,8.512375e-05,0.012224187830090464,-0.010137838876624249,-7.642645833333334e-05,0.00016155020833333333,0.0
2021-10-03 00:00:00+00:00,0.009293597354049055,0.00010662442030046586,0.020325327352384435,-0.011031729998335378,-9.574861706595598e-05,0.0002023730373664218,0.0
2021-10-04 00:00:00+00:00,-0.008095884106632601,6.090366297119624e-05,-0.010870725467865685,0.0027748413612330844,-0.00010571059392079972,0.00016661425689199597,0.0006688805054096667
2021-10-05 00:00:00+00:00,-0.0028857398905379607,7.229875e-05,0.014060576704991525,-0.016946316595529486,-9.628479166666669e-05,0.00016858354166666663,0.0
2021-10-06 00:00:00+00:00,-0.012256301318885877,8.167781786070707e-05,-0.004597951493570269,-0.007658349825315611,-0.0001009006335443607,0.00018257845140506776,0.0
2021-10-07 00:00:00+00:00,-7.275283185936192e-05,0.00028863093518335616,0.0019893722858294344,-0.002062125117688797,-0.0001793739305191203,0.0004680048657024765,0.0005091159447963882
2021-10-08 00:00:00+00:00,0.009545782158455467,0.00038572437499999996,0.012106233629839667,-0.002560451471384202,-0.00022414708333333332,0.0006098714583333332,0.0
2021-10-09 00:00:00+00:00,-0.0017430880497540271,0.0002984825709150124,0.006776872518352408,-0.008519960568106433,-0.000156184895144645,0.0004546674660596573,0.0
2021-10-10 00:00:00+00:00,0.0020452725476454853,0.00019002755046891785,-0.02734377438955838,0.029389046937203858,-0.00024546044896789766,0.0004354879994368155,0.0004542346588003841
2021-10-11 00:00:00+00:00,-0.0022711768351333815,0.000247954375,0.00014605494793673796,-0.002417231783070119,1.3970833333333237e-06,0.0002465572916666666,0.0
2021-10-12 00:00:00+00:00,0.0036358693646507847,0.00017854199653595247,-0.00201063198422139,0.005646501348872174,2.1256191660341916e-05,0.00015728580487561053,0.0
2021-10-13 00:00:00+00:00,0.009604403788533472,4.075005787551295e-05,0.018326533195167822,-0.008722129406634348,-0.00010491034665708678,0.00014566040453259973,0.0005423769974288726
2021-10-14 00:00:00+00:00,-0.0032923294720645473,0.0002637708333333333,0.006574754129413881,-0.00986708360147843,-0.00014336854166666665,0.00040713937499999996,0.0
2021-10-15 00:00:00+00:00,0.005266718919773703,0.00015592861551698604,0.010176103653026698,-0.0049093847332529915,-0.0002816281100965466,0.0004375567256135326,0.0
2021-10-16 00:00:00+00:00,0.007124295315957437,0.00028452472923024984,0.014971739617607008,-0.007847444301649568,-0.00044016417707481797,0.0007246889063050678,0.0005960722680638164
2021-10-17 00:00:00+00:00,-0.004575836998062067,0.0004772185416666667,-0.01270341984367671,0.008127582845614644,-0.00026388625,0.0007411047916666667,0.0
2021-10-18 00:00:00+00:00,0.00214669822593965,0.00023295730297834082,-0.0007056246898317332,0.0028523229157713824,-0.00014907880655027348,0.00038203610952861425,0.0
2021-10-19 00:00:00+00:00,-0.0018171231603780233,0.0003270061509904841,-4.513299193399916e-06,-0.0018126098611846238,-7.30629124183542e-05,0.00040006906340883826,0.00042634993220164565
2021-10-20 00:00:00+00:00,-0.0007002261391499715,0.0003307922916666666,0.023142016010381343,-0.02384224214953131,-0.00017703541666666667,0.0005078277083333334,0.0
2021-10-21 00:00:00+00:00,0.006334273254635173,0.0006043856011769368,-0.005450172904253236,0.01178444615888841,-0.0004852468546773735,0.0010896324558543103,0.0
2021-10-22 00:00:00+00:00,-0.0009775184840932398,0.0003940892495452305,0.011957791744429982,-0.012935310228523223,-0.0002707412826306863,0.0006648305321759168,0.00046608241398674765
2021-10-23 00:00:00+00:00,0.0033471645103935422,0.0004629895833333333,0.0077318047055071224,-0.00438464019511358,-0.00022837333333333332,0.0006913629166666667,0.0
2021-10-24 00:00:00+00:00,0.012083823979690966,0.0004951775813097354,-0.0032720155597960572,0.015355839539487024,-0.0004847038097301406,0.000979881391039876,0.0
2021-10-25 00:00:00+00:00,-0.0032173334418959644,0.00025750138313551196,0.02255254371591176,-0.02576987715780773,-0.00045398878722172276,0.0007114901703572348,0.00048229078578890244
2021-10-26 00:00:00+00:00,-0.01034376817500859,0.0005089985416666667,-0.004068800725772519,-0.006274967449236071,-0.00070010625,0.0012091047916666666,0.0
2021-10-27 00:00:00+00:00,-0.002067834935257959,0.00014821221342874055,-0.04516740793431509,0.04309957299905713,-0.00033978462956870217,0.0004879968429974427,0.0
2021-10-28 00:00:00+00:00,0.002834848855656444,-9.559828136159719e-06,0.02610828827903741,-0.02327343942338097,-4.9135741566807624e-05,3.9575913430647905e-05,0.00041853422508428305
2021-10-29 00:00:00+00:00,-0.00466217798177845,0.0001115954,0.017511924787565445,-0.022174102769343895,-0.00011580600000000001,0.00022740140000000004,0.0
2021-10-30 00:00:00+00:00,-0.0069963445873482775,0.0003277802899695949,-0.00462284331617867,-0.0023735012711696103,-0.00018421096032008167,0.0005119912502896765,0.0
2021-10-31 00:00:00+00:00,-0.033007544022881814,0.000266603708985959,0.0017456252446564847,-0.0347531692675383,-0.0002144048219198492,0.00048100853090580825,0.000558498588859215
2021-11-01 00:00:00+00:00,-0.0018985997003146274,0.00046252660000000004,0.008460974254400197,-0.010359573954714825,-0.0001690552,0.0006315817999999999,0.0
2021-11-02 00:00:00+00:00,-0.017782944720046486,0.00050356789197827,0.011601105874663852,-0.02938405059471034,-0.0003499866228499414,0.0008535545148282114,0.0
2021-11-03 00:00:00+00:00,-0.021693564947362992,0.00045917792376646513,-0.004089497362923006,-0.017604067584439984,-0.0004384704999331325,0.0008976484236995976,0.0005224816421461206
2021-11-04 00:00:00+00:00,-0.002351222152181085,0.0005001636,-0.005366211096602841,0.003014988944421756,-0.0004204140000000001,0.0009205776,0.0
2021-11-05 00:00:00+00:00,-0.0003192175833929582,0.0005962270061746281,-0.006110336588310576,0.0057911190049176175,-0.00010435205379253315,0.0007005790599671612,0.0
2021-11-06 00:00:00+00:00,-0.0015195780501598426,0.0006207330797238072,0.006658277552753771,-0.008177855602913614,9.12959560425783e-05,0.0005294371236812289,0.0004750831209815462
2021-11-07 00:00:00+00:00,0.008602258743798264,0.0007020534,0.012924065195849854,-0.00432180645205159,7.18704e-05,0.000630183,0.0
2021-11-08 00:00:00+00:00,0.002972871236228579,0.0008568764331381414,0.014841015467540684,-0.011868144231312104,-0.00013672413172872267,0.000993600564866864,0.0
2021-11-09 00:00:00+00:00,-0.0032176949061680604,0.0010212396110985747,-0.008215788295816921,0.00499809338964886,1.0332328870343117e-06,0.0010202063782115403,0.0005257401906279116
2021-11-10 00:00:00+00:00,-0.007431890402142181,0.0016339287999999998,-0.03124261906037404,0.02381072865823186,0.0006839328,0.000949996,0.0
2021-11-11 00:00:00+00:00,-0.00841811718983659,0.002965483951236752,0.011964282792196912,-0.020382399982033506,0.00276811300608335,0.00019737094515340174,0.0
2021-11-12 00:00:00+00:00,-0.010207810732918762,0.0007480501538852254,-0.007641145542050702,-0.0025666651908680584,0.0004823226877223816,0.0002657274661628439,0.0005531362646896827
2021-11-13 00:00:00+00:00,0.003190184291647217,0.00033208179999999997,0.008736855949862088,-0.00554667165821487,-3.1651999999999947e-06,0.00033524700000000005,0.0
2021-11-14 00:00:00+00:00,0.002079779633864254,0.0003784088072475576,0.002684135974793362,-0.0006043563409291083,-2.8637523039183827e-05,0.0004070463302867414,0.0
2021-11-15 00:00:00+00:00,-0.001804385389385578,0.0003578440431857253,-0.011525073433289713,0.009720688043904135,-0.00020015648605304628,0.0005580005292387716,0.00046793908402618386
2021-11-16 00:00:00+00:00,0.0010370380499119362,0.00029388,-0.03815780360699088,0.03919484165690282,1.337660000000001e-05,0.0002805034,0.0
2021-11-17 00:00:00+00:00,0.0125588582289494,0.0002499246959609741,0.02840851859581179,-0.015849660366862382,8.967630760825572e-05,0.00016024838835271838,0.0
2021-11-18 00:00:00+00:00,-0.007496907636675472,0.00012256810202406117,-0.03109393182571139,0.02359702418903592,1.2324550143280011e-05,0.00011024355188078114,0.0005719145628147243
2021-11-19 00:00:00+00:00,-0.0031022589009824996,0.00017053180000000003,0.029563881907466616,-0.03266614080844911,5.971999999999796e-07,0.0001699346,0.0
2021-11-20 00:00:00+00:00,0.01152777116763949,0.00019831797558691352,0.026321438702821325,-0.014793667535181835,2.3770702987278196e-05,0.00017454727259963532,0.0
2021-11-21 00:00:00+00:00,0.008093221170091305,0.0002933494322255872,-0.0010742322661081473,0.00916745343619945,3.577891871662213e-05,0.00025757051350896505,0.0005889961098016739
2021-11-22 00:00:00+00:00,-0.0028605135206750815,0.0002982534,-0.010895442344575543,0.008034928823900462,7.635439999999998e-05,0.000221899,0.0
2021-11-23 00:00:00+00:00,0.007181600016159225,0.00034281204159265473,0.023282614582049808,-0.01610101456589058,0.0001141849690598961,0.00022862707253275865,0.0
2021-11-24 00:00:00+00:00,-0.01831886613102661,0.0006658249060879595,-0.007950302939694946,-0.010368563191331658,0.00027432937969039763,0.000391495526397562,0.00058422933595885
2021-11-25 00:00:00+00:00,0.01570056378972464,0.0007256838,0.021625517669832454,-0.005924953880107808,0.00021691560000000002,0.0005087682,0.0
2021-11-26 00:00:00+00:00,0.011978901759207143,0.0006161166552790208,-0.03778735906619153,0.04976626082539868,0.00015070682976273803,0.00046540982551628273,0.0
2021-11-27 00:00:00+00:00,0.004075840706905011,0.000375234947296394,0.009966286340511405,-0.005890445633606394,0.000227835641078713,0.00014739930621768095,0.0005335583104933802
2021-11-28 00:00:00+00:00,-0.0026429050004546893,0.00039840673076923074,0.002146544912265676,-0.004789449912720364,0.00023325326923076924,0.00016515346153846155,0.0
2021-11-29 00:00:00+00:00,-0.010341468845235957,0.0003382316068518758,0.005154115288800472,-0.015495584134036431,0.00015489905197840526,0.0001833325548734705,0.0
2021-11-30 00:00:00+00:00,0.004901840370394863,0.00031051089495484304,0.00031836156146353525,0.0045834788089313275,0.00012470002477849292,0.0001858108701763501,0.0006536730795667253
2021-12-01 00:00:00+00:00,0.00022991458968866195,0.00040399269230769234,0.0044092508600925015,-0.0041793362704038405,0.00012128865384615388,0.0002827040384615385,0.0
2021-12-02 00:00:00+00:00,-0.003617368625015457,0.00025466420582826794,-0.008516852664955953,0.004899484039940498,6.283802877699932e-05,0.00019182617705126867,0.0
2021-12-03 00:00:00+00:00,-0.00721784874000703,0.0002113591939980556,-0.030461467607816182,0.02324361886780915,-2.835588010992411e-05,0.00023971507410797973,0.0005465864632342335
2021-12-04 00:00:00+00:00,-0.0023453923464217567,0.0005786628846153846,-0.06404469948622292,0.06169930713980116,0.0006159071153846154,-3.724423076923075e-05,0.0
2021-12-05 00:00:00+00:00,0.011830151141309952,0.00033369805378052377,-0.020824128750299202,0.03265427989160915,0.00025983068923487876,7.386736454564498e-05,0.0
2021-12-06 00:00:00+00:00,-0.002113593285760624,0.00021535780630686416,0.005714300848779547,-0.007827894134540173,0.00015384254188800204,6.151526441886211e-05,0.0005991554166816979
2021-12-07 00:00:00+00:00,-0.004822387751188232,0.0006284086538461539,0.005753401132153898,-0.01057578888334213,0.0005012863461538461,0.0001271223076923077,0.0
2021-12-08 00:00:00+00:00,-0.00852870252301939,0.0005038969910517397,0.015439093551820198,-0.02396779607483959,0.00033041499569459005,0.00017348199535714958,0.0
2021-12-09 00:00:00+00:00,-0.0018115963184189281,0.0005454261596962631,-0.04811937268392538,0.046307776365506446,0.00038040169904262835,0.0001650244606536347,0.00045251317927224173
2021-12-10 00:00:00+00:00,-0.009429787999713125,0.000596950576923077,-0.020738045219428087,0.011308257219714962,0.00045659942307692313,0.00014035115384615385,0.0
2021-12-11 00:00:00+00:00,-0.004475537988912871,0.0003757922103946886,0.023070245658459325,-0.02754578364737219,0.0002468095544483299,0.00012898265594635873,0.0
2021-12-12 00:00:00+00:00,0.0012794211608879273,0.0004844014734815715,0.0011848445062946108,9.457665459331691e-05,0.0003486266562341609,0.00013577481724741052,0.0004753154950300802
2021-12-13 00:00:00+00:00,0.008591886515314062,0.0007302392307692309,-0.052699259061676954,0.061291145576991,0.0005812163461538462,0.00014902288461538464,0.0
2021-12-14 00:00:00+00:00,0.0014369531386689569,0.000607709491187378,0.01559591666479409,-0.014158963526125133,0.0004922653199314284,0.00011544417125594955,0.0
2021-12-15 00:00:00+00:00,-0.005303886498088757,0.0003470265070255164,0.015828625062357916,-0.02113251156044667,0.00021235781834285926,0.00013466868868265713,0.000519416846003633
2021-12-16 00:00:00+00:00,0.0005358644290461754,0.00039681673076923075,-0.004223406652744837,0.004759271081791012,0.00028455326923076924,0.00011226346153846156,0.0
2021-12-17 00:00:00+00:00,-0.0016516289905381572,0.0006404583907933698,-0.0011780393912460547,-0.0004735895992921029,0.0005337773622249855,0.00010668102856838429,0.0
2021-12-18 00:00:00+00:00,0.0049353520100205075,0.0005774651878932617,0.009602800503147116,-0.004667448493126609,0.00047858291886252857,9.888226903073318e-05,0.00048145424266982415
2021-12-19 00:00:00+00:00,-0.004115179853898166,0.0006246351923076922,-0.009579098957099207,0.00546391910320104,0.0004787330769230769,0.00014590211538461538,0.0
2021-12-20 00:00:00+00:00,-0.001042912158669077,0.0005654510959087252,-0.004235691701464501,0.0031927795427954255,0.0004279899556068964,0.00013746114030182882,0.0
2021-12-21 00:00:00+00:00,-0.005386025053892119,0.0005929790582701376,0.017729269115077433,-0.02311529416896955,0.000532660071371469,6.031898689866866e-05,0.0005505154141859459
2021-12-22 00:00:00+00:00,-0.009930463805933529,0.0005211653846153847,0.011106353678274429,-0.021036817484207958,0.0005506494230769231,-2.948403846153843e-05,0.0
2021-12-23 00:00:00+00:00,-0.006980066862620102,0.00015369153424136633,0.032394050067070176,-0.03937411692969028,0.00011680889179528964,3.6882642446076735e-05,0.0
2021-12-24 00:00:00+00:00,0.005867569473178945,0.00032815093268499134,-0.005018393064511825,0.01088596253769077,0.00016604922670934228,0.0001621017059756491,0.0005651521841516737
2021-12-25 00:00:00+00:00,-0.0008953625485836544,0.0004300263461538462,0.012279327479944667,-0.013174690028528321,0.000283835576923077,0.00014619076923076923,0.0
2021-12-26 00:00:00+00:00,-0.006673542358977953,9.053654842177741e-05,0.004582336714078406,-0.01125587907305636,9.830091817518424e-05,-7.76436975340685e-06,0.0
2021-12-27 00:00:00+00:00,-0.0024855153942895548,0.00025640101168777614,-0.004829983821086747,0.002344468426797191,9.595485481541601e-05,0.00016044615687236012,0.0006351978639349908
2021-12-28 00:00:00+00:00,0.009897939209304898,0.0005960421153846155,-0.03295533183267702,0.04285327104198192,0.0004571188461538462,0.00013892326923076924,0.0
2021-12-29 00:00:00+00:00,-0.003154917240870792,0.0007270126697731239,-0.01627774058524244,0.013122823344371648,0.0006229567733965479,0.00010405589637657607,0.0
2021-12-30 00:00:00+00:00,0.000753132449925197,0.00042356171531726227,0.005402548740415756,-0.004649416290490559,0.0003470364757796156,7.652523953764668e-05,0.00036579837162203
2021-12-31 00:00:00+00:00,0.00247459801544919,0.0004992192307692307,-0.004034270838844785,0.006508868854293975,0.0003324813461538462,0.00016673788461538463,0.0
2022-01-01 00:00:00+00:00,-0.003640739949825219,0.00036770233942266166,0.023069800440288633,-0.026710540390113856,0.00022573804915820378,0.00014196429026445788,0.0
2022-01-02 00:00:00+00:00,-0.0032379745716601973,0.00032168619741422793,0.005642562212123926,-0.008880536783784122,0.00019273516043417403,0.00012895103698005393,0.0005093994231340425
2022-01-03 00:00:00+00:00,0.003863423705610893,0.00025594346153846154,0.0006541860471520273,0.0032092376584588666,7.500403846153847e-05,0.00018093942307692307,0.0
2022-01-04 00:00:00+00:00,-0.011904421367573317,0.00021961764882265779,-0.0077145590720394544,-0.004189862295533864,7.058042012019546e-05,0.00014903722870246235,0.0
2022-01-05 00:00:00+00:00,-0.002486327811914121,0.00019685086522482848,-0.03800652976885928,0.03552020195694515,4.6556677833705986e-05,0.0001502941873911225,0.00048680435132451096
2022-01-06 00:00:00+00:00,-0.00430817995979272,0.0006222728846153847,-0.004072335044061603,-0.00023584491573111705,0.0005435523076923077,7.872057692307693e-05,0.0
2022-01-07 00:00:00+00:00,-0.005350223589530181,0.0004103437899287514,-0.032089668646398645,0.026739445056868462,0.00035794581699444473,5.239797293430667e-05,0.0
2022-01-08 00:00:00+00:00,0.0007881235598058284,0.0003633640668202169,-0.02093119929424585,0.021719322854051676,0.0002688099507655437,9.455411605467328e-05,0.0006213416471159091
2022-01-09 00:00:00+00:00,-0.004484611862142072,0.0006157803846153847,0.006383255937258163,-0.010867867799400233,0.00048349538461538464,0.000132285,0.0
2022-01-10 00:00:00+00:00,0.0016266720164197866,0.0005042093841538824,-0.02322922474280354,0.02485589675922333,0.00038984407115759965,0.00011436531299628268,0.0
2022-01-11 00:00:00+00:00,0.002220961261430056,0.0004955581260632201,0.02490642648603761,-0.02268546522460755,0.00037379730226833703,0.00012176082379488313,0.00039521140142218913
2022-01-12 00:00:00+00:00,-0.004689732623697428,0.00041308826923076923,0.026566840415313958,-0.03125657303901139,0.00029860115384615387,0.0001144871153846154,0.0
2022-01-13 00:00:00+00:00,0.005246555714939563,0.0003877194908371948,-0.01760725643021034,0.022853812145149904,0.00023147499702879995,0.00015624449380839485,0.0
2022-01-14 00:00:00+00:00,0.004929162821789722,0.0002693348950525491,0.015042987145869286,-0.010113824324079562,0.0001174041965053231,0.00015193069854722602,0.0004648599351291565
2022-01-15 00:00:00+00:00,-0.004931143266201218,0.0003577853846153846,0.0050494599500600975,-0.009980603216261315,0.00020999865384615385,0.00014778673076923078,0.0
2022-01-16 00:00:00+00:00,0.003940042898690133,0.0003850384500201064,0.0001987746294367803,0.003741268269253353,0.00023204426905522788,0.00015299418096487844,0.0
2022-01-17 00:00:00+00:00,-0.0037720856099425657,0.00038813152297423423,-0.025133647481243707,0.021361561871301143,0.00027068117823349366,0.00011745034474074063,0.0005256544758499597
2022-01-18 00:00:00+00:00,0.006229917606625003,0.00043668634615384613,-0.004520494260421069,0.010750411867046072,0.0003035296153846154,0.00013315673076923077,0.0
2022-01-19 00:00:00+00:00,-0.0008845241799575001,0.0003828172708076156,-0.021531252389530214,0.020646728209572716,0.00025943111142157354,0.00012338615938604214,0.0
2022-01-20 00:00:00+00:00,0.0059216437924779425,0.00031499473884733273,-0.016539059819123604,0.022460703611601546,0.00019484550670597825,0.00012014923214135448,0.00044634760010427214
2022-01-21 00:00:00+00:00,0.015156821679805768,0.0008030340384615386,-0.0606967032987064,0.07585352497851217,0.0006712321153846154,0.00013180192307692308,0.0
2022-01-22 00:00:00+00:00,0.0012423060416426562,0.0007530797574752724,-0.038207433182847056,0.03944973922448971,0.0006999243901288491,5.315536734642337e-05,0.0
2022-01-23 00:00:00+00:00,-0.002400810980890446,0.00042223831911225725,0.013792733211837922,-0.01619354419272837,0.00043730535686771076,-1.5067037755453515e-05,0.0004647568798306286
2022-01-24 00:00:00+00:00,0.0049724377643660615,0.001059150576923077,-0.01699782835802597,0.02197026612239203,0.0009791217307692308,8.002884615384617e-05,0.0
2022-01-25 00:00:00+00:00,-0.006765821841905984,0.00030618182000356043,0.005309095912177829,-0.012074917754083812,0.00046900337661750005,-0.00016282155661393962,0.0
2022-01-26 00:00:00+00:00,-0.0016979070154378795,0.0004099448016914583,0.0019139066893834858,-0.0036118137048213655,0.0004034936436047127,6.451158086745608e-06,0.00038254201690279637
2022-01-27 00:00:00+00:00,0.0024466500080166736,0.0007183701923076924,-0.0025010683376147304,0.004947718345631404,0.000615863076923077,0.0001025071153846154,0.0
2022-01-28 00:00:00+00:00,-8.357333206853237e-05,0.0006207267344907565,0.013843811102967302,-0.013927384435035833,0.0005306595643453647,9.006717014539177e-05,0.0
2022-01-29 00:00:00+00:00,0.0009051086850274106,0.0004214774998970506,0.015468741429077426,-0.014563632744050016,0.00033820820457611765,8.326929532093283e-05,0.00045077803929663256
2022-01-30 00:00:00+00:00,0.008388993844705086,0.0003712719230769231,-0.005758259484695778,0.014147253329400866,0.00025471980769230766,0.0001165521153846154,0.0
2022-01-31 00:00:00+00:00,-0.0052585733662063195,0.0005927250302708418,0.01225126856292793,-0.017509841929134247,0.0005428131055294185,4.991192474142336e-05,0.0
2022-02-01 00:00:00+00:00,-0.006364719529458461,0.00043781956062606845,0.0006536835066299012,-0.007018403036088362,0.00031841580435608234,0.00011940375626998612,0.0003987470945332415
2022-02-02 00:00:00+00:00,-0.005355552182835097,0.0003568584615384616,-0.029566067566210295,0.0242105153833752,0.00022491,0.00013194846153846156,0.0
2022-02-03 00:00:00+00:00,0.0017000797097398023,0.0005330095592269086,0.007555819017609532,-0.005855739307869729,0.00047959315675417876,5.341640247272976e-05,0.0
2022-02-04 00:00:00+00:00,-0.010679894476064478,0.00027648673969885907,0.04113174387250923,-0.05181163834857371,0.00030331566289556924,-2.6828923196710167e-05,0.0005089375800191195
2022-02-05 00:00:00+00:00,0.011508809512587244,0.00019705096153846153,0.015763999621819694,-0.0042551901092324484,8.161557692307692e-05,0.00011543538461538463,0.0
2022-02-06 00:00:00+00:00,0.006779024543402534,0.00030335467908137515,0.022338597081823633,-0.015559572538421098,0.00018438159343802854,0.00011897308564334661,0.0
2022-02-07 00:00:00+00:00,0.003316715578475527,0.0002673035243142823,0.020501677193981264,-0.017184961615505735,0.00013456582182850652,0.0001327377024857758,0.0006058189174006445
2022-02-08 00:00:00+00:00,0.0074747037223715385,0.0002941857692307693,-0.009277805790529186,0.016752509512900724,0.0001539348076923077,0.00014025096153846156,0.0
2022-02-09 00:00:00+00:00,0.0008856711399911638,0.0004139579668942967,0.018030002337319773,-0.01714433119732861,0.00028537102396806324,0.00012858694292623344,0.0
2022-02-10 00:00:00+00:00,0.0013112902071625637,0.0007556706891952283,-0.02092303946058218,0.022234329667744746,0.000624638830379259,0.00013103185881596928,0.0004947010334522835
2022-02-11 00:00:00+00:00,-0.010222644475231048,0.0006003728846153847,-0.03771718705946101,0.027494542584229963,0.0007622917307692308,-0.00016191884615384614,0.0
2022-02-12 00:00:00+00:00,0.0031999685252450203,0.0005835678230510504,0.0004888545412365087,0.0027111139840085116,0.0007188528801534881,-0.00013528505710243765,0.0
2022-02-13 00:00:00+00:00,0.0006989808007306453,0.00029891765962969624,-0.013887067980982958,0.014586048781713604,0.000387719596110003,-8.880193648030684e-05,0.0005873264050047835
2022-02-14 00:00:00+00:00,0.003933888132164117,0.0006193338461538462,0.009064280736683679,-0.00513039260451956,0.0005224805769230769,9.685326923076925e-05,0.0
2022-02-15 00:00:00+00:00,-0.006074180200590161,0.000384194024752152,0.03642794128590328,-0.04250212148649344,0.0003134798641887755,7.071416056337656e-05,0.0
2022-02-16 00:00:00+00:00,-0.00209982202225647,0.00020031700165667907,-0.006827656717835996,0.004727834695579526,9.412251406125788e-05,0.00010619448759542115,0.0005023230838885537
2022-02-17 00:00:00+00:00,0.003913478379651865,0.0002183792307692308,-0.04265141118612307,0.046564889565774925,0.00013364980769230768,8.47294230769231e-05,0.0
2022-02-18 00:00:00+00:00,-0.0010258927587782484,0.0002725043934348075,-0.010823916484825969,0.00979802372604772,0.0002413023723795041,3.120202105530343e-05,0.0
2022-02-19 00:00:00+00:00,0.0006947475033457465,0.00026494584910390176,-0.0006360081841615918,0.001330755687507339,0.00018020827497116255,8.47375741327392e-05,0.0005506863628838165
2022-02-20 00:00:00+00:00,0.006677860104456344,0.00048309076923076924,-0.030070129079042645,0.03674798918349899,0.0003778113461538462,0.00010527942307692308,0.0
2022-02-21 00:00:00+00:00,0.00014324342235761192,0.0003649426216167326,-0.03817716143264177,0.03832040485499938,0.00031489258527836537,5.005003633836718e-05,0.0
2022-02-22 00:00:00+00:00,-0.005996148822269738,0.0004030365738508574,0.02024486597580425,-0.02624101479807399,0.0004086732648577707,-5.636691006913334e-06,0.00041156307600639843
2022-02-23 00:00:00+00:00,-0.000749800357042365,0.0003879075,-0.01878623841865263,0.018036438061610264,0.00031735134615384615,7.055615384615385e-05,0.0
2022-02-24 00:00:00+00:00,-0.0056866340613084656,0.00046107924543897777,-0.0023490984422894676,-0.0033375356190189984,0.0004907176481425127,-2.963840270353493e-05,0.0
2022-02-25 00:00:00+00:00,-0.014879953843145586,0.00016106702797021814,0.026512962750792735,-0.041392916593938324,8.609529745046292e-05,7.497173051975521e-05,0.0005014319955625739
2022-02-26 00:00:00+00:00,0.004034372408224934,0.0003218773076923077,0.0009271474133161698,0.0031072249949087648,0.00023030519230769232,9.157211538461538e-05,0.0
2022-02-27 00:00:00+00:00,-0.0007670400293283922,0.00029727550923647585,-0.01679971235224574,0.016032672322917343,0.0002537319902420881,4.35435189943878e-05,0.0
2022-02-28 00:00:00+00:00,0.000892258942580812,0.00032848745797460786,0.03965205162138928,-0.03875979267880847,0.0002837471198727352,4.4740338101872646e-05,0.0006147485189258395
2022-03-01 00:00:00+00:00,0.01011820802465503,0.00012898264705882352,0.02145322156731489,-0.011335013542659863,-1.4079117647058825e-05,0.00014306176470588238,0.0
2022-03-02 00:00:00+00:00,0.004139326367389294,0.00017530442162558318,-0.00998873377458899,0.014128060141978283,5.560472475278914e-05,0.00011969969687279407,0.0
2022-03-03 00:00:00+00:00,0.004973153518110507,0.00031833950155396167,-0.01604217815580158,0.021015331673912084,0.00017663146170233217,0.0001417080398516295,0.00065888388875877
2022-03-04 00:00:00+00:00,0.0017751577308176862,0.0003879344230769231,-0.030509624885029098,0.03228478261584679,0.0003354738461538462,5.246057692307693e-05,0.0
2022-03-05 00:00:00+00:00,-0.006935324153633475,0.00024088018442642648,0.004054328151684749,-0.010989652305318225,0.0003068428928790652,-6.596270845263876e-05,0.0
2022-03-06 00:00:00+00:00,0.0077411009323857735,0.00025589518530098155,-0.018725202248851682,0.026466303181237452,0.00030427479368536244,-4.8379608384380857e-05,0.0005862960394384284
2022-03-07 00:00:00+00:00,0.007189322789757858,0.0005837273076923076,0.0009536374598343462,0.00623568532992351,0.0005312838461538462,5.2443461538461555e-05,0.0
2022-03-08 00:00:00+00:00,-0.00570936032666701,0.000332827671831581,0.01318972572494716,-0.018899086051614167,0.00024315836085987724,8.966931097170378e-05,0.0
2022-03-09 00:00:00+00:00,0.001933868517021737,0.00024176399130831835,0.03793553162406386,-0.03600166310704212,0.0001496269027972263,9.213708851109199e-05,0.0004933729818963525
2022-03-10 00:00:00+00:00,0.001600678243928377,0.00035215076923076927,-0.02228739250734712,0.02388807075127549,0.00023441307692307695,0.00011773769230769232,0.0
2022-03-11 00:00:00+00:00,0.00372635368347678,0.00027598243256473775,-0.01475862766776802,0.0184849813512448,0.00018105317730341083,9.49292552613269e-05,0.0
2022-03-12 00:00:00+00:00,0.0036984040275991415,0.00024202390150643448,0.0006661238585999082,0.0030322801689992326,0.00016453609160003866,7.748780990639585e-05,0.0005155441198476694
2022-03-13 00:00:00+00:00,-0.0009076690716107467,0.00045912057692307695,-0.014695416783731369,0.01378774771212062,0.00039093596153846156,6.818461538461539e-05,0.0
2022-03-14 00:00:00+00:00,0.0010045660532892503,0.0003587145061201826,0.01841489486560996,-0.01741032881232071,0.0003119211726554307,4.679333346475188e-05,0.0
2022-03-15 00:00:00+00:00,-0.004155584083755217,0.00040004522821537305,-0.000767579950667289,-0.003388004133087928,0.00027406579836579165,0.00012597942984958138,0.00048651834415574787
2022-03-16 00:00:00+00:00,-0.0018051853989827131,0.0002993861111111111,0.02887122248524572,-0.030676407884228433,0.00018020999999999998,0.00011917611111111113,0.0
2022-03-17 00:00:00+00:00,0.0005692186834786382,0.0001425418999223904,-0.006632747795218639,0.007201966478697277,2.297222248250184e-06,0.0001402446776741402,0.0
2022-03-18 00:00:00+00:00,0.018186707390670895,0.00020236189717788255,0.033928702707077575,-0.015741995316406677,4.969982234735726e-05,0.00015266207483052526,0.000492683074841877
2022-03-19 00:00:00+00:00,-0.002260965690210138,0.00033671462962962963,0.01877261146278169,-0.021033577152991825,0.00017234166666666665,0.00016437296296296298,0.0
2022-03-20 00:00:00+00:00,0.012543211634780185,0.00017401881995531774,-0.007083712778208965,0.019626924412989147,1.8353466968557787e-05,0.00015566535298675997,0.0
2022-03-21 00:00:00+00:00,-0.012557931280814096,0.0001308343837584419,1.4245906465961723e-05,-0.012572177187280056,0.00019224779449919968,-6.14134107407578e-05,0.0005893476710021305
2022-03-22 00:00:00+00:00,-0.0059926648873000555,0.0002260898148148148,0.014968335559124413,-0.020961000446424467,8.288999999999999e-05,0.00014319981481481485,0.0
2022-03-23 00:00:00+00:00,0.0019187262819753588,0.00021201057146772156,0.021785498274313975,-0.01986677199233862,5.3141824603274326e-05,0.00015886874686444724,0.0
2022-03-24 00:00:00+00:00,-0.00188853032235532,0.00011102480198291339,0.006582251543407033,-0.008470781865762353,-4.8925031024400385e-05,0.00015994983300731379,0.0003663765740328716
2022-03-25 00:00:00+00:00,0.008372551062198377,0.00012403907407407407,-0.0052648966022337896,0.01363744766443217,-3.647722222222222e-05,0.0001605162962962963,0.0
2022-03-26 00:00:00+00:00,-0.021530717925972005,9.13826402090601e-05,0.011216915143849548,-0.03274763306982155,-1.6396904644140424e-05,0.00010777954485320052,0.0
2022-03-27 00:00:00+00:00,-0.028847797101469855,-0.0005319628266852552,0.02174534612044747,-0.050593143221917325,-3.5499616916748826e-05,-0.0004964632097685063,0.00047595025157075776
2022-03-28 00:00:00+00:00,-0.0001493129804122224,0.00023258444444444444,-0.003225303547267437,0.0030759905668552158,7.334814814814814e-05,0.0001592362962962963,0.0
2022-03-29 00:00:00+00:00,-0.005711600790150626,0.00014561732900955166,0.020224960100449066,-0.02593656089059969,-3.459873820391796e-06,0.00014907720282994344,0.0
2022-03-30 00:00:00+00:00,0.014854571863070891,0.00012025615941245914,0.025182158822483435,-0.010327586959412544,-4.9159907966810984e-05,0.0001694160673792701,0.00046860139759923795
2022-03-31 00:00:00+00:00,-0.004409491400476188,0.00016882796296296295,-0.017138780808521298,0.012729289408045104,-2.5091851851851862e-05,0.00019391981481481482,0.0
2022-04-01 00:00:00+00:00,0.0051111508241906,8.426185256122623e-05,0.01697747334500474,-0.011866322520814139,-3.521000149137096e-05,0.0001194718540525972,0.0
2022-04-02 00:00:00+00:00,-0.003126509313002736,-8.765153559079794e-05,-0.00016524941679251962,-0.0029612598962102162,-7.792302305625795e-05,-9.728512534539995e-06,0.0007181110560433056
2022-04-03 00:00:00+00:00,0.0008293746490569062,0.00017311852941176472,0.01142801086928861,-0.010598636220231702,9.185294117647052e-06,0.00016393323529411766,0.0
2022-04-04 00:00:00+00:00,-0.008403993428375738,5.455874666512684e-05,-0.01381095431456046,0.005406960886184727,-9.862084420094269e-05,0.00015317959086606954,0.0
2022-04-05 00:00:00+00:00,0.008985496060392823,8.641131203612862e-05,-0.01678534288823877,0.02577083894863159,-6.79173238693445e-05,0.00015432863590547313,0.0007949410898407672
2022-04-06 00:00:00+00:00,0.014309963202535334,0.00019866203703703701,-0.04195705778501391,0.05626702098754924,5.235055555555555e-05,0.0001463114814814815,0.0
2022-04-07 00:00:00+00:00,0.0006451823878731817,0.0002806479125100797,0.019003963501600524,-0.018358781113727345,0.0001886540253486736,9.199388716140606e-05,0.0
2022-04-08 00:00:00+00:00,0.005397269447579263,0.0001408486744352054,-0.022472519182946942,0.02786978863052621,2.230997396722384e-05,0.00011853870046798157,0.0004995280145950657
2022-04-09 00:00:00+00:00,-0.008485569206718373,0.0001714324074074074,0.010104129146996804,-0.018589698353715173,3.29124074074074e-05,0.00013852,0.0
2022-04-10 00:00:00+00:00,0.0030022560882756733,0.00018635234310449708,-0.017380688310939228,0.0203829443992149,3.2270313558252104e-05,0.00015408202954624497,0.0
2022-04-11 00:00:00+00:00,0.01168370764367563,0.00018236643623790197,-0.03609760423911065,0.04778131188278628,6.558591934853361e-05,0.00011678051688936836,0.0004849493612178816
2022-04-12 00:00:00+00:00,0.004703671778118295,0.00048085277777777777,0.02723366041147836,-0.022529988633360067,0.00037916962962962963,0.00010168314814814815,0.0
2022-04-13 00:00:00+00:00,-0.006645701116491102,0.0006533216912681823,0.012101932298530578,-0.01874763341502168,0.0005380438401093742,0.0001152778511588081,0.0
2022-04-14 00:00:00+00:00,0.005450860247964609,0.00029515422750365106,-0.012029992143362317,0.017480852391326924,0.0001476231286897992,0.00014753109881385186,0.0004349532710647593
2022-04-15 00:00:00+00:00,-0.0027261431336208473,0.0002246661111111111,0.006186420685354486,-0.008912563818975332,7.524851851851851e-05,0.00014941759259259261,0.0
2022-04-16 00:00:00+00:00,0.0029135997663265667,0.00022662556707494084,0.000601567374368891,0.002312032391957676,0.00010517412546850988,0.00012145144160643097,0.0
2022-04-17 00:00:00+00:00,0.009830234751001988,0.0003158120215880321,-0.013289569071258514,0.023119803822260504,0.00016620017707570165,0.00014961184451233047,0.00043142349823778947
2022-04-18 00:00:00+00:00,0.006563993796329256,0.00039751129629629633,0.022785726996134733,-0.016221733199805476,0.000277585,0.0001199262962962963,0.0
2022-04-19 00:00:00+00:00,-0.00906593800705663,0.0001585044297744509,0.01673593175721209,-0.025801869764268723,3.8889199053104505e-05,0.00011961523072134639,0.0
2022-04-20 00:00:00+00:00,-0.012101303510372361,0.00015923323186917978,-0.006655640264914263,-0.005445663245458098,-1.65782334674775e-06,0.00016089105521592754,0.00044852360622562345
2022-04-21 00:00:00+00:00,0.0050223099269139084,0.00010714203703703705,-0.017890037113387477,0.022912347040301387,-2.3456296296296292e-05,0.00013059833333333332,0.0
2022-04-22 00:00:00+00:00,0.00043634333890967035,0.00014581411902651726,0.0009360915570212945,-0.0004997482181116242,3.072151289217478e-05,0.00011509260613434248,0.0
2022-04-23 00:00:00+00:00,0.005622266550443381,0.00022637339745134425,0.0003330411500053537,0.005289225400438027,8.49225501487618e-05,0.00014145084730258242,0.00048065929417625045
2022-04-24 00:00:00+00:00,-0.0004383431326692248,0.00022934518518518516,-0.0076564816443132535,0.007218138511644028,8.160203703703702e-05,0.00014774314814814814,0.0
2022-04-25 00:00:00+00:00,0.006783224094785401,0.0002632723460137886,0.005151332200250635,0.0016318918945347654,0.00014748195897664688,0.00011579038703714166,0.0
2022-04-26 00:00:00+00:00,0.006338878893453013,0.00016266823759033665,-0.032958351402517856,0.03929723029597087,3.024302260537743e-05,0.00013242521498495923,0.000501505806465548
2022-04-27 00:00:00+00:00,-0.0010822020996524087,0.00032892592592592587,0.01507159723405563,-0.01615379933370804,0.00018858777777777777,0.00014033814814814815,0.0
2022-04-28 00:00:00+00:00,0.0030303433039661643,0.00029859406585830075,0.003301564613426061,-0.0002712213094598968,0.00014488263063375912,0.00015371143522454163,0.0
2022-04-29 00:00:00+00:00,0.002185438299274929,0.000244641715445433,-0.03337345147087035,0.03555888977014528,9.986924737218091e-05,0.00014477246807325208,0.00032686812045145454
2022-04-30 00:00:00+00:00,0.008950120439182795,0.0005828001851851852,-0.04537204931290938,0.05432216975209217,0.0004562914814814815,0.0001265087037037037,0.0
2022-05-01 00:00:00+00:00,-0.01447396987720511,0.0005774611649123234,0.012308281656844848,-0.02678225153404996,0.0004990754776584683,7.838568725385502e-05,0.0
2022-05-02 00:00:00+00:00,0.0011273818212585603,0.0003760761912420838,-0.008299593592447444,0.009426975413706004,0.00028540445697057787,9.067173427150589e-05,0.00036936536388102825
2022-05-03 00:00:00+00:00,-0.0029582889313993785,0.00031495055555555554,-0.010344843713456862,0.0073865547820574865,0.00021571888888888887,9.923166666666667e-05,0.0
2022-05-04 00:00:00+00:00,0.002509493733603348,0.00032777214388106125,0.05346599393246171,-0.050956500198858355,0.0002267139500550934,0.00010105819382596787,0.0
2022-05-05 00:00:00+00:00,-0.0008142434731549944,0.0002892081662175559,-0.05806365094841631,0.057249407475261326,0.00014236959603279868,0.0001468385701847572,0.00048652011136516096
2022-05-06 00:00:00+00:00,-0.010198672005656136,0.00040353314814814813,-0.006525070897608109,-0.0036736011080480244,0.00031159203703703703,9.194111111111112e-05,0.0
2022-05-07 00:00:00+00:00,-0.00013826646770647398,0.0003506332834982627,-0.02454664101826847,0.024408374550561995,0.00026779157472495445,8.284170877330828e-05,0.0
2022-05-08 00:00:00+00:00,0.002813346026064934,0.00031133268241157684,-0.007720597093529146,0.01053394311959408,0.00022164268971901896,8.968999269255788e-05,0.0003846689368493121
2022-05-09 00:00:00+00:00,-0.01118551960475614,0.00030866925925925927,-0.10691585475334457,0.09573033514858842,0.00021497518518518515,9.369407407407406e-05,0.0
2022-05-10 00:00:00+00:00,-0.013372403092098386,0.0002212376700306746,0.0062370033714025,-0.019609406463500886,0.00023264784088517318,-1.1410170854498573e-05,0.0
2022-05-11 00:00:00+00:00,0.006177621571972144,0.0007440003440530394,-0.09895827638275528,0.10513589795472744,0.0009717494459678401,-0.00022774910191480067,0.0005054981710285819
2022-05-12 00:00:00+00:00,-0.030431321328513262,0.0028929057407407407,-0.07414179249012709,0.04371047116161382,0.0030337927777777775,-0.00014088703703703703,0.0
2022-05-13 00:00:00+00:00,0.009277214804251274,0.0013068945880959852,0.05201519832111248,-0.042737983516861214,0.0012986762246386563,8.21836345732889e-06,0.0
2022-05-14 00:00:00+00:00,-0.006657167534289931,0.0015279169291206483,0.026049548593018796,-0.03270671612730873,0.001475193381850647,5.2723547270000906e-05,0.0004675828436615279
2022-05-15 00:00:00+00:00,0.01693164556644547,0.0009845133333333334,0.040954965311871344,-0.024023319745425868,0.0008723035185185184,0.00011220981481481482,0.0
2022-05-16 00:00:00+00:00,-0.007133932841927742,0.0007617581515834681,-0.05464390648641622,0.04750997364448848,0.0007941859829337578,-3.2427831350289845e-05,0.0
2022-05-17 00:00:00+00:00,-0.0001753592918988297,0.0005648775175886725,0.035398334619877965,-0.035573693911776796,0.0005726445078629071,-7.766990274234572e-06,0.0004293132070872402
2022-05-18 00:00:00+00:00,0.004049654344373359,0.0005881801851851852,-0.04454870139151742,0.048598355735890775,0.0005644177777777777,2.3762407407407405e-05,0.0
2022-05-19 00:00:00+00:00,-0.00031606997839417166,0.0005695435575511728,0.029344684462125438,-0.02966075444051961,0.0006205467079131843,-5.100315036201145e-05,0.0
2022-05-20 00:00:00+00:00,-0.0057450454940416035,0.0005653753872782896,-0.021783237496023698,0.01603819200198209,0.0005319064809547643,3.3468906323525315e-05,0.000351106865302815
2022-05-21 00:00:00+00:00,0.003507946453938899,0.0006842101851851852,0.018622669575337737,-0.015114723121398839,0.0006829072222222221,1.302962962962964e-06,0.0
2022-05-22 00:00:00+00:00,-0.005107762371045248,0.0005972447504791444,0.016042758577245318,-0.02115052094829057,0.0004948676131365701,0.00010237713734257423,0.0
2022-05-23 00:00:00+00:00,-0.006603811585753735,0.00042682400050419355,-0.024760526100686346,0.01815671451493261,0.0002981749188268227,0.00012864908167737086,0.00035355396722862667
2022-05-24 00:00:00+00:00,-0.0005032822402983887,0.0007172025925925925,0.015142448570773662,-0.015645730811072053,0.0007212187037037036,-4.016111111111109e-06,0.0
2022-05-25 00:00:00+00:00,-0.00525598708878359,0.0005737194016135083,-0.01680699345500599,0.0115510063662224,0.0005312446173392946,4.24747842742137e-05,0.0
2022-05-26 00:00:00+00:00,-0.019856117318788287,0.0004075077700802841,-0.05005617472178919,0.030200057403000902,0.000617013919861164,-0.0002095061497808799,0.00041374721096856614
2022-05-27 00:00:00+00:00,7.53894935514145e-05,0.0008884005555555555,-0.019860777911253163,0.01993616740480458,0.0009121709259259259,-2.3770370370370364e-05,0.0
2022-05-28 00:00:00+00:00,0.001137802068768146,0.0007316706007959011,0.016734282625685295,-0.015596480556917147,0.000758374922757469,-2.670432196156783e-05,0.0
2022-05-29 00:00:00+00:00,0.027361313097969513,0.0010196023778003935,0.059304354258661075,-0.031943041160691577,0.0010685581189443635,-4.895574114396995e-05,0.00047585472788096617
2022-05-30 00:00:00+00:00,0.02768509894523774,0.0008271870370370369,0.07116991918398835,-0.0434848202387506,0.0007015468518518517,0.0001256401851851852,0.0
2022-05-31 00:00:00+00:00,-0.0007054373908488643,0.0004192153523232674,-0.0021714260692659794,0.0014659886784171153,0.00026755591739428255,0.0001516594349289849,0.0
2022-06-01 00:00:00+00:00,-0.003865863213915766,0.0008389085864923439,-0.04719263332040713,0.04332677010649137,0.0006948396471083557,0.0001440689393839884,0.0004883868610325632
2022-06-02 00:00:00+00:00,-0.0005841191768652205,0.0006346201851851851,0.013962007629233348,-0.014546126806098568,0.0006443635185185185,-9.743333333333337e-06,0.0
2022-06-03 00:00:00+00:00,0.0005984165900213426,0.0007743774643779024,-0.014890815035365913,0.015489231625387258,0.0008372434418615628,-6.286597748366069e-05,0.0
2022-06-04 00:00:00+00:00,-0.0030720752527691663,0.0008839897816284278,0.000989980846007623,-0.004062056098776789,0.0008423427499503638,4.164703167806394e-05,0.0005470002154155962
2022-06-05 00:00:00+00:00,0.0008840931164135913,0.000643315925925926,-0.00011778829353016477,0.0010018814099437565,0.0005233603703703703,0.00011995555555555557,0.0
2022-06-06 00:00:00+00:00,0.006667163146327655,0.0008131164986783694,0.026210554889819698,-0.019543391743492046,0.000686838738203234,0.0001262777604751355,0.0
2022-06-07 00:00:00+00:00,0.023540865255363502,0.0008309477978877629,0.02540261273553146,-0.0018617474801679548,0.0007170372333635698,0.00011391056452419307,0.0003771436065233636
2022-06-08 00:00:00+00:00,-0.022533007449369737,0.0002584994444444445,-0.021927259088874523,-0.0006057483604952158,0.00019300574074074072,6.549370370370371e-05,0.0
2022-06-09 00:00:00+00:00,0.011908129755084526,0.00029619779029304953,0.006426499293083271,0.005481630462001254,0.00018464781894197716,0.00011154997135107236,0.0
2022-06-10 00:00:00+00:00,-0.0033850912048365525,0.00036929131542799525,-0.0312587919396557,0.027873700734819155,0.0003419054877767253,2.7385827651269957e-05,0.0005659717365557304
2022-06-11 00:00:00+00:00,0.0007543410504787795,0.00035781296296296295,-0.04198226378570036,0.04273660483617914,0.00043366592592592585,-7.585296296296295e-05,0.0
2022-06-12 00:00:00+00:00,-0.003323556881172007,0.0003435127510654105,-0.0408234993829685,0.0374999425017965,0.0005350007728626264,-0.00019148802179721596,0.0
2022-06-13 00:00:00+00:00,-0.0010463711344556464,0.0004236344830709425,-0.031265282315919414,0.030218911181463765,0.0006819070421015498,-0.00025827255903060727,0.0006129888644394309
2022-06-14 00:00:00+00:00,-0.010176054668247853,0.0005311724074074074,-0.0016095231403961219,-0.00856653152785173,0.0005595318518518519,-2.8359444444444447e-05,0.0
2022-06-15 00:00:00+00:00,-0.0069079931995001745,0.0005956171322129613,0.03250042823155785,-0.03940842143105802,0.0005988320016188064,-3.2148694058450926e-06,0.0
2022-06-16 00:00:00+00:00,-0.003961112703441407,0.0005090578780346306,-0.06325374921489804,0.05929263651145663,0.0003967297033434197,0.00011232817469121095,0.000521206225002294
2022-06-17 00:00:00+00:00,0.00016275958881195943,0.0010294474074074075,0.017110109521451936,-0.01694734993263998,0.000933681111111111,9.576629629629629e-05,0.0
2022-06-18 00:00:00+00:00,-0.0052271139974105355,0.0009515417711130764,-0.026710568567221954,0.02148345456981142,0.0009330950206924075,1.8446750420668706e-05,0.0
2022-06-19 00:00:00+00:00,0.018205144839002103,0.000843438735113132,0.05070525540235568,-0.03250011056335357,0.0007741016311478436,6.93371039652883e-05,0.00040766744590585473
2022-06-20 00:00:00+00:00,0.012133791760503148,0.0009819159259259259,0.027179011905308532,-0.015045220144805384,0.0008428683333333332,0.0001390475925925926,0.0
2022-06-21 00:00:00+00:00,0.017714657282254163,0.0005970020612942413,0.023424621407016483,-0.005709964124762318,0.0004172669315661887,0.00017973512972805256,0.0
2022-06-22 00:00:00+00:00,0.0019379222100361655,0.00042521218029192647,-0.01739804621927845,0.019335968429314614,0.00033223636028481356,9.297582000711294e-05,0.00048723533315648204
2022-06-23 00:00:00+00:00,0.01682832310844801,0.00048228944444444447,0.052478980855582065,-0.03565065774713406,0.0003749816666666666,0.00010730777777777779,0.0
2022-06-24 00:00:00+00:00,-0.00899731965507318,0.00028695696728540303,0.02041623091219493,-0.02941355056726811,0.0003127786480548306,-2.58216807694276e-05,0.0
2022-06-25 00:00:00+00:00,-0.006283400212333926,0.0004782455489191521,0.0012158808487881976,-0.007499281061122124,0.0002913129848930348,0.0001869325640261173,0.0004654166628400431
2022-06-26 00:00:00+00:00,-0.003421284330126735,0.00048302055555555557,-0.029873704337276517,0.02645242000714978,0.00032785944444444436,0.0001551611111111111,0.0
2022-06-27 00:00:00+00:00,-0.0066375022808294005,0.00043521424383646736,-0.0013754549054972585,-0.005262047375332142,0.0003158234538098234,0.00011939079002664402,0.0
2022-06-28 00:00:00+00:00,0.0016806217998480474,0.0004905928245269038,-0.021047180250583407,0.02272780205043145,0.0003642315986014505,0.00012636122592545339,0.00030041936904477636
2022-06-29 00:00:00+00:00,-0.011994940365284784,0.0005388788888888888,-0.007450323405354494,-0.004544616959930291,0.0004888427777777777,5.003611111111111e-05,0.0
2022-06-30 00:00:00+00:00,-0.0072418905457918145,0.00029258381893875726,-0.013485203064248684,0.006243312518456869,0.0004984830100077788,-0.00020589919106902147,0.0
2022-07-01 00:00:00+00:00,-0.005638557179701565,-8.017276964445547e-06,-0.005585530650921202,-5.302652878036093e-05,0.00043677384865038017,-0.00044479112561482566,0.0004086427468314192
2022-07-02 00:00:00+00:00,0.0027658035499197636,0.0005004961111111111,0.007628036625701941,-0.004862233075782178,0.0003781335185185185,0.0001223625925925926,0.0
2022-07-03 00:00:00+00:00,-0.005810105604204428,0.0005558315250690188,-0.0046862973121768285,-0.0011238082920275998,0.0004141560377274284,0.00014167548734159033,0.0
2022-07-04 00:00:00+00:00,0.00013380590150319747,0.00033260693563110205,0.020757952365935785,-0.020624146464432586,0.00024003088446712922,9.25760511639728e-05,0.0004378729058817713
2022-07-05 00:00:00+00:00,-0.00608482968205597,0.00044793092592592586,-0.011685808477237245,0.005600978795181277,0.0003355701851851851,0.00011236074074074075,0.0
2022-07-06 00:00:00+00:00,-0.0016235061804000576,0.0006072992040209787,0.008156435786618359,-0.009779941967018417,0.0004824269082272521,0.00012487229579372664,0.0
2022-07-07 00:00:00+00:00,0.002488861711090657,0.0005453095808052009,0.02279507516066044,-0.020306213449569784,0.00042178555420915897,0.00012352402659604196,0.00045135983235431565
2022-07-08 00:00:00+00:00,-0.002568965865944358,0.0006116453703703703,-0.010428569008244806,0.007859603142300449,0.0004675268518518518,0.00014411851851851853,0.0
2022-07-09 00:00:00+00:00,-0.004680584157476341,0.0007083760335381247,0.011655925506221392,-0.016336509663697735,0.0005795382975691909,0.00012883773596893377,0.0
2022-07-10 00:00:00+00:00,-0.005214399779255777,0.000737975223901958,-0.022195960249069138,0.016981560469813358,0.0006006446379320613,0.0001373305859698968,0.0004029316745727655
2022-07-11 00:00:00+00:00,-0.0016221769552011876,0.000738591111111111,-0.03911528560686404,0.03749310865166285,0.0007157194444444444,2.2871666666666673e-05,0.0
2022-07-12 00:00:00+00:00,0.003567510162570636,0.000258280069893854,-0.011618119173760133,0.015185629336330768,0.00038987993847797755,-0.0001315998685841236,0.0
2022-07-13 00:00:00+00:00,-0.0030274761155413975,0.0002470941868348655,0.02844353846623654,-0.03147101458177794,0.0004496819941416512,-0.00020258780730678577,0.0006643437235287896
2022-07-14 00:00:00+00:00,-0.005357804835562535,0.0005999387037037037,0.01768784423104823,-0.023045649066610767,0.0005963283333333333,3.6103703703703703e-06,0.0
2022-07-15 00:00:00+00:00,0.013174510052426269,0.00032276219541587314,0.01604619810332797,-0.0028716880509016985,0.00024106582564024107,8.169636977563207e-05,0.0
2022-07-16 00:00:00+00:00,-0.00851621031447937,0.0002535087674859043,0.011275736004881916,-0.019791946319361285,0.0001707961257613197,8.271264172458458e-05,0.0005841457829115482
2022-07-17 00:00:00+00:00,0.0001065276035022134,0.00021857222222222223,-0.011292517588104786,0.011399045191607,7.23311111111111e-05,0.00014624111111111111,0.0
2022-07-18 00:00:00+00:00,-0.008131228476756909,0.00016600559270687077,0.03735431510359773,-0.04548554358035464,1.323116410199318e-06,0.00016468247629667146,0.0
2022-07-19 00:00:00+00:00,0.010616114207997554,0.0001570135993759162,0.020791537865045326,-0.010175423657047773,-4.305892025153399e-05,0.0002000725196274502,0.0006198686192122798
2022-07-20 00:00:00+00:00,-0.003814594861190377,0.0002052657407407407,-0.030004272271855356,0.02618967741066498,4.3381111111111106e-05,0.00016188462962962963,0.0
2022-07-21 00:00:00+00:00,0.0015996527765706038,0.00028128747971286467,0.014033831660154254,-0.012434178883583648,0.00014725038663400034,0.00013403709307886432,0.0
2022-07-22 00:00:00+00:00,0.004611760551893544,0.0003213507795938237,-0.009371048292650667,0.013982808844544212,0.0001572897060724024,0.00016406107352142136,0.00046581202571564957
2022-07-23 00:00:00+00:00,0.010382648087491236,0.00033970333333333333,0.008286814517023117,0.0020958335704681207,0.0001790425925925926,0.00016066074074074074,0.0
2022-07-24 00:00:00+00:00,-0.002660104750314599,0.00028050382157578406,-0.0012872744821371376,-0.0013728302681774618,0.0001257196546310787,0.00015478416694470542,0.0
2022-07-25 00:00:00+00:00,-0.002371875817973013,0.0003645559541630551,-0.045262461959261605,0.0428905861412886,0.0002596258116559343,0.00010493014250712078,0.0004951207184309016
2022-07-26 00:00:00+00:00,0.002911514146953805,0.0005836503703703705,0.003542263297168405,-0.0006307491502146006,0.0005501605555555555,3.348981481481482e-05,0.0
2022-07-27 00:00:00+00:00,0.0074479239903033415,0.0004161865515525809,0.04429368509234588,-0.03684576110204254,0.00037615675437665744,4.0029797175923504e-05,0.0
2022-07-28 00:00:00+00:00,0.0001136610118693572,0.00018280785876516288,0.03568685780385333,-0.03557319679198397,2.9000028287658484e-05,0.00015380783047750437,0.0005069173353562126
2022-07-29 00:00:00+00:00,-0.024354792088514373,0.00010650481481481479,0.00812745744655948,-0.03248224953507385,-5.616777777777779e-05,0.0001626725925925926,0.0
2022-07-30 00:00:00+00:00,-0.012519510202486782,0.0001524393815173783,0.0021029362004257634,-0.014622446402912544,-2.7609999301182716e-05,0.000180049380818561,0.0
2022-07-31 00:00:00+00:00,0.0070790749902709255,0.00015415442317147658,-0.008823335835912934,0.01590241082618386,-3.011550315725334e-05,0.00018426992632872993,0.0006884698349464653
2022-08-01 00:00:00+00:00,0.0035655679314419617,0.00023570333333333335,0.007845324359671921,-0.0042797564282299584,8.276092592592591e-05,0.00015294240740740738,0.0
2022-08-02 00:00:00+00:00,0.004209943029091801,0.00029062173163795977,-0.014179753635464028,0.01838969666455583,0.00019591191154266468,9.470982009529508e-05,0.0
2022-08-03 00:00:00+00:00,-0.003304711496309584,0.0002804240669491802,-0.0015947641315769026,-0.0017099473647326818,0.00019006394787202124,9.036011907715892e-05,0.00047120311037219035
2022-08-04 00:00:00+00:00,0.010900582640028815,0.0003783777777777778,0.020394594950224304,-0.009494012310195485,0.00022864537037037036,0.00014973240740740742,0.0
2022-08-05 00:00:00+00:00,0.0010268931035981987,0.000272744995599154,0.024892221206807744,-0.023865328103209543,9.430927770113899e-05,0.00017843571789801505,0.0
2022-08-06 00:00:00+00:00,-0.004785857377167901,0.0001745722861350994,-0.006169832455619323,0.0013839750784514218,-1.6949542693267064e-05,0.00019152182882836645,0.0004076492995060836
2022-08-07 00:00:00+00:00,-0.0001095774796272906,0.00020814500000000002,0.0009055311414384308,-0.0010151086210657223,3.4493148148148144e-05,0.00017365185185185187,0.0
2022-08-08 00:00:00+00:00,0.005752674906414382,0.00022064997938124256,0.012112821844527022,-0.006360146938112642,5.439117413671691e-05,0.00016625880524452565,0.0
2022-08-09 00:00:00+00:00,-0.0012223101410954009,0.00023931760831075267,-0.023427583263140636,0.022205273122045233,7.022289622730605e-05,0.00016909471208344668,0.00041486884966126353
2022-08-10 00:00:00+00:00,0.0025946522903580126,0.00043064537037037034,0.023888188929129358,-0.021293536638771343,0.00027288999999999997,0.00015775537037037037,0.0
2022-08-11 00:00:00+00:00,-0.007948854487490211,0.00021896575436538353,-0.008742570624461293,0.0007937161369710826,5.421096789054326e-05,0.0001647547864748403,0.0
2022-08-12 00:00:00+00:00,-0.0037024508315794662,0.00024267440811245292,0.010954599602473771,-0.014657050434053239,5.54376962002009e-05,0.000187236711912252,0.0005329772151529999
2022-08-13 00:00:00+00:00,0.0017717786393409932,0.0002581411111111111,-0.004980272602716671,0.006752051242057663,9.798111111111108e-05,0.00016016,0.0
2022-08-14 00:00:00+00:00,0.00044351200587526064,0.0001642488132955765,-0.011327475190540734,0.011770987196415996,6.19928744942735e-06,0.00015804952584614915,0.0
2022-08-15 00:00:00+00:00,-0.007192007696514633,0.0003054818052399545,-0.006775743020269089,-0.000416264676245543,0.00014848536882357597,0.00015699643641637855,0.0004452221861089964
2022-08-16 00:00:00+00:00,-0.0025586210931483507,0.000298407037037037,-0.004747991110062131,0.0021893700169137798,0.00014995444444444443,0.0001484525925925926,0.0
2022-08-17 00:00:00+00:00,0.006313170359683545,0.0002968130468541671,-0.018904143651585582,0.02521731401126913,0.0001471103740960588,0.00014970267275810824,0.0
2022-08-18 00:00:00+00:00,0.0017351221109241834,0.00022564253929397416,-0.021534072173941526,0.023269194284865707,0.00015369905502968202,7.194348426429214e-05,0.0004870858246966598
2022-08-19 00:00:00+00:00,-0.01272726269566278,0.0008912527777777778,-0.0473427430288912,0.03461548033322842,0.0008154318518518519,7.582092592592593e-05,0.0
2022-08-20 00:00:00+00:00,0.006856310729989668,0.0006239964358321705,0.0018931265558165334,0.004963184174173134,0.0007950613204726435,-0.00017106488464047309,0.0
2022-08-21 00:00:00+00:00,-0.004797049086543744,0.0008310192636817931,0.011098798928591834,-0.015895848015135577,0.001088406168800734,-0.0002573869051189409,0.0004831771758452316
2022-08-22 00:00:00+00:00,-0.009851404892532134,0.0009766374074074073,-0.011493186977437907,0.0016417820849057721,0.0008804968518518518,9.614055555555556e-05,0.0
2022-08-23 00:00:00+00:00,0.0019014962513057513,0.00038248127539060745,0.01466574987989769,-0.012764253628591939,0.00044670300529013314,-6.422172989952565e-05,0.0
2022-08-24 00:00:00+00:00,0.00776789856379482,0.00029572060597943717,0.004855623819519398,0.0029122747442754202,0.00020059948475743892,9.512112122199819e-05,0.00047904559026810603
2022-08-25 00:00:00+00:00,-8.764636087072917e-05,0.0004776794444444444,0.004988838268405486,-0.005076484629276215,0.0003073959259259259,0.00017028351851851854,0.0
2022-08-26 00:00:00+00:00,-0.007641564522089014,0.00026105177172844996,-0.049050503373776866,0.04140893885168786,0.00025122713671656155,9.82463501188845e-06,0.0
2022-08-27 00:00:00+00:00,0.004336972940568819,0.00039965821426121955,0.0033781859731985865,0.0009587869673702328,0.0005643545169563263,-0.0001646963026951067,0.0004997254128815237
2022-08-28 00:00:00+00:00,0.0033179877885698176,0.0013187057407407408,-0.012858126876119645,0.01617611466468946,0.0012232914814814813,9.541425925925928e-05,0.0
2022-08-29 00:00:00+00:00,0.007188959931143796,0.0012734254224334664,0.036831035185742884,-0.029642075254599085,0.0012375794612625877,3.584596117087872e-05,0.0
2022-08-30 00:00:00+00:00,0.008786035442998092,0.0007762634956839797,-0.014678314683966399,0.023464350126964493,0.0006356614775559918,0.0001406020181279879,0.000386844796548134
2022-08-31 00:00:00+00:00,0.0031094697041459604,0.0004532607407407407,0.0021307974460757473,0.0009786722580702126,0.00040518703703703706,4.807370370370371e-05,0.0
2022-09-01 00:00:00+00:00,-0.0025210542184692522,0.0002198410075228747,0.00494611430009848,-0.007467168518567734,0.00032594857067835684,-0.00010610756315548216,0.0
2022-09-02 00:00:00+00:00,0.0024213544094092397,-2.2975287458179143e-05,-0.006752168309440804,0.009173522718850045,0.00017994421738552543,-0.00020291950484370452,0.000527117027157185
2022-09-03 00:00:00+00:00,-0.002620714664558475,0.000800329074074074,-0.0017474303114355673,-0.0008732843531229083,0.0006766203703703702,0.0001237087037037037,0.0
2022-09-04 00:00:00+00:00,-0.005348395587360458,0.00048056308281999645,0.006616143460134463,-0.011964539047494921,0.000353113059601685,0.00012745002321831145,0.0
2022-09-05 00:00:00+00:00,0.0022614473144211807,0.0003882390528659232,0.0004929298602861366,0.0017685174541350439,0.00021283463686044862,0.00017540441600547463,0.0004579126040786685
2022-09-06 00:00:00+00:00,-0.0007187478543244502,0.00033873703703703704,-0.03875474036740218,0.03803599251307773,0.00017543333333333333,0.0001633037037037037,0.0
2022-09-07 00:00:00+00:00,0.01228435171999261,0.0004938654023758532,0.03447835334849591,-0.0221940016285033,0.000579407001474246,-8.554159909839263e-05,0.0
2022-09-08 00:00:00+00:00,-0.0031616607049335423,0.00031278789430259544,0.0015585592151325363,-0.004720219920066078,0.00020251935965394835,0.00011026853464864711,0.0004534367778419238
2022-09-09 00:00:00+00:00,-0.006915199616754266,0.0002056714814814815,0.027774637683672415,-0.034689837300426685,5.022425925925924e-05,0.00015544722222222222,0.0
2022-09-10 00:00:00+00:00,0.0068474125806020705,0.00010963496677785778,0.004108583607086284,0.002738828973515787,-6.322996458924618e-05,0.00017286493136710394,0.0
2022-09-11 00:00:00+00:00,-0.0012508331813350622,0.00015656940841751653,-0.0023874505463974184,0.0011366173650623555,-1.1718016583363716e-05,0.00016828742500088023,0.0005486735993716234
2022-09-12 00:00:00+00:00,-0.005659967978448248,0.0004040790740740741,-0.005322590851759806,-0.00033737712668844254,0.0002445353703703704,0.0001595437037037037,0.0
2022-09-13 00:00:00+00:00,0.003187329054411308,0.00027839203733762304,-0.03922380322275281,0.042411132277164115,0.0002653442123246766,1.304782501294644e-05,0.0
2022-09-14 00:00:00+00:00,0.004930863508401866,0.0004239142215024639,0.009492420755876148,-0.004561557247474282,0.0003637100927035796,6.020412879888423e-05,0.0005345361778090783
2022-09-15 00:00:00+00:00,-0.005397214032549581,0.0009743655555555555,-0.022241763004413155,0.016844548971863573,0.0008007681481481481,0.0001735974074074074,0.0
2022-09-16 00:00:00+00:00,0.0013806521541833185,0.0004025606227409333,0.007180403523585836,-0.005799751369402517,0.000589434497492968,-0.00018687387475203472,0.0
2022-09-17 00:00:00+00:00,0.00045380702077268064,0.00029125464527956526,0.012930661203348192,-0.012476854182575511,0.00028591566831993154,5.338976959633711e-06,0.00045333114044270853
2022-09-18 00:00:00+00:00,-0.00356594962129911,0.00045153796296296296,-0.04912845022688664,0.04556250060558753,0.0003417125925925926,0.00010982537037037037,0.0
2022-09-19 00:00:00+00:00,-0.0034854362960811563,0.0005802812911860454,0.009272996211899798,-0.012758432507980956,0.0006003495707616995,-2.0068279575654065e-05,0.0
2022-09-20 00:00:00+00:00,-0.0031996454822616847,0.0004235660001448456,-0.009768586503158374,0.006568941020896689,0.0004367209654008706,-1.3154965256024934e-05,0.0004542802924699062
2022-09-21 00:00:00+00:00,-0.0006810267970540067,0.00041185648148148147,-0.013288828999396691,0.012607802202342682,0.00039423185185185185,1.762462962962963e-05,0.0
2022-09-22 00:00:00+00:00,-0.00823307610080176,0.0003699633669208138,0.029230715664975034,-0.037463791765776785,0.00036767867968545297,2.284687235360884e-06,0.0
2022-09-23 00:00:00+00:00,-0.004132161384942683,0.0002518078058964068,0.003610960412782518,-0.007743121797725202,0.00022116545274482164,3.064235315158513e-05,0.0004354266706745414
2022-09-24 00:00:00+00:00,0.0057658840281332386,0.00027933870370370367,-0.005022538277173777,0.010788422305307016,0.00012554314814814814,0.00015379555555555555,0.0
2022-09-25 00:00:00+00:00,-0.0016116589852357155,0.0004563645804907797,-0.007861834664354871,0.006250175679119157,0.0003251787101915294,0.00013118587029925028,0.0
2022-09-26 00:00:00+00:00,-0.005090555129509684,0.0002575141454208527,0.004062085255351924,-0.009152640384861608,0.00026295779570046073,-5.443650279608022e-06,0.0004696115860098237
2022-09-27 00:00:00+00:00,-0.0047127864656476785,0.00032974629629629627,-0.004218822395139759,-0.0004939640705079195,0.00020714388888888886,0.00012260240740740743,0.0
2022-09-28 00:00:00+00:00,-0.00348341173190051,0.00047992468573094117,0.0011823687988075549,-0.004665780530708064,0.0003867850576395244,9.313962809141674e-05,0.0
2022-09-29 00:00:00+00:00,0.0003224360141925326,0.00021651432908335877,0.0035125150530425932,-0.00319007903885006,6.762277414525334e-05,0.0001488915549381054,0.0004165924828619395
2022-09-30 00:00:00+00:00,-0.002185292823029863,0.00022823499999999997,-0.0023060488647418634,0.00012075604171199987,7.198296296296295e-05,0.00015625203703703705,0.0
2022-10-01 00:00:00+00:00,0.009273782132156239,0.00029575394245981543,0.0028058602387760014,0.006467921893380238,0.00014685144492562066,0.0001489024975341948,0.0
2022-10-02 00:00:00+00:00,-0.008875470276514847,0.00030556584951152156,-0.015653795090565137,0.0067783248140502895,0.00020315761094144032,0.00010240823857008125,0.000505221710821549
2022-10-03 00:00:00+00:00,-0.0015950595441578445,0.0006112387037037038,0.016823848021150035,-0.018418907565307882,0.00044771740740740743,0.0001635212962962963,0.0
2022-10-04 00:00:00+00:00,-0.005170417989909704,0.0004287811574542253,0.006109457934486111,-0.011279875924395815,0.00031594291003003597,0.00011283824742418932,0.0
2022-10-05 00:00:00+00:00,-0.0005526173628947113,0.0003494508577369059,-0.0008678579373332577,0.0003152405744385468,0.0001874484384367615,0.00016200241930014442,0.00047016893991122847
2022-10-06 00:00:00+00:00,0.0015668288327613385,0.00036523740740740737,-0.004885613274667798,0.006452442107429136,0.00021802759259259257,0.00014720981481481483,0.0
2022-10-07 00:00:00+00:00,-0.0015873359148818992,0.00035176288067020835,-0.0002616944983947721,-0.0013256414164871274,0.00021676902893882064,0.00013499385173138762,0.0
2022-10-08 00:00:00+00:00,-0.004186906473215486,0.0003040482595624603,-0.007029707302332936,0.002842800829117451,0.00021003548554962277,9.401277401283753e-05,0.0004640330816853544
2022-10-09 00:00:00+00:00,-0.0012593098259586599,0.0003987846296296296,0.0025440245568980075,-0.003803334382856668,0.00022305777777777776,0.00017572685185185183,0.0
2022-10-10 00:00:00+00:00,0.0018474309958513221,0.00025962862755325744,-0.020468912996012223,0.022316343991863545,0.00011195954497505272,0.0001476690825782047,0.0
2022-10-11 00:00:00+00:00,0.0009190425833562109,0.0002512361023754007,-0.005648040133342058,0.006567082716698269,0.00015850083290289575,9.273526947250492e-05,0.00041666455442361804
2022-10-12 00:00:00+00:00,0.0007897205125212692,0.0002783703571428571,-0.0031650919043489873,0.0039548124168702565,0.00014033874999999998,0.00013803160714285714,0.0
2022-10-13 00:00:00+00:00,0.004801255467028028,0.00038166913127858084,-0.004243133292102984,0.009044388759131014,0.00030173922303922574,7.992990823935516e-05,0.0
2022-10-14 00:00:00+00:00,-0.005344268718133273,0.00021710066273626015,-0.005111280963561903,-0.00023298775457136984,0.00017795460069899673,3.914606203726345e-05,0.000384889094386487
2022-10-15 00:00:00+00:00,-0.013334889527972075,0.00027582160714285714,-0.003757921284027628,-0.009576968243944443,0.00026622607142857144,9.595535714285716e-06,0.0
2022-10-16 00:00:00+00:00,0.008166718437913313,3.949891202103013e-06,0.012507304379891957,-0.004340585941978644,0.0002745341509704452,-0.0002705842597683422,0.0
2022-10-17 00:00:00+00:00,0.0014947777021377326,0.0002897516119512981,0.00916100130118901,-0.007666223599051275,0.00018940333743228905,0.00010034827451900908,0.0005380083862368314
2022-10-18 00:00:00+00:00,-0.0012155499609842282,0.00025013642857142854,-0.008640172662710558,0.0074246227017263295,8.454375e-05,0.0001655926785714286,0.0
2022-10-19 00:00:00+00:00,0.0007866990516391488,0.00033696438170335234,-0.019797913165397057,0.020584612217036204,0.0002008583244752425,0.00013610605722810983,0.0
2022-10-20 00:00:00+00:00,-0.0034399021157461734,0.0002569393547268351,-0.003889081229806547,0.00044917911406037374,0.00015142649380043432,0.00010551286092640074,0.000504960684344616
2022-10-21 00:00:00+00:00,-0.006824058017363594,0.00034155232142857143,-0.002399354585511657,-0.004424703431851937,0.0001929317857142857,0.0001486205357142857,0.0
2022-10-22 00:00:00+00:00,-0.0013028272263333508,0.0002899174180441133,0.000212537108689265,-0.0015153643350226155,0.00016759183141729873,0.0001223255866268146,0.0
2022-10-23 00:00:00+00:00,-0.0013527322985582091,0.00024320629613619205,0.007909261502195378,-0.009261993800753586,0.00013320498939437312,0.00011000130674181888,0.0004449904474443055
2022-10-24 00:00:00+00:00,0.004658037536576134,0.0004893764285714286,-0.0061164108701210924,0.010774448406697227,0.00035715964285714286,0.0001322167857142857,0.0
2022-10-25 00:00:00+00:00,-0.0008096948094063429,0.0003257203939167721,0.014157886175517128,-0.014967580984923474,0.0002113829641780349,0.00011433742973873718,0.0
2022-10-26 00:00:00+00:00,0.004100516789215799,0.0002529500772886894,0.014389167091425504,-0.010288650302209705,9.828509402150614e-05,0.00015466498326718327,0.0003782061211370485
2022-10-27 00:00:00+00:00,-0.004916297722467591,0.00020296375,-0.005023890920331689,0.0001075931978640973,4.260214285714285e-05,0.00016036160714285713,0.0
2022-10-28 00:00:00+00:00,-0.008359682579870596,0.00012225811121509657,0.011751288725255295,-0.020110971305125895,4.3915407821714416e-05,7.834270339338217e-05,0.0
2022-10-29 00:00:00+00:00,-0.02335357207741872,-0.00029378153450818176,0.011711189609196782,-0.03506476168661551,-4.9054032359418356e-05,-0.0002447275021487634,0.0005402789853799515
2022-10-30 00:00:00+00:00,0.0021868664715154517,0.00016175410714285715,-0.00913101782454142,0.01131788429605687,-2.725392857142857e-05,0.0001890080357142857,0.0
2022-10-31 00:00:00+00:00,-0.0006410901647504344,0.00019991148651099985,0.00014652742434914504,-0.000787617589099579,4.063251965249288e-06,0.0001958482345457506,0.0
2022-11-01 00:00:00+00:00,0.0016158410339524205,0.00020819265519600894,-0.0051646336310467965,0.006780474664999217,4.7749217129849466e-05,0.0001604434380661595,0.0004925754775553539
2022-11-02 00:00:00+00:00,0.014953167862561829,0.00044188810344827586,0.005999691549282277,0.008953476313279548,0.0003233503448275862,0.00011853775862068964,0.0
2022-11-03 00:00:00+00:00,-0.011813624147039709,0.0008521662029865989,0.025999051040476936,-0.037812675187516645,0.0007139848739806297,0.0001381813290059693,0.0
2022-11-04 00:00:00+00:00,-0.0016262287281918284,0.0005532679017650009,0.0323723292046166,-0.033998557932808426,0.0003488643637810558,0.00020440353798394505,0.0005295187305451922
2022-11-05 00:00:00+00:00,0.0038270447647910256,0.0004622739655172414,-0.0016084104257838186,0.005435455190574844,0.00025590603448275863,0.00020636793103448277,0.0
2022-11-06 00:00:00+00:00,-0.0014354260384662997,0.0002952503061339844,-0.02673109312274842,0.025295667084282117,0.00013735329458953085,0.00015789701154445354,0.0
2022-11-07 00:00:00+00:00,-0.0046397123625659745,0.00023900021258486064,-0.0003846128406485331,-0.004255099521917442,0.00012631197816427445,0.00011268823442058622,0.0005846164541859712
2022-11-08 00:00:00+00:00,-0.009383807858412328,0.0005045546551724138,-0.0879938146758208,0.07861000681740847,0.0003861796551724138,0.00011837499999999999,0.0
2022-11-09 00:00:00+00:00,-0.002084120670547508,0.0009375736185987149,-0.08061885024664653,0.07853472957609903,0.0011463411324028243,-0.00020876751380410942,0.0
2022-11-10 00:00:00+00:00,0.005956902897819571,0.0011954674907595603,0.06166563127624999,-0.05570872837843041,0.0011411334358849233,5.4334054874637276e-05,0.0005686019106048491
2022-11-11 00:00:00+00:00,-0.009647846915705194,0.004114854137931034,-0.026459532173109045,0.01681168525740385,0.003997873103448276,0.00011698103448275863,0.0
2022-11-12 00:00:00+00:00,-0.0054624481295737545,0.0016438930773780883,-0.032966804840523785,0.02750435671095003,0.0015369208279523317,0.00010697224942575652,0.0
2022-11-13 00:00:00+00:00,-0.022666080324729772,0.0012776371690384663,-0.016606356438926873,-0.0060597238858029,0.0014522234282922186,-0.0001745862592537522,0.0006104929112503693
2022-11-14 00:00:00+00:00,0.015215843973598528,0.003716024310344828,0.03116043911152138,-0.015944595137922853,0.0035546050000000006,0.0001614193103448276,0.0
2022-11-15 00:00:00+00:00,-0.0003839838449806784,0.002829421434526777,0.011631606882743298,-0.012015590727723976,0.0025021923062348373,0.0003272291282919401,0.0
2022-11-16 00:00:00+00:00,0.0030855930989521193,0.0004761901739129656,-0.008879339946027997,0.011964933044980117,0.00025215243799363383,0.00022403773591933178,0.00044510848187414654
2022-11-17 00:00:00+00:00,0.0038717809510730315,0.0006450587931034484,0.0001267923462847329,0.0037449886047882987,0.00047038413793103445,0.0001746746551724138,0.0
2022-11-18 00:00:00+00:00,-0.005485795884572097,0.000278331542557445,0.0009649362919856017,-0.006450732176557698,0.00019813044804580982,8.020109451163513e-05,0.0
2022-11-19 00:00:00+00:00,-0.00515138998742078,0.0004147514173328525,-0.0026938780780561855,-0.0024575119093645944,0.00029666658618604546,0.00011808483114680698,0.0005759905936207495
2022-11-20 00:00:00+00:00,-0.007381196283738195,0.0007192475862068965,-0.03261887515478831,0.025237678871050117,0.0005826525862068965,0.000136595,0.0
2022-11-21 00:00:00+00:00,0.0011489011555488897,0.0004560971139574402,-0.004117883938163288,0.005266785093712177,0.0004735682270775498,-1.7471113120109575e-05,0.0
2022-11-22 00:00:00+00:00,0.010937770005160614,0.0003552638244484246,0.02454227201971514,-0.013604502014554525,0.0002668718184049099,8.839200604351472e-05,0.00045413967736435314
2022-11-23 00:00:00+00:00,0.000596491691563476,0.0004357403448275862,0.02108783299496065,-0.02049134130339717,0.00028967224137931035,0.00014606810344827586,0.0
2022-11-24 00:00:00+00:00,0.0012437750640760612,0.00046137293542133337,-0.000672730656942105,0.0019165057210181657,0.0003210776066244416,0.00014029532879689176,0.0
2022-11-25 00:00:00+00:00,-0.00606670892714361,-5.5278104292978355e-05,-0.0017267448247834931,-0.004339964102360116,0.0001744451758948663,-0.0002297232801878447,0.000436731301450211
2022-11-26 00:00:00+00:00,0.0039841019151626265,0.0008937667241379311,0.004517474235378161,-0.0005333723202155356,0.0007317546551724139,0.00016201206896551725,0.0
2022-11-27 00:00:00+00:00,0.0023343988379362765,0.0007040380543162684,0.0027517002375944096,-0.00041730139965813256,0.0005732079771320424,0.00013083007718422602,0.0
2022-11-28 00:00:00+00:00,-0.009321143207086047,0.0008697828257340173,-0.012045741218061921,0.002724598010975874,0.0007226874674466279,0.0001470953582873894,0.0004257257261919156
2022-11-29 00:00:00+00:00,0.00017505744911747514,0.0002834551724137931,0.003969726417785077,-0.003794668968667603,0.0001508212068965517,0.0001326339655172414,0.0
2022-11-30 00:00:00+00:00,-0.0033642408411765712,0.00029408945071857367,0.015004807722830162,-0.018369048564006736,0.00015666468467103535,0.0001374247660475383,0.0
2022-12-01 00:00:00+00:00,-0.0009618276372984427,0.00030825714713031795,-0.00681756785120997,0.005855740213911526,0.00019304408609787738,0.00011521306103244056,0.00041675793571380773
2022-12-02 00:00:00+00:00,-0.0029954786104894934,0.00025070625,0.00871260283534001,-0.011708081445829504,0.00012526714285714287,0.00012543910714285714,0.0
2022-12-03 00:00:00+00:00,-0.00044839590593494146,0.00018385543633054339,-0.013877139584606603,0.01342874367867166,6.994488698326904e-05,0.00011391054934727435,0.0
2022-12-04 00:00:00+00:00,0.004329241723023895,0.00026250493004481264,0.010611227366698325,-0.0062819856436744275,0.00015883370098728833,0.00010367122905752428,0.0004732181118281372
2022-12-05 00:00:00+00:00,-0.0013062554080412838,0.00037518660714285716,-0.0011929238726538696,-0.00011333153538741327,0.00024053696428571425,0.00013464964285714285,0.0
2022-12-06 00:00:00+00:00,-0.0012936485888891877,0.0003739010718265387,-0.0015218935398467201,0.0002282449509575324,0.0002495880635889054,0.00012431300823763337,0.0
2022-12-07 00:00:00+00:00,-0.0014288959942225302,0.0002684509224444099,-0.018851569494457827,0.017422673500235297,0.00018559558009895624,8.285534234545364e-05,0.000435292384568786
2022-12-08 00:00:00+00:00,-0.0012344562264392906,0.0004519735714285714,0.008947718242969546,-0.010182174469408837,0.0003682003571428571,8.377321428571428e-05,0.0
2022-12-09 00:00:00+00:00,-0.00042945433900715385,0.000375346475758476,-0.0011488883796681617,0.0007194340406610082,0.0002869625845441893,8.838389121428665e-05,0.0
2022-12-10 00:00:00+00:00,-0.0024091965621922075,0.0003251712170447958,0.0008830862751914169,-0.003292282837383625,0.00021210387743889362,0.0001130673396059022,0.0004938076471747518
2022-12-11 00:00:00+00:00,-0.0006018818425792309,0.000558845,-0.008714422439425863,0.00811254059684663,0.0004415578571428571,0.00011728714285714284,0.0
2022-12-12 00:00:00+00:00,0.004633856813722442,0.0008419491630617263,-3.798365799235429e-05,0.004671840471714797,0.0007681479940080755,7.38011690536509e-05,0.0
2022-12-13 00:00:00+00:00,-0.007494349013014518,0.00033542468242420224,0.0014687304388346506,-0.008963079451849168,0.00045362605149190357,-0.00011820136906770126,0.00045361534690686905
2022-12-14 00:00:00+00:00,-0.0007417364267847037,0.00082668625,-0.004944245969223703,0.004202509542438999,0.0006927723214285714,0.00013391392857142856,0.0
2022-12-15 00:00:00+00:00,-0.0036384472335298282,0.0007967998709502135,-0.006630664036708611,0.002992216803178783,0.0006601963509300367,0.0001366035200201769,0.0
2022-12-16 00:00:00+00:00,-0.00043993311270465506,0.0003989011020541369,-0.055255358534993644,0.05481542542228899,0.000280404100842679,0.00011849700121145795,0.000485237879618417
2022-12-17 00:00:00+00:00,-0.001425796243440065,0.0007980073214285715,0.007625350698170493,-0.009051146941610558,0.0007397028571428572,5.830446428571429e-05,0.0
2022-12-18 00:00:00+00:00,-0.00027300422656722655,0.0006774850992861468,-0.006092108032414254,0.005819103805847027,0.000757778510092531,-8.029341080638407e-05,0.0
2022-12-19 00:00:00+00:00,0.008124340996298926,0.0011746285851266139,-0.019391625647187088,0.02751596664348601,0.0011120527840170976,6.257580110951639e-05,0.00048222655258405034
2022-12-20 00:00:00+00:00,0.003929807152554128,0.0019034716071428574,0.026716734773950992,-0.022786927621396863,0.0018209526785714285,8.251892857142857e-05,0.0
2022-12-21 00:00:00+00:00,-0.004180735617308548,0.0017257283893784303,-0.010302968112172276,0.006122232494863729,0.0016196138337250835,0.00010611455565334684,0.0
2022-12-22 00:00:00+00:00,0.00048586324401360387,0.001122301496565425,0.002156235068711828,-0.001670371824698225,0.0010528157959021124,6.948570066331254e-05,0.0005057451393619729
2022-12-23 00:00:00+00:00,0.0006592128237598457,0.0012772496296296295,0.0021640635008187605,-0.0015048506770589149,0.0011457325925925926,0.00013151703703703703,0.0
2022-12-24 00:00:00+00:00,-0.0019254516795059688,0.0008569091902282894,-0.002706392917540899,0.0007809412380349304,0.0007464972529350795,0.00011041193729320996,0.0
2022-12-25 00:00:00+00:00,-0.0014342101095569464,0.0007944049025638333,-0.003010786994718108,0.001576576885161162,0.0007707376235448096,2.3667279019023668e-05,0.0004666359881004221
2022-12-26 00:00:00+00:00,0.00475221895070568,0.0011456494444444447,0.00994178340882489,-0.00518956445811921,0.0010396638888888888,0.00010598555555555556,0.0
2022-12-27 00:00:00+00:00,8.838777672462612e-05,0.001342455950057024,-0.005278950485803039,0.0053673382625276655,0.0012883925789287385,5.406337112828569e-05,0.0
2022-12-28 00:00:00+00:00,0.0030683258534811497,0.00061371755198123,-0.015407232259329065,0.018475558112810216,0.0005434601996327012,7.02573523485288e-05,0.0005574480341862891
2022-12-29 00:00:00+00:00,-0.0024097052848069916,2.84634615384618e-06,-0.005812123386796535,0.0034024181019895443,0.0004892861538461539,-0.00048643980769230775,0.0
2022-12-30 00:00:00+00:00,0.0010015181059942289,0.0009899735294564335,-0.0023844689880941653,0.003385987094088395,0.0009018030184760602,8.81705109803733e-05,0.0
2022-12-31 00:00:00+00:00,0.00026935213948272587,0.000708555827330403,-0.0002245917831515628,0.0004939439226342892,0.0006767569105413623,3.1798916789040784e-05,0.0004827935998867795
2023-01-01 00:00:00+00:00,-0.0026978033470398087,0.0009473807692307693,0.0057108101269980486,-0.008408613474037858,0.0008355032692307693,0.00011187750000000001,0.0
2023-01-02 00:00:00+00:00,0.0002552709311615987,0.0005135352356340733,0.012261002075671098,-0.012005731144509499,0.0006080647749640833,-9.452953933000998e-05,0.0
2023-01-03 00:00:00+00:00,0.0074218320379456516,0.0006591621974531073,0.006759868586193398,0.0006619634517522534,0.0007505149973646112,-9.13527999115039e-05,0.00044627756212142436
2023-01-04 00:00:00+00:00,-0.00010193163276064703,0.0008962957692307694,0.011803305024744262,-0.01190523665750491,0.0007329534615384617,0.00016334230769230772,0.0
2023-01-05 00:00:00+00:00,0.004023549760445342,0.0007238448321554793,-0.00024018040051200593,0.0042637301609573484,0.0006055109981721699,0.00011833383398330938,0.0
2023-01-06 00:00:00+00:00,-0.0017546430280267328,0.0010973312896550248,0.012327262794769166,-0.0140819058227959,0.0009968212637880742,0.00010051002586695038,0.0005422535430295668
2023-01-07 00:00:00+00:00,0.0014399446784962534,0.0005826236538461539,0.0015335220425585815,-9.357736406232788e-05,0.00042671326923076925,0.00015591038461538462,0.0
2023-01-08 00:00:00+00:00,0.0018991638672523894,0.0008575456221179562,0.025224587474969695,-0.023325423607717305,0.0007575631301682182,9.99824919497383e-05,0.0
2023-01-09 00:00:00+00:00,0.005296791685163841,7.133767401363097e-05,0.01988234036895973,-0.014585548683795888,-5.148374247835375e-05,0.00012282141649198474,0.000561849996521159
2023-01-10 00:00:00+00:00,0.0007006024070855036,0.00011838096153846155,0.013363876689696082,-0.01266327428261058,-4.602153846153847e-05,0.00016440250000000002,0.0
2023-01-11 00:00:00+00:00,-0.004926849929870935,0.00018613802484274383,0.0033897393654969523,-0.008316589295367887,7.938627192922449e-05,0.00010675175291351933,0.0
2023-01-12 00:00:00+00:00,0.00246072339449425,0.00018418170562126688,0.016692679822051387,-0.014231956427557136,3.884123104583934e-05,0.00014534047457542755,0.0006498907193970447
2023-01-13 00:00:00+00:00,-0.005118927466967366,0.00026648365384615384,0.026581912494742416,-0.03170083996170978,9.371442307692308e-05,0.0001727692307692308,0.0
2023-01-14 00:00:00+00:00,0.0020890132734030366,0.00015538568258504666,0.039561441421428464,-0.03747242814802543,-0.0001987163071812992,0.0003541019897663459,0.0
2023-01-15 00:00:00+00:00,-0.008520547231659951,0.00012282752781745047,-0.0014909822194313683,-0.007029565012228584,-0.00023763955466366406,0.00036046708248111455,0.0006074646394463887
2023-01-16 00:00:00+00:00,-0.0010358362302404472,0.0001430983333333333,-0.0021656423033707423,0.0011298060731302951,-0.00010744611111111112,0.00025054444444444447,0.0
2023-01-17 00:00:00+00:00,0.0007106245823928345,0.00013055713460665086,0.000202175318589948,0.000508449263802886,-3.2741195477070434e-05,0.00016329833008372127,0.0
2023-01-18 00:00:00+00:00,0.008298999334994705,0.00015518524941806054,-0.021134557608960457,0.029433556943955157,4.8706688407270686e-05,0.00010647856101078989,0.0005085138307900533
2023-01-19 00:00:00+00:00,-0.0019108361573004931,0.00040517071428571423,0.012342154567897525,-0.014252990725198018,0.0002589344642857142,0.00014623624999999998,0.0
2023-01-20 00:00:00+00:00,-0.011583735636807441,0.00025873283943915904,0.03912457842607681,-0.05070831406288426,0.0001360571494111697,0.00012267569002798935,0.0
2023-01-21 00:00:00+00:00,0.008573094252259364,0.00010637231458927946,0.00024908497373085734,0.008324009278528508,-0.00017295032258368364,0.0002793226371729631,0.0005366970047356552
2023-01-22 00:00:00+00:00,-0.006454627221477652,0.00016200232142857143,0.009924715758475183,-0.016379342979952832,-0.00012003821428571429,0.0002820405357142857,0.0
2023-01-23 00:00:00+00:00,-0.004183844533253524,0.00015127547267917768,0.007624673159215513,-0.011808517692469038,-0.00013038759417884137,0.00028166306685801904,0.0
2023-01-24 00:00:00+00:00,-0.0006162353891258372,0.00010745675630661747,-0.02145680756656354,0.0208405721774377,-0.00014884375580970726,0.0002563005121163247,0.0005623799812073676
2023-01-25 00:00:00+00:00,0.0017698117365714736,0.00014381875,0.024628445147365487,-0.022858633410794013,-4.79857142857142e-06,0.00014861732142857143,0.0
2023-01-26 00:00:00+00:00,0.0019614871619668163,0.0002176129527717668,0.009836995930845197,-0.007875508768878381,5.346845705774525e-05,0.00016414449571402155,0.0
2023-01-27 00:00:00+00:00,0.002299237873725315,0.00042412996182588725,0.013580621008442883,-0.011281383134717566,0.0002463269268089043,0.00017780303501698294,0.0005818087361822175
2023-01-28 00:00:00+00:00,0.005684303490266032,0.00026035857142857143,-0.005887673134536923,0.011571976624802954,-7.070571428571427e-05,0.0003310642857142857,0.0
2023-01-29 00:00:00+00:00,0.000767666781058194,8.397982980879603e-05,0.01626882363094955,-0.015501156849891357,-8.951391839725658e-05,0.0001734937482060526,0.0
2023-01-30 00:00:00+00:00,0.002284971857972124,0.0001239799428531061,-0.030769628072638614,0.03305459993061074,-7.848555975583589e-05,0.00020246550260894197,0.0004684942606474794
2023-01-31 00:00:00+00:00,-0.01030138862298923,0.00011706357142857141,0.0051929638200677525,-0.015494352443056981,-3.071964285714286e-05,0.0001477832142857143,0.0
2023-02-01 00:00:00+00:00,-0.0072991936169214695,0.00010988347994274618,0.02309340696104693,-0.0303926005779684,-3.289453604769289e-05,0.00014277801599043907,0.0
2023-02-02 00:00:00+00:00,0.005507461927386913,0.00029459296489475317,-0.0010582626561625506,0.006565724583549464,-0.00015141140843235565,0.0004460043733271088,0.0005345510385376473
2023-02-03 00:00:00+00:00,-0.006421594723646935,0.00026889839285714287,0.012163033098696286,-0.01858462782234322,-9.280964285714283e-05,0.00036170803571428567,0.0
2023-02-04 00:00:00+00:00,-0.005902043021197955,0.00027256368435643933,-0.0031616771630139278,-0.0027403658581840276,-0.0001411135644723252,0.0004136772488287645,0.0
2023-02-05 00:00:00+00:00,0.01417181331098826,0.00015744034647218402,-0.008916190812420934,0.023088004123409195,-7.941042104525813e-05,0.00023685076751744214,0.0005091994341959641
2023-02-06 00:00:00+00:00,0.006119569086260762,0.00054534625,-0.001546247246930903,0.007665816333191664,0.0003586746428571429,0.00018667160714285714,0.0
2023-02-07 00:00:00+00:00,-0.017738686008234708,0.00015239834432424215,0.03669923691606187,-0.05443792292429657,-3.6110876259834e-05,0.00018850922058407616,0.0
2023-02-08 00:00:00+00:00,0.005533887971247151,0.0002040071529291635,-0.012703152362212377,0.018237040333459527,-0.00015786549847041111,0.00036187265139957464,0.00045625982241011184
2023-02-09 00:00:00+00:00,0.00854219932672098,8.089499999999999e-05,-0.04643035397786992,0.0549725533045909,-6.96332142857143e-05,0.0001505282142857143,0.0
2023-02-10 00:00:00+00:00,-0.010224047173420398,-6.284256557623243e-05,0.002842688770184905,-0.013066735943605304,4.3950960132548524e-05,-0.00010679352570878094,0.0
2023-02-11 00:00:00+00:00,-0.01108833651562781,-0.0005881702132690452,0.009008303678418261,-0.02009664019404607,5.9585180830783866e-05,-0.000647755394099829,0.0005593588571736707
2023-02-12 00:00:00+00:00,-0.0032293337200316346,0.0006764985714285714,-0.005695834403809701,0.0024665006837780662,0.0005264985714285714,0.00015000000000000001,0.0
2023-02-13 00:00:00+00:00,0.009571234787732981,0.00021967450422318035,-0.010114960667389171,0.01968619545512215,7.177857157127149e-05,0.00014789593265190882,0.0
2023-02-14 00:00:00+00:00,-0.011478807222289937,0.00016077416890983358,0.017147516413088783,-0.028626323635378717,2.283320616652788e-05,0.00013794096274330573,0.0005101936252945926
2023-02-15 00:00:00+00:00,0.0007545858909499834,0.0003386469642857143,0.04125682005638921,-0.040502234165439244,0.0001897260714285714,0.00014892089285714285,0.0
2023-02-16 00:00:00+00:00,-0.013629818156171255,2.9642231707353152e-05,-0.034553031587797114,0.020923213431625867,-0.00014060406037983393,0.00017024629208718707,0.0
2023-02-17 00:00:00+00:00,-0.02218654350408033,8.977523245152426e-05,0.025065667259458024,-0.047252210763538346,-6.084615038034902e-05,0.00015062138283187328,0.000567163543434384
2023-02-18 00:00:00+00:00,-9.534410542020395e-05,0.00012300017857142854,0.002996544840837251,-0.003091888946257454,-8.459535714285714e-05,0.00020759553571428568,0.0
2023-02-19 00:00:00+00:00,-0.005079359532174,0.00011344664237679254,-0.0030914921767571163,-0.001987867355416884,-0.00011135689609725094,0.0002248035384740435,0.0
2023-02-20 00:00:00+00:00,-0.006137540237702318,8.219051032638964e-05,0.015904717739375598,-0.022042257977077918,-0.0001282327431971788,0.00021042325352356846,0.0005734536304822314
2023-02-21 00:00:00+00:00,0.004457158797707626,0.0009023084482758621,-0.012863370541151959,0.017320529338859587,0.0006743718965517241,0.00022793655172413793,0.0
2023-02-22 00:00:00+00:00,-0.0009335434151962569,9.39224560082646e-05,-0.008887461081584993,0.007953917666388737,-8.943048570135642e-05,0.000183352941709621,0.0
2023-02-23 00:00:00+00:00,0.0028845225607297942,0.00011510858958031965,-0.005302459157573156,0.008186981718302951,-6.483820262699033e-05,0.00017994679220730998,0.0005254521296919199
2023-02-24 00:00:00+00:00,0.009285397967201167,0.00011010620689655172,-0.021869117337449347,0.031154515304650517,-4.068741379310346e-05,0.0001507936206896552,0.0
2023-02-25 00:00:00+00:00,-0.00033507352424230904,0.0001285971038060705,-0.009499129757261228,0.00916405623301892,-6.796420464271809e-06,0.0001353935242703423,0.0
2023-02-26 00:00:00+00:00,0.00156683911910473,0.00012692215769167646,0.013714066865039006,-0.012147227745934276,-4.36983878705013e-06,0.0001312919964787266,0.0006440114948701993
2023-02-27 00:00:00+00:00,-0.014911497345029848,-0.0001576498275862069,-0.008653214089114746,-0.0062582832559151015,3.4755689655172415e-05,-0.0001924055172413793,0.0
2023-02-28 00:00:00+00:00,0.0026343196660547825,-0.0007470253155551967,-0.016064993162795038,0.018699312828849825,-1.2014527228247006e-07,-0.000746905170282914,0.0
2023-03-01 00:00:00+00:00,-0.00027640983957748135,0.00016147084956417212,0.017681870340242843,-0.017958280179820325,6.234605030835837e-05,9.912479925581371e-05,0.00030091674158314323
2023-03-02 00:00:00+00:00,0.005850559795096485,0.00029548172413793104,-0.009988751079268469,0.015839310874364954,0.0001740196551724138,0.00012146206896551725,0.0
2023-03-03 00:00:00+00:00,0.0077651600334610865,0.00023376758853102712,-0.023456803570032783,0.03122196360349387,0.00013467060795193024,9.909698057909687e-05,0.0
2023-03-04 00:00:00+00:00,0.005229841860073983,0.00016498108606565116,-0.011561002879951151,0.01679084474002513,8.095399688999324e-05,8.40270891756579e-05,0.0005787653046537517
2023-03-05 00:00:00+00:00,0.004905844871877974,0.0003897053448275862,0.0029853605643766967,0.0019204843075012771,0.00023155999999999999,0.00015814534482758621,0.0
2023-03-06 00:00:00+00:00,0.001000665033778074,0.00028213713508044467,0.007007979646625109,-0.006007314612847035,0.00018773831178508677,9.439882329535789e-05,0.0
2023-03-07 00:00:00+00:00,0.0033816540350069613,0.0002948418601272624,-0.012456897655269082,0.015838551690276044,0.00016215133461509805,0.00013269052551216433,0.0003832374839217735
2023-03-08 00:00:00+00:00,0.003866041134167039,0.00031350586206896553,-0.03222420473063985,0.036090245864806886,0.0001691203448275862,0.0001443855172413793,0.0
2023-03-09 00:00:00+00:00,0.004900496749320648,0.0002652278671319277,-0.02399462325770431,0.028895120007024953,0.00016659181702161912,9.863605011030858e-05,0.0
2023-03-10 00:00:00+00:00,0.0020829162102961145,0.0004151629870771795,0.0028649965088816103,-0.0007820802985854954,0.0003670136179334219,4.8149369143757665e-05,0.00046858562513426953
2023-03-11 00:00:00+00:00,0.00778358627704122,0.0005964970000000001,-0.008804295484597316,0.016587881761638536,0.0004956708333333334,0.00010082616666666667,0.0
2023-03-12 00:00:00+00:00,-0.004247228829435974,0.00035427997053945077,0.049735042251294825,-0.0539822710807308,0.0002871337832522082,6.714618728724257e-05,0.0
2023-03-13 00:00:00+00:00,-0.006433276022222945,0.0001863835674023176,0.02308981328097822,-0.029523089303201168,6.47315911305385e-05,0.0001216519762717791,0.0005488023526683179
2023-03-14 00:00:00+00:00,-0.0037128772510285966,0.00018312766666666666,0.02337705679741795,-0.027089934048446545,-2.6815666666666658e-05,0.00020994333333333333,0.0
2023-03-15 00:00:00+00:00,0.001919665257386469,8.49282349171388e-05,-0.041914718642217935,0.04383438389960441,-0.00012733293973506637,0.00021226117465220515,0.0
2023-03-16 00:00:00+00:00,-0.002651291443823473,0.00017266037583032147,0.00705389835892944,-0.009705189802752912,9.578010159333922e-05,7.688027423698225e-05,0.000576794004704955
2023-03-17 00:00:00+00:00,-0.004922780245763805,0.00041413216666666663,0.04189951729307076,-0.04682229753883456,0.0002908745,0.00012325766666666668,0.0
2023-03-18 00:00:00+00:00,0.0007335995826670413,0.00022717571359659084,-0.01443743100680633,0.015171030589473371,5.611118156551643e-05,0.0001710645320310744,0.0
2023-03-19 00:00:00+00:00,0.010673225773930045,0.0004944951539697851,0.023492918713839753,-0.012819692939909706,0.00033241470266771845,0.0001620804513020667,0.0005175726207477843
2023-03-20 00:00:00+00:00,0.005258448626269472,0.000385136129032258,-0.023676535540728377,0.028934984166997847,0.00025897935483870963,0.0001261567741935484,0.0
2023-03-21 00:00:00+00:00,-0.013242393752567914,0.0002022317181820497,0.005374574228982028,-0.01861696798154994,0.00010715980972475581,9.507190845729386e-05,0.0
2023-03-22 00:00:00+00:00,0.0007392285037224637,0.00011385726085174872,-0.022769430444878537,0.023508658948600998,8.353551661336373e-06,0.00010550370919041235,0.0005348106311096776
2023-03-23 00:00:00+00:00,-0.006194406439648447,0.00024998580645161294,0.019035034398281143,-0.025229440837929593,0.0001068982258064516,0.0001430875806451613,0.0
2023-03-24 00:00:00+00:00,0.0029366040793587954,0.00018755555811423164,-0.017999772536719943,0.020936376616078736,3.172049886326178e-05,0.00015583505925096985,0.0
2023-03-25 00:00:00+00:00,-0.0029428341450662126,0.00023366398533768186,-0.014857114657324148,0.011914280512257933,8.972710221836805e-05,0.00014393688311931381,0.0005575902190463902
2023-03-26 00:00:00+00:00,0.004231745921458235,0.00034560578125000004,0.012969931079821941,-0.008738185158363707,0.0002216234375,0.00012398234375,0.0
2023-03-27 00:00:00+00:00,-0.0025343184116947788,0.0002540002430605659,-0.027204142926573957,0.02466982451487918,0.0001277597466079728,0.00012624049645259313,0.0
2023-03-28 00:00:00+00:00,0.0045714170842251845,0.000232093470883548,0.017956268227621384,-0.0133848511433962,0.0001204921373549218,0.00011160133352862622,0.000411933933151525
2023-03-29 00:00:00+00:00,-0.003256657360308883,0.00030257015624999997,0.029232962692109232,-0.032489620052418115,0.00017781062500000003,0.00012475953125,0.0
2023-03-30 00:00:00+00:00,0.0012955863569239405,0.00031749871852597704,-0.011641570651642483,0.012937157008566423,0.00031299074285176477,4.507975674212283e-06,0.0
2023-03-31 00:00:00+00:00,0.009754140658104284,0.0005012696508673093,0.0216792907516027,-0.011925150093498418,0.000422894686629491,7.837496423781831e-05,0.000568617463670474
2023-04-01 00:00:00+00:00,0.0007123739489020738,0.00058097796875,0.002604318696105371,-0.001891944747203297,0.00043154109375,0.000149436875,0.0
2023-04-02 00:00:00+00:00,0.0012240717154213781,0.0003506225103739427,-0.011851197820203422,0.013075269535624798,0.00020628441415994608,0.00014433809621399658,0.0
2023-04-03 00:00:00+00:00,0.0021679795126670924,0.0006301751811486995,0.004648838113072803,-0.00248085860040571,0.0004894002918646237,0.00014077488928407588,0.00043018026597408684
2023-04-04 00:00:00+00:00,-0.003284322902051641,0.0006661653125,0.011778388414192946,-0.015062711316244587,0.00051466046875,0.00015150484375,0.0
2023-04-05 00:00:00+00:00,0.00040077127433378167,0.000478209449356983,0.005778813938473858,-0.005378042664140077,0.00032484337520428014,0.0001533660741527028,0.0
2023-04-06 00:00:00+00:00,-0.011524025445762752,0.0002903542594253533,-0.011826992368181544,0.0003029669224187911,0.00012009275107201711,0.0001702615083533362,0.00041058315977103577
2023-04-07 00:00:00+00:00,-0.0028888947244150778,0.00020812765625,-0.005005038984777863,0.0021161442603627855,0.00013153406249999999,7.659359375000002e-05,0.0
2023-04-08 00:00:00+00:00,-0.005391050437720806,-0.0005922576946016156,-0.008333189230696796,0.002942138792975988,6.813968486231776e-05,-0.0006603973794639332,0.0
2023-04-09 00:00:00+00:00,-0.0002391127696333591,-0.0005988022055063785,0.003686453267137485,-0.0039255660367708434,1.7542841979660197e-05,-0.0006163450474860389,0.00047558589602870674
2023-04-10 00:00:00+00:00,-0.002300687646463134,0.00029226578125,0.011766001192455204,-0.014066688838918338,0.00020216437499999998,9.010140625000001e-05,0.0
2023-04-11 00:00:00+00:00,0.004108099169845191,0.0009004875150445993,0.0009859087328972275,0.0031221904369479634,0.0007485806267505342,0.00015190688829406517,0.0
2023-04-12 00:00:00+00:00,-0.002050846962520161,0.00025928332925812767,-0.007216420919950496,0.005165573957430335,0.00011201979509234719,0.0001472635341657805,0.00046254882703328264
2023-04-13 00:00:00+00:00,-0.0074354163684446474,0.00014144060606060608,0.007819724608129856,-0.0152551409765745,-5.254242424242438e-06,0.00014669484848484852,0.0
2023-04-14 00:00:00+00:00,0.00046554207075022057,0.0002007116658278177,0.021734236750920337,-0.02126869468017012,1.892455206367518e-05,0.00018178711376414252,0.0
2023-04-15 00:00:00+00:00,-0.0005031170130754871,0.00014965158371301604,-0.0009415672660294347,0.0004384502529539474,-0.0001393090635765159,0.000288960647289532,0.0006393244119075852
2023-04-16 00:00:00+00:00,-0.00634075348877054,0.0003512640909090909,0.005415487508860784,-0.011756240997631324,-7.730318181818182e-05,0.0004285672727272727,0.0
2023-04-17 00:00:00+00:00,-0.004369190757410858,0.00028592521428552625,-0.008988846420517907,0.004619655663107048,-0.00012093538509024326,0.0004068605993757695,0.0
2023-04-18 00:00:00+00:00,-0.0025768911110181656,0.00026112480052951643,0.008061611192403707,-0.010638502303421872,-0.00011994503400298022,0.00038106983453249665,0.00043775612073592676
2023-04-19 00:00:00+00:00,0.0034928476698973168,0.00019781151515151514,-0.041797761913981164,0.04529060958387848,-5.015833333333335e-05,0.00024796984848484847,0.0
2023-04-20 00:00:00+00:00,0.0021190030242256614,6.175880678513683e-05,-0.012651811202358693,0.014770814226584354,-6.212323958931749e-05,0.00012388204637445432,0.0
2023-04-21 00:00:00+00:00,0.003756446624353425,3.897871825721707e-05,-0.02113035698064028,0.024886803604993707,-5.7609585346392705e-05,9.658830360360977e-05,0.00047353052146630406
2023-04-22 00:00:00+00:00,-0.0004836412978116568,0.0002413551515151515,0.015584323259772827,-0.016067964557584483,0.00011273227272727274,0.00012862287878787881,0.0
2023-04-23 00:00:00+00:00,0.00425345887617168,0.0002261420716113533,-0.008196481763692781,0.01244994063986446,8.31730080534842e-05,0.0001429690635578691,0.0
2023-04-24 00:00:00+00:00,-0.0039521645782514365,0.00027754306235385374,-0.0028793809549851846,-0.0010727836232662517,0.00012597521896112342,0.00015156784339273035,0.0005375796383632419
2023-04-25 00:00:00+00:00,0.0015515273538912432,0.00034876242424242425,0.011180665476833355,-0.009629138122942114,0.00019961,0.00014915242424242428,0.0
2023-04-26 00:00:00+00:00,0.0040259216848071945,0.00024312719753301533,-0.0033243781710989937,0.007350299855906188,8.998888017920087e-05,0.00015313831735381446,0.0
2023-04-27 00:00:00+00:00,0.0009993500594027884,0.00033312975803574457,0.011540991080168584,-0.010541641020765796,0.00019274441976722088,0.0001403853382685237,0.00045759750595474047
2023-04-28 00:00:00+00:00,-0.00271983979321746,0.0002706398484848485,-0.005130469358622656,0.0024106295654051967,0.00012082484848484847,0.00014981500000000003,0.0
2023-04-29 00:00:00+00:00,-0.008490708306374009,0.00028479834506784025,0.0011123215403718374,-0.009603029846745848,0.0001434221134155066,0.00014137623165233368,0.0
2023-04-30 00:00:00+00:00,0.0030623449127624523,2.3280767084861736e-05,-0.011274380299780083,0.014336725212542534,2.931041152055692e-05,-6.0296444356952025e-06,0.0004783066975968449
2023-05-01 00:00:00+00:00,0.0019970204492534838,0.00023852970588235291,-0.011838592923087494,0.013835613372340976,8.667588235294118e-05,0.0001518538235294118,0.0
2023-05-02 00:00:00+00:00,-0.002028940157256587,0.00028609323230757537,0.0032631975190855074,-0.005292137676342094,0.00013694049442210964,0.00014915273788546573,0.0
2023-05-03 00:00:00+00:00,-0.0018259933058089044,0.00018170745221923458,0.00451708075650241,-0.006343074062311315,3.9349930092884525e-05,0.00014235752212635007,0.0003439941794460454
2023-05-04 00:00:00+00:00,-0.0015069517582870014,0.00016337426470588236,-0.01305201921168285,0.011545067453395851,9.993676470588227e-06,0.00015338058823529413,0.0
2023-05-05 00:00:00+00:00,0.00574769083684879,0.0002899156044231189,0.011889185119230419,-0.006141494282381629,0.00013147159398926313,0.00015844401043385575,0.0
2023-05-06 00:00:00+00:00,0.008018406348778831,0.0003446250455658135,-0.018936321271115157,0.026954727619893988,0.00020339423815431585,0.00014123080741149766,0.00037393908603647357
2023-05-07 00:00:00+00:00,0.0018606522204880267,0.00043042308823529405,-0.002517806473509875,0.0043784586939979026,0.00028420632352941177,0.00014621676470588237,0.0
2023-05-08 00:00:00+00:00,0.011432553956438763,0.0003620092466962446,-0.02858947787786923,0.040022031834308,0.00026403824619764216,9.797100049860241e-05,0.0
2023-05-09 00:00:00+00:00,-0.0028299769095366653,0.00036912984659597426,-0.0006424912529393728,-0.0021874856565972925,0.00034466585411461017,2.446399248136406e-05,0.00048692281805615405
2023-05-10 00:00:00+00:00,0.004655187979564618,0.0005852870588235295,0.01390662108274789,-0.009251433103183273,0.00045343250000000004,0.00013185455882352943,0.0
2023-05-11 00:00:00+00:00,-0.0008515717411672827,0.000528298494867145,-0.024474289297314773,0.02362271755614749,0.0003840915224862051,0.00014420697238093998,0.0
2023-05-12 00:00:00+00:00,0.006810021368586194,0.000666188938428019,0.016881392058519566,-0.010071370689933372,0.0005376559380415686,0.0001285330003864503,0.0003197267912759348
2023-05-13 00:00:00+00:00,0.0021493973180188386,0.00041830264705882347,-0.006690631623163251,0.00884002894118209,0.00027776514705882353,0.00014053750000000002,0.0
2023-05-14 00:00:00+00:00,-0.0026846658819572227,0.0003692479704885304,0.004569523396325157,-0.00725418927828238,0.00023203045114795383,0.0001372175193405766,0.0
2023-05-15 00:00:00+00:00,-0.003909559220103415,0.0003330907234571532,0.0030963255986544928,-0.007005884818757907,0.00020436680361260765,0.00012872391984454552,0.00037578620399953896
2023-05-16 00:00:00+00:00,-0.001006752592010005,0.0002862579411764706,0.0033485643009425192,-0.004355316892952523,0.0001470920588235294,0.00013916588235294116,0.0
2023-05-17 00:00:00+00:00,-0.0005000081386621977,0.00011558310254209032,0.017398410820840086,-0.017898418959502282,5.899370733913587e-05,5.658939520295445e-05,0.0
2023-05-18 00:00:00+00:00,0.008261651434358237,0.00011967852131816545,-0.003150260368824749,0.011411911803182986,5.555958551950848e-05,6.411893579865696e-05,0.0005029152127373365
2023-05-19 00:00:00+00:00,-0.002299447510678529,0.0002859139705882353,0.001544495374675164,-0.003843942885353693,0.00013613220588235293,0.00014978176470588237,0.0
2023-05-20 00:00:00+00:00,0.0034658802468076166,0.0002480685893105277,0.002802776170775733,0.0006631040760318844,0.00010546501031329829,0.00014260357899722938,0.0
2023-05-21 00:00:00+00:00,0.005612176238761306,0.00023876536959761236,-0.009365143950312207,0.014977320189073513,0.00010538198995137764,0.0001333833796462347,0.00042803467330410853
2023-05-22 00:00:00+00:00,0.003120241574697944,0.00038538911764705885,0.0064428569281762185,-0.0033226153534782754,0.00022570308823529416,0.00015968602941176472,0.0
2023-05-23 00:00:00+00:00,0.0027742371410561647,0.0004549661958924164,0.011353132835557455,-0.00857889569450129,0.000300202611158706,0.00015476358473371035,0.0
2023-05-24 00:00:00+00:00,0.013984737972904221,0.00039151623706026493,-0.0019315521374909982,0.01591629011039522,0.00024267271047736724,0.0001488435265828977,0.00048688613930428416
2023-05-25 00:00:00+00:00,-0.003127549908207695,0.0005722067647058824,-0.0033953309872431898,0.0002677810790354951,0.00041700205882352936,0.00015520470588235296,0.0
2023-05-26 00:00:00+00:00,-0.0038878640755734013,0.00029947117948882446,0.0002730176919402078,-0.004160881767513609,0.00017937781540479223,0.00012009336408403225,0.0
2023-05-27 00:00:00+00:00,0.0006683847908428193,0.00022280766867440117,0.006002319861325401,-0.005333935070482581,8.180068958663898e-05,0.00014100697908776214,0.00038460983658045167
2023-05-28 00:00:00+00:00,0.004459992331998541,0.00035055696969696977,0.020593425571425843,-0.016133433239427303,0.00016442681818181815,0.00018613015151515154,0.0
2023-05-29 00:00:00+00:00,0.0024738271135423197,0.0003923706177599569,-0.0016443821880543657,0.004118209301596684,0.000234430099678722,0.000157940518081235,0.0
2023-05-30 00:00:00+00:00,-0.0021563076188283355,0.0008897037788605077,0.004015890912082963,-0.0061721985309112996,0.0007372166312334175,0.00015248714762709003,0.00041664640943520813
2023-05-31 00:00:00+00:00,0.0007538657055373476,0.00048748409090909085,-0.01436610011181063,0.015119965817347978,0.0003372033333333333,0.0001502807575757576,0.0
2023-06-01 00:00:00+00:00,-0.001029493865271697,0.0002767583239546883,-0.0025016337580450747,0.0014721398927733777,0.0001288046507157402,0.00014795367323894808,0.0
2023-06-02 00:00:00+00:00,0.002752738081563351,0.0005455182122212892,0.016345143350771293,-0.01359240526920794,0.00040253342383105923,0.00014298478839022994,0.00036903891793903785
2023-06-03 00:00:00+00:00,-0.0012798981828818102,0.00043242454545454556,-0.00529977050404609,0.004019872321164279,0.0002701472727272728,0.00016227727272727274,0.0
2023-06-04 00:00:00+00:00,-0.004535911121012799,6.651803887243578e-05,-0.0022211859721380798,-0.002314725148874719,-9.140224861223632e-05,0.0001579202874846721,0.0
2023-06-05 00:00:00+00:00,0.0017131641864222957,6.232481766434573e-05,-0.04466862470664749,0.046381788893069785,-8.886725620432841e-05,0.00015119207386867414,0.0004139352511983269
2023-06-06 00:00:00+00:00,0.0016266386795099237,0.0003139866176470588,0.021178066290353813,-0.01955142761084389,0.0002335441176470588,8.044250000000001e-05,0.0
2023-06-07 00:00:00+00:00,0.0039045051846421687,0.000883547900950051,-0.03184287440155231,0.035747379586194485,0.0007460283179739624,0.00013751958297608864,0.0
2023-06-08 00:00:00+00:00,-0.0023041242106726216,0.00028208794820705984,0.0012396461476304368,-0.003543770358303059,0.00019432609701275672,8.776185119430309e-05,0.0005895161163113755
2023-06-09 00:00:00+00:00,-0.006973901211797589,0.00039113073529411764,-0.009596968839569602,0.0026230676277720143,0.0002482145588235294,0.00014291617647058824,0.0
2023-06-10 00:00:00+00:00,0.007376281674055124,0.0006319399953865993,-0.07087907151138817,0.0782553531854433,0.0006209693343843254,1.0970661002273746e-05,0.0
2023-06-11 00:00:00+00:00,6.530675276401107e-05,0.00039926995292601045,-3.336967580278241e-05,9.867642856679383e-05,0.0004734349549324113,-7.416500200640084e-05,0.0005375493331596285
2023-06-12 00:00:00+00:00,-0.0007895295869999464,0.0004940567647058824,0.008010953218008238,-0.008800482805008187,0.0003646070588235294,0.00012944970588235296,0.0
2023-06-13 00:00:00+00:00,-0.0038896511471371875,0.0003329198194115294,0.0013501369423120973,-0.005239788089449285,0.0002403698434049123,9.254997600661706e-05,0.0
2023-06-14 00:00:00+00:00,0.0032150418066321223,0.0002680867033018629,-0.016883712989075785,0.020098754795707913,0.00017505339956888226,9.30333037329806e-05,0.0005069081861433208
2023-06-15 00:00:00+00:00,-0.004294087470721547,0.00038556147058823535,0.005409180955548049,-0.009703268426269595,0.0002660376470588235,0.00011952382352941178,0.0
2023-06-16 00:00:00+00:00,0.0038668150401510036,0.00043695292065299676,0.012935245833428206,-0.0090684307932772,0.000345549070796728,9.140384985626877e-05,0.0
2023-06-17 00:00:00+00:00,0.0004504457017266389,0.0002277859809716291,0.009358943162352858,-0.00890849746062622,0.00010579101759204172,0.00012199496337958738,0.00042576768286495535
2023-06-18 00:00:00+00:00,-0.000162036719196654,0.0003387095588235294,-0.011631071535469481,0.011469034816272827,0.00020326441176470587,0.00013544514705882355,0.0
2023-06-19 00:00:00+00:00,0.002935128930563523,0.00039923280535904005,0.009679900886604911,-0.006744771956041388,0.0003005462550642117,9.86865502948284e-05,0.0
2023-06-20 00:00:00+00:00,-2.768518131244721e-06,0.00035942543761943393,0.02485009591943662,-0.024852864437567863,0.00026575971598886603,9.366572163056789e-05,0.0003776075859521999
2023-06-21 00:00:00+00:00,-0.006349269885415168,0.00013811338235294118,0.024158512274768444,-0.03050778216018361,5.428676470588238e-06,0.00013268470588235294,0.0
2023-06-22 00:00:00+00:00,0.0016671492057082193,-0.00023294205260776892,-0.011191478816513393,0.012858628022221612,-3.0521009103220424e-05,-0.00020242104350454848,0.0
2023-06-23 00:00:00+00:00,-0.007771320635091356,-5.5851209132305675e-05,0.017934014440745733,-0.025705335075837086,-5.4180529008715454e-05,-1.6706801235901803e-06,0.0006115422641072756
2023-06-24 00:00:00+00:00,-0.002622598205186254,0.0002315698529411765,-0.005386427973617795,0.002763829768431541,8.946823529411765e-05,0.00014210161764705882,0.0
2023-06-25 00:00:00+00:00,-0.004604853009876926,0.0001352877708807818,0.005737033802419294,-0.01034188681229622,1.7718593776520098e-06,0.00013351591150312977,0.0
2023-06-26 00:00:00+00:00,0.007062051880399152,0.00016394425936761415,-0.005661624438767462,0.012723676319166613,1.9798814477889517e-05,0.00014414544488972465,0.0005799389613755135
2023-06-27 00:00:00+00:00,-0.0032281241155557904,0.00022071911764705884,0.006868787303494342,-0.010096911419050131,9.060779411764707e-05,0.00013011132352941179,0.0
2023-06-28 00:00:00+00:00,0.006214265774974847,0.00023833818934458588,-0.02873231911939393,0.034946584894368776,0.00012983197105593364,0.0001085062182886522,0.0
2023-06-29 00:00:00+00:00,0.011164526672239786,0.0003269192372490362,0.016501195889384545,-0.0053366692171447575,0.0002577973178691859,6.912191937985028e-05,0.0005924297180385842
2023-06-30 00:00:00+00:00,-0.013336051386373119,0.0003185385294117647,0.01899551990300401,-0.03233157128937713,0.00017386823529411761,0.00014467029411764708,0.0
2023-07-01 00:00:00+00:00,0.0009582459421038892,0.00020893020513562145,0.011809800096300897,-0.010851554154197009,6.549447798775672e-05,0.00014343572714786473,0.0
2023-07-02 00:00:00+00:00,0.0006666505334680375,0.00015826201227161715,-0.00042663810169603204,0.0010932886351640693,-5.216543318470213e-06,0.0001634785555900874,0.0004492587858445192
2023-07-03 00:00:00+00:00,-0.008130329492830957,0.0001418779411764706,0.006929423261525004,-0.015059752754355962,-6.337500000000005e-06,0.00014821544117647062,0.0
2023-07-04 00:00:00+00:00,0.002374125042611457,0.0002263979792362234,-0.005689134956400014,0.00806325999901147,7.167223844252243e-05,0.000154725740793701,0.0
2023-07-05 00:00:00+00:00,-0.0023578848208472697,0.0008168682116140785,-0.01784416456844244,0.01548627974759517,0.0007044221103750134,0.00011244610123906513,0.00044810743695987236
2023-07-06 00:00:00+00:00,0.007108630212398049,0.0005466125000000001,-0.015548634165662528,0.02265726437806058,0.0004191961764705883,0.00012741632352941177,0.0
2023-07-07 00:00:00+00:00,0.0038232968980913356,0.00046687202914495653,0.009906320870040041,-0.006083023971948707,0.00036939517452497266,9.74768546199839e-05,0.0
2023-07-08 00:00:00+00:00,0.00263286443936081,0.0002911355727589529,0.001115387494004051,0.0015174769453567593,0.00019516231484782717,9.597325791112571e-05,0.00043141217971271335
2023-07-09 00:00:00+00:00,0.0008227606545787355,0.0003086475,-0.004014763403279008,0.004837524057857742,0.00019203911764705884,0.00011660838235294117,0.0
2023-07-10 00:00:00+00:00,0.0008969014033360228,0.0003451352281280673,0.0024706895023872116,-0.0015737880990511894,0.0002323840176999393,0.0001127512104281281,0.0
2023-07-11 00:00:00+00:00,-0.0009003260674586223,0.0003159532847217531,0.0023345732622131457,-0.0032348993296717685,0.00019764196637625343,0.00011831131834549965,0.0004916985654748647
2023-07-12 00:00:00+00:00,-0.00021113330587893032,0.0003189692647058823,-0.0012177070247542522,0.0010065737188753214,0.00018267073529411765,0.00013629852941176473,0.0
2023-07-13 00:00:00+00:00,-0.012170506612172411,0.0003166018004889766,0.0301681936642311,-0.04233870027640352,0.00018506091049719947,0.0001315408899917771,0.0
2023-07-14 00:00:00+00:00,0.0011037691113308865,9.60276044540798e-05,-0.011525334581495895,0.012629103692826781,-7.964437951263873e-05,0.0001756719839667185,0.0004560406535533625
2023-07-15 00:00:00+00:00,0.002393025895930528,0.000217985,0.0024168871845209657,-2.3861288590436834e-05,6.727176470588233e-05,0.00015071323529411765,0.0
2023-07-16 00:00:00+00:00,0.010511552267358996,0.0004380117873342455,-0.005975224997034652,0.016486777264393647,0.0002845593970165052,0.0001534523903177403,0.0
2023-07-17 00:00:00+00:00,-0.0065907717261982565,0.00038235608677057476,0.003790216639953063,-0.01038098836615132,0.0002459988563535951,0.00013635723041697964,0.0005803097493095163
2023-07-18 00:00:00+00:00,-0.0029539041489979627,0.00013572132352941178,-0.016726701107480046,0.013772796958482082,-1.5367058823529415e-05,0.0001510883823529412,0.0
2023-07-19 00:00:00+00:00,0.002363221804262461,0.00011852690021169594,0.0015948568350692446,0.0007683649691932164,-1.200987773246311e-05,0.00013053677794415907,0.0
2023-07-20 00:00:00+00:00,0.00017829357090152673,4.539577061457028e-05,0.004721830505752905,-0.004543536934851378,-2.7198071507853268e-05,7.259384212242354e-05,0.0005489170338445434
2023-07-21 00:00:00+00:00,-0.00333804874984842,0.0002855504411764706,-0.0013898425735937468,-0.0019482061762546741,0.00014091279411764706,0.00014463764705882357,0.0
2023-07-22 00:00:00+00:00,0.005466706710854587,0.000993397714915325,-0.0018052757966356137,0.0072719825074902015,0.0008493519888781979,0.00014404572603712705,0.0
2023-07-23 00:00:00+00:00,0.006557575683603278,0.0036033450832307803,0.012820800024178555,-0.006263224340575277,0.003461857476306497,0.000141487606924283,0.00041166076236518547
2023-07-24 00:00:00+00:00,-0.0008006057241237916,0.0014627608823529414,-0.024538437735272853,0.023737832011149068,0.0013237810294117647,0.00013897985294117647,0.0
2023-07-25 00:00:00+00:00,0.0018014296541535545,0.0001364196023691739,-0.0018219609267504959,0.0036233905809040508,0.00013696539401176794,-5.457916425940707e-07,0.0
2023-07-26 00:00:00+00:00,0.0067351789121658685,0.0005154175718841818,0.011604262765487367,-0.0048690838533215,0.0004340945581448833,8.13230137392985e-05,0.0006604284440840315
2023-07-27 00:00:00+00:00,-0.0034839758718379354,0.0005107245588235295,0.00022555419926082213,-0.003709530071098758,0.00037343088235294115,0.00013729367647058823,0.0
2023-07-28 00:00:00+00:00,0.0028372671478881814,0.0005248792883893041,0.009334633647357258,-0.006497366499469076,0.0003793283483272682,0.00014555094006203596,0.0
2023-07-29 00:00:00+00:00,0.0011533150265594155,0.0007527521844451426,0.006555034284584584,-0.005401719258025168,0.0006322891846110444,0.00012046299983409804,0.0005162222778258832
2023-07-30 00:00:00+00:00,0.0018369443889182328,0.00021600161764705883,-0.008838138926579635,0.01067508331549787,7.126147058823527e-05,0.00014474014705882353,0.0
2023-07-31 00:00:00+00:00,-0.00060988482468166,0.00023737046237151324,-0.006780441778291195,0.006170556953609535,9.843705752762832e-05,0.00013893340484388492,0.0
2023-08-01 00:00:00+00:00,-0.003057703783807926,0.0003635332041930538,0.0072144700061118235,-0.010272173789919748,0.0002544737325978515,0.00010905947159520229,0.0005050060189828867
2023-08-02 00:00:00+00:00,-0.0037425844209769007,0.0005297889705882352,-0.01635242821052967,0.01260984378955277,0.000412735,0.0001170539705882353,0.0
2023-08-03 00:00:00+00:00,-0.0017869172940348007,0.00027952190964757994,-0.006537146349897929,0.004750229055863128,0.00015743216808952084,0.0001220897415580591,0.0
2023-08-04 00:00:00+00:00,0.0034558277425668273,0.0006672868013354032,0.0013349289660655609,0.002120898776501266,0.0005624173559616328,0.00010486944537377036,0.0005025005050238861
2023-08-05 00:00:00+00:00,0.0026526043266593786,0.0005429594117647059,0.0015812363503641858,0.0010713679762951933,0.0004012261764705882,0.00014173323529411764,0.0
2023-08-06 00:00:00+00:00,-0.0032152205307246825,0.00021112157290732237,0.004775612167616692,-0.007990832698341376,6.904747785689668e-05,0.00014207409505042568,0.0
2023-08-07 00:00:00+00:00,0.00020193830859259096,0.0001235057826774122,-0.0008215896737507984,0.0010235279823433893,1.2634797784064838e-05,0.00011087098489334738,0.0005392971012960568
2023-08-08 00:00:00+00:00,-0.0004911387689677336,0.0016963398529411763,0.0019734078250932853,-0.002464546594061019,0.0015518642647058822,0.0001444755882352941,0.0
2023-08-09 00:00:00+00:00,0.001566236048089315,0.0010090253325543213,-0.00020370544352632525,0.0017699414916156403,0.0008648249268156276,0.0001442004057386937,0.0
2023-08-10 00:00:00+00:00,-0.0027236060816104735,0.0002468180882844438,-0.004308788979020662,0.0015851828974101894,0.00010543455873370688,0.00014138352955073697,0.0004941041280562042
2023-08-11 00:00:00+00:00,0.008470456147526166,0.0011547685294117645,0.010779036793914275,-0.0023085806463881108,0.000998089705882353,0.00015667882352941176,0.0
2023-08-12 00:00:00+00:00,0.008930350326658733,0.0007503457850552499,0.009531668602103478,-0.0006013182754447443,0.0005676964511888199,0.00018264933386642987,0.0
2023-08-13 00:00:00+00:00,-0.002475891437303655,0.00254270545402145,0.0020889446082993832,-0.004564836045603039,0.0023865933326833867,0.0001561121213380628,0.0005620392352055363
2023-08-14 00:00:00+00:00,-0.0030493721436684247,0.001201678088235294,0.0024896556243715357,-0.00553902776803996,0.0010483723529411764,0.00015330573529411765,0.0
2023-08-15 00:00:00+00:00,0.007404110204290951,0.0006722673999502612,-0.024349983453603424,0.031754093657894375,0.0005495083342053624,0.00012275906574489885,0.0
2023-08-16 00:00:00+00:00,0.004022068805636544,0.0005846193015002965,-0.021506500212038517,0.025528569017675057,0.0005034773435386263,8.114195796167026e-05,0.0005916002337544702
2023-08-17 00:00:00+00:00,0.006336036666996809,0.0004880220588235294,-0.04139311795215078,0.04772915461914759,0.0003597157352941176,0.00012830632352941177,0.0
2023-08-18 00:00:00+00:00,0.0055079622652894605,0.0005543847693235233,0.014776161252402059,-0.0092681989871126,0.0005406072000935121,1.3777569230011099e-05,0.0
2023-08-19 00:00:00+00:00,0.0026764502568223493,0.0003018484389135822,0.010167450791938608,-0.00749100053511626,0.00022923670523787148,7.261173367571067e-05,0.0005407523386723314
2023-08-20 00:00:00+00:00,0.0003901737836819346,0.0005582798529411764,0.00010891541909590513,0.0002812583645860297,0.0004239714705882353,0.0001343083823529412,0.0
2023-08-21 00:00:00+00:00,-0.001063115417929961,0.00045906728229482756,-0.011201292857670238,0.010138177439740279,0.0003311518675704441,0.00012791541472438348,0.0
2023-08-22 00:00:00+00:00,-0.002520311681277544,0.0004167420011557553,-0.005244505966869314,0.00272419428559177,0.00029271303220172187,0.00012402896895403342,0.00037854982899210364
2023-08-23 00:00:00+00:00,0.0030229493754146213,0.00067331,0.016607285384662888,-0.013584336009248268,0.0005311801428571428,0.00014212985714285716,0.0
2023-08-24 00:00:00+00:00,0.004769225366039652,0.0005176910650251224,-0.008426136306766328,0.01319536167280598,0.00040401416798012553,0.00011367689704499692,0.0
2023-08-25 00:00:00+00:00,-0.0019758498499173336,0.0005050026012071027,-0.00632548967848799,0.004349639828570657,0.0004087224520014699,9.628014920563279e-05,0.000419139365532266
2023-08-26 00:00:00+00:00,0.005312368048819653,0.001311692857142857,-0.0025222476153124386,0.007834615664132093,0.0011802297142857142,0.00013146314285714285,0.0
2023-08-27 00:00:00+00:00,0.00023121743671336093,0.0010099074965342384,0.004648680414563873,-0.004417462977850512,0.000917446741874911,9.246075465932725e-05,0.0
2023-08-28 00:00:00+00:00,-0.0025064532464791883,0.0008331647480954553,-0.0020903937021024372,-0.0004160595443767507,0.0007220228170111389,0.00011114193108431633,0.0004210023676241598
2023-08-29 00:00:00+00:00,9.281182891887705e-05,0.001181497,0.022955955417846112,-0.022863143588927232,0.0011453864285714288,3.6110571428571424e-05,0.0
2023-08-30 00:00:00+00:00,0.0018110990969660758,0.000829915834155604,-0.005128926321774762,0.00694002541874084,0.0006953285926990036,0.00013458724145660024,0.0
2023-08-31 00:00:00+00:00,0.002003072634381012,0.0007011539503192168,-0.01716969423305839,0.0191727668674394,0.000566134625461774,0.00013501932485744276,0.0004902985230693103
2023-09-01 00:00:00+00:00,0.014465390506967065,0.0012956945588235293,0.003655241768543493,0.010810148738423571,0.0011886627941176471,0.00010703176470588236,0.0
2023-09-02 00:00:00+00:00,-0.016006111700656415,0.000509396022110244,-0.007778498180460311,-0.008227613520196107,0.00045920432855021004,5.019169356003397e-05,0.0
2023-09-03 00:00:00+00:00,0.005933245372857301,0.00043494910638145373,0.006166058814094254,-0.00023281344123695247,0.00039988463943744026,3.506446694401347e-05,0.000509872014375871
2023-09-04 00:00:00+00:00,-0.007305360392787469,0.001245655588235294,0.00017992034814158118,-0.007485280740929049,0.001169103382352941,7.655220588235294e-05,0.0
2023-09-05 00:00:00+00:00,-0.005769276844493503,0.001053448968148054,0.004003313268706935,-0.009772590113200438,0.0009347592823923181,0.00011868968575573593,0.0
2023-09-06 00:00:00+00:00,0.002329775518792136,0.00036965843542499015,0.007289072554107174,-0.004959297035315039,0.0003602137478947768,9.444687530213425e-06,0.0005038729438878276
2023-09-07 00:00:00+00:00,-0.006205787428611116,0.0011722385294117648,0.006359378824336771,-0.012565166252947884,0.001057301911764706,0.00011493661764705882,0.0
2023-09-08 00:00:00+00:00,-0.0025616339129343807,0.0026774537657061606,-0.0009856855074670838,-0.0015759484054672975,0.0025513648232600066,0.00012608894244615424,0.0
2023-09-09 00:00:00+00:00,-0.004671417267974731,0.0014082858989095345,-0.007484054991439417,0.002812637723464686,0.0013017206046549055,0.00010656529425462907,0.0005125985203975745
2023-09-10 00:00:00+00:00,0.013208031328752244,0.001147134142857143,-0.00981753423845905,0.023025565567211297,0.001074184,7.295014285714287e-05,0.0
2023-09-11 00:00:00+00:00,0.004803582146801808,0.002140548017707562,-0.01563281484379123,0.020436396990593037,0.002074553773793056,6.599424391450585e-05,0.0
2023-09-12 00:00:00+00:00,-0.0034780425090203087,0.0014035577886861868,0.004750849694619459,-0.008228892203639768,0.0013686203007027276,3.493748798345923e-05,0.0005041073078737356
2023-09-13 00:00:00+00:00,-0.0012814271559442644,0.0014845585714285713,0.01350977481077954,-0.014791201966723804,0.0014147392857142855,6.981928571428572e-05,0.0
2023-09-14 00:00:00+00:00,0.0024489087162458843,0.0014458394492252238,0.011016303918113663,-0.008567395201867778,0.0015397385016805874,-9.38990524553638e-05,0.0
2023-09-15 00:00:00+00:00,0.005475592881779547,0.0014523992333114566,0.022794271170329013,-0.017318678288549466,0.0013912947982740243,6.110443503743181e-05,0.0004443679511949224
2023-09-16 00:00:00+00:00,-0.000680451340218634,0.0014445160000000003,0.00016633289359251372,-0.0008467842338111481,0.0013084852857142859,0.00013603071428571433,0.0
2023-09-17 00:00:00+00:00,-0.0006957218208370969,0.0015615004519912122,-0.025663840147110477,0.02496811832627338,0.0014647695845952094,9.673086739600298e-05,0.0
2023-09-18 00:00:00+00:00,0.003136139290635871,0.000924278081828184,0.011852891704008977,-0.008716752413373106,0.000892847660371725,3.143042145645896e-05,0.0005735073522017631
2023-09-19 00:00:00+00:00,0.004245424397909603,0.0013590649999999998,0.019791684375364584,-0.015546259977454981,0.001259134857142857,9.993014285714286e-05,0.0
2023-09-20 00:00:00+00:00,-0.0009505780264027805,0.001128078824226485,-0.00034825618291648786,-0.0006023218434862932,0.0010126917865510162,0.00011538703767546877,0.0
2023-09-21 00:00:00+00:00,-0.008606468684279688,0.0005505112801993293,-0.01706609865013399,0.008459629965854299,0.00044143218122561867,0.00010907909897371069,0.0005122924961190293
2023-09-22 00:00:00+00:00,-0.0034612111579452225,0.00044332171428571434,0.006094037533067332,-0.009555248691012555,0.0003403918571428571,0.00010292985714285716,0.0
2023-09-23 00:00:00+00:00,0.0011931514426387485,0.0003370884881511885,-0.0033611292745301703,0.004554280717168919,0.00024005545588317087,9.703303226801765e-05,0.0
2023-09-24 00:00:00+00:00,-0.0015267593329773145,0.0003233459589266077,-0.008619139190228609,0.0070923798572512945,0.0002479275615396215,7.541839738698618e-05,0.0005212024777934694
2023-09-25 00:00:00+00:00,0.0021761402253838314,0.00039342085714285714,0.007213914135941793,-0.005037773910557961,0.0002518232857142857,0.00014159757142857143,0.0
2023-09-26 00:00:00+00:00,0.004303000279597294,0.0006157971094369758,0.003073135018681921,0.0012298652609153715,0.0005037426132213215,0.00011205449621565423,0.0
2023-09-27 00:00:00+00:00,0.0024744202897769027,0.001496031352797062,0.0049122148689786736,-0.0024377945792017717,0.0013743676272538353,0.00012166372554322682,0.00048663163917800513
2023-09-28 00:00:00+00:00,-0.009574512410106534,0.0009225090000000001,0.006044657065081141,-0.015619169475187673,0.0007835607142857144,0.00013894828571428574,0.0
2023-09-29 00:00:00+00:00,-0.001877008274846472,0.00029459168772573744,0.0017542292396687607,-0.003631237514515233,0.0001616737626392845,0.0001329179250864529,0.0
2023-09-30 00:00:00+00:00,-0.005685310251261559,0.00041501216466295583,0.002083854454914484,-0.007769164706176043,0.0002946727477946956,0.00012033941686826022,0.0005938470835131189
2023-10-01 00:00:00+00:00,-0.0019185041374426175,0.0011117187142857144,0.022185546622183833,-0.024104050759626447,0.000976906,0.00013481271428571429,0.0
2023-10-02 00:00:00+00:00,-0.00229231517644601,0.00037214431545810233,-0.02066375676686013,0.018371441590414123,0.00022726168070141305,0.0001448826347566893,0.0
2023-10-03 00:00:00+00:00,0.0033162650581391863,0.0002485839223398912,-0.011960477198397773,0.01527674225653696,0.00012234959886004923,0.00012623432347984198,0.0005185130639740379
2023-10-04 00:00:00+00:00,0.005791463403463659,0.000288743,-0.001273706755585491,0.00706517015904915,0.00016970628571428572,0.00011903671428571429,0.0
2023-10-05 00:00:00+00:00,-0.0017976625954362454,0.00027435563356840016,-0.007891656537846278,0.006093993942410033,0.00016911381336248918,0.00010524182020591098,0.0
2023-10-06 00:00:00+00:00,0.00404170093450112,0.0001605115446480675,0.01489475536985094,-0.010853054435349821,4.2039971969953404e-05,0.0001184715726781141,0.0005055101761647202
2023-10-07 00:00:00+00:00,-0.0026240013715985687,0.0001949274285714286,-0.0036078614019477285,0.0009838600303491596,8.601485714285715e-05,0.00010891257142857144,0.0
2023-10-08 00:00:00+00:00,-0.0012297072381662736,0.00016438232640100326,-0.003138321598197518,0.0019086143600312439,4.7376623642033226e-05,0.00011700570275897002,0.0
2023-10-09 00:00:00+00:00,0.0007234494896570757,0.0002432558316743676,-0.018639501680723182,0.019362951170380255,0.0001421800614959592,0.0001010757701784084,0.000542998462151288
2023-10-10 00:00:00+00:00,-0.002677942127255406,0.00048444808823529413,-0.006761063048271577,0.00408312092101617,0.00038244073529411764,0.00010200735294117648,0.0
2023-10-11 00:00:00+00:00,0.00164455582468573,0.0002419617186564882,-0.0020468547681480017,0.0036914105928337313,0.00017073219693475322,7.122952172173495e-05,0.0
2023-10-12 00:00:00+00:00,-0.0065885908551948785,0.00020696700711548725,-0.008525321523246646,0.0019367306680517673,8.72658543529791e-05,0.00011970115276250814,0.0005331781997977253
2023-10-13 00:00:00+00:00,-0.0020725744415161867,0.00018114558823529412,0.0031002842458525953,-0.005172858687368782,5.289779411764705e-05,0.00012824779411764708,0.0
2023-10-14 00:00:00+00:00,0.0008710919026687618,0.00019757813347359428,0.003901170999971285,-0.0030300790973025226,0.00012603303090461405,7.154510256898023e-05,0.0
2023-10-15 00:00:00+00:00,-0.004011464672737001,0.00013964816668054925,0.004418582081393433,-0.008430046754130435,3.552623644781355e-05,0.00010412193023273569,0.0006283122252187238
2023-10-16 00:00:00+00:00,0.0029052440126496977,0.00026527742857142863,0.01232008903492089,-0.009414845022271193,0.00013922471428571426,0.0001260527142857143,0.0
2023-10-17 00:00:00+00:00,-0.0005987969810178828,0.0002093767489446817,-0.013620087189288779,0.013021290208270897,0.00010301780362439036,0.00010635894532029133,0.0
2023-10-18 00:00:00+00:00,-0.0006752795086009667,0.0001022027441222736,-0.008548944054701937,0.007873664546100969,4.02025788357339e-05,6.20001652865397e-05,0.0005456281833388288
2023-10-19 00:00:00+00:00,-0.006290587501750928,0.00029239399999999997,-0.00818690582811911,0.001896318326368182,0.00017467614285714286,0.00011771785714285716,0.0
2023-10-20 00:00:00+00:00,0.0012664271699105141,0.0001586691949259038,0.018709859519022976,-0.01744343234911246,9.783481394158268e-05,6.08343809843211e-05,0.0
2023-10-21 00:00:00+00:00,0.004746659000562219,0.00013207943052462594,0.018804918697279037,-0.014058259696716816,8.885629433337837e-05,4.322313619124757e-05,0.0004890150682652089
2023-10-22 00:00:00+00:00,0.004342722952301366,0.000219051,0.011148646173891559,-0.006805923221590194,9.176714285714284e-05,0.00012728385714285716,0.0
2023-10-23 00:00:00+00:00,0.003137316770709004,0.0005841415533057543,0.03282667665072626,-0.029689359880017252,0.00043670097074449915,0.00014744058256125532,0.0
2023-10-24 00:00:00+00:00,-0.004383796891820845,0.00038864763233685437,0.004306374352410831,-0.008690171244231677,0.0002175697743125501,0.00017107785802430428,0.0006022891313169893
2023-10-25 00:00:00+00:00,0.006879176200578493,0.0011020902777777778,0.01618407920712548,-0.009304903006546985,0.0009341987500000001,0.0001678915277777778,0.0
2023-10-26 00:00:00+00:00,0.0003719586268988639,0.0011550362138206978,0.001963394811268387,-0.0015914361843695224,0.0009440169063918204,0.0002110193074288774,0.0
2023-10-27 00:00:00+00:00,-0.0013137148843823786,0.00037849084028815426,-0.00823330390551975,0.00691958902113737,0.00018091692862815277,0.00019757391166000152,0.0006347303103913792
2023-10-28 00:00:00+00:00,0.001398159523504282,0.00014724432432432433,0.014109493456878099,-0.012711333933373817,-8.346121621621624e-05,0.00023070554054054057,0.0
2023-10-29 00:00:00+00:00,-0.006045140161607232,0.0002127689927678211,0.008743757676589903,-0.014788897838197135,-4.249720579921251e-05,0.0002552661985670336,0.0
2023-10-30 00:00:00+00:00,-0.006922093089966025,0.00046287601417871905,0.009232262101926961,-0.01615435519189299,0.00013851228065935028,0.00032436373351936876,0.0004018870344559769
2023-10-31 00:00:00+00:00,-0.003756290715438341,0.00046826833333333325,-0.0130874586978512,0.009331167982412859,0.00018664916666666663,0.0002816191666666667,0.0
2023-11-01 00:00:00+00:00,-0.002409188923879399,0.0001926109716887806,0.017894835232485584,-0.02030402415636498,-2.0614684102887802e-05,0.0002132256557916684,0.0
2023-11-02 00:00:00+00:00,0.0055113880017971205,0.0004225087310918359,-0.011807432593151247,0.017318820594948367,-0.00013788925648987657,0.0005603979875817124,0.0003940576161319938
2023-11-03 00:00:00+00:00,-0.0067419787639200705,0.00010487648648648649,0.006940263311636827,-0.013682242075556898,-0.00010169148648648651,0.00020656797297297297,0.0
2023-11-04 00:00:00+00:00,0.0005457944576506596,0.00021294700322549637,0.01616618937392239,-0.015620394916271728,-4.859910245642373e-05,0.0002615461056819201,0.0
2023-11-05 00:00:00+00:00,0.006073548759093892,0.0003090499540099747,0.00986413754612075,-0.003790588787026858,-6.817096309591372e-05,0.00037722091710588835,0.0005461898027421097
2023-11-06 00:00:00+00:00,0.010108918580589437,0.0004352871052631579,0.021210708699847966,-0.011101790119258527,8.044999999999995e-06,0.0004272421052631579,0.0
2023-11-07 00:00:00+00:00,0.00029929403036298304,0.000516694905595642,-0.0108153437180727,0.011114637748435685,0.00014148226558523283,0.0003752126400104092,0.0
2023-11-08 00:00:00+00:00,-0.015042051272656414,0.0004627370755357116,0.00977395272271912,-0.024816003995375528,0.00022459659581659832,0.00023814047971911325,0.0005249844835161965
2023-11-09 00:00:00+00:00,-0.0030919243909441952,0.0007533948684210526,-0.0028364114023048713,-0.00025551298863932086,0.00025288973684210525,0.0005005051315789473,0.0
2023-11-10 00:00:00+00:00,-0.02019147028260498,0.0003245148887976903,0.023132733700439716,-0.04332420398304469,6.653890799445247e-05,0.00025797598080323786,0.0
2023-11-11 00:00:00+00:00,0.009684072057227155,0.00034714983097030715,0.007645941340807832,0.002038130716419326,-0.0001793770906448279,0.000526526921615135,0.0004636873847318924
2023-11-12 00:00:00+00:00,-0.003030968615848557,0.0005497452564102564,0.00821500787802341,-0.011245976493871965,-0.00019513782051282051,0.0007448830769230769,0.0
2023-11-13 00:00:00+00:00,0.007499402097248184,0.0004262650488073508,-0.022749778715771753,0.030249180813019937,-0.00016969774880444733,0.0005959627976117981,0.0
2023-11-14 00:00:00+00:00,-0.008930889929441148,0.00016972806280583785,-0.006325620422042377,-0.0026052695073987705,-9.405061934536839e-05,0.00026377868215120623,0.00037734636288743964
2023-11-15 00:00:00+00:00,0.0061784290020049015,0.000166116625,0.032567516592520634,-0.026389087590515732,-0.00015477650000000003,0.000320893125,0.0
2023-11-16 00:00:00+00:00,0.0028089948050284068,0.0001797542658861011,-0.021309531919571377,0.024118526724599784,-0.0002022273620990778,0.0003819816279851789,0.0
2023-11-17 00:00:00+00:00,-0.0019056030356169504,0.00013353514359502858,-0.003965385617562922,0.0020597825819459723,-6.677320299391053e-05,0.00020030834658893914,0.0004994375230090427
2023-11-18 00:00:00+00:00,0.0075493168131847005,6.130134146341463e-05,-0.003677259226139585,0.011226576039324285,-0.00010413804878048783,0.00016543939024390243,0.0
2023-11-19 00:00:00+00:00,0.004135835391340676,6.658993221663621e-05,0.017033459057651794,-0.012897623666311118,-0.00013472827317143285,0.00020131820538806907,0.0
2023-11-20 00:00:00+00:00,-0.00449397861973088,9.787276194741929e-05,-0.010790935184082386,0.006296956564351505,-0.0001247122895079799,0.00022258505145539918,0.0005536382717092722
2023-11-21 00:00:00+00:00,-0.0006095184201905645,0.00041682329268292686,-0.04571584838192321,0.045106329961732645,0.00021784878048780484,0.00019897451219512196,0.0
2023-11-22 00:00:00+00:00,-0.0002650400053731388,9.514779033114276e-05,0.04179198772073685,-0.04205702772610999,-3.9966726333373156e-05,0.00013511451666451592,0.0
2023-11-23 00:00:00+00:00,-0.0003117344119414878,5.380450284161169e-05,0.002217737155199086,-0.0025294715671405734,-0.000115199525954405,0.00016900402879601667,0.0005025926736032003
2023-11-24 00:00:00+00:00,0.002387963585975833,2.2832682926829265e-05,0.016988452712522598,-0.014600489126546764,-0.00013682012195121953,0.0001596528048780488,0.0
2023-11-25 00:00:00+00:00,-0.0036189700166472344,-1.0391455136661111e-05,0.010722838964072272,-0.014341808980719508,-0.000149258072659484,0.00013886661752282283,0.0
2023-11-26 00:00:00+00:00,0.0014914922969421506,-0.0003876127065931585,-0.0070117810465076605,0.00850327334344981,-0.00012986299327822384,-0.00025774971331493456,0.0005857455565008802
2023-11-27 00:00:00+00:00,-0.005025648628825093,0.00046510719512195123,-0.016572472502519066,0.011546823873693973,0.00029050012195121954,0.00017460707317073175,0.0
2023-11-28 00:00:00+00:00,-0.010219333390101299,0.00010859141387802001,0.0052435177639032805,-0.01546285115400458,-6.394980168662466e-05,0.00017254121556464465,0.0
2023-11-29 00:00:00+00:00,0.00031427839222127746,-4.5637392025604514e-05,-0.004657717795314642,0.004971996187535918,-8.68089051450745e-05,4.117151311947001e-05,0.0005337930968375293
2023-11-30 00:00:00+00:00,-0.0013745375424868422,0.0001821910975609756,0.0005903775892756942,-0.001964915131762536,2.9367682926829262e-05,0.00015282341463414636,0.0
2023-12-01 00:00:00+00:00,-0.004477518343066001,7.014363013262121e-05,0.009468076196793468,-0.013945594539859467,-7.379254420090919e-05,0.00014393617433353036,0.0
2023-12-02 00:00:00+00:00,-0.006042758419249814,6.10143156544114e-05,0.018305434033913316,-0.02434819245316313,-0.00014796361386431038,0.00020897792951872181,0.0005938530834464384
2023-12-03 00:00:00+00:00,0.001825232362956051,0.000228365119047619,0.003310373532168831,-0.0014851411692127804,-0.00014481535714285713,0.00037318047619047613,0.0
2023-12-04 00:00:00+00:00,0.02162526884582389,0.0002601977101418326,0.03838157783290857,-0.016756308987084675,-0.000249843994643371,0.0005100417047852035,0.0
2023-12-05 00:00:00+00:00,-0.013063867160637753,0.00014230799956916682,0.005966653817454664,-0.019030520978092418,-0.00033271699885476023,0.0004750249984239271,0.0005575973649855447
2023-12-06 00:00:00+00:00,0.00594500523950247,0.0003519830952380952,-0.013734712061014722,0.019679717300517194,-0.0001654822619047619,0.0005174653571428571,0.0
2023-12-07 00:00:00+00:00,-0.0013823364403687353,0.000148952114303668,0.01232719849719004,-0.013709534937558776,-0.0001756340750600542,0.0003245861893637222,0.0
2023-12-08 00:00:00+00:00,0.0018403976847226832,0.0002877628950105923,0.016643513338746804,-0.014803115654024123,-0.0003007340396103306,0.000588496934620923,0.0004739966029767613
2023-12-09 00:00:00+00:00,0.008524971719529859,0.0005948317441860465,-0.0015497693256820114,0.01007474104521187,-0.00040742232558139534,0.001002254069767442,0.0
2023-12-10 00:00:00+00:00,-0.0035586075970034745,0.00029791757165987496,0.007287467671861354,-0.010846075268864828,-0.0002573320179709268,0.0005552495896308017,0.0
2023-12-11 00:00:00+00:00,0.003380314255856054,0.00013978605632966604,-0.030055416367738265,0.03343573062359431,-0.00017406184604935792,0.00031384790237902395,0.0003894198722672871
2023-12-12 00:00:00+00:00,0.00349091627719605,0.00022879697674418604,0.013369264177221568,-0.009878347900025519,-0.0001618193023255814,0.00039061627906976745,0.0
2023-12-13 00:00:00+00:00,0.004119237732324105,0.00019549317197099978,0.008965389872473983,-0.004846152140149877,-0.00018659675062392128,0.00038208992259492104,0.0
2023-12-14 00:00:00+00:00,0.0011664566653624524,0.0004030226963093874,0.01672947900518478,-0.01556302233982233,-0.00016675114644469497,0.0005697738427540823,0.0005239003924044307
2023-12-15 00:00:00+00:00,0.0030829428135823816,0.0006254658139534884,-0.020319297322708783,0.023402240136291164,-0.00024020872093023256,0.000865674534883721,0.0
2023-12-16 00:00:00+00:00,-0.001346336750019252,0.0003200537253499453,0.013208032045680825,-0.014554368795700077,-0.000117759604584713,0.00043781332993465827,0.0
2023-12-17 00:00:00+00:00,-0.006386418546015282,0.00032401139000732057,-0.0144051983511061,0.008018779805090819,-0.0002002514915879539,0.0005242628815952745,0.0003333447824756151
2023-12-18 00:00:00+00:00,0.009316832572536033,0.00031528852272727276,0.005949817432957187,0.0033670151395788443,-2.6956818181818395e-06,0.00031798420454545457,0.0
2023-12-19 00:00:00+00:00,-0.002620057942718771,0.0001835543022049019,-0.007528415491204611,0.00490835754848584,-5.5194216239216746e-05,0.00023874851844411866,0.0
2023-12-20 00:00:00+00:00,-0.010271661080833657,0.0002598998881786429,0.015707789956219777,-0.025979451037053437,-0.0001054018089604431,0.000365301697139086,0.0004235385186535075
2023-12-21 00:00:00+00:00,0.010399308553626318,0.0004714444318181818,0.020851051506706655,-0.010451742953080337,-0.00019338000000000005,0.0006648244318181819,0.0
2023-12-22 00:00:00+00:00,0.0015021356431522501,0.00045556529700305573,0.011858227871733169,-0.010356092228580919,-0.00035433305285683704,0.0008098983498598929,0.0
2023-12-23 00:00:00+00:00,0.0025793552300573995,0.0003533797901531413,0.00752690040979438,-0.0049475451797369825,-0.00030367343317494976,0.0006570532233280912,0.00045830138558124113
2023-12-24 00:00:00+00:00,0.003249918425037619,0.0007799480681818182,0.0009265825187967781,0.0023233359062408425,-0.00014862693181818182,0.000928575,0.0
2023-12-25 00:00:00+00:00,0.006973748672746884,0.0006259126457632648,0.025051768891450266,-0.018078020218703385,-0.0003316086362966718,0.0009575212820599365,0.0
2023-12-26 00:00:00+00:00,0.01055191217922861,0.00040969093581639355,0.0025342460486556294,0.008017666130572981,-0.000544592616121677,0.0009542835519380707,0.0003934771797567556
2023-12-27 00:00:00+00:00,-0.006956600976192276,0.0005980205555555557,0.007180812041654365,-0.014137413017846639,-0.00014097577777777778,0.0007389963333333334,0.0
2023-12-28 00:00:00+00:00,-0.0011940549416943067,0.0009646624107867157,-0.016496435284410374,0.015302380342716065,-3.3948985691660246e-05,0.000998611396478376,0.0
2023-12-29 00:00:00+00:00,-0.0033197063776675686,0.0007721761769909129,-0.005893427809005218,0.0025737214313376494,-4.6459699825677873e-05,0.0008186358768165908,0.00047515427902554625
2023-12-30 00:00:00+00:00,0.0011553617962478946,0.0009466601111111112,-0.0013409082235258454,0.00249627001977374,0.0002390363333333333,0.0007076237777777778,0.0
2023-12-31 00:00:00+00:00,0.0008953170157913809,0.001410026924957745,-0.005221006618824715,0.006116323634616096,0.0007051191775716864,0.0007049077473860589,0.0
2024-01-01 00:00:00+00:00,-0.0021353359087629663,0.0007169480140025019,0.019900082637193353,-0.022035418545956316,-5.053386215372977e-06,0.0007220014002178748,0.0004210677857716115
2024-01-02 00:00:00+00:00,-0.0034194195179919206,0.0005703567391304348,-0.008267580146562179,0.004848160628570257,-0.00047544847826086955,0.0010458052173913043,0.0
2024-01-03 00:00:00+00:00,0.011479996921539875,0.0003660346607313701,-0.03217067754183492,0.0436506744633748,-0.00015207977573348063,0.0005181144364648508,0.0
2024-01-04 00:00:00+00:00,-0.00387525751235567,0.00010248306733244846,0.011716658977838702,-0.015591916490194372,-2.3688524660917726e-05,0.00012617159199336617,0.00040708819283445885
2024-01-05 00:00:00+00:00,-0.012068708814894009,0.00015901977777777777,-0.017208020826116013,0.005139312011222004,1.3385555555555452e-06,0.00015768122222222224,0.0
2024-01-06 00:00:00+00:00,0.0008735181594394558,0.0002752172871499588,-0.014645264193764863,0.01551878235320432,0.00011472244929480082,0.000160494837855158,0.0
2024-01-07 00:00:00+00:00,-0.0008515594233265283,-9.25619766415428e-05,-0.026893850603719793,0.02604229118039326,8.132761230507396e-05,-0.00017388958894661683,0.0006000611909065863
2024-01-08 00:00:00+00:00,-0.011854156803070903,0.0010094766666666668,0.025989768515657544,-0.03784392531872845,0.000866564,0.00014291266666666667,0.0
2024-01-09 00:00:00+00:00,-0.0012789482956377888,0.0005531241236663505,-0.02307256510695945,0.021793616811321657,0.0003927536974831457,0.00016037042618320484,0.0
2024-01-10 00:00:00+00:00,-0.014043965723323584,0.0003141044940980534,0.03641045727876746,-0.05045442300209105,0.0001575244656361526,0.00015658002846190072,0.0004677303074473268
2024-01-11 00:00:00+00:00,-0.0029990546784192046,7.882977777777778e-05,0.012555277739502622,-0.015554332417921826,-8.914166666666669e-05,0.00016797144444444446,0.0
2024-01-12 00:00:00+00:00,-0.006590749889637003,4.5421770988729305e-05,-0.02538631535249191,0.018795565462854907,-0.00013970598098367955,0.00018512775197240887,0.0
2024-01-13 00:00:00+00:00,-0.0011902565067557678,9.616730873974403e-05,0.010551116381591952,-0.01174137288834772,-8.043286018064117e-05,0.00017660016892038518,0.000635355682717765
2024-01-14 00:00:00+00:00,-0.004524322739913532,8.062130434782609e-05,-0.020802784759475747,0.016278462019562213,-9.112260869565219e-05,0.00017174391304347825,0.0
2024-01-15 00:00:00+00:00,0.004816771066665231,0.0001211667946561243,0.011676412600621085,-0.006859641533955854,-3.6756609093454694e-05,0.000157923403749579,0.0
2024-01-16 00:00:00+00:00,0.003876509231545178,0.00015769252344475246,0.014744077478320652,-0.010867568246775476,9.321203942472032e-06,0.00014837131950228043,0.0004988356589733445
2024-01-17 00:00:00+00:00,-0.004211049507113854,0.00015553010869565217,-0.0065950248051134756,0.0023839752979996215,-1.2170000000000007e-05,0.00016770010869565218,0.0
2024-01-18 00:00:00+00:00,0.00013644099431978605,0.00012788481963286,-0.026244593627195372,0.026381034621515156,-6.144697669515362e-05,0.00018933179632801362,0.0
2024-01-19 00:00:00+00:00,0.009598642285264752,9.974942483211898e-05,0.005223036387475031,0.0043756058977897205,-6.629770624104036e-05,0.00016604713107315936,0.0004843072281631427
2024-01-20 00:00:00+00:00,-0.00030083020361863875,0.0013006328723404257,0.002846046209279111,-0.0031468764128977497,0.001124087765957447,0.00017654510638297872,0.0
2024-01-21 00:00:00+00:00,0.006351970840549706,0.0006730110034229975,0.0010774644055895283,0.005274506434960178,0.0005053092095457043,0.0001677017938772932,0.0
2024-01-22 00:00:00+00:00,-0.0004916249884786058,0.00028665766544603297,-0.02914940419828166,0.02865777920980305,0.00011439140522148791,0.00017226626022454506,0.0005228972456085943
2024-01-23 00:00:00+00:00,0.005629683843635037,0.0003619298936170213,-0.004294877584557261,0.009924561428192298,0.0002046748936170212,0.00015725500000000002,0.0
2024-01-24 00:00:00+00:00,-0.00907818297872047,0.00028412634873888624,0.006418152932672825,-0.015496335911393294,0.0001542551833649847,0.00012987116537390157,0.0
2024-01-25 00:00:00+00:00,-0.0031947039970875273,0.0004587699380166539,-0.010728151600175012,0.007533447603087485,0.00029045439735388585,0.00016831554066276813,0.00046513962980624177
2024-01-26 00:00:00+00:00,-0.0064019953490223325,0.0006804466304347826,0.020528542872511536,-0.026930538221533868,0.0005162920652173914,0.0001641545652173913,0.0
2024-01-27 00:00:00+00:00,0.0037485034442199233,0.00022103447685896025,0.009000532323334347,-0.005252028879114424,4.7736175023648384e-05,0.00017329830183531188,0.0
2024-01-28 00:00:00+00:00,0.0024715356313716715,0.00023772837012068737,-0.008586502092114263,0.011058037723485934,5.9855714955471496e-05,0.00017787265516521584,0.00035920604178862913
2024-01-29 00:00:00+00:00,0.0006750344995833288,0.00016015804347826088,0.01704510784210813,-0.0163700733425248,-2.561728260869565e-05,0.00018577532608695654,0.0
2024-01-30 00:00:00+00:00,-0.0006693950392750198,0.0001469719157417521,-0.007753701794899589,0.007084306755624569,-3.895264825494448e-05,0.00018592456399669653,0.0
2024-01-31 00:00:00+00:00,-0.0031191354719392033,0.00014637694260370747,-0.020654780977831126,0.01753564550589192,-4.1374737577086254e-05,0.00018775168018079374,0.00028127425627135085
2024-02-01 00:00:00+00:00,-0.0003242524930606573,0.00016897510869565217,0.004773594944777861,-0.005097847437838518,-9.501847826086974e-06,0.00017847695652173912,0.0
2024-02-02 00:00:00+00:00,0.0029750405700062397,0.00017073375191079392,0.008013008672494104,-0.005037968102487866,5.690636911452081e-06,0.00016504311499934183,0.0
2024-02-03 00:00:00+00:00,0.0012580483688469236,7.755821493821686e-05,-0.004112927363394893,0.005370975732241816,-8.014626904232827e-05,0.00015770448398054511,0.00048417232279964996
2024-02-04 00:00:00+00:00,0.004243468838735741,0.00025259411111111117,-0.007689088085280089,0.011932556924015831,8.941477777777777e-05,0.00016317933333333335,0.0
2024-02-05 00:00:00+00:00,-0.003908895960706533,0.00021013493724746465,0.0036288645906472354,-0.007537760551353768,5.145949710326044e-05,0.00015867544014420423,0.0
2024-02-06 00:00:00+00:00,-0.003945979784013374,0.00018161254256395415,0.0008831413529377661,-0.00482912113695114,1.7876084482957735e-05,0.0001637364580809964,0.0003485931931858246
2024-02-07 00:00:00+00:00,0.0019491822278110815,0.0002646904651162791,0.017538552115279674,-0.015589369887468594,0.0001681379069767442,9.655255813953488e-05,0.0
2024-02-08 00:00:00+00:00,0.002790050333098929,0.0002493681592953912,0.00516527989402764,-0.00237522956092871,8.56382051065471e-05,0.0001637299541888441,0.0
2024-02-09 00:00:00+00:00,0.0004186821333284547,0.00031161994865411843,0.019352134116432797,-0.01893345198310434,0.00012864623600946943,0.00018297371264464903,0.00035423188074746556
2024-02-10 00:00:00+00:00,-0.005107511833362373,0.00021499523255813955,-0.0020530278385705912,-0.0030544839947917817,1.1917558139534883e-05,0.00020307767441860467,0.0
2024-02-11 00:00:00+00:00,-0.003186125201924762,0.00019165646624202346,0.002752100356146897,-0.005938225558071658,-3.515109715561249e-05,0.00022680756339763598,0.0
2024-02-12 00:00:00+00:00,0.0007360483403499457,0.00016683890569294977,0.021252739921990976,-0.02051669158164103,-4.854153389798542e-05,0.0002153804395909352,0.0005946370083633584
2024-02-13 00:00:00+00:00,-0.00015962693828114674,0.00038600853658536584,0.0031246674435775382,-0.003284294381858686,-0.00013200670731707318,0.000518015243902439,0.0
2024-02-14 00:00:00+00:00,0.0009313286302588646,0.0007154802627548603,0.024566895601236198,-0.02363556697097733,5.5298322531792233e-05,0.0006601819402230682,0.0
2024-02-15 00:00:00+00:00,0.004345184906232397,0.0006135616922439055,0.008603669297399343,-0.004258484391166946,-0.00029310978291978353,0.0009066714751636891,0.00043929241513516527
2024-02-16 00:00:00+00:00,-0.019495725750913705,0.00033767,-0.005039137315776862,-0.01445658843513684,-0.00026632231707317077,0.0006039923170731708,0.0
2024-02-17 00:00:00+00:00,-0.005624150701492933,0.00011635897634139063,0.001677964813207151,-0.0073021155147000825,-0.0002155712653063456,0.0003319302416477363,0.0
2024-02-18 00:00:00+00:00,-0.0006562385653586422,0.0004413092173016477,0.02019896569993012,-0.020855204265288762,-0.0002602384796469517,0.0007015476969485994,0.000390322914475239
2024-02-19 00:00:00+00:00,-0.0016189604219108396,0.0005736419047619047,0.01221642608162478,-0.013835386503535621,-0.00030000904761904755,0.0008736509523809522,0.0
2024-02-20 00:00:00+00:00,-0.0012826143478731023,0.00034273208754877953,-0.011317648640539073,0.01003503429266597,-0.0003929725212656575,0.000735704608814437,0.0
2024-02-21 00:00:00+00:00,0.002949686087742485,0.0002222032366514195,-0.008951832842365552,0.011901518930108037,-0.00017773918456688714,0.0003999424212183066,0.0004330151917474042
2024-02-22 00:00:00+00:00,-0.00012255426019905325,0.00045130941860465116,0.0053366564786845195,-0.0054592107388835714,-0.00012093627906976747,0.0005722456976744187,0.0
2024-02-23 00:00:00+00:00,0.0009456796217907622,0.00037303786714160873,-8.071138287829788e-05,0.0010263910046690594,-0.00023190042055454795,0.0006049382876961567,0.0
2024-02-24 00:00:00+00:00,0.020833475795348264,0.0003921578134094061,0.03392868705402017,-0.01309521125867191,-0.00017486373271984084,0.0005670215461292471,0.00042811943741018405
2024-02-25 00:00:00+00:00,0.00214952028064261,0.0006499120454545456,0.009007186638081293,-0.006857666357438683,-9.510159090909089e-05,0.0007450136363636364,0.0
2024-02-26 00:00:00+00:00,-0.005346311066955785,0.000593752085620002,0.015474497112119446,-0.02082080817907523,-0.0004557404961928567,0.0010494925818128587,0.0
2024-02-27 00:00:00+00:00,-0.024303863444153348,0.0008509897151724619,-1.437503236767371e-05,-0.024289488411785673,-0.0005876579224086839,0.0014386476375811458,0.0003729949805692239
2024-02-28 00:00:00+00:00,0.00020549449740830695,0.0007670306666666667,0.003988260357379369,-0.0037827658599710635,-0.0005852771111111111,0.001352307777777778,0.0
2024-02-29 00:00:00+00:00,0.005083269206500968,0.0009169914441165374,0.0036576202019108902,0.0014256490045900768,-0.0007782324010785538,0.0016952238451950913,0.0
2024-03-01 00:00:00+00:00,-0.013608528290968001,0.0006759355657327097,0.034444395490177894,-0.048052923781145895,-0.0006794891228896671,0.0013554246886223766,0.0003423367861822042
2024-03-02 00:00:00+00:00,0.008421572228035315,0.0009824167391304349,0.034211678519328256,-0.025790106291292934,-0.0010907690217391306,0.0020731857608695652,0.0
2024-03-03 00:00:00+00:00,-0.012769172358492224,0.0007600202403186644,-0.0007310044815929301,-0.012038167876899292,-0.0010183772020484643,0.0017783974423671285,0.0
2024-03-04 00:00:00+00:00,-0.006686433517636199,0.001027754795588059,0.0051518128652873795,-0.01183824638292358,-0.0008970930022385825,0.0019248477978266415,0.0003999945016387499
2024-03-05 00:00:00+00:00,-0.0018625037944588856,0.001024075,-0.033769574654705065,0.031907070860246176,-0.0011533014583333333,0.002177376458333333,0.0
2024-03-06 00:00:00+00:00,0.01659736352679262,0.0003426240690272285,0.040577822792363175,-0.023980459265570547,-0.00020610834379629353,0.000548732412823522,0.0
2024-03-07 00:00:00+00:00,-0.001785975230067972,0.0004478564993643036,0.0180549982912854,-0.01984097352135337,-0.0004291874792606447,0.0008770439786249483,0.0004377444157685643
2024-03-08 00:00:00+00:00,-0.02577506350558334,0.0006626686734693877,-0.003404215925090595,-0.022370847580492743,-0.0006794857142857142,0.001342154387755102,0.0
2024-03-09 00:00:00+00:00,-0.003856774884760521,0.0009218474917344017,0.01517633814363398,-0.0190331130283945,-0.0007898632621455131,0.0017117107538799146,0.0
2024-03-10 00:00:00+00:00,0.01358986981830932,0.0007883246453819756,0.009297381111116367,0.004292488707192956,-0.0008646331999698281,0.0016529578453518038,0.0004456202495188483
2024-03-11 00:00:00+00:00,0.011406811891033342,0.0005579159183673469,0.02327795184375513,-0.011871139952721788,-0.0007045213265306123,0.001262437244897959,0.0
2024-03-12 00:00:00+00:00,-0.004470209395797969,0.0004652103156489567,-0.0002862989572851222,-0.004183910438512848,-0.0008056597085626454,0.0012708700242116022,0.0
2024-03-13 00:00:00+00:00,0.006187960493617545,0.00048646530830628393,0.009255255869883973,-0.0030672953762664293,-0.0008132975308956368,0.001299762839201921,0.00046955688082223
2024-03-14 00:00:00+00:00,-0.007517867935197674,0.000788129693877551,-0.008543713564899594,0.0010258456297019226,-0.0007565544897959183,0.0015446841836734694,0.0
2024-03-15 00:00:00+00:00,0.012369121415046765,0.00043224737596759475,-0.02253908327083248,0.03490820468587924,-0.0004597782050079894,0.0008920255809755842,0.0
2024-03-16 00:00:00+00:00,-0.001028074204852996,0.00033506822355606314,-0.03918295763467014,0.03815488342981714,-0.00021017644535003432,0.0005452446689060975,0.00044626300408001065
2024-03-17 00:00:00+00:00,-0.011717144226535662,0.00035877930000000004,0.018892616174648984,-0.030609760401184648,-8.44075e-05,0.00044318680000000004,0.0
2024-03-18 00:00:00+00:00,0.01152165206301568,0.00036453462847851816,-0.022449802207118525,0.033971454270134205,-0.0001516749162407814,0.0005162095447192997,0.0
2024-03-19 00:00:00+00:00,-0.0018144858991501573,0.00020057679781365384,-0.04536374529377056,0.043549259394620406,-0.0001507337689717529,0.0003513105667854067,0.0004227938217786985
2024-03-20 00:00:00+00:00,-0.008518727519192415,0.0001962997,0.051869988639602474,-0.06038871615879488,-0.00012507960000000001,0.0003213793,0.0
2024-03-21 00:00:00+00:00,-0.004387761495989765,0.00023173733487341573,0.0011346458864766136,-0.0055224073824663815,-0.0001681367628944916,0.0003998740977679073,0.0
2024-03-22 00:00:00+00:00,-0.004338115075581167,0.00026816683572407276,-0.013197674349780199,0.008859559274199031,-0.0001914403851284066,0.0004596072208524793,0.0004303814840324321
2024-03-23 00:00:00+00:00,-0.00015094299579469252,0.0001976441,0.002875484929716692,-0.0030264279255113853,-0.00015704980000000004,0.00035469390000000004,0.0
2024-03-24 00:00:00+00:00,-0.008896991383690213,0.0001709712785500213,0.0194022247500197,-0.02829921613370991,-0.00017147353723203043,0.00034244481578205174,0.0
2024-03-25 00:00:00+00:00,-0.002714937725922361,0.00030345237381467806,0.021728394645489833,-0.024443332371412194,-0.00019625723368017458,0.0004997096074948525,0.0004910640109661652
2024-03-26 00:00:00+00:00,0.005989704950827936,0.0004944044117647058,0.018160653355066763,-0.01217094840423883,-0.0002668303921568627,0.0007612348039215686,0.0
2024-03-27 00:00:00+00:00,0.0003727762424576709,0.00048518656956814826,-0.016262025075028153,0.01663480131748582,-0.0004005821915979746,0.0008857687611661229,0.0
2024-03-28 00:00:00+00:00,0.0009755951458153706,0.0003995018960013476,0.007089000372943277,-0.006113405227127906,-0.0004423985120685309,0.0008419004080698785,0.0004354171819796629
2024-03-29 00:00:00+00:00,0.002856063584333432,0.0005439904901960784,0.00011701076885063384,0.002739052815482799,-0.0004685335294117647,0.001012524019607843,0.0
2024-03-30 00:00:00+00:00,-0.007613846830200661,0.0005131988360254401,-0.010379395002124744,0.0027655481719240827,-0.0005696045421706549,0.001082803378196095,0.0
2024-03-31 00:00:00+00:00,-0.010392363128685151,0.0005260380962098094,0.01294831553909075,-0.0233406786677759,-0.0005997611274295455,0.0011257992236393551,0.00047604567444890344
2024-04-01 00:00:00+00:00,0.010409990045191199,0.000566936862745098,-0.018803638620447947,0.029213628665639146,-0.0004030127450980392,0.0009699496078431373,0.0
2024-04-02 00:00:00+00:00,-0.00013553361166615107,0.00016474914012484814,-0.032917296946977835,0.03278176333531168,-0.00019986855214053053,0.0003646176922653786,0.0
2024-04-03 00:00:00+00:00,0.009283780052469139,8.266541625765613e-05,0.002760682516164315,0.0065230975363048255,-0.00014419051253979583,0.00022685592879745196,0.0004737655624327365
2024-04-04 00:00:00+00:00,0.006749003084049937,0.000181085,0.016216722516172156,-0.009467719432122221,-0.0001746513725490196,0.00035573637254901957,0.0
2024-04-05 00:00:00+00:00,-0.0007989453786973049,0.00013505306217965137,-0.012867770923412628,0.012068825544715323,-0.00016876469078029076,0.0003038177529599422,0.0
2024-04-06 00:00:00+00:00,0.0016694691894815613,0.00013249801498580472,0.013452638914662642,-0.01178316972518108,-0.00015007892455223847,0.0002825769395380432,0.0005250479128177073
2024-04-07 00:00:00+00:00,0.000285356421219393,0.00018644088235294116,0.01044304433433191,-0.010157687913112516,-0.00014010225490196078,0.00032654313725490194,0.0
2024-04-08 00:00:00+00:00,0.002952779327224879,0.00027921519771890557,0.02444545847699734,-0.021492679149772466,-0.00018691903381221338,0.000466134231531119,0.0
2024-04-09 00:00:00+00:00,0.0037933136260019876,0.0002480984179740325,-0.027722345419396055,0.03151565904539804,-0.00022918943021121358,0.00047728784818524606,0.00045335446713819623
2024-04-10 00:00:00+00:00,0.0024917658502797584,0.0001643385294117647,0.0010250356465507943,0.0014667302037289637,-0.00013794450980392155,0.00030228303921568623,0.0
2024-04-11 00:00:00+00:00,-0.005102774312103926,0.00016591526026346636,-0.0077224708549277115,0.0026196965428237863,-0.00017147173575967497,0.0003373869960231413,0.0
2024-04-12 00:00:00+00:00,0.018643764286999123,0.00014183086369676836,-0.06944089720032058,0.08808466148731971,-0.00013965458348334212,0.0002814854471801105,0.00048392343983798416
2024-04-13 00:00:00+00:00,0.0010145413218881315,0.00047594343137254906,-0.0636642504087905,0.06467879173067863,0.0003686511764705882,0.00010729225490196079,0.0
2024-04-14 00:00:00+00:00,-0.008379997250303351,0.0006579802800889834,0.032621546153894926,-0.04100154340419828,0.000674952728770762,-1.6972448681778532e-05,0.0
2024-04-15 00:00:00+00:00,0.0066138571259640915,0.0004056023088733681,-0.019869693630481737,0.02648355075644583,0.0003465064870620358,5.9095821811332353e-05,0.0006097080537862789
2024-04-16 00:00:00+00:00,-0.0035711867958496185,0.0004631663725490196,0.0023612017165456876,-0.005932388512395305,0.000330538137254902,0.00013262823529411766,0.0
2024-04-17 00:00:00+00:00,-0.009689500772146866,0.0003648304362711321,-0.017967049939370074,0.008277549167223208,0.00025349177588053636,0.00011133866039059568,0.0
2024-04-18 00:00:00+00:00,0.004336716097862245,0.000316423480946065,0.02124914472857335,-0.016912428630711105,0.00020528599985775094,0.00011113748108831405,0.000524327002293133
2024-04-19 00:00:00+00:00,0.0013051438665093267,0.0006704470588235294,0.008037532751104332,-0.0067323888845950055,0.0005284135294117648,0.0001420335294117647,0.0
2024-04-20 00:00:00+00:00,-0.011923547529258905,0.0002823477508538439,0.03539866724155709,-0.047322214770815996,0.00020851540685243007,7.383234400141383e-05,0.0
2024-04-21 00:00:00+00:00,0.008347871726739873,0.00048421640154874357,-0.0035538735068650104,0.011901745233604882,0.00037694437142243875,0.00010727203012630478,0.00044355474174150684
2024-04-22 00:00:00+00:00,0.0026231850398173457,0.00044114892156862744,0.017719072132742535,-0.015095887092925187,0.0002953798039215686,0.00014576911764705884,0.0
2024-04-23 00:00:00+00:00,0.0025088342262081682,0.0004630217208729836,0.0033919022797032706,-0.0008830680534951029,0.0003424736702090261,0.00012054805066395747,0.0
2024-04-24 00:00:00+00:00,0.0007480281777269495,0.0004887530351365351,-0.02450118011118229,0.025249208288909242,0.00034055705139261826,0.00014819598374391687,0.00041456752172402576
2024-04-25 00:00:00+00:00,-0.001531660427184134,0.0004947854901960784,-0.002466492390252559,0.0009348319630684261,0.0003529664705882353,0.00014181901960784316,0.0
2024-04-26 00:00:00+00:00,0.00303445541873448,0.0003186077321482619,-0.012198502267725089,0.015232957686459572,0.00022821978970274085,9.038794244552108e-05,0.0
2024-04-27 00:00:00+00:00,-0.002466926204734669,1.1856628066916512e-05,0.002598067432090916,-0.005064993636825585,0.00021034385967504685,-0.00019848723160813042,0.0004299779151345118
2024-04-28 00:00:00+00:00,0.005554363095993673,0.000786440588235294,-0.0004276272456359773,0.0059819903416296494,0.0006679145098039217,0.00011852607843137254,0.0
2024-04-29 00:00:00+00:00,0.0013311443346153288,0.0005530653934409181,-0.005637433992094688,0.006968578326710016,0.0004335403488499622,0.00011952504459095586,0.0
2024-04-30 00:00:00+00:00,-0.0027306957564460386,0.0003188088085662221,-0.034029596998538594,0.03129890124209256,0.00020506609953671877,0.00011374270902950328,0.00040214677883880983
2024-05-01 00:00:00+00:00,0.0007172811469765854,0.0004914453921568627,0.003954171579484543,-0.0032368904325079583,0.0003799848039215686,0.00011146058823529413,0.0
2024-05-02 00:00:00+00:00,-0.0043671687223639675,0.0002876602063048168,0.007523110719771918,-0.011890279442135887,0.00016440429285515085,0.00012325591344966596,0.0
2024-05-03 00:00:00+00:00,-0.002416564651209537,0.00022950631001548657,0.024198875467578727,-0.026615440118788268,0.00010538389451470882,0.00012412241550077775,0.0004818264959893731
2024-05-04 00:00:00+00:00,0.003089023280815403,0.00019755451923076923,0.005319103844257497,-0.0022300805634420944,6.038990384615384e-05,0.0001371646153846154,0.0
2024-05-05 00:00:00+00:00,0.00032241438986159183,0.00040873308554846294,0.010049315952594215,-0.009726901562732624,0.00026484825276229084,0.00014388483278617213,0.0
2024-05-06 00:00:00+00:00,-7.353936057950209e-05,0.0001742646128189246,-0.009952835446253205,0.009879296085673702,2.73196735560019e-05,0.0001469449392629227,0.0005496197872574971
2024-05-07 00:00:00+00:00,0.0002125042739539785,0.0001105621153846154,-0.012113159442277071,0.01232566371623105,4.348788461538462e-05,6.707423076923077e-05,0.0
2024-05-08 00:00:00+00:00,-0.00016662857248899885,0.00016608217018797842,-0.0028421990142395194,0.0026755704417505194,3.55793278220726e-05,0.00013050284236590585,0.0
2024-05-09 00:00:00+00:00,-0.001530631373706817,0.00019846688203075898,0.020218986788917807,-0.021749618162624624,4.67333357950495e-05,0.00015173354623570947,0.0005504725813510379
2024-05-10 00:00:00+00:00,0.0002693322002667764,0.0003001920192307693,-0.020262053129944377,0.020531385330211156,0.0001466269230769231,0.00015356509615384615,0.0
2024-05-11 00:00:00+00:00,0.002939252041733554,0.0002280934749319967,0.0015026092118857687,0.001436642829847785,0.00010918845198661832,0.00011890502294537837,0.0
2024-05-12 00:00:00+00:00,0.00298350857045307,0.0002145219797142698,-0.0010434602679650503,0.00402696883841812,0.0001204031822219692,9.41187974923006e-05,0.0005747796811298506
2024-05-13 00:00:00+00:00,0.001201883906296413,0.0003157748076923078,-0.007940059140454389,0.0091419430467508,0.00023828846153846155,7.748634615384617e-05,0.0
2024-05-14 00:00:00+00:00,0.001018627471481942,0.00021973558801827254,-0.01899288079914023,0.020011508270622168,0.00010956282313464557,0.00011017276488362694,0.0
2024-05-15 00:00:00+00:00,-0.0026622550439550792,0.0003231906839436979,0.03126544024862665,-0.03392769529258173,0.00017993631778731538,0.00014325436615638255,0.00042662270951215203
2024-05-16 00:00:00+00:00,-0.003118191767061415,0.00031169346153846157,-0.008010297809711735,0.00489210604265032,0.00010458307692307693,0.0002071103846153846,0.0
2024-05-17 00:00:00+00:00,0.00108847831666015,0.00014649740416594647,0.01568622927459669,-0.014597750957936539,-4.083984709422878e-06,0.00015058138887536935,0.0
2024-05-18 00:00:00+00:00,0.0008062983716584447,0.00018529234847261547,-0.0002418168966259193,0.0010481152682843642,3.495250043868614e-05,0.00015033984803392936,0.0005957830510502103
2024-05-19 00:00:00+00:00,-0.00015068228769145211,0.0003159681372549019,-0.020207768118933746,0.020057085831242293,0.0001665072549019608,0.00014946088235294117,0.0
2024-05-20 00:00:00+00:00,0.005817374906849603,0.00022958679476558559,0.052114922273295644,-0.046297547366446035,8.835236199263606e-05,0.00014123443277294954,0.0
2024-05-21 00:00:00+00:00,0.005467224763922489,0.00010887795484361648,0.007479063396727869,-0.00201183863280538,-0.00011106497411019032,0.0002199429289538068,0.0005686928701688623
2024-05-22 00:00:00+00:00,-0.00193653837649126,0.0001767704,-0.007282881063123503,0.005346342686632242,-7.399760000000003e-05,0.000250768,0.0
2024-05-23 00:00:00+00:00,0.0008228794779030005,0.00018994503526040013,-0.004099646613898152,0.004922526091801152,-4.9738496527521495e-05,0.00023968353178792164,0.0
2024-05-24 00:00:00+00:00,-0.005774421289972268,0.00020379759311521197,0.0017495143243904387,-0.007523935614362706,1.4316690378702289e-05,0.00018948090273650969,0.0006354761573857139
2024-05-25 00:00:00+00:00,-0.006312825202959669,0.00018287609999999998,0.005156658311829682,-0.01146948351478935,-6.870550000000002e-05,0.0002515816,0.0
2024-05-26 00:00:00+00:00,-0.0033752730659047927,0.0002355001878417095,-0.004737583318594602,0.0013623102526898103,-5.339816441101569e-05,0.0002888983522527252,0.0
2024-05-27 00:00:00+00:00,-0.011931360552422538,0.00030709536848359527,0.013002500745514957,-0.024933861297937496,-4.1907726448771015e-05,0.0003490030949323663,0.00028007059455522937
2024-05-28 00:00:00+00:00,-0.007863582683967873,0.0002707908163265306,-0.007066262484883465,-0.0007973201990844054,-5.964275510204084e-05,0.00033043357142857144,0.0
2024-05-29 00:00:00+00:00,0.006787584629187935,0.0001633045014597921,-0.009542876157886626,0.016330460787074563,-0.00014828003505055288,0.000311584536510345,0.0
2024-05-30 00:00:00+00:00,-0.0027521415657372297,-0.00029447330340739666,-0.0016199279939740196,-0.001132213571763211,-0.00011013367320706789,-0.00018433963020032877,0.0004029220821886309
2024-05-31 00:00:00+00:00,-0.0045812522505209435,0.0003061531632653061,-0.0017686080846011712,-0.002812644165919773,9.620714285714283e-05,0.00020994602040816325,0.0
2024-06-01 00:00:00+00:00,0.002049401757132931,0.00013804106380815504,0.005466516609193472,-0.0034171148520605404,-0.0001128896287056344,0.0002509306925137894,0.0
2024-06-02 00:00:00+00:00,-0.007047079664132171,0.0001372178754264915,-0.006934231599781054,-0.0001128480643511167,-0.00015566493567433222,0.0002928828111008237,0.0005319823965979967
2024-06-03 00:00:00+00:00,0.002450846694316296,0.00016059387755102037,0.010730004387100756,-0.008279157692784459,-0.00010786000000000001,0.0002684538775510204,0.0
2024-06-04 00:00:00+00:00,-0.0048168976423006455,0.00018187604359452592,0.007382446895123711,-0.01219934453742436,-8.489355374738401e-05,0.0002667695973419099,0.0
2024-06-05 00:00:00+00:00,0.0012873028816122116,0.00035078480644237277,0.008310982608470456,-0.007023679726858245,-2.02935881461884e-05,0.0003710783945885612,0.0005237450040077975
2024-06-06 00:00:00+00:00,-0.0006291557724398878,0.00026583693877551016,-0.007084656751155228,0.006455500978715341,-8.025816326530613e-05,0.00034609510204081627,0.0
2024-06-07 00:00:00+00:00,0.00995852809378878,0.00029536346688111584,-0.033170177499714,0.04312870559350278,-7.445764426683073e-06,0.0003028092313077989,0.0
2024-06-08 00:00:00+00:00,-0.000638118326863185,0.0001121289013415087,-0.019225369260268115,0.018587250933404933,-8.45016524280291e-06,0.00012057906658431162,0.000490368311573672
2024-06-09 00:00:00+00:00,-0.0006505608451126492,0.00013602785714285712,0.009268229408340949,-0.009918790253453599,-5.351224489795937e-06,0.00014137908163265307,0.0
2024-06-10 00:00:00+00:00,0.003063623947389309,3.446061269617989e-05,-0.0171027477038604,0.02016637165124971,-0.00010613244639326777,0.00014059305908944766,0.0
2024-06-11 00:00:00+00:00,-0.001127289526037814,4.2074102789812514e-05,-0.02437322904262735,0.023245939516589535,-0.0001019270302806777,0.00014400113307049022,0.000741366433580578
2024-06-12 00:00:00+00:00,-0.0010953037796376545,7.181499999999999e-05,0.0202855137990139,-0.021380817578651557,-5.041775510204082e-05,0.00012223275510204082,0.0
2024-06-13 00:00:00+00:00,0.0039268808749507635,2.6636362910308637e-05,-0.026592082500616863,0.030518963375567632,-8.048231876722306e-05,0.00010711868167753171,0.0
2024-06-14 00:00:00+00:00,-5.614452896061787e-05,8.572335444862393e-05,-0.01445540812525077,0.014399263596290152,-4.731909259284415e-05,0.00013304244704146807,0.0003836983932678023
2024-06-15 00:00:00+00:00,0.002310414971887346,0.00019006561224489796,0.005499909257521478,-0.0031894942856341315,3.34669387755102e-05,0.00015659867346938777,0.0
2024-06-16 00:00:00+00:00,-0.0026570147047702405,0.00010457082061206259,0.002819035288461744,-0.005476049993231984,-4.616732575393082e-05,0.0001507381463659934,0.0
2024-06-17 00:00:00+00:00,0.0002584034937959494,0.00013574435497563751,-0.04164923509219219,0.04190763858598812,-1.8620712111550487e-05,0.00015436506708718797,0.0005416034766187305
2024-06-18 00:00:00+00:00,0.005512049378244474,0.0005283588000000001,-0.03165439356818625,0.03716644294643072,0.00044184929999999996,8.65095e-05,0.0
2024-06-19 00:00:00+00:00,-0.0007608641991384783,0.00033305532061154774,0.009157069952263681,-0.009917934151402161,0.00021749013470028004,0.00011556518591126769,0.0
2024-06-20 00:00:00+00:00,-0.0029506483625553843,0.00020716088539840793,-0.0006149840364999375,-0.002335664326055447,9.871296441631578e-05,0.00010844792098209214,0.0005530010666431237
2024-06-21 00:00:00+00:00,-0.0014770373409531152,0.0004802188775510203,-0.004073429417462432,0.0025963920765093166,0.0005476690816326531,-6.745020408163263e-05,0.0
2024-06-22 00:00:00+00:00,-0.00515471003502238,0.0002408694951062717,-0.0032084135456983366,-0.0019462964893240445,0.00019506402546515193,4.580546964111971e-05,0.0
2024-06-23 00:00:00+00:00,-0.0005774698167881588,0.00010298573169674406,-0.016449092414732,0.015871622597943842,7.526116654022896e-05,2.7724565156515107e-05,0.0005404158691042071
2024-06-24 00:00:00+00:00,-0.003759860724190008,0.0006531887755102041,0.01154424076038352,-0.015304101484573531,0.0005041674489795917,0.00014902132653061222,0.0
2024-06-25 00:00:00+00:00,-0.004750880190727689,0.0004420445466920552,0.010282792273554699,-0.015033672464282388,0.00029103014098282097,0.0001510144057092342,0.0
2024-06-26 00:00:00+00:00,-0.004551477695655696,0.00031001058374277644,-0.013751553500750215,0.009200075805094519,0.00015291045702465548,0.00015710012671812094,0.0005226532083522853
2024-06-27 00:00:00+00:00,-0.005164240459753456,0.00020999427083333332,0.008644599064412353,-0.013808839524165811,5.228145833333334e-05,0.00015771281250000002,0.0
2024-06-28 00:00:00+00:00,0.0016821231819333922,0.00016441817257664763,-0.016295300717839935,0.017977423899773325,-1.8032904709521986e-06,0.0001662214630475998,0.0
2024-06-29 00:00:00+00:00,0.005609114296339864,0.00016975729508635643,-0.0051095562949695795,0.010718670591309444,2.7352481395725652e-05,0.0001424048136906308,0.0005538896279719186
2024-06-30 00:00:00+00:00,-0.0007335251549782686,0.00022090978723404253,0.019800410692394778,-0.020533935847373046,9.787255319148935e-05,0.0001230372340425532,0.0
2024-07-01 00:00:00+00:00,-0.00042835133943043525,0.0002195247996449352,-0.009946975364928778,0.009518624025498343,7.303042916766053e-05,0.00014649437047727461,0.0
2024-07-02 00:00:00+00:00,0.004398349631316693,0.0002202626201347274,0.007747970867101184,-0.003349621235784491,7.960702994391208e-05,0.00014065559019081533,0.0005360326724381488
2024-07-03 00:00:00+00:00,0.007906375270555745,0.0004587076086956522,-0.022473743848313153,0.0303801191188689,0.0002985072826086956,0.00016020032608695653,0.0
2024-07-04 00:00:00+00:00,0.0016128272245364578,0.0002829365055440472,-0.0507791748661846,0.05239200209072106,0.00014388961651038782,0.00013904688903365934,0.0
2024-07-05 00:00:00+00:00,0.00408306054488056,0.00036298147185892353,-0.012319025545834394,0.016402086090714956,0.0003883429818466654,-2.5361509987741887e-05,0.0004932243961365295
2024-07-06 00:00:00+00:00,0.0015224247216519549,0.0005235645652173914,0.04413324274913551,-0.04261081802748355,0.00039685586956521735,0.00012670869565217392,0.0
2024-07-07 00:00:00+00:00,-0.008237371289618937,0.0005133751295402003,-0.038463454179299375,0.030226082889680435,0.00037884729030611246,0.0001345278392340878,0.0
2024-07-08 00:00:00+00:00,0.01422085604734397,-0.0002092671294330848,0.026256378130985743,-0.012035522083641774,0.00022217238536360715,-0.00043143951479669186,0.00045821213665494094
2024-07-09 00:00:00+00:00,0.009487879307214217,0.0011895032954545456,0.01941226151470126,-0.009924382207487044,0.001058177159090909,0.0001313261363636364,0.0
2024-07-10 00:00:00+00:00,-0.0017177243043298453,0.0004426360301597576,0.0033065636145268584,-0.005024287918856702,0.0003111273009620067,0.00013150872919775086,0.0
2024-07-11 00:00:00+00:00,0.0008314363523495194,0.0007062874294677819,-0.01340082917667696,0.01423226552902648,0.000571960857445068,0.0001343265720227138,0.0005182335260439239
2024-07-12 00:00:00+00:00,-0.0006552675757003834,0.0004144156976744187,0.008691802134680817,-0.0093470697103812,0.00028684151162790695,0.00012757418604651162,0.0
2024-07-13 00:00:00+00:00,-0.0012772588656227552,0.0002402999800960794,0.008036317842507214,-0.009313576708129968,0.00010606650814134554,0.00013423347195473385,0.0
2024-07-14 00:00:00+00:00,-0.004006203386323326,0.00028013245587521653,0.015041877588505876,-0.019048080974829202,0.0001999033197564017,8.022913611881486e-05,0.0005155537231227944
2024-07-15 00:00:00+00:00,0.010594803301775403,0.0004764689024390244,0.040752421694856614,-0.03015761839308121,0.00034849829268292687,0.0001279706097560976,0.0
2024-07-16 00:00:00+00:00,0.006898982999683066,0.000304039862493769,0.008623046387443512,-0.0017240633877604458,0.0001654438487499483,0.00013859601374382072,0.0
2024-07-17 00:00:00+00:00,-0.003526309908329526,0.00022533972403347978,-0.0009367743147206685,-0.002589535593608858,8.252099942582372e-05,0.00014281872460765606,0.0005655285710430623
2024-07-18 00:00:00+00:00,0.00047446128691424824,0.0002773582142857143,-0.002671274739498593,0.003145736026412841,0.00010866559523809523,0.00016869261904761906,0.0
2024-07-19 00:00:00+00:00,-0.0013274064692748687,0.00018296768644897345,0.014185264458735868,-0.015512670928010735,2.3970720455122802e-05,0.00015899696599385067,0.0
2024-07-20 00:00:00+00:00,-0.0016660210879760576,0.0001994672500776373,0.004152483415834438,-0.0058185045038104954,4.269261777552024e-07,0.0001990403238998821,0.0005230165194924536
2024-07-21 00:00:00+00:00,-0.009795878000194495,0.0002798131707317073,0.006376400784517358,-0.016172278784711853,8.439597560975609e-05,0.00019541719512195123,0.0
2024-07-22 00:00:00+00:00,0.0039625670673904614,0.00021895179104309845,-0.021889773485555063,0.025852340552945524,2.0922750236689465e-05,0.000198029040806409,0.0
2024-07-23 00:00:00+00:00,-0.0011419433551649134,0.00023341117984413927,-0.011160389324638706,0.010018445969473794,6.394227918877514e-05,0.00016946890065536413,0.00048530462320730037
2024-07-24 00:00:00+00:00,-0.0032733922647600463,0.00027207833333333335,-0.008462843741272688,0.005189451476512642,0.0001244947619047619,0.0001475835714285714,0.0
2024-07-25 00:00:00+00:00,-0.004023282545053776,0.00019185077078111648,-0.01223788721418094,0.008214604669127164,4.388743830953249e-05,0.000147963332471584,0.0
2024-07-26 00:00:00+00:00,-0.0029624996411446204,0.00011535343115831888,0.027417441377899622,-0.03037994101904424,-5.458335492930203e-06,0.0001208117666512491,0.0005176900757890768
2024-07-27 00:00:00+00:00,-0.002118355521108704,0.00021075011904761904,-0.00010352930341512526,-0.0020148262176935784,3.966095238095239e-05,0.00017108916666666666,0.0
2024-07-28 00:00:00+00:00,0.002568338778336638,6.294078033755959e-05,-0.009189737667604026,0.011758076445940666,-1.2403970217006234e-05,7.534475055456583e-05,0.0
2024-07-29 00:00:00+00:00,-0.0032920881989324125,0.0001396361399376382,-0.0036824124441741015,0.0003903242452416893,9.742070750902142e-06,0.000129894069186736,0.0005401530713598108
2024-07-30 00:00:00+00:00,0.0013268346040623369,0.0001554147619047619,-0.011329518861689841,0.012656353465752177,-2.776190476190581e-07,0.00015569238095238094,0.0
2024-07-31 00:00:00+00:00,-0.001482039642228748,0.00017435848068592135,-0.012503051432050398,0.01102101178982165,2.5473474202115703e-05,0.00014888500648380562,0.0
2024-08-01 00:00:00+00:00,0.00609307946041161,0.000168670483230882,-0.005292576791640572,0.011385656252052182,5.5999224806023166e-05,0.00011267125842485883,0.0006122570004742119
2024-08-02 00:00:00+00:00,0.0019090196559578764,0.0006707868604651163,-0.03572362642847689,0.03763264608443476,0.0005384767441860464,0.00013231011627906977,0.0
2024-08-03 00:00:00+00:00,0.0003920635965154089,0.0006171242273113795,-0.026608328036281836,0.027000391632797244,0.0005382617494825521,7.886247782882745e-05,0.0
2024-08-04 00:00:00+00:00,0.005822709695807521,0.000604570596388378,-0.020287627502164347,0.026110337197971872,0.0005624910260798498,4.207957030852823e-05,0.000440255261850052
2024-08-05 00:00:00+00:00,0.006857307963560565,0.0005376841860465116,-0.03615115025434365,0.043008458217904215,0.0005465305813953488,-8.84639534883722e-06,0.0
2024-08-06 00:00:00+00:00,-0.01141592702045513,0.00040878748197471163,0.02789089371396727,-0.039306820734422404,0.00034419311373595155,6.459436823876007e-05,0.0
2024-08-07 00:00:00+00:00,-0.0014507996714324062,0.0003191622790024536,-0.01784500463534549,0.016394204963913084,0.00023399114742912188,8.517113157333174e-05,0.0004833235345336254
2024-08-08 00:00:00+00:00,-0.0012347266188773506,0.0003485798837209302,0.06665729053374259,-0.06789201715261993,0.0002463874418604651,0.00010219244186046511,0.0
2024-08-09 00:00:00+00:00,-0.002375593426883043,0.00020630029363719214,-0.008130883757550035,0.00575529033066699,5.853435825992325e-05,0.0001477659353772689,0.0
2024-08-10 00:00:00+00:00,0.002861663976093923,0.00024936808351337517,0.010708393351881361,-0.007846729375787438,0.00013026871940244753,0.00011909936411092761,0.0005356863912803394
2024-08-11 00:00:00+00:00,0.0011913366092826008,0.0006868915909090909,-0.0327015623631911,0.0338928989724737,0.0005857720454545454,0.00010111954545454547,0.0
2024-08-12 00:00:00+00:00,-0.008027986039306271,0.0007977975295608791,0.0243695343748269,-0.03239752041413317,0.000813333638543381,-1.5536108982501837e-05,0.0
2024-08-13 00:00:00+00:00,0.0022927289096756768,0.00042893853218587904,0.003871927123709559,-0.0015791982140338828,0.0003976290043278663,3.1309527858012774e-05,0.0004295439291655243
2024-08-14 00:00:00+00:00,0.00269005560758155,0.00051344,-0.014189953920784152,0.0168800095283657,0.0004254352272727273,8.800477272727275e-05,0.0
2024-08-15 00:00:00+00:00,2.2482727334558784e-05,0.0002986483851430444,-0.018473437647196667,0.018495920374531225,0.00018786337912291156,0.00011078500602013281,0.0
2024-08-16 00:00:00+00:00,-0.002551744311050346,0.0003070348311958928,-0.0033637156190283986,0.0008119713079780529,0.00023182876092557776,7.520607027031505e-05,0.00048127314123179666
2024-08-17 00:00:00+00:00,-0.004809179908376429,0.0003722879545454545,0.008537584419834756,-0.013346764328211184,0.0002711311363636364,0.0001011568181818182,0.0
2024-08-18 00:00:00+00:00,-0.006699788254924909,0.0002891875055061904,-0.0018354934916723102,-0.004864294763252599,0.0002074993848765157,8.168812062967466e-05,0.0
2024-08-19 00:00:00+00:00,-0.0036925013022569733,0.00017539830283653116,0.008459894715495356,-0.01215239601775233,0.00014061154345670652,3.478675937982466e-05,0.0004368144102258684
2024-08-20 00:00:00+00:00,0.00919355716441661,0.0005574255813953488,0.010769437569072109,-0.001575880404655498,0.00040409081395348834,0.00015333476744186047,0.0
2024-08-21 00:00:00+00:00,-0.0017421147394738469,0.0005132959997782862,0.01573422477336919,-0.01747633951284304,0.00036892280665364876,0.00014437319312463737,0.0
2024-08-22 00:00:00+00:00,0.004140707523484364,0.00030713624995342824,0.00906939287998075,-0.004928685356496388,0.0001408698726365411,0.00016626637731688714,0.000520996818822346
2024-08-23 00:00:00+00:00,-0.009737566449561204,0.0002724981395348837,0.03927833324710442,-0.04901589969666562,0.00011660779069767443,0.00015589034883720928,0.0
2024-08-24 00:00:00+00:00,-0.001981688738394722,0.00016894967088925872,0.008017502880285795,-0.009999191618680514,-3.122494059277385e-05,0.0002001746114820326,0.0
2024-08-25 00:00:00+00:00,0.004301969781024666,8.01289771507462e-05,-0.014822084207318197,0.019124053988342864,-9.978749829108678e-05,0.00017991647544183295,0.0006077930080401908
2024-08-26 00:00:00+00:00,0.006928523488703076,6.872616279069766e-05,-0.02750711784400621,0.03443564133270928,-4.3911046511627917e-05,0.00011263720930232559,0.0
2024-08-27 00:00:00+00:00,0.0050308276528557025,3.030641490818328e-05,-0.026678207406399694,0.031709035059255396,1.0923712413064112e-05,1.9382702495119176e-05,0.0
2024-08-28 00:00:00+00:00,0.003269290449951466,8.524598387371263e-05,-0.004625574323983997,0.007894864773935464,0.00010804020625124501,-2.279422237753237e-05,0.0006369415979202251
2024-08-29 00:00:00+00:00,-0.0005605464792947626,0.0003804053333333333,-0.001174441927676512,0.0006138954483817494,0.00029900544444444444,8.13998888888889e-05,0.0
2024-08-30 00:00:00+00:00,-0.0019139355384905582,0.0005671905474167845,0.0006179076901866427,-0.0025318432286772,0.0005289012042409663,3.82893431758181e-05,0.0
2024-08-31 00:00:00+00:00,0.0021548110263079775,8.576718561024647e-05,-0.007593177967201424,0.009747988993509402,2.4075017843166325e-05,6.169216776708015e-05,0.00053760322656034
2024-09-01 00:00:00+00:00,-0.0015469146622493837,0.00030491511363636367,-0.025044469220968965,0.02349755455871958,0.00012543079545454546,0.0001794843181818182,0.0
2024-09-02 00:00:00+00:00,-0.0034377194228832147,0.0002965387916327946,0.028384404613026017,-0.031822124035909234,0.00018034883181683814,0.00011618995981595645,0.0
2024-09-03 00:00:00+00:00,-0.0026880713297588173,0.00030963111340823744,-0.02740211964938186,0.02471404831962304,0.0001498815792272426,0.00015974953418099484,0.00042553680043238857
2024-09-04 00:00:00+00:00,0.00011705284837565519,0.00034393186046511627,0.012187612324222875,-0.012070559475847217,0.0001712211627906977,0.00017271069767441858,0.0
2024-09-05 00:00:00+00:00,-0.0049387246883533225,5.132265846174365e-05,-0.017696995565349934,0.01275827087699661,3.08204518490577e-05,2.0502206612685946e-05,0.0
2024-09-06 00:00:00+00:00,0.004209433021675756,0.00011138782583642435,-0.012169118103763815,0.016378551125439574,2.2262109994187788e-05,8.912571584223655e-05,0.00050064826736381
2024-09-07 00:00:00+00:00,-0.009108093853642973,0.00016570988095238097,0.007902385683715377,-0.01701047953735835,0.00011873642857142857,4.69734523809524e-05,0.0
2024-09-08 00:00:00+00:00,-0.002392963369549239,-0.00011187563372983461,0.01459139506794541,-0.01698435843749465,7.702849997913274e-05,-0.0001889041337089673,0.0
2024-09-09 00:00:00+00:00,0.007057050036024598,9.838722083882058e-05,0.02796622027150743,-0.020909170235482836,-1.9991658227359227e-05,0.00011837887906617982,0.0005657377277986533
2024-09-10 00:00:00+00:00,-0.0007484384198853374,0.000147594756097561,0.0071900111139023126,-0.00793844953378765,4.1490975609756086e-05,0.00010610378048780489,0.0
2024-09-11 00:00:00+00:00,0.002120788428418287,6.301289311518845e-05,-0.01071869807833303,0.012839486506751319,5.239562263111426e-05,1.0617270484074195e-05,0.0
2024-09-12 00:00:00+00:00,-0.004009153926012355,-6.004798672872637e-05,0.015008278145158763,-0.01901743207117112,9.26833233974321e-05,-0.0001527313101261584,0.000536313812910159
2024-09-13 00:00:00+00:00,0.005755941212118117,0.000637075375,0.014201483189285257,-0.00844554197716714,0.0005069326250000001,0.00013014275000000001,0.0
2024-09-14 00:00:00+00:00,0.0009859232906583866,0.00040485365343161106,-0.003109454258488606,0.0040953775491469925,0.0003225085447449846,8.234510868662646e-05,0.0
2024-09-15 00:00:00+00:00,0.007404906699812297,0.00041651234781705246,-0.013134625746063078,0.020539532445875374,0.00029157656245868064,0.00012493578535837188,0.0004565241724327837
2024-09-16 00:00:00+00:00,-0.003429042864017548,0.000392411,-0.013428392511284807,0.00999934964726726,0.00033604962500000004,5.6361375000000004e-05,0.0
2024-09-17 00:00:00+00:00,-0.00706955131531004,0.0003683289001919703,0.017248791721083734,-0.02431834303639377,0.00030868510450618225,5.964379568578802e-05,0.0
2024-09-18 00:00:00+00:00,0.0027604988033611516,0.0003358181948277649,0.026998693193666736,-0.024238194390305584,0.0002340771326152575,0.0001017410622125075,0.00048594159228772547
2024-09-19 00:00:00+00:00,0.008843340643328777,0.0003970917073170732,0.0258465435246028,-0.01700320288127402,0.00020574829268292681,0.00019134341463414637,0.0
2024-09-20 00:00:00+00:00,0.004404910174851917,0.00016774026124043704,0.008137282430899485,-0.0037323722560475667,-4.2765374615095835e-05,0.00021050563585553288,0.0
2024-09-21 00:00:00+00:00,-0.0010949274013693873,0.00010171826388678104,0.008872686688725616,-0.009967614090095002,-4.418182100662152e-05,0.00014590008489340258,0.0005876783251864887
2024-09-22 00:00:00+00:00,0.006118130025888597,0.0003225889285714286,-0.01250883091305611,0.018626960938944705,0.00014415738095238095,0.0001784315476190476,0.0
2024-09-23 00:00:00+00:00,-0.0006096014085178513,0.00035182984828917557,0.017810234174031808,-0.018419835582549657,0.0002085936810133292,0.00014323616727584642,0.0
2024-09-24 00:00:00+00:00,-0.00973463862975211,0.00023477341396509644,0.009680745652218166,-0.019415384281970274,8.210111569088065e-05,0.00015267229827421576,0.0005303957466274402
2024-09-25 00:00:00+00:00,0.00035564103871644874,0.0002792589285714285,-0.007691512148238934,0.008047153186955383,0.00013645119047619048,0.0001428077380952381,0.0
2024-09-26 00:00:00+00:00,-0.00253741026613301,0.00029891073175284484,0.022871643578537545,-0.025409053844670557,0.00014332605298258505,0.0001555846787702598,0.0
2024-09-27 00:00:00+00:00,0.002124496711205439,0.00034796188314336013,0.01452635959714704,-0.012401862885941601,0.00014999104183881448,0.00019797084130454567,0.000554342010327605
2024-09-28 00:00:00+00:00,0.005800627857905223,0.00018590500000000002,-0.006750436816427196,0.012551064674332419,-3.5401046511627905e-05,0.00022130604651162788,0.0
2024-09-29 00:00:00+00:00,0.0025469886260355247,0.00015858727446512128,0.0037338391331146704,-0.0011868505070791449,-4.271172936593331e-05,0.0002012990038310546,0.0
2024-09-30 00:00:00+00:00,0.0040460798633050864,0.0002688902148991547,-0.02777993710638235,0.03182601696968744,8.579319095714381e-05,0.00018309702394201088,0.000385418649470376
2024-10-01 00:00:00+00:00,0.008207348092682604,0.0002689301136363636,-0.03598703543488242,0.04419438352756502,0.00015111636363636364,0.00011781375000000002,0.0
2024-10-02 00:00:00+00:00,0.00335208212576896,0.00037437601563101086,-0.009844969776996218,0.013197051902765176,0.00028431586181320396,9.006015381780691e-05,0.0
2024-10-03 00:00:00+00:00,0.006477238530401746,0.0003336729595719813,-0.0014067431374000826,0.00788398166780183,0.0002468533128395337,8.681964673244757e-05,0.0005307998842201926
2024-10-04 00:00:00+00:00,-0.0020035842684817994,0.0006310171276595745,0.02604915302792124,-0.028052737296403042,0.0005247197872340425,0.00010629734042553191,0.0
2024-10-05 00:00:00+00:00,-0.007458964376187224,0.0002770222126040639,-0.005905136513973197,-0.0015538278622140272,0.00014860509087381515,0.00012841712173024877,0.0
2024-10-06 00:00:00+00:00,0.0008832411123778907,0.00024061204260987962,0.019177528339531784,-0.018294287227153892,0.00011139528763870852,0.0001292167549711711,0.00056659784043893
2024-10-07 00:00:00+00:00,-0.001971118637459067,0.00036120617021276596,-0.0073880344112865984,0.005416915773827533,0.00015257425531914893,0.00020863191489361703,0.0
2024-10-08 00:00:00+00:00,0.00320690601937509,0.0003214991867117943,-0.005505239759175994,0.008712145778551084,0.00013400539010596416,0.00018749379660583008,0.0
2024-10-09 00:00:00+00:00,0.004213858127554613,0.00034624623082472417,-0.010092281330253871,0.014306139457808485,0.00018899613318430422,0.00015725009764041995,0.00045470934399133886
2024-10-10 00:00:00+00:00,-0.006631441851059145,0.00045883177083333335,0.001249065664803211,-0.007880507515862356,0.00030275447916666665,0.0001560772916666667,0.0
2024-10-11 00:00:00+00:00,-0.003330744309519632,0.0002638691050283376,0.02697590024914071,-0.03030664455866034,0.0001395600260544487,0.00012430907897388892,0.0
2024-10-12 00:00:00+00:00,-0.0028504308710583658,0.0002802157314610406,0.009414937739722145,-0.012265368610780512,4.8719186724772165e-05,0.00023149654473626844,0.0005023795455028179
2024-10-13 00:00:00+00:00,8.602558110661551e-05,0.00034807833333333336,-0.0017153612374517673,0.0018013868185583824,0.00011116624999999998,0.00023691208333333335,0.0
2024-10-14 00:00:00+00:00,-0.011071400160680773,0.000734694611598249,0.02964419580312654,-0.04071559596380731,0.0004854519683401031,0.00024924264325814596,0.0
2024-10-15 00:00:00+00:00,-0.0025550606951032836,0.0007202437770675011,-0.014836228005918706,0.012281167310815423,0.0004699849635355444,0.0002502588135319567,0.00048819825987361136
2024-10-16 00:00:00+00:00,0.004563590422675252,0.0004941633673469387,-0.01165128939619915,0.0162148798188744,0.0003279956122448979,0.00016616775510204081,0.0
2024-10-17 00:00:00+00:00,0.002837839197118601,0.0003733653855672289,-0.006777840454510541,0.009615679651629142,0.00024085795227848613,0.00013250743328874277,0.0
2024-10-18 00:00:00+00:00,-0.009394794304563005,0.0003485026561096218,0.012354969585269202,-0.021749763889832206,0.00019500711463754913,0.00015349554147207266,0.00043984057057031044
2024-10-19 00:00:00+00:00,0.0019099932153309469,0.00036593581632653053,0.002486299400796558,-0.0005763061854656118,0.00018339591836734692,0.0001825398979591837,0.0
2024-10-20 00:00:00+00:00,0.005175316143955611,0.0003708220923458713,0.027453325180456397,-0.02227800903650079,0.00020373249644394667,0.00016708959590192463,0.0
2024-10-21 00:00:00+00:00,0.006317244680637119,0.00014501738794399436,-0.017374448014081095,0.023691692694718214,-5.209646707661267e-05,0.00019711385502060703,0.0004848977530595852
2024-10-22 00:00:00+00:00,-0.008178383276465492,0.000218203125,-0.0020237466670882027,-0.006154636609377289,-5.059375000000006e-06,0.0002232625,0.0
2024-10-23 00:00:00+00:00,0.00696736489862609,0.00022258383012073685,-0.016434207154378246,0.023401572053004333,5.8031044964788566e-05,0.00016455278515594828,0.0
2024-10-24 00:00:00+00:00,-0.006471280357571337,0.0002826596831972708,0.006337686878450022,-0.012808967236021361,9.099886191969942e-05,0.00019166082127757133,0.0003896048727353839
2024-10-25 00:00:00+00:00,0.0023084803496382523,0.00025815239583333333,-0.044803856637672765,0.047112336987311015,5.8892395833333326e-05,0.00019925999999999999,0.0
2024-10-26 00:00:00+00:00,-0.003346939104986111,0.0003324152565474711,0.003028411145954242,-0.006375350250940354,0.0002773282995049605,5.508695704251061e-05,0.0
2024-10-27 00:00:00+00:00,-0.0053811046848402915,0.00027358761273805777,0.010759352056152156,-0.016140456740992445,0.00014923817912287457,0.0001243494336151832,0.000501687848452103
2024-10-28 00:00:00+00:00,0.0018751708693419927,0.0005424708510638298,-7.974335746927875e-05,0.0019549142268112706,0.0003714920212765958,0.00017097882978723403,0.0
2024-10-29 00:00:00+00:00,-0.004579057009171426,0.00020570304166625352,0.02076794089994826,-0.02534699790911969,1.262520169349641e-05,0.00019307783997275714,0.0
2024-10-30 00:00:00+00:00,-0.0021998014132163677,0.0001395152014179436,-0.00602443072068712,0.0038246293074707524,-0.0001044949005707289,0.00024401010198867246,0.0006004571174898649
2024-10-31 00:00:00+00:00,0.0035988406469938347,0.00016101847826086954,-0.023749998217848095,0.027348838864841934,-1.8164565217391314e-05,0.0001791830434782609,0.0
2024-11-01 00:00:00+00:00,-0.0017478884475199408,0.00017407730926822515,-0.00991393154517587,0.00816604309765593,2.8924453402816956e-05,0.0001451528558654082,0.0
2024-11-02 00:00:00+00:00,0.0026814656439553067,0.00021206279776012923,-0.01058833225235287,0.013269797896308177,6.101267917073105e-05,0.0001510501185893982,0.0005289291576489303
2024-11-03 00:00:00+00:00,0.004106880431156782,0.00039353875,-0.01923360132114553,0.02334048175230231,0.0002597079545454546,0.00013383079545454548,0.0
2024-11-04 00:00:00+00:00,0.0034439539537980774,0.00029390348715074323,-0.013815293944231852,0.017259247898029934,0.0002141360281043749,7.976745904636831e-05,0.0
2024-11-05 00:00:00+00:00,0.002825751251683919,0.00021403962930809025,0.026251856852589246,-0.02342610560090533,9.971223747943108e-05,0.00011432739182865916,0.0004603686727278106
2024-11-06 00:00:00+00:00,-0.0017560622353924036,0.0001403087777777778,0.06650216101243128,-0.06825822324782368,-3.110422222222223e-05,0.000171413,0.0
2024-11-07 00:00:00+00:00,0.0074408243061783565,0.0006515814728396799,0.014469931051736048,-0.007029106745557692,0.00037018043753568646,0.00028140103530399337,0.0
2024-11-08 00:00:00+00:00,0.008069478138959918,0.0003302716552045033,0.0036048412874469774,0.004464636851512942,9.744106481181445e-05,0.0002328305903926889,0.0006435049662258074
2024-11-09 00:00:00+00:00,-0.011390559125345687,0.00030654760869565215,0.022926987063961596,-0.03431754618930728,-4.5555108695652177e-05,0.0003521027173913043,0.0
2024-11-10 00:00:00+00:00,0.010495004433861034,0.0004816137913888934,0.03532554934854393,-0.024830544914682888,-0.00026160105480828533,0.0007432148461971787,0.0
2024-11-11 00:00:00+00:00,-0.005020640193424037,0.00047910275319425476,0.031224041416129757,-0.03624468160955379,-0.00021176819553506843,0.0006908709487293233,0.000613268008604423
2024-11-12 00:00:00+00:00,0.005289936459170352,0.0004615927083333333,-0.017641506962651547,0.0229314434218219,-0.00025294864583333334,0.0007145413541666667,0.0
2024-11-13 00:00:00+00:00,-0.007658787473459288,0.00045419074299206993,-0.010533945581978682,0.002875158108519395,7.090939872755967e-05,0.0003832813442645102,0.0
2024-11-14 00:00:00+00:00,0.0040261857821258075,0.00040334662492910994,-0.019123170787531583,0.023149356569657394,-7.381374659650205e-05,0.000477160371525612,0.00039211280704641745
2024-11-15 00:00:00+00:00,0.0029722528782158576,0.0002296084375,0.03305633601201327,-0.030084083133797408,-9.7131875e-05,0.0003267403125,0.0
2024-11-16 00:00:00+00:00,0.03036797340063461,0.00045256558511992207,0.04823949422715382,-0.017871520826519202,-0.0001689769367022694,0.0006215425218221915,0.0
2024-11-17 00:00:00+00:00,-0.0025647930635893023,0.0004427031893634248,-0.018301495522364424,0.01573670245877512,-0.00018737152344657122,0.0006300747128099961,0.00044760661810917205
2024-11-18 00:00:00+00:00,0.031588882204614505,0.000517499,0.051575425233493385,-0.01998654302887888,-0.000168006,0.000685505,0.0
2024-11-19 00:00:00+00:00,0.001713185321330857,0.0004120530292741037,-0.015506341574422856,0.017219526895753713,-0.00012846764072882915,0.0005405206700029328,0.0
2024-11-20 00:00:00+00:00,0.006579526854450681,0.00011065400677142168,-0.027356813629593683,0.033936340484044356,-0.00016801469141025757,0.0002786686981816793,0.0004164090744386209
2024-11-21 00:00:00+00:00,-0.002518309226777599,0.00019986259615384616,0.027955384851712,-0.0304736940784896,-8.735384615384616e-05,0.00028721644230769234,0.0
2024-11-22 00:00:00+00:00,0.025674433625631078,0.0004058452549272826,0.03382538455933688,-0.008150950933705797,-0.0001726186196664935,0.0005784638745937761,0.0
2024-11-23 00:00:00+00:00,0.026583463868823855,0.0005958347995269615,0.05222405795397725,-0.0256405940851534,-0.0002961043405410931,0.0008919391400680546,0.0005535826431107437
2024-11-24 00:00:00+00:00,0.002065440169918975,0.000487561875,0.025955818602311484,-0.02389037843239251,-0.00010522089285714286,0.0005927827678571429,0.0
2024-11-25 00:00:00+00:00,0.005045311883185619,0.0003793075033041904,-0.0122338525545576,0.01727916443774322,-0.00019936832295584648,0.0005786758262600369,0.0
2024-11-26 00:00:00+00:00,0.012492305486998895,0.00010940180412811448,-0.0006830051222414444,0.01317531060924034,-8.993398728004257e-05,0.00019933579140815708,0.0004710301082904779
2024-11-27 00:00:00+00:00,-0.004274647223049327,0.0012236989655172413,0.029479751886759026,-0.03375439910980835,0.0008103648275862069,0.0004133341379310345,0.0
2024-11-28 00:00:00+00:00,-0.006439903703437711,0.0004754242598420148,-0.0034187865955437446,-0.0030211171078939666,-3.536058860416217e-06,0.000478960318702431,0.0
2024-11-29 00:00:00+00:00,0.01529381518497565,0.0004825127996012275,0.0298109593089805,-0.01451714412400485,6.96718656486023e-06,0.0004755456130363673,0.0004436782119621606
2024-11-30 00:00:00+00:00,-0.00020323851528102651,0.0013629780508474577,0.01888995197503618,-0.01909319049031721,0.0006890055084745764,0.0006739725423728813,0.0
2024-12-01 00:00:00+00:00,-0.003497295907769931,0.0006348121233098218,0.002177368328780663,-0.0056746642365505945,3.910258780133848e-05,0.0005957095355084833,0.0
2024-12-02 00:00:00+00:00,0.011589132133750629,0.000604222226037927,0.011361086572324798,0.0002280455614258321,-0.0001044520657535374,0.0007086742917914645,0.0004585893139011175
2024-12-03 00:00:00+00:00,0.01579232640237969,0.0007815718644067797,0.04530299631890077,-0.029510669916521088,-0.0002537703389830508,0.0010353422033898304,0.0
2024-12-04 00:00:00+00:00,0.0070773490697484485,0.0007731001499762714,0.018259662244399275,-0.011182313174650828,-0.00048513422955351093,0.0012582343795297822,0.0
2024-12-05 00:00:00+00:00,-0.008719387528809828,0.0006757327355716946,-0.007514353962337897,-0.0012050335664719324,-0.0005552968841205851,0.0012310296196922795,0.0004945953570382881
2024-12-06 00:00:00+00:00,0.011354593562224423,0.00064018375,0.021921556789854003,-0.010566963227629577,-0.00038436916666666665,0.0010245529166666668,0.0
2024-12-07 00:00:00+00:00,-0.014427657124862325,0.0007063952922841273,-0.0012302714038850446,-0.013197385720977282,-0.0003751799933766014,0.0010815752856607288,0.0
2024-12-08 00:00:00+00:00,0.0021180775546201427,0.0006208003302597572,0.002976908952683401,-0.0008588313980632577,-0.0003648084423872915,0.0009856087726470486,0.0004772311279167624
2024-12-09 00:00:00+00:00,0.01125228586875697,0.000790667131147541,-0.07762684298926775,0.08887912885802471,0.00022041614754098358,0.0005702509836065574,0.0
2024-12-10 00:00:00+00:00,0.0103607271381588,-3.093273382935696e-05,-0.00685862290923212,0.01721935004739092,-7.845429861652682e-05,4.752156478716985e-05,0.0
2024-12-11 00:00:00+00:00,-0.003300273527999581,1.5468768577407157e-05,0.03344119161632949,-0.036741465144329064,-7.520778714834966e-05,9.067655572575679e-05,0.0005635669518395067
2024-12-12 00:00:00+00:00,-0.004275403503211989,0.00018606927419354837,0.005867391779248816,-0.010142795282460808,1.407661290322579e-05,0.00017199266129032262,0.0
2024-12-13 00:00:00+00:00,0.0004985646176921172,0.00022507266053969845,0.002064503427967607,-0.0015659388102754897,1.1224956513168956e-05,0.0002138477040265295,0.0
2024-12-14 00:00:00+00:00,0.006195734966379575,0.00014301386043987413,-0.019954031762141583,0.026149766728521158,-3.836855727315861e-05,0.00018138241771303276,0.0006318347259912331
2024-12-15 00:00:00+00:00,-0.00030887413584644455,0.00033063258064516127,0.0196845658401371,-0.019993439975983542,9.307669354838708e-05,0.0002375558870967742,0.0
2024-12-16 00:00:00+00:00,-0.004687788394564009,0.0003700034280272638,-0.019271247466274594,0.014583459071710582,-8.049401908428441e-05,0.00045049744711154815,0.0
2024-12-17 00:00:00+00:00,0.004042106394584041,0.00012387189417739874,-0.025097590789290358,0.0291396971838744,-7.765325863226712e-05,0.00020152515280966583,0.0004376897927195607
2024-12-18 00:00:00+00:00,0.0011098354321184487,0.00025834209677419353,-0.04550968819085917,0.046619523622977624,5.609556451612903e-05,0.0002022465322580645,0.0
2024-12-19 00:00:00+00:00,0.008436596575662024,0.0003204680392963556,-0.029416765757096973,0.037853362332759,0.00015932676759343966,0.00016114127170291592,0.0
2024-12-20 00:00:00+00:00,-0.0007347719345757986,0.00033947759494661804,0.017770681810961322,-0.018505453745537123,0.00017436969586464502,0.00016510789908197305,0.0004893113080620264
2024-12-21 00:00:00+00:00,0.003972456884268066,0.00027886604838709675,-0.01924449775453094,0.023216954638799005,8.553387096774193e-05,0.00019333217741935484,0.0
2024-12-22 00:00:00+00:00,-0.007774906688171329,0.0008197276676094795,-0.002715762979051641,-0.005059143709119688,0.0007080766126310041,0.00011165105497847542,0.0
2024-12-23 00:00:00+00:00,-0.0020656939695952994,0.0011020001366903096,0.030665948366266106,-0.032731642335861406,0.0009675448790916145,0.00013445525759869502,0.0005149802560074259
2024-12-24 00:00:00+00:00,0.009588871679786965,0.0004723959677419355,0.025921769130562298,-0.016332897450775333,0.00027194951612903226,0.00020044645161290323,0.0
2024-12-25 00:00:00+00:00,0.0065545568877369755,0.0008000113562700575,-0.00311336479164974,0.009667921679386713,0.0006117976677374463,0.00018821368853261122,0.0
2024-12-26 00:00:00+00:00,0.002514037956970812,0.0015777296671664381,-0.02994969717965098,0.03246373513662179,0.0013853913974364274,0.00019233826973001077,0.00047059765157283264
2024-12-27 00:00:00+00:00,-0.007904473235673393,0.0009797964516129031,0.0037543770924654456,-0.01165885032813884,0.0007675691935483871,0.00021222725806451613,0.0
2024-12-28 00:00:00+00:00,0.0022604359591857615,0.0009167659604802187,0.021579711463924893,-0.019319275504739133,0.0007293021385513649,0.00018746382192885396,0.0
2024-12-29 00:00:00+00:00,0.0056207501997086054,0.0012723265313330254,-0.019046846835534294,0.024667597035242902,0.0010391195560659414,0.00023320697526708385,0.00044013360497037474
2024-12-30 00:00:00+00:00,-0.0053624204339072275,0.000753531507936508,-0.0044701903611262745,-0.0008922300727809522,0.000519816111111111,0.00023371539682539682,0.0
2024-12-31 00:00:00+00:00,-0.0012000935114394378,0.0007262424324490792,-0.007587138280017468,0.006387044768578032,0.0005233347572441664,0.00020290767520491282,0.0
2025-01-01 00:00:00+00:00,-0.0004328699489926117,0.0005018403018631282,0.014561139621558448,-0.01499400957055106,0.0002955782551823525,0.00020626204668077567,0.0004743730327420235
2025-01-02 00:00:00+00:00,0.0017571466806354352,0.00040258499999999995,0.019822025753965987,-0.018064879073330552,0.0001806133333333333,0.00022197166666666665,0.0
2025-01-03 00:00:00+00:00,-0.011330073955240383,0.00035511711367863254,0.022086688095093156,-0.033416762050333546,4.744383773050197e-05,0.00030767327594813056,0.0
2025-01-04 00:00:00+00:00,-0.0019567224496421128,0.0003361168738718723,0.00023814146738345907,-0.0021948639170255723,1.3646345078395923e-05,0.0003224705287934764,0.0005575135576079365
2025-01-05 00:00:00+00:00,0.009438526780935555,0.000903966370967742,0.004355703919849643,0.005082822861085912,0.0006018201612903227,0.00030214620967741935,0.0
2025-01-06 00:00:00+00:00,0.0016059005321376776,0.0006011665102812797,0.001694911260782656,-8.901072864497838e-05,0.0002921238341981277,0.000309042676083152,0.0
2025-01-07 00:00:00+00:00,0.00680900679144629,0.00032393861611644244,-0.049084710842302356,0.05589371763374864,8.28953535441314e-05,0.000241043262572311,0.0004210667564853282
2025-01-08 00:00:00+00:00,0.014766293852993323,0.0007263735483870968,-0.011280794210611688,0.026047088063605013,0.0005444409677419354,0.00018193258064516128,0.0
2025-01-09 00:00:00+00:00,0.0038011940795599757,0.0010449701520884643,-0.013280380878816254,0.017081574958376228,0.0009334776980521836,0.00011149245403628084,0.0
2025-01-10 00:00:00+00:00,-0.0010112631697667572,0.0004604888153570704,0.00859862046461329,-0.009609883634380048,0.0003142492589315717,0.00014623955642549866,0.0005143247463635048
2025-01-11 00:00:00+00:00,0.003677078562534991,0.00048541443548387095,-0.000474927072956122,0.004152005635491113,0.0003159374193548387,0.00016947701612903226,0.0
2025-01-12 00:00:00+00:00,-0.0017595782733775744,0.0003805422166134317,-0.011724816640825607,0.009965238367448033,0.00019283238766713617,0.00018770982894629552,0.0
2025-01-13 00:00:00+00:00,-0.002502837229017843,0.000702391011196391,-0.019160362914179496,0.016657525685161656,0.0005638624726634427,0.00013852853853294817,0.00039460151063344797
2025-01-14 00:00:00+00:00,-0.003185892320522758,0.0005919225806451612,0.018557023197153008,-0.021742915517675765,0.00035857870967741934,0.00023334387096774194,0.0
2025-01-15 00:00:00+00:00,-0.00980682845564557,0.0003142011419364334,0.02882265942003541,-0.038629487875680976,0.00010029687539615787,0.00021390426654027553,0.0
2025-01-16 00:00:00+00:00,-0.000509765330408897,0.0003556378915185322,-0.016534457729554787,0.01602469239914589,3.257492362588498e-05,0.00032306296789264726,0.0004906244082671116
2025-01-17 00:00:00+00:00,-0.0021934333156123243,0.00040388096774193543,0.03353433467099935,-0.03572776798661168,0.00017804629032258066,0.00022583467741935488,0.0
2025-01-18 00:00:00+00:00,0.02173577165061473,0.0015537451109388458,-0.02517064042669665,0.04690641207731139,0.0012433790039038993,0.0003103661070349461,0.0
2025-01-19 00:00:00+00:00,0.0038044602320389488,0.0005710352607153836,-0.04360601432609135,0.04741047455813029,0.00020180390901516012,0.00036923135170022366,0.0004585943863202173
2025-01-20 00:00:00+00:00,0.012199381438626682,0.0003545597619047619,-0.0025223816360342025,0.014721763074660884,-3.416301587301588e-05,0.0003887227777777777,0.0
2025-01-21 00:00:00+00:00,-0.0013127277852876629,0.000131469527794386,0.011680986897362619,-0.012993714682650283,-7.345135660639856e-05,0.00020492088440078452,0.0
2025-01-22 00:00:00+00:00,-0.004646196180368604,-1.1833562898414546e-05,-0.012691040722676995,0.008044844542308393,-0.0002550382366933702,0.00024320467379495566,0.0005039921588963678
2025-01-23 00:00:00+00:00,0.006020496455774709,0.00034232669354838707,-0.00021005332780419262,0.006230549783578903,0.00014274241935483865,0.0001995842741935484,0.0
2025-01-24 00:00:00+00:00,0.009121505106301353,0.0003998605605460421,-0.010205771181979732,0.019327276288281084,0.00020128183371953955,0.00019857872682650256,0.0
2025-01-25 00:00:00+00:00,0.006614567601426769,-0.0001610485341519101,0.00485108011773977,0.0017634874836869995,8.873270173880673e-05,-0.00024978123589071676,0.0005098838642691364
2025-01-26 00:00:00+00:00,0.003111644976695963,0.0004974320161290323,-0.008525004122273064,0.011636649098969026,0.00030142564516129035,0.00019600637096774196,0.0
2025-01-27 00:00:00+00:00,-0.0055313280021560595,0.0004086082005851667,-0.01159708681784824,0.00606575881569218,0.0005663506870649222,-0.0001577424864797554,0.0
2025-01-28 00:00:00+00:00,0.015066089016506473,-0.00016561158010454572,-0.025903848279493314,0.04096993729599979,0.00020386411891731496,-0.00036947569902186076,0.0004882938094618596
2025-01-29 00:00:00+00:00,0.002306605648192862,0.0004957629508196721,0.020075551531516068,-0.017768945883323204,0.00034367696721311473,0.00015208598360655741,0.0
2025-01-30 00:00:00+00:00,0.004712124507566994,0.00033405157257619883,0.028745370054818413,-0.024033245547251416,0.00027860623309289176,5.5445339483307095e-05,0.0
2025-01-31 00:00:00+00:00,-0.01060209789052343,0.00019399441269980146,-0.005789192216455829,-0.0048129056740676,0.0002095042486188439,-1.550983591904243e-05,0.0005544852415625386
2025-02-01 00:00:00+00:00,0.01565582272133944,0.0007299384677419354,-0.04385584206267492,0.05951166478401436,0.0005894525806451613,0.0001404858870967742,0.0
2025-02-02 00:00:00+00:00,-0.00010464111635233395,0.0005833931234799516,-0.05320548059012164,0.05310083947376931,0.0004498183017300084,0.00013357482174994323,0.0
2025-02-03 00:00:00+00:00,0.0022508935954686643,0.00046826239545100614,0.01669726508557899,-0.014446371490110327,0.0004840895010164815,-1.5827105565475404e-05,0.0004854299259149596
2025-02-04 00:00:00+00:00,-0.0019255292478462995,0.00033487912698412705,-0.03625688725475255,0.034331358006906246,0.0005664984126984127,-0.00023161928571428572,0.0
2025-02-05 00:00:00+00:00,0.0019203721567654275,1.3340790603101897e-06,-0.013097216549498929,0.015017588706264358,0.0003115479274049263,-0.00031021384834461607,0.0
2025-02-06 00:00:00+00:00,0.006621135072134913,0.0004889342654521157,-0.022237111949674402,0.028858247021809315,0.0004944231043761867,-5.488838924070978e-06,0.00040257955903312927
2025-02-07 00:00:00+00:00,-0.00010660087284216583,0.00087372515625,0.003352847291375741,-0.003459448164217907,0.0007689960937500001,0.0001047290625,0.0
2025-02-08 00:00:00+00:00,-0.026263278676765207,2.2305749014550047e-05,0.029730503684561482,-0.0559937823613267,0.0005255849008470964,-0.0005032791518325462,0.0
2025-02-09 00:00:00+00:00,-0.0033787221027056892,-0.00039426513727060047,-0.006482549027565283,0.003103826924859595,0.0007957694456242354,-0.001190034582894836,0.0004232702111525731
2025-02-10 00:00:00+00:00,-0.003652510635245366,0.0009301202380952381,0.016962528197345943,-0.02061503883259131,0.0008511526984126983,7.89675396825397e-05,0.0
2025-02-11 00:00:00+00:00,-0.00515724068914598,0.0007958750920516572,-0.00042032830694131934,-0.0047369123822046605,0.0006939543851402425,0.00010192070691141466,0.0
2025-02-12 00:00:00+00:00,0.008226344644665536,0.0010337601487673711,0.03873222179446198,-0.030505877149796443,0.0009372335530748311,9.65265956925401e-05,0.000448176611654454
2025-02-13 00:00:00+00:00,0.003014267174602882,0.00035758516129032257,-0.01701207779956882,0.020026344974171703,0.0002327475806451613,0.0001248375806451613,0.0
2025-02-14 00:00:00+00:00,0.0018567376309748648,0.00034005859113614846,0.016348869647815085,-0.014492132016840222,0.00023710428189605644,0.000102954309240092,0.0
2025-02-15 00:00:00+00:00,0.0011223022770377095,0.00046032301557254125,-0.014826981363639153,0.01594928364067686,0.00046118302736331056,-8.600117907692635e-07,0.00041935744455241943
2025-02-16 00:00:00+00:00,0.003732368171745737,0.001656632,0.0014045385448274118,0.0023278296269183246,0.0015121396666666668,0.00014449233333333335,0.0
2025-02-17 00:00:00+00:00,0.0021697178560968347,0.0019443025287811605,-0.006723287768410156,0.00889300562450699,0.0018275796259412122,0.00011672290283994863,0.0
2025-02-18 00:00:00+00:00,-0.0033251164846076734,0.000738280691288654,-0.022684785101120056,0.019359668616512383,0.0007401088800381012,-1.8281887494471126e-06,0.00048273011120996865
2025-02-19 00:00:00+00:00,0.0017698445412893745,0.0014854744067796608,0.006890760321327617,-0.005120915780038245,0.001333376779661017,0.0001520976271186441,0.0
2025-02-20 00:00:00+00:00,0.0019060693563613396,0.001003688998360141,0.029238819435754966,-0.02733275007939363,0.0008760977891744524,0.00012759120918568855,0.0
2025-02-21 00:00:00+00:00,0.0019333048377283483,0.0006283174231169937,-0.016065689224468684,0.01799899406219703,0.0004899857028745024,0.00013833172024249133,0.00040979777324415696
2025-02-22 00:00:00+00:00,-0.021142367812017546,0.0007608217241379311,0.02076813987360828,-0.04191050768562583,0.0005490435344827585,0.00021177818965517243,0.0
2025-02-23 00:00:00+00:00,0.01767548884876859,0.0009377231001226351,-0.007308672091395612,0.0249841609401642,0.0007763472992135933,0.00016137580090904184,0.0
2025-02-24 00:00:00+00:00,0.001909343984302688,0.0007208773049758214,-0.057786605866706024,0.059695949851008706,0.0005969294751396444,0.0001239478298361771,0.0004238980897575009
2025-02-25 00:00:00+00:00,-0.025996757285386543,0.0005197790517241379,0.01196907340552024,-0.03796583069090679,0.00045064043103448283,6.913862068965516e-05,0.0
2025-02-26 00:00:00+00:00,-0.031926033700736836,0.00032398189619685505,0.0018167367474471701,-0.03374277044818401,0.0002019178595082194,0.00012206403668863561,0.0
2025-02-27 00:00:00+00:00,0.004640895537691188,0.00024368551938162633,-0.0032636717608956686,0.007904567298586856,3.0471142196606632e-05,0.0002132143771850197,0.00040889375114462406
2025-02-28 00:00:00+00:00,-0.01362034264419927,0.0003844487931034483,0.0004502638662379397,-0.01407060651043721,0.00022731405172413794,0.00015713474137931034,0.0
2025-03-01 00:00:00+00:00,0.021745263313062514,0.00017474967499677321,-0.007012812505950372,0.028758075819012886,4.0234080972218495e-05,0.0001345155940245547,0.0
2025-03-02 00:00:00+00:00,-0.02320536606226136,0.00029723841122820585,0.03774650461782897,-0.06095187068009032,0.00014970853894851228,0.00014752987227969355,0.0004648131686224776
2025-03-03 00:00:00+00:00,-0.0028406634063918006,0.00035893706896551725,-0.07569645204167885,0.07285578863528705,0.0001815055172413793,0.00017743155172413795,0.0
2025-03-04 00:00:00+00:00,0.0005349836910873229,0.0005077206215539077,-0.005308238296000719,0.0058432219870880415,0.00043435135944121814,7.336926211268942e-05,0.0
2025-03-05 00:00:00+00:00,-0.0007445389599900053,0.0004199906084241732,0.012877659637050324,-0.013622198597040329,0.0003146851478037062,0.00010530546062046694,0.00044821081506731073
2025-03-06 00:00:00+00:00,0.007890888823415976,0.0006679615517241378,-0.011088363263768091,0.01897925208718407,0.0005169706034482758,0.00015099094827586207,0.0
2025-03-07 00:00:00+00:00,-0.0002068919496338807,0.0011615934917681419,-0.007372164931479901,0.00716527298184602,0.0011055966886658439,5.5996803102297945e-05,0.0
2025-03-08 00:00:00+00:00,0.002373002620718115,0.0003717124461102535,-0.007869902747523609,0.010242905368241724,0.0003197901966647304,5.192224944552308e-05,0.0004413868243484184
2025-03-09 00:00:00+00:00,-0.003678142487799585,0.0006934114912280702,-0.04626058682581173,0.04258244433801214,0.0005786477192982456,0.00011476377192982457,0.0
2025-03-10 00:00:00+00:00,-0.001546724967008424,0.000561880630271483,-0.018788898653349935,0.017242173686341507,0.00045240776353297745,0.00010947286673850562,0.0
2025-03-11 00:00:00+00:00,0.011882589099286795,0.0007250971928107405,0.028105696030172104,-0.016223106930885307,0.0006181677906210618,0.00010692940218967873,0.0004565982894824475
2025-03-12 00:00:00+00:00,-0.008705275761621094,0.0006335526724137932,0.007188388664589266,-0.01589366442621036,0.0005986554310344826,3.489724137931034e-05,0.0
2025-03-13 00:00:00+00:00,0.005307026878004415,0.0005573902477659788,-0.010998788316315239,0.016305815194319652,0.0004326503456423003,0.00012473990212367853,0.0
2025-03-14 00:00:00+00:00,7.39858603061791e-05,0.0006020748185693314,0.018425397093086993,-0.018351411232780813,0.0004627849098240199,0.0001392899087453116,0.0005080449335834598
2025-03-15 00:00:00+00:00,-0.0010496259949548774,0.0009711115178571428,0.014996587771706706,-0.016046213766661585,0.0007924375,0.00017867401785714285,0.0
2025-03-16 00:00:00+00:00,-0.00420122217017882,0.0010646504324225493,-0.019648528863475595,0.015447306693296775,0.0008540438456890757,0.00021060658673347358,0.0
2025-03-17 00:00:00+00:00,-0.019641094419187315,0.0013104943343940053,0.018581711950755742,-0.03822280636994305,0.0006887271350176481,0.0006217671993763572,0.0004340933547003747
2025-03-18 00:00:00+00:00,0.0006727118736379644,0.0013569040350877191,-0.010681819795469907,0.011354531669107873,0.0015724978947368419,-0.00021559385964912278,0.0
2025-03-19 00:00:00+00:00,-0.01298135202261489,0.001142317763384938,0.015107512438111498,-0.028088864460726386,0.0012443999614306727,-0.00010208219804573474,0.0
2025-03-20 00:00:00+00:00,0.00984934079024685,0.0006510577436777264,-0.005873484371799329,0.015722825162046178,0.0010483461007669006,-0.00039728835708917445,0.0004319724581863821
2025-03-21 00:00:00+00:00,-0.003508815561586916,0.0011907481578947367,-0.006710980829212064,0.0032021652676251467,0.0010812827192982453,0.00010946543859649123,0.0
2025-03-22 00:00:00+00:00,-0.0033549877576955233,0.0015167766244814098,0.01015958376392476,-0.013514571521620286,0.0015072821177060363,9.494506775373606e-06,0.0
2025-03-23 00:00:00+00:00,-0.010260869203629472,-0.00012439768940330175,-0.004043915883936244,-0.006216953319693226,0.0004269706826637531,-0.0005513683720670549,0.0004828321283885941
2025-03-24 00:00:00+00:00,-0.012287470674293916,0.0009660898214285713,0.01418858042531893,-0.026476051099612846,0.0008179396428571429,0.00014815017857142858,0.0
2025-03-25 00:00:00+00:00,0.009672912258263985,0.0007107731595975427,0.010808375282187173,-0.0011354630239231883,0.0005802222876346005,0.0001305508719629422,0.0
2025-03-26 00:00:00+00:00,0.006273669662332274,0.0009203437999698095,-0.00797257851893024,0.014246248181262511,0.0008060138748536782,0.00011432992511613144,0.00048226822602142494
2025-03-27 00:00:00+00:00,0.00129935222884716,0.0012350943518518519,0.001480247612503551,-0.00018089538365639152,0.0008007007407407407,0.0004343936111111111,0.0
2025-03-28 00:00:00+00:00,-0.004691652626347674,0.00043614488180492635,-0.03266969458503818,0.027978041958690504,0.0007243980440788343,-0.0002882531622739081,0.0
2025-03-29 00:00:00+00:00,0.0002689671233037012,-0.00048806911766255515,-0.027309745483422777,0.027578712606726476,0.0006215492996363784,-0.0011096184172989338,0.0004645275876865971
2025-03-30 00:00:00+00:00,-0.0030470063571208785,0.0009244716037735849,0.0042462148221180385,-0.007293221179238918,0.0008421142452830189,8.235735849056603e-05,0.0
2025-03-31 00:00:00+00:00,0.002952021089132535,0.0011994540015942067,-0.005409154626886405,0.00836117571601894,0.001093999080842535,0.00010545492075167163,0.0
2025-04-01 00:00:00+00:00,0.010759030495812944,0.0009294985967778739,0.005155748010379329,0.005603282485433616,0.0008287262477605058,0.00010077234901736844,0.00039453563937486957
2025-04-02 00:00:00+00:00,-0.0014674218916572238,0.0006074409615384616,-0.03256880876479758,0.031101386873140353,0.0005333908653846154,7.405009615384615e-05,0.0
2025-04-03 00:00:00+00:00,-0.00047114181484146276,0.0003494436081027134,0.0010764338770877667,-0.0015475756919292288,0.0004886649668155728,-0.0001392213587128594,0.0
2025-04-04 00:00:00+00:00,-0.0006811841251155009,0.00025176219032092226,-0.00018408318961705018,-0.0004971009354984514,0.0003172211254135343,-6.545893509261202e-05,0.0004974906369862665
2025-04-05 00:00:00+00:00,-0.00080523324580501,0.0008974707843137255,-0.00738483692825846,0.0065796036824534495,0.0007986393137254902,9.88314705882353e-05,0.0
2025-04-06 00:00:00+00:00,-0.0013038897258434278,0.0011001725761009397,-0.0512536009895021,0.04994971126365867,0.0010540829841757654,4.608959192517429e-05,0.0
2025-04-07 00:00:00+00:00,-0.003640787151732513,0.0007882747200859165,0.011669162276625143,-0.015309949428357655,0.0007843132526185647,3.961467467351827e-06,0.00039848139529442703
2025-04-08 00:00:00+00:00,0.0009712286021452913,0.0009221382352941176,-0.028409198318539355,0.02938042692068464,0.0008183609803921569,0.00010377725490196079,0.0
2025-04-09 00:00:00+00:00,0.004414354214088208,0.000870266231011635,0.060363560778512626,-0.05594920656442441,0.0007609391583259469,0.00010932707268568827,0.0
2025-04-10 00:00:00+00:00,0.005467596139946865,0.00020933205337910214,-0.02081683655545053,0.02628443269539739,0.00082317887400943,-0.0006138468206303278,0.0004430802146744818
2025-04-11 00:00:00+00:00,-0.014415431779622932,0.0012670916000000001,0.01593032003301145,-0.03034575181263438,0.0011615546,0.000105537,0.0
2025-04-12 00:00:00+00:00,-0.017407808414455442,0.0016199660372922798,0.015945838464539935,-0.03335364687899538,0.0015333420937007356,8.662394359154439e-05,0.0
2025-04-13 00:00:00+00:00,-0.0002728096697177402,0.0010519005514988654,-0.03470270025966497,0.034429890589947235,0.0013701616481538918,-0.0003182610966550264,0.0005295935937190523
2025-04-14 00:00:00+00:00,-0.008400148337118326,0.0023536531,-0.0011601990044625026,-0.007239949332655822,0.002301509,5.214410000000002e-05,0.0
2025-04-15 00:00:00+00:00,0.007102608645347637,0.0016498871694457895,-0.004760676500637233,0.011863285145984871,0.0015147788363884713,0.00013510833305731843,0.0
2025-04-16 00:00:00+00:00,-0.004463999196796619,0.001372255429565966,-0.008401182861449932,0.0039371836646533145,0.0012516538540606535,0.00012060157550531263,0.0003944694500879674
2025-04-17 00:00:00+00:00,-0.008336727780487867,0.0020675674,0.0012706141404965187,-0.00960734192098439,0.0018895723,0.0001779951,0.0
2025-04-18 00:00:00+00:00,-0.0029863241152225397,0.0014317014908653716,0.001868306388755334,-0.004854630503977874,0.0012870884887900011,0.00014461300207537043,0.0
2025-04-19 00:00:00+00:00,-0.01958292082364279,0.0007552360106703969,0.011885770807245684,-0.03146869163088847,0.0006358536895198167,0.00011938232115058019,0.0004490106502144661
2025-04-20 00:00:00+00:00,0.006697930273482711,0.0046005516,0.015788247987865496,-0.009090317714382786,0.0044436739,0.0001568777,0.0
2025-04-21 00:00:00+00:00,-0.03025690824133569,0.001558320221613001,-0.019294460918502333,-0.010962447322833354,0.0016833102271831052,-0.00012499000557010417,0.0
2025-04-22 00:00:00+00:00,-0.032068596670193454,0.0009502154817462876,0.033066615806120955,-0.0651352124763144,0.0009695497544565481,-1.933427271026076e-05,0.0005206784940474095
2025-04-23 00:00:00+00:00,-0.015552850886948062,0.0013215889423076924,0.014930527722011783,-0.030483378608959846,0.0009142389423076923,0.00040735,0.0
2025-04-24 00:00:00+00:00,0.02146547157480081,0.0014438317913119045,0.028377573301780847,-0.006912101726980037,0.0011427857971756713,0.0003010459941362334,0.0
2025-04-25 00:00:00+00:00,0.03809111911284892,0.0062629543608998415,0.040295964548758195,-0.0022048454359092848,0.006050651730697503,0.00021230263020233835,0.0005120501798851723
2025-04-26 00:00:00+00:00,0.005454960887813169,0.0029421180188679247,0.023854797641455018,-0.01839983675364185,0.0026271381132075473,0.0003149799056603774,0.0
2025-04-27 00:00:00+00:00,-0.0012787280002945055,0.003092949342920057,-0.029045844443389642,0.02776711644309514,0.0028881339810706524,0.00020481536184940483,0.0
2025-04-28 00:00:00+00:00,-0.004557411214489395,0.0026090656546354386,0.017164300543861505,-0.021721711758350897,0.002424150121149286,0.0001849155334861519,0.00047629480227371143
2025-04-29 00:00:00+00:00,0.006777420650978049,0.0018931166037735845,-0.012128959035291603,0.01890637968626965,0.0017619925471698112,0.00013112405660377358,0.0
2025-04-30 00:00:00+00:00,0.050013978627327156,-0.0008019258573561331,0.059635670500242356,-0.009621691872915204,-0.0009217046205676233,0.00011977876321149024,0.0
2025-05-01 00:00:00+00:00,-0.004501583122371653,0.0004644803494289294,0.0054241329628328845,-0.009925716085204537,0.0003021860315655006,0.00016229431786342875,0.0005180838061110888
2025-05-02 00:00:00+00:00,-0.00328916455251611,0.0010861408333333333,-0.006103231702983399,0.0028140671504672888,0.0009524781481481481,0.00013366268518518517,0.0
2025-05-03 00:00:00+00:00,-0.005883725255261289,0.001157988369857393,-0.030149013524340875,0.024265288269079588,0.0009744482571190992,0.000183540112738294,0.0
2025-05-04 00:00:00+00:00,-0.00795051030517103,0.0007605559846087381,-0.011411336895440861,0.00346082659026983,0.0006738654095806581,8.669057502808014e-05,0.0003968795970182511
2025-05-05 00:00:00+00:00,0.0005820720371061188,0.0010519342452830188,0.0015686808003783274,-0.0009866087632722088,0.0008578646226415094,0.00019406962264150942,0.0
2025-05-06 00:00:00+00:00,-0.010365972024895441,0.002059637489805492,-0.01695917881438923,0.0065932067894937905,0.002076840161685627,-1.72026718801347e-05,0.0
2025-05-07 00:00:00+00:00,6.322160851172064e-05,0.0012075049022350153,0.0057745898129735185,-0.005711368204461798,0.0011595170383855553,4.7987863849459806e-05,0.00038188745476338084
2025-05-08 00:00:00+00:00,0.005336885000530129,0.0012750504807692309,0.06596334716409952,-0.060626462163569386,0.0010676713461538463,0.00020737913461538462,0.0
2025-05-09 00:00:00+00:00,-0.03451458448289035,0.0002913527722548652,0.03593609260153441,-0.07045067708442476,7.652773704682214e-05,0.00021482503520804297,0.0
2025-05-10 00:00:00+00:00,0.02667668848040099,9.687335294938975e-05,0.04684922018216245,-0.020172531701761465,2.3340517390391347e-05,7.35328355589984e-05,0.000680954731973801
2025-05-11 00:00:00+00:00,-0.015666431064744753,0.0006097567592592592,-0.008450977364646103,-0.007215453700098648,0.00030796120370370374,0.00030179555555555555,0.0
2025-05-12 00:00:00+00:00,-0.0037437637060585205,0.00037188661692855835,0.008608224465474879,-0.0123519881715334,0.00013487911808234503,0.00023700749884621327,0.0
2025-05-13 00:00:00+00:00,-0.010537017321736713,0.0005217894458599526,0.02263549260504407,-0.03317250992678078,0.00033411397348874586,0.0001876754723712067,0.0005329305383546772
2025-05-14 00:00:00+00:00,0.011431610879382409,0.0007747494642857144,-0.01992189791483388,0.03135350879421629,0.0004885464285714286,0.0002862030357142857,0.0
2025-05-15 00:00:00+00:00,0.009937869903245805,0.0007696839005429772,-0.026992130803369728,0.036930000706615534,0.0006131418871503037,0.00015654201339267346,0.0
2025-05-16 00:00:00+00:00,0.006294705268135787,0.0001964175816757958,-0.006582300255691712,0.0128770055238275,8.863279275597789e-05,0.00010778478891981788,0.0005001015436790346
2025-05-17 00:00:00+00:00,-0.0028554212153338145,0.0004114512068965517,-0.01845710001616885,0.015601678800835036,0.0002635888793103448,0.0001478623275862069,0.0
2025-05-18 00:00:00+00:00,-0.006259110578744948,0.00037955922013649987,0.03306505611796903,-0.03932416669671398,0.00023178248666984243,0.00014777673346665743,0.0
2025-05-19 00:00:00+00:00,0.007576453533726426,0.0003563730203313037,-0.015594516707222224,0.02317097024094865,0.00020368660265937744,0.0001526864176719263,0.0003573517552770398
2025-05-20 00:00:00+00:00,-7.248067047716618e-05,0.00035140161016949153,0.0030122953197979836,-0.0030847759902751493,0.000169774406779661,0.00018162720338983052,0.0
2025-05-21 00:00:00+00:00,-0.007114346401481041,0.000282044467170211,0.01092286236782489,-0.01803720876930593,6.13886847589311e-05,0.0002206557824112799,0.0
2025-05-22 00:00:00+00:00,0.002237238097474493,0.00022875463113382,0.03178489109729839,-0.02954765299982389,-6.323064848468175e-05,0.00029198527961850167,0.00044207514062640874
2025-05-23 00:00:00+00:00,0.0051924602546395415,0.00035935574999999993,-0.045393096439949474,0.050585556694589015,0.00012526458333333334,0.00023409116666666665,0.0
2025-05-24 00:00:00+00:00,0.004856343849380422,0.00023143796736666559,0.00790384446484275,-0.0030475006154623277,0.00021656303363467986,1.4874933731985675e-05,0.0
2025-05-25 00:00:00+00:00,0.0012396780621218022,0.00010861790571278516,0.0007987936730761338,0.00044088438904566797,0.0002849935391380762,-0.000176375633425291,0.00042498732528567366
2025-05-26 00:00:00+00:00,7.03538245859504e-05,0.0006180858333333333,-0.005328743446879034,0.0053990972714649844,0.00042097216666666667,0.00019711366666666665,0.0
2025-05-27 00:00:00+00:00,-0.0004482402062870438,0.00045440036943389085,0.014424536563565654,-0.014872776769852698,0.000264430083879342,0.00018997028555454884,0.0
2025-05-28 00:00:00+00:00,0.006309485452327158,0.0004580352097739561,-0.0035795110778263,0.009888996530153456,0.0002679928176876617,0.0001900423920862943,0.00034035272377840075
2025-05-29 00:00:00+00:00,0.0022095441175142136,0.00047385966101694916,-0.013492468297581599,0.015702012415095813,0.00027403838983050847,0.0001998212711864407,0.0
2025-05-30 00:00:00+00:00,0.021411485752538918,0.0028140690442806687,-0.04952074225781622,0.07093222801035513,0.002721203840181681,9.286520409898791e-05,0.0
2025-05-31 00:00:00+00:00,-0.009763428970570394,0.0024092194604656354,0.0024001503070657654,-0.012163579277636158,0.002341137047973787,6.808241249184814e-05,0.00041632926576762086
2025-06-01 00:00:00+00:00,-0.005248248565547132,0.00144032125,0.011665085594394144,-0.016913334159941278,0.0013030191666666665,0.00013730208333333335,0.0
2025-06-02 00:00:00+00:00,0.007136339895385015,0.0007787392356537606,0.004807540643894416,0.0023287992514905986,0.0006641210656830692,0.00011461816997069132,0.0
2025-06-03 00:00:00+00:00,0.0038864459485063218,0.00048280093347102696,0.003309271478661201,0.0005771744698451209,0.0003334420635118623,0.0001493588699591647,0.0003580888729775035
2025-06-04 00:00:00+00:00,0.008231294129032719,0.0010051583050847458,-0.012460615835013795,0.02069190996404651,0.0008884238135593221,0.00011673449152542373,0.0
2025-06-05 00:00:00+00:00,-0.005072458373467248,0.0010641273673152618,-0.032530428758862695,0.027457970385395443,0.000920536559506401,0.00014359080780886074,0.0
2025-06-06 00:00:00+00:00,0.001165794024058514,0.0007360451510745713,0.007159272791489941,-0.005993478767431427,0.000588012256450833,0.00014803289462373835,0.0003397570570865464
2025-06-07 00:00:00+00:00,-0.0020190994682486507,0.0005924033333333333,0.014383088823004847,-0.0164021882912535,0.0003843475,0.00020805583333333334,0.0
2025-06-08 00:00:00+00:00,-0.0008534649932517475,0.0005477100598608477,-0.0007978331442817267,-5.563184897002145e-05,0.0003809888310905017,0.00016672122877034597,0.0
2025-06-09 00:00:00+00:00,0.001818804281580354,0.000545125071702602,0.03028456650659491,-0.028465762225014558,0.0003241175038630678,0.00022100756783953414,0.0003643980412068273
2025-06-10 00:00:00+00:00,0.001829400351900125,0.00044447157894736834,0.0114019026347193,-0.009572502282819173,0.00022966298245614034,0.00021480859649122808,0.0
2025-06-11 00:00:00+00:00,0.0029630471377027944,0.00074282458574742,-0.02674365555860711,0.029706702696309907,0.0005767068485537603,0.0001661177371936596,0.0
2025-06-12 00:00:00+00:00,0.0013731740441027271,0.0010032268103736597,-0.032712626247354604,0.03408580029145734,0.0009049453363601466,9.828147401351312e-05,0.0003686359787757275
2025-06-13 00:00:00+00:00,-0.01246644453810087,0.0010836675,-0.008806696912400191,-0.003659747625700678,0.0008690785714285715,0.00021458892857142856,0.0
2025-06-14 00:00:00+00:00,0.003083119301190933,0.0008769920263158588,-0.008110116974052499,0.011193236275243433,0.0007810990208404697,9.589300547538914e-05,0.0
2025-06-15 00:00:00+00:00,-0.0015537078415388907,0.0007029836740201474,0.006699398759123095,-0.008253106600661985,0.0006591907287868597,4.379294523328791e-05,0.00036257031642391164
2025-06-16 00:00:00+00:00,-0.005963627949995146,0.0009975753636363638,-0.003468269397411046,-0.0024953585525840996,0.0007893471818181817,0.00020822818181818182,0.0
2025-06-17 00:00:00+00:00,-0.007600416161429246,0.0005730959157677841,-0.024159196523462927,0.01655878036203368,0.0004254366404653485,0.00014765927530243568,0.0
2025-06-18 00:00:00+00:00,0.007410047322290227,0.000842062336662974,0.00850963293540773,-0.0010995856131175046,0.0006168543598077632,0.00022520797685521082,0.0003188298723858705
2025-06-19 00:00:00+00:00,0.0034238653043166738,0.002038888981481481,-0.002856401230510785,0.006280266534827459,0.001918716111111111,0.0001201728703703704,0.0
2025-06-20 00:00:00+00:00,0.007797038143328563,0.002198778284195224,-0.012229687507353804,0.020026725650682364,0.001965013598303779,0.0002337646858914453,0.0
2025-06-21 00:00:00+00:00,0.008233238948660317,0.0037821244133988555,-0.011733766008855008,0.019967004957515327,0.003633639242671756,0.00014848517072709843,0.00032736379809575984
2025-06-22 00:00:00+00:00,-0.004503746151828044,0.001845491226415094,-0.011775848972889288,0.007272102821061241,0.0017553075471698114,9.018367924528303e-05,0.0
2025-06-23 00:00:00+00:00,-0.0006754623384089276,0.002332858705771911,0.06114287363915681,-0.06181833597756574,0.0020836386022866113,0.0002492201034853002,0.0
2025-06-24 00:00:00+00:00,-0.003979905728225373,0.0010594012117283178,-0.002543498207371475,-0.0014364075208538965,0.0008308057466046561,0.00022859546512366149,0.0003742334788288124
2025-06-25 00:00:00+00:00,0.008075798299873932,0.0012991643396226414,-0.010644973850656821,0.018720772150530755,0.0011224355660377355,0.00017672877358490568,0.0
2025-06-26 00:00:00+00:00,-0.0037554564347510437,0.0011517409343230062,-0.012822860910937355,0.009067404476186312,0.0010340497322712432,0.000117691202051763,0.0
2025-06-27 00:00:00+00:00,0.0014652206575402273,0.0009086873751593505,0.010138742722651797,-0.00867352206511157,0.0007208324714326477,0.00018785490372670273,0.00039516037478298414
2025-06-28 00:00:00+00:00,-0.0020791939970879365,0.0010333285576923077,0.010115532036874854,-0.01219472603396279,0.0008978628846153846,0.0001354656730769231,0.0
2025-06-29 00:00:00+00:00,0.006716686123907474,0.0011004347113716295,0.025045431520271,-0.018328745396363526,0.0009784822516156703,0.0001219524597559594,0.0
2025-06-30 00:00:00+00:00,-0.013859857163979732,0.0008146707664898752,-0.023334960020271366,0.009475102856291634,0.0006415243792700646,0.00017314638721981063,0.0003707308378511789
2025-07-01 00:00:00+00:00,0.009855451260417165,0.0009444439215686275,-0.019475916929422937,0.029331368189840102,0.0008130056862745098,0.00013143823529411766,0.0
2025-07-02 00:00:00+00:00,-0.009796481862629625,0.0008842095551443992,0.03333666423571367,-0.043133146098343296,0.0007471838094274294,0.00013702574571696977,0.0
2025-07-03 00:00:00+00:00,-0.006426486261562242,0.0011178771429567645,-0.003424273006598343,-0.003002213254963899,0.0009782824770325955,0.00013959466592416915,0.0003073853170554784
2025-07-04 00:00:00+00:00,0.0009707708072013017,0.0015223201960784315,-0.022919875052591125,0.023890645859792423,0.001363120588235294,0.00015919960784313727,0.0
2025-07-05 00:00:00+00:00,0.012932310937801363,0.0016376361016464753,0.001968749008670008,0.010963561929131355,0.0015491891376828368,8.844696396363847e-05,0.0
2025-07-06 00:00:00+00:00,-0.0005151163189796013,0.0005739104332053646,0.009142980869791595,-0.009658097188771196,0.0006820970976497253,-0.0001081866644443608,0.0003367585402419009
2025-07-07 00:00:00+00:00,4.756288236726662e-05,0.0010378198,-0.011191728010025735,0.011239290892393002,0.0008939978,0.00014382200000000002,0.0
2025-07-08 00:00:00+00:00,0.0050286236947557385,0.001327964290425492,0.011450752517761452,-0.006422128823005712,0.0011931969234504573,0.00013476736697503493,0.0
2025-07-09 00:00:00+00:00,-0.013682333573507423,0.0016455187787124128,0.013465561000038727,-0.02714789457354615,0.0015497670782860702,9.575170042634243e-05,0.00042130209292743633
2025-07-10 00:00:00+00:00,-0.021280848620687735,0.0008064609,0.03193583867210189,-0.053216687292789625,0.000613549,0.00019291190000000002,0.0
2025-07-11 00:00:00+00:00,0.006119027360906306,0.0004940819174491925,0.006858260107271712,-0.0007392327463654081,6.170456354698188e-05,0.00043237735390221055,0.0
2025-07-12 00:00:00+00:00,-0.00031358494198851887,0.00042445075057241145,-0.00802739883954914,0.007713813897560622,0.00016342072690667917,0.0002610300236657323,0.0005189019835097051
2025-07-13 00:00:00+00:00,0.007244308360015544,0.00023501365384615388,0.009431733885001892,-0.0021874255249863493,0.00017083624999999998,6.417740384615384e-05,0.0
2025-07-14 00:00:00+00:00,-0.0020712006658507387,0.0001973137516226559,0.0013516294541137531,-0.0034228301199644914,2.3921864840031292e-05,0.0001733918867826246,0.0
2025-07-15 00:00:00+00:00,-0.0015291232381002364,0.0003327204463171882,0.014334234899012789,-0.015863358137113023,8.097278382086887e-05,0.0002517476624963193,0.0005013523225310132
2025-07-16 00:00:00+00:00,-0.007865319756970541,0.00042622037037037033,0.003918748309360836,-0.011784068066331376,2.504564814814813e-05,0.0004011747222222222,0.0
2025-07-17 00:00:00+00:00,0.0018807111448574227,0.00032167395044267267,-0.0036596828641628425,0.005540394009020265,-4.799018496541855e-05,0.0003696641354080912,0.0
2025-07-18 00:00:00+00:00,0.0007163935659771706,0.0003626763573416019,-0.003393261333344889,0.004109654899322057,-9.985033026509251e-05,0.0004625266876066944,0.0005000988842979045
2025-07-19 00:00:00+00:00,0.0038474897337503846,0.0004111622727272727,0.007334858767094283,-0.003487369033343897,8.195354545454546e-05,0.0003292087272727273,0.0
2025-07-20 00:00:00+00:00,-0.005356207771700989,0.000898082651652018,0.012614782662561016,-0.017970990434262004,0.0004304453574242706,0.00046763729422774733,0.0
2025-07-21 00:00:00+00:00,-0.010621746782968242,0.0004414560648955763,0.0099808662276271,-0.02060261301059534,-3.69712354517243e-05,0.00047842730034730054,0.0004440316205739866
2025-07-22 00:00:00+00:00,-0.0029844881996823397,0.0007691609482758621,-0.0032949611030234005,0.0003104729033410606,0.00033638258620689653,0.0004327783620689655,0.0
2025-07-23 00:00:00+00:00,0.011763866187290398,0.0010416755055354678,-0.021072068979869005,0.03283593516715941,0.0006261904431239084,0.0004154850624115595,0.0
2025-07-24 00:00:00+00:00,-0.01008477328702633,0.0015838109662990416,-0.018778576062599528,0.008693802775573196,0.0013915019142101347,0.00019230905208890658,0.00042815230997571947
2025-07-25 00:00:00+00:00,-0.0020780750233163033,0.0010881512295081966,0.014425898340973665,-0.01650397336428997,0.0010951274590163935,-6.976229508196718e-06,0.0
2025-07-26 00:00:00+00:00,-0.002588910044393953,0.0007829129261076103,-0.0005138887365128619,-0.002075021307881091,0.0005103197187046268,0.00027259320740298336,0.0
2025-07-27 00:00:00+00:00,-0.008505908086220905,0.0006749611606402503,0.015801831232105393,-0.024307739318326298,0.0004439931559936013,0.00023096800464664886,0.00046258973850927116
2025-07-28 00:00:00+00:00,-0.0012669225007573017,0.0007366938888888888,-0.032492143779691535,0.031225221278934238,0.00041293801587301586,0.000323755873015873,0.0
2025-07-29 00:00:00+00:00,-0.002255644444101177,0.0012721343386520507,-0.0012346025059093158,-0.0010210419381918602,0.0010834544075455387,0.00018867993110651172,0.0
2025-07-30 00:00:00+00:00,0.0005055554604893749,0.0016628276456209176,-0.006450381038267479,0.006955936498756855,0.0014841230499241023,0.0001787045956968152,0.0003820314023394533
2025-07-31 00:00:00+00:00,-0.0038460976027632,0.0007427109375,-0.027059610151410403,0.023213512548647203,0.000544985625,0.0001977253125,0.0
2025-08-01 00:00:00+00:00,-0.004951140643919082,0.0006695730891671172,-0.010641272058180093,0.005690131414261013,0.0005037499068993389,0.00016582318226777818,0.0
2025-08-02 00:00:00+00:00,0.005601319500067626,0.0009995988737377557,-0.011898212110689437,0.01749953161075706,0.0007855756727554704,0.00021402320098228527,0.00039588985227881064
2025-08-03 00:00:00+00:00,-0.00048031028895331604,0.0008324806923076923,0.016737803539853765,-0.01721811382880708,0.0006519259230769231,0.00018055476923076926,0.0
2025-08-04 00:00:00+00:00,-0.004740818910781167,-0.0009261171278517207,0.02939474976437667,-0.03413556867515784,0.0006633575897747673,-0.001589474717626488,0.0
2025-08-05 00:00:00+00:00,-0.06159739120283594,-0.009602720297443164,-0.02287101444075638,-0.03872637676207956,0.0005580906789437781,-0.010160810976386941,0.0004001777051464927
2025-08-06 00:00:00+00:00,0.008432803524325187,0.0024162516923076924,0.018968371700506803,-0.010535568176181617,0.002239919384615385,0.0001763323076923077,0.0
2025-08-07 00:00:00+00:00,0.008856885745295338,0.001208174811511741,0.028178831823697976,-0.019321946078402635,0.0009490091971618978,0.00025916561434984314,0.0
2025-08-08 00:00:00+00:00,0.0024067048994461495,0.0010364041956075348,0.013864016986491767,-0.011457312087045615,0.0007070096467577271,0.0003293945488498077,0.0004132041684822985
2025-08-09 00:00:00+00:00,-0.015063629909111566,0.0003560444696969697,0.017434110115491577,-0.03249774002460314,9.57984848484846e-06,0.00034646462121212124,0.0
2025-08-10 00:00:00+00:00,0.006370348739237269,0.0002672652091819352,0.005246941342429863,0.0011234073968074058,8.785218291505645e-06,0.0002584799908904296,0.0
2025-08-11 00:00:00+00:00,0.002649505483741029,0.0001740350661743722,-0.022565451600089964,0.025214957083830994,2.1513868275354165e-05,0.00015252119789901803,0.00047834226364807373
2025-08-12 00:00:00+00:00,0.0022135020586813003,0.0006290965151515152,0.019514174530390338,-0.017300672471709036,0.0003083048484848485,0.0003207916666666667,0.0
2025-08-13 00:00:00+00:00,0.007630796073825177,0.0002601712852519195,0.014272489763596751,-0.006641693689771572,-1.4852303571748481e-05,0.000275023588823668,0.0
2025-08-14 00:00:00+00:00,0.00040735157153757445,-4.803613641311572e-05,-0.04403435123202359,0.04444170280356117,9.435695769334303e-05,-0.00014239309410645875,0.00037549508880039645
2025-08-15 00:00:00+00:00,0.005072697744635957,0.000555160671641791,0.0006160655934857569,0.0044566321511502,0.0004100664925373134,0.0001450941791044776,0.0
2025-08-16 00:00:00+00:00,-0.002994427519403815,0.0003335307845118088,0.007345741981045781,-0.010340169500449598,0.00014996815923749336,0.0001835626252743154,0.0
2025-08-17 00:00:00+00:00,-0.0022008385364956293,0.0016640575841186116,0.0014645430172007807,-0.0036653815536964087,0.0014071768925553072,0.0002568806915633046,0.00043096539856854194
2025-08-18 00:00:00+00:00,-0.006226645325220822,0.0008587022727272729,-0.01991981611536149,0.013693170790140673,0.0006848212121212123,0.00017388106060606061,0.0
2025-08-19 00:00:00+00:00,0.005243564999271687,0.0015007840299412767,-0.015796318518328308,0.0210398835176,0.0013356020648282855,0.00016518196511299102,0.0
2025-08-20 00:00:00+00:00,0.0027060018896356685,0.001449843967920196,0.024564706684091688,-0.02185870479445602,0.0014798718935311915,-3.0027925610995744e-05,0.0003769112200036874
2025-08-21 00:00:00+00:00,0.007952636459092579,0.001310621484375,-0.011093766669772022,0.0190464031288646,0.00116348625,0.00014713523437500002,0.0
2025-08-22 00:00:00+00:00,0.00668735304546927,0.0011473902337458142,0.045812940903910256,-0.03912558785844099,0.0009074131239243872,0.00023997710982142693,0.0
2025-08-23 00:00:00+00:00,0.0025818279105655827,0.00082389691364082,-0.007848383748287821,0.010430211658853404,0.0004984173419204153,0.0003254795717204049,0.0004301698262941212
2025-08-24 00:00:00+00:00,-0.0028776636036271772,0.0009042049193548386,-0.012513963801977855,0.009636300198350677,0.0006420237903225806,0.0002621811290322581,0.0
2025-08-25 00:00:00+00:00,0.004834792017564883,0.0010013479547967548,-0.03266913758599703,0.037503929603561914,0.0008849684439132914,0.00011637951088346352,0.0
2025-08-26 00:00:00+00:00,-0.0073335057336472755,0.0009564069261134016,0.011770546151025931,-0.019104051884673207,0.000876904431949258,7.950249416414354e-05,0.0004382427918391615
2025-08-27 00:00:00+00:00,-0.0019323816897301696,0.0013224811904761903,-0.006490756839773166,0.004558375150042997,0.0011563364285714286,0.00016614476190476192,0.0
2025-08-28 00:00:00+00:00,0.0011110816137470197,0.0012248780476483774,0.012810474776951096,-0.011699393163204076,0.0010068000241733972,0.00021807802347498036,0.0
2025-08-29 00:00:00+00:00,-0.019197588710012432,0.0009039784289241888,-0.021880367079602926,0.002682778369590493,0.0006448295169492333,0.00025914891197495547,0.0004413794799427585
2025-08-30 00:00:00+00:00,0.0064126871791431945,0.002325495703125,0.011034071909294294,-0.004621384730151099,0.00206066453125,0.000264831171875,0.0
2025-08-31 00:00:00+00:00,0.00407979926031973,0.0016188005411455135,-0.0091762834116613,0.013256082671981029,0.0013877696654211293,0.00023103087572438435,0.0
2025-09-01 00:00:00+00:00,-0.005074733640390398,0.0012882555128813087,-0.022075517314032428,0.01700078367364203,0.001106337813394902,0.00018191769948640684,0.00038277816842382926
2025-09-02 00:00:00+00:00,-0.01177936324248477,0.0009673118750000002,0.009970761273411555,-0.021750124515896325,0.0007411190625,0.0002261928125,0.0
2025-09-03 00:00:00+00:00,0.0049158645807882186,0.000699162286650378,0.008486402379169073,-0.0035705377983808557,0.0004302808093822743,0.0002688814772681038,0.0
2025-09-04 00:00:00+00:00,0.00033806959377979734,0.0016207508373508976,-0.019810714568502585,0.020148784162282378,0.0013350428048669275,0.0002857080324839704,0.00038992517444012896
2025-09-05 00:00:00+00:00,0.007505263385829897,0.00179700984375,0.01782175281261992,-0.010316489426790025,0.001451429375,0.00034558046875000003,0.0
2025-09-06 00:00:00+00:00,0.004950755124158438,0.0018211493173941383,0.0017081095627981475,0.0032426455613602917,0.0015016745664595882,0.00031947475093455015,0.0
2025-09-07 00:00:00+00:00,-0.02379621576865672,0.0014648372833335876,0.008987970371033955,-0.032784186139690676,0.001107286768117012,0.00035755051521657534,0.0004429505771263288
2025-09-08 00:00:00+00:00,-0.029593027523346558,0.0006166445901639344,0.003102118377322874,-0.03269514590066943,0.0004439343442622951,0.0001727102459016394,0.0
2025-09-09 00:00:00+00:00,-0.017070443337230356,-0.0044984954264721405,-0.003756065461413883,-0.013314377875816472,0.0004896379775819453,-0.004988133404054087,0.0
2025-09-10 00:00:00+00:00,-0.03404377126038503,-0.0028438226561049067,0.006425368176110214,-0.040469139436495244,0.0008378300620568885,-0.003681652718161795,0.00046687562246062477
2025-09-11 00:00:00+00:00,0.003069900917042838,0.0021876321666666663,0.006973810125235536,-0.003903909208192699,0.0018217184166666664,0.00036591375,0.0
2025-09-12 00:00:00+00:00,-0.06052487644497595,0.0017602083889984477,0.008814524587665039,-0.069339401032641,0.0013623825452752018,0.000397825843723246,0.0
2025-09-13 00:00:00+00:00,-0.01886874180377426,0.0012702807828709071,0.0045516911882989945,-0.02342043299207326,0.0002604321842784095,0.0010098485985924979,0.00040025073241791646
2025-09-14 00:00:00+00:00,0.01573551442216681,0.0007632962068965518,-0.017508534751100743,0.03324404917326756,0.0002931431896551724,0.0004701530172413793,0.0
2025-09-15 00:00:00+00:00,0.01277525604913683,0.0005806808230318133,-0.012509799288528838,0.025285055337665667,0.0002901084218005698,0.0002905724012312434,0.0
2025-09-16 00:00:00+00:00,-0.005611324596282932,0.0004959771735411913,0.00583639955480636,-0.011447724151089293,0.00028725793770107593,0.00020871923584011532,0.0003889495628527305
2025-09-17 00:00:00+00:00,-0.00741824256679203,-0.00016469033898305083,0.013728972148787426,-0.021147214715579458,0.0003836462711864407,-0.0005483366101694914,0.0
2025-09-18 00:00:00+00:00,0.0017958423795859393,1.688715770510477e-06,0.011026054304332253,-0.009230211924746313,6.243023172760386e-05,-6.074151595709341e-05,0.0
2025-09-19 00:00:00+00:00,0.004294381066389434,0.0005995690049561356,-0.022780526209586958,0.027074907275976393,0.00021700951810053946,0.00038255948685559624,0.0003259637036855358
2025-09-20 00:00:00+00:00,0.0025079181823257743,0.0007948494915254237,0.0051722741605178995,-0.002664355978192124,0.00026211474576271187,0.0005327347457627119,0.0
2025-09-21 00:00:00+00:00,-0.00530992356681936,0.0010182663605939734,0.0007928568168501875,-0.006102780383669546,0.0002418565262409068,0.0007764098343530665,0.0
2025-09-22 00:00:00+00:00,0.016700673894810912,0.001229277073324647,-0.037906120856172135,0.05460679475098304,0.0005149146221894834,0.0007143624511351636,0.00029485576245967966
2025-09-23 00:00:00+00:00,0.0153039245205173,0.0011458916101694913,-0.001497908134091592,0.01680183265460889,0.0005271440677966101,0.0006187475423728813,0.0
2025-09-24 00:00:00+00:00,-0.0038710542363745914,0.001085150071684313,0.01167512133887201,-0.015546175575246604,0.0005132159830139186,0.0005719340886703944,0.0
2025-09-25 00:00:00+00:00,0.0035305183919688322,0.0015358782887866798,-0.0371826981594452,0.040713216551414036,0.000894732914830216,0.0006411453739564638,0.0002953855807658473
2025-09-26 00:00:00+00:00,-0.0011844966060532043,0.0012711753448275862,0.020809897953107018,-0.021994394559160226,0.0006675469827586207,0.0006036283620689655,0.0
2025-09-27 00:00:00+00:00,-0.014122451620477573,0.0009261293176461046,-8.110890077420857e-05,-0.014041342719703365,0.0004400443168791401,0.0004860850007669645,0.0
2025-09-28 00:00:00+00:00,-0.00453191113492816,0.0012829940929875668,0.014227779864451697,-0.018759690999379856,0.0007934246979069357,0.0004895693950806309,0.00034179281020568623
2025-09-29 00:00:00+00:00,-0.003907205786669504,0.0006783068421052632,-0.014472896863642627,0.010565691076973124,0.00032841385964912283,0.0003498929824561404,0.0
2025-09-30 00:00:00+00:00,-0.00020540660277008058,0.0007797995215422927,-0.0068256996181229315,0.006620293015352851,0.0005715491797808434,0.00020825034176144924,0.0
2025-10-01 00:00:00+00:00,0.02078182465165947,0.00013637019284823074,0.023873551936031252,-0.0030917272843717803,0.00019922244487233565,-6.285225202410483e-05,0.00035758123185702847
2025-10-02 00:00:00+00:00,-0.015088329843421728,0.0014295618965517241,0.008590409485183645,-0.02367873932860537,0.000822825172413793,0.0006067367241379311,0.0
2025-10-03 00:00:00+00:00,0.00011857398849080415,0.0011757560626305093,0.005423971534722122,-0.005305397546231319,0.0005609053035845662,0.0006148507590459432,0.0
2025-10-04 00:00:00+00:00,0.0002568303406706514,0.0010718251138696054,-0.010063006257007324,0.010319836597677975,0.0004227154266146244,0.0006491096872549809,0.00041995810208106746
2025-10-05 00:00:00+00:00,-0.0028953373214103085,0.0008795288983050847,-0.0004125851030383314,-0.002482752218371977,0.00036557279661016953,0.0005139561016949152,0.0
2025-10-06 00:00:00+00:00,-0.014029464744291321,0.0008537770954488687,0.01743167566620908,-0.0314611404105004,0.00032239490840334147,0.0005313821870455272,0.0
2025-10-07 00:00:00+00:00,-0.009998353333225764,0.0002227206624915662,-0.025958749742221225,0.01596039640899546,0.00018085441274892877,4.186624974263737e-05,0.00029107998516445454
2025-10-08 00:00:00+00:00,0.001635651897551739,0.0010526860000000002,0.012621021230318689,-0.010985369332766951,0.0005527288333333333,0.0004999571666666667,0.0
2025-10-09 00:00:00+00:00,0.01321083073053325,0.0008158397678960215,-0.01408027326721613,0.02729110399774938,0.0003845988171332725,0.00043124095076274907,0.0
2025-10-10 00:00:00+00:00,0.007469235660850634,0.0006889528669062517,-0.12238925908207272,0.12985849474292335,0.0005545624383567589,0.0001343904285494928,0.0003742477828513786
2025-10-11 00:00:00+00:00,-0.006792983492011828,0.002455059180327869,-0.0006387241965452152,-0.006154259295466613,0.002263280491803279,0.00019177868852459019,0.0
2025-10-12 00:00:00+00:00,-0.0077290496162816585,0.0013313178322088585,0.05264300441166092,-0.06037205402794258,0.00129436452279642,3.695330941243839e-05,0.0
2025-10-13 00:00:00+00:00,-0.019164134176473353,0.0013588176922339308,0.03339746421292929,-0.052561598389402636,0.0012738897655648618,8.492792666906876e-05,0.0005313208304811282
2025-10-14 00:00:00+00:00,-0.011603208122252597,0.0020505323015873014,-0.02487320640187664,0.01326999827962404,0.0017814327777777778,0.0002690995238095238,0.0
2025-10-15 00:00:00+00:00,-0.016389716907598616,0.0015965522476578233,-0.022914703627532392,0.0065249867199337706,0.0013758768438019357,0.0002206754038558874,0.0
2025-10-16 00:00:00+00:00,-0.019308759648607732,0.001450685600785103,-0.016331120810019827,-0.0029776388385879034,0.0012953740187652755,0.00015531158201982734,0.00034677043111442475
2025-10-17 00:00:00+00:00,0.004737654825844402,0.0022974768253968252,-0.01026725841920888,0.015004913245053287,0.0019335236507936507,0.0003639531746031746,0.0
2025-10-18 00:00:00+00:00,-0.00442821104793348,0.0018329539215548043,0.005393073577098432,-0.009821284625031913,0.0015222428774941282,0.0003107110440606763,0.0
2025-10-19 00:00:00+00:00,-0.00033960560334230037,0.0015571317615195764,0.006754605540329234,-0.007094211143671534,0.0012756663259159834,0.0002814654356035932,0.0002406935849662072
2025-10-20 00:00:00+00:00,0.009013482952847233,0.001648977619047619,0.005745862807003024,0.003267620145844207,0.0013283530158730158,0.0003206246031746032,0.0
2025-10-21 00:00:00+00:00,-0.006701961079707367,0.002519200789229495,-0.015220475287221471,0.008518514207514104,0.0021458187450307618,0.0003733820441987327,0.0
2025-10-22 00:00:00+00:00,-0.006345855918911073,0.002085839349910257,-0.013938406494377165,0.007592550575466093,0.0018382156688797457,0.00024762368103051116,0.00024362631284369858
2025-10-23 00:00:00+00:00,-0.018111659011731118,0.0018188312096774192,0.01688586703389391,-0.03499752604562503,0.0016349389516129033,0.0001838922580645161,0.0
2025-10-24 00:00:00+00:00,0.0013469245080128932,0.001577378515375005,0.019606051414369132,-0.01825912690635624,0.0015823905061765663,-5.011990801561208e-06,0.0
2025-10-25 00:00:00+00:00,-0.002628982850648465,0.003510112115320177,0.0014014449141426953,-0.004030427764791161,0.0028657879706912564,0.0006443241446289203,0.0003060096110865672
2025-10-26 00:00:00+00:00,0.005771258021065444,0.0031216966129032258,0.0170709449438967,-0.011299686922831259,0.0025425397580645165,0.0005791568548387097,0.0
2025-10-27 00:00:00+00:00,-0.007843483591944258,0.0029619356320762765,-0.027622234106579137,0.019778750514634874,0.0024049692328666286,0.0005569663992096485,0.0
2025-10-28 00:00:00+00:00,-0.01397432763368335,0.0013840937313739526,-0.02012822262558258,0.006153894991899228,0.0010907592816834645,0.000293334449690488,0.00025044250391879685
2025-10-29 00:00:00+00:00,-0.004317938309292121,0.0015885523015873016,-0.009165325527485932,0.004847387218193813,0.0013653918253968252,0.0002231604761904762,0.0
2025-10-30 00:00:00+00:00,-0.009600572044700828,0.00170073486410691,-0.02986650545115201,0.02026593340645118,0.0013686006694002475,0.0003321341947066626,0.0
2025-10-31 00:00:00+00:00,-0.0006636318070345872,0.0015334466404001075,0.010191188918554004,-0.010854820725588589,0.0011138881216788974,0.00041955851872120997,0.0003066168636550188
2025-11-01 00:00:00+00:00,0.01876854876281788,0.00131607390625,0.01382537235652952,0.004943176406288361,0.00096626484375,0.00034980906250000005,0.0
2025-11-02 00:00:00+00:00,0.005073539964585134,0.0011747761560993435,-0.007832481131639072,0.012906021096224202,0.0009111564981025689,0.00026361965799677467,0.0
2025-11-03 00:00:00+00:00,-0.021630453155684123,0.0018758821725641912,-0.05647488062982986,0.034844427474145734,0.0015925776248748237,0.0002833045476893676,0.0002831643468191407
2025-11-04 00:00:00+00:00,-0.015219119923467956,0.0027150803968253963,-0.009745966548604766,-0.005473153374863192,0.002030464682539682,0.0006846157142857142,0.0
2025-11-05 00:00:00+00:00,0.01884062121941989,0.0026304629058239307,0.02242091037572736,-0.0035802891563074747,0.0012108339096519364,0.0014196289961719945,0.0
2025-11-06 00:00:00+00:00,-0.07126881173439507,0.0010443053080769853,-0.01038895699543503,-0.06087985473896004,0.001529179462355738,-0.00048487415427875264,0.00033293901852508173
2025-11-07 00:00:00+00:00,0.02196165327669444,0.0044121750793650796,0.059975928921231624,-0.03801427564453719,0.003356840873015873,0.0010553342063492062,0.0
2025-11-08 00:00:00+00:00,-0.002412214307800557,0.003126942864958999,-0.011209708299528857,0.008797493991728302,0.002355281141471409,0.0007716617234875899,0.0
2025-11-09 00:00:00+00:00,0.0029010717524566403,0.004212561549410248,0.003875667630092534,-0.0009745958776358919,0.003484950053904196,0.0007276114955060532,0.00037334981269605345
2025-11-10 00:00:00+00:00,-0.013524184578027133,0.002286966370967742,-0.006357669757705272,-0.007166514820321863,0.0018014901612903227,0.00048547620967741935,0.0
2025-11-11 00:00:00+00:00,-0.0034831940283804033,0.0014025640977651228,-0.03338754415564665,0.02990435012726625,0.001089658448781946,0.0003129056489831768,0.0
2025-11-12 00:00:00+00:00,-0.002456956771666703,0.0008610747621972134,-0.00033278309635905606,-0.0021241736753076466,0.0009309328231997917,-6.985806100257834e-05,0.0002867262895594064
2025-11-13 00:00:00+00:00,0.0041387128315962,0.002301144333333333,-0.014578088233163686,0.018716801064759887,0.0019952575,0.00030588683333333333,0.0
2025-11-14 00:00:00+00:00,0.008980565144010534,0.0022546502426180866,-0.018911880356905306,0.027892445500915842,0.0018851085217921827,0.0003695417208259035,0.0
2025-11-15 00:00:00+00:00,0.0009058095723814988,0.0023199111225002582,0.00579991490353504,-0.0048941053311535405,0.0019391916969392032,0.00038071942556105527,0.0002840017285058915
2025-11-16 00:00:00+00:00,-0.008810423314962026,0.0035695466666666666,-0.015914177326604263,0.007103754011642238,0.003031529210526316,0.0005380174561403509,0.0
2025-11-17 00:00:00+00:00,0.002762188200789461,0.00245334333076751,-0.012884973136296496,0.015647161337085956,0.0019519664020654773,0.0005013769287020325,0.0
2025-11-18 00:00:00+00:00,0.014220901817237877,0.002143241215509072,0.015159507523362863,-0.0009386057061249852,0.0016214316360418633,0.0005218095794672088,0.0002823854399790226
2025-11-19 00:00:00+00:00,0.0015023132315760035,0.0018228308771929824,-0.014937029024998525,0.01643934225657453,0.0014133099999999999,0.00040952087719298245,0.0
2025-11-20 00:00:00+00:00,0.0033611744460175846,0.0019358893524719454,-0.021630451154577873,0.024991625600595466,0.0014711013621889792,0.000464787990282966,0.0
2025-11-21 00:00:00+00:00,0.0014623200283659672,0.0013279060522120056,-0.0214410961839808,0.02290341621234676,0.0010379638525884849,0.0002899421996235207,0.00027000836567962544
2025-11-22 00:00:00+00:00,0.004063039951997218,0.001435120603448276,-0.013371207930568793,0.01743424788256601,0.0012933956034482759,0.00014172500000000004,0.0
2025-11-23 00:00:00+00:00,0.003288624872314601,0.0012746818687661772,0.0014127247354960232,0.0018759001368185788,0.0012468288061931003,2.7853062573076812e-05,0.0
2025-11-24 00:00:00+00:00,-0.010652979617820503,0.0011690183701092293,0.023496317944602954,-0.034149297562423464,0.0009750181935384859,0.0001940001765707434,0.00034087326022339324
2025-11-25 00:00:00+00:00,0.00548611572990907,0.002101094913793103,0.009676121699497895,-0.0041900059695888225,0.001598309224137931,0.0005027856896551723,0.0
2025-11-26 00:00:00+00:00,-0.009297893002126804,0.0027764838331647773,0.0018727129987011286,-0.011170606000827933,0.0023059633239444276,0.00047052050922034936,0.0
2025-11-27 00:00:00+00:00,0.014800099561700614,0.0026819231032334263,0.005698582730792959,0.009101516830907656,0.002294559979866272,0.00038736312336715406,0.0002998737748239406
2025-11-28 00:00:00+00:00,-0.007544450135576352,0.0028768833333333334,-0.007341732105052652,-0.00020271803052370006,0.002758204035087719,0.00011867929824561403,0.0
2025-11-29 00:00:00+00:00,-0.0011291848824251,0.0016593644626204719,-0.009498325901683891,0.008369141019258789,0.0024069987238139355,-0.0007476342611934636,0.0
2025-11-30 00:00:00+00:00,-0.022535819153538132,0.001522351961788051,-0.00812422459821243,-0.014411594555325702,0.0028782792446736547,-0.001355927282885604,0.0003196283958769002
2025-12-01 00:00:00+00:00,0.003535859755410308,0.0030765101818181814,-0.03428294153924318,0.03781880129465349,0.0028447833636363632,0.00023172681818181816,0.0
2025-12-02 00:00:00+00:00,0.006932722181882041,0.002282646240279477,0.02516769068527565,-0.01823496850339361,0.0020465356471347698,0.00023611059314470738,0.0
2025-12-03 00:00:00+00:00,-0.001883722137167146,0.0028780424718228173,0.012673793192813356,-0.014557515329980501,0.0025885034802832513,0.0002895389915395659,0.0002536864372809294
2025-12-04 00:00:00+00:00,-0.010335589009159141,0.002897970363636364,-0.012117865509973232,0.0017822765008140896,0.002695027,0.0002029433636363636,0.0
2025-12-05 00:00:00+00:00,0.01115970401234007,0.002213270429070471,-0.012361379722906268,0.02352108373524634,0.0019991379763654575,0.00021413245270501347,0.0
2025-12-06 00:00:00+00:00,0.001208165739037116,0.002139036028833622,0.005821751284332487,-0.00461358554529537,0.00196822756365975,0.00017080846517387202,0.00029908142391677097
2025-12-07 00:00:00+00:00,-0.002654572973675636,0.0024100971698113203,-0.017657091549497496,0.015002518575821858,0.002088296226415094,0.0003218009433962264,0.0
2025-12-08 00:00:00+00:00,0.00035616508925528966,0.0016202832189749156,0.00932394023569985,-0.008967775146444559,0.0013133652500233815,0.0003069179689515338,0.0
2025-12-09 00:00:00+00:00,0.025164160483274887,0.00110354064386157,0.014988777980226206,0.010175382503048681,0.0008643450652859642,0.00023919557857560555,0.00025830378891023926
2025-12-10 00:00:00+00:00,-0.0017001628018213548,0.0018774577450980392,-0.005165099723316476,0.0034649369214951233,0.0016055763725490197,0.0002718813725490196,0.0
2025-12-11 00:00:00+00:00,0.002717911759147329,0.0014786459664751822,-0.007947109664941302,0.010665021424088632,0.0012050532973452396,0.0002735926691299426,0.0
2025-12-12 00:00:00+00:00,0.0017697688274942091,0.0011815863600216521,-0.012029467090732245,0.013799235918226457,0.0010434910525708259,0.0001380953074508265,0.0003652735779000502
2025-12-13 00:00:00+00:00,0.01080028804672589,0.0029479869000000004,0.018886418551752476,-0.008086130505026585,0.0027000996999999994,0.0002478872,0.0
2025-12-14 00:00:00+00:00,-0.0015852406893723998,0.004852490938218504,-0.019548682413214006,0.01796344172384161,0.004804417337918029,4.80736003004764e-05,0.0
2025-12-15 00:00:00+00:00,-0.007563073418783993,0.0030379643393892357,-0.009981051588411203,0.0024179781696272093,0.003201991937955721,-0.0001640275985664852,0.0002951629661760383
2025-12-16 00:00:00+00:00,-0.03864366604100998,0.004104340204081632,-0.01373226274171755,-0.024911403299292426,0.004000471122448979,0.00010386908163265305,0.0
2025-12-17 00:00:00+00:00,0.018326978526880203,0.00253285095809451,-0.017248248369608934,0.03557522689648914,0.002336977887979198,0.00019587307011531208,0.0
2025-12-18 00:00:00+00:00,0.018997826825263367,0.0021888694865776787,-0.012521384779496176,0.03151921160475954,0.0019676054152005904,0.0002212640713770882,0.00030360771908308925
2025-12-19 00:00:00+00:00,-0.014476233749264045,0.0024978215624999996,0.027047818125943753,-0.04152405187520779,0.0022617151041666667,0.0002361064583333333,0.0
2025-12-20 00:00:00+00:00,-0.03217397302786945,0.0012563057762689928,0.006163711305198563,-0.038337684333068014,0.0016523437916993124,-0.00039603801543031987,0.0
2025-12-21 00:00:00+00:00,0.022847558429566255,0.001187686122539126,-0.01297299082434335,0.0358205492539096,0.0021097089994767775,-0.0009220228769376512,0.0003221313283713358
2025-12-22 00:00:00+00:00,-0.012556218477888088,0.0035566846739130435,0.006499862177432756,-0.019056080655320842,0.00326289152173913,0.000293793152173913,0.0
2025-12-23 00:00:00+00:00,0.014273051213572238,0.002107541185898164,-0.0042198669991178155,0.01849291821269005,0.0017255555608377418,0.00038198562506042247,0.0
2025-12-24 00:00:00+00:00,0.020702871455931377,0.002571368332456342,0.003342599838179537,0.01736027161775184,0.002351819052081222,0.00021954928037512035,0.00026300632358424304
2025-12-25 00:00:00+00:00,0.007872798535357094,0.002427575888888889,-0.0026285292752606885,0.010501327810617783,0.002196009,0.0002315668888888889,0.0
2025-12-26 00:00:00+00:00,-0.005811792358544545,0.0025355710620673187,0.008069288941409247,-0.013881081299953791,0.002329141839565501,0.00020642922250181732,0.0
2025-12-27 00:00:00+00:00,-0.006524284076684542,0.0018148517593257587,0.008326828506635516,-0.014851112583320057,0.0015167596401696787,0.0002980921191560801,0.0003639719713730053
2025-12-28 00:00:00+00:00,-0.0072882650072438465,0.002326655888888889,-0.012560336330857057,0.005272071323613209,0.0020286063333333332,0.00029804955555555554,0.0
2025-12-29 00:00:00+00:00,0.0042778419533305734,0.0018717177103493195,-0.0007970105496787967,0.005074852503009371,0.0016686998690391705,0.0002030178413101487,0.0
2025-12-30 00:00:00+00:00,-0.0077345840732102825,0.0018449465149769028,-0.004929136733517072,-0.002805447339693211,0.0016787952487300928,0.00016615126624680988,0.000246864234953107
2025-12-31 00:00:00+00:00,-0.016779509579356568,0.003363925444444444,0.002632205614594464,-0.019411715193951032,0.0034409444444444444,-7.7019e-05,0.0
2026-01-01 00:00:00+00:00,0.028302674403365626,-0.003483502986496721,0.02361725731347907,0.004685417089886554,0.0025622057717339694,-0.0060457087582306895,0.0
2026-01-02 00:00:00+00:00,0.004927433923235843,0.005568025884910226,0.025265091001953295,-0.020337657078717455,0.005400397368191876,0.00016762851671834928,0.00033419008680939875
2026-01-03 00:00:00+00:00,-0.010766124208266286,0.0018825427906976745,0.0019406849883880826,-0.01270680919665437,0.001340491046511628,0.0005420517441860465,0.0
2026-01-04 00:00:00+00:00,0.00850126972460522,0.001495659693922175,0.010553953300205404,-0.002052683575600187,0.0009599205532010602,0.0005357391407211149,0.0
2026-01-05 00:00:00+00:00,-0.007314347779831755,0.0035222528300396967,0.0007346632814574606,-0.008049011061289217,0.0034254870933099527,9.676573672974374e-05,0.00034539263032165775
2026-01-06 00:00:00+00:00,0.009857615943554894,0.0028383432142857143,0.008526841509115538,0.0013307744344393567,0.0024393708333333335,0.0003989723809523809,0.0
2026-01-07 00:00:00+00:00,-0.0013162799513942794,0.0019103472455398944,-0.023437345577015697,0.02212106562562142,0.0015060164892335684,0.0004043307563063261,0.0
2026-01-08 00:00:00+00:00,0.002781143593024878,0.0012479546531780935,0.0013715563874894194,0.0014095872055354599,0.0008949401819795945,0.0003530144711984992,0.00029446687362602646
2026-01-09 00:00:00+00:00,-0.009517520741084945,0.0016511256976744185,-0.003191657494758632,-0.006325863246326312,0.0015231386046511627,0.0001279870930232558,0.0
2026-01-10 00:00:00+00:00,-0.0003234457041984334,0.0016935479920070357,-0.006213329657175533,0.0058898839529771,0.0015576011046561692,0.00013594688735086652,0.0
2026-01-11 00:00:00+00:00,-0.009788201157893972,0.0014145226610289131,-0.004052371757334053,-0.005735829400559919,0.0016507258133998223,-0.00023620315237090912,0.0003473953413320332
2026-01-12 00:00:00+00:00,-0.008743134443098924,0.002770824302325581,-0.00702377530479436,-0.0017193591383045637,0.0023118865116279067,0.0004589377906976744,0.0
2026-01-13 00:00:00+00:00,0.007194260139262213,0.00195710045685048,0.034145510121428156,-0.026951249982165942,0.0017488053509325556,0.00020829510591792447,0.0
2026-01-14 00:00:00+00:00,0.0065112062699449955,0.0005227083822159823,0.004579604227062859,0.0019316020428821355,0.0015241806430652668,-0.001001472260849284,0.00035182508349717055
2026-01-15 00:00:00+00:00,-0.015769852967738772,0.0033473511111111113,-0.019119124543092468,0.0033492715753536935,0.002981176777777778,0.0003661743333333333,0.0
2026-01-16 00:00:00+00:00,0.0008986501251906287,0.003588454685955656,0.011768702764412236,-0.010870052639221608,0.003303910816946846,0.0002845438690088095,0.0
2026-01-17 00:00:00+00:00,-0.007291623362736158,0.0019717647499279457,-0.008161805004438957,0.0008701816417027988,0.0016056313683264327,0.00036613338160151296,0.0003745960174416939
2026-01-18 00:00:00+00:00,-0.007146677140449102,0.002296082954545455,-0.013046787473845958,0.005900110333396855,0.001942660681818182,0.0003534222727272727,0.0
2026-01-19 00:00:00+00:00,0.004948783557313743,0.0021931697666619007,-0.010178216059722758,0.015126999617036504,0.002050445226671354,0.0001427245399905467,0.0
2026-01-20 00:00:00+00:00,0.0010041127148998456,0.0013275379380950595,-0.02183180716050881,0.022835919875408655,0.0017174050386593634,-0.00038986710056430397,0.000303742699463076
2026-01-21 00:00:00+00:00,-0.0006565065542752527,0.0035373295555555556,0.0200503183883138,-0.02070682494258905,0.0031683650000000002,0.0003689645555555556,0.0
2026-01-22 00:00:00+00:00,0.013555227172765485,0.004623394126675475,0.00476194629893535,0.008793280873830137,0.004383931609532583,0.00023946251714289092,0.0
2026-01-23 00:00:00+00:00,0.0052430994528501786,0.004137782694919883,0.002911975920556077,0.0023311235322941016,0.0038518521859523293,0.0002859305089675541,0.00023887401553584532
2026-01-24 00:00:00+00:00,0.0036258880365141943,0.0019210514772727274,0.004754724609898415,-0.001128836573384217,0.0016269113636363636,0.00029414011363636364,0.0
2026-01-25 00:00:00+00:00,0.005877922643345353,0.0020358518734858604,-0.027654715963349348,0.0335326386066947,0.0017987684907943666,0.00023708338269149386,0.0
2026-01-26 00:00:00+00:00,0.0034023525034556873,0.004395258448200713,0.017287472633230914,-0.01388512012977523,0.004190194068380895,0.00020506437981981723,0.00029578275499657456
2026-01-27 00:00:00+00:00,-0.017969692606019126,0.003590315340909091,0.004798546614433272,-0.022768239220452395,0.0033265563636363637,0.00026375897727272727,0.0
2026-01-28 00:00:00+00:00,0.006240784656027307,0.0026215578957386057,-0.009283833996883732,0.01552461865291104,0.002233445259542129,0.00038811263619647644,0.0
2026-01-29 00:00:00+00:00,-0.01613251698384592,0.001769136958767366,-0.042050577725400225,0.025918060741554304,0.0014882500825496223,0.0002808868762177436,0.0002901804724517428
2026-01-30 00:00:00+00:00,0.00037778410135005805,0.002527086363636364,-0.007430132586772236,0.007807916688122293,0.002237118863636364,0.0002899675,0.0
2026-01-31 00:00:00+00:00,-0.020310339453741347,0.0026492865676706104,-0.04689302277306089,0.026582683319319556,0.0024435194301919315,0.00020576713747867873,0.0
2026-02-01 00:00:00+00:00,-0.0022524170824770842,0.003795405519311108,-0.015357693487149042,0.013105276404671955,0.0036642614951117153,0.00013114402419939276,0.00026478761537091503
2026-02-02 00:00:00+00:00,-0.006065110044848771,0.002517510444444445,0.009324806059029472,-0.015389916103878243,0.002344816111111111,0.00017269433333333336,0.0
2026-02-03 00:00:00+00:00,-0.009554033101586925,0.002207191543262248,-0.01844057286597277,0.00888653976438585,0.0018868675059927542,0.0003203240372694937,0.0
2026-02-04 00:00:00+00:00,0.0006753621387134935,0.0024222373319960342,-0.0008281222429972428,0.0015034843817107375,0.0019946848190981747,0.00042755251289785916,0.00029643355371440015
2026-02-05 00:00:00+00:00,-0.019725847145583175,0.0025467522222222226,-0.06886852526204976,0.04914267811646657,0.0022493891111111117,0.0002973631111111111,0.0
2026-02-06 00:00:00+00:00,-0.014057904242478783,0.0016749550397967754,0.036399744341947975,-0.05045764858442675,0.0012821749358082855,0.00039278010398848955,0.0
2026-02-07 00:00:00+00:00,-0.0007185661057289381,0.002144327780188078,-0.007731118294291,0.007012552188562063,0.0020469141129627584,9.741366722531922e-05,0.00025623293727081517
2026-02-08 00:00:00+00:00,-0.01996949861964987,0.003400281413043478,-0.007021432877845336,-0.012948065741804526,0.003069856956521739,0.00033042445652173915,0.0
2026-02-09 00:00:00+00:00,0.004057220225022535,0.0040977414611491625,0.011359707918164659,-0.007302487693142125,0.0037499920017059355,0.00034774945944322626,0.0
2026-02-10 00:00:00+00:00,-0.0237694546006154,0.00444806190659882,-0.006055423159591697,-0.017714031441023705,0.004121151802710558,0.0003269101038882623,0.00027105373855428955
2026-02-11 00:00:00+00:00,0.012032084170964637,0.0033888291304347827,0.006304861824552402,0.005727222346412231,0.003179716195652174,0.0002091129347826087,0.0
2026-02-12 00:00:00+00:00,-0.019234127521214596,0.0035644132199316256,0.0030120375404926137,-0.022246165061707207,0.003258400296717091,0.00030601292321453546,0.0
2026-02-13 00:00:00+00:00,-0.008916586610852062,0.0032655258406372525,0.007753613890608607,-0.016670200501460668,0.002820457146279988,0.00044506869435726446,0.000309192536374856
2026-02-14 00:00:00+00:00,-0.02112001694579147,0.003352973295454546,0.003909583412591753,-0.025029600358383225,0.0030200809090909094,0.0003328923863636364,0.0
2026-02-15 00:00:00+00:00,-0.002174759629922836,0.0033677606687383807,-0.021785897852116154,0.01961113822219332,0.0032032734531819494,0.00016448721555643143,0.0
2026-02-16 00:00:00+00:00,0.005566643769036084,0.0022925246024169334,0.006185148300091814,-0.0006185045310557313,0.002131850415634717,0.00016067418678221667,0.0003347109724589634
2026-02-17 00:00:00+00:00,-0.008380269177716632,0.0020474598863636363,-0.01158100348476255,0.0032007343070459176,0.0018536198863636363,0.00019384000000000003,0.0
2026-02-18 00:00:00+00:00,-0.0138190496578164,0.0017507154394570373,-0.0265204712604473,0.0127014216026309,0.0015582332601712305,0.00019248217928580683,0.0
2026-02-19 00:00:00+00:00,-0.0008043830029899944,0.0021084751119823286,0.0011137262661696573,-0.0019181092691596521,0.002117715046900224,-9.239934917895662e-06,0.0003692231047050954
2026-02-20 00:00:00+00:00,0.012687542885804762,0.003892836511627907,0.01795303874857014,-0.005265495862765373,0.00359547488372093,0.00029736162790697674,0.0
2026-02-21 00:00:00+00:00,-0.003245439326177987,0.0027452322150735703,-0.005985142740756558,0.002739703414578571,0.002459262967931603,0.000285969247141967,0.0
2026-02-22 00:00:00+00:00,-0.010983859925677616,0.0028528711971331153,-0.014573812977151495,0.0035899530514738797,0.0025754339486010617,0.00027743724853205394,0.00035853643559455794
2026-02-23 00:00:00+00:00,-0.005856277306976252,0.003255868953488372,-0.014722220891129227,0.008865943584152975,0.002944810581395349,0.00031105837209302324,0.0
2026-02-24 00:00:00+00:00,0.011393887902895847,0.0002442039997978399,0.009162460705125743,0.002231427197770106,0.002204519172837659,-0.0019603151730398197,0.0
2026-02-25 00:00:00+00:00,0.008947860926396153,0.003001595784602961,0.01391505522240448,-0.004967194296008329,0.002620425421648603,0.00038117036295435777,0.000276248098752219
2026-02-26 00:00:00+00:00,0.02335256623493117,0.004906506829268293,0.010659924842520799,0.012692641392410373,0.0054267052439024395,-0.0005201984146341463,0.0
2026-02-27 00:00:00+00:00,-0.004430706066337036,0.003096800485727664,-0.016703737751753458,0.012273031685416418,0.0032111876831870303,-0.0001143871974593653,0.0
2026-02-28 00:00:00+00:00,0.009184607995191331,0.0010356643923045842,0.014175336879179896,-0.004990728883988567,0.0009169066521711536,0.00011875774013343058,0.00036061024829668706
2026-03-01 00:00:00+00:00,-0.004533021908655821,0.0017335432926829269,-0.010780967254034407,0.006247945345378586,0.0012182806097560976,0.0005152626829268293,0.0
2026-03-02 00:00:00+00:00,-0.00821636761417805,0.0015090906784301899,0.010032918481216891,-0.01824928609539494,0.0012488362040636472,0.00026025447436654276,0.0
2026-03-03 00:00:00+00:00,-0.002102524618792505,0.0013145250533889408,-0.012600676791328888,0.010498152172536388,0.001110398268463027,0.00020412678492591377,0.00033178961101493264
2026-03-04 00:00:00+00:00,-0.0063267939582211845,0.0009307932500000002,0.005294839732649837,-0.011621633690871023,0.000699395375,0.00023139787500000002,0.0
2026-03-05 00:00:00+00:00,-0.0009112498416906905,0.0021223434629228776,0.003467756542211618,-0.004379006383902307,0.0018410947985788204,0.000281248664344057,0.0
2026-03-06 00:00:00+00:00,-0.001851799891718446,0.0015607854610758588,-0.006802071385839089,0.004950271494120641,0.001331646437662772,0.00022913902341308658,0.00035118344932695995
2026-03-07 00:00:00+00:00,0.0031267513928675047,0.0021372275,-0.010512328912811099,0.013639080305678605,0.0019425371052631578,0.00019469039473684208,0.0
2026-03-08 00:00:00+00:00,-0.01020373179021877,0.001496988629346079,-0.01392517080874298,0.003721439018524209,0.0013114493329519938,0.00018553929639408535,0.0
2026-03-09 00:00:00+00:00,-0.0027078213494761668,0.00025922106116756083,0.011520204535986135,-0.0142280258854623,0.0007879877638420931,-0.0005287667026745321,0.000344521173046533
2026-03-10 00:00:00+00:00,0.0044598416130837365,0.0026466274324324322,0.012917890846541918,-0.008458049233458182,0.002310855810810811,0.00033577162162162164,0.0
2026-03-11 00:00:00+00:00,0.0014125438478867942,0.0038445972576528395,-0.0024727932787271516,0.0038853371266139467,0.0035561147532386624,0.00028848250441417737,0.0
2026-03-12 00:00:00+00:00,-0.0037940557919872303,0.001828660452335811,0.011789048965255993,-0.01558310475724322,0.0015641143113854776,0.00026454614095033305,0.0004203951314336276
2026-03-13 00:00:00+00:00,-0.010628012305646178,0.0036731385897435897,-0.0020001865412035825,-0.008627825764442595,0.003201539871794872,0.00047159871794871794,0.0
2026-03-14 00:00:00+00:00,-0.014215200503492845,0.0030905380730890377,-0.003868654773055681,-0.010346545730437164,0.002759415850548245,0.0003311222225407921,0.0
2026-03-15 00:00:00+00:00,-0.0012869909511160783,0.002625344304833197,-0.003990843857229897,0.002703852906113818,0.00217293295336489,0.0004524113514683066,0.0003533124266751745
2026-03-16 00:00:00+00:00,-0.01530731772112781,0.0031065933333333327,0.0016747849162317106,-0.016982102637359525,0.002311624615384615,0.0007949687179487179,0.0
2026-03-17 00:00:00+00:00,-0.001175857118890442,0.001959499337628198,-0.010186284504168332,0.009010427385277887,0.0016368767729753623,0.0003226225646528355,0.0
2026-03-18 00:00:00+00:00,-0.008485693218294297,0.0029832596326031823,-0.013708075633773732,0.005222382415479433,0.0027135738397347934,0.0002696857928683893,0.00033882848470824636
2026-03-19 00:00:00+00:00,-0.018202334062106112,0.0019747128205128204,-0.007120611372753531,-0.011081722689352579,0.00177712,0.00019759282051282052,0.0
2026-03-20 00:00:00+00:00,0.021661860104797932,0.0018121159814425548,0.006698900092911221,0.01496296001188671,0.001522620677794345,0.00028949530364821,0.0
2026-03-21 00:00:00+00:00,-0.00975097349973024,0.00153268737079524,-0.0108669860032672,0.0011160125035369634,0.0011774931887587967,0.0003551941820364434,0.000336785982991813
2026-03-22 00:00:00+00:00,0.00023987641930010503,0.0023092892105263155,0.012069891360462753,-0.011830014941162648,0.0023958802631578943,-8.65910526315789e-05,0.0
2026-03-23 00:00:00+00:00,-0.00273188461017557,0.0017510563416820754,-0.0010411025527828572,-0.0016907820573927104,0.0022322635315893103,-0.00048120718990723473,0.0
2026-03-24 00:00:00+00:00,-0.0009225275569761555,0.0018949878072914588,-0.01373218571732222,0.012809658160346064,0.0017102483899347743,0.00018473941735668462,0.00043239117296921183
2026-03-25 00:00:00+00:00,0.02156964634019972,0.0032631585897435894,0.01614638785836594,0.00542325848183378,0.0030008101282051284,0.00026234846153846156,0.0
2026-03-26 00:00:00+00:00,0.0005940470629590268,0.0029895474117434023,-0.02769975704079266,0.028293804103751687,0.002992321599463924,-2.774187720521891e-06,0.0
2026-03-27 00:00:00+00:00,-0.016374199906662106,0.0008921100111221483,-0.030236500794513822,0.01386230088785172,0.0013169426456239321,-0.0004248326345017839,0.0003847805806998092
2026-03-28 00:00:00+00:00,0.01043088152325387,0.002269189736842105,0.012369102448126602,-0.001938220924872734,0.0018862106578947367,0.0003829790789473684,0.0
2026-03-29 00:00:00+00:00,-0.003139165990705256,0.002429870987222354,-0.003464023691053138,0.0003248577003478832,0.0019299879815620202,0.0004998830056603339,0.0
2026-03-30 00:00:00+00:00,-0.0030900761093567396,0.0015749680534117285,-0.0005481984869019716,-0.002541877622454767,0.0012526722985888251,0.00032229575482290346,0.00034641522834777616
2026-03-31 00:00:00+00:00,-0.011817985004277429,0.001247035972222222,-0.010250335589792922,-0.0015676494144845061,0.000987684722222222,0.00025935125,0.0
2026-04-01 00:00:00+00:00,0.0002418315345270065,0.002062650861309468,-0.0004540427326152636,0.000695874267142269,0.0018138012197161163,0.00024884964159335157,0.0
2026-04-02 00:00:00+00:00,-0.01242274930814851,0.0019362925409774088,-0.022776272908707387,0.010353523600558875,0.001706136814249721,0.0002301557267276877,0.0003717624404488316
2026-04-03 00:00:00+00:00,-0.006433725550385825,0.002440421111111111,-0.0071221535086086266,0.0006884279582227982,0.002193557222222222,0.00024686388888888887,0.0
2026-04-04 00:00:00+00:00,-0.024025808475551816,0.001944971658284713,0.013879322927339717,-0.037905131402891534,0.002181701828624432,-0.000236730170339719,0.0
2026-04-05 00:00:00+00:00,-0.043837061872026385,0.0014891603386436593,-0.012661238148428799,-0.03117582372359759,0.001934406926371552,-0.00044524658772789283,0.0003559251655417517
2026-04-06 00:00:00+00:00,-0.019906477047711292,0.002399397083333333,-0.006770405324021416,-0.013136071723689875,0.0017889295833333333,0.0006104675,0.0
2026-04-07 00:00:00+00:00,-0.008598994573442587,0.002235941795099133,0.021117891168109738,-0.02971688574155232,0.0019008497936517038,0.0003350920014474286,0.0
2026-04-08 00:00:00+00:00,0.009261558411146658,0.0033286692690415016,-0.01203788917740604,0.021299447588552702,0.0029935023672285647,0.0003351669018129366,0.0002798445935150673
2026-04-09 00:00:00+00:00,0.0188030426409658,0.0031590372222222224,0.006121749507003468,0.012681293133962327,0.0027958605555555554,0.00036317666666666663,0.0
2026-04-10 00:00:00+00:00,-0.0018092289833914095,0.0025571313788818914,0.008563325813666815,-0.010372554797058224,0.002094931255689628,0.00046220012319226364,0.0
2026-04-11 00:00:00+00:00,0.004141682569524672,0.002349676261001413,0.0026988815032292215,0.0014428010662954523,0.0015523457535488458,0.0007973305074525671,0.0002934146655814175
2026-04-12 00:00:00+00:00,0.00025410641018964964,0.0026850627777777777,0.006733917040969183,-0.006479810630779532,0.0016954579166666667,0.000989604861111111,0.0
2026-04-13 00:00:00+00:00,-0.007908464974381938,0.0027629479381651193,0.013906389522236426,-0.021814854496618366,0.0021168131867672206,0.0006461347513978987,0.0
2026-04-14 00:00:00+00:00,-0.05147816972040091,0.004521950331747993,-0.02381471252780222,-0.027663457192598686,0.0037668308440037385,0.0007551194877442545,0.0004199684539567466
2026-04-15 00:00:00+00:00,-0.004170745981089553,0.0025795921621621625,0.015035959531757502,-0.019206705512847054,0.0018340545945945946,0.0007455375675675676,0.0
2026-04-16 00:00:00+00:00,0.011704699754593978,0.0019409248494604617,0.033597552826351726,-0.02189285307175774,0.0008032658518417437,0.001137658997618718,0.0
2026-04-17 00:00:00+00:00,-0.018121009610321127,0.002384284200568387,-0.02811061449050821,0.00998960488018708,0.0013625700199417887,0.001021714180626598,0.0003785481684480977
2026-04-18 00:00:00+00:00,0.013890770011805997,0.002320307972972973,-0.015226042548180264,0.02911681255998625,0.0013846645945945946,0.0009356433783783784,0.0
2026-04-19 00:00:00+00:00,-0.010802958379178386,0.0025054094715939645,-0.017973906818105054,0.007170948438926664,0.002021279835246733,0.00048412963634723155,0.0
2026-04-20 00:00:00+00:00,0.00514090231110513,0.00167867404054407,0.016570477015917504,-0.011429574704812371,0.0011533314921581767,0.0005253425483858936,0.0003884237424831134
2026-04-21 00:00:00+00:00,-0.021358373690092494,0.0012619138157894737,0.004747597337996881,-0.026105971028089373,0.0004238481578947369,0.0008380656578947368,0.0
2026-04-22 00:00:00+00:00,-0.013989481414467817,0.0010478010710349836,-0.007538928855988749,-0.006450552558479071,0.00023679390534633247,0.0008110071656886511,0.0
2026-04-23 00:00:00+00:00,-0.0213337793318187,0.0013082935707167211,0.006094399907553176,-0.02742817923937188,0.0003746400896928405,0.0009336534810238805,0.0004031993842587309
2026-04-24 00:00:00+00:00,0.025269820692491233,0.0020147347368421054,0.023253672073725442,0.002016148618765792,0.0011098227631578946,0.0009049119736842105,0.0
2026-04-25 00:00:00+00:00,-0.007754113262120383,0.002518820089180781,-0.010143173563639285,0.002389060301518904,0.0019021245951068748,0.0006166954940739061,0.0
2026-04-26 00:00:00+00:00,-0.005061985139799228,0.0018009944954923587,0.002341841054264982,-0.007403826194064211,0.0011829534851223323,0.0006180410103700264,0.00036528636129085095
2026-04-27 00:00:00+00:00,-0.0015367952282443987,0.0016997375,-0.013349354919944422,0.011812559691700024,0.0008901543421052632,0.0008095831578947368,0.0
2026-04-28 00:00:00+00:00,-0.006472313204506829,0.0011542810375248596,0.004629240958361573,-0.011101554162868402,0.0006823573352849927,0.00047192370223986713,0.0
2026-04-29 00:00:00+00:00,0.005285824701062251,0.0011697663334506614,-0.00951194274922278,0.01479776745028503,0.0005812333199248516,0.0005885330135258098,0.00027080948296310083
2026-04-30 00:00:00+00:00,-0.01017103549612329,0.00110955075,0.0027948887277041666,-0.01296592422382746,0.00054348775,0.0005660629999999999,0.0
2026-05-01 00:00:00+00:00,-0.011328483139121447,0.001271695582002437,0.004255811520945348,-0.015584294660066795,0.0005355020328032453,0.0007361935491991916,0.0
2026-05-02 00:00:00+00:00,-0.008686445456502476,0.0014559987879220646,0.012825067655731494,-0.021511513112233975,0.00031394147957996107,0.0011420573083421037,0.00032628201916631714
2026-05-03 00:00:00+00:00,-0.0073550424727106154,0.001839844024390244,-0.006539818328446458,-0.0008152241442641569,0.0005770393902439024,0.0012628046341463415,0.0
2026-05-04 00:00:00+00:00,-0.008691892009070072,0.001813041997387242,0.008197657992769006,-0.016889550001839077,0.00041183557684751414,0.0014012064205397275,0.0
2026-05-05 00:00:00+00:00,0.0017941914615359298,0.001309217406095776,0.003633554389073387,-0.001839362927537458,0.00027323737485450894,0.0010359800312412669,0.00032096092534078513
2026-05-06 00:00:00+00:00,-0.010968538552744298,0.0012483517857142857,0.007621741090459561,-0.018590279643203863,0.00026192535714285716,0.0009864264285714287,0.0
2026-05-07 00:00:00+00:00,0.02918829460609778,0.0010813799831290874,0.005863628411324894,0.02332466619477288,0.0003900506118393625,0.0006913293712897248,0.0
2026-05-08 00:00:00+00:00,0.016061488456931464,0.000946764445256681,0.024846750950359535,-0.008785262493428073,0.0004164078450124271,0.000530356600244254,0.00042390533363903684
2026-05-09 00:00:00+00:00,-0.006447006300516368,0.0008651847619047619,0.0013584316305885699,-0.007805437931104937,0.00011522142857142856,0.0007499633333333333,0.0
2026-05-10 00:00:00+00:00,0.008049355856134532,0.000806845932601405,0.0021097750512572505,0.005939580804877283,-8.996548474907572e-05,0.0008968114173504806,0.0
2026-05-11 00:00:00+00:00,-0.0028118163350560454,0.0007808496150435974,0.0009228047301191014,-0.0037346210651751453,6.163618353947223e-05,0.0007192134315041252,0.0004679874263473966
2026-05-12 00:00:00+00:00,-0.013415722541145191,0.0009201047777777779,-0.012222820213611624,-0.0011929023275335663,0.0002553582222222222,0.0006647465555555557,0.0
2026-05-13 00:00:00+00:00,-0.004310183121018835,0.000997132525553791,-0.015315343703735957,0.011005160582717123,0.00036032768055396975,0.0006368048449998212,0.0
2026-05-14 00:00:00+00:00,0.0010464392747711344,0.0005410223443250018,-0.00040409551279313883,0.001450534787564272,0.0002812259776723502,0.00025979636665265156,0.00040802336384431186
2026-05-15 00:00:00+00:00,-0.008195928409786751,0.000595127,-0.026501790935226227,0.018305862525439476,0.00026752333333333335,0.00032760366666666674,0.0
2026-05-16 00:00:00+00:00,-0.004663767716629947,0.00066268239021647,-0.01033110597094401,0.00566733825431406,0.00038615954894785615,0.00027652284126861377,0.0
2026-05-17 00:00:00+00:00,-0.0035477096962306153,0.0005801157492351689,-0.012300669625268266,0.008752959929037648,0.0003238574762932724,0.00025625827294189655,0.00043427332775636864
2026-05-18 00:00:00+00:00,0.006557535686776529,0.0007407901162790698,0.0074334847924463635,-0.0008759491056698336,0.0004745953488372093,0.0002661947674418605,0.0
2026-05-19 00:00:00+00:00,0.011106343321400772,0.001121585174063879,-0.002091491516549651,0.013197834837950423,0.0008368103649659109,0.00028477480909796805,0.0
2026-05-20 00:00:00+00:00,-0.0036121145689921785,0.000616103182283701,0.0046668254768125325,-0.00827894004580471,0.00038566465255014714,0.000230438529733554,0.0003404886248719438
2026-05-21 00:00:00+00:00,0.0039560205146654944,0.0004052264772727273,0.009037339261953279,-0.005081318747287785,0.00021846295454545453,0.00018676352272727274,0.0
2026-05-22 00:00:00+00:00,-0.026905514756426167,0.0003308255404137784,-0.02573114714462528,-0.001174367611800885,0.00012993082609054831,0.0002008947143232301,0.0
2026-05-23 00:00:00+00:00,-0.0056101953585282575,0.0006048059713881628,0.010552462411037685,-0.016162657769565943,0.00030912181434975054,0.0002956841570384123,0.0003702738131299995
2026-05-24 00:00:00+00:00,-0.005391764955120291,0.0006684307777777778,-0.007306061086063001,0.0019142961309427092,0.00041459333333333337,0.0002538374444444445,0.0
2026-05-25 00:00:00+00:00,0.014488342552733626,0.00045225835825018395,0.015117114805226766,-0.0006287722524931402,0.00019654405731529587,0.000255714300934888,0.0
2026-05-26 00:00:00+00:00,-0.0036739142610285568,0.00043423275216657967,-0.013611402424834784,0.009937488163806227,0.00015178692422552323,0.0002824458279410565,0.0003163937511368293
2026-05-27 00:00:00+00:00,-0.012038440631208631,0.0021040961363636363,-0.019681538115534903,0.00764309748432627,0.0015417606818181819,0.0005623354545454546,0.0
2026-05-28 00:00:00+00:00,0.005358111780049771,0.0010336653477177262,-0.007531534559194282,0.01288964633924405,0.00061575126540431,0.0004179140823134161,0.0
2026-05-29 00:00:00+00:00,-0.0032539819008601785,0.000522788596450991,0.0020191849286640634,-0.005273166829524244,0.0003398687040091586,0.00018291989244183238,0.00032577922857163444
2026-05-30 00:00:00+00:00,0.0022996479640031756,0.0006609754651162791,0.011083591862463342,-0.008783943898460166,0.00037953593023255816,0.00028143953488372095,0.0
2026-05-31 00:00:00+00:00,-0.01411612092637303,0.0009333107503787069,0.007336028310792094,-0.021452149237165125,0.0005901370926367573,0.0003431736577419495,0.0
2026-06-01 00:00:00+00:00,-0.005579450724202387,0.0024381640294862837,0.014877771251421203,-0.020457221975623593,0.0016827201198407683,0.0007554439096455149,0.00041985655586985706
2026-06-02 00:00:00+00:00,0.001145777086589115,0.0022860941666666664,-0.02233237718986278,0.02347815427645189,0.0015872573809523807,0.0006988367857142857,0.0
2026-06-03 00:00:00+00:00,0.009090003294761007,0.0029012867436404364,0.004913700844412618,0.004176302450348388,0.0023683731578851863,0.0005329135857552507,0.0
2026-06-04 00:00:00+00:00,-0.015357166353849372,0.0031809988247406737,-0.034609865878077614,0.019252699524228242,0.002942259839455511,0.00023873898528516298,0.00039942957126163026
2026-06-05 00:00:00+00:00,-0.029615684137138106,0.0019140979545454544,-0.04723762907552516,0.017621944938387056,0.0016174695454545453,0.0002966284090909091,0.0
2026-06-06 00:00:00+00:00,-0.031449949337349264,0.0021174482447788787,0.0011751570046489358,-0.0326251063419982,0.001782400871118015,0.00033504737366086407,0.0
2026-06-07 00:00:00+00:00,-0.013065466897628705,0.0030663597400532546,0.017011082476431218,-0.030076549374059923,0.0025068061732197145,0.0005595535668335402,0.0004179837031665697
2026-06-08 00:00:00+00:00,-0.020354121248084677,0.0027459202272727278,-0.011771416232281378,-0.008582705015803303,0.002491291704545455,0.0002546285227272728,0.0
2026-06-09 00:00:00+00:00,0.018952932975418033,0.001970493761150467,-0.006461946989720344,0.02541487996513838,0.0017556151773473368,0.00021487858380313002,0.0
2026-06-10 00:00:00+00:00,-0.01818636363169957,0.0018494463444224246,-0.021337576842546228,0.003151213210846655,0.001476435046210964,0.0003730112982114604,0.00036326428584523574
2026-06-11 00:00:00+00:00,0.007818570680645311,0.002466680697674419,0.044526404060251004,-0.0367078333796057,0.0018260947674418604,0.0006405859302325582,0.0
2026-06-12 00:00:00+00:00,0.010098554358012641,0.0023808992036441537,0.010079253217081922,1.9301140930723035e-05,0.0017348961317475318,0.0006460030718966219,0.0
2026-06-13 00:00:00+00:00,-0.005237371989672404,0.004828048172963564,-0.012430659601288644,0.007193287611616243,0.004455609075711862,0.0003724390972517024,0.00041560150341325464
2026-06-14 00:00:00+00:00,-0.009150335428306441,0.003237996395348837,0.0015276862124709457,-0.010678021640777382,0.0029570002325581394,0.00028099616279069763,0.0
2026-06-15 00:00:00+00:00,-0.008578880529299865,0.005083633289056522,-0.001504892011758798,-0.007073988517541067,0.00456960635963429,0.0005140269294222335,0.0
2026-06-16 00:00:00+00:00,0.0025221938185141395,0.001631635845136379,0.005467351067499796,-0.002945157248985657,0.0013072102009218899,0.0003244256442144892,0.00038943453301306584
2026-06-17 00:00:00+00:00,0.012049215213255459,0.0017606403488372095,0.01733774631343333,-0.005288531100177873,0.0013690931395348837,0.00039154720930232554,0.0
2026-06-18 00:00:00+00:00,-0.020391007898704582,0.00185801771210449,-0.028056424091854652,0.007665416193150072,0.0014531340087412775,0.00040488370336321243,0.0
2026-06-19 00:00:00+00:00,0.0005528274960612837,0.0011915767024089354,-0.00785292235423087,0.008405749850292157,0.0008732827452270645,0.00031829395718187097,0.0003968365228178597
2026-06-20 00:00:00+00:00,-0.010475348115056952,0.0018606022727272729,-0.005807664524947092,-0.00466768359010986,0.0013671917045454548,0.0004934105681818181,0.0
2026-06-21 00:00:00+00:00,-0.0029039120730142485,0.0018222345705461347,-0.010496376899442907,0.007592464826428658,0.0014149304434634554,0.0004073041270826792,0.0
2026-06-22 00:00:00+00:00,-0.0023479627707512028,0.0015318387144996949,0.001939924175596222,-0.004287886946347424,0.0011411901001948453,0.00039064861430484956,0.0003912409638137624
2026-06-23 00:00:00+00:00,-0.021657294322290428,0.0014616326744186045,-0.021508723959751494,-0.00014857036253892834,0.0009303946511627906,0.0005312380232558139,0.0
2026-06-24 00:00:00+00:00,0.006152963367110939,0.0012778644247987674,-0.01622988934502098,0.02238285271213192,0.0009933455965383305,0.00028451882826043684,0.0
2026-06-25 00:00:00+00:00,-0.007119463692792908,0.001031970296684892,-0.01200450095675181,0.004885037263958902,0.000818106588612343,0.00021386370807254922,0.0004474108716855178
2026-06-26 00:00:00+00:00,0.004410746053676715,0.0014896566279069769,0.005325055699152579,-0.0009143096454758638,0.00112903511627907,0.000360621511627907,0.0
2026-06-27 00:00:00+00:00,-0.028878010423823708,0.002037172546583815,-0.010994260407262724,-0.017883750016560986,0.0017184857482364924,0.0003186867983473224,0.0
2026-06-28 00:00:00+00:00,-0.017186062308611385,0.0010347625805258926,-0.0051539319655680505,-0.012032130343043334,0.0007476382539465388,0.0002871243265793536,0.0004449429647155249
2026-06-29 00:00:00+00:00,-0.018789153469118938,0.0018112007142857141,0.013126077720521226,-0.03191523118964017,0.0014565254761904761,0.00035467523809523807,0.0
2026-06-30 00:00:00+00:00,0.018485251749079314,0.00036759693894087425,-0.009630230395708156,0.02811548214478747,0.0015759134065644726,-0.0012083164676235988,0.0
2026-07-01 00:00:00+00:00,0.03018347245941614,0.0009007890410018223,0.0076058580111872335,0.022577614448228908,0.0006700753382739304,0.00023071370272789197,0.0003688308538280452
2026-07-02 00:00:00+00:00,0.009881603756124731,0.004193070365853659,0.006032731397910189,0.003848872358214543,0.003897801463414634,0.0002952689024390244,0.0
2026-07-03 00:00:00+00:00,0.00017478611402959275,0.002622003002362471,0.007019414173380073,-0.006844628059350484,0.00224490812418314,0.0003770948781793314,0.0
2026-07-04 00:00:00+00:00,0.0015826491588061108,0.0019429336639717805,0.004710268079316382,-0.003127618920510271,0.0016925586905355678,0.0002503749734362127,0.0004554090417640623
2026-07-05 00:00:00+00:00,0.00457637492231446,0.0014423967073170733,-0.001212829475645682,0.0057892043979601415,0.0011931093902439027,0.0002492873170731707,0.0
2026-07-06 00:00:00+00:00,0.011609291215405122,0.0024425895471921707,0.0072690577803699455,0.004340233435035177,0.0021295350338624572,0.00031305451332971375,0.0
2026-07-07 00:00:00+00:00,-0.018874556331678186,0.005865523366748352,-0.03336746790608751,0.014492911574409316,0.005502825513743613,0.00036269785300474023,0.00041945248011437746
2026-07-08 00:00:00+00:00,-0.015429541793269191,0.002932104634146342,-0.016186470390316413,0.0007569285970472238,0.0025621157317073174,0.00036998890243902436,0.0
2026-07-09 00:00:00+00:00,-0.011097678821661816,0.0016948257444781313,0.0033228228454024425,-0.014420501667064257,0.001217645494019828,0.00047718025045830325,0.0
2026-07-10 00:00:00+00:00,-0.0008627538797406995,0.0011661724350242942,0.003783233055371672,-0.0046459869351123725,0.0008395277559801817,0.0003266446790441125,0.0004550444901025056
2026-07-11 00:00:00+00:00,-0.0016123277634892952,0.0008200801219512195,-0.01280313498423354,0.011190807220744243,0.0004871943902439025,0.0003328857317073171,0.0
2026-07-12 00:00:00+00:00,0.0003202434651237171,0.0016037864594001445,-0.0066506322156058865,0.006970875680729603,0.001299018755348542,0.00030476770405160234,0.0
2026-07-13 00:00:00+00:00,0.0081662678069135,0.0007590772972689385,-0.01162741643384072,0.01979368424075422,0.0004125224133914469,0.0003465548838774916,0.0004868734496735984
2026-07-14 00:00:00+00:00,-0.00026350955967033903,0.0010448696153846154,0.013083995479762314,-0.013347505039432652,0.0005795037179487179,0.00046536589743589743,0.0
2026-07-15 00:00:00+00:00,-0.009947719371058674,0.0007966596450802663,-0.012607649078805981,0.0026599297077473066,0.0005427733121667036,0.00025388633291356264,0.0
2026-07-16 00:00:00+00:00,-0.018582079105539905,0.0008383066829445642,-0.017416329272914657,-0.0011657498326252467,0.00048451329936340565,0.0003537933835811586,0.0004740873632452232
2026-07-17 00:00:00+00:00,-0.005077945180326796,0.001362863125,-0.007583843003436686,0.0025058978231098884,0.0010377115,0.00032515162500000003,0.0
2026-07-18 00:00:00+00:00,0.0022525364964252233,0.001276021976329758,8.412011785521086e-06,0.0022441244846397013,0.001037274898363384,0.000238747077966374,0.0
2026-07-19 00:00:00+00:00,0.0075710234616231074,0.0002772155899926792,-0.0014274108862302876,0.008998434347853398,0.0007679467332206316,-0.0004907311432279523,0.00046011853659384697
2026-07-20 00:00:00+00:00,-0.006844352349780857,0.0008301797499999999,0.0002027860405045892,-0.007047138390285446,0.000512747375,0.000317432375,0.0
2026-07-21 00:00:00+00:00,-0.0024064908553886937,0.0023065096079136725,0.008745751464645969,-0.01115224232003466,0.0020483842905941073,0.0002581253173195655,0.0
2026-07-22 00:00:00+00:00,-0.0063228455579880305,0.0008721049643212551,-0.0034188028912334233,-0.0029040426667546063,0.0006088910021096017,0.00026321396221165344,0.00046160744193921347
2026-07-23 00:00:00+00:00,0.0019943259984679038,0.004214800875000001,-0.0015223076898122686,0.0035166336882801776,0.00391008725,0.000304713625,0.0
2026-07-24 00:00:00+00:00,0.00477798827964784,0.0010727077265788479,0.0010718643240296842,0.003706123955618157,0.0007165191050902363,0.00035618862148861145,0.0
2026-07-25 00:00:00+00:00,-0.02183053101469634,0.0014660736442737776,-0.0076649938556316195,-0.014165537159064722,0.0011681976996105478,0.0002978759446632298,0.0003862150410381147
2026-07-26 00:00:00+00:00,-0.006057166481304652,0.002625286923076923,-0.007550205295565625,0.0014930388142609724,0.0024342503846153845,0.00019103653846153846,0.0
2026-07-27 00:00:00+00:00,0.009903872468117577,0.0016617449086153585,-0.02223517648621575,0.032139048954333324,0.0014211416989264984,0.00024060320968885993,0.0
2026-07-28 00:00:00+00:00,-0.002766618938148997,0.0007569358780149516,0.003333868043068005,-0.006100486981217002,0.0005147665844777744,0.00024216929353717707,0.000325595286508742
2026-07-29 00:00:00+00:00,0.009007912914995963,0.0009801638461538463,-0.0053084019957574625,0.014316314910753424,0.0005916384615384615,0.0003885253846153846,0.0
2026-07-30 00:00:00+00:00,-0.03548223092239361,0.0013847664825994868,-0.008937406573008339,-0.026544824349385272,0.0009107752402377151,0.00047399124236177187,0.0
2026-07-31 00:00:00+00:00,-0.0064131581120424365,0.0006899647855458819,0.005620963825313128,-0.012034121937355563,0.00063234701692548,5.7617768620401945e-05,0.00041260965296087074
2026-08-01 00:00:00+00:00,-0.0145574193831975,0.0013502475,-0.007241074291696096,-0.007316345091501405,0.0009693657894736842,0.00038088171052631575,0.0
2026-08-02 00:00:00+00:00,0.005793781306497014,0.0012058578109473417,0.002928140053421042,0.0028656412530759733,0.0007883559934222214,0.0004175018175251203,0.0
2026-08-03 00:00:00+00:00,0.0012822364402946135,0.0016604271544645613,-0.00021208274305440636,0.0014943191833490196,0.0012525618885420725,0.00040786526592248866,0.0003919683754667941
2026-08-04 00:00:00+00:00,-0.004741689826754777,0.0019674326923076924,-0.0010570154126308684,-0.0036846744141239077,0.0015581296153846153,0.0004093030769230769,0.0
2026-08-05 00:00:00+00:00,-0.005721651676094616,0.0018152776718854773,0.004183562185031102,-0.009905213861125717,0.0012717870492652235,0.000543490622620254,0.0
2026-08-06 00:00:00+00:00,-0.030978520180159338,0.001608977321040503,0.0055213320476115366,-0.03649985222777087,0.0010752949054387106,0.0005336824156017921,0.0004500595937811621
2026-08-07 00:00:00+00:00,0.003579898475319302,0.0026580000000000006,0.007863719813022751,-0.004283821337703451,0.002040908783783784,0.0006170912162162163,0.0
2026-08-08 00:00:00+00:00,0.010379607737235994,0.0010998369152684204,0.006988008712854566,0.0033915990243814273,0.0007231728679165036,0.0003766640473519167,0.0
2026-08-09 00:00:00+00:00,-0.001393958620994987,0.0011022750163943535,-0.009158895736738837,0.00776493711574385,0.0005647853828123341,0.0005374896335820195,0.0003544542419284593
2026-08-10 00:00:00+00:00,0.006127851138862401,0.0018568910810810814,0.0023796300076473834,0.003748221131215018,0.0012472551351351354,0.000609635945945946,0.0
2026-08-11 00:00:00+00:00,-0.00795240245381246,0.0018793140934189668,-0.0063301540344640915,-0.0016222484193483717,0.0014283911366650313,0.00045092295675393544,0.0
2026-08-12 00:00:00+00:00,0.002757548407020009,0.0016467514553446107,-0.0004588591433750478,0.0032164075503950586,0.001227893807091177,0.00041885764825343386,0.0003575878609557587
2026-08-13 00:00:00+00:00,-0.01333512645660812,0.002280743108108108,-0.0009520738411839534,-0.012383052615424167,0.0018356489189189189,0.0004450941891891892,0.0
2026-08-14 00:00:00+00:00,0.003592497111406003,0.0015158617327031007,0.013558549811839031,-0.00996605270043303,0.0010635238135982509,0.0004523379191048498,0.0
2026-08-15 00:00:00+00:00,-0.02423403598117805,0.0030782876052290855,-0.027429053405093932,0.0031950174239158808,0.0025761460036178834,0.0005021416016112018,0.00038775434022409903
2026-08-16 00:00:00+00:00,-0.010839880531769638,0.001659941756756757,-0.003847375239562128,-0.006992505292207512,0.0012454725675675677,0.00041446918918918915,0.0
2026-08-17 00:00:00+00:00,0.01374819891838032,0.001124563766603452,0.007224117879618074,0.006524081038762245,0.0007304714901928339,0.0003940922764106183,0.0
2026-08-18 00:00:00+00:00,-0.005110015493030038,0.0009156519213920749,-0.012079208070205155,0.0069691925771751175,0.0007363226967443087,0.00017932922464776612,0.0004315121093770738
2026-08-19 00:00:00+00:00,0.012493915263173862,0.001001978918918919,0.016941878095941658,-0.004447962832767797,0.0006748132432432433,0.0003271656756756757,0.0
2026-08-20 00:00:00+00:00,0.009860236324842354,0.0010435038846283787,0.019819031513428793,-0.009958795188586441,0.0007618392240163105,0.0002816646606120682,0.0
2026-08-21 00:00:00+00:00,-0.01049713567456624,0.001192400052728255,0.032911503268738894,-0.04340863894330513,0.0008258442104453135,0.0003665558422829416,0.0005546191516222487
2026-08-22 00:00:00+00:00,0.01344564653704825,0.0014174176923076923,-0.011495084718608852,0.0249407312556571,0.0011882065384615384,0.00022921115384615386,0.0
2026-08-23 00:00:00+00:00,0.006187269645089422,0.0010745456631646216,0.006941767217905707,-0.0007544975728162836,0.0008804913509248929,0.0001940543122397289,0.0
2026-08-24 00:00:00+00:00,0.0018552450426231738,0.001012676462783255,-0.008675004541712994,0.010530249584336163,0.00073718096679007,0.0002754954959931848,0.0005016538332270369
2026-08-25 00:00:00+00:00,0.004232602236622826,0.0008445591025641025,0.007734321528462698,-0.003501719291839872,0.0005584905128205128,0.0002860685897435898,0.0
2026-08-26 00:00:00+00:00,0.021003409434578728,0.0011142354453231391,0.022441956770408233,-0.001438547335829504,0.0007848374601109752,0.00032939798521216407,0.0
2026-08-27 00:00:00+00:00,-0.01440364260446779,0.0009863839491837363,-0.00718266865326635,-0.00722097395120144,0.0007269606936393348,0.0002594232555444016,0.000501484650923028
2026-08-28 00:00:00+00:00,-0.018234988488399197,0.0008200753750000001,-0.008744432897240584,-0.009490555591158611,0.0005168842500000001,0.000303191125,0.0
2026-08-29 00:00:00+00:00,0.00015215482137949246,0.0009892531107361605,0.008492580335217017,-0.008340425513837525,0.0005405826982638733,0.00044867041247228747,0.0
2026-08-30 00:00:00+00:00,-0.008719296077365511,0.0008860216331319731,-0.020965116519076524,0.012245820441711014,0.0004746553732027965,0.00041136625992917685,0.0005262849094973734
2026-08-31 00:00:00+00:00,-0.0018256550420872415,0.001214446125,0.003298736248693099,-0.005124391290780341,0.0010648653750000001,0.00014958075000000003,0.0
