date,ret
2007-07-03,-0.004013033602106475
2007-07-05,-0.007544527426289638
2007-07-06,-0.0027535772284681403
2007-07-09,0.0030270049197989035
2007-07-10,0.010861841389384397
2007-07-11,-0.006300291730494623
2007-07-12,-0.0026964422406017263
2007-07-13,0.0021355385855612585
2007-07-16,0.006181722202156514
2007-07-17,-0.0018136276688349717
2007-07-18,0.0032616975421546623
2007-07-19,-0.00017900712285390252
2007-07-20,0.006322624948276401
2007-07-23,-0.0010750819650051646
2007-07-24,0.0028764722940632925
2007-07-25,0.0015423832979117869
2007-07-26,0.007038329949337729
2007-07-27,0.002246538138604537
2007-07-30,-0.0024480080154828388
2007-07-31,0.005193321824175534
2007-08-01,-0.002110861368118444
2007-08-02,0.0007710453963034603
2007-08-03,0.0040962689290444665
2007-08-06,-0.0026754493886734787
2007-08-07,-0.000639269012804311
2007-08-08,-0.003744419417766154
2007-08-09,0.00354814027730721
2007-08-10,-0.0008909990330789874
2007-08-13,0.0012855204191839498
2007-08-14,0.002179977418417467
2007-08-15,0.0010112922754708098
2007-08-16,0.003372270987212156
2007-08-17,0.0003382944057921389
2007-08-20,0.0014507431726762388
2007-08-21,0.0025953911383864714
2007-08-22,-0.001946362432210469
2007-08-23,7.948768356991209e-05
2007-08-24,-0.0005134971796085797
2007-08-27,0.0021692978960403675
2007-08-28,0.0032744237701172185
2007-08-29,-0.0021591713097128817
2007-08-30,0.0026998344351734094
2007-08-31,0.00015087877415975726
2007-09-04,-0.0005451619491002591
2007-09-05,0.004225721931278459
2007-09-06,-0.001640687267683405
2007-09-07,0.006711677063007571
2007-09-10,0.0016795465202781301
2007-09-11,-0.0015989116057161246
2007-09-12,-0.000611132341170606
2007-09-13,-0.003567368233996948
2007-09-14,0.00046477307008685464
2007-09-17,0.0005871888483610643
2007-09-18,-0.0002723876652694912
2007-09-19,-0.002001566229868912
2007-09-20,-0.00653988489683488
2007-09-21,0.0031667189174486854
2007-09-24,0.0013443383950098031
2007-09-25,0.00020499203879786876
2007-09-26,-0.00017288848088647946
2007-09-27,0.002765617603482262
2007-09-28,-0.0003331861780594414
2007-10-01,0.001054550320981562
2007-10-02,0.001972888235030945
2007-10-03,-0.0012524685042625272
2007-10-04,0.002035402320485824
2007-10-05,-0.006899584257825997
2007-10-08,0.001267163283797279
2007-10-09,-0.0021955522821045514
2007-10-10,0.0005914224039367255
2007-10-11,-0.00021644540375542753
2007-10-12,-0.0031130062214377308
2007-10-15,0.0003967765748145169
2007-10-16,0.0014508718958683442
2007-10-17,0.00645284103213517
2007-10-18,0.003564002097424135
2007-10-19,0.008685662241303849
2007-10-22,-0.0008768397848399889
2007-10-23,-0.00048233712511536186
2007-10-24,0.004829738345925483
2007-10-25,-0.0016213017413371222
2007-10-26,-0.001560141673269122
2007-10-29,0.0015708825943965277
2007-10-30,0.00012764374182494542
2007-10-31,-0.005795214183169195
2007-11-01,0.008145719901309745
2007-11-02,0.002378452997554348
2007-11-05,-0.0005791075129741863
2007-11-06,-0.0024065207623841234
2007-11-07,0.0027503665057011517
2007-11-08,0.0006899186429585313
2007-11-09,0.004940840923719048
2007-11-12,0.002560149603592299
2007-11-13,-0.003961094363868267
2007-11-14,0.0007619516071797339
2007-11-15,0.006107552018443707
2007-11-16,0.0004713765654646984
2007-11-19,0.005668725953898335
2007-11-20,-0.0013675947794044019
2007-11-21,0.005618903473198822
2007-11-23,-0.00035334449367951937
2007-11-26,0.012127981949255906
2007-11-27,-0.007325741751139869
2007-11-28,-0.003749188498532341
2007-11-29,0.005382941117265894
2007-11-30,-0.0010234170458190972
2007-12-03,0.004739329779513746
2007-12-04,0.0001905935431101291
2007-12-05,-0.002104085316302462
2007-12-06,-0.0036842763720584815
2007-12-07,-0.0036908935267395693
2007-12-10,-0.0017184366835618636
2007-12-11,0.008203257565992716
2007-12-12,-0.005055202310649376
2007-12-13,-0.004153322392863146
2007-12-14,-0.002789039722143838
2007-12-17,0.0044132652884338874
2007-12-18,0.0008497445634105816
2007-12-19,0.005228872471370494
2007-12-20,-0.0002546206075595414
2007-12-21,-0.0045595740437675
2007-12-24,-0.0018364762847427052
2007-12-26,-0.0028621490751618017
2007-12-27,0.0043782962263072545
2007-12-28,0.004649921495111675
2007-12-31,0.0029321748214277132
2008-01-02,0.004655496505660439
2008-01-03,0.0014256541454515936
2008-01-04,0.001680944023904507
2008-01-07,0.0006154197931955707
2008-01-08,0.0014030410739205301
2008-01-09,-0.000577130921942115
2008-01-10,-0.0021675112501994276
2008-01-11,0.004356184088001314
2008-01-14,0.0007219078315179317
2008-01-15,0.0035916011105945334
2008-01-16,-0.0007945874222876625
2008-01-17,0.004740090755458448
2008-01-18,-0.000625130022516851
2008-01-22,0.006954418716405675
2008-01-23,-0.0019211265240968167
2008-01-24,-0.006617720590526788
2008-01-25,0.006051628936752262
2008-01-28,-0.0017686242164360877
2008-01-29,-0.002247083289448004
2008-01-30,-0.0003513365827330084
2008-01-31,0.0028263056868551573
2008-02-01,0.002230443970254292
2008-02-04,-0.005243022136454445
2008-02-05,0.005643539147649701
2008-02-06,-0.0014873663973055118
2008-02-07,-0.011335847991917003
2008-02-08,0.007178221605981028
2008-02-11,0.0022385796739370356
2008-02-12,-0.0025529316742500807
2008-02-13,-0.004780891803149667
2008-02-14,-0.006887659608119989
2008-02-15,0.0028435436404714576
2008-02-19,-0.00595262326654189
2008-02-20,0.0015401755089887725
2008-02-21,0.007834534682033878
2008-02-22,-0.003177356789669905
2008-02-25,-0.006082602783446189
2008-02-26,0.0014291931235843602
2008-02-27,0.0014854103516770412
2008-02-28,0.010507138237421554
2008-02-29,0.00975566065073763
2008-03-03,-0.0016888192900101906
2008-03-04,-0.002244729296265513
2008-03-05,-0.0028452177050269922
2008-03-06,0.0047254899114639315
2008-03-07,0.0008734318737027014
2008-03-10,0.004254107106142602
2008-03-11,-0.007110450733408213
2008-03-12,0.007314031128894616
2008-03-13,-0.002658503797787204
2008-03-14,0.006134751826291529
2008-03-17,0.003634962240028905
2008-03-18,-0.004576495862977037
2008-03-19,0.004919564518993447
2008-03-20,0.0002045329641067184
2008-03-24,-0.009801207615399377
2008-03-25,0.0019133771193835525
2008-03-26,0.0010856363490432397
2008-03-27,-0.00046852987724843587
2008-03-28,0.002452561169960843
2008-03-31,0.0010296509647453878
2008-04-01,-0.006451423389816413
2008-04-02,-0.0012820044968530064
2008-04-03,-0.00020631078056199126
2008-04-04,0.004281606932549309
2008-04-07,-0.0036549410278796657
2008-04-08,3.937042787316436e-05
2008-04-09,0.003981652516026335
2008-04-10,-0.0017429053681417006
2008-04-11,0.002972291656879067
2008-04-14,-0.0017090208416237207
2008-04-15,-0.003393183381263598
2008-04-16,-0.004291787087057797
2008-04-17,-0.0019507615974909687
2008-04-18,-0.0007461698499194869
2008-04-21,-0.00014711736264516606
2008-04-22,0.000793511439333372
2008-04-23,-0.0006329367269602981
2008-04-24,-0.004843774882845042
2008-04-25,-0.0009122836247664745
2008-04-28,0.0014925675660835136
2008-04-29,0.0007684500491245139
2008-04-30,0.0028079805434733096
2008-05-01,-0.0010988956867291622
2008-05-02,-0.00734524166723638
2008-05-05,0.0008553111966143057
2008-05-06,-0.0032418263709287354
2008-05-07,0.003146213080084559
2008-05-08,0.005400275521380449
2008-05-09,0.0017190026934903457
2008-05-12,-0.001706726784856727
2008-05-13,-0.006974186901363422
2008-05-14,-0.00021213658661101142
2008-05-15,0.005144090766395104
2008-05-16,-0.0018537461901222407
2008-05-19,0.0015500050479366756
2008-05-20,0.003231240716743855
2008-05-21,-0.0010780167204772484
2008-05-22,-0.007024514665207149
2008-05-23,0.003572165515603354
2008-05-27,-0.004222201255255631
2008-05-28,-0.006042409153408035
2008-05-29,-0.004054669365329833
2008-05-30,0.003761323201849409
2008-06-02,0.003912634088531375
2008-06-03,0.003165947090854937
2008-06-04,-0.002204694191539125
2008-06-05,-0.0029676945987887615
2008-06-06,0.004694935298799496
2008-06-09,-0.005186673727221036
2008-06-10,-0.003821104196002678
2008-06-11,0.0010961150696642274
2008-06-12,-0.00653244838580147
2008-06-13,-0.00024767559566851727
2008-06-16,0.0004236092837284211
2008-06-17,0.0023803824768218185
2008-06-18,0.0030486519010708424
2008-06-19,-0.0034809402837001624
2008-06-20,0.003062671547469309
2008-06-23,-0.000582378533579675
2008-06-24,0.003351402115126856
2008-06-25,0.00044664179285147654
2008-06-26,0.00410718705956592
2008-06-27,0.0029469685108924892
2008-06-30,0.0005874537273720115
2008-07-01,-0.0012082250103483405
2008-07-02,0.0013157631350595445
2008-07-03,0.0009003453799261152
2008-07-07,0.0022217944735976047
2008-07-08,0.0014746954247777389
2008-07-09,0.002886410156535568
2008-07-10,-0.0006289955967074823
2008-07-11,-0.005484748788993077
2008-07-14,0.0038639280581829194
2008-07-15,0.0019231427883796837
2008-07-16,-0.005145287470814108
2008-07-17,-0.0028144444510698197
2008-07-18,-0.0024873357147313646
2008-07-21,0.0013602183978751459
2008-07-22,-0.0020288719891427
2008-07-23,-0.0009687869336041377
2008-07-24,0.0052194188888681214
2008-07-25,-0.0035337642249140266
2008-07-28,0.0039485228125344385
2008-07-29,-0.0017647348286891074
2008-07-30,0.0008256656540697183
2008-07-31,0.0046113172795327895
2008-08-01,0.00048508510367106794
2008-08-04,-0.0005057862581449024
2008-08-05,-0.0025668355167499657
2008-08-06,-0.00022971507573910088
2008-08-07,0.005721796851795746
2008-08-08,-0.0003693643231813537
2008-08-11,-0.003216649441588726
2008-08-12,0.004097971939740708
2008-08-13,-0.0010660514923476194
2008-08-14,0.0017786467334055533
2008-08-15,0.0024238787951411656
2008-08-18,0.0016507970031918173
2008-08-19,-0.0003977513298718538
2008-08-20,0.0019524105574850736
2008-08-21,-0.0013275781736792336
2008-08-22,-0.0020225003762847082
2008-08-25,0.0040164624474281485
2008-08-26,-2.7383155066340592e-05
2008-08-27,0.0009696713423739123
2008-08-28,-0.0007135651913046104
2008-08-29,-0.0005384747443113458
2008-09-02,0.003342773407309707
2008-09-03,0.0013772781255287914
2008-09-04,0.0026706197987766966
2008-09-05,-0.0009359918524742827
2008-09-08,0.0001678485669494023
2008-09-09,0.003307747114577708
2008-09-10,-0.0012529594789428833
2008-09-11,-0.0008007957038765889
2008-09-12,-0.0027373497906227895
2008-09-15,0.013265369152532847
2008-09-16,-0.0019466982485585316
2008-09-17,0.006076883574647862
2008-09-18,-0.006960218307313748
2008-09-19,-0.011941419548631371
2008-09-22,-0.0002134768654774577
2008-09-23,5.2488683784934764e-05
2008-09-24,0.0025050738646545945
2008-09-25,-0.002183763307666564
2008-09-26,0.000519331823128244
2008-09-29,0.01052812316641405
2008-09-30,-0.008782944331529596
2008-10-01,0.0052387945167735595
2008-10-02,0.005264900706378306
2008-10-03,0.005117509584196656
2008-10-06,0.009465796280982763
2008-10-07,-0.0012016309354120347
2008-10-08,-0.010512043266655113
2008-10-09,-0.005966746257144551
2008-10-10,-0.005719257051901905
2008-10-13,-0.00802642283221433
2008-10-14,-0.003616712609265771
2008-10-15,0.007007652953081589
2008-10-16,-0.001845391110021688
2008-10-17,3.061742510590548e-05
2008-10-20,0.0027345280740875832
2008-10-21,0.005935407791373581
2008-10-22,0.009749579300618816
2008-10-23,0.0027320830471260216
2008-10-24,-0.004707471375500538
2008-10-27,-0.0007762034683105323
2008-10-28,-0.007157569009065279
2008-10-29,-0.0009875372527778925
2008-10-30,-0.0052670518804539546
2008-10-31,-0.004797596073762178
2008-11-03,0.002053362060773889
2008-11-04,0.012904238708363325
2008-11-05,0.007902860438497417
2008-11-06,-0.004479712258793178
2008-11-07,-0.004718022072080608
2008-11-10,0.003368396456553846
2008-11-11,0.002741122092243975
2008-11-12,0.0053846062634757
2008-11-13,-0.014731317910377628
2008-11-14,0.012834446267271815
2008-11-17,0.0038415692628275266
2008-11-18,0.00901597951733879
2008-11-19,0.016450150317558032
2008-11-20,0.03269948032092951
2008-11-21,-0.010517719204163778
2008-11-24,-0.011318698743808642
2008-11-25,0.020377853654093725
2008-11-26,0.0030668461529361757
2008-11-28,0.0071070755824780285
2008-12-01,0.024239507898351942
2008-12-02,0.001886369341923766
2008-12-03,0.0012494001308254177
2008-12-04,0.004000843109391861
2008-12-05,-0.0055424769637669735
2008-12-08,-0.0021992795610702442
2008-12-09,0.00638887898361129
2008-12-10,-0.001302323353971624
2008-12-11,0.003428656944349795
2008-12-12,0.0011240390901210429
2008-12-15,0.0022355985881412632
2008-12-16,0.00761371622560314
2008-12-17,0.0036516918811788646
2008-12-18,0.004582836259746204
2008-12-19,-0.0014471613640058
2008-12-22,-0.002740516454219133
2008-12-23,-0.00015818727195515692
2008-12-24,-0.0004014901022787454
2008-12-26,0.002682358812929886
2008-12-29,0.0018359657673290286
2008-12-30,0.002011140210538942
2008-12-31,-0.00592487625650473
2009-01-02,-0.010173052938001081
2009-01-05,-0.0018916671213393688
2009-01-06,-0.0008821347541354552
2009-01-07,1.2349705231562425e-05
2009-01-08,0.0008711637837719444
2009-01-09,0.0019673346623503285
2009-01-12,0.003032132076804972
2009-01-13,0.00038886734336007756
2009-01-14,0.004013980219726987
2009-01-15,-0.0007200880554137923
2009-01-16,-0.004037234956259739
2009-01-20,-0.0001944258939481358
2009-01-21,-0.006699364958639209
2009-01-22,-0.0035381456745897655
2009-01-23,-0.0008167430463866809
2009-01-26,-0.002353220580743387
2009-01-27,0.004796708625783852
2009-01-28,-0.004503393415825729
2009-01-29,-0.007182734486735121
2009-01-30,-5.159615383243388e-05
2009-02-02,0.004671563480127761
2009-02-03,-0.005606996303268996
2009-02-04,-0.00286770709881623
2009-02-05,0.0009290187345947221
2009-02-06,-0.002474333826924968
2009-02-09,-0.0005041376892337412
2009-02-10,0.007486452170654356
2009-02-11,0.0034595066263720664
2009-02-12,-0.0003312239668838979
2009-02-13,-0.006159905535244703
2009-02-17,0.009663920055831943
2009-02-18,-0.004043128834864573
2009-02-19,-0.0035749127753657017
2009-02-20,0.002307848964235637
2009-02-23,0.0011262752599789927
2009-02-24,-0.001668344459044735
2009-02-25,-0.005009680326551136
2009-02-26,-0.0015172919773819293
2009-02-27,-0.00045993021928358857
2009-03-02,0.005968528329103329
2009-03-03,-0.001548221053709331
2009-03-04,-0.002626498457348858
2009-03-05,0.006987008014747387
2009-03-06,-0.002528529343206798
2009-03-09,-0.0010346349449686931
2009-03-10,-0.004479253237747893
2009-03-11,0.0034981203152719686
2009-03-12,0.001548823486898554
2009-03-13,-0.00022653017468088343
2009-03-16,-0.004070479080982348
2009-03-17,-0.0012527441990708432
2009-03-18,0.01629636895752995
2009-03-19,-0.0016196541874186066
2009-03-20,0.00015121634810300044
2009-03-23,-0.0023985807210163967
2009-03-24,-0.0002788490374241448
2009-03-25,-0.003320151148889283
2009-03-26,0.0027236270781694216
2009-03-27,0.000835849189271487
2009-03-30,0.002246308967224664
2009-03-31,0.0021034168083187144
2009-04-01,0.0015338491471958982
2009-04-02,-0.004177608182643344
2009-04-03,-0.006822688525977116
2009-04-06,-0.0006765062629273677
2009-04-07,0.0012178130806483889
2009-04-08,0.002340443786676083
2009-04-09,-0.0037049178404062744
2009-04-13,0.0038097131963938935
2009-04-14,0.0025490125826408416
2009-04-15,0.00039796381202639175
2009-04-16,-0.002821501181498598
2009-04-17,-0.004128756108643494
2009-04-20,0.004117626605890656
2009-04-21,-0.00205330132037862
2009-04-22,-0.0013106599700032362
2009-04-23,-0.0005049756273473038
2009-04-24,-0.0021337364437169493
2009-04-27,0.002361736864106234
2009-04-28,-0.0035926274400474023
2009-04-29,-0.0021591635956796917
2009-04-30,-0.00037134695842411247
2009-05-01,-0.0020557457670167256
2009-05-04,0.00047622840558325663
2009-05-05,-0.00033103300426140514
2009-05-06,0.00025046350806356976
2009-05-07,-0.005810935225909364
2009-05-08,0.0010265384501617625
2009-05-11,0.005218847966070195
2009-05-12,9.47491572191872e-05
2009-05-13,0.002751706787271102
2009-05-14,0.0006356789631505322
2009-05-15,-0.0008399140844108643
2009-05-18,-0.0038975151163228583
2009-05-19,-0.0005860048601311618
2009-05-20,0.002765034362688601
2009-05-21,-0.006576115711141806
2009-05-22,-0.0026911512698561957
2009-05-26,-0.004237365730672127
2009-05-27,-0.005202649381008673
2009-05-28,0.002840459416904473
2009-05-29,0.006680851979968372
2009-06-01,-0.008233453377182176
2009-06-02,0.0027889231465163533
2009-06-03,0.005772260821816477
2009-06-04,-0.01111506959560804
2009-06-05,-0.00804350309977675
2009-06-08,-0.003427025711365883
2009-06-09,0.0021625677165133528
2009-06-10,-0.007255159816127121
2009-06-11,0.005969476535664375
2009-06-12,0.005100099762196386
2009-06-15,0.004728883442090881
2009-06-16,0.008025989734654626
2009-06-17,-0.0024257271472507558
2009-06-18,-0.009674771164298823
2009-06-19,0.006308433115202572
2009-06-22,0.005486583168255343
2009-06-23,0.005046278364083667
2009-06-24,-0.0047010152325558385
2009-06-25,0.010971851467243221
2009-06-26,0.0011727703728716676
2009-06-29,0.0011983776354274056
2009-06-30,-0.0014903504117801392
2009-07-01,-0.0005665095637367168
2009-07-02,0.002244836864470745
2009-07-06,-0.000296409324696989
2009-07-07,0.0035131140247246506
2009-07-08,0.010533873435468744
2009-07-09,-0.006126335562197105
2009-07-10,0.005484389985063398
2009-07-13,-0.0032789449833592332
2009-07-14,-0.008025947771298392
2009-07-15,-0.013670511160731369
2009-07-16,0.006077083372204584
2009-07-17,-0.0074642265343357606
2009-07-20,0.0029105490212166796
2009-07-21,0.01069682031547825
2009-07-22,-0.005115802309492712
2009-07-23,-0.009895121204405832
2009-07-24,0.0024909659168979026
2009-07-27,-0.005566569910647301
2009-07-28,0.003352927858851995
2009-07-29,0.0018163886703095322
2009-07-30,0.006038240524984362
2009-07-31,0.010376647702650565
2009-08-03,-0.009084543440884052
2009-08-04,-0.0038934220309169154
2009-08-05,-0.006980581936602004
2009-08-06,0.0011230297703170855
2009-08-07,-0.005522354985618816
2009-08-10,0.006782916131066852
2009-08-11,0.006509145405429573
2009-08-12,-0.0043618321604523835
2009-08-13,0.00786039891715995
2009-08-14,0.002563374284556552
2009-08-17,0.007570350884819277
2009-08-18,-0.0031989627230101236
2009-08-19,0.004178853207546185
2009-08-20,0.003558838992799407
2009-08-21,-0.010847160980298254
2009-08-24,0.00852117572043598
2009-08-25,0.002785427376511329
2009-08-26,0.002184240985448893
2009-08-27,-0.002284882833212154
2009-08-28,0.0026699569333612505
2009-08-31,0.0015334036385916683
2009-09-01,0.00030925216444943615
2009-09-02,0.003738030193587427
2009-09-03,-0.002268781090296379
2009-09-04,-0.003799782847256683
2009-09-08,-0.0013168710586933807
2009-09-09,0.00021928967901141405
2009-09-10,0.004412008822652469
2009-09-11,0.0012207522935430148
2009-09-14,-0.003118878311715645
2009-09-15,-0.0008468225135799257
2009-09-16,-0.0008418337213278448
2009-09-17,0.0035918058174624345
2009-09-18,-0.0030699354934354828
2009-09-21,0.00024792142188134747
2009-09-22,0.0008520871925852269
2009-09-23,0.0018889066199325732
2009-09-24,0.0012522796514797818
2009-09-25,0.0022737885107502187
2009-09-28,0.001341357454747616
2009-09-29,-0.0002940316470236848
2009-09-30,0.0007747840647789328
2009-10-01,0.0042586021816373165
2009-10-02,-0.0006073627688281125
2009-10-05,-2.2318853373559655e-05
2009-10-06,-0.0023117039364717318
2009-10-07,0.00385822901582622
2009-10-08,-0.0027110929854244903
2009-10-09,-0.00600180205347467
2009-10-12,0.0017516114020166285
2009-10-13,0.0015470156916643774
2009-10-14,-0.004276072268002085
2009-10-15,-0.0017837625003666036
2009-10-16,0.0025133380931166016
2009-10-19,0.0012143078361797066
2009-10-20,0.001496672634374141
2009-10-21,-0.0015548395688452787
2009-10-22,-0.001281868486150639
2009-10-23,-0.0032034491985794
2009-10-26,-0.0035975142920429137
2009-10-27,0.005095861562628645
2009-10-28,0.002235365610599782
2009-10-29,-0.0029882066993771605
2009-10-30,0.004332338214866782
2009-11-02,-0.0011422391283574251
2009-11-03,-0.0017640957306639393
2009-11-04,-0.0018032926894145929
2009-11-05,0.0006409691578168619
2009-11-06,0.001417986705893881
2009-11-09,0.00024795800777410726
2009-11-10,-9.115810745563557e-05
2009-11-11,0.0019144734525728957
2009-11-12,-0.00015183979658695002
2009-11-13,0.0008268453953192978
2009-11-16,0.003126595020839895
2009-11-17,0.0013331775811280533
2009-11-18,-0.0013397300856181626
2009-11-19,0.0007522185726211994
2009-11-20,8.918190516160607e-05
2009-11-23,-0.0006228271371430116
2009-11-24,0.00266915527635625
2009-11-25,0.0017585438200811154
2009-11-27,0.0021734442426566414
2009-11-30,0.0007996992698662275
2009-12-01,-0.0026418836708792526
2009-12-02,-0.0010342620522872936
2009-12-03,-0.0027970987191408003
2009-12-04,-0.004781973265868711
2009-12-07,0.00224660997290016
2009-12-08,0.0017711997338640817
2009-12-09,-0.0014729693515191933
2009-12-10,-0.0023596132605953057
2009-12-11,-0.0021354389342179703
2009-12-14,-0.0005345693742455637
2009-12-15,-0.0015329459579468407
2009-12-16,0.00031833049307805616
2009-12-17,0.005396941043428027
2009-12-18,-0.002327881540641452
2009-12-21,-0.005738079563934573
2009-12-22,-0.002589746982471719
2009-12-23,-0.00011109349390925338
2009-12-24,-0.0027913240785449878
2009-12-28,-0.001942141677542808
2009-12-29,0.0018165727078733873
2009-12-30,0.0009467692074340839
2009-12-31,-0.0026209869870191804
2010-01-04,0.0014523723886818996
2010-01-05,0.0047872024391348855
2010-01-06,-0.007890619332837301
2010-01-07,0.0007899292670678904
2010-01-08,0.0003417113091594981
2010-01-11,-0.002433509970491632
2010-01-12,0.01084005128698795
2010-01-13,-0.007418664901527983
2010-01-14,0.008579422320429186
2010-01-15,0.004603235572856246
2010-01-19,-0.0019167412047720322
2010-01-20,0.006107076841189718
2010-01-21,0.0035629636501828266
2010-01-22,-0.0004428076318920837
2010-01-25,-0.0031217156468873464
2010-01-26,0.000786377729548704
2010-01-27,-0.0010422564601868523
2010-01-28,-0.0002788228787073965
2010-01-29,0.0057384820074957155
2010-02-01,-0.0056798628167552545
2010-02-02,0.0015456469220078706
2010-02-03,-0.005698319019714071
2010-02-04,0.008481605350873389
2010-02-05,0.0023136887358983227
2010-02-08,-9.599419027572775e-05
2010-02-09,-0.005461361611866944
2010-02-10,-0.004461120254788842
2010-02-11,-0.002086624894875211
2010-02-12,0.002422515143531978
2010-02-16,0.0014072246150012013
2010-02-17,-0.005833146214936136
2010-02-18,-0.002719944103517502
2010-02-19,0.0018395596312168472
2010-02-22,-0.0015051793548250814
2010-02-23,0.00795696877089025
2010-02-24,0.0011511859052419915
2010-02-25,0.0033692882752971443
2010-02-26,0.002350583451860233
2010-03-01,0.00014144733103704787
2010-03-02,3.446943934259927e-05
2010-03-03,-0.0006227082085844549
2010-03-04,0.0008410380640031523
2010-03-05,-0.0032400075028405917
2010-03-08,-0.001601566615711536
2010-03-09,0.0012206938538052992
2010-03-10,-0.0008958017694670195
2010-03-11,-0.0006244861834461268
2010-03-12,0.001154052062219968
2010-03-15,8.444934040796603e-05
2010-03-16,0.0020995521777738
2010-03-17,0.0009365705238155719
2010-03-18,-0.0014835779519288828
2010-03-19,-0.0007314674517718833
2010-03-22,0.0013223617655071518
2010-03-23,-0.001317461559479094
2010-03-24,-0.005748492679527262
2010-03-25,-0.0015151825099359861
2010-03-26,0.0013419799305951496
2010-03-29,-0.0005205491536026674
2010-03-30,0.00046505150084064084
2010-03-31,0.0018107252289027986
2010-04-01,-0.0010767421179058712
2010-04-05,-0.009461790420504657
2010-04-06,0.001754572983686531
2010-04-07,0.006829183435102637
2010-04-08,-0.0003046447803395358
2010-04-09,0.0012427958359211289
2010-04-12,0.0028195232189582864
2010-04-13,0.0016387151086649787
2010-04-14,-0.0032450084984014804
2010-04-15,0.001174962139282476
2010-04-16,0.0049656104038517945
2010-04-19,-0.0019541774041930138
2010-04-20,0.0013818581356501713
2010-04-21,0.003872397121519766
2010-04-22,-0.0020166647467187993
2010-04-23,-0.0022352260731571816
2010-04-26,0.0005952056915525805
2010-04-27,0.00848488048159668
2010-04-28,-0.004652869405400106
2010-04-29,0.0020436633209672816
2010-04-30,0.006312075779958182
2010-05-03,-0.0016377905430651207
2010-05-04,0.00845224730058547
2010-05-05,0.00370171387499707
2010-05-06,0.014776713451038148
2010-05-07,-0.005298553729020994
2010-05-10,-0.010007353323113644
2010-05-11,-0.00026299452061806505
2010-05-12,-0.003471788562596667
2010-05-13,0.0033154416370797524
2010-05-14,0.008416408101395101
2010-05-17,-0.0020909726167268605
2010-05-18,0.007968187811601801
2010-05-19,0.0012673545741177517
2010-05-20,0.010814598951150334
2010-05-21,0.0002974446108143791
2010-05-24,-0.001229120063377609
2010-05-25,0.0027845597546793943
2010-05-26,-0.0019233618034809608
2010-05-27,-0.011210826508530669
2010-05-28,0.0036940410581507432
2010-06-01,0.0028293748878991387
2010-06-02,-0.0030897309791176886
2010-06-03,-0.0012888748495046842
2010-06-04,0.00817001060832645
2010-06-07,0.0017792308641262355
2010-06-08,-0.0015053813491445744
2010-06-09,-9.237214818158535e-06
2010-06-10,-0.005381249689901502
2010-06-11,0.0038141837184328953
2010-06-14,-0.0006300228085416304
2010-06-15,-0.001632569682623819
2010-06-16,0.0015504477013597029
2010-06-17,0.0025889583531641946
2010-06-18,-0.0007043180412678041
2010-06-21,-0.0004406868074172676
2010-06-22,0.00328054284131718
2010-06-23,0.0022367749440104223
2010-06-24,-0.0007179983661854683
2010-06-25,0.001103379088318368
2010-06-28,0.003449159082046016
2010-06-29,0.0027012784250284305
2010-06-30,0.0009958066830462187
2010-07-01,-0.00016138444655966477
2010-07-02,-0.001331902711923072
2010-07-06,0.0015425176122032536
2010-07-07,-0.0021868422319564207
2010-07-08,-0.0012834961798875444
2010-07-09,-0.0015671284661706864
2010-07-12,0.0005377787069948958
2010-07-13,-0.0027547843975860298
2010-07-14,0.0031167365121700374
2010-07-15,0.002669460645121413
2010-07-16,0.0027868346548673983
2010-07-19,-0.001608173044812533
2010-07-20,0.0006760738572790803
2010-07-21,0.0038754862082648334
2010-07-22,-0.003029311755020858
2010-07-23,-0.0023102486199287897
2010-07-26,-0.0004761806116462264
2010-07-27,-0.0023432371419597198
2010-07-28,0.002183817742875016
2010-07-29,0.0011011059577625826
2010-07-30,0.0035642516320555373
2010-08-02,-0.0024527363957094206
2010-08-03,0.0024149486918678686
2010-08-04,-0.002516243532033391
2010-08-05,0.0026207475784685297
2010-08-06,0.00320291959391672
2010-08-09,-0.0007895762733033385
2010-08-10,0.002023517106438666
2010-08-11,0.0031999601485481755
2010-08-12,-0.0011664008339958842
2010-08-13,0.0024975954758157393
2010-08-16,0.005326767112380004
2010-08-17,-0.0022787167547150267
2010-08-18,0.00011150536873150152
2010-08-19,0.003125191655334314
2010-08-20,-0.0013144377452887213
2010-08-23,0.0004913891379461077
2010-08-24,0.004516590133863074
2010-08-25,-0.002285969382875064
2010-08-26,0.0023867118877998195
2010-08-27,-0.006957860116225123
2010-08-30,0.005035142631926837
2010-08-31,0.0027437258124776154
2010-09-01,-0.004761976769253495
2010-09-02,-0.002450820357767225
2010-09-03,-0.0032277257811518245
2010-09-07,0.005019305181576783
2010-09-08,-0.0020455147621721848
2010-09-09,-0.00495756917070056
2010-09-10,-0.0013794668068924931
2010-09-13,0.0023961912334515834
2010-09-14,0.0028760880278291268
2010-09-15,-0.0023578606393918067
2010-09-16,-0.0018589551449286201
2010-09-17,0.0012099871516593197
2010-09-20,0.001554528307450953
2010-09-21,0.004568766521637402
2010-09-22,0.0012638963599300723
2010-09-23,0.0007820076239595242
2010-09-24,-0.0028938353392513605
2010-09-27,0.004166710784184069
2010-09-28,0.0018240939872837814
2010-09-29,-0.0012842118730267416
2010-09-30,-0.0003596601592207316
2010-10-01,-0.0002118379310990237
2010-10-04,0.001391640536669625
2010-10-05,-0.0002565573669112142
2010-10-06,0.0032621294157000325
2010-10-07,-3.8676311703178534e-05
2010-10-08,-0.0003169027885866482
2010-10-11,0.00039200393479221773
2010-10-12,-0.0022816862771452007
2010-10-13,-8.120336719841248e-05
2010-10-14,-0.003480291602305674
2010-10-15,-0.002280543506277821
2010-10-18,0.002352209806788075
2010-10-19,0.0019022247355993116
2010-10-20,9.926857667608147e-05
2010-10-21,-0.002753090033179917
2010-10-22,0.0005997434818914016
2010-10-25,0.0003292480212242488
2010-10-26,-0.004078500579363098
2010-10-27,-0.002870866984366227
2010-10-28,0.0027931998391030888
2010-10-29,0.002380223992275665
2010-11-01,-0.0006542571769080352
2010-11-02,0.0019658028739590883
2010-11-03,-0.000876241310692305
2010-11-04,0.003350764780235327
2010-11-05,-0.003478592866797192
2010-11-08,0.00024886878713270555
2010-11-09,-0.0055142955073366196
2010-11-10,0.0016214316173748244
2010-11-11,-0.0013120199005738353
2010-11-12,-0.0030348465954311843
2010-11-15,-0.006249058083816483
2010-11-16,0.004882847590822026
2010-11-17,-0.001039356757338128
2010-11-18,-0.0002416782803037476
2010-11-19,0.000855514620580422
2010-11-22,0.002587386680650283
2010-11-23,0.0014563583679803038
2010-11-24,-0.006042758506761392
2010-11-26,0.0030754706909164042
2010-11-29,0.001412681897564383
2010-11-30,0.0014657870330108125
2010-12-01,-0.007041452827660111
2010-12-02,-0.0010095852017328877
2010-12-03,3.4230906586607546e-05
2010-12-06,0.0036301536018128466
2010-12-07,-0.008190248699706082
2010-12-08,-0.004429576704898075
2010-12-09,0.0010430116704043257
2010-12-10,-0.003334645166814143
2010-12-13,0.0016780750722895643
2010-12-14,-0.004844419990452042
2010-12-15,-0.002692396349456283
2010-12-16,0.002562327186010238
2010-12-17,0.004811798969822423
2010-12-20,7.088874945937462e-06
2010-12-21,0.0011720795627105929
2010-12-22,-0.0016686395001000998
2010-12-23,-0.0020360590351501395
2010-12-27,0.0023766629367152348
2010-12-28,-0.005850881447636347
2010-12-29,0.006412205247298131
2010-12-30,-0.0008914885886923685
2010-12-31,0.003300073625278621
2011-01-03,-0.0018077296057861236
2011-01-04,0.001246017808234523
2011-01-05,-0.014605153761415912
2011-01-06,0.003948155524517993
2011-01-07,0.004943814720768991
2011-01-10,0.0038157475348743475
2011-01-11,-0.0040925251477923474
2011-01-12,-0.004742507012445163
2011-01-13,0.006544024790341441
2011-01-14,-0.004004418241012275
2011-01-18,-0.0031095606708317902
2011-01-19,0.004442994978022474
2011-01-20,-0.009408135340343238
2011-01-21,0.004971220465000981
2011-01-24,0.0002250991680146086
2011-01-25,0.006371078495488236
2011-01-26,-0.009405039398959869
2011-01-27,0.0035061609989699427
2011-01-28,0.004083155887532053
2011-01-31,-0.004985046181122721
2011-02-01,-0.004078570599187814
2011-02-02,-0.0007177993746212419
2011-02-03,-0.006047702945103595
2011-02-04,-0.007080972018293941
2011-02-07,0.002350795706224096
2011-02-08,-0.006903916197151694
2011-02-09,0.006187853288607492
2011-02-10,-0.006838725661183154
2011-02-11,0.008535387277499584
2011-02-14,0.00043259348508017936
2011-02-15,0.0030136978477068865
2011-02-16,-0.0020603024139593806
2011-02-17,0.0021269868626518917
2011-02-18,-0.0015517552579072946
2011-02-22,0.0105808143335131
2011-02-23,0.001033358697592357
2011-02-24,0.004063356036287047
2011-02-25,0.0039715032251348426
2011-02-28,0.0005994340921400276
2011-03-01,0.00192200768380979
2011-03-02,-0.007034633979288274
2011-03-03,-0.006182255778842349
2011-03-04,0.005897973033943904
2011-03-07,-0.0031763749384347006
2011-03-08,-0.002921026195833565
2011-03-09,0.005379958205585567
2011-03-10,0.008737219921069128
2011-03-11,-0.002621529423928348
2011-03-14,0.0008061941533559214
2011-03-15,0.006007689746761802
2011-03-16,0.007210305506047732
2011-03-17,-0.0037492085261769947
2011-03-18,0.0005245310043511253
2011-03-21,-0.004057975438161887
2011-03-22,0.0012120642193096387
2011-03-23,-0.0008170172641622786
2011-03-24,-0.004457896273667994
2011-03-25,-0.0019606415693373958
2011-03-28,0.0004179702204543112
2011-03-29,-0.0036498613134813285
2011-03-30,0.003995455958447636
2011-03-31,-0.0017434932020398142
2011-04-01,0.002598347590759831
2011-04-04,0.0011940278674833493
2011-04-05,-0.0033768877210179626
2011-04-06,-0.006438090574983901
2011-04-07,-0.0003800374588551758
2011-04-08,-0.0028485579821780904
2011-04-11,0.0006884261457400509
2011-04-12,0.005995587138867053
2011-04-13,0.003529397945936985
2011-04-14,-0.0016861187645528242
2011-04-15,0.007584461246603613
2011-04-18,0.0016568647436787654
2011-04-19,0.0019444490823168348
2011-04-20,-0.0035083537856136493
2011-04-21,-0.00011749828277496377
2011-04-25,0.0024784049386754603
2011-04-26,0.004973223151166328
2011-04-27,-0.004269570362773645
2011-04-28,0.003830020729996164
2011-04-29,0.0018681141475085372
2011-05-02,0.0003800090452787952
2011-05-03,0.0036974238918325852
2011-05-04,0.0030902531127938726
2011-05-05,0.0063071915314723
2011-05-06,-0.0020324829567011093
2011-05-09,6.695086736119293e-06
2011-05-10,-0.00522792179162912
2011-05-11,0.004132241334900311
2011-05-12,-0.0039284463455407925
2011-05-13,0.005777005866250962
2011-05-16,0.0036151093960212766
2011-05-17,0.0060551878455459285
2011-05-18,-0.008497849807987068
2011-05-19,0.00012659995059216556
2011-05-20,0.001057193256456923
2011-05-23,0.0028540566671406697
2011-05-24,0.0022027921470899603
2011-05-25,-0.0022324791872531113
2011-05-26,0.006081982028508737
2011-05-27,-0.0001701481136887617
2011-05-31,0.0016150984950458191
2011-06-01,0.009414247625223693
2011-06-02,-0.008538067040156583
2011-06-03,0.003328585413006513
2011-06-06,-0.0026724708002215936
2011-06-07,0.002375700165769601
2011-06-08,0.003339075012697812
2011-06-09,-0.0030320095393965296
2011-06-10,0.003887334451848634
2011-06-13,-0.0025158196297244695
2011-06-14,-0.007934111228160345
2011-06-15,0.010067959418043504
2011-06-16,0.00247265495112714
2011-06-17,-0.0017303646404687179
2011-06-20,-0.00010482253493349081
2011-06-21,-0.0018776236995384776
2011-06-22,-1.1173585608648118e-05
2011-06-23,0.004487575821869871
2011-06-24,0.00020473751843730348
2011-06-27,-0.006151289533763982
2011-06-28,-0.006338499472642978
2011-06-29,-0.00418656925445815
2011-06-30,-0.0017097571621089713
2011-07-01,-0.0014752409867088145
2011-07-05,0.0032402068910613036
2011-07-06,0.0024141224339016
2011-07-07,-0.00259187107547465
2011-07-08,0.00874689196235523
2011-07-11,0.007822585646873437
2011-07-12,0.0015925553410947035
2011-07-13,0.001566262276470054
2011-07-14,-0.006867222984400012
2011-07-15,0.002015405753513555
2011-07-18,-0.003458628353714799
2011-07-19,0.008223123066888993
2011-07-20,-0.005759167779292973
2011-07-21,-0.0046018655429298505
2011-07-22,0.003848948732753543
2011-07-25,-0.004900495172140085
2011-07-26,0.003901199752756934
2011-07-27,-0.0007111055656967569
2011-07-28,0.0021133488143423307
2011-07-29,0.011060777456237014
2011-08-01,0.004531513400511278
2011-08-02,0.00654880857172313
2011-08-03,0.00037171174575822974
2011-08-04,0.008193471966423838
2011-08-05,-0.006677985961679123
2011-08-08,0.008249853357336523
2011-08-09,0.002710450177426438
2011-08-10,0.007574700838768322
2011-08-11,-0.010063909569025475
2011-08-12,0.00423533049061442
2011-08-15,-0.0024016813488622057
2011-08-16,0.0031237333566573877
2011-08-17,0.004125361947554307
2011-08-18,0.003723615429215066
2011-08-19,0.001200984009452899
2011-08-22,-0.0009039649276041395
2011-08-23,-0.0030212077794118386
2011-08-24,-0.006353709430980348
2011-08-25,0.003366694680518645
2011-08-26,0.0020980422261513976
2011-08-29,-0.0036335875996154066
2011-08-30,0.003954306064845481
2011-08-31,-0.0027551859178335247
2011-09-01,0.0048510602081335286
2011-09-02,0.005716061358483682
2011-09-06,0.0015406353825133667
2011-09-07,-0.0037273310954049066
2011-09-08,0.0025977356834299137
2011-09-09,0.002774122137176649
2011-09-12,-0.0012307965823441513
2011-09-13,-0.0022958488843164426
2011-09-14,0.0010399659171884679
2011-09-15,-0.0037520823998541397
2011-09-16,0.0014605707043371385
2011-09-19,0.0046899686510202265
2011-09-20,0.0005574992422721081
2011-09-21,0.004114821009861824
2011-09-22,0.006908459917345233
2011-09-23,-0.004487506596160373
2011-09-26,-0.0032157464654554158
2011-09-27,-0.0038610781701712282
2011-09-28,-0.00018971775188647566
2011-09-29,0.0008775260056876899
2011-09-30,0.00486515930805953
2011-10-03,0.005918250100432232
2011-10-04,-0.003153759512480092
2011-10-05,-0.0019641128758226545
2011-10-06,-0.004042067846555808
2011-10-07,-0.002476804924878784
2011-10-10,-0.004992808919690894
2011-10-11,0.0009482645911647047
2011-10-12,-0.0023943463574056523
2011-10-13,0.0022653752355297208
2011-10-14,-0.0025597047012539953
2011-10-17,0.0036281714670587384
2011-10-18,-0.0009065286292488928
2011-10-19,0.0006439620946845359
2011-10-20,-0.0012044589197329758
2011-10-21,-0.0017569028858066549
2011-10-24,1.1753164093075696e-05
2011-10-25,0.0052696067357813625
2011-10-26,-0.004202006854834961
2011-10-27,-0.0071874536675125
2011-10-28,0.0030213281114115365
2011-10-31,0.008193338928611515
2011-11-01,0.006796995888272095
2011-11-02,-0.001822496022429565
2011-11-03,-0.0026962520323745576
2011-11-04,0.0010112813707305879
2011-11-07,0.0008243504189218154
2011-11-08,-0.0026825207842429144
2011-11-09,0.0048173225490579785
2011-11-10,-0.002867587604195254
2011-11-11,-0.0022635897991096776
2011-11-14,0.0037275082148162664
2011-11-15,-0.0006078357527606881
2011-11-16,0.001849003202373689
2011-11-17,0.0014697517220887413
2011-11-18,-0.0013558138551105214
2011-11-21,0.0014985836016698784
2011-11-22,0.002108942426598537
2011-11-23,0.002093868634530205
2011-11-25,-0.0033954564345491933
2011-11-28,4.960589452718267e-05
2011-11-29,-0.0013293676772939689
2011-11-30,-0.003314997794225949
2011-12-01,-0.0005472083554692864
2011-12-02,0.002590670701801079
2011-12-05,-0.00030679653980236754
2011-12-06,-0.001743161203370036
2011-12-07,0.0019309969411245298
2011-12-08,0.0028537664663399465
2011-12-09,-0.004155174375179649
2011-12-12,0.0021503355983933936
2011-12-13,0.0023213132908395107
2011-12-14,0.003037283194978535
2011-12-15,-0.000709530088866539
2011-12-16,0.002941398461320466
2011-12-19,0.0022705354507559505
2011-12-20,-0.005488630998993549
2011-12-21,-0.002612467959904663
2011-12-22,0.0007283981841634812
2011-12-23,-0.0022257308775054385
2011-12-27,0.0004296139895547668
2011-12-28,0.003917431976681485
2011-12-29,0.0006321779830751328
2011-12-30,0.0017470690194516525
2012-01-03,-0.0038186360474649073
2012-01-04,-0.002061926181118001
2012-01-05,-4.810490253848165e-05
2012-01-06,0.0018845913415461713
2012-01-09,2.3254737907318912e-05
2012-01-10,-0.0006971292829247577
2012-01-11,0.003250124378614716
2012-01-12,-0.0008408054401842779
2012-01-13,0.0024794281998661294
2012-01-17,0.0008223641521123426
2012-01-18,-0.002234582185494105
2012-01-19,-0.0031750802431764757
2012-01-20,-0.002295904910598834
2012-01-23,-0.0012091278849802878
2012-01-24,0.0005211032622782774
2012-01-25,0.0015563091922428107
2012-01-26,0.0029682426232429115
2012-01-27,0.0013658792489010807
2012-01-30,0.0019754513942247254
2012-01-31,0.0022897390823684027
2012-02-01,-0.002406866407128172
2012-02-02,0.00045417373550171725
2012-02-03,-0.00452520931051803
2012-02-06,0.0016593570097884758
2012-02-07,-0.0033012313676570315
2012-02-08,0.0002183893230864875
2012-02-09,-0.0017032000671610703
2012-02-10,0.0030941924877008198
2012-02-13,-0.00042913065732907985
2012-02-14,0.0012913765990243409
2012-02-15,0.00012132437897749426
2012-02-16,-0.0023682412141923237
2012-02-17,-0.0004814306681848457
2012-02-21,-0.0023145332327757506
2012-02-22,0.0026841896382887587
2012-02-23,0.00035549028136028227
2012-02-24,0.0007267037497833417
2012-02-27,0.0020143016598739294
2012-02-28,-4.316468486487146e-05
2012-02-29,-0.0017983029122562444
2012-03-01,-0.002007947095422402
2012-03-02,0.002286052748447842
2012-03-05,-0.00140042807865004
2012-03-06,0.002474523002276685
2012-03-07,-0.0013317187548467224
2012-03-08,-0.0021059034131983845
2012-03-09,-3.1182344222058234e-05
2012-03-12,-3.215607018691724e-05
2012-03-13,-0.004265304834046413
2012-03-14,-0.0067689707725262505
2012-03-15,0.0004213686779499515
2012-03-16,0.00046418525294611435
2012-03-19,-0.003414621014031005
2012-03-20,0.0003855799096295076
2012-03-21,0.0029631307705106913
2012-03-22,0.0007621804023734136
2012-03-23,0.0020942759894380103
2012-03-26,-0.0007067992516498478
2012-03-27,0.0025663860590787735
2012-03-28,-0.000800833135487955
2012-03-29,0.002193478977872809
2012-03-30,-0.0032109852874278033
2012-04-02,0.0013986123937868022
2012-04-03,-0.004366185452969185
2012-04-04,0.0030159425920051053
2012-04-05,0.002271144086516408
2012-04-09,0.005844519903535739
2012-04-10,0.0028522003348741
2012-04-11,-0.0024815803355210386
2012-04-12,-0.0009583037421025953
2012-04-13,0.0035318345869543855
2012-04-16,-0.00023610704111232117
2012-04-17,-0.00037776266151900995
2012-04-18,0.0010441834756405033
2012-04-19,0.0005116281165760128
2012-04-20,4.62352146621825e-05
2012-04-23,0.001491927204437582
2012-04-24,-0.0017141688915762732
2012-04-25,-0.0007599392034294272
2012-04-26,0.0016928458892675469
2012-04-27,0.0002622514404473364
2012-04-30,0.00042589122090586073
2012-05-01,-0.0011002858093400736
2012-05-02,0.001344571751657364
2012-05-03,-0.00012469954809113393
2012-05-04,0.002197312212645075
2012-05-07,-6.812433985814437e-05
2012-05-08,0.0012915157292394674
2012-05-09,0.00025287529407402864
2012-05-10,-0.0007951852131082848
2012-05-11,0.001901893458985393
2012-05-14,0.002685707729877862
2012-05-15,0.0004308475017174018
2012-05-16,0.00045359723832749665
2012-05-17,0.002684324698575269
2012-05-18,-0.00010129022333760229
2012-05-21,-0.0009377398546841498
2012-05-22,-0.0020307238093582036
2012-05-23,0.0017947264809969887
2012-05-24,-0.001258038088898794
2012-05-25,0.0015472860586194237
2012-05-29,-0.0007162636452084925
2012-05-30,0.005807452831787296
2012-05-31,0.0026202175488461155
2012-06-01,0.0052146303633646696
2012-06-04,-0.0025899869702392664
2012-06-05,-0.00217900613473776
2012-06-06,-0.0041376162316397735
2012-06-07,0.0007953690565845051
2012-06-08,0.00019819616475258428
2012-06-11,0.001242953404981817
2012-06-12,-0.0027763509420764
2012-06-13,0.0024601710073264282
2012-06-14,-0.0008536132498275784
2012-06-15,0.0021389101580715497
2012-06-18,0.0002992695729806538
2012-06-19,-0.002372696237000871
2012-06-20,-0.0003441232931478133
2012-06-21,0.0012260818456313327
2012-06-22,-0.0025326790044377656
2012-06-25,0.0030437845992759005
2012-06-26,-0.0011915203780870076
2012-06-27,0.0005693743105357196
2012-06-28,0.0012778893447642492
2012-06-29,-0.0026529786050446535
2012-07-02,0.002571581692595304
2012-07-03,-0.0016590101940762159
2012-07-05,0.0015267154535585359
2012-07-06,0.0021931300779858276
2012-07-09,0.001715283454733818
2012-07-10,0.00034308839767516197
2012-07-11,-7.90114388998786e-05
2012-07-12,0.0015498824556350321
2012-07-13,-0.000374573523732602
2012-07-16,0.0013469794740164076
2012-07-17,-0.0016441044449390096
2012-07-18,0.0004997672252511354
2012-07-19,-0.0005595114709245896
2012-07-20,0.002494247152924789
2012-07-23,0.0011398091086736173
2012-07-24,0.0012453572057575801
2012-07-25,0.0005016497669703135
2012-07-26,-0.0018813457940721756
2012-07-27,-0.004534686883886696
2012-07-30,0.0020073910443321186
2012-07-31,0.0008696910988206241
2012-08-01,-0.0017062769979374615
2012-08-02,0.0013550770324342043
2012-08-03,-0.0034042275965640023
2012-08-06,0.00030388437524941914
2012-08-07,-0.0031361302250307865
2012-08-08,-0.0011529380482002693
2012-08-09,-0.0002924083233425412
2012-08-10,0.0014962563031544196
2012-08-13,-0.0002867554446336351
2012-08-14,-0.00294003131445264
2012-08-15,-0.0030785720596978594
2012-08-16,-0.0016136659783668739
2012-08-17,0.000898950788534858
2012-08-20,0.000364126912860252
2012-08-21,0.0006752606961422103
2012-08-22,0.004259901050090775
2012-08-23,0.0010059028751934207
2012-08-24,-0.0002327479476896821
2012-08-27,0.001275998264028022
2012-08-28,0.0004162553095428123
2012-08-29,-0.0006228513614019437
2012-08-30,0.0011329707314180482
2012-08-31,0.0036822067606105957
2012-09-04,-0.000830081022625162
2012-09-05,-0.0005817425837241208
2012-09-06,-0.003988317793130025
2012-09-07,7.36217278625162e-05
2012-09-10,0.00023290568113454313
2012-09-11,-0.0010275095320461114
2012-09-12,-0.00275940220693649
2012-09-13,0.0006982855644594999
2012-09-14,-0.00565295103655894
2012-09-17,0.0017455663505498986
2012-09-18,0.0013029475062606988
2012-09-19,0.0013242299994784545
2012-09-20,0.00026145615362005437
2012-09-21,0.0008234363990125004
2012-09-24,0.0014915592359823204
2012-09-25,0.0019248964313753891
2012-09-26,0.002440103760586787
2012-09-27,-0.001265606960191179
2012-09-28,0.00034018276386649227
2012-10-01,0.0009347078924450969
2012-10-02,-0.0004716858538749147
2012-10-03,0.00033647156657545807
2012-10-04,-0.002435140134474323
2012-10-05,-0.002923890415515662
2012-10-08,0.0018681943685354696
2012-10-09,-0.0007879319649424232
2012-10-10,0.0013454663301444292
2012-10-11,0.0008909360801836463
2012-10-12,0.0004906344818642605
2012-10-15,-0.0002838743162468793
2012-10-16,-0.0027898148723340954
2012-10-17,-0.003158917948435369
2012-10-18,-0.001057253381920531
2012-10-19,0.0025773051163480165
2012-10-22,-0.0018468236127103799
2012-10-23,0.0031097641122317388
2012-10-24,-0.001688028345191217
2012-10-25,-0.0018016046149791354
2012-10-26,0.0034821136821381327
2012-10-31,0.0021621663804374247
2012-11-01,-0.0015541008262935918
2012-11-02,0.00010617935391166178
2012-11-05,0.0012894641703233845
2012-11-06,-0.002525325857207328
2012-11-07,0.00482056485290161
2012-11-08,0.0028325657224956835
2012-11-09,0.00014128789054534963
2012-11-12,0.0003645080461194272
2012-11-13,0.0007713192061038487
2012-11-14,0.00032243473029214265
2012-11-15,-0.00034116348119195283
2012-11-16,0.00010476489406796574
2012-11-19,-0.001255908533249639
2012-11-20,-0.002411517304814259
2012-11-21,-0.000571572238337148
2012-11-23,-0.00026456827723342347
2012-11-26,0.0009100722095962688
2012-11-27,0.001164204065507768
2012-11-28,0.0003122332384715154
2012-11-29,0.00032140551740744705
2012-11-30,-0.00026125936044452125
2012-12-03,4.5299753316685454e-05
2012-12-04,0.0011022576883079616
2012-12-05,0.00034209268856555397
2012-12-06,0.0003821412421423087
2012-12-07,-0.001783678105978459
2012-12-10,0.0007172490747702209
2012-12-11,-0.0013410280177791334
2012-12-12,-0.0024982883809729906
2012-12-13,-0.0005093213982313438
2012-12-14,0.001548951367104312
2012-12-17,-0.0032072955951895077
2012-12-18,-0.002523424394678231
2012-12-19,0.0008845601928635372
2012-12-20,0.00013922747981975903
2012-12-21,0.0019439739245461496
2012-12-24,-0.0004826659922261278
2012-12-26,0.0009750898547380427
2012-12-27,0.0011569508721809285
2012-12-28,0.0012581139953289355
2012-12-31,-0.0032951059592299936
2013-01-02,-0.0028144577970014018
2013-01-03,-0.0028972189838378792
2013-01-04,0.0005977721022421001
2013-01-07,0.00021075291772554294
2013-01-08,0.001455570456113886
2013-01-09,0.000289384905719281
2013-01-10,-0.001216965570146722
2013-01-11,0.0017715647175953197
2013-01-14,-0.00038789681208917237
2013-01-15,0.0012602459738493277
2013-01-16,0.0006009744196773248
2013-01-17,-0.002444430955543586
2013-01-18,0.0016118592558476141
2013-01-22,0.0005863118919982035
2013-01-23,-1.0008851843434918e-05
2013-01-24,-0.0008549861552423765
2013-01-25,-0.0036442041250037693
2013-01-28,-0.001193782630514062
2013-01-29,-0.0009257470350747532
2013-01-30,0.00021629029786218723
2013-01-31,0.0008036184887696418
2013-02-01,-0.002358477694503258
2013-02-04,0.003156400339775267
2013-02-05,-0.0019733526647313093
2013-02-06,0.0018705599745123536
2013-02-07,-8.28787146794907e-05
2013-02-08,0.0006862872380790641
2013-02-11,-0.0006009777907634017
2013-02-12,-0.000703943017061226
2013-02-13,-0.001940436482872232
2013-02-14,0.002257963893609105
2013-02-15,-0.0005059092236843199
2013-02-19,-0.0010538794925636363
2013-02-20,0.0009551298904384442
2013-02-21,0.0013953657911007777
2013-02-22,0.0004373211657877629
2013-02-25,0.00444515160573955
2013-02-26,-0.0010148794700890473
2013-02-27,-0.0004418371645965591
2013-02-28,0.0005419666043551263
2013-03-01,0.0014354256123096931
2013-03-04,-0.0012999419967335557
2013-03-05,-0.0006655744794260565
2013-03-06,-0.0019252206338529199
2013-03-07,-0.0020532352673894305
2013-03-08,-0.0024705486619175376
2013-03-11,0.00016236165741245756
2013-03-12,0.0016642926738359431
2013-03-13,-0.0004975849180353098
2013-03-14,-0.00021193024082821754
2013-03-15,0.0017135603568214641
2013-03-18,0.001871768918680683
2013-03-19,0.001521400713470955
2013-03-20,-0.002324538010716082
2013-03-21,0.0018042252663530434
2013-03-22,4.546518151560264e-05
2013-03-25,0.00013166892550398046
2013-03-26,0.0004974375621629168
2013-03-27,0.0022741775963976973
2013-03-28,-0.0009927756325109893
2013-04-01,0.0016019735684060787
2013-04-02,-0.0009914223352984752
2013-04-03,0.0020827674412136066
2013-04-04,0.002609643162325259
2013-04-05,0.0029905657759421445
2013-04-08,-0.0019005192674053095
2013-04-09,-0.0001411101813160176
2013-04-10,-0.0026542125785601334
2013-04-11,0.000528131584904834
2013-04-12,0.0032495143946389415
2013-04-15,0.001627095951795443
2013-04-16,-0.0017059153759934054
2013-04-17,0.0012356507284647655
2013-04-18,0.000417968117992773
2013-04-19,-0.0003842435757313023
2013-04-22,0.0003119097824255679
2013-04-23,-0.0006247765959872531
2013-04-24,0.00046903755811067427
2013-04-25,-0.0008474229060253524
2013-04-26,0.0021628825542736596
2013-04-29,-0.0003463569538868505
2013-04-30,-6.710777194685047e-05
2013-05-01,0.0021627161176420717
2013-05-02,-0.0001999006518783597
2013-05-03,-0.005127297608269243
2013-05-06,-0.0006305378914145399
2013-05-07,-0.0007961544180410396
2013-05-08,0.0005854831137006578
2013-05-09,-0.00037799213188383085
2013-05-10,-0.0028078095099747236
2013-05-13,-0.0014117783185390032
2013-05-14,-0.0022392367946106884
2013-05-15,0.0014897022193469667
2013-05-16,0.0025580131605313916
2013-05-17,-0.0029736903583308383
2013-05-20,-0.00026537021043038234
2013-05-21,0.001530941253025997
2013-05-22,-0.004005562896984283
2013-05-23,0.000901918546631908
2013-05-24,9.797786203002978e-05
2013-05-28,-0.00633777992173068
2013-05-29,0.0022600732536346424
2013-05-30,-5.736641936793241e-05
2013-05-31,-0.0012047134094370637
2013-06-03,0.0011204650288829665
2013-06-04,-0.0016926265998451484
2013-06-05,0.0028967467461071816
2013-06-06,0.00023765771481309983
2013-06-07,-0.00419482949466643
2013-06-10,-0.001428547621697307
2013-06-11,0.0018449999434642095
2013-06-12,-0.0028366559569246164
2013-06-13,0.004089267667383156
2013-06-14,0.0005903044067494534
2013-06-17,-0.0012351189983587085
2013-06-18,-0.00011911775470829777
2013-06-19,-0.005842626409670371
2013-06-20,-0.0030362229092985027
2013-06-21,-0.0052880635011705035
2013-06-24,-0.0006141712947322908
2013-06-25,-0.0012790338658463796
2013-06-26,0.0020991688378857454
2013-06-27,0.0029353860774647966
2013-06-28,0.00024413278382717785
2013-07-01,0.0005751219530454321
2013-07-02,-4.1629088876393716e-05
2013-07-03,-0.0016864206273558002
2013-07-05,-0.01730657478659481
2013-07-08,0.005369672997908248
2013-07-09,0.0008574567088064367
2013-07-10,-0.0037562608727357283
2013-07-11,0.00746226560979335
2013-07-12,-0.0007366187770987409
2013-07-15,0.002950169989501372
2013-07-16,0.0013288896802905459
2013-07-17,0.0021999502682268357
2013-07-18,-0.0057287160979409
2013-07-19,0.0071800315870829134
2013-07-22,0.0004515644192362167
2013-07-23,-0.001821941308276842
2013-07-24,-0.0065938338956049725
2013-07-25,0.0005707549607136819
2013-07-26,0.0023476911254975974
2013-07-29,-0.0031309355686036655
2013-07-30,-0.00018057058635290169
2013-07-31,0.001420166287775082
2013-08-01,-0.009407494694194551
2013-08-02,0.006746967312826202
2013-08-05,-0.0036662927406818646
2013-08-06,0.00103702209668044
2013-08-07,0.003785130607506959
2013-08-08,0.0014014270154918407
2013-08-09,0.000683177938670898
2013-08-12,-0.0029406330353376475
2013-08-13,-0.008010983842577812
2013-08-14,0.0008041561615284021
2013-08-15,-0.006461854996078431
2013-08-16,-0.002402862101909542
2013-08-19,-0.004386168848522165
2013-08-20,0.004420748532300456
2013-08-21,-0.00590611991813994
2013-08-22,0.0030860036485722553
2013-08-23,0.005457212064541084
2013-08-26,0.0024395256836555745
2013-08-27,0.006241448012505479
2013-08-28,-0.004262857754296578
2013-08-29,0.0030732763781036176
2013-08-30,-0.0009662468200442031
2013-09-03,-0.006737716527832727
2013-09-04,-0.0017836101225272571
2013-09-05,-0.00425593333441554
2013-09-06,0.002882314569568889
2013-09-09,0.0007949965270803716
2013-09-10,-0.0022945406662906453
2013-09-11,0.0026751880348536705
2013-09-12,-0.00010469688491854257
2013-09-13,0.0007767668092493185
2013-09-16,0.00042804773144466957
2013-09-17,0.0016323466145851118
2013-09-18,0.005738679727404383
2013-09-19,-0.0018489818923445034
2013-09-20,0.0008957743199478063
2013-09-23,0.002013035961960341
2013-09-24,0.0022619638100898065
2013-09-25,0.001254724329812884
2013-09-26,-0.0016487117917445282
2013-09-27,0.0010182749189182605
2013-09-30,0.000495030786907158
2013-10-01,-0.0011382612151269456
2013-10-02,0.0011004017015971979
2013-10-03,-7.678346058059837e-05
2013-10-04,-0.0012864777731089738
2013-10-07,0.0016502050882785113
2013-10-08,-0.0003453172913060465
2013-10-09,-0.0031461362590851083
2013-10-10,-0.0001853853810354078
2013-10-11,0.00039728373100977876
2013-10-14,-0.003917854410368515
2013-10-15,-3.649150200590867e-05
2013-10-16,0.00588585334524927
2013-10-17,0.005043071079548822
2013-10-18,0.0007537669347470466
2013-10-21,-0.0012935666966704673
2013-10-22,0.006323909503749059
2013-10-23,0.00177501492313481
2013-10-24,-0.0020248253890745582
2013-10-25,0.0019085206927089704
2013-10-28,-0.0013969255198051922
2013-10-29,0.000890408474900628
2013-10-30,-0.0028980379044911686
2013-10-31,0.00036747825254423994
2013-11-01,-0.005607631802226565
2013-11-04,0.0011064822860642476
2013-11-05,-0.007324566165499258
2013-11-06,0.0012025881986466036
2013-11-07,0.005057121096864625
2013-11-08,-0.01553085482933969
2013-11-11,-0.0019665258641429206
2013-11-12,0.001982856886558526
2013-11-13,0.003071936947027565
2013-11-14,0.004630389773472299
2013-11-15,0.0007595206247204
2013-11-18,0.004149469924611182
2013-11-19,-0.004970616642938852
2013-11-20,-0.010084591763915185
2013-11-21,0.001180793521494472
2013-11-22,0.005417248758082804
2013-11-25,0.001666379550686825
2013-11-26,0.0025326136292807
2013-11-27,-0.00153526470728238
2013-11-29,-1.1511142970266341e-05
2013-12-02,-0.005277278110307759
2013-12-03,0.0024200017318949385
2013-12-04,-0.006188252724495413
2013-12-05,-0.0021291682373281162
2013-12-06,0.0025826247322802143
2013-12-09,0.0015222903838523205
2013-12-10,0.004907048358909538
2013-12-11,-0.005083631616955908
2013-12-12,-0.0028244706196225433
2013-12-13,0.0029258335568020932
2013-12-16,-0.001990849844514364
2013-12-17,0.003235665129512233
2013-12-18,-0.0036466675601867227
2013-12-19,-0.0018566572397495928
2013-12-20,0.008546997373714671
2013-12-23,-0.0038190618309710267
2013-12-24,-0.005252531782969694
2013-12-26,-0.002209872635421606
2013-12-27,-0.0015046741023672094
2013-12-30,0.004292888795460081
2013-12-31,-0.004568654818640772
2014-01-02,0.002788543534486987
2014-01-03,-0.00025150177344901437
2014-01-06,0.0029718572320684977
2014-01-07,0.0017494397337360912
2014-01-08,-0.0030216730771341904
2014-01-09,0.0037608444691497045
2014-01-10,0.008693533412234444
2014-01-13,0.003417658583785732
2014-01-14,-0.003480356768392756
2014-01-15,-0.0008680856280249838
2014-01-16,0.004260847585718874
2014-01-17,0.002826776453848545
2014-01-21,3.615326094741356e-05
2014-01-22,-0.002166848943126909
2014-01-23,0.00936040283439854
2014-01-24,0.004556971037916968
2014-01-27,-0.0044832111278213516
2014-01-28,0.0016778053041774932
2014-01-29,0.005725894351168437
2014-01-30,-0.0017788911391259932
2014-01-31,0.00466724251989481
2014-02-03,0.007884314520965496
2014-02-04,-0.004504373360176506
2014-02-05,-0.004428074899430978
2014-02-06,-0.0019983229412163794
2014-02-07,0.0012437761915540246
2014-02-10,0.0010078052862994014
2014-02-11,-0.003460085646604827
2014-02-12,-0.0026460054329564553
2014-02-13,0.0036390185006520692
2014-02-14,-4.496157776956444e-05
2014-02-18,0.001680340788943635
2014-02-19,-0.0021602423999576015
2014-02-20,-0.0011238448131772882
2014-02-21,0.002197374665361407
2014-02-24,-0.0011605197288470093
2014-02-25,0.004041093721979028
2014-02-26,0.002892545109157707
2014-02-27,0.0021596055654282686
2014-02-28,-0.00014210442737105922
2014-03-03,0.00405631242302551
2014-03-04,-0.00785120118811633
2014-03-05,0.0011878129094762269
2014-03-06,-0.004897400205200797
2014-03-07,-0.003754644541553942
2014-03-10,0.0008680965716183486
2014-03-11,0.0011972925621526187
2014-03-12,0.003726737966432747
2014-03-13,0.006607754947063338
2014-03-14,1.5047106979082514e-05
2014-03-17,-0.00393602418767991
2014-03-18,0.002096307562521771
2014-03-19,-0.006229964188471326
2014-03-20,-0.00048150045738859504
2014-03-21,0.004249976772308095
2014-03-24,0.002343533218387206
2014-03-25,-0.0014156057615377637
2014-03-26,0.004256485510782726
2014-03-27,0.0019703680440341653
2014-03-28,-0.0030631472539395244
2014-03-31,-0.0005977299128433478
2014-04-01,-0.00374047721041737
2014-04-02,-0.0020904581253566867
2014-04-03,0.0007870976268868901
2014-04-04,0.0030042007020061323
2014-04-07,0.0013823617300758873
2014-04-08,0.0007238295886924373
2014-04-09,-0.0003035569588060172
2014-04-10,0.0025555660924516665
2014-04-11,0.0013674047045164617
2014-04-14,-0.0008076719775231833
2014-04-15,0.00098819026296737
2014-04-16,-0.0005529179702754572
2014-04-17,-0.0029690213887340056
2014-04-21,-0.00014182977941057384
2014-04-22,-6.015725374719505e-05
2014-04-23,0.001632243440074177
2014-04-24,-3.652200360915181e-05
2014-04-25,0.0006300261209981617
2014-04-28,-0.0009390182878719067
2014-04-29,5.64771999349567e-05
2014-04-30,0.0016437997953240302
2014-05-01,0.001970528936261262
2014-05-02,0.000984138074910268
2014-05-05,-0.0007108959364755529
2014-05-06,0.0005394061021655183
2014-05-07,9.093728264097933e-05
2014-05-08,3.552170521614606e-05
2014-05-09,-0.0003425613723132548
2014-05-12,-0.0013339766899965744
2014-05-13,0.002243961722522725
2014-05-14,0.0026658892581288285
2014-05-15,0.0019502772228097154
2014-05-16,-0.0008540468214476293
2014-05-19,-0.0009831417689643018
2014-05-20,0.001167470538825599
2014-05-21,-0.0010787711785041898
2014-05-22,-0.0006045842812791857
2014-05-23,0.0010052686462236338
2014-05-27,0.0008146949370924084
2014-05-28,0.0030449781400267995
2014-05-29,-0.0009872748583487079
2014-05-30,-0.00013654217762704146
2014-06-02,-0.0025363347236454503
2014-06-03,-0.0028825248318499197
2014-06-04,-4.628377376358905e-05
2014-06-05,0.0005525078960737506
2014-06-06,-0.0003748384192402421
2014-06-09,-0.0010058562213037803
2014-06-10,-0.0010314819761828575
2014-06-11,0.0008005670882214044
2014-06-12,0.0022593902650753783
2014-06-13,-0.0009904376690900163
2014-06-16,0.0001062385211068051
2014-06-17,-0.0025395354426324124
2014-06-18,0.002840460662026034
2014-06-19,-0.00210585819506659
2014-06-20,0.0010969949285959402
2014-06-23,-0.0005149545498498442
2014-06-24,0.0024423482861237744
2014-06-25,0.0006189767352582365
2014-06-26,0.0014043917428854247
2014-06-27,-7.887281775142974e-06
2014-06-30,0.0005509581289067089
2014-07-01,-0.0020709511999570385
2014-07-02,-0.002504680667609671
2014-07-03,-0.0010408038089081417
2014-07-07,0.0013119538066739267
2014-07-08,0.0026294243698790076
2014-07-09,0.00020860009706313853
2014-07-10,0.0009512029559206603
2014-07-11,0.0012756424062887461
2014-07-14,-0.0011730271999556008
2014-07-15,-0.0007497665399134323
2014-07-16,0.0008988937173799449
2014-07-17,0.0035114103007827246
2014-07-18,-0.00143082477782841
2014-07-21,0.0006640488208615736
2014-07-22,0.0005893812567681067
2014-07-23,4.9862064480654666e-05
2014-07-24,-0.0021900933211427276
2014-07-25,0.0024301266737425387
2014-07-28,-0.0007710441363124598
2014-07-29,0.0009187073054521822
2014-07-30,-0.0038216831922464056
2014-07-31,-0.00010612822420486001
2014-08-01,0.003308568696168912
2014-08-04,-8.817861080778755e-05
2014-08-05,0.0004678263316495457
2014-08-06,0.00046384318461534235
2014-08-07,0.0025766824739441585
2014-08-08,-0.00083024268598475
2014-08-11,-0.00015324338346422994
2014-08-12,-0.0010863640783128625
2014-08-13,0.0019203778520107129
2014-08-14,0.0015567991634319878
2014-08-15,0.0023141147186116484
2014-08-18,-0.001963273469036797
2014-08-19,-0.0006297343851873194
2014-08-20,-0.001624071373032332
2014-08-21,0.0012011399550966306
2014-08-22,0.00045287682496542025
2014-08-25,0.00040029433563271155
2014-08-26,-0.00017507108640668623
2014-08-27,0.0018455902597389606
2014-08-28,0.001081982916428803
2014-08-29,0.00037951919296497216
2014-09-02,-0.004210858727868416
2014-09-03,0.0011314661325272368
2014-09-04,-0.0023600758757784668
2014-09-05,0.00011080820203468456
2014-09-08,-0.0006303493773822666
2014-09-09,-0.0011253019369447115
2014-09-10,-0.0013079305809389208
2014-09-11,-0.0006322678586079267
2014-09-12,-0.0023052198826361003
2014-09-15,0.0009843592703686621
2014-09-16,-0.00012682791161200413
2014-09-17,-0.0016470471793452734
2014-09-18,0.00017908118690845853
2014-09-19,0.002305035841675851
2014-09-22,0.001186568211404282
2014-09-23,0.0013905316838254134
2014-09-24,-0.0016025910428123513
2014-09-25,0.003046765447062283
2014-09-26,-0.0010654055702081777
2014-09-29,0.0018944221073655676
2014-09-30,-0.0009671786370542002
2014-10-01,0.0050890259458915565
2014-10-02,-0.001833833698111964
2014-10-03,-0.0002315980037895793
2014-10-06,0.001118276651568939
2014-10-07,0.0034569751042023977
2014-10-08,0.0017234629765290332
2014-10-09,-0.0009534344706954023
2014-10-10,0.002453393011579985
2014-10-13,0.002398838965668837
2014-10-14,0.0016136405727618097
2014-10-15,0.0032856769730107427
2014-10-16,-0.001824403901622751
2014-10-17,-0.0018014055151003294
2014-10-20,0.001147585343137525
2014-10-21,-0.0017776517790861757
2014-10-22,-0.00011697079395212029
2014-10-23,-0.0024333982287662037
2014-10-24,0.0004994612163551349
2014-10-27,0.0004990702858345131
2014-10-28,-0.001513353155423891
2014-10-29,-0.0015503227212670945
2014-10-30,0.0006117459634802369
2014-10-31,-0.0008894186022038175
2014-11-03,-0.00018909310402404067
2014-11-04,0.00021151762710758248
2014-11-05,-0.0001987078250795804
2014-11-06,-0.0017053957844196388
2014-11-07,0.00349219466959938
2014-11-10,-0.002576287270209421
2014-11-11,2.526064846586351e-05
2014-11-12,1.4486066032048939e-05
2014-11-13,0.0008643576917637397
2014-11-14,0.001400153296772233
2014-11-17,-0.0006652848911838927
2014-11-18,0.0005493998048509141
2014-11-19,-0.0015089139484464331
2014-11-20,0.0012070716898109346
2014-11-21,0.001346280138250222
2014-11-24,0.0004970931467132012
2014-11-25,0.0016512322876576224
2014-11-26,0.0008592753237943729
2014-11-28,0.0021818100171175914
2014-12-01,-0.0013433465880294815
2014-12-02,-0.00265839073159968
2014-12-03,0.00021763023960619243
2014-12-04,0.002240249539235295
2014-12-05,-0.0033913933863257695
2014-12-08,0.002147764687824294
2014-12-09,0.0018399438783174293
2014-12-10,0.00259715595576937
2014-12-11,-0.00037290939207512697
2014-12-12,0.0044139554488493715
2014-12-15,-0.0017332901957408664
2014-12-16,0.003153105793779032
2014-12-17,-0.0035813447282425637
2014-12-18,-0.0038892971350460437
2014-12-19,0.0020534274312069556
2014-12-22,0.0002809674682371366
2014-12-23,-0.0051746756349575485
2014-12-24,0.0010761272338863925
2014-12-26,0.0005657419224025517
2014-12-29,0.002357136561720541
2014-12-30,0.0008319399088991819
2014-12-31,0.00032553344449048893
2015-01-02,0.003315681818692351
2015-01-05,0.003401158483508082
2015-01-06,0.004127486041647366
2015-01-07,2.303039716755606e-05
2015-01-08,-0.002656629817293199
2015-01-09,0.0030900621582232723
2015-01-12,0.0019976756560065034
2015-01-13,0.0006305440115199623
2015-01-14,0.002521207387666813
2015-01-15,0.00511567518849243
2015-01-16,-0.004124059641423816
2015-01-20,0.0017851210635466686
2015-01-21,-0.0026474052661381586
2015-01-22,-0.0013323191368316278
2015-01-23,0.003692238342996035
2015-01-26,-0.0013598563792340812
2015-01-27,0.0009291362024683725
2015-01-28,0.004451267595296127
2015-01-29,-0.0019791048598249983
2015-01-30,0.005213707613458407
2015-02-02,-0.0009690892138404239
2015-02-03,-0.005141846243772563
2015-02-04,0.0007318026620295459
2015-02-05,-0.002388364342104321
2015-02-06,-0.006493311912292965
2015-02-09,-0.0003646820520968319
2015-02-10,-0.0016550907751217148
2015-02-11,0.00013848751519951463
2015-02-12,7.838580781127646e-06
2015-02-13,-0.0019769937178725216
2015-02-17,-0.003819479019421812
2015-02-18,0.0026951543233777464
2015-02-19,-0.001729348169897671
2015-02-20,3.5216757394263e-05
2015-02-23,0.0027253299444367496
2015-02-24,0.003712221417244699
2015-02-25,0.0006887880921664369
2015-02-26,-0.0036481830110393076
2015-02-27,0.002064804669063003
2015-03-02,-0.004487118499864273
2015-03-03,-0.0011513440456089041
2015-03-04,0.0003987983763384939
2015-03-05,0.0002561287848334981
2015-03-06,-0.005906581843301173
2015-03-09,0.0025768660337965876
2015-03-10,0.0027106168554369425
2015-03-11,0.0012610617649675415
2015-03-12,0.0003520267374537145
2015-03-13,-0.000685926102458434
2015-03-16,0.0020735821014257194
2015-03-17,0.001309629867104256
2015-03-18,0.006818772303444076
2015-03-19,-0.0027155978899733313
2015-03-20,0.0021910187289992944
2015-03-23,0.0004758834556803926
2015-03-24,0.0021208645892474287
2015-03-25,-0.0023187190896793997
2015-03-26,-0.003579897404409893
2015-03-27,0.0027879027600745676
2015-03-30,-0.0006062338206904716
2015-03-31,0.001492197437646725
2015-04-01,0.0030365691091882585
2015-04-02,-0.0019858082790131792
2015-04-06,0.0003294063889909271
2015-04-07,0.0006503027393038874
2015-04-08,-0.0002458230405266715
2015-04-09,-0.002715877912210618
2015-04-10,-8.075153707565175e-05
2015-04-13,0.0011010967153535223
2015-04-14,0.001867249621471112
2015-04-15,8.241062398228749e-05
2015-04-16,1.1271047571037585e-05
2015-04-17,0.0014537799344902513
2015-04-20,-0.001499580627600805
2015-04-21,-0.0010116812613494286
2015-04-22,-0.0037391371395218975
2015-04-23,0.0016183992728862062
2015-04-24,0.0018742327843905837
2015-04-27,-0.0005409160425009496
2015-04-28,-0.003018480279977531
2015-04-29,-0.0022263471994248274
2015-04-30,1.2785138886917125e-05
2015-05-01,-0.0031781605363659926
2015-05-04,-0.0015613930701660061
2015-05-05,-0.0007857194717965088
2015-05-06,-0.0033750620783045138
2015-05-07,0.002372344562672879
2015-05-08,0.00227421800387706
2015-05-11,-0.005925128753216269
2015-05-12,0.0005494724296257747
2015-05-13,-0.0008902980214295919
2015-05-14,0.0018492820639366414
2015-05-15,0.004085048074420117
2015-05-18,-0.004028168098480944
2015-05-19,-0.0025423019889272425
2015-05-20,0.0010274768507700927
2015-05-21,0.0033443364722229862
2015-05-22,-0.001061877821084245
2015-05-26,0.0036029427277299853
2015-05-27,0.00012839012243226477
2015-05-28,0.0003220324037807032
2015-05-29,0.0005281276258064516
2015-06-01,-0.0027645356347401062
2015-06-02,-0.0035546776851471673
2015-06-03,-0.004353693935247205
2015-06-04,0.0027960790346597264
2015-06-05,-0.003928798815504231
2015-06-08,0.0006760796177891493
2015-06-09,-0.0020274863102296425
2015-06-10,-0.0021347571331228332
2015-06-11,0.0045185840187162984
2015-06-12,-0.00031340321253992
2015-06-15,0.0011547157042490763
2015-06-16,0.002125287075296134
2015-06-17,-0.0001664333533306639
2015-06-18,-0.0005661935158559617
2015-06-19,0.0029860202627038923
2015-06-22,-0.004956899364518819
2015-06-23,-0.0016357033503112683
2015-06-24,0.002003006743177549
2015-06-25,-0.0012231664520507834
2015-06-26,-0.0028715476012246555
2015-06-29,0.00700425517213743
2015-06-30,-0.0015022849433105057
2015-07-01,-0.00338843357196128
2015-07-02,0.0023133652396172266
2015-07-06,0.004120148706928006
2015-07-07,0.0016837237796090143
2015-07-08,0.002713870633766824
2015-07-09,-0.004554039690759404
2015-07-10,-0.004256067497430793
2015-07-13,-0.0013972789638698746
2015-07-14,0.0015602068241145073
2015-07-15,0.0024214255858021616
2015-07-16,0.00030099529523219815
2015-07-17,0.000412505444117528
2015-07-20,-0.0013831493057231414
2015-07-21,0.0014530551294176242
2015-07-22,0.000937861613508506
2015-07-23,0.002580317881174521
2015-07-24,0.0006826349415014477
2015-07-27,0.001974965018120667
2015-07-28,-0.0017541219436918443
2015-07-29,-0.0009533477779278821
2015-07-30,0.0008589814300974385
2015-07-31,0.003168257092532434
2015-08-03,0.0022185292895782194
2015-08-04,-0.003260093277113185
2015-08-05,-0.0018337544799619243
2015-08-06,0.0020674601471968312
2015-08-07,0.0022083788663169734
2015-08-10,-0.0024868134148576804
2015-08-11,0.004341212709300102
2015-08-12,-0.0006622842645116478
2015-08-13,-0.0016064499732970638
2015-08-14,-0.00035848591901110893
2015-08-17,0.0013442528768867756
2015-08-18,-0.001342783841600026
2015-08-19,0.0033875291711389366
2015-08-20,0.001621263719395527
2015-08-21,0.0021470064394457644
2015-08-24,0.0007526592760807027
2015-08-25,-0.003563695720619431
2015-08-26,-0.004142567023346588
2015-08-27,-4.17231835353471e-05
2015-08-28,6.515034372478468e-05
2015-08-31,-0.001481793025609468
2015-09-01,0.002271941722351567
2015-09-02,-0.0015348489844086988
2015-09-03,0.0012166666891821887
2015-09-04,0.0019091239558262085
2015-09-08,-0.0030124436873568694
2015-09-09,0.0004467945000106166
2015-09-10,-0.0011357894409921299
2015-09-11,0.0016260448110758663
2015-09-14,0.00029549077688506564
2015-09-15,-0.005122129840821277
2015-09-16,-0.000526830773007525
2015-09-17,0.005037326751820004
2015-09-18,0.0032082530630410666
2015-09-21,-0.0036916076227773154
2015-09-22,0.0032174211160302946
2015-09-23,-0.0005570713446576558
2015-09-24,0.001481985520510376
2015-09-25,-0.0019333621277595192
2015-09-28,0.003841392200784499
2015-09-29,0.0016024913229528703
2015-09-30,-0.00015350549208625885
2015-10-01,0.000664684222965839
2015-10-02,0.0029001605458098823
2015-10-05,-0.00344830813416952
2015-10-06,0.0009702529580801755
2015-10-07,-0.0012234037041070067
2015-10-08,-0.0017541253036316151
2015-10-09,0.0004266756703488195
2015-10-12,0.0016152309406991527
2015-10-13,0.000660160916680308
2015-10-14,0.003361457619349917
2015-10-15,-0.0018688810835819636
2015-10-16,-0.0004996804547082734
2015-10-19,-0.00020179072637449558
2015-10-20,-0.0019951136859118757
2015-10-21,0.0022297046458579217
2015-10-22,0.0006867313905516426
2015-10-23,-0.003042891326563102
2015-10-26,0.0014432674791629019
2015-10-27,0.001213905526891379
2015-10-28,-0.0027356639658515647
2015-10-29,-0.003856808625866015
2015-10-30,0.0013343536246266385
2015-11-02,-0.0016637984298322195
2015-11-03,-0.0016792186944427634
2015-11-04,-0.0008336716048151782
2015-11-05,-0.00046058041067209565
2015-11-06,-0.004057406872664093
2015-11-09,-0.0012058329216839692
2015-11-10,0.0011425073473991798
2015-11-11,-0.0004907504495630377
2015-11-12,0.0008546484520846054
2015-11-13,0.002194401275236846
2015-11-16,0.00030532520694381837
2015-11-17,-0.00013321251175379967
2015-11-18,-0.00014897440361072434
2015-11-19,0.0011675975214051615
2015-11-20,-0.0006999007013230862
2015-11-23,0.0006294396167005889
2015-11-24,0.00027430609058121114
2015-11-25,0.000470679506435534
2015-11-27,0.00035364957254602203
2015-11-30,0.0002948719589737081
2015-12-01,0.0033058794859497365
2015-12-02,-0.0013059211666547332
2015-12-03,-0.0058730734540236584
2015-12-04,0.0021070610635616216
2015-12-07,0.001845730087693953
2015-12-08,0.000147593534424173
2015-12-09,0.0005578492287585668
2015-12-10,-0.0008730560758113404
2015-12-11,0.004676241923724289
2015-12-14,-0.0042259541183318206
2015-12-15,-0.0014194686846302762
2015-12-16,-0.001501550863784229
2015-12-17,0.0023652834352312357
2015-12-18,0.002409564258332386
2015-12-21,4.5943977728502006e-05
2015-12-22,-0.0017116589107365465
2015-12-23,-0.0016405812134382414
2015-12-24,0.001352182607918806
2015-12-28,-4.5205536443049255e-06
2015-12-29,-0.0033846487613193865
2015-12-30,0.00015796468410167464
2015-12-31,0.0004974070121437357
2016-01-04,0.002772336457079305
2016-01-05,-0.0008429759141704851
2016-01-06,0.00351054372019588
2016-01-07,0.001042398051818605
2016-01-08,0.0016368609367287679
2016-01-11,-0.0018506495855071803
2016-01-12,0.0028683579619268595
2016-01-13,0.0025316740866958565
2016-01-14,-0.0014312196778776265
2016-01-15,0.003474877096246942
2016-01-19,-0.0007793381974556812
2016-01-20,0.0029821423740405972
2016-01-21,-0.0015231452403851042
2016-01-22,-0.0012726544108252469
2016-01-25,0.0015621577862832137
2016-01-26,0.0005536827049312798
2016-01-27,0.00033935209358482155
2016-01-28,0.0005372705620008134
2016-01-29,0.0031895646443420578
2016-02-01,-0.0013295266254160776
2016-02-02,0.004758636834878205
2016-02-03,-0.0010295695543970362
2016-02-04,0.0013430089625399155
2016-02-05,0.0003617871664947092
2016-02-08,0.005129434220590978
2016-02-09,-4.6223795909572374e-05
2016-02-10,0.0018073496151731483
2016-02-11,0.00267514423976678
2016-02-12,-0.004734716644597237
2016-02-16,-0.0023376865250342993
2016-02-17,-0.0012260434588594604
2016-02-18,0.0031374805692354624
2016-02-19,-0.00047459656384418736
2016-02-22,-0.0002855613225516418
2016-02-23,0.0010865529955375042
2016-02-24,-6.292774523752875e-05
2016-02-25,0.001408817724665612
2016-02-26,-0.0032340552352385643
2016-02-29,0.0012902214975099024
2016-03-01,-0.004958140446169379
2016-03-02,-0.00017833885533646843
2016-03-03,0.0009343344917751573
2016-03-04,-0.0020825673863932304
2016-03-07,-0.0010598982337406415
2016-03-08,0.003263437237536415
2016-03-09,-0.0020035881376482267
2016-03-10,-0.001552933199982176
2016-03-11,-0.002433616072643252
2016-03-14,0.0005332122039745091
2016-03-15,0.0002520657863795961
2016-03-16,0.003072759324801
2016-03-17,0.0006718061762092109
2016-03-18,0.0008722186576013424
2016-03-21,-0.001690067165182274
2016-03-22,-0.0010080333096407212
2016-03-23,0.002858469004511921
2016-03-24,-0.0005444354367503124
2016-03-28,0.0007118230757341415
2016-03-29,0.004214860084998495
2016-03-30,-0.0014078622385292894
2016-03-31,0.0020879543425176283
2016-04-01,-0.0001684715673745396
2016-04-04,0.0008391704150758628
2016-04-05,0.0025025725859000314
2016-04-06,-0.0015950122889778484
2016-04-07,0.0031399609462487987
2016-04-08,-0.0011004552689998226
2016-04-11,-0.00025430716554875055
2016-04-12,-0.0020290768140763804
2016-04-13,0.0002866351940358225
2016-04-14,-0.0011880151472387634
2016-04-15,0.0021787794217464906
2016-04-18,-0.0008041373057994239
2016-04-19,-0.001013951569083571
2016-04-20,-0.003048169639437215
2016-04-21,-0.0012234762065616023
2016-04-22,-0.0005814228036788993
2016-04-25,-0.0008772096310277755
2016-04-26,-0.0012173945192016644
2016-04-27,0.0030485557446804368
2016-04-28,0.0017990737249145017
2016-04-29,0.0003555422900294314
2016-05-02,-0.002087419532258661
2016-05-03,0.0036756598809752905
2016-05-04,0.0010290815185585167
2016-05-05,0.0017059544109589986
2016-05-06,-0.0012830842338142912
2016-05-09,0.0011726564402321227
2016-05-10,9.349748465425911e-05
2016-05-11,0.00082749121472947
2016-05-12,-0.0016327723648474901
2016-05-13,0.0022024941025020617
2016-05-16,-0.002252326121491399
2016-05-17,-0.00044851683576252466
2016-05-18,-0.00493515738802508
2016-05-19,0.0008803496531295529
2016-05-20,0.0004814957247798457
2016-05-23,0.00034764946672671826
2016-05-24,-0.0013684033083007918
2016-05-25,-0.00016720904286426919
2016-05-26,0.0018084222507659398
2016-05-27,-0.0010750130954275683
2016-05-31,0.0008803459637993782
2016-06-01,-0.00010480636286136491
2016-06-02,0.0021473505332585408
2016-06-03,0.0052073377272896515
2016-06-06,-0.0016823187361065806
2016-06-07,0.0008202650345123796
2016-06-08,0.0010351100474084163
2016-06-09,0.0012572854941521605
2016-06-10,0.0019038831543805035
2016-06-13,0.0011918112530744374
2016-06-14,-8.692973468227283e-05
2016-06-15,0.0020140028884769734
2016-06-16,0.00047393716386623375
2016-06-17,-0.0015989903627791069
2016-06-20,-0.002745414082933828
2016-06-21,-0.0015693645824369495
2016-06-22,0.0009757733889277365
2016-06-23,-0.0028112550550856152
2016-06-24,0.008274905299169522
2016-06-27,0.005528076586448938
2016-06-28,0.0003723763715575146
2016-06-29,-0.002246046534533308
2016-06-30,0.001334330150992491
2016-07-01,0.0024594867240281815
2016-07-05,0.0031781579824183837
2016-07-06,-6.45624684029178e-05
2016-07-07,-0.0006842123252253085
2016-07-08,0.0013273133431885853
2016-07-11,-0.0031093294207468203
2016-07-12,-0.0036506759290652058
2016-07-13,0.0020901383994282874
2016-07-14,-0.0030669463700647714
2016-07-15,-0.0022848308618027557
2016-07-18,0.00018056876352257056
2016-07-19,0.0014301828871652322
2016-07-20,-0.0014395177648542923
2016-07-21,0.0012925431998418446
2016-07-22,-0.0002801727511320129
2016-07-25,-0.0007361439552028282
2016-07-26,0.00041552974871228443
2016-07-27,0.0029421119902153237
2016-07-28,-9.674289718752949e-05
2016-07-29,0.0027540562988355166
2016-08-01,-0.002336727564473229
2016-08-02,-0.001961860322984621
2016-08-03,0.00028823777614661594
2016-08-04,0.0018900173508951124
2016-08-05,-0.0037485566362800427
2016-08-08,-0.00018606202084059387
2016-08-09,0.0024007971312001164
2016-08-10,0.0014701083080868038
2016-08-11,-0.002897479669877523
2016-08-12,0.002332887426664154
2016-08-15,-0.001966058802313486
2016-08-16,-0.000985230686071148
2016-08-17,0.0010774769447374766
2016-08-18,0.0011159575319099613
2016-08-19,-0.00210166853289262
2016-08-22,0.0015793663119043622
2016-08-23,0.00015142406362755878
2016-08-24,-0.0004845121871092095
2016-08-25,-0.00107263844208072
2016-08-26,-0.002296748402467741
2016-08-29,0.002917808885749773
2016-08-30,-0.00034336934884671155
2016-08-31,-0.00027467922096291453
2016-09-01,0.0008627965923886372
2016-09-02,-0.0015937760912753118
2016-09-06,0.0025454119703647304
2016-09-07,8.936876387988235e-05
2016-09-08,-0.003148238280523352
2016-09-09,-0.0032654768606901197
2016-09-12,0.0005333597721226546
2016-09-13,-0.0024258590486903042
2016-09-14,0.0011758590190626972
2016-09-15,0.0001605232090766684
2016-09-16,0.0008171668088994277
2016-09-19,-0.0009707014379594092
2016-09-20,0.0006556027383237684
2016-09-21,0.0014110922930505865
2016-09-22,0.0015236219039900245
2016-09-23,0.0003951755546869329
2016-09-26,0.0018381223234460453
2016-09-27,0.0013037180302684082
2016-09-28,-0.00041921668098343634
2016-09-29,0.0006495112633913003
2016-09-30,-0.0021301301606254652
2016-10-03,-0.0011016533160320696
2016-10-04,-0.0030369828023053547
2016-10-05,-0.001490238383469622
2016-10-06,-0.0011724591533999185
2016-10-07,0.0007119001186048912
2016-10-10,-0.001648661498991788
2016-10-11,-0.0003730710714849872
2016-10-12,9.574615898078065e-05
2016-10-13,0.0012049606725548223
2016-10-14,-0.0024374478609027195
2016-10-17,0.001768047387022742
2016-10-18,0.0011258776717066876
2016-10-19,0.000216223076734412
2016-10-20,-0.0004516393025438825
2016-10-21,0.0006137115968023465
2016-10-24,-0.0010447193208542593
2016-10-25,0.00020304587355823855
2016-10-26,-0.0015236535010865193
2016-10-27,-0.0019484035304060399
2016-10-28,-0.00015939757980631963
2016-10-31,0.0012623936263720381
2016-11-01,2.482113565305255e-05
2016-11-02,0.0016896294540387213
2016-11-03,-0.0008899883928479291
2016-11-04,0.002031599468047096
2016-11-07,-0.002315962686703532
2016-11-08,-0.0021039298531612127
2016-11-09,-0.009564357074412055
2016-11-10,-0.0034290111950353586
2016-11-11,-0.0011437240172871288
2016-11-14,-0.0032188356914536476
2016-11-15,0.0006830931504475668
2016-11-16,0.001061263122021483
2016-11-17,-0.002783281150498307
2016-11-18,-0.0019412910726746002
2016-11-21,0.0004128868298425292
2016-11-22,0.00010272997690918828
2016-11-23,-0.0017870033548451625
2016-11-25,-0.00018324165319860697
2016-11-28,0.0023985097806502598
2016-11-29,0.0007761496527689538
2016-11-30,-0.0037358593385354855
2016-12-01,-0.002405463577034861
2016-12-02,0.002719517219237799
2016-12-05,-0.0002234058538840289
2016-12-06,-0.00010367928384613645
2016-12-07,0.0020707939376374274
2016-12-08,-0.0024024113184287765
2016-12-09,-0.0028590528676240012
2016-12-12,2.9173109433289213e-05
2016-12-13,0.0004551501459058027
2016-12-14,-0.004743729846259259
2016-12-15,-0.0006213774241022874
2016-12-16,0.0004316950683593834
2016-12-19,0.0027353202708952917
2016-12-20,-0.0010584195100383775
2016-12-21,0.0012139549782450576
2016-12-22,-0.0001584522143747158
2016-12-23,0.0004910606062782374
2016-12-27,-0.0010385904900379606
2016-12-28,0.0020363651510013625
2016-12-29,0.001915208523934453
2016-12-30,0.0012543257522088513
2017-01-03,-0.00021047976376808997
2017-01-04,0.0008705020461268198
2017-01-05,0.003941297649986408
2017-01-06,-0.00279467204118089
2017-01-09,0.0024487718235128852
2017-01-10,-0.00042134190342646427
2017-01-11,0.0009667982324006452
2017-01-12,0.0001587716595490285
2017-01-13,-0.0014206670486334172
2017-01-17,0.002994770699330962
2017-01-18,-0.004001578279463236
2017-01-19,-0.0020470205509393047
2017-01-20,0.000297681816304074
2017-01-23,0.003144030225860961
2017-01-24,-0.0021860122689051353
2017-01-25,-0.0028875620641605204
2017-01-26,0.0008066360630147873
2017-01-27,0.0010170149182220367
2017-01-30,-0.00038681366303017217
2017-01-31,0.0018660841261461947
2017-02-01,-0.001400451180466944
2017-02-02,0.00028578702825954316
2017-02-03,-2.5818689885159785e-05
2017-02-06,0.00267607462651287
2017-02-07,0.0011379343691999555
2017-02-08,0.0031643548163753366
2017-02-09,-0.0034610829238156393
2017-02-10,-0.0003291127773511482
2017-02-13,-0.0009163534205177681
2017-02-14,-0.0022397375594453983
2017-02-15,-0.0012482110924971757
2017-02-16,0.0020353440450822102
2017-02-17,0.0018229217895571193
2017-02-21,-0.00024764491891982043
2017-02-22,0.0007948792408181138
2017-02-23,0.0013840167637924061
2017-02-24,0.0027998516269232
2017-02-27,-0.0021740578666795685
2017-02-28,-4.9336461003801624e-05
2017-03-01,-0.00426813351392763
2017-03-02,-0.0018584507191901078
2017-03-03,0.0006889971230712444
2017-03-06,-0.00039271863144429986
2017-03-07,-0.0009453779274736229
2017-03-08,-0.0020407955087159424
2017-03-09,-0.0016957666836481256
2017-03-10,0.0013364148998582515
2017-03-13,-0.0016560130442049292
2017-03-14,0.0007174211551945753
2017-03-15,0.004968941903224611
2017-03-16,-0.0017609574486718849
2017-03-17,0.0017104434600987428
2017-03-20,0.001499476897122154
2017-03-21,0.0021141485618414446
2017-03-22,0.0011137950733455249
2017-03-23,-0.0004556084426460272
2017-03-24,0.0005298320158495518
2017-03-27,0.0014129074146078668
2017-03-28,-0.0019831320641072736
2017-03-29,0.0018116856166074946
2017-03-30,-0.001812723313272424
2017-03-31,0.0009625944803861586
2017-04-03,0.003049242846256517
2017-04-04,-0.001180171068261071
2017-04-05,0.0008713457803064539
2017-04-06,-0.00020406873428702177
2017-04-07,-0.002090487924390927
2017-04-10,0.0012854712654597478
2017-04-11,0.0029041240905796073
2017-04-12,0.0019075393291139164
2017-04-13,0.0014973415287802272
2017-04-17,-0.000859920577680473
2017-04-18,0.003532158602755686
2017-04-19,-0.0016225938396930983
2017-04-20,-0.0011389836993934699
2017-04-21,0.00042408184807340987
2017-04-24,-0.0017542018392048275
2017-04-25,-0.0033295501212446954
2017-04-26,0.0015562515481848394
2017-04-27,0.00037787169173575386
2017-04-28,0.000815352361171584
2017-05-01,-0.0018947196646996733
2017-05-02,0.0013466438029154926
2017-05-03,-0.000980435478703301
2017-05-04,-0.0012434818974615958
2017-05-05,0.0003602318318856046
2017-05-08,-0.001563916939886667
2017-05-09,-0.000632737516946924
2017-05-10,-8.666731121953486e-05
2017-05-11,0.0002978442698655659
2017-05-12,0.0029942038981840557
2017-05-15,-0.0005408546960492533
2017-05-16,0.0007670243284685352
2017-05-17,0.004498704042555035
2017-05-18,-0.0002518611106293589
2017-05-19,0.0002949763330364341
2017-05-22,-0.0008279629202200267
2017-05-23,-0.0016822726073207894
2017-05-24,0.0015423840280091028
2017-05-25,0.00020172988503897038
2017-05-26,0.0002984585178378296
2017-05-30,0.001472646334078842
2017-05-31,0.0004653449599756332
2017-06-01,-0.00025957916375218826
2017-06-02,0.002926139519423776
2017-06-05,-0.001624329742791586
2017-06-06,0.0017108316459495398
2017-06-07,-0.0012529658458120263
2017-06-08,-0.0008821586049919672
2017-06-09,-0.0006456258641888146
2017-06-12,-0.00015914519177995246
2017-06-13,0.00012826998146109325
2017-06-14,0.0033984747238107182
2017-06-15,-0.0009032031716347255
2017-06-16,0.0006514022634644956
2017-06-19,-0.0013355179285786667
2017-06-20,0.0017339022810958227
2017-06-21,0.0002517115185438623
2017-06-22,0.0005742617036637032
2017-06-23,0.000388583055754399
2017-06-26,0.0006356473692372688
2017-06-27,-0.002926588044474432
2017-06-28,-0.0003333622257232216
2017-06-29,-0.002323744868120814
2017-06-30,-0.0009340039882078655
2017-07-03,-0.0018712338870680023
2017-07-05,0.0004645292725171668
2017-07-06,-0.0012505056992925256
2017-07-07,-0.0011473686104871428
2017-07-10,0.0008265620036893573
2017-07-11,0.0007790700429055608
2017-07-12,0.0018448973208962105
2017-07-13,-0.001220682804830342
2017-07-14,0.0008291433684346483
2017-07-17,0.0007110260526068668
2017-07-18,0.0021096737450856384
2017-07-19,3.99494697482794e-05
2017-07-20,0.00037253784178536975
2017-07-21,0.001242090550672037
2017-07-24,-0.0008003566019084696
2017-07-25,-0.0033467058312314224
2017-07-26,0.001547667337715497
2017-07-27,-0.0011102064711748794
2017-07-28,0.0014483496807626839
2017-07-31,0.00013366018123761592
2017-08-01,0.0016657294301165582
2017-08-02,-0.0005083282545921275
2017-08-03,0.0022869141423018657
2017-08-04,-0.0018813708110893002
2017-08-07,0.0004933509176656692
2017-08-08,-0.0006131262540339799
2017-08-09,0.0008393187211634956
2017-08-10,0.0021921463750109726
2017-08-11,0.0011621029523694038
2017-08-14,-0.001740882704724278
2017-08-15,-0.0016029173338053537
2017-08-16,0.0012840599202794678
2017-08-17,0.001958657191077018
2017-08-18,-3.9202741182409184e-05
2017-08-21,0.000584906155684628
2017-08-22,-0.0010482839540574274
2017-08-23,0.002287648860531011
2017-08-24,-0.0014134576882948169
2017-08-25,0.0011058676029056524
2017-08-28,3.6639854525954973e-06
2017-08-29,0.0013069044667903817
2017-08-30,-0.00014169125512009106
2017-08-31,0.0007766721389410591
2017-09-01,-0.0017935520386657133
2017-09-05,0.0042412145270456225
2017-09-06,-0.0014117130714128567
2017-09-07,0.0026887791313394693
2017-09-08,-0.0005821877737522962
2017-09-11,-0.00349164735192109
2017-09-12,-0.0015336377894439313
2017-09-13,-0.001149017147888065
2017-09-14,0.0005378848395813929
2017-09-15,0.00033030749151108374
2017-09-18,-0.0021005650869202475
2017-09-19,-0.0005088159909429901
2017-09-20,-0.0010134665425391987
2017-09-21,-0.0005893500041810329
2017-09-22,0.0009593311368663038
2017-09-25,0.0018760255535659187
2017-09-26,-0.0005750658617590387
2017-09-27,-0.0031164395941478684
2017-09-28,-0.0002782065627106034
2017-09-29,-0.00028404672154724864
2017-10-02,-7.127323870936841e-05
2017-10-03,0.000164940035770611
2017-10-04,0.0010599593376530159
2017-10-05,-0.0019650508063591143
2017-10-06,-0.0008629841819995931
2017-10-09,0.0006537076498613903
2017-10-10,0.0004164151930174942
2017-10-11,0.0004613782357207885
2017-10-12,0.0006375084765504191
2017-10-13,0.0020953135479919727
2017-10-16,-0.001146297683959352
2017-10-17,8.633409220148991e-05
2017-10-18,-0.0016407350597053005
2017-10-19,0.0008430688493488159
2017-10-20,-0.0026657673396612847
2017-10-23,0.0004602164706741796
2017-10-24,-0.0016673886772793356
2017-10-25,-0.0011000532862511792
2017-10-26,-0.0007284486031580162
2017-10-27,0.0020480029308740377
2017-10-30,0.0023135654525323623
2017-10-31,-0.0005210933466568424
2017-11-01,0.0005418789956781467
2017-11-02,0.0009796224832585576
2017-11-03,0.0003964803049150145
2017-11-06,0.0010994338229035616
2017-11-07,0.0002522503508841645
2017-11-08,-0.0006615803367407969
2017-11-09,-0.00047213336182627685
2017-11-10,-0.0032590337636739797
2017-11-13,-3.916077531807005e-06
2017-11-14,0.0012424767661856073
2017-11-15,0.0019515843916997344
2017-11-16,-0.0015714398858026613
2017-11-17,0.0007849813534588357
2017-11-20,-0.0007343236435425338
2017-11-21,0.0002349366634353256
2017-11-22,0.0017885341782599706
2017-11-24,-0.0005338344743415213
2017-11-27,5.350578560237018e-05
2017-11-28,0.00026382741500574625
2017-11-29,-0.0021026657933835846
2017-11-30,-0.0016268997461310608
2017-12-01,0.0025993980659961835
2017-12-04,-0.00045188840552745635
2017-12-05,0.0006533892511417783
2017-12-06,0.0012563463244750217
2017-12-07,-0.0012551098066041488
2017-12-08,-0.00021853352080081212
2017-12-11,-0.0006896177430385508
2017-12-12,-0.0002946630389087934
2017-12-13,0.002614163000930203
2017-12-14,9.865967373134943e-05
2017-12-15,3.692384588416253e-05
2017-12-18,-0.0016014803136991107
2017-12-19,-0.002947985279094678
2017-12-20,-0.0019106196112632645
2017-12-21,0.0007425753613166108
2017-12-22,3.3362779008561105e-05
2017-12-26,0.00033601480371148185
2017-12-27,0.0028639285790097446
2017-12-28,-0.0003846258032542682
2017-12-29,0.0007842648411910957
2018-01-02,-0.0022926543392590704
2018-01-03,0.0007916228407296444
2018-01-04,-0.0004448378700044886
2018-01-05,-0.0006572759883565205
2018-01-08,-0.00020629589093912326
2018-01-09,-0.0029804456247904954
2018-01-10,9.54758505389286e-06
2018-01-11,0.0003928300630080539
2018-01-12,-0.00010417160790199276
2018-01-16,0.00048694328584986124
2018-01-17,-0.0010089648005167096
2018-01-18,-0.002016415158324847
2018-01-19,-0.0010787542090691105
2018-01-22,-0.00030695971787020326
2018-01-23,0.0016475257264625398
2018-01-24,-0.001254259059996432
2018-01-25,0.0013259331126300733
2018-01-26,-0.0016163494900226505
2018-01-29,-0.0016530623012843693
2018-01-30,-0.0011964957049356295
2018-01-31,0.000665870540527358
2018-02-01,-0.003210340375227938
2018-02-02,-0.0019667558787692663
2018-02-05,0.004478913054529965
2018-02-06,-0.0023625358530811047
2018-02-07,-0.0022525096286716284
2018-02-08,0.00022750679507677063
2018-02-09,-0.0006454658201512364
2018-02-12,5.616832685273465e-05
2018-02-13,0.0009384651905695041
2018-02-14,-0.0037749770721291487
2018-02-15,0.00020405183627580925
2018-02-16,0.0013833291430516148
2018-02-20,-0.0008274352417463327
2018-02-21,-0.002015797376502926
2018-02-22,0.000776295948879957
2018-02-23,0.0021580146730988403
2018-02-26,0.00045751350126388424
2018-02-27,-0.0015126734435964018
2018-02-28,0.001474102544137379
2018-03-01,0.0028008430922277228
2018-03-02,-0.0022133793038466854
2018-03-05,-0.0006501896209992752
2018-03-06,-8.1248126634903e-05
2018-03-07,-0.00010926238735697869
2018-03-08,0.0013327784315002589
2018-03-09,-0.001588088430312662
2018-03-12,0.0015652969892820945
2018-03-13,0.0011465167079141025
2018-03-14,0.0013941991606012394
2018-03-15,-4.4985813723918966e-05
2018-03-16,-0.0009986471173022426
2018-03-19,-0.0006115147029430723
2018-03-20,-0.0012045992839114783
2018-03-21,0.0007466528513269122
2018-03-22,0.002509858175856916
2018-03-23,0.00047775410968808885
2018-03-26,-0.0014903459810170494
2018-03-27,0.003201759914326141
2018-03-28,0.00028027038162803386
2018-03-29,0.0013201281110439833
2018-04-02,0.0006794476052069953
2018-04-03,-0.0020187623305550906
2018-04-04,-0.0007408077851388528
2018-04-05,-0.0013549323593137208
2018-04-06,0.0028994400678601373
2018-04-09,0.00015062242372887447
2018-04-10,-0.0009927338719384338
2018-04-11,0.0006450313679113862
2018-04-12,-0.0021688330802107636
2018-04-13,0.0003483576494389684
2018-04-16,-0.00018511739490667534
2018-04-17,0.00044688684461346995
2018-04-18,-0.0024696847295951896
2018-04-19,-0.001627596898959749
2018-04-20,-0.0019236276120886409
2018-04-23,-0.00034123252312467933
2018-04-24,-0.0006548427312921268
2018-04-25,-0.001373549384777073
2018-04-26,0.0016790646305389068
2018-04-27,0.0013986602723814467
2018-04-30,0.00027861747475621534
2018-05-01,-0.0010898826272379702
2018-05-02,0.00016541510390211123
2018-05-03,0.001650461161343042
2018-05-04,-3.493536948417919e-05
2018-05-07,-0.00030797566176477
2018-05-08,-0.0005231567709013119
2018-05-09,-0.0015679943039219602
2018-05-10,0.0014249064758447005
2018-05-11,0.0002827022261526757
2018-05-14,-0.0011820620510943902
2018-05-15,-0.0031585001335034946
2018-05-16,-0.0010047963239826485
2018-05-17,-0.0005337851287668949
2018-05-18,0.0022984244470984905
2018-05-21,0.0002585102502001835
2018-05-22,-0.0002708573974988804
2018-05-23,0.002591064086183037
2018-05-24,0.0019240381017135988
2018-05-25,0.002309795072993781
2018-05-29,0.007170090748252589
2018-05-30,-0.0026858444345393417
2018-05-31,-0.0006005876457206849
2018-06-01,-0.002107075300804895
2018-06-04,-0.002287402678305739
2018-06-05,0.0013616769242437154
2018-06-06,-0.0022311558522706276
2018-06-07,0.0028067812202645648
2018-06-08,-0.0008559191015160561
2018-06-11,-0.0006939816269084798
2018-06-12,-0.0004408160281041962
2018-06-13,-0.0006928583837850777
2018-06-14,0.001986622984203157
2018-06-15,0.0006159380399275438
2018-06-18,0.00020025800731637844
2018-06-19,0.0015926200346976227
2018-06-20,-0.0021373824592745283
2018-06-21,0.0016799741817088432
2018-06-22,0.00012249133328889883
2018-06-25,0.0008512611823512373
2018-06-26,0.00028794173513935206
2018-06-27,0.0024507919042129345
2018-06-28,-0.0002681635869443699
2018-06-29,-0.0007254823172597735
2018-07-02,-0.00035645049570376397
2018-07-03,0.0015146363392257722
2018-07-05,0.000245868714715769
2018-07-06,0.0007358902550436142
2018-07-09,-0.0017694720383617524
2018-07-10,-0.0003152999434006265
2018-07-11,0.0012194387853754485
2018-07-12,-0.00019732686120776943
2018-07-13,0.0008975855109800701
2018-07-16,-0.001061227085289218
2018-07-17,-0.00043696998542619436
2018-07-18,-0.0007106016858934305
2018-07-19,0.0017450499124447294
2018-07-20,-0.0022880648531458103
2018-07-23,-0.0030570169362257316
2018-07-24,0.0006173516956728964
2018-07-25,-0.0005796002689049118
2018-07-26,-0.00051396883822874
2018-07-27,0.00070903136082201
2018-07-30,-0.0007215655820207445
2018-07-31,0.0009502031384207577
2018-08-01,-0.0014555063024277448
2018-08-02,0.0008594430861217361
2018-08-03,0.001338901870226561
2018-08-06,0.00035034402797506914
2018-08-07,-0.001357876871605046
2018-08-08,0.00043957940099859094
2018-08-09,0.0020310999545469777
2018-08-10,0.0026052573500054965
2018-08-13,-0.00044147777067504723
2018-08-14,-0.0005208714706421702
2018-08-15,0.0016110685178025719
2018-08-16,-0.00023985657688618822
2018-08-17,0.00045856253681098025
2018-08-20,0.0019779470858192205
2018-08-21,-0.0008968375333199274
2018-08-22,0.001103215787371603
2018-08-23,5.8068714098968854e-05
2018-08-24,0.0003602052688183033
2018-08-27,-0.0014741795367423371
2018-08-28,-0.0015014899155800787
2018-08-29,-2.5797024584051087e-05
2018-08-30,0.0012074301657607478
2018-08-31,-3.2565919712790325e-05
2018-09-04,-0.0014108324375439185
2018-09-05,-0.0002959843548986374
2018-09-06,0.0012001045957070744
2018-09-07,-0.0028471162755108192
2018-09-10,0.0006159087135026997
2018-09-11,-0.002208109986189921
2018-09-12,0.0005875652153382038
2018-09-13,0.000193524904647413
2018-09-14,-0.0012526885896868567
2018-09-17,-8.531202388595283e-05
2018-09-18,-0.0023483395343742997
2018-09-19,-0.0012348439168619052
2018-09-20,0.0007016775380359608
2018-09-21,-6.982831131385758e-05
2018-09-24,-0.0005770091876461381
2018-09-25,-0.000323502371577189
2018-09-26,0.001738523987134144
2018-09-27,6.707343307810198e-05
2018-09-28,0.00017757827088527023
2018-10-01,-0.0016465629630028067
2018-10-02,0.0016026165917308877
2018-10-03,-0.004263997628557559
2018-10-04,-0.0016207769785860915
2018-10-05,-0.0016388035644132604
2018-10-08,-0.00035418786847418726
2018-10-09,0.001776028647795247
2018-10-10,2.6411404031589925e-05
2018-10-11,0.002638055098242331
2018-10-12,-0.0007030666694871623
2018-10-15,0.0003541653353176244
2018-10-16,-2.3616343356902547e-05
2018-10-17,-0.001452509688012693
2018-10-18,0.0008668529249957757
2018-10-19,-0.0009373181875502734
2018-10-22,-0.00021485123875042422
2018-10-23,0.0014521888329750432
2018-10-24,0.0032978132715735242
2018-10-25,-0.001344581266745637
2018-10-26,0.0022976908823975073
2018-10-29,-3.67857887341172e-05
2018-10-30,-0.0014326501115581314
2018-10-31,-0.0015332694317266027
2018-11-01,0.0006820702907055498
2018-11-02,-0.0036377149458712843
2018-11-05,0.0007868159507899986
2018-11-06,-0.0005364159026215454
2018-11-07,-8.451391196484526e-05
2018-11-08,-0.0005009923695099561
2018-11-09,0.0022024368123494398
2018-11-12,0.0019851661247589636
2018-11-13,0.0002494245945041662
2018-11-14,0.00112152808005761
2018-11-15,0.0004533330536531377
2018-11-16,0.001936982903499418
2018-11-19,0.001231086655494984
2018-11-20,-0.00016784152424698107
2018-11-21,-9.440171525443297e-05
2018-11-23,0.00013911151245049602
2018-11-26,-0.00039387426143799864
2018-11-27,0.0004837193936353401
2018-11-28,-0.00030549937987578435
2018-11-29,0.0013108925563274365
2018-11-30,0.0011855910946378945
2018-12-03,0.0008868795012253461
2018-12-04,0.00349288784017987
2018-12-06,0.0016579002986982783
2018-12-07,0.0017156524489965186
2018-12-10,0.0005956292674849095
2018-12-11,-0.0013518286803119173
2018-12-12,-0.00134652337261143
2018-12-13,0.0005109121825930263
2018-12-14,0.0011802610728781637
2018-12-17,0.0020446494347772237
2018-12-18,0.0017029797211405295
2018-12-19,0.0025487553684053754
2018-12-20,-0.0008265386125453356
2018-12-21,0.0006746311655940751
2018-12-24,0.0017711630616790153
2018-12-26,-0.003106005243690757
2018-12-27,0.0014203232631893048
2018-12-28,0.003353170340165912
2018-12-31,0.0017387525744489984
2019-01-02,0.0012534396627226219
2019-01-03,0.004742383949717599
2019-01-04,-0.00488110671343156
2019-01-07,-0.0015590073843467778
2019-01-08,-0.001370108385790214
2019-01-09,0.0003052273852830467
2019-01-10,-0.0007127655314232983
2019-01-11,0.0016400918487944338
2019-01-14,-0.0005417817342605602
2019-01-15,-0.00043349440876094825
2019-01-16,-0.0002182004235017354
2019-01-17,-0.0005946607812509219
2019-01-18,-0.001973509839575782
2019-01-22,0.0022121877855241223
2019-01-23,-0.0003294211105032696
2019-01-24,0.002105214815488754
2019-01-25,-0.0015977423308849437
2019-01-28,6.016658068763725e-05
2019-01-29,0.001653503605200779
2019-01-30,0.0014071544054397034
2019-01-31,0.002733001999777329
2019-02-01,-0.0029124500085592198
2019-02-04,-0.0011091550353312662
2019-02-05,0.0009744628039971559
2019-02-06,0.0005675676868013291
2019-02-07,0.002071016763691702
2019-02-08,0.001046297002850416
2019-02-11,-0.0010696864644816895
2019-02-12,-0.0007293013436929785
2019-02-13,-0.0015578004690292024
2019-02-14,0.002771848424228285
2019-02-15,-0.0004173110015208703
2019-02-19,0.0012024898545939244
2019-02-20,-0.000417123369425787
2019-02-21,-0.0020031065905964374
2019-02-22,0.00191667159801856
2019-02-25,-0.0008279340750237951
2019-02-26,0.001672873947250464
2019-02-27,-0.0023413345011846776
2019-02-28,-0.0012588174429404297
2019-03-01,-0.002303162050808605
2019-03-04,0.0018542621685297966
2019-03-05,0.00045565740332209614
2019-03-06,0.0016378474887144279
2019-03-07,0.0021653288452314623
2019-03-08,0.001073085537288021
2019-03-11,-0.0006737447102533878
2019-03-12,0.0017605461480485474
2019-03-13,-0.00023607966375438494
2019-03-14,-0.0010242197835407252
2019-03-15,0.0018328745533287005
2019-03-18,-0.000603281168628067
2019-03-19,-0.0004977159622084892
2019-03-20,0.004015426734802041
2019-03-21,8.177831677169678e-05
2019-03-22,0.004817265227633261
2019-03-25,0.0015708604262314463
2019-03-26,-0.00040100635766937565
2019-03-27,0.0023278063009917194
2019-03-28,0.00032116932073411597
2019-03-29,-0.0009328895694136197
2019-04-01,-0.00417460655066515
2019-04-02,0.0009814571495860847
2019-04-03,-0.0020887168651845256
2019-04-04,0.0007374698038935534
2019-04-05,0.00019930202192930402
2019-04-08,-0.0009803377275776626
2019-04-09,0.0009261700438554232
2019-04-10,0.0014515300895208139
2019-04-11,-0.0016236074696018843
2019-04-12,-0.0024571194932334617
2019-04-15,0.0007205451812855035
2019-04-16,-0.0017162307885270067
2019-04-17,0.0003130176457886158
2019-04-18,0.0013717610548704684
2019-04-22,-0.000830372330303697
2019-04-23,0.0010376715323909824
2019-04-24,0.0023015581170997557
2019-04-25,-0.0005137514510508145
2019-04-26,0.00177653436786529
2019-04-29,-0.001471789967723569
2019-04-30,0.0015318953694982707
2019-05-01,-0.0002568272735918864
2019-05-02,-0.001614241147092521
2019-05-03,0.0008959625295006379
2019-05-06,0.0014002424204435648
2019-05-07,0.002073464520561785
2019-05-08,-0.0010721753803768497
2019-05-09,0.0015618976827689313
2019-05-10,-0.00019227184857251167
2019-05-13,0.0030021490899145853
2019-05-14,-0.0005790081374746903
2019-05-15,0.0020050921023411217
2019-05-16,-0.0012834424267249567
2019-05-17,0.0005077015100285465
2019-05-20,-0.0010003611666874468
2019-05-21,-0.000783672828590487
2019-05-22,0.0017670320081535351
2019-05-23,0.004038075824365439
2019-05-24,-0.00020862466441196048
2019-05-28,0.0025510032410271943
2019-05-29,0.00026945923153576246
2019-05-30,0.0024706288406990407
2019-05-31,0.004575037483380173
2019-06-03,0.0032724541052382428
2019-06-04,-0.0026647465231243173
2019-06-05,-0.00027562639631850683
2019-06-06,-9.295014211363473e-05
2019-06-07,0.002681490625140448
2019-06-10,-0.002988581533155954
2019-06-11,-0.00015309412058128746
2019-06-12,0.0013460654110701853
2019-06-13,0.0017239218613707141
2019-06-14,0.00025621493715166643
2019-06-17,-0.00016524837641518353
2019-06-18,0.0011465000828161376
2019-06-19,0.002243065677177025
2019-06-20,0.0010393242279864712
2019-06-21,-0.0026116494811665447
2019-06-24,0.0021352633485685057
2019-06-25,0.0009153121839193812
2019-06-26,-0.002575608272796681
2019-06-27,0.002101147686315752
2019-06-28,6.901216551447042e-05
2019-07-01,-0.0009942213316308512
2019-07-02,0.0021927633474185804
2019-07-03,0.0014314221592526266
2019-07-05,-0.004450311813712915
2019-07-08,-0.00044870578527289595
2019-07-09,-0.0004430682958183052
2019-07-10,0.000677398021297515
2019-07-11,-0.00309480083290381
2019-07-12,0.0005148829836973956
2019-07-15,0.0013430482953959988
2019-07-16,-0.0011671623067508463
2019-07-17,0.0030396600201951784
2019-07-18,0.0014560809260328877
2019-07-19,-0.0014187203156517114
2019-07-22,0.00039666661931136993
2019-07-23,-0.0011781372725288008
2019-07-24,0.0010112853537596056
2019-07-25,-0.0013509201910820723
2019-07-26,0.000251096392335004
2019-07-29,0.0003040982377442436
2019-07-30,0.00045017594203256017
2019-07-31,0.0014971468255313702
2019-08-01,0.007102939294511446
2019-08-02,0.0016880113274919673
2019-08-05,0.0055367376336465934
2019-08-06,0.0015796798622833563
2019-08-07,0.0001065361375622853
2019-08-08,3.6364934102195434e-05
2019-08-09,-0.0010121639312927755
2019-08-12,0.00467967737492847
2019-08-13,-0.002125898408017579
2019-08-14,0.005127300513732003
2019-08-15,0.00435220749079912
2019-08-16,-0.001719933646893601
2019-08-19,-0.003577687136524288
2019-08-20,0.0028372631583746255
2019-08-21,-0.002059383730769526
2019-08-22,-0.0016437385476361088
2019-08-23,0.004727006312744697
2019-08-26,-0.0009985734845026073
2019-08-27,0.0031387374303291082
2019-08-28,0.0003824698879588695
2019-08-29,-0.001265540896167261
2019-08-30,0.0003167260551366624
2019-09-03,0.0012612340780671083
2019-09-04,0.001116960802524991
2019-09-05,-0.005568168029171372
2019-09-06,0.0009587588218336052
2019-09-09,-0.004250678073236425
2019-09-10,-0.004887778373379836
2019-09-11,-0.0004650783704511774
2019-09-12,-0.0014423256699492848
2019-09-13,-0.0057788841325097096
2019-09-16,0.0029990872758709486
2019-09-17,0.001581406884245462
2019-09-18,0.0001559053928867904
2019-09-19,0.000495040622342735
2019-09-20,0.0036295428418278153
2019-09-23,0.0007622281034906919
2019-09-24,0.0033051015966802932
2019-09-25,-0.00418025368279884
2019-09-26,0.0015496502962188963
2019-09-27,0.0010219339526635896
2019-09-30,0.0007636742559766763
2019-10-01,0.0017981101770603303
2019-10-02,0.0019201566963096273
2019-10-03,0.0037530335554190053
2019-10-04,0.0012550979676293483
2019-10-07,-0.0024768057997749393
2019-10-08,0.0012601948787336337
2019-10-09,-0.0016895773425888994
2019-10-10,-0.004083315186776182
2019-10-11,-0.00384650655030927
2019-10-14,0.0016150055520804951
2019-10-15,-0.002780280513213773
2019-10-16,0.0009930484048801258
2019-10-17,-0.0003454003477962875
2019-10-18,0.0004807188314881472
2019-10-21,-0.0021164451051599587
2019-10-22,0.0014791806570151333
2019-10-23,0.00013436646743270053
2019-10-24,-0.0002499330802941957
2019-10-25,-0.0014749740573815062
2019-10-28,-0.0022244748118656066
2019-10-29,0.0004749815104627686
2019-10-30,0.0032208382469016694
2019-10-31,0.0042856621237046255
2019-11-01,-0.0012241194562483404
2019-11-04,-0.0032659891697831567
2019-11-05,-0.0031498983146408532
2019-11-06,0.0018121046195624935
2019-11-07,-0.004890255245654673
2019-11-08,-0.0007430763431280907
2019-11-11,0.0005320802440802463
2019-11-12,0.0006523700081861872
2019-11-13,0.0017271878910545269
2019-11-14,0.003090390140736643
2019-11-15,-0.0005624314415089149
2019-11-18,0.0009740176649357668
2019-11-19,0.0013144242456815114
2019-11-20,0.0024106978935094503
2019-11-21,-0.0016585320307341833
2019-11-22,3.64536252939196e-06
2019-11-25,0.0004972455049783164
2019-11-26,0.0014301366153823825
2019-11-27,-0.0014212665419666148
2019-11-29,-0.00024226900310564403
2019-12-02,-0.0025920705987626524
2019-12-03,0.005623123183204459
2019-12-04,-0.0024513795831172525
2019-12-05,-0.0014735805743241182
2019-12-06,-0.0016851493001416307
2019-12-09,0.00046007216983179333
2019-12-10,-0.0006272426329508862
2019-12-11,0.0025275746858792747
2019-12-12,-0.004597078648786113
2019-12-13,0.003623504636453667
2019-12-16,-0.002660253705580762
2019-12-17,3.183274150697635e-05
2019-12-18,-0.0015592988736361502
2019-12-19,0.0005135409759915444
2019-12-20,0.00013066992714039216
2019-12-23,-0.0005593325347357236
2019-12-24,0.0008700594480564039
2019-12-26,0.0008866253923833778
2019-12-27,0.0009693951957947533
2019-12-30,-0.0003391106139556399
2019-12-31,-0.002124485017239164
2020-01-02,0.0027792107575046465
2020-01-03,0.004041144212695746
2020-01-06,-0.001109652584677323
2020-01-07,-0.0009271740001705053
2020-01-08,-0.0016490711251216927
2020-01-09,0.000637738350663053
2020-01-10,0.0016809081030091377
2020-01-13,-0.000727678573479551
2020-01-14,0.0011828164747282877
2020-01-15,0.0017079957332217788
2020-01-16,-0.0009396076069332349
2020-01-17,-0.0008963205635087457
2020-01-21,0.0023852511527289177
2020-01-22,0.0005505192281951565
2020-01-23,0.0016765738016255582
2020-01-24,0.0021123617368163927
2020-01-27,0.004267958135475869
2020-01-28,-0.002108006810755625
2020-01-29,0.003015996389202469
2020-01-30,0.0003774458163166017
2020-01-31,0.003237422931783529
2020-02-03,-0.0005172719092512157
2020-02-04,-0.0037221530084159404
2020-02-05,-0.002804903958294358
2020-02-06,0.0007971957830503751
2020-02-07,0.003016784473414358
2020-02-10,0.0011408272411514986
2020-02-11,-0.0014985720670109837
2020-02-12,-0.0015532042965122894
2020-02-13,0.0007863314199136884
2020-02-14,0.0014594304703559047
2020-02-18,0.001369740151221821
2020-02-19,1.1101133378543793e-05
2020-02-20,0.0017962000479325724
2020-02-21,0.0026466888067100403
2020-02-24,0.004837144485486444
2020-02-25,0.0020121305158717906
2020-02-26,-0.00028114519918831515
2020-02-27,0.0032697581243379403
2020-02-28,0.007868719824948744
2020-03-02,-0.001218355607004451
2020-03-03,0.0074226981300644646
2020-03-04,-0.0016621823713453
2020-03-05,0.006417156965534021
2020-03-06,0.009051981660386899
2020-03-09,0.008811669763915564
2020-03-10,-0.01366924907562761
2020-03-11,-0.007513554945562939
2020-03-12,0.0006381054763509031
2020-03-13,-0.0034825115155934228
2020-03-16,0.015315725544527092
2020-03-17,-0.01590665625735921
2020-03-18,-0.010503294695556109
2020-03-19,0.00460451757924174
2020-03-20,0.01646005561782493
2020-03-23,0.00845269310783503
2020-03-24,-0.004834380652973813
2020-03-25,0.0006285343426202239
2020-03-26,0.0019261912872272635
2020-03-27,0.004867856713455687
2020-03-30,9.935624445622793e-05
2020-03-31,-0.0004415654161062932
2020-04-01,0.0030811898146909655
2020-04-02,0.0008221841325841694
2020-04-03,0.00032253449888064445
2020-04-06,-0.0020309618073658386
2020-04-07,-0.0025242134591308973
2020-04-08,-0.0007500123674709647
2020-04-09,0.0010320110866752774
2020-04-13,-0.0014796799328063992
2020-04-14,0.00037161086880810323
2020-04-15,0.00548852289047197
2020-04-16,0.0016003423531820715
2020-04-17,-0.0023539984115128476
2020-04-20,0.00159554709833154
2020-04-21,0.002246105395504072
2020-04-22,-0.002181849109841094
2020-04-23,0.000665195736993196
2020-04-24,0.000312540628775837
2020-04-27,-0.0034934967912886306
2020-04-28,0.002669065612032062
2020-04-29,-0.0007418092411501931
2020-04-30,-0.0008531377588882894
2020-05-01,0.00038122503219684134
2020-05-04,-0.00042098191281148
2020-05-05,-0.0009288944341668826
2020-05-06,-0.002500111529547433
2020-05-07,0.0038801233584013772
2020-05-08,-0.002410743521662595
2020-05-11,-0.0018123324351362324
2020-05-12,0.002127871506677703
2020-05-13,0.0013036583353849274
2020-05-14,0.0012951527093305604
2020-05-15,-0.00010663901529106568
2020-05-18,-0.00451074629480952
2020-05-19,0.0015537831785192857
2020-05-20,0.00036668086724200855
2020-05-21,0.000303472191122367
2020-05-22,0.001158627173817095
2020-05-26,-0.002112243379282952
2020-05-27,-7.077783503950386e-05
2020-05-28,-0.00035254684623653443
2020-05-29,0.0016574326435314646
2020-06-01,-0.0008447578812875722
2020-06-02,-0.0008563523567746145
2020-06-03,-0.0035866765142462675
2020-06-04,-0.002478802841073602
2020-06-05,-0.0023924831698162174
2020-06-08,0.0005562834860406429
2020-06-09,0.0023852866516036464
2020-06-10,0.0040372888646826866
2020-06-11,0.0026619715370572727
2020-06-12,-0.0014306252809628273
2020-06-15,-0.000329854506829097
2020-06-16,-0.0022227823487777076
2020-06-17,0.0010864831752936954
2020-06-18,0.0016480933511859863
2020-06-19,0.0003173299932643925
2020-06-22,-0.00039741898320866387
2020-06-23,-0.0006445755783167639
2020-06-24,0.0017049751235453936
2020-06-25,0.0003389441270671423
2020-06-26,0.002098277125542003
2020-06-29,0.00011368808148404241
2020-06-30,-0.0011015028804314264
2020-07-01,-0.0008646833823778843
2020-07-02,0.000751597117555125
2020-07-06,-0.0010615789091469319
2020-07-07,0.002503452222183178
2020-07-08,-0.0008708901449421269
2020-07-09,0.0027008076253725033
2020-07-10,-0.0013091533564308921
2020-07-13,0.0006555856079017985
2020-07-14,0.00019104606190789575
2020-07-15,-0.0005049827601987245
2020-07-16,0.0007032733821730197
2020-07-17,-0.00014879100736642226
2020-07-20,0.0003083990975596418
2020-07-21,0.000518900345401363
2020-07-22,0.0003336726595228878
2020-07-23,0.0014884620225770195
2020-07-24,-8.431215278770221e-05
2020-07-27,-0.0010559277836579284
2020-07-28,0.0015621980239588495
2020-07-29,0.0003534674497136514
2020-07-30,0.0013041046703390347
2020-07-31,7.515100659660767e-05
2020-08-03,-0.0006691559972532568
2020-08-04,0.0020496516653580876
2020-08-05,-0.0020197695913483082
2020-08-06,0.0009013787323854938
2020-08-07,-0.0013748189680566902
2020-08-10,-0.000904059242780364
2020-08-11,-0.0023518494039080906
2020-08-12,-0.0019206093217994935
2020-08-13,-0.0017321949732771458
2020-08-14,-0.00016163190491480517
2020-08-17,0.0008058158906858459
2020-08-18,0.0012798659740183016
2020-08-19,-0.0010029336120128685
2020-08-20,0.0017382491772623965
2020-08-21,0.0007368230184137126
2020-08-24,-0.0006462877389722399
2020-08-25,-0.0013940093175180968
2020-08-26,-0.0004960000109038853
2020-08-27,-0.0027807014753005177
2020-08-28,0.0006318734450025953
2020-08-31,0.0011657891431224865
2020-09-01,0.0019346429256374975
2020-09-02,0.0014400723365064483
2020-09-03,0.0006106078492871259
2020-09-04,-0.0037972562818666677
2020-09-08,0.0013224328288941045
2020-09-09,-0.00034703455028339825
2020-09-10,0.000807096921997541
2020-09-11,0.0008201148796644908
2020-09-14,-0.00034596310780099504
2020-09-15,-0.0003224978900139286
2020-09-16,-0.0004019162344135463
2020-09-17,0.00026502386634730257
2020-09-18,-0.0005128669440530587
2020-09-21,0.0009795416091760156
2020-09-22,5.9232047032731217e-05
2020-09-23,0.00013422425233899915
2020-09-24,0.00046259796514025453
2020-09-25,0.00031516851540702717
2020-09-28,-0.00026633750956384095
2020-09-29,0.0002679742409483765
2020-09-30,-0.0017050150058947056
2020-10-01,0.00019536430618138922
2020-10-02,-0.0005992860554758783
2020-10-05,-0.004053611842888438
2020-10-06,0.0012216389511188197
2020-10-07,-0.0016534559039924623
2020-10-08,0.0010738013479962838
2020-10-09,-0.00016677921530416917
2020-10-12,0.0007747145356864493
2020-10-13,0.0013038901988589036
2020-10-14,0.00032546043823789006
2020-10-15,-0.0003535331951268761
2020-10-16,-0.0005179672670142521
2020-10-19,-0.0008682548304294047
2020-10-20,-0.0016522929100860617
2020-10-21,-0.000734517166178561
2020-10-22,-0.002265896962158065
2020-10-23,0.001084429309317736
2020-10-26,0.0017697364521309655
2020-10-27,0.0013271541073653914
2020-10-28,6.752369911877665e-05
2020-10-29,-0.002080298813622483
2020-10-30,-0.002003057129916108
2020-11-02,0.001232955387628465
2020-11-03,-0.0013931362572561223
2020-11-04,0.0048234536322244725
2020-11-05,-1.236658500480825e-05
2020-11-06,-0.0021760748640419214
2020-11-09,-0.0045364816661740415
2020-11-10,-0.001490972718748096
2020-11-11,0.0006918297580200683
2020-11-12,0.003452267773943918
2020-11-13,-0.0005320560525560181
2020-11-16,-0.00032582602145092565
2020-11-17,0.0013555409525198847
2020-11-18,0.00019031439041050646
2020-11-19,0.0009805771999518154
2020-11-20,0.0014875465617301131
2020-11-23,-0.0010631804044040072
2020-11-24,-0.0014116642533206214
2020-11-25,-0.00013949108582134162
2020-11-27,0.0018699350202926457
2020-11-30,-0.00018643317044131358
2020-12-01,-0.003407810786581922
2020-12-02,-0.001156082788911883
2020-12-03,0.001743082250875716
2020-12-04,-0.0027128210187453705
2020-12-07,0.001959339191929921
2020-12-08,0.0006319862959460743
2020-12-09,-0.0008251589680283722
2020-12-10,0.0016989167968328722
2020-12-11,0.0013031539237458034
2020-12-14,-0.0005229714361519866
2020-12-15,-0.0006360453032603353
2020-12-16,-0.0005165051880410276
2020-12-17,-0.0004688916124249154
2020-12-18,-0.000618558670345104
2020-12-21,0.0005947961516208355
2020-12-22,0.0010160501086022844
2020-12-23,-0.001178835173216597
2020-12-24,0.0006808240769957674
2020-12-28,0.0001388112314566481
2020-12-29,-0.00017703659000167793
2020-12-30,0.00048655517474083254
2020-12-31,0.0002763027991656841
2021-01-04,2.4589729428425855e-05
2021-01-05,-0.0014428254559042397
2021-01-06,-0.00414142073186885
2021-01-07,-0.0017779860111820645
2021-01-08,-0.001239351327782412
2021-01-11,-0.0008107906553694866
2021-01-12,-0.0001273174711253766
2021-01-13,0.002054693550446185
2021-01-14,-0.001525026894719228
2021-01-15,0.0012622013998446757
2021-01-19,0.0006988970871188993
2021-01-20,0.0001521805970505774
2021-01-21,-0.0010421189010685339
2021-01-22,0.0007672125665343366
2021-01-25,0.0024237959287605193
2021-01-26,-0.0003558976350266363
2021-01-27,0.000600559435878889
2021-01-28,-0.0013900064192304828
2021-01-29,-0.0009059923332356279
2021-02-01,0.0005551735502915545
2021-02-02,-0.0016110148049142126
2021-02-03,-0.0015473961854067797
2021-02-04,-0.00036543695758506356
2021-02-05,-0.0013201867617511631
2021-02-08,0.0004870752054877414
2021-02-09,0.0001616673058357776
2021-02-10,0.0014851358408953796
2021-02-11,-0.0007689407676751969
2021-02-12,-0.002140940581070838
2021-02-16,-0.0038516062337091705
2021-02-17,0.000955393732508858
2021-02-18,-0.0004167885009915828
2021-02-19,-0.0024099123056554594
2021-02-22,-0.001351128242267241
2021-02-23,2.7443957682393716e-05
2021-02-24,-0.0011700530993785652
2021-02-25,-0.006421234834730449
2021-02-26,0.006510837492422539
2021-03-01,-0.001650451921717755
2021-03-02,0.0007065764738782843
2021-03-03,-0.005592982860786133
2021-03-04,-0.003789501136009399
2021-03-05,0.00017822557124791416
2021-03-08,-0.004000062680759253
2021-03-09,0.0061475294600548125
2021-03-10,0.0014791317905056278
2021-03-11,-0.0025144415739781767
2021-03-12,-0.009473834394263414
2021-03-15,0.002372926291906774
2021-03-16,-0.0013773890249697551
2021-03-17,-0.002927526290230187
2021-03-18,-0.005425600830251898
2021-03-19,0.001802724095292918
2021-03-22,0.0047017635792090395
2021-03-23,0.004642455581447935
2021-03-24,0.002288938776386029
2021-03-25,-0.003002538956694334
2021-03-26,-0.0022617259082874375
2021-03-29,-0.0040078950434232485
2021-03-30,0.0014177031067295065
2021-03-31,-0.002418159761029215
2021-04-01,0.0068962826728660165
2021-04-05,-0.0024727231617249767
2021-04-06,0.0039588031808373
2021-04-07,-0.002490573193552059
2021-04-08,0.004006135010479861
2021-04-09,-0.0022037933135830023
2021-04-12,-0.00042802036085198836
2021-04-13,0.0039933302887376065
2021-04-14,-0.0014719996244448863
2021-04-15,0.007801007361162737
2021-04-16,-0.003554169272411589
2021-04-19,-0.001351605597622263
2021-04-20,0.0026135683960060163
2021-04-21,0.0009245024671642454
2021-04-22,0.0016890156054731875
2021-04-23,-0.001303773489476301
2021-04-26,-0.0009063755523991412
2021-04-27,-0.004281664566682664
2021-04-28,0.0007332404667761416
2021-04-29,-0.0014969071411986556
2021-04-30,0.0011042379280654657
2021-05-03,0.0007380278443809285
2021-05-04,0.0027002017432697922
2021-05-05,0.0010369200568716153
2021-05-06,0.0006969160296734778
2021-05-07,-0.0014213297892861076
2021-05-10,-0.0041682353290966034
2021-05-11,-0.0024735975785461495
2021-05-12,-0.005129212511425174
2021-05-13,0.001707622751288218
2021-05-14,0.0038135850597347254
2021-05-17,-0.0010227261045039349
2021-05-18,-0.0008070065406322602
2021-05-19,-0.0019129698572348808
2021-05-20,0.004252229088972825
2021-05-21,0.0011016856397469965
2021-05-24,0.0016285247029550476
2021-05-25,0.00430733434158026
2021-05-26,-0.0008765456823065509
2021-05-27,-0.0019252132627279872
2021-05-28,-0.0005577615068343977
2021-06-01,-0.000205634120878595
2021-06-02,0.0011898886278958187
2021-06-03,-0.0022132281204784165
2021-06-04,0.006518097246158261
2021-06-07,-0.0013309477335867737
2021-06-08,0.0033891728351136408
2021-06-09,0.003933499211172142
2021-06-10,0.0033232720536184868
2021-06-11,-0.0011109065473631219
2021-06-14,-0.0037433100265502617
2021-06-15,-0.0003863002089579126
2021-06-16,-0.002875182460170711
2021-06-17,0.006242817489975794
2021-06-18,0.00800953662359305
2021-06-21,-0.0067444692767875125
2021-06-22,0.001626227918019696
2021-06-23,-0.0017665558944932602
2021-06-24,0.0005277651515205317
2021-06-25,-0.004270160246963028
2021-06-28,0.004639400128530591
2021-06-29,0.0007050387309970318
2021-06-30,0.0021124487201447106
2021-07-01,-0.0002833722803547989
2021-07-02,0.0019747914096750474
2021-07-06,0.0029689869963327453
2021-07-07,0.001846540767641791
2021-07-08,0.001451481931388443
2021-07-09,-0.0031669075957262427
2021-07-12,-0.000425236972530052
2021-07-13,-0.002190956396270316
2021-07-14,0.0028562879068778635
2021-07-15,0.002454954834403722
2021-07-16,-0.0003136223338678912
2021-07-19,0.005096122141705628
2021-07-20,-0.0011104483991131175
2021-07-21,-0.003258329577354724
2021-07-22,0.001729124331803833
2021-07-23,-0.0010811583292135163
2021-07-26,-0.0006473842741698821
2021-07-27,0.0025156834864898947
2021-07-28,0.00033270615612601695
2021-07-29,-0.0014955780319494405
2021-07-30,0.0014690468964677628
2021-08-02,0.0024639892694644505
2021-08-03,0.000129277857867649
2021-08-04,-7.866927000355073e-05
2021-08-05,-0.0018805041920415544
2021-08-06,-0.003633600121875191
2021-08-09,-0.0012015049085269958
2021-08-10,-0.001226447445170642
2021-08-11,0.0005526520649969946
2021-08-12,-0.0004673614750334565
2021-08-13,0.003329635308368273
2021-08-16,0.001042841355112012
2021-08-17,-0.0003324293598828687
2021-08-18,0.00018011459495337334
2021-08-19,0.0013952821302232188
2021-08-20,-0.00021337333924320578
2021-08-23,9.886545628612353e-06
2021-08-24,-0.0016622873723332043
2021-08-25,-0.0020691445757223814
2021-08-26,0.0002738080117128394
2021-08-27,0.002064817840878863
2021-08-30,0.0009849977785210129
2021-08-31,-0.0013085419947067578
2021-09-01,0.0002448939511241477
2021-09-02,0.0007950358179464878
2021-09-03,-0.0016291130893778538
2021-09-07,-0.002228632583029855
2021-09-08,0.0016355949524995417
2021-09-09,0.0021895665321820523
2021-09-10,-0.0020411514514306894
2021-09-13,0.0011036333880320992
2021-09-14,0.0024123200448227244
2021-09-15,-0.0008661547815438375
2021-09-16,-0.0016174509020536743
2021-09-17,-0.0014936694945444362
2021-09-20,0.002897615366165507
2021-09-21,-0.00012736106037725126
2021-09-22,0.0005373786896323285
2021-09-23,-0.005357838061949338
2021-09-24,-0.0020866947762326893
2021-09-27,-0.001233676506938064
2021-09-28,-0.0026070181845375684
2021-09-29,0.0006904170106958318
2021-09-30,0.000488867706942786
2021-10-01,0.0023252759961227554
2021-10-04,-0.0008961841236311274
2021-10-05,-0.0019688029517909156
2021-10-06,0.0005674435061215899
2021-10-07,-0.0024472881137287406
2021-10-08,-0.0015530498650777602
2021-10-11,-0.0014709643309681608
2021-10-12,0.0033184651364419615
2021-10-13,0.0013313863545463267
2021-10-14,0.0010756284052262366
2021-10-15,-0.0024171733132805073
2021-10-18,-0.00036674418644577766
2021-10-19,-0.0022487064289944403
2021-10-20,-0.000592522212145119
2021-10-21,-0.001603559988972214
2021-10-22,0.0017087726193751873
2021-10-25,0.000494382393872117
2021-10-26,0.0010504233673382934
2021-10-27,0.003357670599721363
2021-10-28,-0.0010556795580604073
2021-10-29,0.0005112290388624707
2021-11-01,-0.0010298139962241493
2021-11-02,0.0018061248287593035
2021-11-03,-0.0021168647257745477
2021-11-04,0.003229367617165302
2021-11-05,0.003422135845862817
2021-11-08,-0.002186499625292271
2021-11-09,0.003050042932984498
2021-11-10,-0.0056258482499749185
2021-11-11,-0.0015363961724678132
2021-11-12,0.0006742199646947444
2021-11-15,-0.0025103344738376387
2021-11-16,-0.0005155496955806527
2021-11-17,0.00207405731856114
2021-11-18,0.0004887844672425423
2021-11-19,0.0017303235027195107
2021-11-22,-0.00407967176629076
2021-11-23,-0.0026843250017507536
2021-11-24,0.002372430034930595
2021-11-26,0.007591635793327889
2021-11-29,-0.001221825991086889
2021-11-30,0.002856818820764273
2021-12-01,0.0012716604619338323
2021-12-02,-0.001292091993555844
2021-12-03,0.003308452161513653
2021-12-06,-0.0033755521934416555
2021-12-07,-0.002719501565038751
2021-12-08,-0.0024709685751542754
2021-12-09,0.0010924989866123447
2021-12-10,0.00025204841227366437
2021-12-13,0.003234283853553732
2021-12-14,-0.0011059637779552434
2021-12-15,-0.0011853032722252133
2021-12-16,0.0013900556603303471
2021-12-17,0.0015082874961811488
2021-12-20,-0.0008625490240483646
2021-12-21,-0.0019207031647190398
2021-12-22,0.0006714778649112851
2021-12-23,-0.0015514644107743614
2021-12-27,0.00013081696902816908
2021-12-28,-0.00044169848760822195
2021-12-29,-0.0026769649891235092
2021-12-30,0.002159870794962604
2021-12-31,-0.00021750343091064828
2022-01-03,-0.006064587592682136
2022-01-04,-0.00022293098675230105
2022-01-05,-0.0025774023587759043
2022-01-06,-0.0009753612153381441
2022-01-07,-0.0018352403249977112
2022-01-10,-0.00018869438127910865
2022-01-11,0.0015891890852000046
2022-01-12,-0.0005414468558810892
2022-01-13,0.0021191937160942587
2022-01-14,-0.004348622309923167
2022-01-18,-0.004568858706962886
2022-01-19,0.0016831878598750905
2022-01-20,0.0011053141591561566
2022-01-21,0.003404561592386779
2022-01-24,-0.0007337989517908206
2022-01-25,-0.0008406963822855662
2022-01-26,-0.004382529896976295
2022-01-27,0.002563052156988599
2022-01-28,0.0009380421870019973
2022-01-31,-0.0005168811151451402
2022-02-01,-0.0007836634147773136
2022-02-02,0.001094262918396982
2022-02-03,-0.002557485687842198
2022-02-04,-0.004973213664934306
2022-02-07,0.00028713854764661484
2022-02-08,-0.002267829412465394
2022-02-09,0.0005178781217902717
2022-02-10,-0.007373273670652547
2022-02-11,0.006404811622782169
2022-02-14,-0.004582965493442948
2022-02-15,-0.0017873210103908077
2022-02-16,0.0019863995686186797
2022-02-17,0.0026771945647312556
2022-02-18,0.0020704115108796106
2022-02-22,-0.0003407359718535785
2022-02-23,-0.0032796367565733897
2022-02-24,0.0012681176311859499
2022-02-25,-9.720878379693154e-06
2022-02-28,0.006614215650821098
2022-03-01,0.005460168907320151
2022-03-02,-0.009909942121248294
2022-03-03,0.0022793279647947973
2022-03-04,0.005306351698303624
2022-03-07,-0.0028156798129677085
2022-03-08,-0.003725376648620271
2022-03-09,-0.00316794606767401
2022-03-10,-0.0032748544863341333
2022-03-11,2.6671597447736062e-05
2022-03-14,-0.007616094047703692
2022-03-15,-8.49891402401326e-05
2022-03-16,-5.250993994643238e-05
2022-03-17,-0.001504530820172545
2022-03-18,0.0018923501864893666
2022-03-21,-0.008118503982536107
2022-03-22,-0.0032714379829822393
2022-03-23,0.004554370223777804
2022-03-24,-0.0025360117245210034
2022-03-25,-0.006017672552044884
2022-03-28,0.0008813262289633084
2022-03-29,0.0024735151361894303
2022-03-30,0.002340551547421965
2022-03-31,0.0007819647858833267
2022-04-01,-0.0028209316735474665
2022-04-04,-0.000530884127969089
2022-04-05,-0.006902104053047919
2022-04-06,-0.001404277590462133
2022-04-07,-0.001032480874150643
2022-04-08,-0.0032795647445058584
2022-04-11,-0.0027942909732463495
2022-04-12,0.0028385630770779713
2022-04-13,0.0011393906236389917
2022-04-14,-0.005660348316879449
2022-04-18,-0.0013202033249734013
2022-04-19,-0.004039860714816879
2022-04-20,0.004527557412160377
2022-04-21,-0.0033556016380532627
2022-04-22,-0.0005904543059814804
2022-04-25,0.0037854212599806036
2022-04-26,0.004019478813393373
2022-04-27,-0.0031520971880177884
2022-04-28,-0.0007319583286533593
2022-04-29,-0.003960798400165055
2022-05-02,-0.003847602018947849
2022-05-03,0.0007376939872845156
2022-05-04,0.004087663406888931
2022-05-05,-0.00678665604965345
2022-05-06,-0.0032367688121515137
2022-05-09,0.004605978587809423
2022-05-10,0.0015272587707730878
2022-05-11,0.003826565544870153
2022-05-12,0.0016739646450274481
2022-05-13,-0.003270516603980256
2022-05-16,0.0015207083427726253
2022-05-17,-0.004772225927986429
2022-05-18,0.0045215062547308005
2022-05-19,0.002187268202715309
2022-05-20,0.002963277717521695
2022-05-23,-0.003772234661560625
2022-05-24,0.0059244459012772754
2022-05-25,0.0014368891004912232
2022-05-26,-0.00045722526882863157
2022-05-27,0.0008235246223287085
2022-05-31,-0.006216814322306696
2022-06-01,-0.002928104064958248
2022-06-02,0.0006350563376706919
2022-06-03,-0.0010158993022962859
2022-06-06,-0.0048884878536900045
2022-06-07,0.0023415187394355552
2022-06-08,-0.002428792793134571
2022-06-09,-0.0003712027380067262
2022-06-10,-0.00609573058288293
2022-06-13,-0.011471946306988778
2022-06-14,-0.004770871191313697
2022-06-15,0.008292161132842146
2022-06-16,0.003520960584130872
2022-06-17,0.0002576162906127166
2022-06-21,-0.003426644538129686
2022-06-22,0.008182075976063796
2022-06-23,0.0030057089166879436
2022-06-24,-0.0025777804081520417
2022-06-27,-0.0031770580476997434
2022-06-28,0.0006928021340897317
2022-06-29,0.004658329319809473
2022-06-30,0.0043342131102350745
2022-07-01,0.006047021079272685
2022-07-05,0.0018176387587309772
2022-07-06,-0.005902027946186772
2022-07-07,-0.0031497193384804056
2022-07-08,-0.003638952632159409
2022-07-11,0.004262958274835027
2022-07-12,0.0015841528672766447
2022-07-13,0.0017764230290489014
2022-07-14,-0.0027025621714619197
2022-07-15,0.0020242186567049902
2022-07-18,-0.0022872607042646598
2022-07-19,-0.0025675673145526545
2022-07-20,-0.00010518911897994254
2022-07-21,0.006804644178447505
2022-07-22,0.006654259904890214
2022-07-25,-0.0025714007603996336
2022-07-26,-9.527140399145928e-05
2022-07-27,0.0009788829559560508
2022-07-28,0.005083594385920209
2022-07-29,-0.0002306093466543091
2022-08-01,0.004182659694496937
2022-08-02,-0.008360836358774715
2022-08-03,0.0030047129169215037
2022-08-04,0.002280210119175008
2022-08-05,-0.009171497372300608
2022-08-08,0.003925476279407203
2022-08-09,-0.0018578772305170022
2022-08-10,0.00010854606753274432
2022-08-11,-0.004496841821909459
2022-08-12,0.0023094655156998822
2022-08-15,0.0013772805037632896
2022-08-16,-0.00045219220382208825
2022-08-17,-0.003543034805352785
2022-08-18,0.0016013730614075072
2022-08-19,-0.004564317556469466
2022-08-22,-0.002433695449960749
2022-08-23,-0.0009567582923060147
2022-08-24,-0.0023497428209672266
2022-08-25,0.003583630220548306
2022-08-26,0.0002270087289342193
2022-08-29,-0.0029222536047770475
2022-08-30,-0.00014448102334618795
2022-08-31,-0.002215488429638368
2022-09-01,-0.004533025567029614
2022-09-02,0.0035610625820772235
2022-09-06,-0.007141573521103117
2022-09-07,0.00439386094790617
2022-09-08,-0.0028602921830832573
2022-09-09,-0.00026304685087175095
2022-09-12,-0.001609472371549292
2022-09-13,-0.0035117622557916395
2022-09-14,-2.3855320082533105e-05
2022-09-15,-0.0017551526940237094
2022-09-16,-0.00029140321977383365
2022-09-19,-0.001281748919810366
2022-09-20,-0.0031331933167988435
2022-09-21,0.0023153014628964907
2022-09-22,-0.008150266616592239
2022-09-23,2.1964993377032727e-05
2022-09-26,-0.008149753795371195
2022-09-27,-0.004567832554991491
2022-09-28,0.012432408746380519
2022-09-29,-0.0027014527920995457
2022-09-30,-0.002541743188811285
2022-10-03,0.0063665206947105535
2022-10-04,0.0005611435482675287
2022-10-05,-0.004388779693121125
2022-10-06,-0.0029384622674054617
2022-10-07,-0.003167651512980818
2022-10-10,-0.0035010781771326327
2022-10-11,0.0014813658821666298
2022-10-12,0.0020463409296815893
2022-10-13,-0.003973318227558864
2022-10-14,-0.0027633478084829743
2022-10-17,0.0005203018913728652
2022-10-18,0.0012795415806805543
2022-10-19,-0.005983289710018047
2022-10-20,-0.004512854454014836
2022-10-21,0.0005673439043745176
2022-10-24,-0.0012921951277840016
2022-10-25,0.0069502793358169335
2022-10-26,0.0033861330893569797
2022-10-27,0.004369562727882359
2022-10-28,-0.0030825657357594904
2022-10-31,-0.002923371036606226
2022-11-01,0.00023188431913512275
2022-11-02,-0.0012403570035316447
2022-11-03,-0.0029610643220487898
2022-11-04,-0.0016391869268644887
2022-11-07,-0.0025572599976284582
2022-11-08,0.0036535498176046843
2022-11-09,0.002316267846101727
2022-11-10,0.013783815772715258
2022-11-11,-0.0011447772853449
2022-11-14,-0.001485351012396774
2022-11-15,0.004450107267254255
2022-11-16,0.004518541662917652
2022-11-17,-0.003881819048969226
2022-11-18,-0.0024312763902406553
2022-11-21,9.325596074361009e-05
2022-11-22,0.0036237496733162455
2022-11-23,0.003945669673356855
2022-11-25,-0.0003755777107607994
2022-11-28,0.0005648765345593887
2022-11-29,-0.002726616434929219
2022-11-30,0.005242536175862567
2022-12-01,0.00791684225000755
2022-12-02,0.004786907481322267
2022-12-05,-0.009010777118130808
2022-12-06,0.0067143798736213345
2022-12-07,0.011521340147653714
2022-12-08,-0.003124725286782093
2022-12-09,-0.011461929664333237
2022-12-12,0.0003932733093487961
2022-12-13,0.007210306299244573
2022-12-14,0.0023883801392741155
2022-12-15,0.0020078906702387656
2022-12-16,-0.004294086191996338
2022-12-19,-0.008750058110932768
2022-12-20,-0.008331838713577455
2022-12-21,0.0015723976865897882
2022-12-22,-0.0003729364375081312
2022-12-23,-0.006517567825802262
2022-12-27,-0.009731181715491366
2022-12-28,-0.0027120204389233793
2022-12-29,0.005564490718346304
2022-12-30,-0.005426555742621186
2023-01-03,0.009084389246960312
2023-01-04,0.007450307927412414
2023-01-05,0.00047447352953811084
2023-01-06,0.011737337392329739
2023-01-09,0.002972758873736936
2023-01-10,-0.007995351258362371
2023-01-11,0.007899543212406934
2023-01-12,0.010376116961097193
2023-01-13,-0.005538512827610753
2023-01-17,-0.003048524631578453
2023-01-18,0.013480460220891555
2023-01-19,-0.002862846577016409
2023-01-20,-0.008032884931043593
2023-01-23,-0.0029952516357634185
2023-01-24,0.006920332486647807
2023-01-25,0.0013958747838487273
2023-01-26,-0.002993988927353697
2023-01-27,-0.0013651408799125742
2023-01-30,-0.0026073508128129363
2023-01-31,0.005008623224143527
2023-02-01,0.007066026812851067
2023-02-02,0.0003382849993984749
2023-02-03,-0.009788011445213352
2023-02-06,-0.006272482079010655
2023-02-07,-0.0033102044788894114
2023-02-08,0.0029217829648928717
2023-02-09,-0.004875266703896486
2023-02-10,-0.005453011971402355
2023-02-13,0.0036262864746274825
2023-02-14,-0.0029705641853088327
2023-02-15,-0.004020509312679055
2023-02-16,-0.00569571238440425
2023-02-17,0.0037535034496263275
2023-02-21,-0.010627317753667653
2023-02-22,0.003721107964513859
2023-02-23,0.004669017874654902
2023-02-24,-0.006963943100297465
2023-02-27,0.0022065017472352455
2023-02-28,0.0019103512877793882
2023-03-01,-0.0067772095119066345
2023-03-02,-0.00420310933692547
2023-03-03,0.010928517702608609
2023-03-06,-0.0033641223373537255
2023-03-07,0.0013871962799436588
2023-03-08,6.0972693747496365e-05
2023-03-09,0.0039602538264515985
2023-03-10,0.019526111772656618
2023-03-13,0.008063493895541507
2023-03-14,-0.009963648385391433
2023-03-15,0.013266190605325301
2023-03-16,-0.006970267367209071
2023-03-17,0.01067027575987134
2023-03-20,-0.004734218721831218
2023-03-21,-0.007052849824725538
2023-03-22,0.010426945829068224
2023-03-23,0.0028743377049962326
2023-03-24,0.0016885799638588495
2023-03-27,-0.013473234545107071
2023-03-28,4.6716678193226e-05
2023-03-29,-0.0013737753242621942
2023-03-30,0.0020967590747660303
2023-03-31,0.007280487309405892
2023-04-03,0.0035700171428656446
2023-04-04,0.0045753485113226855
2023-04-05,0.005332984815128228
2023-04-06,0.000846040497178846
2023-04-10,-0.00986390442980356
2023-04-11,0.0005130855257020617
2023-04-12,0.000992680778130195
2023-04-13,-0.0035223872223809627
2023-04-14,-0.005454443769485673
2023-04-17,-0.006552549159921983
2023-04-18,0.0016336219278925146
2023-04-19,-0.0013163126583417561
2023-04-20,0.0055785429004224785
2023-04-21,-0.0028739974708351657
2023-04-24,0.005186554125970799
2023-04-25,0.009481037559975647
2023-04-26,-0.005255870715860755
2023-04-27,-0.0061186746941409575
2023-04-28,0.008189327551423098
2023-05-01,-0.014248490729233398
2023-05-02,0.013746512513971298
2023-05-03,0.004858658099631041
2023-05-04,-0.002878096734490909
2023-05-05,-0.0037182603886600774
2023-05-08,-0.007262069590739495
2023-05-09,-0.0016765725882338378
2023-05-10,0.006536588517765729
2023-05-11,0.004966492047684179
2023-05-12,-0.0053709830658653646
2023-05-15,-0.004158246500266527
2023-05-16,-0.0024823312397368458
2023-05-17,-0.0024154122123790644
2023-05-18,-0.005136242157002147
2023-05-19,-0.00384596860378561
2023-05-22,-0.0019134092176652517
2023-05-23,0.0014550066817258234
2023-05-24,-0.0028986303669319424
2023-05-25,-0.0036544490175007827
2023-05-26,0.003197663915811111
2023-05-30,0.0065773039454879445
2023-05-31,0.004485449290985377
2023-06-01,0.0027541394439041245
2023-06-02,-0.00724254805788338
2023-06-05,-0.000638999582158184
2023-06-06,0.0019957588156931383
2023-06-07,-0.0076158742393659384
2023-06-08,0.0066435060318583705
2023-06-09,-0.0022703723699708522
2023-06-12,0.0018161873026989461
2023-06-13,-0.006268366802347214
2023-06-14,0.0028952343860508822
2023-06-15,0.006480183691074171
2023-06-16,-0.003183240955296429
2023-06-20,0.003428731796526252
2023-06-21,0.0011184717309253855
2023-06-22,-0.006295760462784794
2023-06-23,0.004988300085990938
2023-06-26,0.001422180644875981
2023-06-27,-0.0025252437353798785
2023-06-28,0.003131759501863618
2023-06-29,-0.010283107169603789
2023-06-30,0.004775047983893499
2023-07-03,-0.0037241316672116387
2023-07-05,-0.004847996877391569
2023-07-06,-0.0076227612976519366
2023-07-07,-0.0020298058529061302
2023-07-10,0.002660180213422958
2023-07-11,0.0023466137621352967
2023-07-12,0.007921162054304265
2023-07-13,0.007201520115960536
2023-07-14,-0.0044685239441499824
2023-07-17,0.0008420324474687213
2023-07-18,0.0018807381209822172
2023-07-19,0.005006488618278793
2023-07-20,-0.007106821715377687
2023-07-21,0.0004164544672158321
2023-07-24,-0.0024151700420670386
2023-07-25,-0.0012871938668763683
2023-07-26,0.0018059512967241176
2023-07-27,-0.010574140147301958
2023-07-28,0.0032298017686107627
2023-07-31,0.0012922424221835094
2023-08-01,-0.007623578546567256
2023-08-02,-0.0040685034909976325
2023-08-03,-0.009982755981565172
2023-08-04,0.010017244758639965
2023-08-07,-0.0039268924579033415
2023-08-08,0.005666171970051481
2023-08-09,0.0017067792239944257
2023-08-10,-0.008168393647640215
2023-08-11,-0.0028581026277183508
2023-08-14,-0.0015465049505415385
2023-08-15,-0.002511540626595754
2023-08-16,-0.004005414987705791
2023-08-17,-0.0014370637759358873
2023-08-18,0.0022757155967807474
2023-08-21,-0.006781091996562738
2023-08-22,0.0024496761284571456
2023-08-23,0.012294804324445296
2023-08-24,-0.003615164881083821
2023-08-25,0.0007524000871526049
2023-08-28,0.0014792725754737557
2023-08-29,0.006538860925265899
2023-08-30,-0.00037699021370263264
2023-08-31,0.002473033979486061
2023-09-01,-0.007358637600093365
2023-09-05,-0.003962452514361781
2023-09-06,-0.0011952806941716299
2023-09-07,0.0024193888320551693
2023-09-08,0.00014752885506408298
2023-09-11,-0.0010824560262661098
2023-09-12,0.0006907193513925325
2023-09-13,0.000850979322715606
2023-09-14,-0.0015386172632478878
2023-09-15,-0.0018298206483322588
2023-09-18,0.0007763274110488272
2023-09-19,-0.0022681639538250087
2023-09-20,-0.0002900120919289151
2023-09-21,-0.004458425756075912
2023-09-22,0.0025410335756255176
2023-09-25,-0.004809135007836085
2023-09-26,-0.0003535486604353544
2023-09-27,-0.00227057175417289
2023-09-28,0.002155333940613513
2023-09-29,0.0001507642184894742
2023-10-02,-0.004604304417755167
2023-10-03,-0.01017756506930656
2023-10-04,0.0075186618465312716
2023-10-05,-0.0006948499770386141
2023-10-06,-0.006248561166325328
2023-10-09,0.012978232852918437
2023-10-10,-0.0013244872193509671
2023-10-11,0.008680888182182711
2023-10-12,-0.012718830602089115
2023-10-13,0.008264417388861744
2023-10-16,-0.007554921129283687
2023-10-17,-0.007673033657445094
2023-10-18,-0.0044625461813463385
2023-10-19,-0.007906231317965529
2023-10-20,0.00434573154769935
2023-10-23,0.005684357382955252
2023-10-24,0.004818344805355812
2023-10-25,-0.010637065152586778
2023-10-26,0.008214294156812185
2023-10-27,-0.0006648842751352246
2023-10-30,-0.0027123422094025296
2023-10-31,-0.002425847432070971
2023-11-01,0.01166725677009528
2023-11-02,0.009705847200268014
2023-11-03,0.005742769674566439
2023-11-06,-0.005811459126805141
2023-11-07,0.007110351600414511
2023-11-08,0.007039640495745125
2023-11-09,-0.011640997834858724
2023-11-10,0.0023426512661508525
2023-11-13,-0.0008325171233678486
2023-11-14,0.013975970705023544
2023-11-15,-0.00798713161209863
2023-11-16,0.007287850953467734
2023-11-17,0.0015770753016608463
2023-11-20,0.0026006850582231955
2023-11-21,0.00047687579317678974
2023-11-22,0.0011474644756135355
2023-11-24,-0.0060107694121862565
2023-11-27,0.008638489026251861
2023-11-28,0.00273740640592246
2023-11-29,0.006712631436952332
2023-11-30,-0.005829094294875992
2023-12-01,0.010568926230599018
2023-12-04,-0.0031987681890432995
2023-12-05,0.009912767547748835
2023-12-06,0.005778697284312795
2023-12-07,-0.0021951789958577494
2023-12-08,-0.005635516129274265
2023-12-11,-0.0005969519017479108
2023-12-12,0.0017465813810260133
2023-12-13,0.01451085696465726
2023-12-14,0.012171731737204983
2023-12-15,-0.00024934674575649574
2023-12-18,-0.00351420073842601
2023-12-19,0.002593758305944549
2023-12-20,0.0043923536705230415
2023-12-21,-0.0023851091325816087
2023-12-22,-0.0017564667117663246
2023-12-26,0.0010240764428881555
2023-12-27,0.009071314670225927
2023-12-28,-0.0038203708815635062
2023-12-29,-0.003781435953883916
2024-01-02,-0.0036151377100001048
2024-01-03,0.0022697829884563703
2024-01-04,-0.007286106654904589
2024-01-05,-0.004471967046307257
2024-01-08,0.004660790685163674
2024-01-09,-0.00217012554309437
2024-01-10,-0.0020608756429587594
2024-01-11,0.004414012646277943
2024-01-12,0.0009540992887488997
2024-01-16,-0.00903408867220512
2024-01-17,-0.002264411871572003
2024-01-18,-0.0036038031684003657
2024-01-19,0.000822987565236577
2024-01-22,0.0031234484960511733
2024-01-23,-0.003467657993482365
2024-01-24,-0.003019374634337879
2024-01-25,0.004189872833129771
2024-01-26,-0.0014279373237955362
2024-01-29,0.006077329897855144
2024-01-30,0.003203462557910708
2024-01-31,0.006635379843874745
2024-02-01,0.009024389871903349
2024-02-02,-0.012755545321798234
2024-02-05,-0.010568068222315263
2024-02-06,0.005533127293602558
2024-02-07,-0.0023088752114849287
2024-02-08,-0.0030762414905823876
2024-02-09,-0.0013836547767630547
2024-02-12,0.0007417275792021005
2024-02-13,-0.010342923898501444
2024-02-14,0.0034015211158933134
2024-02-15,0.002937875527901479
2024-02-16,-0.003753137614101898
2024-02-20,0.0010580034362130952
2024-02-21,-0.0036672295025272916
2024-02-22,0.001574036392171907
2024-02-23,0.006045579537758972
2024-02-26,-0.001720982739906507
2024-02-27,-0.003048268529176057
2024-02-28,0.0036092817027622015
2024-02-29,0.0031842080822195307
2024-03-01,0.0042267104089230845
2024-03-04,-0.002409014116273367
2024-03-05,0.00703796807310364
2024-03-06,0.0028567495086933015
2024-03-07,0.000650486995575239
2024-03-08,-0.0001877883789512813
2024-03-11,-0.0008788063303933891
2024-03-12,-0.004494870313755839
2024-03-13,-0.0025213372704722126
2024-03-14,-0.007873859992028276
2024-03-15,-0.000881678863347668
2024-03-18,-0.0013473869522410142
2024-03-19,0.0021783816208467144
2024-03-20,0.0012112046424450629
2024-03-21,0.0007460482226562259
2024-03-22,0.005039637024698784
2024-03-25,-0.0027068262881519978
2024-03-26,0.0014986710383741997
2024-03-27,0.004930793341119344
2024-03-28,-0.0008018339260773555
2024-04-01,-0.009925020921579764
2024-04-02,-0.0008976030848413252
2024-04-03,0.0007747230076833311
2024-04-04,0.0023296007190050094
2024-04-05,-0.004331768092458832
2024-04-08,-0.0012772212737017785
2024-04-09,0.002704606779498242
2024-04-10,-0.00858949520239527
2024-04-11,-0.00012347637616827445
2024-04-12,0.002126262262217349
2024-04-15,-0.0036531131013585183
2024-04-16,-0.0021849993668404677
2024-04-17,0.003406605921946415
2024-04-18,-0.0018255833481948258
2024-04-19,0.0008887281799456748
2024-04-22,0.000166547298157127
2024-04-23,0.0009437702411969617
2024-04-24,-0.0018177539870484205
2024-04-25,-0.0022606250338340628
2024-04-26,0.001466241197479512
2024-04-29,0.0023095079032178223
2024-04-30,-0.002967489167207127
2024-05-01,0.00310293754682478
2024-05-02,0.0034898992001439755
2024-05-03,0.005759578933847154
2024-05-06,0.0015531205345595822
2024-05-07,0.00295338217580432
2024-05-08,-0.0030569798326310904
2024-05-09,0.0029324117974971475
2024-05-10,-0.00325551823584469
2024-05-13,0.0013346315769713346
2024-05-14,0.003194492000985427
2024-05-15,0.007718181740820951
2024-05-16,-0.0012134988843682804
2024-05-17,-0.0035194891498626646
2024-05-20,-0.0015801969637269098
2024-05-21,0.0027627146424975546
2024-05-22,-0.00026499610849528565
2024-05-23,-0.003520348096063053
2024-05-24,0.001552828846647536
2024-05-28,-0.00699451070841528
2024-05-29,-0.005808251954870336
2024-05-30,0.005261974096811395
2024-05-31,0.0042752055219230645
2024-06-03,0.007991930328592467
2024-06-04,0.006047235470593826
2024-06-05,0.0039951839110552445
2024-06-06,-0.0006055790833219277
2024-06-07,-0.010527553630616748
2024-06-10,-0.0028980452094746756
2024-06-11,0.005566270761138359
2024-06-12,0.004815839812816858
2024-06-13,0.00765299226624494
2024-06-14,0.003652174988737711
2024-06-17,-0.005230850087424743
2024-06-18,0.004986298310270421
2024-06-20,-0.003218542062338292
2024-06-21,0.00019180065323909368
2024-06-24,0.0016860015651043447
2024-06-25,0.0008953608482193953
2024-06-26,-0.007159405937170904
2024-06-27,0.0023214911984317244
2024-06-28,-0.007984383089355784
2024-07-01,-0.008513746178328119
2024-07-02,0.002428147900291666
2024-07-03,0.004205898451019152
2024-07-05,0.0036118515263494633
2024-07-08,0.0002431951817749578
2024-07-09,-0.0010139208119427368
2024-07-10,0.0008275881011254871
2024-07-11,0.004300829444918497
2024-07-12,0.0019490672512976204
2024-07-15,-0.0021367318104356103
2024-07-16,0.0029947498147500085
2024-07-17,0.00034898455967202757
2024-07-18,-0.0019356274895595549
2024-07-19,-0.0018486476479488978
2024-07-22,-0.000510558592075494
2024-07-23,0.0003719883202930596
2024-07-24,-0.0014760352531579812
2024-07-25,0.0015681369271804968
2024-07-26,0.0030268523959522398
2024-07-29,0.0011288194898575465
2024-07-30,0.0012464889511458743
2024-07-31,0.004500503892274521
2024-08-01,0.003211597371808761
2024-08-02,0.01741572065752739
2024-08-05,0.0020484722471540984
2024-08-06,-0.010936291338903614
2024-08-07,-0.003762370534357462
2024-08-08,-0.003216017581324282
2024-08-09,0.004713863563514886
2024-08-12,0.0023484098996975344
2024-08-13,0.00432396264788415
2024-08-14,0.002511369406944519
2024-08-15,-0.005602086939486051
2024-08-16,0.002191455310527779
2024-08-19,0.0019203467780184447
2024-08-20,0.004503983105385689
2024-08-21,0.0012450918560817925
2024-08-22,-0.005328300171051792
2024-08-23,0.004504216089098234
2024-08-26,-0.0014256965898076235
2024-08-27,-0.0005212963884058119
2024-08-28,-0.0006231393392318596
2024-08-29,-0.001721074404548495
2024-08-30,-0.004747142060926857
2024-09-03,0.008017978975728202
2024-09-04,0.004351812340617434
2024-09-05,0.0014926056492432505
2024-09-06,0.0015017212721191164
2024-09-09,0.0009367761535283847
2024-09-10,0.0028574074469114308
2024-09-11,-0.0007969721981736511
2024-09-12,-0.0008917704932440707
2024-09-13,0.0017167775338855495
2024-09-16,0.002081781970448171
2024-09-17,-0.0014719115379550063
2024-09-18,-0.0027878276750961106
2024-09-19,-7.47223744018699e-05
2024-09-20,-0.00026076208910452703
2024-09-23,-0.0003962903735785783
2024-09-24,0.0008919875803465871
2024-09-25,-0.0025557191263093637
2024-09-26,-0.0005577856356419053
2024-09-27,0.002651021926809438
2024-09-30,-0.0021650764092834285
2024-10-01,0.0021959678955247863
2024-10-02,-0.003839875580373353
2024-10-03,-0.005273374187261259
2024-10-04,-0.008420694860826639
2024-10-07,-0.0041393808423554335
2024-10-08,0.001118559701140942
2024-10-09,-0.0034416065622904224
2024-10-10,-0.0010291989428927728
2024-10-11,-0.0009258431385330557
2024-10-14,-0.0005140846344781069
2024-10-15,0.005835208930770941
2024-10-16,0.0021072626485314494
2024-10-17,-0.007222510362710599
2024-10-18,0.0009152041757487517
2024-10-21,-0.008761069154022305
2024-10-22,-4.254128892622333e-05
2024-10-23,-0.001855553314973335
2024-10-24,0.0029746974745108457
2024-10-25,-0.002679477261824159
2024-10-28,-0.0018169129904703762
2024-10-29,0.0007577731730383785
2024-10-30,0.0001630560250247548
2024-10-31,0.0004338078681449531
2024-11-01,-0.006654447334311531
2024-11-04,0.007196954202255412
2024-11-05,0.0018809645428539135
2024-11-06,-0.013059496826976935
2024-11-07,0.00741449273247663
2024-11-08,0.004708945643118856
2024-11-11,-0.0027976978131947217
2024-11-12,-0.007449834922799492
2024-11-13,-0.0028883156336930726
2024-11-14,0.001392170779639601
2024-11-15,-0.00037392938762459416
2024-11-18,0.0015845027825514002
2024-11-19,0.0024058048067956417
2024-11-20,-0.0017249031724806407
2024-11-21,-0.0005170706731913999
2024-11-22,0.00035725238083283983
2024-11-25,0.012857200311913841
2024-11-26,-0.0020109873912720344
2024-11-27,0.0038700248484742072
2024-11-29,0.0052854389094427745
2024-12-02,0.0007657946206054422
2024-12-03,-0.0016433236881409075
2024-12-04,0.0028664114593031087
2024-12-05,0.0001705228543309456
2024-12-06,0.00168006807319232
2024-12-09,-0.002182752316321701
2024-12-10,-0.0010783075331972647
2024-12-11,-0.0019694240829051246
2024-12-12,-0.0026292871178424937
2024-12-13,-0.0026873462038065066
2024-12-16,0.00045918643081033217
2024-12-17,0.0003094465987967254
2024-12-18,-0.004629177532369355
2024-12-19,-0.002139873063315867
2024-12-20,0.001709603205881649
2024-12-23,-0.0025636210406860815
2024-12-24,0.0008598712857315061
2024-12-26,0.00031971849985734657
2024-12-27,-0.0014027469506689982
2024-12-30,0.003390940682391319
2024-12-31,-0.0006824989807862059
2025-01-02,0.00027170444856428055
2025-01-03,-0.002085198410229916
2025-01-06,-0.002474933205171892
2025-01-07,-0.00711226419795119
2025-01-08,0.0012840331579400122
2025-01-10,-0.005854303745864042
2025-01-13,-0.0006517952879222522
2025-01-14,-0.0006644926912560134
2025-01-15,0.012158251252193608
2025-01-16,0.002447705571885894
2025-01-17,0.0010378811118485487
2025-01-21,0.0055434787463806146
2025-01-22,-0.0034416465137612207
2025-01-23,-0.0046607941520656615
2025-01-24,0.0029788223070159603
2025-01-27,0.00813317934507296
2025-01-28,-0.00025963434984532796
2025-01-29,-0.0014973352243569105
2025-01-30,0.002642585450882917
2025-01-31,-0.003746114787023025
2025-02-03,0.004140188236907205
2025-02-04,0.0021725352575310275
2025-02-05,0.007646817064159928
2025-02-06,-0.000661958656318351
2025-02-07,-0.003639233305284595
2025-02-10,-0.0009248636871654892
2025-02-11,-0.003084783146555692
2025-02-12,-0.007272814301388264
2025-02-13,0.008457636922173828
2025-02-14,0.0036161439873831913
2025-02-18,-0.006013601507630528
2025-02-19,0.0011986439927986758
2025-02-20,0.0019682236386420193
2025-02-21,0.00656884599869989
2025-02-24,0.001926536987625127
2025-02-25,0.00886102344870765
2025-02-26,0.00303462980264646
2025-02-27,-0.002667104535331144
2025-02-28,0.006573602099593234
2025-03-03,0.0030060494898471735
2025-03-04,-0.005112926260663508
2025-03-05,-0.004869440036169181
2025-03-06,-0.0010633268582609379
2025-03-07,-0.0015208159749797723
2025-03-10,0.006377625224270211
2025-03-11,-0.003754247655627929
2025-03-12,-0.0031974701109205306
2025-03-13,0.004473946191678957
2025-03-14,-0.0031516328227553236
2025-03-17,0.0017999087626063837
2025-03-18,0.0007156621791848394
2025-03-19,0.0032211667892116935
2025-03-20,0.000790972365756426
2025-03-21,-0.0020326714324321316
2025-03-24,-0.005758061762871525
2025-03-25,0.000652996248987181
2025-03-26,-0.0030116647471964964
2025-03-27,-0.0010706626650360818
2025-03-28,0.007820384711109796
2025-03-31,0.0044651165561320205
2025-04-01,0.00415115415931
2025-04-02,-0.0007755363333505905
2025-04-03,0.0062120977458433035
2025-04-04,0.0043610696091977985
2025-04-07,-0.014041418825772256
2025-04-08,-0.008108444423757133
2025-04-09,0.0006524102010623256
2025-04-10,-0.011159699561141712
2025-04-11,-0.0007631727331829374
2025-04-14,0.005742191027747756
2025-04-15,0.0021463502755627584
2025-04-16,0.003721359158316506
2025-04-17,-0.003709085611950713
2025-04-21,-0.007680320090146742
2025-04-22,0.002165496344820994
2025-04-23,0.003236255938068755
2025-04-24,0.005640303862855189
2025-04-25,0.003958715055853768
2025-04-28,0.003886703928750901
2025-04-29,0.0041075296156019014
2025-04-30,-0.0016921504464815218
2025-05-01,-0.0038172790840992343
2025-05-02,-0.006490549978854898
2025-05-05,-0.0024925979941171628
2025-05-06,0.0022312778465241045
2025-05-07,0.002401853692484357
2025-05-08,-0.00698639214134722
2025-05-09,0.0009048705814895808
2025-05-12,-0.0058073979468938886
2025-05-13,-0.0016677954216454127
2025-05-14,-0.003673187857685112
2025-05-15,0.00571906096538366
2025-05-16,0.0009031084382411514
2025-05-19,-0.0010086330237444319
2025-05-20,-0.0027533918707408622
2025-05-21,-0.008112518479325925
2025-05-22,0.0031629762315132925
2025-05-23,0.001711897436776244
2025-05-27,0.006051855879427359
2025-05-28,-0.0025827724881725134
2025-05-29,0.004783831206170763
2025-05-30,0.0018968264473702146
2025-06-02,-0.004468530832366202
2025-06-03,-0.0009875642246049976
2025-06-04,0.008465711459272107
2025-06-05,-0.001114754165513543
2025-06-06,-0.007486373889046161
2025-06-09,0.0011999140144416387
2025-06-10,0.0022899337452841895
2025-06-11,0.0029213847025839623
2025-06-12,0.005739944016356802
2025-06-13,-0.00472101735652064
2025-06-16,-0.004376602395821161
2025-06-17,0.0058543325836710736
2025-06-18,0.0009546126339965433
2025-06-20,-0.00016894719289894944
2025-06-23,0.002689546286348987
2025-06-24,0.0038771501537406827
2025-06-25,0.0006039401100670361
2025-06-26,0.0032818449033193975
2025-06-27,-0.0031405630517844507
2025-06-30,0.00488028774664917
2025-07-01,-0.00012053168983339191
2025-07-02,-0.0028579174288843046
2025-07-03,-0.003835879102537354
2025-07-07,-0.0042978909727307
2025-07-08,-0.0008749031276256147
2025-07-09,0.005465084097057815
2025-07-10,5.234943901832878e-05
2025-07-11,-0.006197588580693081
2025-07-14,-0.0007902045185703699
2025-07-15,-0.0039389886998528745
2025-07-16,0.0018393035122796775
2025-07-17,-0.00030649867888288274
2025-07-18,0.0017108955189053532
2025-07-21,0.00429056412713158
2025-07-22,0.0031845880066974086
2025-07-23,-0.00330931400177914
2025-07-24,-0.001353283333231703
2025-07-25,0.003048185654488167
2025-07-28,-0.002916915464943104
2025-07-29,0.008024571127268176
2025-07-30,-0.003230135651342003
2025-07-31,0.0004719374186874514
2025-08-01,0.010217619055413296
2025-08-04,0.0014444653740033342
2025-08-05,0.0006590727962381138
2025-08-06,-0.00205436638831924
2025-08-07,-0.0009744635658217593
2025-08-08,-0.002291435332623104
2025-08-11,0.0004856242691528845
2025-08-12,-0.0015019393220043753
2025-08-13,0.004379473292831948
2025-08-14,-0.003909635587067695
2025-08-15,-0.003148070464155328
2025-08-18,-0.0012713078701601654
2025-08-19,0.0029191028186643653
2025-08-20,0.0013369928108044604
2025-08-21,-0.0029013006679667885
2025-08-22,0.005036012001941037
2025-08-25,-0.0017755070332069467
2025-08-26,0.0009669124244664484
2025-08-27,0.0004908049102922973
2025-08-28,0.0028151271122920374
2025-08-29,-0.0023481845016199987
2025-09-02,-0.00362174674410487
2025-09-03,0.00505222646406378
2025-09-04,0.004289460829114189
2025-09-05,0.007233023263293337
2025-09-08,0.005745806557521993
2025-09-09,-0.003002320763905497
2025-09-10,0.0028767546605015237
2025-09-11,0.002914655226932794
2025-09-12,-0.002472585412201189
2025-09-15,0.0014632834229899583
2025-09-16,0.001083683895246601
2025-09-17,-0.001744778789302237
2025-09-18,-0.0047452932361155
2025-09-19,-0.000667852732005425
2025-09-22,-0.001930140669198166
2025-09-23,0.003421062475957637
2025-09-24,-0.002345738869254821
2025-09-25,-0.0009976577643234785
2025-09-26,-0.0002798875744203233
2025-09-29,0.0038778202734828238
2025-09-30,-0.0009710188102092232
2025-10-01,0.002375619642375426
2025-10-02,0.0013965176096308873
2025-10-03,-0.0014097244211473958
2025-10-06,-0.0036984777408257674
2025-10-07,0.0029047920288765017
2025-10-08,0.0002904672508401429
2025-10-09,-0.0005436951273425361
2025-10-10,0.008020739330569349
2025-10-13,0.0006257689725652771
2025-10-14,0.0016918471953535352
2025-10-15,-0.0012757966469758575
2025-10-16,0.004500019500832897
2025-10-17,-0.0011018301070331304
2025-10-20,0.0017758106476319924
2025-10-21,0.002351123694778634
2025-10-22,0.00028857558389794313
2025-10-23,-0.003641022397415705
2025-10-24,0.000653522545823515
2025-10-27,0.0010630304733429963
2025-10-28,0.001230115106253038
2025-10-29,-0.0061984326424645575
2025-10-30,-0.0024006359068226013
2025-10-31,-0.0007441086665139762
2025-11-03,-0.0009847443077617424
2025-11-04,0.0012783978866013346
2025-11-05,-0.005463933198905702
2025-11-06,0.005088379552972588
2025-11-07,-0.0004060236504278558
2025-11-10,-0.0006036551173069782
2025-11-11,0.002841678694314176
2025-11-12,0.0005410354046295751
2025-11-13,-0.003904648988737325
2025-11-14,-0.0023276981638098437
2025-11-17,0.001160285079822465
2025-11-18,0.0006439717290172009
2025-11-19,-0.0009518626340534464
2025-11-20,0.0023816482234544356
2025-11-21,0.002510673609533498
2025-11-24,0.002446076080115045
2025-11-25,0.0019093506966230134
2025-11-26,0.0017098049417867411
2025-11-28,-0.002165385131992048
2025-12-01,-0.006225285948692538
2025-12-02,0.0006274345009291693
2025-12-03,0.001828418402172849
2025-12-04,-0.003070735322023954
2025-12-05,-0.0023513135488485437
2025-12-08,-0.0018646144568218448
2025-12-09,-0.0003072464443197864
2025-12-10,0.002924388385352694
2025-12-11,-0.00037675015926208477
2025-12-12,-0.004058396016507815
2025-12-15,0.0007071570037291419
2025-12-16,0.002911607391016924
2025-12-17,-0.0003300404179662486
2025-12-18,0.002689772355570774
2025-12-19,-0.002049065442638165
2025-12-22,-0.0012270050109672859
2025-12-23,0.00022868066732595338
2025-12-24,0.003076171016236806
2025-12-26,-0.0005399227397111517
2025-12-29,0.0018921172313040024
2025-12-30,-0.0010560483856905112
2025-12-31,-0.0038682264582799997
2026-01-02,-0.0006076687255522906
2026-01-05,0.002773679521225203
2026-01-06,-0.0008895078667778833
2026-01-07,0.0025327116740216926
2026-01-08,-0.002799562205743844
2026-01-09,0.002478487055337819
2026-01-12,-0.0014065660391366919
2026-01-13,0.0010685026893506588
2026-01-14,0.0027174929641988754
2026-01-15,-0.0010052951389345477
2026-01-16,-0.003299455944242191
2026-01-20,-0.005670534500183622
2026-01-21,0.003568714438009213
2026-01-22,0.0013000820483588527
2026-01-23,0.0015929411521571346
2026-01-26,0.002208502644445609
2026-01-27,-0.0023953873444166884
2026-01-28,-0.0010407840199888607
2026-01-29,0.0005432771265800884
2026-01-30,-0.001799273107985555
2026-02-02,-0.0017685538459866201
2026-02-03,0.0010828470104065069
2026-02-04,-0.000755069264955166
2026-02-05,0.0060981129928956435
2026-02-06,0.00022957358839459374
2026-02-09,7.299720704412316e-05
2026-02-10,0.005521052987968789
2026-02-11,-0.003038262676714476
2026-02-12,0.0068262801328640155
2026-02-13,0.003679015971030708
2026-02-17,0.00041362544355383335
2026-02-18,-0.0021655456689837482
2026-02-19,0.0006492682382539527
2026-02-20,-0.0007544615233709973
2026-02-23,0.0027265728686525215
2026-02-24,0.0005353668313192728
2026-02-25,-0.0003148598434897787
2026-02-26,0.0023659002160743015
2026-02-27,0.003834147481994288
2026-03-02,-0.005998963156068293
2026-03-03,-0.001087399269854905
2026-03-04,-0.001931358272391881
2026-03-05,-0.0026181655373935797
2026-03-06,-0.001279681799128185
2026-03-09,0.004083088029588788
2026-03-10,-0.004812743497170757
2026-03-11,-0.006119532380270409
2026-03-12,-0.0022913518016131063
2026-03-13,-0.0017696980368058224
2026-03-16,0.004449390057916336
2026-03-17,0.0015370346773717625
2026-03-18,-0.003983747480064581
2026-03-19,0.0018862962770704872
2026-03-20,-0.009990070920173455
2026-03-23,0.0036833538040061953
2026-03-24,-0.0030565076720235895
2026-03-25,0.005288349413163029
2026-03-26,-0.006194307287895606
2026-03-27,-0.0010550696989410913
2026-03-30,0.007162786928485376
2026-03-31,0.0005402238325262765
2026-04-01,-0.0006264527622513727
2026-04-02,0.0029817145792210287
2026-04-06,-0.0017366284786216601
2026-04-07,0.0010447123111201329
2026-04-08,0.0021376455936465977
2026-04-09,-0.0008705674776035011
2026-04-10,-0.0014888414725655608
2026-04-13,0.0019801417142919497
2026-04-14,0.0030952486016457836
2026-04-15,-0.0022696167531509603
2026-04-16,-0.002829318921832802
2026-04-17,0.005513264995471889
2026-04-20,-0.0005508330496960534
2026-04-21,-0.0037872507019203194
2026-04-22,0.0011658514312298252
2026-04-23,-0.0014160736509326588
2026-04-24,0.0016443034475459584
2026-04-27,-0.0025027684783685
2026-04-28,-0.00017006640425765163
2026-04-29,-0.004604002580319455
2026-04-30,0.0006885106264180596
2026-05-01,0.0014921260947142745
2026-05-04,-0.004167567673456385
2026-05-05,0.0024950872710221006
2026-05-06,0.004638130152012199
2026-05-07,-0.0029695576950783398
2026-05-08,0.0028376547153212694
2026-05-11,-0.0034651339849223195
2026-05-12,-0.00359071814098999
2026-05-13,-0.0006208802049741946
2026-05-14,0.00013526486767312385
2026-05-15,-0.007988000259623762
2026-05-18,-0.000372685778107118
2026-05-19,-0.0036601057601294285
2026-05-20,0.006231573104213073
2026-05-21,0.001392289991792195
2026-05-22,0.0020098695856143323
2026-05-26,0.0034320376696443944
2026-05-27,0.0009636114803841522
2026-05-28,0.0026568248549836415
2026-05-29,0.000627178440466114
2026-06-01,-0.000586406046075516
2026-06-02,0.0009497968607554697
2026-06-03,-0.002335912940369389
2026-06-04,0.0014115753967069988
2026-06-05,-0.004176730931670702
2026-06-08,-0.0019153138115565183
2026-06-09,0.0030513733608197313
2026-06-10,-0.0012583840677757863
2026-06-11,0.007231477319900925
2026-06-12,-0.001462374979457226
2026-06-15,0.00032112806252948545
2026-06-16,0.002758869259365193
2026-06-17,-0.00222989736743473
2026-06-18,0.0032811305342235197
2026-06-22,-0.004150255899488586
2026-06-23,0.0010960250036620156
2026-06-24,0.007149774184946223
2026-06-25,0.0001749613851131926
2026-06-26,0.0012823539671691364
2026-06-29,0.00037172537345742107
2026-06-30,-0.005926997111537546
2026-07-01,-0.003204227818364047
2026-07-02,0.0006874400602860931
2026-07-06,0.00014163502979913645
2026-07-07,-0.005693554517339328
2026-07-08,-0.0015029123198239125
2026-07-09,0.001510422049149751
2026-07-10,-0.00048611170248735736
2026-07-13,-0.003539613527762442
2026-07-14,0.0019378398027656285
2026-07-15,0.0017361158700117674
2026-07-16,-0.0003313405878280218
2026-07-17,0.0016018089599434404
2026-07-20,-0.0036556579412222456
2026-07-21,-0.0020122347050897105
2026-07-22,-0.0018642405235609338
2026-07-23,-0.0022083171618111352
2026-07-24,0.0012933958509007137
2026-07-27,0.002953055084232714
2026-07-28,0.0032179840293991013
2026-07-29,-0.006638227374909711
2026-07-30,2.8758455150379447e-05
2026-07-31,-0.0031465359678277682
2026-08-03,0.0018404678047367895
2026-08-04,0.004506954594614143
2026-08-05,0.0010629474325738464
2026-08-06,-0.003626976116741454
2026-08-07,0.0022482689490197494
2026-08-10,-0.004536924984422042
2026-08-11,0.0009634088896330884
2026-08-12,0.00020241100151929814
2026-08-13,0.003613259084502829
2026-08-14,-0.0032721690797653524
2026-08-17,-0.0035126965354970174
2026-08-18,0.0016660044879110991
2026-08-19,0.007300103848746797
2026-08-20,-0.004257647264353626
2026-08-21,-0.001899728660893496
2026-08-24,0.0027496815073204672
2026-08-25,0.005794318770639295
2026-08-26,-0.0014808431235265873
2026-08-27,-0.001045676042457866
2026-08-28,-0.002971111896497458
2026-08-31,-0.00184878215194062
2026-09-01,-0.0026986717240327085
2026-09-02,0.0008195288810644019
