code,name,first_date,last_date,bars
sh600005,武钢股份,2015-01-05,2017-01-23,430
sh600000,浦发银行,2015-01-05,2026-09-02,2804
sh600004,白云机场,2015-01-05,2026-09-02,2836
sh600007,中国国贸,2015-01-05,2026-09-02,2836
sh600006,东风股份,2015-01-05,2026-09-02,2784
sh600008,首创环保,2015-01-05,2026-09-02,2820
sh600009,上海机场,2015-01-05,2026-09-02,2825
sh600011,华能国际,2015-01-05,2026-09-02,2836
sh600010,包钢股份,2015-01-05,2026-09-02,2827
sh600029,南方航空,2015-01-05,2026-09-02,2833
sh600023,浙能电力,2015-01-05,2026-09-02,2836
sh600028,中国石化,2015-01-05,2026-09-01,2835
sh600025,华能水电,2017-12-15,2026-09-02,2115
sh600030,中信证券,2015-01-05,2026-09-01,2818
sh600018,上港集团,2015-01-05,2026-09-02,2833
sh600021,上海电力,2015-01-05,2026-09-02,2759
sh600015,华夏银行,2015-01-05,2026-09-01,2835
sh600020,中原高速,2015-01-05,2026-09-02,2836
sh600022,山东钢铁,2015-01-05,2026-09-02,2739
sh600016,民生银行,2015-01-05,2026-09-01,2835
sh600027,华电国际,2015-01-05,2026-09-02,2825
sh600012,皖通高速,2015-01-05,2026-09-01,2825
sh600017,日照港,2015-01-05,2026-09-02,2836
sh600026,中远海能,2015-01-05,2026-09-02,2738
sh600019,宝钢股份,2015-01-05,2026-09-02,2744
sh600032,浙江新能,2021-05-25,2026-09-02,1282
sh600031,三一重工,2015-01-05,2026-09-01,2834
sh600033,福建高速,2015-01-05,2026-09-02,2836
sh600035,楚天高速,2015-03-27,2026-09-02,2698
sh600039,四川路桥,2015-01-05,2026-09-01,2813
sh600038,中直股份,2015-01-05,2026-09-02,2826
sh600048,保利发展,2015-01-05,2026-09-01,2828
sh600037,歌华有线,2015-01-05,2026-09-02,2807
sh600036,招商银行,2015-01-05,2026-09-01,2830
sh600052,东望时代,2015-01-20,2026-09-02,2698
sh600053,*ST九鼎,2015-01-05,2026-09-02,2650
sh600050,中国联通,2015-01-05,2026-09-02,2741
sh600051,宁波联合,2015-01-05,2026-09-02,2765
sh600056,中国医药,2015-01-05,2026-09-02,2821
sh600054,黄山旅游,2015-01-05,2026-09-02,2831
sh600055,万东医疗,2015-01-05,2026-09-02,2808
sh600057,厦门象屿,2015-01-05,2026-09-01,2812
sh600058,五矿发展,2015-01-05,2026-09-02,2756
sh600069,退市银鸽,2015-01-05,2020-08-20,1245
sh600059,古越龙山,2015-01-05,2026-09-02,2836
sh600060,海信视像,2015-01-05,2026-09-02,2833
sh600068,葛洲坝,2015-01-05,2021-09-01,1614
sh600061,国投资本,2015-01-07,2026-09-02,2794
sh600064,南京高科,2015-01-05,2026-09-01,2834
sh600062,华润双鹤,2015-01-05,2026-09-02,2804
sh600063,皖维高新,2015-01-05,2026-09-02,2830
sh600070,*ST富润,2015-01-05,2025-04-10,2394
sh600067,冠城新材,2015-01-05,2026-09-02,2834
sh600066,宇通客车,2015-01-05,2026-09-02,2835
sh600074,退市保千,2015-01-05,2020-05-26,896
sh600071,凤凰光学,2015-01-05,2026-09-02,2712
sh600072,中船科技,2015-01-05,2026-09-02,2729
sh600073,光明肉业,2015-01-05,2026-09-02,2790
sh600075,新疆天业,2015-01-05,2026-09-02,2743
sh600076,康欣新材,2015-05-18,2026-09-02,2663
sh600086,退市金钰,2015-01-05,2021-03-10,1216
sh600077,*ST宋都,2015-01-05,2023-06-13,2050
sh600080,ST金花,2015-01-05,2026-09-02,2808
sh600079,ST人福,2015-01-05,2026-09-02,2811
sh600078,澄星股份,2015-01-05,2026-09-02,2756
sh600081,东风科技,2015-01-05,2026-09-02,2813
sh600083,*ST博信,2015-01-05,2025-01-16,2322
sh600090,退市济堂,2015-04-20,2022-06-30,1687
sh600091,退市明科,2015-01-15,2022-06-15,1683
sh600082,ST海泰,2015-01-05,2026-09-02,2826
sh600085,同仁堂,2015-01-05,2026-09-02,2836
sh600084,*ST尼雅,2015-01-05,2026-09-02,2599
sh600089,特变电工,2015-01-05,2026-09-02,2826
sh600088,中视传媒,2015-01-05,2026-09-02,2836
sh600093,退市易见,2015-01-05,2022-06-16,1725
sh600095,湘财股份,2015-01-05,2026-09-02,2798
sh600094,大名城,2015-01-05,2026-09-02,2804
sh600096,云天化,2015-01-05,2026-09-01,2833
sh600097,开创国际,2015-01-05,2026-09-02,2697
sh600099,林海股份,2015-01-05,2026-09-02,2641
sh600100,同方股份,2015-01-05,2026-09-02,2720
sh600098,广州发展,2015-01-05,2026-09-02,2834
sh600101,明星电力,2015-01-05,2026-09-02,2836
sh600106,重庆路桥,2015-01-05,2026-09-02,2739
sh600105,永鼎股份,2015-01-16,2026-09-02,2804
sh600103,青山纸业,2015-02-12,2026-09-02,2805
sh600104,上汽集团,2015-01-05,2026-09-02,2816
sh600107,*ST尔雅,2015-01-05,2026-09-02,2789
sh600108,亚盛集团,2015-01-05,2026-09-02,2835
sh600110,诺德股份,2015-01-05,2026-09-02,2636
sh600109,国金证券,2015-01-05,2026-09-02,2816
sh600112,*ST天成,2015-01-05,2024-07-19,2213
sh600111,北方稀土,2015-01-05,2026-09-02,2836
sh600115,中国东航,2015-01-05,2026-09-02,2822
sh600116,三峡水利,2015-01-05,2026-09-02,2824
sh600113,浙江东日,2015-01-05,2026-09-02,2727
sh600114,东睦股份,2015-01-05,2026-09-02,2810
sh600117,西宁特钢,2015-01-05,2026-09-02,2769
sh600118,中国卫星,2015-01-05,2026-09-02,2836
sh600122,*ST宏图,2015-01-05,2023-05-26,1772
sh600119,*ST长投,2015-01-05,2026-09-02,2829
sh600120,浙江东方,2015-01-05,2026-09-02,2653
sh600121,郑州煤电,2015-01-05,2026-09-02,2814
sh600123,兰花科创,2015-01-05,2026-09-01,2835
sh600125,铁龙物流,2015-01-05,2026-09-02,2833
sh600126,杭钢股份,2015-03-31,2026-09-02,2765
sh600127,金健米业,2015-01-05,2026-09-02,2806
sh600128,苏豪弘业,2015-01-05,2026-09-02,2836
sh600129,太极集团,2015-04-29,2026-09-02,2736
sh600130,波导股份,2015-01-05,2026-09-02,2829
sh600131,国网信通,2015-01-05,2026-09-02,2825
sh600132,重庆啤酒,2015-01-05,2026-09-02,2836
sh600139,*ST西源,2015-01-05,2023-02-27,1787
sh600133,东湖高新,2015-01-05,2026-09-02,2746
sh600135,乐凯胶片,2015-01-05,2026-09-02,2825
sh600145,退市新亿,2015-01-05,2022-04-21,546
sh600136,ST明诚,2015-01-05,2026-09-02,2574
sh600138,中青旅,2015-01-05,2026-09-02,2826
sh600137,浪莎股份,2015-01-05,2026-09-02,2765
sh600146,退市环球,2015-01-05,2022-06-23,1364
sh600143,金发科技,2015-01-05,2026-09-02,2749
sh600148,长春一东,2015-01-05,2026-09-02,2743
sh600149,廊坊发展,2015-01-05,2026-09-02,2759
sh600150,中国船舶,2015-01-05,2026-09-02,2695
sh600151,航天机电,2015-01-05,2026-09-02,2659
sh600152,维科技术,2015-01-05,2026-09-02,2755
sh600155,华创云信,2015-01-05,2026-09-02,2608
sh600156,华升股份,2015-01-05,2026-09-02,2799
sh600159,大龙地产,2015-01-05,2026-09-02,2836
sh600157,永泰能源,2015-01-05,2026-09-02,2580
sh600158,中体产业,2015-01-05,2026-09-02,2702
sh600160,巨化股份,2015-01-05,2026-09-02,2815
sh600161,天坛生物,2015-01-05,2026-09-02,2715
sh600162,香江控股,2015-01-05,2026-09-02,2737
sh600163,中闽能源,2015-01-05,2026-09-02,2807
sh600165,宁科生物,2015-01-05,2026-09-02,2581
sh600166,福田汽车,2015-01-05,2026-09-02,2832
sh600167,联美控股,2015-01-05,2026-09-02,2695
sh600168,武汉控股,2015-01-05,2026-09-02,2677
sh600175,退市美都,2015-01-05,2020-08-07,1226
sh600169,ST太重,2015-01-05,2026-09-02,2830
sh600170,上海建工,2015-01-05,2026-09-02,2816
sh600141,兴发集团,2015-01-06,2026-09-02,2802
sh600173,卧龙新能,2015-01-05,2026-09-02,2606
sh600172,黄河旋风,2015-01-05,2026-09-02,2771
sh600171,上海贝岭,2015-01-05,2026-09-02,2790
sh600176,中国巨石,2015-01-05,2026-09-02,2814
sh600177,雅戈尔,2015-01-05,2026-09-01,2817
sh600178,东安动力,2015-01-05,2026-09-02,2835
sh600179,安通控股,2015-05-11,2026-09-02,2696
sh600180,*ST瑞茂,2015-01-05,2026-09-02,2821
sh600182,S佳通,2015-01-05,2026-09-02,2650
sh600185,珠免集团,2015-01-05,2026-09-02,2803
sh600184,光电股份,2015-01-05,2026-09-02,2836
sh600183,生益科技,2015-01-05,2026-09-02,2836
sh600187,*ST国中,2015-01-05,2026-09-02,2717
sh600186,莲花控股,2015-01-05,2026-09-02,2735
sh600188,兖矿能源,2015-01-05,2026-09-01,2834
sh600190,退市锦港,2015-01-05,2025-07-18,2497
sh600189,泉阳泉,2015-01-05,2026-09-02,2528
sh600191,华资实业,2015-01-05,2026-09-02,2697
sh600193,退市创兴,2015-01-05,2026-06-29,2605
sh600192,长城电工,2015-01-05,2026-09-02,2836
sh600195,中牧股份,2015-01-05,2026-09-02,2766
sh600196,复星医药,2015-01-05,2026-09-02,2821
sh600197,伊力特,2015-01-05,2026-09-02,2836
sh600198,大唐电信,2015-01-05,2026-09-02,2818
sh600199,金种子酒,2015-01-05,2026-09-02,2830
sh600203,福日电子,2015-01-05,2026-09-02,2823
sh600202,哈空调,2015-01-05,2026-09-02,2742
sh600200,退市苏吴,2015-01-05,2025-12-29,2569
sh600201,生物股份,2015-01-05,2026-09-02,2824
sh600209,退市罗顿,2015-01-05,2022-06-15,1379
sh600207,安彩高科,2015-03-12,2026-09-02,2772
sh600208,衢州发展,2015-01-05,2026-09-02,2818
sh600206,有研新材,2015-01-05,2026-09-02,2834
sh600210,紫江企业,2015-01-05,2026-09-02,2836
sh600211,西藏药业,2015-01-05,2026-09-02,2749
sh600212,绿能慧充,2015-01-05,2026-09-02,2441
sh600213,*ST亚星,2015-01-05,2024-08-15,2334
sh600153,建发股份,2015-01-05,2026-09-01,2601
sh600215,派斯林,2015-01-05,2026-09-02,2728
sh600216,浙江医药,2015-01-05,2026-09-02,2831
sh600217,中再资环,2015-01-05,2026-09-02,2649
sh600220,ST阳光,2015-01-05,2024-06-13,2288
sh600219,南山铝业,2015-01-05,2026-09-02,2730
sh600218,全柴动力,2015-01-05,2026-09-02,2829
sh600222,太龙药业,2015-01-12,2026-09-02,2821
sh600223,福瑞达,2015-01-05,2026-09-02,2828
sh600225,退市卓朗,2015-01-05,2025-02-27,2303
sh600226,亨通股份,2015-01-05,2026-09-02,2386
sh600227,赤天化,2015-01-05,2026-09-02,2667
sh600229,城市传媒,2015-01-05,2026-09-02,2828
sh600228,返利科技,2015-01-05,2026-09-02,2614
sh600232,金鹰股份,2015-01-05,2026-09-02,2660
sh600234,科新发展,2015-01-26,2026-09-02,2752
sh600236,桂冠电力,2015-01-30,2026-09-02,2811
sh600235,民丰特纸,2015-01-05,2026-09-02,2836
sh600240,退市华业,2015-01-22,2020-01-23,1194
sh600237,铜峰电子,2015-01-05,2026-09-02,2749
sh600239,ST云城,2015-01-05,2026-09-02,2597
sh600238,ST椰岛,2015-04-22,2026-09-02,2696
sh600242,退市中昌,2015-01-05,2023-06-20,1770
sh600241,时代万恒,2015-01-21,2026-09-02,2732
sh600247,*ST成城,2015-01-05,2021-02-24,1487
sh600221,海航控股,2015-01-05,2026-09-02,2694
sh600246,万通发展,2015-01-05,2026-09-02,2687
sh600248,陕建股份,2015-01-05,2026-09-02,2702
sh600249,两面针,2015-01-05,2026-09-02,2833
sh600251,冠农股份,2015-01-05,2026-09-02,2833
sh600230,沧州大化,2015-01-05,2026-09-02,2791
sh600231,凌钢股份,2015-02-03,2026-09-02,2812
sh600252,中恒集团,2015-01-05,2026-09-02,2820
sh600233,圆通速递,2015-01-05,2026-09-02,2739
sh600255,鑫科材料,2015-01-05,2026-09-02,2570
sh600257,大湖股份,2015-01-05,2026-09-02,2678
sh600258,首旅酒店,2015-01-05,2026-09-02,2638
sh600259,中稀有色,2015-01-05,2026-09-02,2722
sh600260,*ST凯乐,2015-01-05,2023-02-02,1909
sh600261,阳光照明,2015-01-05,2026-09-02,2836
sh600262,北方股份,2015-01-05,2026-09-02,2836
sh600270,外运发展,2015-01-05,2018-12-12,906
sh600265,*ST景谷,2015-01-05,2026-09-02,2737
sh600266,城建发展,2015-01-05,2026-09-02,2833
sh600268,国电南自,2015-01-05,2026-09-02,2831
sh600269,赣粤高速,2015-01-05,2026-09-02,2836
sh600272,开开实业,2015-01-05,2026-09-02,2835
sh600275,退市昌鱼,2015-01-05,2022-06-15,1709
sh600273,嘉化能源,2015-01-05,2026-09-01,2730
sh600250,南京商旅,2015-05-19,2026-09-02,2702
sh600277,ST亿利,2015-01-05,2024-06-21,2063
sh600276,恒瑞医药,2015-01-05,2026-09-01,2834
sh600278,东方创业,2015-01-05,2026-09-02,2818
sh600279,重庆港,2015-01-05,2026-09-02,2825
sh600256,广汇能源,2015-01-05,2026-09-01,2809
sh600280,中央商场,2015-01-05,2026-09-02,2764
sh600281,华阳新材,2015-01-05,2026-09-02,2807
sh600282,南钢股份,2015-01-05,2026-09-01,2807
sh600283,钱江水利,2015-01-05,2026-09-02,2826
sh600285,羚锐制药,2015-01-05,2026-09-02,2810
sh600287,苏豪时尚,2015-01-05,2026-09-02,2834
sh600289,ST信通,2015-01-05,2026-09-02,2616
sh600288,大恒科技,2015-01-16,2026-09-02,2826
sh600290,*ST华仪,2015-01-05,2023-12-25,2111
sh600291,退市西水,2015-01-22,2022-06-07,1660
sh600293,三峡新材,2015-01-05,2026-09-02,2683
sh600243,*ST海华,2015-01-05,2026-09-02,2776
sh600292,电投水电,2015-01-05,2026-09-02,2824
sh600295,鄂尔多斯,2015-01-05,2026-09-01,2824
sh600267,海正药业,2015-01-05,2026-09-02,2791
sh600297,广汇汽车,2015-01-05,2024-07-17,2237
sh600271,航天信息,2015-01-05,2026-09-02,2688
sh600298,安琪酵母,2015-01-05,2026-09-02,2836
sh600300,维维股份,2015-01-05,2026-09-02,2829
sh600299,安迪苏,2015-01-05,2026-09-02,2822
sh600301,华锡有色,2015-01-05,2026-09-02,2748
sh600303,曙光股份,2015-01-05,2026-09-02,2763
sh600306,退市商城,2015-01-05,2024-06-19,2072
sh600302,ST标准,2015-01-05,2026-09-02,2830
sh600305,恒顺醋业,2015-01-05,2026-09-02,2836
sh600307,酒钢宏兴,2015-01-05,2026-09-02,2834
sh600308,华泰股份,2015-01-05,2026-09-02,2830
sh600311,*ST荣华,2015-01-05,2023-03-02,1960
sh600312,平高电气,2015-01-05,2026-09-02,2749
sh600317,营口港,2015-01-05,2021-01-14,1459
sh600313,农发种业,2015-01-05,2026-09-02,2827
sh600315,上海家化,2015-01-05,2026-09-02,2780
sh600316,洪都航空,2015-01-05,2026-09-02,2836
sh600318,新力金融,2015-02-06,2026-09-02,2384
sh600321,正源股份,2015-01-05,2024-05-30,2168
sh600323,瀚蓝环境,2015-01-05,2026-09-02,2817
sh600325,华发股份,2015-01-05,2026-09-02,2826
sh600327,大东方,2015-01-05,2026-09-02,2826
sh600309,万华化学,2015-01-05,2026-09-02,2703
sh600310,广西能源,2015-01-05,2026-09-02,2804
sh600328,中盐化工,2015-01-05,2026-09-02,2689
sh600329,达仁堂,2015-01-05,2026-09-02,2831
sh600330,天通股份,2015-01-05,2026-09-02,2715
sh600284,浦东建设,2015-01-05,2026-09-02,2835
sh600331,宏达股份,2015-01-05,2026-09-02,2738
sh600319,亚星化学,2015-01-05,2026-09-02,2555
sh600320,振华重工,2015-01-05,2026-09-02,2836
sh600332,白云山,2015-01-13,2026-09-02,2779
sh600322,津投城开,2015-01-05,2026-09-02,2826
sh600337,ST美克,2015-01-05,2026-09-02,2796
sh600336,澳柯玛,2015-01-05,2026-09-02,2826
sh600338,西藏珠峰,2015-01-05,2026-09-02,2774
sh600340,*ST华幸,2015-01-05,2026-09-02,2803
sh600343,航天动力,2015-01-05,2026-09-02,2827
sh600345,长江通信,2015-01-05,2026-09-02,2816
sh600346,恒力石化,2015-01-05,2026-09-02,2627
sh600348,华阳股份,2015-01-05,2026-09-01,2835
sh600350,山东高速,2015-01-05,2026-09-01,2825
sh600351,亚宝药业,2015-01-05,2026-09-02,2806
sh600353,旭光电子,2015-01-05,2026-09-02,2736
sh600352,浙江龙盛,2015-01-05,2026-09-02,2821
sh600354,敦煌种业,2015-01-05,2026-09-02,2798
sh600355,*ST精伦,2015-01-05,2026-04-03,2678
sh600358,国旅联合,2015-01-05,2026-09-02,2573
sh600356,恒丰纸业,2015-01-05,2026-09-02,2758
sh600333,长春燃气,2015-01-05,2026-09-02,2803
sh600359,新农开发,2015-01-05,2026-09-02,2802
sh600360,华微电子,2015-01-05,2026-09-02,2815
sh600362,江西铜业,2015-01-05,2026-09-02,2828
sh600335,国机汽车,2015-01-05,2026-09-02,2686
sh600339,中油工程,2015-01-05,2026-09-02,2681
sh600365,ST通葡,2015-02-17,2026-09-02,2652
sh600363,联创光电,2015-01-05,2026-09-02,2740
sh600367,红星发展,2015-01-05,2026-09-02,2832
sh600368,五洲交通,2015-01-05,2026-09-02,2835
sh600369,西南证券,2015-01-05,2026-09-02,2834
sh600370,*ST三房,2015-01-05,2026-09-02,2822
sh600371,万向德农,2015-01-05,2026-09-02,2835
sh600376,首开股份,2015-01-05,2026-09-02,2819
sh600375,汉马科技,2015-01-05,2026-09-02,2607
sh600378,昊华科技,2015-01-05,2026-09-02,2677
sh600381,*ST春天,2015-01-05,2026-09-02,2724
sh600366,宁波韵升,2015-01-12,2026-09-02,2768
sh600373,中文传媒,2015-01-05,2026-09-01,2832
sh600361,创新新材,2015-01-05,2026-09-02,2825
sh600372,中航机载,2015-01-05,2026-09-02,2808
sh600377,宁沪高速,2015-01-05,2026-09-02,2836
sh600379,宝光股份,2015-01-05,2026-09-02,2728
sh600383,金地集团,2015-01-05,2026-09-02,2835
sh600326,西藏天路,2015-01-05,2026-09-02,2831
sh600385,退市金泰,2015-01-05,2022-06-30,1712
sh600380,健康元,2015-01-05,2026-09-02,2794
sh600382,广东明珠,2015-01-05,2026-09-02,2806
sh600386,北巴传媒,2015-01-05,2026-09-02,2834
sh600387,退市海越,2015-01-05,2025-07-04,2402
sh600393,ST粤泰,2015-01-05,2023-06-08,1905
sh600390,五矿资本,2015-01-05,2026-09-02,2711
sh600388,紫金龙净,2015-01-05,2026-09-02,2813
sh600389,江山股份,2015-01-05,2026-09-02,2685
sh600391,航发科技,2015-01-05,2026-09-02,2832
sh600392,盛和资源,2015-01-05,2026-09-02,2749
sh600395,盘江股份,2015-01-05,2026-09-02,2786
sh600396,华电辽能,2015-01-05,2026-09-02,2827
sh600397,江钨装备,2015-01-05,2026-09-02,2778
sh600399,抚顺特钢,2015-01-26,2026-09-02,2607
sh600398,海澜之家,2015-01-05,2026-09-01,2825
sh600401,退市海润,2015-01-05,2019-07-08,724
sh600400,红豆股份,2015-01-05,2026-09-02,2748
sh600403,大有能源,2015-01-05,2026-09-02,2832
sh600406,国电南瑞,2015-01-05,2026-09-02,2727
sh600405,动力源,2015-01-05,2026-09-02,2813
sh600408,安泰集团,2015-01-05,2026-09-02,2605
sh600409,三友化工,2015-01-05,2026-09-02,2830
sh600410,华胜天成,2015-01-05,2026-09-02,2787
sh600416,湘电股份,2015-01-05,2026-09-02,2791
sh600415,小商品城,2015-01-05,2026-09-02,2828
sh600419,天润乳业,2015-01-05,2026-09-02,2824
sh600423,*ST柳化,2015-03-20,2026-09-02,2574
sh600422,昆药集团,2015-01-05,2026-09-02,2833
sh600418,江淮汽车,2015-01-05,2026-09-02,2823
sh600420,国药现代,2015-01-05,2026-09-02,2725
sh600425,青松建化,2015-01-05,2026-09-02,2834
sh600421,退市华嵘,2015-01-05,2026-06-22,2694
sh600426,华鲁恒升,2015-01-05,2026-09-02,2829
sh600432,退市吉恩,2015-01-05,2018-07-11,451
sh600428,中远海特,2015-01-08,2026-09-02,2749
sh600433,冠豪高新,2015-01-05,2026-09-02,2794
sh600429,三元股份,2015-01-05,2026-09-02,2739
sh600439,ST瑞贝卡,2015-01-05,2026-09-02,2822
sh600435,北方导航,2015-01-05,2026-09-02,2835
sh600438,通威股份,2015-01-05,2026-09-01,2683
sh600436,片仔癀,2015-01-05,2026-09-01,2829
sh600444,国机通用,2015-01-05,2026-09-02,2829
sh600449,宁夏建材,2015-01-05,2026-09-02,2823
sh600446,金证股份,2015-01-05,2026-09-02,2728
sh600452,涪陵电力,2015-01-05,2026-09-02,2791
sh600448,华纺股份,2015-01-05,2026-09-02,2789
sh600455,博通股份,2015-01-05,2026-09-02,2660
sh600456,宝钛股份,2015-01-05,2026-09-02,2836
sh600458,时代新材,2015-01-05,2026-09-02,2836
sh600460,士兰微,2015-01-05,2026-09-02,2751
sh600459,贵研铂业,2015-01-05,2026-09-02,2824
sh600462,退市九有,2015-01-05,2025-07-14,2196
sh600461,洪城环境,2015-01-05,2026-09-01,2691
sh600466,*ST蓝光,2015-01-05,2023-05-09,1961
sh600468,百利电气,2015-01-05,2026-09-02,2650
sh600467,好当家,2015-01-05,2026-09-02,2831
sh600463,空港股份,2015-01-05,2026-09-02,2819
sh600469,风神股份,2015-01-05,2026-09-02,2654
sh600470,六国化工,2015-01-05,2026-09-02,2824
sh600475,华光环能,2015-01-05,2026-09-02,2700
sh600476,*ST湘邮,2015-01-05,2026-09-02,2829
sh600477,杭萧钢构,2015-01-05,2026-09-02,2818
sh600478,科力远,2015-01-05,2026-09-02,2790
sh600479,千金药业,2015-01-05,2026-09-02,2823
sh600480,凌云股份,2015-01-05,2026-09-02,2708
sh600485,*ST信威,2015-01-05,2020-04-20,586
sh600483,福能股份,2015-01-05,2026-09-02,2795
sh600481,双良节能,2015-01-05,2026-09-02,2734
sh600482,中国动力,2015-01-05,2026-09-02,2713
sh600487,亨通光电,2015-01-19,2026-09-02,2774
sh600489,中金黄金,2015-01-05,2026-09-02,2817
sh600490,鹏欣资源,2015-01-12,2026-09-02,2453
sh600486,扬农化工,2015-01-05,2026-09-02,2830
sh600488,津药药业,2015-01-05,2026-09-02,2748
sh600491,ST龙元,2015-01-05,2026-09-02,2820
sh600493,凤竹纺织,2015-01-05,2026-09-02,2827
sh600496,精工钢构,2015-01-05,2026-09-02,2822
sh600495,晋西车轴,2015-01-05,2026-09-02,2836
sh600499,科达制造,2015-01-05,2026-09-02,2716
sh600498,烽火通信,2015-01-05,2026-09-02,2826
sh600500,中化国际,2015-01-05,2026-09-02,2801
sh600497,驰宏锌锗,2015-01-05,2026-09-02,2799
sh600501,航天晨光,2015-01-05,2026-09-02,2834
sh600502,安徽建工,2015-01-05,2026-09-01,2699
sh600506,统一股份,2015-01-05,2026-09-02,2756
sh600503,华丽家族,2015-01-05,2026-09-02,2768
sh600508,上海能源,2015-01-05,2026-09-02,2836
sh600509,天富能源,2015-01-05,2026-09-02,2821
sh600505,西昌电力,2015-01-05,2026-09-02,2835
sh600507,方大特钢,2015-01-05,2026-09-02,2836
sh600510,黑牡丹,2015-01-05,2026-09-02,2826
sh600515,海南机场,2015-01-05,2026-09-02,2554
sh600512,腾达建设,2015-01-05,2026-09-02,2783
sh600511,国药股份,2015-01-05,2026-09-02,2715
sh600513,联环药业,2015-01-05,2026-09-02,2836
sh600517,国网英大,2015-01-05,2026-09-02,2819
sh600516,方大炭素,2015-01-05,2026-09-02,2788
sh600519,贵州茅台,2015-01-05,2026-09-01,2835
sh600520,三佳科技,2015-01-12,2026-09-02,2759
sh600521,华海药业,2015-01-05,2026-09-02,2822
sh600522,中天科技,2015-01-05,2026-09-02,2765
sh600523,贵航股份,2015-01-05,2026-09-02,2836
sh600525,长园集团,2015-01-05,2026-09-02,2684
sh600526,菲达环保,2015-01-05,2026-09-02,2798
sh600518,康美药业,2015-01-05,2026-09-02,2787
sh600528,中铁工业,2015-01-05,2026-09-02,2766
sh600530,ST交昂,2015-01-05,2026-09-02,2615
sh600527,江南高纤,2015-01-05,2026-09-02,2826
sh600531,豫光金铅,2015-01-05,2026-09-02,2816
sh600529,山东药玻,2015-01-05,2026-09-02,2799
sh600533,栖霞建设,2015-01-05,2026-09-02,2736
sh600535,天士力,2015-01-05,2026-09-02,2834
sh600536,中国软件,2015-01-05,2026-09-02,2832
sh600539,狮头股份,2015-01-05,2026-09-02,2585
sh600537,*ST亿晶,2015-01-05,2026-09-02,2810
sh600538,国发股份,2015-01-05,2026-09-02,2719
sh600540,新赛股份,2015-01-05,2026-09-02,2764
sh600543,*ST莫高,2015-01-05,2026-09-02,2809
sh600545,卓郎智能,2015-01-05,2026-09-02,2715
sh600547,山东黄金,2015-01-05,2026-09-02,2800
sh600532,退市未来,2015-01-05,2023-06-19,1917
sh600546,山煤国际,2015-01-05,2026-09-01,2785
sh600548,深高速,2015-01-05,2026-09-02,2835
sh600555,退市海创,2015-01-05,2022-07-06,1681
sh600551,时代出版,2015-01-05,2026-09-02,2714
sh600552,凯盛科技,2015-04-01,2026-09-02,2673
sh600549,厦门钨业,2015-01-05,2026-09-02,2836
sh600557,康缘药业,2015-01-05,2026-09-02,2831
sh600550,保变电气,2015-01-05,2026-09-02,2812
sh600556,天下秀,2015-01-05,2026-09-02,2535
sh600559,老白干酒,2015-01-05,2026-09-02,2639
sh600558,大西洋,2015-01-05,2026-09-02,2738
sh600562,国睿科技,2015-01-05,2026-09-02,2806
sh600563,法拉电子,2015-01-05,2026-09-02,2836
sh600560,金自天正,2015-01-05,2026-09-02,2836
sh600561,江西长运,2015-01-05,2026-09-02,2759
sh600565,ST迪马,2015-01-05,2024-06-21,2201
sh600566,济川药业,2015-01-05,2026-09-02,2832
sh600571,信雅达,2015-01-05,2026-09-02,2739
sh600570,恒生电子,2015-01-05,2026-09-02,2829
sh600567,山鹰国际,2015-01-05,2026-09-02,2818
sh600569,安阳钢铁,2015-01-05,2026-09-02,2822
sh600568,ST中珠,2015-01-05,2026-09-02,2558
sh600573,惠泉啤酒,2015-01-05,2026-09-02,2836
sh600577,精达股份,2015-01-05,2026-09-02,2621
sh600578,京能电力,2015-01-05,2026-09-02,2750
sh600575,淮河能源,2015-09-16,2026-09-02,2614
sh600580,卧龙电驱,2015-01-14,2026-09-02,2813
sh600576,祥源文旅,2015-01-05,2026-09-02,2607
sh600579,中化装备,2015-01-05,2026-09-02,2681
sh600581,*ST八钢,2015-01-05,2026-09-02,2673
sh600572,康恩贝,2015-01-05,2026-09-02,2780
sh600583,海油工程,2015-01-05,2026-09-02,2836
sh600582,天地科技,2015-01-05,2026-09-02,2827
sh600586,金晶科技,2015-01-05,2026-09-02,2836
sh600587,新华医疗,2015-01-05,2026-09-02,2781
sh600588,用友网络,2015-01-05,2026-09-02,2830
sh600589,大位科技,2015-01-05,2026-09-02,2675
sh600592,龙溪股份,2015-01-05,2026-09-02,2797
sh600590,泰豪科技,2015-01-05,2026-09-02,2644
sh600594,益佰制药,2015-01-05,2026-09-02,2831
sh600585,海螺水泥,2015-01-05,2026-09-01,2835
sh600596,新安股份,2015-01-05,2026-09-02,2819
sh600595,中孚实业,2015-01-05,2026-09-02,2773
sh600584,长电科技,2015-01-14,2026-09-02,2667
sh600599,退市熊猫,2015-01-05,2026-06-22,2672
sh600597,光明乳业,2015-01-05,2026-09-02,2761
sh600598,北大荒,2015-01-05,2026-09-02,2829
sh600600,青岛啤酒,2015-01-05,2026-09-02,2836
sh600602,云赛智联,2015-01-05,2026-09-02,2677
sh600593,大连圣亚,2015-01-05,2026-09-02,2758
sh600603,广汇物流,2015-01-05,2026-09-02,2676
sh600604,市北高新,2015-01-05,2026-09-02,2811
sh600601,方正科技,2015-01-05,2026-09-02,2830
sh600605,汇通能源,2015-01-05,2026-09-02,2818
sh600610,中毅达,2015-01-05,2026-09-02,2352
sh600608,退市沪科,2015-01-05,2026-06-29,2707
sh600612,老凤祥,2015-01-05,2026-09-02,2833
sh600606,绿地控股,2015-01-05,2026-09-01,2809
sh600614,退市鹏起,2015-01-05,2021-07-14,1074
sh600611,大众交通,2015-01-05,2026-09-02,2834
sh600609,金杯汽车,2015-01-05,2026-09-02,2619
sh600615,鑫源智造,2015-01-05,2026-09-02,2821
sh600613,神奇制药,2015-01-05,2026-09-02,2836
sh600617,国新能源,2015-01-05,2026-09-02,2836
sh600616,金枫酒业,2015-01-05,2026-09-02,2836
sh600618,氯碱化工,2015-01-05,2026-09-02,2836
sh600619,海立股份,2015-01-26,2026-09-02,2796
sh600620,天宸股份,2015-01-05,2026-09-02,2755
sh600621,华鑫股份,2015-01-05,2026-09-02,2772
sh600624,ST复华,2015-01-05,2026-09-02,2826
sh600622,光大嘉宝,2015-01-05,2026-09-02,2810
sh600623,华谊集团,2015-03-24,2026-09-02,2777
sh600628,新世界,2015-01-05,2026-09-02,2787
sh600630,龙头股份,2015-01-05,2026-09-02,2834
sh600626,申达股份,2015-01-05,2026-09-02,2785
sh600629,华建集团,2015-01-05,2026-09-02,2786
sh600633,浙数文化,2015-01-05,2026-09-02,2712
sh600634,退市富控,2015-01-05,2021-07-14,1178
sh600635,大众公用,2015-01-05,2026-09-02,2832
sh600637,东方明珠,2015-01-05,2026-09-02,2813
sh600639,浦东金桥,2015-01-05,2026-09-02,2834
sh600638,新黄浦,2015-01-05,2026-09-02,2833
sh600641,先导基电,2015-01-05,2026-09-02,2650
sh600640,国脉文化,2015-01-05,2026-09-02,2741
sh600636,退市国化,2015-01-05,2026-06-22,2459
sh600642,申能股份,2015-01-05,2026-09-02,2836
sh600643,爱建集团,2015-01-05,2026-09-02,2634
sh600647,退市同达,2015-01-05,2024-06-26,2237
sh600645,中源协和,2015-01-05,2026-09-02,2511
sh600644,乐山电力,2015-01-05,2026-09-02,2829
sh600648,外高桥,2015-01-05,2026-09-02,2822
sh600649,城投控股,2015-06-26,2026-09-02,2550
sh600650,锦江在线,2015-01-05,2026-09-02,2836
sh600652,退市游久,2015-01-05,2022-06-15,1677
sh600651,飞乐音响,2015-01-05,2026-09-02,2746
sh600653,申华控股,2015-01-05,2026-09-02,2655
sh600654,中安科,2015-01-05,2026-09-02,2400
sh600656,退市博元,2015-03-31,2016-05-11,60
sh600655,豫园股份,2015-01-05,2026-09-02,2599
sh600658,电子城,2015-01-05,2026-09-02,2824
sh600661,昂立教育,2015-01-05,2026-09-02,2817
sh600662,外服控股,2015-01-05,2026-09-02,2825
sh600660,福耀玻璃,2015-01-05,2026-09-02,2836
sh600664,哈药股份,2015-02-17,2026-09-02,2701
sh600657,信达地产,2015-01-05,2026-09-02,2703
sh600665,天地源,2015-01-05,2026-09-02,2826
sh600663,陆家嘴,2015-01-05,2026-09-02,2707
sh600666,奥瑞德,2015-01-05,2026-09-02,2484
sh600671,天目药业,2015-01-05,2026-09-02,2556
sh600667,太极实业,2015-06-30,2026-09-02,2708
sh600668,尖峰集团,2015-01-05,2026-09-02,2836
sh600674,川投能源,2015-01-05,2026-09-02,2836
sh600675,中华企业,2015-01-05,2026-09-02,2709
sh600673,东阳光,2015-01-05,2026-09-02,2549
sh600677,*ST航通,2015-05-25,2020-04-29,1194
sh600678,ST金顶,2015-01-05,2026-09-02,2705
sh600676,久事动娱,2015-01-05,2026-09-02,2808
sh600679,上海凤凰,2015-01-05,2026-09-02,2759
sh600680,*ST上普,2015-01-05,2018-04-27,805
sh600681,百川能源,2015-01-22,2026-09-02,2628
sh600683,京投发展,2015-01-05,2026-09-02,2820
sh600682,南京新百,2015-01-05,2026-09-02,2520
sh600684,珠江股份,2015-01-05,2026-09-02,2836
sh600685,中船防务,2015-01-05,2026-09-02,2704
sh600687,退市刚泰,2015-01-05,2021-02-24,1265
sh600688,上海石化,2015-01-05,2026-09-02,2836
sh600689,上海三毛,2015-01-05,2026-09-02,2706
sh600686,金龙汽车,2015-01-05,2026-09-02,2814
sh600691,潞化科技,2015-01-05,2026-09-02,2797
sh600690,海尔智家,2015-01-05,2026-09-01,2758
sh600692,亚通股份,2015-01-05,2026-09-02,2836
sh600693,东百集团,2015-01-05,2026-09-02,2822
sh600694,大商股份,2015-01-05,2026-09-02,2836
sh600695,退市绿庭,2015-01-05,2022-06-07,1726
sh600697,欧亚集团,2015-01-05,2026-09-02,2823
sh600696,退市岩石,2015-01-05,2026-06-22,2597
sh600698,湖南天雁,2015-01-05,2026-09-02,2832
sh600699,均胜电子,2015-01-05,2026-09-02,2742
sh600701,退市工新,2015-05-13,2021-04-26,1047
sh600704,物产中大,2015-02-13,2026-09-02,2800
sh600706,曲江文旅,2015-01-05,2026-09-02,2821
sh600703,三安光电,2015-01-05,2026-09-02,2819
sh600702,舍得酒业,2015-01-05,2026-09-02,2780
sh600708,光明地产,2015-01-05,2026-09-02,2831
sh600707,彩虹股份,2015-01-05,2026-09-02,2747
sh600710,苏美达,2015-01-05,2026-09-02,2375
sh600711,盛屯矿业,2015-01-05,2026-09-02,2754
sh600713,南京医药,2015-01-05,2026-09-02,2816
sh600705,中航产融,2015-01-05,2025-04-02,2475
sh600712,南宁百货,2015-01-05,2026-09-02,2836
sh600715,文投控股,2015-01-05,2026-09-02,2666
sh600716,凤凰股份,2015-01-12,2026-09-02,2829
sh600718,东软集团,2015-01-05,2026-09-02,2811
sh600714,金瑞矿业,2015-03-18,2026-09-02,2698
sh600717,天津港,2015-01-05,2026-09-02,2817
sh600719,大连热电,2015-01-05,2026-09-02,2681
sh600720,中交设计,2015-01-05,2026-09-02,2824
sh600721,百花医药,2015-01-05,2026-09-02,2687
sh600723,首商股份,2015-01-05,2021-09-15,1624
sh600725,云维股份,2015-04-21,2026-09-02,2462
sh600727,鲁北化工,2015-01-05,2026-09-02,2803
sh600724,宁波富达,2015-01-05,2026-09-02,2756
sh600726,华电能源,2015-01-05,2026-09-02,2825
sh600728,佳都科技,2015-01-05,2026-09-02,2798
sh600722,金牛化工,2015-01-05,2026-09-02,2756
sh600731,湖南海利,2015-01-05,2026-09-02,2820
sh600729,重百集团,2015-01-05,2026-09-01,2673
sh600733,北汽蓝谷,2015-01-05,2026-09-02,2335
sh600732,爱旭股份,2015-01-05,2026-09-02,2448
sh600734,*ST实达,2015-01-05,2026-09-02,2365
sh600730,*ST高科,2015-01-05,2026-09-02,2823
sh600739,辽宁成大,2015-01-05,2026-09-02,2704
sh600736,苏州高新,2015-01-05,2026-09-02,2710
sh600738,丽尚国潮,2015-01-05,2026-09-02,2748
sh600735,ST新华锦,2015-01-05,2026-09-02,2559
sh600737,中粮糖业,2015-01-05,2026-09-01,2820
sh600740,山西焦化,2015-01-05,2026-09-02,2742
sh600741,华域汽车,2015-01-05,2026-09-01,2807
sh600742,富维股份,2015-01-05,2026-09-02,2836
sh600743,华远控股,2015-01-05,2026-09-02,2823
sh600747,退市大控,2015-01-05,2019-12-06,969
sh600746,江苏索普,2015-01-05,2026-09-02,2764
sh600750,华润江中,2015-01-05,2026-09-02,2771
sh600749,西藏旅游,2015-03-25,2026-09-02,2619
sh600744,华银电力,2015-01-05,2026-09-02,2815
sh600745,*ST闻泰,2015-04-16,2026-09-02,2416
sh600748,上实发展,2015-01-05,2026-09-02,2807
sh600751,海航科技,2015-01-05,2026-09-02,2548
sh600755,厦门国贸,2015-01-05,2026-09-01,2834
sh600753,ST海钦,2015-01-05,2026-09-02,2608
sh600754,锦江酒店,2015-01-19,2026-09-02,2753
sh600756,浪潮软件,2015-01-05,2026-09-02,2725
sh600757,长江传媒,2015-01-05,2026-09-01,2835
sh600760,中航沈飞,2015-01-05,2026-09-02,2754
sh600758,辽宁能源,2015-01-05,2026-09-02,2813
sh600759,ST洲际,2015-04-07,2026-09-02,2462
sh600761,安徽合力,2015-01-06,2026-09-02,2835
sh600765,中航重机,2015-01-05,2026-09-02,2800
sh600764,中国海防,2015-01-05,2026-09-02,2581
sh600763,通策医疗,2015-01-05,2026-09-02,2680
sh600766,退市园城,2015-03-16,2024-06-26,2107
sh600767,退市运盛,2015-02-09,2023-06-20,1906
sh600768,富邦新材,2015-01-05,2026-09-02,2527
sh600771,广誉远,2015-01-05,2026-09-02,2739
sh600770,综艺股份,2015-01-05,2026-09-02,2749
sh600769,祥龙电业,2015-01-05,2026-09-02,2803
sh600775,南京熊猫,2015-01-05,2026-09-02,2820
sh600773,西藏城投,2015-01-05,2026-09-02,2720
sh600774,汉商集团,2015-01-05,2026-09-02,2816
sh600776,东方通信,2015-01-05,2026-09-02,2834
sh600780,通宝能源,2015-01-05,2026-09-02,2835
sh600777,新潮能源,2015-06-12,2026-09-02,2508
sh600778,友好集团,2015-01-05,2026-09-02,2737
sh600779,水井坊,2015-01-05,2026-09-02,2832
sh600781,退市辅仁,2015-01-05,2023-06-19,1914
sh600782,新钢股份,2015-01-05,2026-09-02,2828
sh600785,新华百货,2015-01-05,2026-09-02,2751
sh600784,鲁银投资,2015-01-05,2026-09-02,2670
sh600783,鲁信创投,2015-01-05,2026-09-02,2835
sh600787,中储股份,2015-01-05,2026-09-02,2834
sh600790,轻纺城,2015-01-05,2026-09-02,2776
sh600791,京能置业,2015-01-05,2026-09-02,2834
sh600789,鲁抗医药,2015-01-05,2026-09-02,2826
sh600792,云煤能源,2015-01-05,2026-09-02,2829
sh600793,宜宾纸业,2015-01-05,2026-09-02,2654
sh600796,钱江生化,2015-01-05,2026-09-02,2601
sh600795,国电电力,2015-01-05,2026-09-02,2772
sh600794,保税科技,2015-01-05,2026-09-02,2707
sh600806,退市昆机,2015-01-05,2018-07-11,419
sh600807,济高发展,2015-01-05,2026-09-02,2566
sh600803,新奥股份,2015-01-05,2026-09-02,2773
sh600800,渤海化学,2015-01-05,2026-09-02,2706
sh600801,华新建材,2015-01-05,2026-09-02,2833
sh600804,退市鹏博,2015-01-05,2025-06-30,2463
sh600808,马钢股份,2015-01-05,2026-09-02,2836
sh600802,福建水泥,2015-01-05,2026-09-02,2836
sh600805,悦达投资,2015-01-05,2026-09-02,2836
sh600798,宁波海运,2015-01-05,2026-09-02,2710
sh600797,浙大网新,2015-01-05,2026-09-02,2695
sh600809,山西汾酒,2015-01-05,2026-09-01,2823
sh600812,华北制药,2015-01-05,2026-09-02,2826
sh600810,神马股份,2015-01-05,2026-09-02,2802
sh600811,*ST东方,2015-01-05,2025-04-14,2389
sh600815,厦工股份,2015-01-05,2026-09-02,2826
sh600819,耀皮玻璃,2015-01-05,2026-09-02,2836
sh600822,上海物贸,2015-01-05,2026-09-02,2690
sh600816,建元信托,2015-01-05,2026-09-02,2767
sh600814,杭州解百,2015-01-05,2026-09-02,2827
sh600818,ST中路,2015-01-05,2026-09-02,2747
sh600820,隧道股份,2015-01-05,2026-09-02,2836
sh600823,*ST世茂,2015-01-05,2024-05-15,2271
sh600821,金开新能,2015-01-05,2026-09-02,2763
sh600817,宇通重工,2015-01-05,2026-09-02,2386
sh600824,益民集团,2015-01-05,2026-09-02,2826
sh600825,新华传媒,2015-01-05,2026-09-02,2771
sh600830,香溢融通,2015-01-05,2026-09-02,2835
sh600826,兰生股份,2015-01-05,2026-09-02,2825
sh600828,茂业商业,2015-01-05,2026-09-02,2635
sh600827,百联股份,2015-01-05,2026-09-02,2801
sh600834,申通地铁,2015-01-05,2026-09-02,2753
sh600833,第一医药,2015-01-05,2026-09-02,2834
sh600831,广电网络,2015-01-05,2026-09-02,2821
sh600835,上海机电,2015-01-05,2026-09-02,2836
sh600829,人民同泰,2015-03-04,2026-09-02,2701
sh600832,东方明珠,2015-01-05,2015-04-29,70
sh600836,*ST易连,2015-01-05,2024-06-17,2290
sh600837,海通证券,2015-01-05,2025-02-05,2432
sh600839,四川长虹,2015-01-05,2026-09-02,2832
sh600843,上工申贝,2015-01-05,2026-09-02,2726
sh600838,上海九百,2015-01-05,2026-09-02,2836
sh600845,宝信软件,2015-01-12,2026-09-02,2826
sh600841,动力新科,2015-01-05,2026-09-02,2825
sh600844,金煤科技,2015-01-07,2026-09-02,2721
sh600847,万里股份,2015-01-05,2026-09-02,2641
sh600846,同济科技,2015-01-05,2026-09-02,2826
sh600848,上海临港,2015-01-05,2026-09-02,2669
sh600851,海欣股份,2015-01-05,2026-09-02,2815
sh600853,龙建股份,2015-01-05,2026-09-02,2803
sh600856,退市中天,2015-01-05,2022-06-15,1555
sh600850,电科数字,2015-01-05,2026-09-02,2747
sh600855,航天长峰,2015-01-05,2026-09-02,2705
sh600854,春兰股份,2015-01-05,2026-09-02,2836
sh600858,银座股份,2015-01-05,2026-09-02,2745
sh600857,宁波中百,2015-01-05,2026-09-02,2814
sh600859,王府井,2015-01-05,2026-09-02,2638
sh600860,京城股份,2015-01-05,2026-09-02,2694
sh600862,中航高科,2015-01-05,2026-09-02,2831
sh600866,星湖科技,2015-01-05,2026-09-02,2598
sh600868,梅雁吉祥,2015-01-05,2026-09-02,2827
sh600861,北京人力,2015-01-05,2026-09-02,2825
sh600870,退市厦华,2015-09-21,2022-06-23,1383
sh600864,哈投股份,2015-01-05,2026-09-02,2762
sh600865,百大集团,2015-01-05,2026-09-02,2828
sh600863,华能蒙电,2015-01-05,2026-09-02,2818
sh600867,通化东宝,2015-01-05,2026-09-02,2794
sh600869,远东股份,2015-01-05,2026-09-02,2754
sh600871,石化油服,2015-01-05,2026-09-02,2804
sh600872,中炬高新,2015-01-05,2026-09-02,2747
sh600873,梅花生物,2015-01-05,2026-09-02,2715
sh600874,创业环保,2015-01-05,2026-09-02,2829
sh600877,电科芯片,2015-01-05,2026-09-02,2585
sh600879,航天电子,2015-01-05,2026-09-02,2742
sh600875,东方电气,2015-01-05,2026-09-02,2760
sh600876,凯盛新能,2015-01-05,2026-09-02,2707
sh600884,杉杉股份,2015-01-05,2026-09-02,2815
sh600881,亚泰集团,2015-01-05,2026-09-02,2826
sh600882,妙可蓝多,2015-01-05,2026-09-02,2647
sh600886,国投电力,2015-01-05,2026-09-02,2776
sh600888,新疆众和,2015-01-05,2026-09-02,2791
sh600885,宏发股份,2015-01-05,2026-09-02,2836
sh600880,博瑞传播,2015-01-05,2026-09-02,2666
sh600883,博闻科技,2015-01-05,2026-09-02,2830
sh600891,退市秋林,2015-01-05,2021-04-30,1266
sh600890,退市中房,2015-01-05,2022-06-15,1316
sh600887,伊利股份,2015-01-05,2026-09-01,2811
sh600889,*ST京化,2015-01-05,2026-09-02,2806
sh600895,张江高科,2015-01-05,2026-09-02,2833
sh600894,广日股份,2015-01-05,2026-09-02,2825
sh600892,大晟文化,2015-01-12,2026-09-02,2762
sh600900,长江电力,2015-01-05,2026-09-01,2716
sh600897,厦门空港,2015-01-05,2026-09-02,2836
sh600896,退市海医,2015-01-05,2022-07-18,1619
sh600893,航发动力,2015-01-05,2026-09-02,2801
sh600898,*ST美讯,2015-01-05,2025-01-10,2311
sh600905,三峡能源,2021-06-10,2026-09-02,1270
sh600901,江苏金租,2018-03-01,2026-09-01,2066
sh600906,财达证券,2021-05-07,2026-09-02,1294
sh600903,贵州燃气,2017-11-07,2026-09-02,2131
sh600908,无锡银行,2016-09-23,2026-09-02,2409
sh600909,华安证券,2016-12-06,2026-09-02,2361
sh600919,江苏银行,2016-08-02,2026-09-01,2443
sh600918,中泰证券,2020-06-03,2026-09-02,1518
sh600927,永安期货,2021-12-23,2026-09-02,1138
sh600930,华电新能,2025-07-16,2026-09-02,277
sh600916,中国黄金,2021-02-05,2026-09-02,1350
sh600917,重庆燃气,2015-01-05,2026-09-02,2831
sh600925,苏能股份,2023-03-29,2026-09-02,833
sh600929,雪天盐业,2018-03-26,2026-08-28,2042
sh600926,杭州银行,2016-10-27,2026-09-02,2395
sh600935,华塑股份,2021-11-26,2026-09-02,1157
sh600933,爱柯迪,2017-11-17,2026-09-02,2127
sh600928,西安银行,2019-03-01,2026-09-02,1824
sh600939,重庆建工,2017-02-21,2026-09-02,2318
sh600938,中国海油,2022-04-21,2026-09-01,1060
sh600936,北投科技,2016-08-15,2026-09-02,2441
sh600941,中国移动,2022-01-05,2026-09-02,1130
sh600956,新天绿能,2020-06-29,2026-09-02,1502
sh600955,维远股份,2021-09-15,2026-09-02,1202
sh600963,岳阳林纸,2015-01-05,2026-09-02,2784
sh600965,*ST福成,2015-01-05,2026-09-02,2827
sh600959,江苏有线,2015-04-28,2026-09-02,2659
sh600960,渤海汽车,2015-01-05,2026-09-02,2648
sh600967,内蒙一机,2015-01-05,2026-09-02,2685
sh600958,东方证券,2015-03-23,2026-09-02,2764
sh600968,海油发展,2019-06-26,2026-09-02,1746
sh600961,株冶集团,2015-01-05,2026-09-02,2823
sh600962,国投中鲁,2015-01-05,2026-09-02,2785
sh600966,博汇纸业,2015-01-05,2026-09-02,2827
sh600970,中材国际,2015-01-05,2026-09-02,2781
sh600971,恒源煤电,2015-01-05,2026-09-01,2835
sh600976,健民集团,2015-01-05,2026-09-02,2826
sh600969,郴电国际,2015-01-05,2026-09-02,2835
sh600973,宝胜股份,2015-01-05,2026-09-02,2771
sh600975,新五丰,2015-01-05,2026-09-02,2749
sh600980,北矿科技,2015-01-05,2026-09-02,2825
sh600978,*ST宜生,2015-01-05,2021-02-22,1328
sh600981,苏豪汇鸿,2015-01-23,2026-09-02,2814
sh600985,淮北矿业,2015-01-05,2026-09-01,2718
sh600977,中国电影,2016-08-09,2026-09-02,2445
sh600982,宁波能源,2015-01-05,2026-09-02,2740
sh600983,惠而浦,2015-01-05,2026-09-02,2729
sh600986,浙文互联,2015-01-21,2026-09-02,2713
sh600979,广安爱众,2015-01-05,2026-09-02,2717
sh600989,宝丰能源,2019-05-16,2026-09-02,1774
sh600987,航民股份,2015-01-05,2026-09-02,2772
sh600990,四创电子,2015-01-05,2026-09-02,2694
sh600988,赤峰黄金,2015-01-05,2026-09-02,2733
sh600984,建设机械,2015-02-25,2026-09-02,2776
sh600992,贵绳股份,2015-01-05,2026-09-02,2836
sh600993,马应龙,2015-01-05,2026-09-02,2836
sh601002,晋亿实业,2015-01-05,2026-09-02,2836
sh600996,贵广网络,2016-12-26,2026-09-02,2351
sh600998,九州通,2015-01-05,2026-09-02,2824
sh600997,开滦股份,2015-01-05,2026-09-01,2831
sh600995,南网储能,2015-01-05,2026-09-02,2749
sh600999,招商证券,2015-01-05,2026-09-02,2824
sh601005,重庆钢铁,2015-01-05,2026-09-02,2466
sh601000,唐山港,2015-01-05,2026-09-01,2753
sh601003,柳钢股份,2015-01-05,2026-09-02,2663
sh601001,晋控煤业,2015-01-05,2026-09-01,2743
sh601007,金陵饭店,2015-01-05,2026-09-02,2830
sh601015,陕西黑猫,2015-01-05,2026-09-02,2827
sh601008,连云港,2015-01-05,2026-09-02,2836
sh601010,ST文峰,2015-01-05,2026-09-02,2823
sh601006,大秦铁路,2015-01-05,2026-09-01,2835
sh601009,南京银行,2015-01-05,2026-09-01,2828
sh601011,宝泰隆,2015-01-05,2026-09-02,2823
sh601012,隆基绿能,2015-01-05,2026-09-01,2823
sh601018,宁波港,2015-01-05,2026-09-02,2699
sh601016,节能风电,2015-01-05,2026-09-02,2821
sh601022,宁波远洋,2022-12-08,2026-09-02,906
sh601021,春秋航空,2015-01-21,2026-09-02,2800
sh601026,道生天合,2025-10-17,2026-09-02,216
sh601019,山东出版,2017-11-22,2026-09-01,2131
sh601033,永兴股份,2024-01-18,2026-09-02,635
sh601020,华钰矿业,2016-03-16,2026-09-02,2527
sh601028,玉龙股份,2015-01-05,2025-03-26,2413
sh601038,一拖股份,2015-01-05,2026-09-02,2836
sh601059,信达证券,2023-02-01,2026-09-02,853
sh601065,江盐集团,2023-04-10,2026-09-02,826
sh601061,中信金属,2023-04-10,2026-09-02,826
sh601068,中铝国际,2018-08-31,2026-09-02,1941
sh601058,赛轮轮胎,2015-01-05,2026-09-02,2819
sh601083,锦江航运,2023-12-05,2026-09-02,666
sh601066,中信建投,2018-06-20,2026-09-02,1993
sh601077,渝农商行,2019-10-29,2026-09-01,1662
sh601096,宏盛华源,2023-12-22,2026-09-02,653
sh601086,国芳集团,2017-09-29,2026-09-02,2165
sh601089,福元医药,2022-06-30,2026-09-02,1015
sh601069,西部黄金,2015-01-22,2026-09-02,2702
sh601088,中国神华,2015-01-05,2026-09-01,2761
sh601098,中南传媒,2015-01-05,2026-09-01,2835
sh601099,太平洋,2015-01-05,2026-09-02,2820
sh601100,恒立液压,2015-01-05,2026-09-01,2796
sh601112,振石股份,2026-01-29,2026-09-02,144
sh601108,财通证券,2017-10-24,2026-09-02,2147
sh601106,中国一重,2015-01-05,2026-09-02,2827
sh601101,昊华能源,2015-01-05,2026-09-01,2730
sh601111,中国国航,2015-01-05,2026-09-02,2814
sh601113,华鼎股份,2015-01-05,2026-09-02,2752
sh601116,三江购物,2015-01-05,2026-09-02,2821
sh601107,四川成渝,2015-01-05,2026-09-02,2815
sh601123,C马矿,2026-09-01,2026-09-02,2
sh601121,宝地矿业,2023-03-10,2026-09-02,842
sh601117,中国化学,2015-01-05,2026-09-02,2833
sh601126,四方股份,2015-01-05,2026-09-02,2833
sh601118,海南橡胶,2015-01-05,2026-09-02,2711
sh601133,柏诚股份,2023-04-10,2026-09-02,823
sh601139,深圳燃气,2015-01-05,2026-09-02,2835
sh601128,常熟银行,2016-09-30,2026-09-02,2409
sh601138,工业富联,2018-06-08,2026-09-01,1999
sh601136,首创证券,2022-12-22,2026-09-02,896
sh601137,博威合金,2015-01-05,2026-09-02,2775
sh601127,赛力斯,2016-06-15,2026-09-02,2459
sh601155,新城控股,2015-12-04,2026-09-02,2601
sh601156,东航物流,2021-06-09,2026-09-02,1271
sh601158,重庆水务,2015-01-05,2026-09-02,2829
sh601163,三角轮胎,2016-09-09,2026-09-02,2422
sh601169,北京银行,2015-01-05,2026-09-01,2796
sh601166,兴业银行,2015-01-05,2026-09-01,2830
sh601162,天风证券,2018-10-19,2026-09-02,1906
sh601168,西部矿业,2015-01-05,2026-09-01,2641
sh601177,杭齿前进,2015-01-05,2026-09-02,2833
sh601187,厦门银行,2020-10-27,2026-09-01,1421
sh601188,龙江交通,2015-01-05,2026-09-02,2834
sh601179,中国西电,2015-01-05,2026-09-02,2836
sh601186,中国铁建,2015-01-05,2026-09-02,2836
sh601200,上海环境,2017-03-31,2026-09-02,2290
sh601208,东材科技,2015-01-05,2026-09-02,2836
sh601199,江南水务,2015-01-05,2026-09-02,2811
sh601212,白银有色,2017-02-15,2026-09-02,2279
sh601211,国泰海通,2015-06-26,2026-09-02,2701
sh601218,吉鑫科技,2015-01-05,2026-09-02,2836
sh601216,君正集团,2015-01-07,2026-09-01,2738
sh601226,华电科工,2015-01-05,2026-09-02,2835
sh601229,上海银行,2016-11-16,2026-09-01,2380
sh601228,广州港,2017-03-29,2026-09-02,2292
sh601222,林洋能源,2015-01-05,2026-09-02,2834
sh601198,东兴证券,2015-02-26,2026-09-02,2775
sh601225,陕西煤业,2015-01-05,2026-09-01,2835
sh601233,桐昆股份,2015-01-05,2026-09-02,2827
sh601236,红塔证券,2019-07-05,2026-09-02,1733
sh601231,环旭电子,2015-01-05,2026-09-02,2826
sh601238,广汽集团,2015-01-05,2026-09-02,2826
sh601258,*ST庞大,2015-01-05,2023-05-24,2029
sh601279,英利汽车,2021-04-15,2026-09-02,1307
sh601313,,2015-01-05,2018-02-14,654
sh601299,中国北车,2015-01-05,2015-05-06,75
sh601288,农业银行,2015-01-05,2026-09-01,2835
sh601311,骆驼股份,2015-01-05,2026-09-02,2816
sh601319,中国人保,2018-11-16,2026-09-02,1892
sh601330,绿色动力,2018-06-11,2026-09-02,1999
sh601326,秦港股份,2017-08-16,2026-09-02,2197
sh601328,交通银行,2015-01-05,2026-09-01,2835
sh601298,青岛港,2019-01-21,2026-09-02,1842
sh601336,新华保险,2015-01-05,2026-09-02,2811
sh601318,中国平安,2015-01-05,2026-09-01,2835
sh601333,广深铁路,2015-01-05,2026-09-02,2836
sh601339,百隆东方,2015-01-05,2026-09-02,2835
sh601366,利群股份,2017-04-12,2026-09-02,2279
sh601360,三六零,2015-01-05,2026-09-02,2712
sh601368,绿城水务,2015-06-12,2026-09-02,2723
sh601369,陕鼓动力,2015-01-05,2026-09-02,2786
sh601375,中原证券,2017-01-03,2026-09-02,2348
sh601388,怡球资源,2015-01-05,2026-09-02,2683
sh601399,国机重装,2020-06-08,2026-09-02,1514
sh601377,兴业证券,2015-01-05,2026-09-02,2818
sh601398,工商银行,2015-01-05,2026-09-01,2835
sh601390,中国中铁,2015-01-05,2026-09-02,2750
sh601456,国联民生,2020-07-31,2026-09-02,1458
sh601518,吉林高速,2015-01-05,2026-09-02,2792
sh601500,通用股份,2016-09-19,2026-09-02,2411
sh601528,瑞丰银行,2021-06-25,2026-09-02,1260
sh601512,中新集团,2019-12-20,2026-09-02,1625
sh601519,大智慧,2015-01-23,2026-09-02,2795
sh601515,衢州东峰,2015-01-05,2026-09-02,2824
sh601558,退市锐电,2015-01-05,2020-06-23,1310
sh601566,九牧王,2015-01-05,2026-09-02,2824
sh601568,北元化工,2020-10-20,2026-09-02,1427
sh601555,东吴证券,2015-01-05,2026-09-02,2808
sh601577,长沙银行,2018-09-26,2026-09-02,1924
sh601579,会稽山,2015-01-05,2026-09-02,2814
sh601588,北辰实业,2015-01-05,2026-09-02,2821
sh601598,中国外运,2019-01-18,2026-09-01,1848
sh601606,长城军工,2018-08-06,2026-09-02,1960
sh601595,上海电影,2016-08-17,2026-09-02,2439
sh601567,三星电气,2015-01-05,2026-09-02,2814
sh601601,中国太保,2015-01-05,2026-09-02,2836
sh601599,浙文影业,2015-01-05,2026-09-02,2748
sh601609,金田股份,2020-04-22,2026-09-02,1545
sh601600,中国铝业,2015-01-05,2026-09-02,2727
sh601607,上海医药,2015-01-05,2026-09-02,2836
sh601615,明阳智能,2019-01-23,2026-09-02,1838
sh601608,中信重工,2015-01-05,2026-09-02,2686
sh601611,中国核建,2016-06-06,2026-09-02,2488
sh601619,嘉泽新能,2017-07-20,2026-09-02,2087
sh601616,广电电气,2015-01-05,2026-09-02,2827
sh601618,中国中冶,2015-01-05,2026-09-02,2764
sh601636,旗滨集团,2015-01-05,2026-09-02,2834
sh601628,中国人寿,2015-01-05,2026-09-02,2836
sh601665,齐鲁银行,2021-06-18,2026-09-02,1265
sh601633,长城汽车,2015-01-05,2026-09-02,2814
sh601658,邮储银行,2019-12-10,2026-09-01,1632
sh601669,中国电建,2015-01-05,2026-09-02,2821
sh601677,明泰铝业,2015-01-05,2026-09-02,2836
sh601666,平煤股份,2015-01-05,2026-09-01,2835
sh601686,友发集团,2020-12-04,2026-09-02,1394
sh601678,滨化股份,2015-01-05,2026-09-02,2832
sh601689,拓普集团,2015-03-19,2026-09-02,2778
sh601688,华泰证券,2015-01-05,2026-09-02,2836
sh601668,中国建筑,2015-01-05,2026-09-01,2835
sh601696,中银证券,2020-02-26,2026-09-02,1584
sh601698,中国卫通,2019-06-28,2026-09-02,1744
sh601700,风范股份,2015-01-05,2026-09-02,2640
sh601702,华峰铝业,2020-09-07,2026-09-02,1452
sh601699,潞安环能,2015-01-05,2026-09-01,2816
sh601717,中创智领,2015-01-05,2026-09-01,2635
sh601728,中国电信,2021-08-20,2026-09-02,1220
sh601718,ST际华,2015-01-05,2026-09-02,2825
sh601727,上海电气,2015-01-05,2026-09-02,2576
sh601766,中国中车,2015-01-05,2026-09-02,2798
sh601778,晶科科技,2020-05-19,2026-09-02,1529
sh601788,光大证券,2015-01-05,2026-09-02,2834
sh601777,千里科技,2015-01-05,2026-09-02,2805
sh601789,宁波建工,2015-01-05,2026-09-02,2708
sh601801,皖新传媒,2015-01-05,2026-09-02,2815
sh601800,中国交建,2015-01-05,2026-09-02,2836
sh601798,蓝科高新,2015-01-05,2026-09-02,2774
sh601808,中海油服,2015-01-05,2026-09-02,2836
sh601811,新华文轩,2016-08-08,2026-09-02,2446
sh601816,京沪高铁,2020-01-16,2026-09-01,1606
sh601818,光大银行,2015-01-05,2026-09-01,2824
sh601827,三峰环境,2020-06-05,2026-09-02,1516
sh601828,美凯龙,2018-01-17,2026-09-02,2087
sh601825,沪农商行,2021-08-19,2026-09-01,1220
sh601838,成都银行,2018-01-31,2026-09-01,2082
sh601865,福莱特,2019-02-15,2026-09-02,1834
sh601799,星宇股份,2015-01-05,2026-09-02,2818
sh601868,中国能建,2021-09-28,2026-09-02,1195
sh601857,中国石油,2015-01-05,2026-09-01,2835
sh601860,紫金银行,2019-01-03,2026-09-02,1860
sh601858,中国科传,2017-01-18,2026-09-02,2337
sh601869,长飞光纤,2018-07-20,2026-09-02,1971
sh601866,中远海发,2015-01-05,2026-09-02,2728
sh601878,浙商证券,2017-06-26,2026-09-02,2234
sh601877,正泰电器,2015-01-05,2026-09-02,2699
sh601880,辽港股份,2015-01-05,2026-09-02,2819
sh601881,中国银河,2017-01-23,2026-09-02,2334
sh601872,招商轮船,2015-01-05,2026-09-02,2736
sh601882,海天精工,2016-11-07,2026-09-02,2385
sh601888,中国中免,2015-01-05,2026-09-02,2780
sh601890,亚星锚链,2015-01-05,2026-09-02,2833
sh601886,江河集团,2015-01-05,2026-09-02,2830
sh601916,浙商银行,2019-11-26,2026-09-01,1636
sh601898,中煤能源,2015-01-05,2026-09-02,2836
sh601900,南方传媒,2016-02-15,2026-09-02,2449
sh601921,浙版传媒,2021-07-23,2026-09-02,1240
sh601918,新集能源,2015-01-05,2026-09-02,2822
sh601919,中远海控,2015-01-05,2026-09-01,2692
sh601901,方正证券,2015-01-05,2026-09-02,2823
sh601908,京运通,2015-01-05,2026-09-02,2830
sh601928,凤凰传媒,2015-01-05,2026-09-01,2833
sh601933,永辉超市,2015-01-05,2026-09-02,2824
sh601939,建设银行,2015-01-05,2026-09-01,2835
sh601929,吉视传媒,2015-01-05,2026-09-02,2829
sh601956,东贝集团,2020-12-25,2026-09-02,1379
sh601899,紫金矿业,2015-01-05,2026-09-01,2805
sh601949,中国出版,2017-08-21,2026-09-02,2194
sh601963,重庆银行,2021-02-05,2026-09-01,1349
sh601952,苏垦农发,2017-05-15,2026-09-02,2262
sh601958,金钼股份,2015-01-05,2026-09-02,2836
sh601965,中国汽研,2015-01-05,2026-09-02,2836
sh601966,玲珑轮胎,2016-07-06,2026-09-02,2450
sh601968,宝钢包装,2015-06-11,2026-09-02,2709
sh601975,招商南油,2019-01-08,2026-09-02,1856
sh601969,海南矿业,2015-01-05,2026-09-02,2786
sh601991,大唐发电,2015-01-05,2026-09-02,2826
sh601995,中金公司,2020-11-02,2026-09-02,1398
sh601985,中国核电,2015-06-10,2026-09-02,2731
sh601990,南京证券,2018-06-13,2026-09-02,1997
sh601992,金隅集团,2015-01-05,2026-09-02,2820
sh601989,中国重工,2015-01-05,2025-08-12,2433
sh601997,贵阳银行,2016-08-16,2026-09-01,2439
sh601988,中国银行,2015-01-05,2026-09-01,2835
sh601998,中信银行,2015-01-05,2026-09-01,2833
sh601996,丰林集团,2015-01-05,2026-09-02,2738
sh603000,人民网,2015-01-05,2026-09-02,2836
sh603003,退市龙宇,2015-04-17,2025-06-30,2435
sh603004,鼎龙科技,2023-12-27,2026-09-02,650
sh603001,奥康国际,2015-01-05,2026-09-02,2812
sh601999,出版传媒,2015-01-05,2026-09-02,2741
sh603005,晶方科技,2015-01-05,2026-09-02,2833
sh603002,宏昌电子,2015-01-05,2026-09-02,2810
sh603006,联明股份,2015-01-05,2026-09-02,2769
sh603007,顺景科技,2016-08-26,2026-09-02,2409
sh603011,合锻智能,2015-01-05,2026-09-02,2739
sh603008,ST喜临门,2015-03-13,2026-09-02,2780
sh603010,万盛股份,2015-01-05,2026-09-02,2543
sh603013,亚普股份,2018-05-09,2026-09-02,2022
sh603009,北特科技,2015-01-05,2026-09-02,2757
sh603014,威高血净,2025-05-19,2026-09-02,308
sh603012,创力集团,2015-03-20,2026-09-02,2782
sh603016,新宏泰,2016-07-01,2026-09-02,2293
sh603017,中衡设计,2015-01-05,2026-09-02,2768
sh603022,新通联,2015-05-18,2026-09-02,2745
sh603019,中科曙光,2015-01-05,2026-09-02,2810
sh603015,弘讯科技,2015-03-03,2026-09-02,2789
sh603018,华设集团,2015-01-05,2026-09-02,2775
sh603021,*ST华鹏,2015-04-23,2026-09-02,2661
sh603020,爱普股份,2015-03-25,2026-09-02,2784
sh603023,威帝股份,2015-05-27,2026-09-02,2717
sh603026,石大胜华,2015-05-29,2026-09-02,2738
sh603028,赛福天,2016-03-31,2026-09-02,2514
sh603027,千禾味业,2016-03-07,2026-09-02,2551
sh603029,天鹅股份,2016-04-27,2026-09-02,2466
sh603025,大豪科技,2015-04-22,2026-09-02,2728
sh603032,德新科技,2017-01-05,2026-09-02,2191
sh603030,全筑股份,2015-03-20,2026-09-02,2769
sh603033,三维股份,2016-12-07,2026-09-02,2292
sh603031,安孚科技,2016-08-22,2026-09-02,2428
sh603038,华立股份,2017-01-16,2026-09-02,2336
sh603035,常熟汽饰,2017-01-05,2026-09-02,2346
sh603036,如通股份,2016-12-09,2026-09-02,2359
sh603039,泛微网络,2017-01-13,2026-09-02,2271
sh603043,广州酒家,2017-06-27,2026-09-02,2233
sh603048,浙江黎明,2021-11-16,2026-09-02,1165
sh603049,中策橡胶,2025-06-05,2026-09-02,306
sh603042,华脉科技,2017-06-02,2026-09-02,2243
sh603040,新坐标,2017-02-09,2026-09-02,2325
sh603053,成都燃气,2019-12-17,2026-09-02,1628
sh603050,科林电气,2017-04-14,2026-09-02,2281
sh603052,可川科技,2022-10-11,2026-09-02,948
sh603037,凯众股份,2017-01-20,2026-09-02,2330
sh603041,美思德,2017-03-30,2026-09-02,2291
sh603055,台华新材,2017-09-21,2026-09-02,2171
sh603056,德邦股份,2018-01-16,2026-01-20,1931
sh603045,福达合金,2018-05-17,2026-09-02,2005
sh603057,紫燕食品,2022-09-26,2026-09-02,954
sh603062,麦加芯彩,2023-11-07,2026-09-02,686
sh603051,鹿山新材,2022-03-25,2026-09-02,1078
sh603061,金海通,2023-03-03,2026-09-02,851
sh603060,国检集团,2016-11-09,2026-09-02,2386
sh603065,宿迁联盛,2023-03-21,2026-09-02,839
sh603059,倍加洁,2018-03-02,2026-09-02,2066
sh603066,音飞储存,2015-06-11,2026-09-02,2647
sh603058,永吉股份,2016-12-23,2026-09-02,2342
sh603063,禾望电气,2017-07-28,2026-09-02,2210
sh603068,博通集成,2019-04-15,2026-09-02,1794
sh603067,振华股份,2016-09-13,2026-09-02,2407
sh603070,万控智造,2022-03-10,2026-09-02,1089
sh603072,天和磁材,2025-01-03,2026-09-02,404
sh603073,彩蝶实业,2023-03-16,2026-09-02,842
sh603075,热威股份,2023-09-11,2026-09-02,721
sh603071,物产环能,2021-12-16,2026-09-02,1143
sh603069,海汽集团,2016-07-12,2026-09-02,2447
sh603082,北自科技,2024-01-30,2026-09-02,622
sh603087,甘李药业,2020-06-29,2026-09-02,1502
sh603076,乐惠国际,2017-11-13,2026-09-02,2139
sh603081,大丰实业,2017-04-20,2026-09-02,2278
sh603085,天成自控,2015-06-30,2026-09-02,2697
sh603083,剑桥科技,2017-11-10,2026-09-02,2140
sh603079,圣达生物,2017-08-23,2026-09-02,2154
sh603077,和邦生物,2015-01-05,2026-09-02,2808
sh603078,江化微,2017-04-10,2026-09-02,2279
sh603080,新疆火炬,2018-01-03,2026-09-02,2101
sh603091,众鑫股份,2024-09-20,2026-09-02,473
sh603086,先达股份,2017-05-11,2026-09-02,2264
sh603092,德力佳,2025-11-07,2026-09-02,201
sh603090,宏盛股份,2016-08-31,2026-09-02,2373
sh603098,森特股份,2016-12-16,2026-09-02,2358
sh603093,南华期货,2019-08-30,2026-09-02,1699
sh603097,江苏华辰,2022-05-12,2026-09-02,1049
sh603095,越剑智能,2020-04-15,2026-09-02,1550
sh603089,正裕工业,2017-01-26,2026-09-02,2331
sh603101,汇嘉时代,2016-05-06,2026-09-02,2510
sh603096,新经典,2017-04-25,2026-09-02,2275
sh603102,百合股份,2022-01-25,2026-09-02,1116
sh603100,川仪股份,2015-01-05,2026-09-02,2798
sh603099,长白山,2015-01-05,2026-09-02,2836
sh603103,横店影视,2017-10-12,2026-09-02,2161
sh603107,上海汽配,2023-11-01,2026-09-02,690
sh603112,华翔股份,2020-09-17,2026-09-02,1444
sh603106,恒银科技,2017-09-20,2026-09-02,2171
sh603108,润达医疗,2015-05-27,2026-09-02,2604
sh603105,芯能科技,2018-07-09,2026-09-02,1980
sh603109,神驰机电,2019-12-31,2026-09-02,1618
sh603110,东方材料,2017-10-13,2026-09-02,2158
sh603119,浙江荣泰,2023-08-01,2026-09-02,750
sh603115,海星股份,2019-08-09,2026-09-02,1714
sh603111,康尼机电,2015-01-05,2026-09-02,2646
sh603113,金能科技,2017-05-11,2026-09-02,2264
sh603117,万林物流,2015-06-29,2026-09-02,2703
sh603120,肯特催化,2025-04-16,2026-09-02,338
sh603116,红蜻蜓,2015-06-29,2026-09-02,2716
sh603121,华培动力,2019-01-11,2026-09-02,1844
sh603122,合富中国,2022-02-16,2026-09-02,1102
sh603088,宁波精达,2015-01-05,2026-09-02,2819
sh603118,共进股份,2015-02-25,2026-09-02,2767
sh603130,云中马,2022-11-18,2026-09-02,920
sh603127,昭衍新药,2017-08-25,2026-09-02,2190
sh603124,江南新材,2025-03-20,2026-09-02,356
sh603125,常青科技,2023-04-10,2026-09-02,826
sh603129,春风动力,2017-08-18,2026-09-02,2195
sh603128,华贸物流,2015-01-05,2026-09-02,2720
sh603132,金徽股份,2022-02-22,2026-09-02,1101
sh603123,翠微股份,2015-01-05,2026-09-02,2825
sh603126,中材节能,2015-01-05,2026-09-02,2776
sh603131,上海沪工,2016-06-07,2026-09-02,2399
sh603136,天目湖,2017-09-27,2026-09-02,2167
sh603135,中重科技,2023-04-10,2026-09-02,826
sh603137,恒尚节能,2023-04-19,2026-09-02,809
sh603133,退市碳元,2017-03-20,2024-06-26,1736
sh603150,万朗磁塑,2022-01-24,2026-09-02,1117
sh603138,海量数据,2017-03-06,2026-09-02,2309
sh603139,康惠股份,2017-04-21,2026-09-02,2275
sh603155,新亚强,2020-09-01,2026-09-02,1456
sh603153,上海建科,2023-03-13,2026-09-02,845
sh603151,邦基科技,2022-10-19,2026-09-02,934
sh603157,退市拉夏,2017-09-25,2022-05-17,1109
sh603162,海通发展,2023-03-29,2026-09-02,833
sh603163,圣晖集成,2022-10-13,2026-09-02,946
sh603160,汇顶科技,2016-10-17,2026-09-02,2393
sh603161,科华控股,2018-01-05,2026-09-02,2086
sh603158,腾龙股份,2015-03-20,2026-09-02,2748
sh603159,上海亚虹,2016-08-12,2026-09-02,2435
sh603168,莎普爱思,2015-01-05,2026-09-02,2810
sh603170,宝立食品,2022-07-15,2026-09-02,1004
sh603156,养元饮品,2018-02-12,2026-09-02,2075
sh603169,兰石重装,2015-01-05,2026-09-02,2742
sh603173,福斯达,2023-01-30,2026-09-02,875
sh603175,超颖电子,2025-10-24,2026-09-02,211
sh603166,福达股份,2015-01-05,2026-09-02,2833
sh603172,万丰股份,2023-05-10,2026-09-02,807
sh603171,税友股份,2021-06-30,2026-09-02,1257
sh603167,渤海轮渡,2015-01-05,2026-09-02,2836
sh603176,汇通集团,2021-12-31,2026-09-02,1132
sh603165,荣晟环保,2017-01-17,2026-09-02,2337
sh603182,嘉华股份,2022-09-09,2026-09-02,959
sh603179,新泉股份,2017-03-17,2026-09-02,2300
sh603181,皇马科技,2017-08-24,2026-09-02,2191
sh603177,德创环保,2017-02-07,2026-09-02,2323
sh603178,圣龙股份,2017-03-28,2026-09-02,2293
sh603183,建研院,2017-09-05,2026-09-02,2177
sh603187,海容冷链,2018-11-29,2026-09-02,1883
sh603180,金牌家居,2017-05-12,2026-09-02,2263
sh603188,亚邦股份,2015-01-05,2026-09-02,2751
sh603191,望变电气,2022-04-28,2026-09-02,1056
sh603185,弘元绿能,2018-12-28,2026-09-02,1862
sh603189,*ST网达,2016-09-14,2026-09-02,2417
sh603186,华正新材,2017-01-03,2026-09-02,2348
sh603190,亚通精工,2023-02-17,2026-09-02,861
sh603193,润本股份,2023-10-17,2026-09-02,701
sh603195,公牛集团,2020-02-06,2026-09-02,1598
sh603194,中力股份,2024-12-24,2026-09-02,411
sh603196,璞源材料,2017-05-31,2026-09-02,2232
sh603200,上海洗霸,2017-06-01,2026-09-02,2251
sh603202,天有为,2025-04-24,2026-09-02,332
sh603201,常润股份,2022-07-29,2026-09-02,994
sh603192,汇得科技,2018-08-28,2026-09-02,1944
sh603206,嘉环科技,2022-05-06,2026-09-02,1053
sh603197,保隆科技,2017-05-19,2026-09-02,2258
sh603199,九华旅游,2015-03-26,2026-09-02,2783
sh603205,健尔康,2024-11-07,2026-09-02,444
sh603207,小方制药,2024-08-26,2026-09-02,490
sh603198,迎驾贡酒,2015-05-28,2026-09-02,2740
sh603209,兴通股份,2022-03-24,2026-09-02,1079
sh603210,泰鸿万立,2025-04-09,2026-09-02,343
sh603211,晋拓股份,2022-07-25,2026-09-02,998
sh603212,赛伍技术,2020-04-30,2026-09-02,1539
sh603208,江山欧派,2017-02-10,2026-09-02,2325
sh603214,爱婴室,2018-03-30,2026-09-02,2046
sh603215,比依股份,2022-02-18,2026-09-02,1103
sh603217,元利科技,2019-06-20,2026-09-02,1750
sh603216,梦天家居,2021-12-15,2026-09-02,1135
sh603219,富佳股份,2021-11-22,2026-09-02,1161
sh603213,镇洋发展,2021-11-11,2026-09-02,1158
sh603221,爱丽家居,2020-03-23,2026-09-02,1558
sh603218,日月股份,2016-12-28,2026-09-02,2351
sh603220,中贝通信,2018-11-15,2026-09-02,1893
sh603225,新凤鸣,2017-04-18,2026-09-02,2280
sh603203,快克智能,2016-11-08,2026-09-02,2387
sh603226,菲林格尔,2017-06-15,2026-09-02,2235
sh603223,恒通股份,2015-06-30,2026-09-02,2705
sh603222,济民健康,2015-02-17,2026-09-02,2751
sh603229,奥翔药业,2017-05-09,2026-09-02,2266
sh603235,天新药业,2022-07-12,2026-09-02,1007
sh603228,景旺电子,2017-01-06,2026-09-02,2345
sh603236,移远通信,2019-07-16,2026-09-02,1732
sh603233,大参林,2017-07-31,2026-09-02,2209
sh603237,五芳斋,2022-08-31,2026-09-02,971
sh603231,索宝蛋白,2023-12-15,2026-09-02,658
sh603230,内蒙新华,2021-12-24,2026-09-02,1137
sh603227,雪峰科技,2015-05-15,2026-09-02,2690
sh603232,格尔软件,2017-04-21,2026-09-02,2277
sh603238,诺邦股份,2017-02-22,2026-09-02,2247
sh603248,锡华科技,2025-12-23,2026-09-02,169
sh603239,浙江仙通,2016-12-30,2026-09-02,2348
sh603257,中国瑞林,2025-04-08,2026-09-02,344
sh603255,鼎际得,2022-08-18,2026-09-02,980
sh603262,技源集团,2025-07-23,2026-09-02,272
sh603256,宏和科技,2019-07-19,2026-09-02,1729
sh603261,立航科技,2022-03-15,2026-09-02,1084
sh603258,电魂网络,2016-10-26,2026-09-02,2396
sh603260,合盛硅业,2017-10-30,2026-09-02,2149
sh603271,永杰新材,2025-03-11,2026-09-02,363
sh603267,鸿远电子,2019-05-15,2026-09-02,1775
sh603273,天元智能,2023-10-23,2026-09-02,697
sh603259,药明康德,2018-05-08,2026-09-01,2022
sh603275,众辰科技,2023-08-23,2026-09-02,734
sh603270,金帝股份,2023-09-01,2026-09-02,727
sh603269,海鸥股份,2017-05-17,2026-09-02,2254
sh603266,天龙股份,2017-01-10,2026-09-02,2343
sh603272,*ST联翔,2022-05-20,2026-09-02,1042
sh603278,大业股份,2017-11-13,2026-09-02,2139
sh603268,松发股份,2015-03-19,2026-09-02,2649
sh603279,景津装备,2019-07-29,2026-09-02,1723
sh603282,亚光股份,2023-03-15,2026-09-02,843
sh603280,南方路机,2022-11-08,2026-09-02,928
sh603281,江瀚新材,2023-01-31,2026-09-02,874
sh603276,恒兴新材,2023-09-25,2026-09-02,711
sh603283,赛腾股份,2017-12-25,2026-09-02,2103
sh603277,银都股份,2017-09-11,2026-09-02,2179
sh603284,林平发展,2026-02-10,2026-09-02,136
sh603293,埃泰克,2026-04-16,2026-09-02,96
sh603291,联合水务,2023-03-27,2026-09-02,835
sh603285,键邦股份,2024-07-05,2026-09-02,526
sh603290,斯达半导,2020-02-04,2026-09-02,1600
sh603289,泰瑞机器,2017-10-31,2026-09-02,2148
sh603288,海天味业,2015-01-05,2026-09-02,2836
sh603296,华勤技术,2023-08-08,2026-09-02,745
sh603299,苏盐井神,2015-12-31,2026-09-02,2472
sh603298,杭叉集团,2016-12-27,2026-09-02,2352
sh603286,日盈电子,2017-06-27,2026-09-02,2214
sh603301,振德医疗,2018-04-12,2026-09-02,2039
sh603310,巍华新材,2024-08-14,2026-09-02,498
sh603297,永新光学,2018-09-10,2026-09-02,1935
sh603309,维力医疗,2015-03-02,2026-09-02,2732
sh603307,扬州金泉,2023-02-16,2026-09-02,862
sh603312,西典新能,2024-01-11,2026-09-02,640
sh603303,得邦照明,2017-03-30,2026-09-02,2291
sh603305,旭升集团,2017-07-10,2026-09-02,2217
sh603306,华懋科技,2015-01-05,2026-09-02,2801
sh603316,诚邦股份,2017-06-19,2026-09-02,2239
sh603308,应流股份,2015-01-05,2026-09-02,2768
sh603311,金海高科,2015-05-18,2026-09-02,2738
sh603300,海南华铁,2015-05-29,2026-09-02,2716
sh603313,梦百合,2016-10-13,2026-09-02,2405
sh603318,水发燃气,2015-04-24,2026-09-02,2584
sh603317,天味食品,2019-04-16,2026-09-02,1793
sh603320,迪贝电气,2017-05-02,2026-09-02,2271
sh603324,盛剑科技,2021-04-07,2026-09-02,1313
sh603319,美湖股份,2016-11-30,2026-09-02,2371
sh603322,超讯科技,2016-07-28,2026-09-02,2428
sh603323,苏农银行,2016-11-29,2026-09-02,2372
sh603315,福鞍股份,2015-04-24,2026-09-02,2671
sh603321,梅轮电梯,2017-09-15,2026-09-02,2175
sh603325,博隆技术,2024-01-10,2026-09-02,641
sh603329,上海雅仕,2017-12-29,2026-09-02,2099
sh603331,百达精工,2017-07-05,2026-09-02,2227
sh603334,丰倍生物,2025-11-05,2026-09-02,203
sh603330,天洋新材,2017-02-13,2026-09-02,2307
sh603335,迪生力,2017-06-20,2026-09-02,2238
sh603327,福蓉科技,2019-05-23,2026-09-02,1769
sh603336,宏辉果蔬,2016-11-24,2026-09-02,2358
sh603328,依顿电子,2015-01-05,2026-09-02,2832
sh603332,苏州龙杰,2019-01-17,2026-09-02,1850
sh603333,福华尚纬,2015-01-05,2026-09-02,2792
sh603341,龙旗科技,2024-03-01,2026-09-02,610
sh603326,我乐家居,2017-06-16,2026-09-02,2239
sh603337,杰克科技,2017-01-19,2026-09-02,2336
sh603344,星德胜,2024-03-20,2026-09-02,597
sh603339,四方科技,2016-05-19,2026-09-02,2500
sh603338,浙江鼎力,2015-03-25,2026-09-02,2771
sh603352,至信股份,2026-01-15,2026-09-02,154
sh603350,安乃达,2024-07-03,2026-09-02,528
sh603348,文灿股份,2018-04-26,2026-09-02,2028
sh603351,威尔药业,2019-01-30,2026-09-02,1841
sh603356,华菱精工,2018-01-24,2026-09-02,2078
sh603355,莱克电气,2015-05-13,2026-09-02,2751
sh603345,安井食品,2017-02-22,2026-09-02,2278
sh603353,和顺石油,2020-04-07,2026-09-02,1556
sh603357,设计总院,2017-08-01,2026-09-02,2208
sh603358,华达科技,2017-01-25,2026-09-02,2327
sh603359,*ST东珠,2017-09-01,2026-09-02,2174
sh603370,华新精科,2025-09-05,2026-09-02,240
sh603360,百傲化学,2017-02-06,2026-09-02,2329
sh603363,傲农生物,2017-09-26,2026-09-02,2166
sh603375,盛景微,2024-01-24,2026-09-02,631
sh603376,大明电子,2025-11-06,2026-09-02,202
sh603366,日出东方,2015-01-05,2026-09-02,2835
sh603367,辰欣药业,2017-09-29,2026-09-02,2165
sh603365,水星家纺,2017-11-20,2026-09-02,2134
sh603380,易德龙,2017-06-22,2026-09-02,2236
sh603373,安邦护卫,2023-12-20,2026-09-02,655
sh603379,三美股份,2019-04-02,2026-09-02,1802
sh603369,今世缘,2015-01-05,2026-09-02,2833
sh603381,永臻股份,2024-06-26,2026-09-02,533
sh603378,*ST亚士,2017-09-28,2026-09-02,2165
sh603377,ST东时,2016-02-05,2026-09-02,2525
sh603382,海阳科技,2025-06-12,2026-09-02,301
sh603368,柳药集团,2015-01-05,2026-09-02,2823
sh603383,顶点软件,2017-05-22,2026-09-02,2255
sh603385,惠达卫浴,2017-04-05,2026-09-02,2289
sh603389,亚振家居,2016-12-15,2026-09-02,2325
sh603386,骏亚科技,2017-09-12,2026-09-02,2090
sh603387,基蛋生物,2017-07-17,2026-09-02,2219
sh603388,*ST元成,2017-03-24,2025-11-10,2093
sh603391,力聚热能,2024-07-31,2026-09-02,508
sh603395,红四方,2024-11-26,2026-09-02,431
sh603392,万泰生物,2020-04-29,2026-09-02,1540
sh603390,通达电气,2019-11-25,2026-09-02,1644
sh603400,华之杰,2025-06-20,2026-09-02,295
sh603402,陕西旅游,2026-01-06,2026-09-02,161
sh603406,天富龙,2025-08-08,2026-09-02,260
sh603396,金辰股份,2017-10-18,2026-09-02,2157
sh603407,长裕集团,2026-05-11,2026-09-02,82
sh603393,新天然气,2016-09-12,2026-09-02,2359
sh603398,*ST沐邦,2015-12-09,2026-09-02,2487
sh603408,建霖家居,2020-07-30,2026-09-02,1479
sh603409,汇通控股,2025-03-04,2026-09-02,368
sh603416,信捷电气,2016-12-21,2026-09-02,2356
sh603399,永杉锂业,2015-01-05,2026-09-02,2636
sh603418,友升股份,2025-09-23,2026-09-02,228
sh603421,鼎信通讯,2016-10-11,2026-09-02,2407
sh603435,嘉德利,2026-05-22,2026-09-02,73
sh603439,三力制药,2020-04-28,2026-09-02,1541
sh603444,吉比特,2017-01-04,2026-09-02,2347
sh603468,津富士达,2026-08-06,2026-09-02,20
sh603459,红板科技,2026-04-08,2026-09-02,102
sh603429,*ST集友,2017-01-24,2026-09-02,2283
sh603466,风语筑,2017-10-20,2026-09-02,2154
sh603458,勘设股份,2017-08-09,2026-09-02,2200
sh603456,九洲药业,2015-01-05,2026-09-02,2798
sh603477,巨星农牧,2017-12-18,2026-09-02,2103
sh603489,八方股份,2019-11-11,2026-09-02,1654
sh603486,科沃斯,2018-05-28,2026-09-02,2009
sh603488,展鹏科技,2017-05-16,2026-09-02,2245
sh603496,恒为科技,2017-06-07,2026-09-02,2238
sh603499,翔港科技,2017-10-16,2026-09-02,2158
sh603500,祥和实业,2017-09-04,2026-09-02,2184
sh603506,南都物业,2018-02-01,2026-09-02,2082
sh603508,思维列控,2015-12-24,2026-09-02,2505
sh603511,爱慕股份,2021-05-31,2026-09-02,1278
sh603501,豪威集团,2017-05-04,2026-09-02,2098
sh603507,振江股份,2017-11-06,2026-09-02,2139
sh603516,淳中科技,2018-02-02,2026-09-02,2081
sh603505,金石资源,2017-05-03,2026-09-02,2270
sh603515,欧普照明,2016-08-19,2026-09-02,2437
sh603517,ST绝味,2017-03-17,2026-09-02,2299
sh603529,爱玛科技,2021-06-15,2026-09-02,1268
sh603519,立霸股份,2015-03-19,2026-09-02,2694
sh603518,锦泓集团,2015-01-05,2026-09-02,2700
sh603520,司太立,2016-03-09,2026-09-02,2424
sh603530,神马电力,2019-08-05,2026-09-02,1718
sh603536,惠发食品,2017-06-13,2026-09-02,2243
sh603527,众源新材,2017-09-07,2026-09-02,2181
sh603533,掌阅科技,2017-09-21,2026-09-02,2169
sh603528,多伦科技,2016-05-03,2026-09-02,2511
sh603538,美诺华,2017-04-07,2026-09-02,2214
sh603535,嘉诚国际,2017-08-08,2026-09-02,2203
sh603555,ST贵人,2015-01-05,2024-03-07,2121
sh603558,健盛集团,2015-01-27,2026-09-02,2718
sh603551,奥普科技,2020-01-15,2026-09-02,1608
sh603565,中谷物流,2020-09-25,2026-09-01,1437
sh603567,珍宝岛,2015-04-24,2026-09-02,2748
sh603566,普莱柯,2015-05-18,2026-09-02,2743
sh603557,*ST起步,2017-08-18,2026-09-02,2183
sh603556,海兴电力,2016-11-10,2026-09-02,2385
sh603559,中通国脉,2016-12-02,2026-09-02,2287
sh603569,长久物流,2016-08-10,2026-09-02,2444
sh603568,伟明环保,2015-05-28,2026-09-02,2740
sh603579,荣泰健康,2017-01-11,2026-09-02,2342
sh603578,三星新材,2017-03-06,2026-09-02,2297
sh603589,口子窖,2015-06-29,2026-09-02,2719
sh603580,艾艾精工,2017-05-25,2026-09-02,2247
sh603588,高能环境,2015-01-05,2026-09-02,2733
sh603587,地素时尚,2018-06-22,2026-09-02,1991
sh603583,捷昌驱动,2018-09-21,2026-09-02,1926
sh603585,苏利股份,2016-12-14,2026-09-02,2361
sh603595,ST东尼,2017-07-12,2026-09-02,2221
sh603590,康辰药业,2018-08-27,2026-09-02,1945
sh603596,伯特利,2018-04-27,2026-09-02,2028
sh603600,永艺股份,2015-01-23,2026-09-02,2810
sh603605,珀莱雅,2017-11-15,2026-09-02,2137
sh603601,再升科技,2015-01-22,2026-09-02,2766
sh603603,退市博天,2017-02-17,2024-04-18,1598
sh603598,引力传媒,2015-05-27,2026-09-02,2560
sh603599,广信股份,2015-05-13,2026-09-02,2745
sh603586,金麒麟,2017-04-06,2026-09-02,2288
sh603602,纵横通信,2017-08-10,2026-09-02,2139
sh603610,麒盛科技,2019-10-29,2026-09-02,1663
sh603607,京华激光,2017-10-25,2026-09-02,2151
sh603612,索通发展,2017-07-18,2026-09-02,2207
sh603608,天创时尚,2016-02-18,2026-09-02,2478
sh603611,诺力股份,2015-01-28,2026-09-02,2736
sh603606,东方电缆,2015-01-05,2026-09-02,2827
sh603577,汇金通,2016-12-22,2026-09-02,2355
sh603613,国联股份,2019-07-30,2026-09-02,1722
sh603617,君禾股份,2017-07-03,2026-09-02,2229
sh603609,禾丰股份,2015-01-05,2026-09-02,2824
sh603615,茶花股份,2017-02-13,2026-09-02,2324
sh603619,中曼石油,2017-11-17,2026-09-02,2135
sh603616,韩建河山,2015-06-11,2026-09-02,2702
sh603630,拉芳家化,2017-03-13,2026-09-02,2304
sh603637,镇海股份,2017-02-08,2026-09-02,2325
sh603628,清源股份,2017-01-12,2026-09-02,2337
sh603618,杭电股份,2015-02-17,2026-09-02,2780
sh603629,利通电子,2018-12-24,2026-09-02,1866
sh603626,科森科技,2017-02-09,2026-09-02,2326
sh603633,徕木股份,2016-11-17,2026-09-02,2374
sh603638,艾迪精密,2017-01-20,2026-09-02,2335
sh603636,南威软件,2015-01-05,2026-09-02,2757
sh603639,海利尔,2017-01-12,2026-09-02,2341
sh603650,彤程新材,2018-06-27,2026-09-02,1988
sh603662,柯力传感,2019-08-06,2026-09-02,1717
sh603658,安图生物,2016-09-01,2026-09-02,2428
sh603660,苏州科达,2016-12-01,2026-09-02,2368
sh603659,璞泰来,2017-11-03,2026-09-02,2089
sh603648,畅联股份,2017-09-13,2026-09-02,2177
sh603657,春光科技,2018-07-30,2026-09-02,1965
sh603655,朗博科技,2017-12-29,2026-09-02,2100
sh603665,康隆达,2017-03-13,2026-09-02,2304
sh603656,泰禾智能,2017-03-21,2026-09-02,2298
sh603663,三祥新材,2016-08-01,2026-09-02,2451
sh603666,亿嘉和,2018-06-12,2026-09-02,1998
sh603667,五洲新春,2016-10-25,2026-09-02,2325
sh603661,恒林股份,2017-11-21,2026-09-02,2125
sh603669,灵康药业,2015-05-28,2026-09-02,2740
sh603668,天马科技,2017-01-17,2026-09-02,2338
sh603682,锦和商管,2020-04-21,2026-09-02,1546
sh603686,福龙马,2015-01-26,2026-09-02,2759
sh603677,奇精机械,2017-02-06,2026-09-02,2324
sh603676,卫信康,2017-07-21,2026-09-02,2215
sh603678,火炬电子,2015-01-26,2026-09-02,2805
sh603680,今创集团,2018-02-27,2026-09-02,2069
sh603685,晨丰科技,2017-11-27,2026-09-02,2127
sh603681,永冠新材,2019-03-26,2026-09-02,1807
sh603683,晶华新材,2017-10-20,2026-09-02,2155
sh603690,至纯科技,2017-01-13,2026-09-02,2247
sh603687,大胜达,2019-07-26,2026-09-02,1724
sh603679,华体科技,2017-06-21,2026-09-02,2237
sh603688,石英股份,2015-01-05,2026-09-02,2833
sh603689,皖天然气,2017-01-10,2026-09-02,2343
sh603693,江苏新能,2018-07-03,2026-09-02,1975
sh603698,航天工程,2015-01-28,2026-09-02,2819
sh603697,有友食品,2019-05-08,2026-09-02,1780
sh603696,安记食品,2015-12-09,2026-09-02,2575
sh603699,纽威股份,2015-01-05,2026-09-02,2826
sh603700,宁水集团,2019-01-22,2026-09-02,1847
sh603707,健友股份,2017-07-19,2026-09-02,2217
sh603701,德宏股份,2016-04-12,2026-09-02,2503
sh603706,东方环宇,2018-07-09,2026-09-01,1979
sh603703,盛洋科技,2015-04-23,2026-09-02,2674
sh603712,七一二,2018-02-26,2026-09-02,2067
sh603709,中源家居,2018-02-08,2026-09-02,2077
sh603708,家家悦,2016-12-13,2026-09-02,2362
sh603711,香飘飘,2017-11-30,2026-09-02,2126
sh603717,天域生物,2017-03-27,2026-09-02,2294
sh603721,中广天择,2017-08-11,2026-09-02,2191
sh603716,塞力医疗,2016-10-31,2026-09-02,2381
sh603713,密尔克卫,2018-07-13,2026-09-02,1976
sh603722,阿科力,2017-10-25,2026-09-02,2145
sh603719,良品铺子,2020-02-24,2026-09-02,1581
sh603725,天安新材,2017-09-06,2026-09-02,2167
sh603718,*ST海利,2015-05-15,2026-09-02,2709
sh603726,朗迪集团,2016-04-21,2026-09-02,2514
sh603727,博迈科,2016-11-22,2026-09-02,2377
sh603730,岱美股份,2017-07-28,2026-09-02,2195
sh603728,鸣志电器,2017-05-09,2026-09-02,2266
sh603729,ST龙韵,2015-03-24,2026-09-02,2694
sh603733,仙鹤股份,2018-04-20,2026-09-02,2033
sh603739,蔚蓝生物,2019-01-16,2026-09-02,1851
sh603737,三棵树,2016-06-03,2026-09-02,2490
sh603759,海天股份,2021-03-26,2026-09-02,1320
sh603757,大元泵业,2017-07-11,2026-09-02,2223
sh603766,隆鑫通用,2015-01-05,2026-09-02,2820
sh603755,日辰股份,2019-08-28,2026-09-02,1701
sh603758,秦安股份,2017-05-17,2026-09-02,2246
sh603767,中马传动,2017-06-13,2026-09-02,2243
sh603738,泰晶科技,2016-09-28,2026-09-02,2411
sh603768,常青股份,2017-03-24,2026-09-02,2295
sh603773,沃格光电,2018-04-17,2026-09-02,2036
sh603779,威龙股份,2016-05-16,2026-09-02,2491
sh603778,国晟科技,2015-12-31,2026-09-02,2556
sh603776,永安行,2017-08-17,2026-09-02,2181
sh603777,来伊份,2016-10-12,2026-09-02,2406
sh603787,新日股份,2017-04-27,2026-09-02,2273
sh603786,科博达,2019-10-15,2026-09-02,1673
sh603790,雅运股份,2018-09-12,2026-09-02,1922
sh603797,联泰环保,2017-04-13,2026-09-02,2283
sh603801,志邦家居,2017-06-30,2026-09-02,2230
sh603788,宁波高发,2015-01-20,2026-09-02,2811
sh603800,洪田股份,2015-12-10,2026-09-02,2602
sh603789,ST星农,2015-04-27,2026-09-02,2736
sh603798,康普顿,2016-04-06,2026-09-02,2529
sh603803,瑞斯康达,2017-04-20,2026-09-02,2275
sh603808,歌力思,2015-04-22,2026-09-02,2682
sh603809,豪能股份,2017-11-28,2026-09-02,2128
sh603799,华友钴业,2015-01-29,2026-09-02,2784
sh603810,丰山集团,2018-09-17,2026-09-02,1928
sh603815,交建股份,2019-10-21,2026-09-02,1659
sh603806,福斯特,2015-01-05,2026-09-02,2817
sh603813,原尚股份,2017-09-18,2026-09-02,2172
sh603818,曲美家居,2015-04-22,2026-09-02,2729
sh603816,顾家家居,2016-10-14,2026-09-02,2400
sh603819,神力股份,2016-11-25,2026-09-02,2367
sh603825,ST华扬,2017-08-02,2026-09-02,2120
sh603822,ST嘉澳,2016-04-28,2026-09-02,2426
sh603823,百合花,2016-12-20,2026-09-02,2357
sh603817,海峡环保,2017-02-20,2026-09-02,2319
sh603811,诚意药业,2017-03-15,2026-09-02,2302
sh603826,坤彩科技,2017-04-14,2026-09-02,2282
sh603829,洛凯股份,2017-10-17,2026-09-02,2158
sh603836,海程邦达,2021-05-26,2026-09-02,1281
sh603828,*ST利达,2015-02-26,2026-09-02,2703
sh603848,好太太,2017-12-01,2026-09-02,2125
sh603838,*ST四通,2015-07-01,2026-09-02,2412
sh603843,*ST正平,2016-09-05,2026-09-02,2305
sh603839,安正时尚,2017-02-14,2026-09-02,2322
sh603856,东宏股份,2017-11-06,2026-09-02,2144
sh603833,欧派家居,2017-03-28,2026-09-02,2287
sh603858,步长制药,2016-11-18,2026-09-02,2379
sh603855,华荣股份,2017-05-24,2026-09-02,2255
sh603867,新化股份,2019-06-27,2026-09-02,1745
sh603859,能科科技,2016-10-21,2026-09-02,2394
sh603861,白云电器,2016-03-22,2026-09-02,2459
sh603860,中公高科,2017-08-02,2026-09-02,2207
sh603869,ST智知,2015-03-26,2026-09-02,2686
sh603871,嘉友国际,2018-02-06,2026-09-02,2079
sh603866,桃李面包,2015-12-22,2026-09-02,2600
sh603863,松炀资源,2019-06-21,2026-09-02,1742
sh603876,鼎胜新材,2018-04-18,2026-09-02,2035
sh603878,武进不锈,2016-12-19,2026-09-02,2358
sh603879,永悦科技,2017-06-14,2026-09-02,2240
sh603880,南卫股份,2017-08-07,2026-09-02,2108
sh603881,数据港,2017-02-08,2026-09-02,2325
sh603877,太平鸟,2017-01-09,2026-09-02,2341
sh603868,飞科电器,2016-04-18,2026-09-02,2523
sh603882,金域医学,2017-09-08,2026-09-02,2180
sh603883,老百姓,2015-04-23,2026-09-02,2671
sh603887,城地香江,2016-10-10,2026-09-02,2326
sh603888,新华网,2016-10-28,2026-09-02,2392
sh603885,吉祥航空,2015-05-27,2026-09-02,2729
sh603886,元祖股份,2016-12-28,2026-09-02,2351
sh603890,春秋电子,2017-12-12,2026-09-02,2118
sh603896,寿仙谷,2017-05-10,2026-09-02,2265
sh603893,瑞芯微,2020-02-07,2026-09-02,1597
sh603898,好莱客,2015-02-17,2026-09-02,2728
sh603897,长城科技,2018-04-10,2026-09-02,2036
sh603900,莱绅通灵,2016-11-23,2026-09-02,2374
sh603899,晨光股份,2015-01-27,2026-09-02,2820
sh603903,中持股份,2017-03-14,2026-09-02,2301
sh603906,龙蟠科技,2017-04-10,2026-09-02,2286
sh603889,新澳股份,2015-01-05,2026-09-02,2720
sh603895,天永智能,2018-01-22,2026-09-02,2090
sh603901,永创智能,2015-05-29,2026-09-02,2720
sh603908,牧高笛,2017-03-07,2026-09-02,2308
sh603912,佳力图,2017-11-01,2026-09-02,2147
sh603920,世运电路,2017-04-26,2026-09-02,2271
sh603915,国茂股份,2019-06-14,2026-09-02,1754
sh603917,合力科技,2017-12-04,2026-09-02,2124
sh603916,苏博特,2017-11-10,2026-09-02,2140
sh603919,金徽酒,2016-03-10,2026-09-02,2524
sh603918,金桥信息,2015-05-28,2026-09-02,2644
sh603909,建发合诚,2016-06-28,2026-09-02,2428
sh603922,ST金鸿顺,2017-10-23,2026-09-02,2130
sh603926,铁流股份,2017-05-10,2026-09-02,2265
sh603927,中科软,2019-09-09,2026-09-02,1693
sh603928,兴业股份,2016-12-12,2026-09-02,2363
sh603929,亚翔集成,2016-12-30,2026-09-02,2349
sh603931,格林达,2020-08-19,2026-09-02,1465
sh603933,睿能科技,2017-07-06,2026-09-02,2216
sh603938,三孚股份,2017-06-28,2026-09-02,2232
sh603950,长源东谷,2020-05-26,2026-09-02,1514
sh603936,博敏电子,2015-12-09,2026-09-02,2511
sh603949,雪龙集团,2020-03-10,2026-09-02,1575
sh603937,丽岛新材,2017-11-02,2026-09-02,2146
sh603955,大千生态,2017-03-10,2026-09-02,2259
sh603948,建业股份,2020-03-02,2026-09-02,1581
sh603939,益丰药房,2015-02-17,2026-09-02,2689
sh603959,ST百利,2016-05-17,2026-09-02,2494
sh603963,*ST大药,2017-09-22,2025-02-07,1783
sh603960,克来机电,2017-03-14,2026-09-02,2246
sh603956,威派格,2019-02-22,2026-09-02,1829
sh603966,法兰泰克,2017-01-25,2026-09-02,2329
sh603967,中创物流,2019-04-29,2026-09-01,1783
sh603968,醋化股份,2015-05-18,2026-09-02,2748
sh603958,哈森股份,2016-06-29,2026-09-02,2449
sh603978,深圳新星,2017-08-07,2026-09-02,2201
sh603976,正川股份,2017-08-22,2026-09-02,2193
sh603979,金诚信,2015-06-30,2026-09-02,2718
sh603982,泉峰汽车,2019-05-22,2026-09-02,1770
sh603980,吉华集团,2017-06-15,2026-09-02,2235
sh603983,丸美生物,2019-07-25,2026-09-02,1725
sh603969,银龙股份,2015-02-27,2026-09-02,2802
sh603986,兆易创新,2016-08-18,2026-09-02,2232
sh603977,国泰集团,2016-11-11,2026-09-02,2295
sh603989,艾华集团,2015-05-15,2026-09-02,2746
sh603987,康德莱,2016-11-21,2026-09-02,2378
sh603988,中电电机,2015-01-05,2026-09-02,2810
sh603990,麦迪科技,2016-12-08,2026-09-02,2360
sh603970,中农立华,2017-11-16,2026-09-02,2136
sh603992,松霖科技,2019-08-26,2026-09-02,1703
sh603991,领先股份,2017-03-08,2026-09-02,2298
sh603993,洛阳钼业,2015-01-05,2026-09-02,2817
sh603995,甬金股份,2019-12-24,2026-09-02,1623
sh603985,恒润股份,2017-05-05,2026-09-02,2263
sh603996,退市中新,2015-12-22,2022-05-17,1538
sh603997,继峰股份,2015-03-02,2026-09-02,2705
sh603998,方盛制药,2015-01-05,2026-09-02,2760
sh605005,合兴股份,2021-01-19,2026-09-02,1363
sh605007,五洲特纸,2020-11-10,2026-09-02,1412
sh605003,众望布艺,2020-09-08,2026-09-02,1451
sh605001,威奥股份,2020-05-22,2026-09-02,1526
sh605008,长鸿高科,2020-08-21,2026-09-02,1454
sh605016,百龙创园,2021-04-21,2026-09-02,1303
sh603999,读者传媒,2015-12-10,2026-09-02,2605
sh605006,山东玻纤,2020-09-03,2026-09-02,1454
sh605020,永和股份,2021-07-09,2026-09-02,1250
sh605018,长华集团,2020-09-29,2026-09-02,1436
sh605009,豪悦护理,2020-09-11,2026-09-02,1448
sh605011,杭州热电,2021-06-30,2026-09-02,1257
sh605028,世茂能源,2021-07-12,2026-09-02,1240
sh605033,美邦股份,2021-09-16,2026-09-02,1201
sh605055,迎丰股份,2021-01-29,2026-09-02,1355
sh605056,咸亨国际,2021-07-20,2026-09-02,1243
sh605050,福然德,2020-09-24,2026-09-02,1439
sh605066,天正电气,2020-08-07,2026-09-02,1473
sh605069,正和生态,2021-08-16,2026-09-02,1224
sh605060,联德股份,2021-03-01,2026-09-02,1339
sh605068,明新旭腾,2020-11-23,2026-09-02,1403
sh605058,澳弘电子,2020-10-21,2026-09-02,1426
sh605080,浙江自然,2021-05-06,2026-09-02,1295
sh605077,华康股份,2021-02-09,2026-09-02,1343
sh605089,味知香,2021-04-27,2026-09-02,1299
sh605081,退市太和,2021-02-09,2026-06-29,1271
sh605100,华丰股份,2020-08-11,2026-09-02,1471
sh605099,共创草坪,2020-09-30,2026-09-02,1435
sh605098,行动教育,2021-04-21,2026-09-02,1303
sh605086,龙高股份,2021-04-16,2026-09-02,1306
sh605090,九丰能源,2021-05-25,2026-09-02,1271
sh605108,同庆楼,2020-07-16,2026-09-02,1489
sh605088,冠盛股份,2020-08-17,2026-09-02,1467
sh605118,力鼎光电,2020-07-30,2026-09-02,1479
sh605111,新洁能,2020-09-28,2026-09-02,1437
sh605116,奥锐特,2020-09-21,2026-09-02,1442
sh605128,上海沿浦,2020-09-15,2026-09-02,1446
sh605117,德业股份,2021-04-20,2026-09-02,1304
sh605123,派克新材,2020-08-25,2026-09-02,1461
sh605122,四方新材,2021-03-10,2026-09-02,1332
sh605133,嵘泰股份,2021-02-24,2026-09-02,1342
sh605136,丽人丽妆,2020-09-29,2026-09-02,1436
sh605138,盛泰集团,2021-10-27,2026-09-02,1179
sh605151,西上海,2020-12-15,2026-09-02,1387
sh605158,华达新材,2020-08-05,2026-09-02,1475
sh605168,三人行,2020-05-28,2026-09-02,1522
sh605155,西大门,2020-12-31,2026-09-02,1375
sh605178,时空科技,2020-08-21,2026-09-02,1449
sh605162,新中港,2021-07-07,2026-09-02,1252
sh605169,洪通燃气,2020-10-30,2026-09-02,1409
sh605167,利柏特,2021-07-26,2026-09-02,1239
sh605179,一鸣食品,2020-12-28,2026-09-02,1378
sh605166,聚合顺,2020-06-18,2026-09-02,1507
sh605183,确成股份,2020-12-07,2026-09-02,1393
sh605177,东亚药业,2020-11-25,2026-09-02,1401
sh605180,华生科技,2021-04-30,2026-09-02,1296
sh605188,国光连锁,2020-07-28,2026-09-02,1481
sh605186,健麾信息,2020-12-22,2026-09-02,1382
sh605196,华通线缆,2021-05-11,2026-09-02,1292
sh605189,富春染织,2021-05-28,2026-09-02,1279
sh605198,安德利,2020-09-18,2026-09-02,1443
sh605199,ST葫芦娃,2020-07-10,2026-09-02,1492
sh605218,伟时电子,2020-09-28,2026-09-02,1437
sh605208,永茂泰,2021-03-08,2026-09-02,1334
sh605228,神通科技,2021-01-20,2026-09-02,1362
sh605222,起帆电缆,2020-07-31,2026-09-02,1478
sh605258,协和电子,2020-12-03,2026-09-02,1395
sh605259,绿田机械,2021-06-15,2026-09-02,1268
sh605268,王力安防,2021-02-24,2026-09-02,1342
sh605266,健之佳,2020-12-01,2026-09-02,1397
sh605277,新亚电子,2021-01-06,2026-09-02,1372
sh605255,天普股份,2020-08-25,2026-09-02,1428
sh605287,德才股份,2021-07-06,2026-09-02,1253
sh605288,凯迪股份,2020-06-01,2026-09-02,1520
sh605289,罗曼股份,2021-04-26,2026-09-02,1300
sh605286,同力天启,2021-03-22,2026-09-02,1314
sh605298,必得科技,2021-03-01,2026-09-02,1339
sh605296,神农集团,2021-05-28,2026-09-02,1279
sh605305,中际联合,2021-05-06,2026-09-02,1295
sh605299,舒华体育,2020-12-15,2026-09-02,1387
sh605300,佳禾食品,2021-04-30,2026-09-02,1296
sh605303,园林股份,2021-03-01,2026-09-02,1339
sh605318,法狮龙,2020-08-03,2026-09-02,1476
sh605336,*ST帅电,2020-10-19,2026-09-02,1427
sh605319,无锡振华,2021-06-07,2026-09-02,1266
sh605333,沪光股份,2020-08-18,2026-09-02,1466
sh605337,李子园,2021-02-08,2026-09-02,1349
sh605338,巴比食品,2020-10-12,2026-09-02,1433
sh605339,南侨食品,2021-05-18,2026-09-02,1287
sh605358,立昂微,2020-09-11,2026-09-02,1448
sh605369,拱东医疗,2020-09-16,2026-09-02,1445
sh605366,宏柏新材,2020-08-12,2026-09-02,1470
sh605368,蓝天燃气,2021-01-29,2026-09-02,1354
sh605365,立达信,2021-07-20,2026-09-02,1243
sh605378,野马电池,2021-04-12,2026-09-02,1310
sh605377,华旺科技,2020-12-28,2026-09-02,1378
sh605376,博迁新材,2020-12-08,2026-09-02,1392
sh605389,长龄液压,2021-03-22,2026-09-02,1306
sh605388,均瑶健康,2020-08-18,2026-09-02,1466
sh605399,晨光新材,2020-08-04,2026-09-02,1476
sh605398,新炬网络,2021-01-21,2026-09-02,1361
sh605488,福莱新材,2021-05-13,2026-09-02,1290
sh605507,国邦医药,2021-08-02,2026-09-02,1234
sh605500,森林包装,2020-12-22,2026-09-02,1382
sh605499,东鹏饮料,2021-05-27,2026-09-02,1280
sh605555,德昌股份,2021-10-21,2026-09-02,1179
sh605566,福莱蒽特,2021-10-25,2026-09-02,1181
sh605567,春雪食品,2021-10-13,2026-09-02,1189
sh605580,恒盛能源,2021-08-19,2026-09-02,1221
sh605577,龙版传媒,2021-08-24,2026-09-02,1218
sh605598,上海港湾,2021-09-17,2026-09-02,1200
sh605599,菜百股份,2021-09-09,2026-09-02,1206
sh605589,圣泉集团,2021-08-10,2026-09-02,1228
sh605588,冠石科技,2021-08-12,2026-09-02,1226
sh688008,澜起科技,2019-07-22,2026-09-02,1728
sh688009,中国通号,2019-07-22,2026-09-02,1728
sh688001,华兴源创,2019-07-22,2026-09-02,1728
sh688004,博汇科技,2020-06-12,2026-09-02,1511
sh688002,睿创微纳,2019-07-22,2026-09-02,1728
sh688010,福光股份,2019-07-22,2026-09-02,1728
sh688006,杭可科技,2019-07-22,2026-09-02,1728
sh688007,光峰科技,2019-07-22,2026-09-02,1728
sh688011,新光光电,2019-07-22,2026-09-02,1728
sh688012,中微公司,2019-07-22,2026-09-02,1719
sh688005,容百科技,2019-07-22,2026-09-02,1724
sh688003,天准科技,2019-07-22,2026-09-02,1728
sh688016,心脉医疗,2019-07-22,2026-09-02,1728
sh688013,天臣医疗,2020-09-28,2026-09-02,1437
sh688019,安集科技,2019-07-22,2026-09-02,1728
sh688017,绿的谐波,2020-08-28,2026-09-02,1458
sh688015,交控科技,2019-07-22,2026-09-02,1728
sh688025,杰普特,2019-10-31,2026-09-02,1661
sh688021,奥福科技,2019-11-06,2026-09-02,1657
sh688018,乐鑫科技,2019-07-22,2026-09-02,1728
sh688023,安恒信息,2019-11-05,2026-09-02,1658
sh688022,ST瀚川,2019-07-22,2026-09-02,1727
sh688020,方邦股份,2019-07-22,2026-09-02,1728
sh688027,国盾量子,2020-07-09,2026-09-02,1490
sh688029,南微医学,2019-07-22,2026-09-02,1726
sh688028,沃尔德,2019-07-22,2026-09-02,1719
sh688026,洁特生物,2020-01-22,2026-09-02,1603
sh688031,星环科技-U,2022-10-18,2026-09-02,943
sh688033,*ST天宜,2019-07-22,2026-09-02,1727
sh688032,禾迈股份,2021-12-20,2026-09-02,1141
sh688030,山石网科,2019-09-30,2026-09-02,1679
sh688041,海光信息,2022-08-12,2026-09-02,974
sh688037,芯源微,2019-12-16,2026-09-02,1626
sh688038,中科通达,2021-07-13,2026-09-02,1238
sh688039,当虹科技,2019-12-11,2026-09-02,1632
sh688035,德邦科技,2022-09-19,2026-09-02,959
sh688036,传音控股,2019-09-30,2026-09-02,1679
sh688046,药康生物,2022-04-25,2026-09-02,1059
sh688045,必易微,2022-05-26,2026-09-02,1039
sh688051,佳华科技,2020-03-20,2026-09-02,1557
sh688052,纳芯微,2022-04-22,2026-09-02,1060
sh688048,长光华芯,2022-04-01,2026-09-02,1073
sh688049,炬芯科技,2021-11-29,2026-09-02,1156
sh688047,龙芯中科,2022-06-24,2026-09-02,1019
sh688050,爱博医疗,2020-07-29,2026-09-02,1480
sh688056,莱伯泰科,2020-09-02,2026-09-02,1455
sh688055,龙腾光电,2020-08-17,2026-09-02,1467
sh688053,ST思科瑞,2022-07-08,2026-09-02,1008
sh688060,云涌科技,2020-07-10,2026-09-02,1493
sh688063,派能科技,2020-12-30,2026-09-02,1376
sh688057,金达莱,2020-11-11,2026-09-02,1411
sh688061,灿瑞科技,2022-10-18,2026-09-02,943
sh688058,宝兰德,2019-11-01,2026-09-02,1660
sh688059,华锐精密,2021-02-08,2026-09-02,1349
sh688062,迈威生物-U,2022-01-18,2026-09-02,1121
sh688065,凯赛生物,2020-08-12,2026-09-02,1466
sh688067,爱威科技,2021-06-16,2026-09-02,1267
sh688069,德林海,2020-07-22,2026-09-02,1485
sh688068,热景生物,2019-09-30,2026-09-02,1678
sh688066,*ST航图,2019-07-22,2026-09-02,1727
sh688071,华依科技,2021-07-29,2026-09-02,1236
sh688072,拓荆科技,2022-04-20,2026-09-02,1052
sh688070,纵横股份,2021-02-10,2026-09-02,1347
sh688075,安旭生物,2021-11-18,2026-09-02,1163
sh688073,毕得医药,2022-10-11,2026-09-02,938
sh688078,龙软科技,2019-12-30,2026-09-02,1619
sh688077,大地熊,2020-07-22,2026-09-02,1485
sh688076,ST诺泰,2021-05-20,2026-09-02,1284
sh688080,映翰通,2020-02-12,2026-09-02,1594
sh688087,英科再生,2021-07-09,2026-09-02,1250
sh688089,ST嘉必优,2019-12-19,2026-09-02,1615
sh688086,退市紫晶,2020-02-26,2023-06-30,781
sh688085,三友医疗,2020-04-09,2026-09-02,1550
sh688081,兴图新科,2020-01-06,2026-09-02,1615
sh688084,晶品特装,2022-12-08,2026-09-02,906
sh688083,中望软件,2021-03-11,2026-09-02,1331
sh688079,美迪凯,2021-03-02,2026-09-02,1338
sh688090,瑞松科技,2020-02-17,2026-09-02,1591
sh688082,盛美上海,2021-11-18,2026-09-02,1163
sh688092,爱科科技,2021-03-19,2026-09-02,1325
sh688093,世华科技,2020-09-30,2026-09-02,1435
sh688095,福昕软件,2020-09-08,2026-09-02,1451
sh688088,虹软科技,2019-07-22,2026-09-02,1728
sh688091,上海谊众,2021-09-09,2026-09-02,1206
sh688100,威胜信息,2020-01-21,2026-09-02,1604
sh688096,京源环保,2020-04-09,2026-09-02,1554
sh688099,晶晨股份,2019-08-08,2026-09-02,1715
sh688102,斯瑞新材,2022-03-16,2026-09-02,1085
sh688106,金宏气体,2020-06-16,2026-09-02,1509
sh688097,博众精工,2021-05-12,2026-09-02,1291
sh688103,国力电子,2021-09-10,2026-09-02,1205
sh688108,赛诺医疗,2019-10-30,2026-09-02,1662
sh688107,安路科技,2021-11-12,2026-09-02,1167
sh688109,品茗科技,2021-03-30,2026-09-02,1313
sh688098,申联生物,2019-10-28,2026-09-02,1664
sh688105,诺唯赞,2021-11-15,2026-09-02,1166
sh688101,三达膜,2019-11-15,2026-09-02,1650
sh688110,东芯股份,2021-12-10,2026-09-02,1144
sh688114,华大智造,2022-09-09,2026-09-02,964
sh688111,金山办公,2019-11-18,2026-09-02,1649
sh688118,普元信息,2019-12-04,2026-09-02,1637
sh688113,联测科技,2021-05-06,2026-09-02,1295
sh688116,天奈科技,2019-09-25,2026-09-02,1682
sh688112,鼎阳科技,2021-12-01,2026-09-02,1154
sh688119,中钢洛耐,2022-06-06,2026-09-02,1033
sh688117,圣诺生物,2021-06-03,2026-09-02,1275
sh688121,*ST卓然,2021-09-06,2026-09-02,1166
sh688115,思林杰,2022-03-14,2026-09-02,1077
sh688120,华海清科,2022-06-08,2026-09-02,1031
sh688122,西部超导,2019-07-22,2026-09-02,1728
sh688123,聚辰股份,2019-12-23,2026-09-02,1624
sh688126,沪硅产业,2020-04-20,2026-09-02,1537
sh688125,安达智能,2022-04-15,2026-09-02,1065
sh688130,晶华微,2022-07-29,2026-09-02,994
sh688129,东来技术,2020-10-23,2026-09-02,1424
sh688127,蓝特光学,2020-09-21,2026-09-02,1442
sh688131,皓元医药,2021-06-08,2026-09-02,1262
sh688136,科兴制药,2020-12-14,2026-09-02,1388
sh688133,泰坦科技,2020-10-30,2026-09-02,1419
sh688135,利扬芯片,2020-11-11,2026-09-02,1411
sh688137,近岸蛋白,2022-09-29,2026-09-02,951
sh688132,邦彦技术,2022-09-23,2026-09-02,949
sh688146,中船特气,2023-04-21,2026-09-02,814
sh688138,清溢光电,2019-11-20,2026-09-02,1647
sh688139,海尔生物,2019-10-25,2026-09-02,1655
sh688128,中国电研,2019-11-05,2026-09-02,1658
sh688148,芳源股份,2021-08-06,2026-09-02,1230
sh688152,麒麟信安,2022-10-28,2026-09-02,935
sh688143,长盈通,2022-12-12,2026-09-02,892
sh688147,微导纳米,2022-12-23,2026-09-02,895
sh688151,华强科技,2021-12-06,2026-09-02,1151
sh688153,唯捷创芯,2022-04-12,2026-09-02,1068
sh688150,莱特光电,2022-03-18,2026-09-02,1083
sh688155,先惠技术,2020-08-11,2026-09-02,1471
sh688158,优刻得-W,2020-01-20,2026-09-02,1605
sh688156,路德科技,2020-09-22,2026-09-02,1441
sh688157,松井股份,2020-06-09,2026-09-02,1504
sh688165,埃夫特-U,2020-07-15,2026-09-02,1480
sh688160,步科股份,2020-11-12,2026-09-02,1410
sh688162,巨一科技,2021-11-10,2026-09-02,1169
sh688163,赛伦生物,2022-03-11,2026-09-02,1088
sh688166,博瑞医药,2019-11-08,2026-09-02,1655
sh688169,石头科技,2020-02-21,2026-09-02,1587
sh688167,炬光科技,2021-12-24,2026-09-02,1137
sh688159,有方科技,2020-01-23,2026-09-02,1602
sh688171,纬德信息,2022-01-27,2026-09-02,1114
sh688141,杰华特,2022-12-23,2026-09-02,895
sh688170,德龙激光,2022-04-29,2026-09-02,1055
sh688161,威高骨科,2021-06-30,2026-09-02,1257
sh688172,燕东微,2022-12-16,2026-09-02,900
sh688168,安博通,2019-09-06,2026-09-02,1694
sh688175,高凌信息,2022-03-15,2026-09-02,1068
sh688177,百奥泰,2020-02-21,2026-09-02,1587
sh688176,亚虹医药-U,2022-01-07,2026-09-02,1128
sh688182,灿勤科技,2021-11-16,2026-09-02,1165
sh688173,希荻微,2022-01-21,2026-09-02,1109
sh688180,君实生物-U,2020-07-15,2026-09-02,1490
sh688178,万德斯,2020-01-14,2026-09-02,1594
sh688181,八亿时空,2020-01-06,2026-09-02,1615
sh688187,时代电气,2021-09-07,2026-09-02,1208
sh688183,生益电子,2021-02-25,2026-09-02,1341
sh688184,ST帕瓦,2022-09-19,2026-09-02,958
sh688188,柏楚电子,2019-08-08,2026-09-02,1715
sh688179,阿拉丁,2020-10-26,2026-09-02,1423
sh688186,广大特材,2020-02-11,2026-09-02,1595
sh688185,康希诺,2020-08-13,2026-09-02,1469
sh688189,ST南新,2020-03-26,2026-09-02,1552
sh688193,仁度生物,2022-03-30,2026-09-02,1070
sh688190,云路股份,2021-11-26,2026-09-02,1157
sh688192,迪哲医药-U,2021-12-10,2026-09-02,1147
sh688198,佰仁医疗,2019-12-09,2026-09-02,1634
sh688195,腾景科技,2021-03-26,2026-09-02,1310
sh688200,华峰测控,2020-02-18,2026-09-02,1590
sh688203,海正生材,2022-08-16,2026-09-02,982
sh688197,首药控股-U,2022-03-23,2026-09-02,1080
sh688191,智洋创新,2021-04-08,2026-09-02,1302
sh688196,卓越新能,2019-11-21,2026-09-02,1646
sh688205,德科立,2022-08-09,2026-09-02,987
sh688201,ST信安,2021-04-21,2026-09-02,1299
sh688206,概伦电子,2021-12-28,2026-09-02,1125
sh688209,英集芯,2022-04-19,2026-09-02,1053
sh688208,道通科技,2020-02-13,2026-09-02,1593
sh688202,美迪西,2019-11-05,2026-09-02,1658
sh688210,统联精密,2021-12-27,2026-09-02,1136
sh688199,久日新材,2019-11-05,2026-09-02,1658
sh688211,中科微至,2021-10-26,2026-09-02,1180
sh688207,格灵深瞳,2022-03-17,2026-09-02,1084
sh688212,澳华内镜,2021-11-15,2026-09-02,1166
sh688213,思特威-W,2022-05-20,2026-09-02,1043
sh688219,会通股份,2020-11-18,2026-09-02,1406
sh688215,瑞晟智能,2020-08-28,2026-09-02,1458
sh688220,翱捷科技-U,2022-01-14,2026-09-02,1123
sh688216,气派科技,2021-06-23,2026-09-02,1262
sh688221,前沿生物-U,2020-10-28,2026-09-02,1421
sh688217,睿昂基因,2021-05-17,2026-09-02,1288
sh688223,晶科能源,2022-01-26,2026-09-02,1115
sh688227,品高股份,2021-12-30,2026-09-02,1133
sh688225,亚信安全,2022-02-09,2026-09-02,1110
sh688222,成都先导,2020-04-16,2026-09-02,1549
sh688218,江苏北人,2019-12-11,2026-09-02,1632
sh688226,威腾电气,2021-07-07,2026-09-02,1252
sh688228,开普云,2020-03-27,2026-09-02,1552
sh688231,隆达股份,2022-07-22,2026-09-02,999
sh688230,芯导科技,2021-12-01,2026-09-02,1154
sh688229,博睿数据,2020-08-17,2026-09-02,1467
sh688232,新点软件,2021-11-17,2026-09-02,1164
sh688236,春立医疗,2021-12-30,2026-09-02,1133
sh688237,超卓航科,2022-07-01,2026-09-02,1004
sh688239,航宇科技,2021-07-05,2026-09-02,1254
sh688235,百济神州,2021-12-15,2026-09-02,1144
sh688234,天岳先进,2022-01-12,2026-09-02,1125
sh688238,和元生物,2022-03-22,2026-09-02,1081
sh688233,神工股份,2020-02-21,2026-09-02,1587
sh688251,井松智能,2022-06-06,2026-09-02,1033
sh688249,晶合集成,2023-05-05,2026-09-02,810
sh688247,宣泰医药,2022-08-25,2026-09-02,975
sh688252,天德钰,2022-09-27,2026-09-02,953
sh688244,永信至诚,2022-10-19,2026-09-02,942
sh688255,凯尔达,2021-10-25,2026-09-02,1181
sh688253,英诺特,2022-07-28,2026-09-02,995
sh688248,南网科技,2021-12-22,2026-09-02,1139
sh688256,寒武纪,2020-07-20,2026-09-02,1487
sh688261,东微半导,2022-02-10,2026-09-02,1109
sh688246,嘉和美康,2021-12-14,2026-09-02,1145
sh688259,创耀科技,2022-01-12,2026-09-02,1125
sh688258,卓易信息,2019-12-09,2026-09-02,1634
sh688257,新锐股份,2021-10-27,2026-09-02,1179
sh688260,昀冢科技,2021-04-06,2026-09-02,1311
sh688265,南模生物,2021-12-28,2026-09-02,1135
sh688262,国芯科技,2022-01-06,2026-09-02,1129
sh688266,泽璟制药-U,2020-01-23,2026-09-02,1602
sh688267,中触媒,2022-02-16,2026-09-02,1105
sh688268,华特气体,2019-12-26,2026-09-02,1621
sh688275,万润新能,2022-09-29,2026-09-02,951
sh688269,凯立新材,2021-06-09,2026-09-02,1271
sh688270,ST臻镭,2022-01-27,2026-09-02,1113
sh688271,联影医疗,2022-08-22,2026-09-02,978
sh688278,特宝生物,2020-01-17,2026-09-02,1606
sh688272,富吉瑞,2021-10-18,2026-09-02,1184
sh688276,百克生物,2021-06-25,2026-09-02,1260
sh688280,精进电动-W,2021-10-27,2026-09-02,1179
sh688279,峰岹科技,2022-04-20,2026-09-02,1062
sh688282,理工导航,2022-03-18,2026-09-02,1081
sh688283,坤恒顺维,2022-02-15,2026-09-02,1106
sh688285,高铁电气,2021-10-20,2026-09-02,1184
sh688277,天智航-U,2020-07-07,2026-09-02,1486
sh688281,华秦科技,2022-03-07,2026-09-02,1092
sh688286,敏芯股份,2020-08-10,2026-09-02,1472
sh688290,景业智能,2022-04-29,2026-09-02,1055
sh688293,奥浦迈,2022-09-02,2026-09-02,959
sh688287,退市观典,2022-05-25,2026-06-08,963
sh688288,鸿泉技术,2019-11-06,2026-09-02,1657
sh688291,金橙子,2022-10-26,2026-09-02,928
sh688289,圣湘生物,2020-08-28,2026-09-02,1458
sh688273,麦澜德,2022-08-11,2026-09-02,985
sh688292,浩瀚深度,2022-08-18,2026-09-02,980
sh688295,中复神鹰,2022-04-06,2026-09-02,1072
sh688298,东方生物,2020-02-05,2026-09-02,1599
sh688296,和达科技,2021-07-27,2026-09-02,1238
sh688297,中无人机,2022-06-29,2026-09-02,1016
sh688301,奕瑞科技,2020-09-18,2026-09-02,1443
sh688305,科德数控,2021-07-09,2026-09-02,1250
sh688299,长阳科技,2019-11-06,2026-09-02,1657
sh688306,均普智能,2022-03-22,2026-09-02,1081
sh688309,恒誉科技,2020-07-14,2026-09-02,1489
sh688303,大全能源,2021-07-22,2026-09-02,1241
sh688300,联瑞新材,2019-11-15,2026-09-02,1650
sh688302,海创药业-U,2022-04-12,2026-09-02,1068
sh688307,中润光学,2023-02-16,2026-09-02,862
sh688311,盟升电子,2020-07-31,2026-09-02,1478
sh688310,迈得医疗,2019-12-03,2026-09-02,1638
sh688313,仕佳光子,2020-08-12,2026-09-02,1461
sh688312,燕麦科技,2020-06-08,2026-09-02,1515
sh688320,禾川科技,2022-04-28,2026-09-02,1056
sh688316,青云科技-U,2021-03-16,2026-09-02,1328
sh688308,欧科亿,2020-12-10,2026-09-02,1390
sh688319,欧林生物,2021-06-08,2026-09-02,1272
sh688314,康拓医疗,2021-05-18,2026-09-02,1287
sh688315,诺禾致源,2021-04-13,2026-09-02,1309
sh688322,奥比中光-W,2022-07-07,2026-09-02,1010
sh688325,赛微微电,2022-04-22,2026-09-02,1060
sh688321,微芯生物,2019-08-12,2026-09-02,1713
sh688323,瑞华泰,2021-04-28,2026-09-02,1298
sh688326,经纬恒润-W,2022-04-19,2026-09-02,1063
sh688327,云从科技-UW,2022-05-27,2026-09-02,1038
sh688318,财富趋势,2020-04-27,2026-09-02,1542
sh688317,之江生物,2021-01-18,2026-09-02,1364
sh688328,深科达,2021-03-09,2026-09-02,1333
sh688332,中科蓝讯,2022-07-15,2026-09-02,1004
sh688329,艾隆科技,2021-03-29,2026-09-02,1319
sh688331,荣昌生物,2022-03-31,2026-09-02,1074
sh688337,普源精电,2022-04-08,2026-09-02,1060
sh688330,宏力达,2020-10-15,2026-09-02,1430
sh688338,赛科希德,2020-08-06,2026-09-02,1474
sh688336,三生国健,2020-07-22,2026-09-02,1485
sh688334,西高院,2023-06-19,2026-09-02,779
sh688335,复洁科技,2020-08-17,2026-09-02,1467
sh688333,铂力特,2019-07-22,2026-09-02,1728
sh688347,华虹宏力,2023-08-07,2026-09-02,736
sh688343,云天励飞-U,2023-04-04,2026-09-02,829
sh688339,亿华通-U,2020-08-10,2026-09-02,1462
sh688345,博力威,2021-06-11,2026-09-02,1269
sh688351,微电生理,2022-08-31,2026-09-02,971
sh688350,富淼科技,2021-01-28,2026-09-02,1351
sh688352,颀中科技,2023-04-20,2026-09-02,818
sh688348,昱能科技,2022-06-08,2026-09-02,1031
sh688349,三一重能,2022-06-22,2026-09-02,1021
sh688357,建龙微纳,2019-12-04,2026-09-02,1637
sh688356,键凯科技,2020-08-26,2026-09-02,1460
sh688360,德马科技,2020-06-02,2026-09-02,1509
sh688355,明志科技,2021-05-12,2026-09-02,1291
sh688353,华盛锂电,2022-07-13,2026-09-02,1006
sh688359,三孚新科,2021-05-21,2026-09-02,1284
sh688365,光云科技,2020-04-29,2026-09-02,1540
sh688361,中科飞测,2023-05-19,2026-09-02,800
sh688358,祥生医疗,2019-12-03,2026-09-02,1638
sh688362,甬矽电子,2022-11-16,2026-09-02,922
sh688366,昊海生科,2019-10-30,2026-09-02,1662
sh688368,晶丰明源,2019-10-14,2026-09-02,1654
sh688363,华熙生物,2019-11-06,2026-09-02,1657
sh688367,工大高科,2021-06-28,2026-09-02,1259
sh688370,丛麟科技,2022-08-25,2026-09-02,975
sh688373,盟科药业-U,2022-08-05,2026-09-02,989
sh688371,菲沃泰,2022-08-02,2026-09-02,992
sh688369,致远互联,2019-10-31,2026-09-02,1661
sh688372,伟测科技,2022-10-26,2026-09-02,937
sh688377,迪威尔,2020-07-08,2026-09-02,1495
sh688379,华光新材,2020-08-19,2026-09-02,1465
sh688375,国博电子,2022-07-22,2026-09-02,999
sh688378,奥来德,2020-09-03,2026-09-02,1454
sh688380,中微半导,2022-08-05,2026-09-02,989
sh688383,新益昌,2021-04-28,2026-09-02,1298
sh688386,泛亚微透,2020-10-16,2026-09-02,1429
sh688376,美埃科技,2022-11-18,2026-09-02,920
sh688382,益方生物-U,2022-07-25,2026-09-02,998
sh688381,帝奥微,2022-08-23,2026-09-02,967
sh688385,复旦微电,2021-08-04,2026-09-02,1232
sh688390,固德威,2020-09-04,2026-09-02,1453
sh688388,嘉元科技,2019-07-22,2026-09-02,1728
sh688391,钜泉科技,2022-09-13,2026-09-02,963
sh688392,骄成超声,2022-09-27,2026-09-02,953
sh688398,赛特新材,2020-02-11,2026-09-02,1595
sh688393,安必平,2020-08-20,2026-09-02,1464
sh688395,正弦电气,2021-04-29,2026-09-02,1297
sh688396,华润微,2020-02-27,2026-09-02,1583
sh688387,信科移动-U,2022-09-26,2026-09-02,954
sh688389,普门科技,2019-11-05,2026-09-02,1658
sh688400,凌云光,2022-07-06,2026-09-02,1011
sh688411,海博思创,2025-01-27,2026-09-02,388
sh688410,山外山,2022-12-26,2026-09-02,894
sh688399,硕世生物,2019-12-05,2026-09-02,1636
sh688403,汇成股份,2022-08-18,2026-09-02,980
sh688408,中信博,2020-08-28,2026-09-02,1458
sh688401,路维光电,2022-08-17,2026-09-02,981
sh688416,恒烁股份,2022-08-29,2026-09-02,973
sh688409,富创精密,2022-10-10,2026-09-02,949
sh688420,美腾科技,2022-12-09,2026-09-02,905
sh688419,耐科装备,2022-11-07,2026-09-02,929
sh688418,震有科技,2020-07-22,2026-09-02,1485
sh688425,铁建重工,2021-06-22,2026-09-02,1263
sh688429,时创能源,2023-06-29,2026-09-02,773
sh688428,诺诚健华,2022-09-21,2026-09-02,957
sh688426,康为世纪,2022-10-25,2026-09-02,938
sh688433,华曙高科,2023-04-17,2026-09-02,821
sh688435,英方软件,2023-01-19,2026-09-02,877
sh688439,振华风光,2022-08-26,2026-09-02,974
sh688432,有研硅,2022-11-10,2026-08-28,923
sh688449,联芸科技,2024-11-29,2026-09-02,428
sh688448,磁谷科技,2022-09-21,2026-09-02,957
sh688443,智翔金泰-U,2023-06-20,2026-09-02,778
sh688450,光格科技,2023-07-24,2026-09-02,756
sh688458,美芯晟,2023-05-22,2026-09-02,799
sh688456,有研粉材,2021-03-17,2026-09-02,1327
sh688469,芯联集成-U,2023-05-10,2026-09-02,807
sh688455,科捷智能,2022-09-15,2026-09-02,961
sh688459,哈铁科技,2022-10-12,2026-09-02,947
sh688468,科美诊断,2021-04-09,2026-09-02,1311
sh688475,萤石网络,2022-12-28,2026-09-02,892
sh688472,阿特斯,2023-06-09,2026-09-02,785
sh688466,金科环境,2020-05-08,2026-09-02,1536
sh688478,晶升股份,2023-04-24,2026-09-02,806
sh688480,赛恩斯,2022-11-25,2026-09-02,915
sh688479,友车科技,2023-05-11,2026-09-02,806
sh688484,南芯科技,2023-04-07,2026-09-02,827
sh688489,三未信安,2022-12-02,2026-09-02,910
sh688486,龙迅股份,2023-02-21,2026-09-02,859
sh688485,九州一轨,2023-01-18,2026-09-02,878
sh688488,艾迪药业,2020-07-20,2026-09-02,1487
sh688496,*ST清越,2022-12-28,2026-09-02,890
sh688505,复旦张江,2020-06-19,2026-09-02,1506
sh688506,百利天恒,2023-01-06,2026-09-02,886
sh688501,青达环保,2021-07-16,2026-09-02,1245
sh688507,索辰科技,2023-04-18,2026-09-02,820
sh688499,利元亨,2021-07-01,2026-09-02,1256
sh688500,慧辰股份,2020-07-16,2026-09-02,1487
sh688508,芯朋微,2020-07-22,2026-09-02,1485
sh688510,航亚科技,2020-12-16,2026-09-02,1386
sh688502,茂莱光学,2023-03-09,2026-09-02,847
sh688498,源杰科技,2022-12-21,2026-09-02,897
sh688503,聚和材料,2022-12-09,2026-09-02,905
sh688517,金冠电气,2021-06-18,2026-09-02,1265
sh688509,正元地信,2021-07-30,2026-09-02,1235
sh688513,苑东生物,2020-09-02,2026-09-02,1455
sh688521,芯原股份,2020-08-18,2026-09-02,1456
sh688512,慧智微-U,2023-05-16,2026-09-02,803
sh688515,裕太微-U,2023-02-10,2026-09-02,866
sh688516,奥特维,2020-05-21,2026-09-02,1527
sh688511,天微电子,2021-07-30,2026-09-02,1233
sh688518,联赢激光,2020-06-22,2026-09-02,1505
sh688522,纳睿雷达,2023-03-01,2026-09-02,843
sh688520,神州细胞,2020-06-22,2026-09-02,1505
sh688523,航天环宇,2023-06-02,2026-09-02,790
sh688519,南亚新材,2020-08-18,2026-09-02,1466
sh688529,豪森智能,2020-11-09,2026-09-02,1413
sh688530,欧莱新材,2024-05-09,2026-09-02,566
sh688528,秦川物联,2020-07-01,2026-09-02,1500
sh688531,日联科技,2023-03-31,2026-09-02,821
sh688538,和辉光电-U,2021-05-28,2026-09-02,1279
sh688536,思瑞浦,2020-09-21,2026-09-02,1422
sh688545,兴福电子,2025-01-22,2026-09-02,391
sh688526,科前生物,2020-09-22,2026-09-02,1441
sh688543,国科军工,2023-06-21,2026-09-02,777
sh688525,佰维存储,2022-12-30,2026-09-02,890
sh688535,华海诚科,2023-04-04,2026-09-02,819
sh688548,广钢气体,2023-08-15,2026-09-02,740
sh688533,上声电子,2021-04-19,2026-09-02,1305
sh688551,科威尔,2020-09-10,2026-09-02,1449
sh688550,瑞联新材,2020-09-02,2026-09-02,1450
sh688553,汇宇制药-W,2021-10-26,2026-09-02,1180
sh688549,中巨芯-U,2023-09-08,2026-09-02,722
sh688555,退市泽达,2020-06-23,2023-06-30,699
sh688539,高华科技,2023-04-18,2026-09-02,820
sh688552,航天南湖,2023-05-18,2026-09-02,801
sh688556,高测股份,2020-08-07,2026-09-02,1473
sh688559,海目星,2020-09-09,2026-09-02,1450
sh688562,航天软件,2023-05-24,2026-09-02,797
sh688557,兰剑智能,2020-12-02,2026-09-02,1396
sh688561,奇安信-U,2020-07-22,2026-09-02,1485
sh688558,国盛智科,2020-06-30,2026-09-02,1501
sh688563,航材股份,2023-07-19,2026-09-02,759
sh688567,孚能科技,2020-07-17,2026-09-02,1481
sh688566,吉贝尔,2020-05-18,2026-09-02,1530
sh688571,杭华股份,2020-12-11,2026-09-02,1389
sh688560,明冠新材,2020-12-24,2026-09-02,1380
sh688565,力源科技,2021-05-13,2026-09-02,1290
sh688569,铁科轨道,2020-08-31,2026-09-02,1457
sh688576,西山科技,2023-06-06,2026-09-02,788
sh688568,中科星图,2020-07-08,2026-09-02,1495
sh688570,天玛智控,2023-06-05,2026-09-02,789
sh688573,信宇人,2023-08-17,2026-09-02,738
sh688582,芯动联科,2023-06-30,2026-09-02,772
sh688581,安杰思,2023-05-19,2026-09-02,800
sh688583,思看科技,2025-01-15,2026-09-02,396
sh688580,伟思医疗,2020-07-21,2026-09-02,1486
sh688584,上海合晶,2024-02-08,2026-09-02,620
sh688578,XD艾力斯,2020-12-02,2026-09-02,1396
sh688577,浙海德曼,2020-09-16,2026-09-02,1445
sh688579,地纬智能,2020-07-17,2026-09-02,1488
sh688588,凌志软件,2020-05-11,2026-09-02,1525
sh688575,亚辉龙,2021-05-17,2026-09-02,1288
sh688586,江航装备,2020-07-31,2026-09-02,1478
sh688593,新相微,2023-06-01,2026-09-02,781
sh688585,上纬新材,2020-09-28,2026-09-02,1423
sh688589,力合微,2020-07-22,2026-09-02,1485
sh688590,新致软件,2020-12-07,2026-09-02,1393
sh688591,泰凌微,2023-08-25,2026-09-02,727
sh688597,煜邦电力,2021-06-17,2026-09-02,1266
sh688595,芯海科技,2020-09-28,2026-09-02,1437
sh688599,天合光能,2020-06-10,2026-09-02,1513
sh688602,康鹏科技,2023-07-20,2026-09-02,758
sh688592,司南导航,2023-08-16,2026-09-02,739
sh688596,正帆科技,2020-08-20,2026-09-02,1464
sh688603,天承科技,2023-07-10,2026-09-02,766
sh688605,先锋精科,2024-12-12,2026-09-02,419
sh688601,力芯微,2021-06-28,2026-09-02,1259
sh688598,金博股份,2020-05-18,2026-09-02,1530
sh688600,皖仪科技,2020-07-03,2026-09-02,1498
sh688607,康众医疗,2021-02-01,2026-09-02,1354
sh688610,埃科光电,2023-07-19,2026-09-02,759
sh688606,奥泰生物,2021-03-25,2026-09-02,1321
sh688612,威迈斯,2023-07-26,2026-09-02,754
sh688608,恒玄科技,2020-12-16,2026-09-02,1386
sh688609,九联科技,2021-03-23,2026-09-02,1323
sh688615,合合信息,2024-09-26,2026-09-02,469
sh688611,杭州柯林,2021-04-12,2026-09-02,1310
sh688616,西力科技,2021-03-18,2026-09-02,1326
sh688618,三旺通信,2020-12-30,2026-09-02,1376
sh688619,罗普特,2021-02-23,2026-09-02,1343
sh688617,惠泰医疗,2021-01-07,2026-09-02,1371
sh688621,阳光诺和,2021-06-21,2026-09-02,1245
sh688620,安凯微,2023-06-27,2026-09-02,775
sh688627,精智达,2023-07-18,2026-09-02,760
sh688628,优利德,2021-02-01,2026-09-02,1354
sh688631,莱斯信息,2023-06-28,2026-09-02,774
sh688629,华丰科技,2023-06-27,2026-09-02,775
sh688613,奥精医疗,2021-05-21,2026-09-02,1284
sh688630,芯碁微装,2021-04-01,2026-09-02,1316
sh688633,星球石墨,2021-03-24,2026-09-02,1322
sh688626,翔宇医疗,2021-03-31,2026-09-02,1317
sh688622,*ST禾信,2021-09-13,2026-09-02,1194
sh688635,长进光子,2026-05-27,2026-09-02,70
sh688625,呈和科技,2021-06-07,2026-09-02,1273
sh688623,双元科技,2023-06-08,2026-09-02,786
sh688638,誉辰智能,2023-07-12,2026-09-02,764
sh688648,中邮科技,2023-11-13,2026-09-02,682
sh688646,逸飞激光,2023-07-28,2026-09-02,750
sh688651,盛邦安全,2023-07-26,2026-09-02,754
sh688652,京仪装备,2023-11-29,2026-09-02,670
sh688657,浩辰软件,2023-10-10,2026-09-02,706
sh688636,智明达,2021-04-08,2026-09-02,1312
sh688658,悦康药业,2020-12-24,2026-09-02,1380
sh688655,迅捷兴,2021-05-11,2026-09-02,1283
sh688639,华恒生物,2021-04-22,2026-09-02,1302
sh688653,康希通信,2023-11-17,2026-09-02,678
sh688661,和林微纳,2021-03-29,2026-09-02,1319
sh688656,浩欧博,2021-01-13,2026-09-02,1358
sh688662,富信科技,2021-04-01,2026-09-02,1316
sh688659,元琛科技,2021-03-31,2026-09-02,1317
sh688665,四方光电,2021-02-09,2026-09-02,1348
sh688660,电气风电,2021-05-19,2026-09-02,1286
sh688667,菱电电控,2021-03-12,2026-09-02,1321
sh688663,新风光,2021-04-13,2026-09-02,1309
sh688669,聚石化学,2021-01-25,2026-09-02,1359
sh688671,碧兴物联,2023-08-09,2026-09-02,744
sh688668,鼎通科技,2020-12-21,2026-09-02,1383
sh688678,福立旺,2020-12-23,2026-09-02,1381
sh688670,金迪克,2021-08-02,2026-09-02,1234
sh688682,霍莱沃,2021-04-20,2026-09-02,1304
sh688681,科汇股份,2021-06-16,2026-09-02,1267
sh688683,莱尔科技,2021-04-12,2026-09-02,1310
sh688680,海优新材,2021-01-22,2026-09-02,1360
sh688676,金盘科技,2021-03-09,2026-09-02,1333
sh688687,凯因科技,2021-02-08,2026-09-02,1349
sh688677,海泰新光,2021-02-26,2026-09-02,1340
sh688686,奥普特,2020-12-31,2026-09-02,1375
sh688685,迈信林,2021-05-13,2026-09-02,1290
sh688692,达梦数据,2024-06-12,2026-09-02,543
sh688691,灿芯股份,2024-04-11,2026-09-02,583
sh688689,银河微电,2021-01-27,2026-09-02,1347
sh688679,通源环境,2020-12-25,2026-09-02,1379
sh688693,锴威特,2023-08-18,2026-09-02,727
sh688690,纳微科技,2021-06-23,2026-09-02,1262
sh688698,伟创电气,2020-12-29,2026-09-02,1377
sh688699,明微电子,2020-12-18,2026-09-02,1384
sh688695,中创股份,2024-03-13,2026-09-02,602
sh688697,纽威数控,2021-09-17,2026-09-02,1200
sh688702,盛科通信-U,2023-09-14,2026-09-02,718
sh688701,卓锦股份,2021-09-16,2026-09-02,1201
sh688710,益诺思,2024-09-03,2026-09-02,484
sh688707,振华新材,2021-09-14,2026-09-02,1203
sh688712,北芯生命,2026-02-05,2026-09-02,139
sh688700,东威科技,2021-06-15,2026-09-02,1268
sh688696,极米科技,2021-03-03,2026-09-02,1337
sh688708,佳驰科技,2024-12-05,2026-09-02,424
sh688716,中研股份,2023-09-20,2026-09-02,714
sh688717,艾罗能源,2024-01-03,2026-09-02,646
sh688711,宏微科技,2021-09-01,2026-09-02,1212
sh688721,龙图光罩,2024-08-06,2026-09-02,504
sh688720,艾森股份,2023-12-06,2026-09-02,655
sh688709,成都华微,2024-02-07,2026-09-02,621
sh688722,同益中,2021-10-19,2026-09-02,1185
sh688718,唯赛勃,2021-07-28,2026-09-02,1237
sh688726,拉普拉斯,2024-10-29,2026-09-02,451
sh688727,恒坤新材,2025-11-18,2026-09-02,194
sh688719,爱科赛博,2023-09-28,2026-09-02,708
sh688729,屹唐股份,2025-07-08,2026-09-02,283
sh688733,壹石通,2021-08-17,2026-09-02,1223
sh688737,中自科技,2021-10-22,2026-09-02,1182
sh688728,格科微,2021-08-18,2026-09-02,1222
sh688739,成大生物,2021-10-28,2026-09-02,1175
sh688755,汉邦科技,2025-05-16,2026-09-02,319
sh688750,金天钛业,2024-11-20,2026-09-02,435
sh688765,禾元生物-U,2025-10-28,2026-09-02,209
sh688757,胜科纳米,2025-03-25,2026-09-02,353
sh688768,容知日新,2021-07-26,2026-09-02,1239
sh688759,必贝特-U,2025-10-28,2026-09-02,209
sh688758,赛分科技,2025-01-10,2026-09-02,399
sh688766,普冉股份,2021-08-23,2026-09-02,1209
sh688775,影石创新,2025-06-11,2026-09-02,302
sh688767,博拓生物,2021-09-08,2026-09-02,1207
sh688781,视涯科技-UW,2026-03-25,2026-09-02,111
sh688783,西安奕材-U,2025-10-28,2026-09-02,209
sh688779,五矿新能,2021-08-11,2026-09-02,1227
sh688778,厦钨新能,2021-08-05,2026-09-02,1231
sh688785,恒运昌,2026-01-28,2026-09-02,145
sh688777,中控技术,2020-11-24,2026-09-02,1402
sh688772,珠海冠宇,2021-10-15,2026-09-02,1187
sh688788,科思科技,2020-10-22,2026-09-02,1425
sh688776,国光电气,2021-08-31,2026-09-02,1213
sh688790,昂瑞微-UW,2025-12-16,2026-09-02,174
sh688795,摩尔线程-U,2025-12-05,2026-09-02,181
sh688786,悦安新材,2021-08-26,2026-09-02,1216
sh688797,臻宝科技,2026-06-24,2026-09-02,51
sh688789,宏华数科,2021-07-08,2026-09-02,1251
sh688793,倍轻松,2021-07-15,2026-09-02,1246
sh688796,百奥赛图,2025-12-10,2026-09-02,178
sh688802,沐曦股份-U,2025-12-17,2026-09-02,173
sh688809,强一股份,2025-12-30,2026-09-02,164
sh688805,健信超导,2025-12-24,2026-09-02,168
sh688806,泰诺麦博-U,2026-07-21,2026-09-02,32
sh688811,有研复材,2026-04-10,2026-09-02,100
sh688799,华纳药厂,2021-07-13,2026-09-02,1248
sh688813,泰金新能,2026-03-31,2026-09-02,107
sh688800,瑞可达,2021-07-22,2026-09-02,1241
sh688798,艾为电子,2021-08-16,2026-09-02,1224
sh688787,海天瑞声,2021-08-13,2026-09-02,1225
sh688808,联讯仪器,2026-04-24,2026-09-02,90
sh688820,盛合晶微,2026-04-21,2026-09-02,93
sh688807,优迅股份,2025-12-19,2026-09-02,171
sh688816,易思维,2026-02-11,2026-09-02,135
sh688818,电科蓝天,2026-02-10,2026-09-02,136
sh688828,国仪公司-U,2026-08-11,2026-09-02,17
sh688825,长鑫科技,2026-07-27,2026-09-02,28
sh688826,频准激光,2026-08-18,2026-09-02,12
sh688836,宇树科技-W,2026-08-19,2026-09-02,11
sh688819,天能股份,2021-01-18,2026-09-02,1364
sh688835,高凯技术,2026-08-25,2026-09-02,7
sh689009,九号公司-WD,2020-10-29,2026-09-02,1420
sh688981,中芯国际,2020-07-16,2026-09-02,1483
sz000005,ST星源,2015-05-11,2024-03-05,2131
sz000009,中国宝安,2015-01-07,2026-09-02,2804
sz000007,全新好,2015-01-05,2026-09-02,2339
sz000011,深物业A,2015-01-05,2026-09-02,2836
sz000010,*ST美丽,2015-05-19,2026-09-02,2734
sz000004,国华退,2015-01-05,2026-07-13,2561
sz000008,神州高铁,2015-01-05,2026-09-02,2675
sz000002,万  科Ａ,2015-01-05,2026-09-01,2700
sz000012,南  玻Ａ,2015-01-05,2026-09-02,2812
sz000001,平安银行,2015-01-05,2026-09-02,2836
sz000006,深振业Ａ,2015-01-05,2026-09-02,2719
sz000016,*ST康佳A,2015-01-05,2026-09-02,2727
sz000014,沙河股份,2015-01-05,2026-09-02,2836
sz000018,神城A退,2015-01-05,2020-01-06,1179
sz000022,,2015-01-05,2018-12-20,691
sz000024,招商地产,2015-01-05,2015-12-07,100
sz000017,深中华A,2015-01-05,2026-09-02,2802
sz000020,深华发Ａ,2015-03-20,2026-09-02,2689
sz000023,*ST深天,2015-01-05,2024-07-24,2134
sz000025,特  力Ａ,2015-01-05,2026-09-02,2820
sz000021,深科技,2015-01-05,2026-09-02,2816
sz000031,大悦城,2015-01-05,2026-09-02,2648
sz000028,国药一致,2015-01-05,2026-09-02,2725
sz000029,深深房Ａ,2015-01-05,2026-09-02,1830
sz000026,飞亚达,2015-01-05,2026-09-02,2829
sz000033,新都退,2015-04-09,2017-07-06,45
sz000030,富奥股份,2015-01-05,2026-09-02,2829
sz000032,深桑达Ａ,2015-01-05,2026-09-02,2682
sz000034,神州数码,2015-01-05,2026-09-02,2401
sz000038,大通退,2015-01-05,2023-07-11,1567
sz000027,深圳能源,2015-01-05,2026-09-02,2836
sz000036,华联控股,2015-01-05,2026-09-02,2829
sz000042,中洲控股,2015-01-05,2026-09-02,2693
sz000040,*ST旭蓝,2015-01-05,2025-03-31,2282
sz000039,中集集团,2015-01-05,2026-09-02,2830
sz000037,深南电A,2015-01-05,2026-09-02,2716
sz000043,,2015-01-05,2019-12-13,1127
sz000035,中国天楹,2015-02-11,2026-09-02,2506
sz000046,*ST泛海,2015-01-05,2023-12-27,2112
sz000045,深纺织Ａ,2015-01-05,2026-09-02,2733
sz000048,京基智农,2015-01-05,2026-09-02,2659
sz000055,方大集团,2015-01-05,2026-09-02,2830
sz000049,德赛电池,2015-01-05,2026-09-02,2829
sz000050,深天马Ａ,2015-01-05,2026-09-02,2692
sz000019,深粮控股,2015-01-05,2026-09-02,2679
sz000056,*ST皇庭,2015-01-05,2026-09-02,2722
sz000060,中金岭南,2015-01-05,2026-09-02,2830
sz000058,深 赛 格,2015-01-05,2026-09-02,2750
sz000062,深圳华强,2015-01-05,2026-09-02,2752
sz000061,农 产 品,2015-01-05,2026-09-02,2761
sz000063,中兴通讯,2015-01-05,2026-09-01,2761
sz000069,华侨城Ａ,2015-01-05,2026-09-02,2792
sz000059,华锦股份,2015-01-05,2026-09-02,2834
sz000066,中国长城,2015-01-05,2026-09-02,2639
sz000068,华控赛格,2015-01-05,2026-09-02,2723
sz000065,北方国际,2015-01-05,2026-09-02,2727
sz000070,特发信息,2015-04-13,2026-09-02,2757
sz000092,,2015-01-05,2015-04-01,58
sz000091,,2015-01-05,2015-04-01,58
sz000078,ST海王,2015-01-05,2026-09-02,2822
sz000093,,2015-01-05,2015-04-01,58
sz000088,盐 田 港,2015-01-05,2026-09-02,2820
sz000089,深圳机场,2015-01-05,2026-09-02,2834
sz000099,中信海直,2015-01-05,2026-09-02,2713
sz000100,TCL科技,2015-01-05,2026-09-02,2670
sz000090,天健集团,2015-01-05,2026-09-01,2823
sz000096,广聚能源,2015-01-05,2026-09-02,2836
sz000159,国际实业,2015-01-05,2026-09-02,2724
sz000155,川能动力,2015-01-05,2026-09-02,2396
sz000158,常山北明,2015-01-05,2026-09-02,2816
sz000156,华数传媒,2015-01-05,2026-09-02,2707
sz000157,中联重科,2015-01-05,2026-09-01,2834
sz000150,*ST宜康,2015-01-05,2023-04-27,1883
sz000153,丰原药业,2015-01-05,2026-09-02,2559
sz000151,中成股份,2015-01-05,2026-09-02,2826
sz000166,申万宏源,2015-01-26,2026-09-02,2791
sz000301,东方盛虹,2015-01-05,2026-09-02,2660
sz000333,美的集团,2015-01-05,2026-09-01,2782
sz000338,潍柴动力,2015-01-05,2026-09-01,2833
sz000400,许继电气,2015-01-05,2026-09-02,2836
sz000402,金 融 街,2015-01-05,2026-09-02,2836
sz000408,藏格矿业,2015-01-05,2026-09-01,2773
sz000407,胜利股份,2015-01-05,2026-09-02,2708
sz000404,长虹华意,2015-01-05,2026-09-02,2827
sz000401,金隅冀东,2015-01-05,2026-09-02,2696
sz000411,英特集团,2015-06-11,2026-09-02,2709
sz000403,派林生物,2015-01-05,2026-09-02,2554
sz000410,沈阳机床,2015-01-05,2026-09-02,2771
sz000409,云鼎科技,2015-01-05,2026-09-02,2643
sz000416,*ST民控,2015-01-05,2024-04-24,2146
sz000413,ST旭电,2015-01-28,2024-08-14,2203
sz000418,小天鹅A,2015-01-05,2019-05-07,1026
sz000415,渤海租赁,2015-01-05,2026-09-02,2459
sz000420,吉林化纤,2015-01-05,2026-09-02,2806
sz000417,合百集团,2015-01-05,2026-09-02,2832
sz000421,南京公用,2015-01-05,2026-09-02,2816
sz000419,通程控股,2015-01-05,2026-09-02,2836
sz000422,湖北宜化,2015-01-05,2026-09-02,2794
sz000430,张家界,2015-01-05,2026-09-02,2805
sz000425,徐工机械,2015-01-05,2026-09-02,2796
sz000426,兴业银锡,2015-03-25,2026-09-02,2574
sz000423,东阿阿胶,2015-01-05,2026-09-02,2836
sz000428,华天酒店,2015-01-05,2026-09-02,2836
sz000429,粤高速Ａ,2015-01-05,2026-09-01,2757
sz000506,招金黄金,2015-02-16,2026-09-02,2529
sz000503,国新健康,2015-01-05,2026-09-02,2606
sz000501,武商集团,2015-01-16,2026-09-02,2827
sz000504,南华生物,2015-01-29,2026-09-02,2605
sz000502,绿景退,2015-01-05,2022-06-24,1633
sz000488,ST晨鸣,2015-01-05,2026-09-02,2829
sz000511,烯碳退,2015-01-05,2018-07-17,364
sz000498,山东路桥,2015-01-13,2026-09-02,2790
sz000510,新金路,2015-01-05,2026-09-02,2698
sz000509,华塑控股,2015-02-02,2026-09-02,2542
sz000505,京粮控股,2015-01-05,2026-09-02,2703
sz000507,珠海港,2015-01-05,2026-09-02,2824
sz000513,丽珠集团,2015-01-05,2026-09-02,2774
sz000517,荣安地产,2015-01-05,2026-09-02,2804
sz000518,四环生物,2015-01-05,2026-09-02,2733
sz000516,国际医学,2015-01-05,2026-09-02,2659
sz000514,渝 开 发,2015-03-25,2026-09-02,2774
sz000524,岭南控股,2015-01-05,2026-09-02,2715
sz000519,中兵红箭,2015-01-05,2026-09-02,2697
sz000520,凤凰航运,2015-12-18,2026-09-02,2593
sz000523,红棉股份,2015-01-05,2026-09-02,2772
sz000526,学大教育,2015-01-05,2026-09-02,2450
sz000521,长虹美菱,2015-01-05,2026-09-02,2816
sz000525,红太阳,2015-01-05,2026-09-02,2803
sz000530,冰山冷热,2015-01-05,2026-09-02,2825
sz000533,顺钠股份,2015-01-08,2026-09-02,2733
sz000532,华金资本,2015-01-05,2026-09-02,2834
sz000528,柳    工,2015-01-05,2026-09-02,2815
sz000529,广弘控股,2015-01-05,2026-09-02,2748
sz000534,万泽股份,2015-01-05,2026-09-02,2465
sz000536,华映科技,2015-01-05,2026-09-02,2792
sz000531,穗恒运Ａ,2015-01-05,2026-09-02,2738
sz000537,绿发电力,2015-01-05,2026-09-02,2758
sz000538,云南白药,2015-01-05,2026-09-02,2672
sz000539,粤电力Ａ,2015-01-05,2026-09-02,2806
sz000540,*ST中天,2015-01-05,2023-05-18,1631
sz000541,佛山照明,2015-01-05,2026-09-02,2823
sz000545,金浦钛业,2015-01-05,2026-09-02,2629
sz000543,皖能电力,2015-01-05,2026-09-02,2805
sz000552,甘肃能化,2015-01-05,2026-09-02,2810
sz000550,江铃汽车,2015-01-05,2026-09-02,2836
sz000551,创元科技,2015-01-05,2026-09-02,2813
sz000546,金圆股份,2015-01-05,2026-09-02,2798
sz000548,湖南投资,2015-01-05,2026-09-02,2836
sz000553,安道麦A,2015-01-05,2026-09-02,2543
sz000547,航天发展,2015-01-05,2026-09-02,2550
sz000554,泰山石油,2015-01-05,2026-09-02,2836
sz000555,神州信息,2015-01-05,2026-09-02,2630
sz000560,我爱我家,2015-01-05,2026-09-02,2686
sz000559,万向钱潮,2015-01-05,2026-09-02,2821
sz000557,西部创业,2015-01-05,2026-09-02,2685
sz000561,烽火电子,2015-01-05,2026-09-02,2826
sz000564,供销大集,2015-08-05,2026-09-02,2518
sz000544,中原环保,2015-02-13,2026-09-02,2798
sz000558,天府文旅,2015-01-14,2026-09-02,2670
sz000563,陕国投Ａ,2015-01-05,2026-09-02,2755
sz000565,渝三峡Ａ,2015-01-05,2026-09-02,2706
sz000567,海德股份,2015-01-05,2026-09-02,2787
sz000570,苏常柴Ａ,2015-01-05,2026-09-02,2836
sz000573,粤宏远Ａ,2015-01-05,2026-09-02,2836
sz000568,泸州老窖,2015-01-05,2026-09-02,2818
sz000566,海南海药,2015-01-05,2026-09-02,2581
sz000571,新大洲A,2015-01-05,2026-09-02,2589
sz000572,海马汽车,2015-01-05,2026-09-02,2833
sz000581,威孚高科,2015-01-05,2026-09-02,2832
sz000576,甘化科工,2015-01-05,2026-09-02,2747
sz000585,东电退,2015-01-05,2022-05-23,1554
sz000587,*ST金洲,2015-01-05,2023-02-02,1875
sz000582,北部湾港,2015-01-05,2026-09-02,2691
sz000584,工智退,2015-05-07,2025-07-10,2229
sz000594,国恒退,2015-05-29,2015-07-10,30
sz000589,贵州轮胎,2015-01-05,2026-09-02,2832
sz000586,汇源通信,2015-02-02,2026-09-02,2600
sz000591,太阳能,2015-04-17,2026-09-02,2761
sz000590,古汉医药,2015-01-28,2026-09-02,2746
sz000593,德龙汇能,2015-01-05,2026-09-02,2718
sz000592,平潭发展,2015-01-05,2026-09-02,2704
sz000596,古井贡酒,2015-01-05,2026-09-02,2836
sz000595,新能股份,2015-01-05,2026-09-02,2683
sz000600,建投能源,2015-01-05,2026-09-02,2815
sz000598,兴蓉环境,2015-01-05,2026-09-02,2836
sz000601,韶能股份,2015-01-05,2026-09-02,2763
sz000603,盛达资源,2015-01-05,2026-09-02,2700
sz000599,青岛双星,2015-01-05,2026-09-02,2809
sz000597,东北制药,2015-01-05,2026-09-02,2806
sz000606,顺利退,2015-01-05,2023-07-05,1826
sz000609,*ST中迪,2015-01-29,2026-09-02,2763
sz000605,渤海股份,2015-01-05,2026-09-02,2764
sz000608,阳光股份,2015-01-05,2026-09-02,2626
sz000607,华媒控股,2015-01-05,2026-09-02,2763
sz000611,天首退,2015-01-05,2022-06-27,1485
sz000610,*ST西旅,2015-01-05,2026-09-02,2714
sz000612,焦作万方,2015-01-16,2026-09-02,2678
sz000616,*ST海投,2015-04-17,2023-06-13,1864
sz000613,东海A退,2015-01-05,2022-06-28,1653
sz000615,*ST美谷,2015-03-16,2026-09-02,2693
sz000617,中油资本,2015-01-05,2026-09-02,2727
sz000622,恒立退,2015-01-05,2025-07-15,2368
sz000619,海螺新材,2015-01-05,2026-09-02,2796
sz000620,盈新发展,2015-01-05,2026-09-02,2813
sz000626,远大控股,2015-01-05,2026-09-02,2672
sz000627,*ST天茂,2015-01-16,2025-08-13,2496
sz000630,铜陵有色,2015-01-05,2026-09-02,2672
sz000631,顺发恒能,2015-01-05,2026-09-02,2836
sz000625,长安汽车,2015-01-05,2026-09-02,2784
sz000632,ST三木,2015-01-05,2026-09-02,2833
sz000633,合金投资,2015-01-14,2026-09-02,2480
sz000629,钒钛股份,2015-01-05,2026-09-02,2415
sz000628,高新发展,2015-01-05,2026-09-02,2793
sz000635,英 力 特,2015-01-05,2026-09-02,2759
sz000637,茂化实华,2015-01-05,2026-09-02,2834
sz000639,ST西王,2015-01-05,2026-09-02,2747
sz000638,*ST万方,2015-01-05,2026-04-13,2447
sz000636,风华高科,2015-01-05,2026-09-02,2691
sz000623,吉林敖东,2015-01-05,2026-09-02,2835
sz000650,仁和药业,2015-01-05,2026-09-02,2773
sz000651,格力电器,2015-01-05,2026-09-01,2678
sz000657,中钨高新,2015-01-05,2026-09-02,2686
sz000655,金岭矿业,2015-01-05,2026-09-02,2761
sz000656,金科股份,2015-01-05,2026-09-02,2757
sz000662,天夏退,2015-01-05,2021-04-09,1366
sz000661,长春高新,2015-01-05,2026-09-02,2821
sz000663,永安林业,2015-04-14,2026-09-02,2724
sz000659,珠海中富,2015-01-05,2026-09-02,2703
sz000667,ST美置,2015-01-05,2023-05-25,2027
sz000666,经纬纺机,2015-01-05,2023-08-31,1928
sz000669,ST金鸿,2015-01-05,2026-09-02,2663
sz000652,泰达股份,2015-01-05,2026-09-02,2834
sz000670,盈方微,2015-01-05,2026-09-02,2089
sz000668,荣丰控股,2015-01-23,2026-09-02,2711
sz000665,湖北广电,2015-01-05,2026-09-02,2740
sz000673,当代退,2015-01-05,2022-07-01,1522
sz000671,ST阳光城,2015-01-05,2023-06-09,2008
sz000672,上峰材料,2015-01-05,2026-09-01,2730
sz000677,ST海龙,2015-09-28,2026-09-02,2548
sz000678,襄阳轴承,2015-01-05,2026-09-02,2794
sz000682,东方电子,2015-01-05,2026-09-02,2626
sz000680,山推股份,2015-01-05,2026-09-02,2836
sz000679,大连友谊,2015-01-05,2026-09-02,2696
sz000683,博源化工,2015-01-05,2026-09-02,2791
sz000676,智度股份,2015-10-09,2026-09-02,2573
sz000681,视觉中国,2015-01-05,2026-09-02,2822
sz000688,国城矿业,2015-01-05,2026-09-02,2585
sz000685,中山公用,2015-01-05,2026-09-02,2831
sz000693,华泽退,2015-01-05,2019-07-08,263
sz000687,华讯退,2015-04-27,2022-06-16,1674
sz000692,惠天热电,2015-01-05,2026-09-02,2767
sz000691,亚太实业,2015-01-05,2026-09-02,2755
sz000686,东北证券,2015-01-05,2026-09-02,2829
sz000690,宝新能源,2015-01-05,2026-09-02,2787
sz000695,滨海能源,2015-01-05,2026-09-02,2739
sz000698,ST沈化,2015-01-05,2026-09-02,2830
sz000703,恒逸石化,2015-01-05,2026-09-02,2767
sz000702,正虹科技,2015-01-05,2026-09-02,2831
sz000701,厦门信达,2015-01-05,2026-09-02,2817
sz000697,炼石航空,2015-01-05,2026-09-02,2637
sz000707,双环科技,2015-01-05,2026-09-02,2717
sz000705,浙江震元,2015-01-05,2026-09-02,2836
sz000711,京蓝科技,2015-01-05,2026-09-02,2411
sz000700,模塑科技,2015-01-05,2026-09-02,2729
sz000713,国投丰乐,2015-01-05,2026-09-02,2795
sz000708,中信特钢,2015-01-05,2026-09-02,2724
sz000709,河钢股份,2015-01-05,2026-09-02,2797
sz000716,黑芝麻,2015-01-05,2026-09-02,2591
sz000715,中兴商业,2015-06-30,2026-09-02,2704
sz000710,贝瑞基因,2015-01-05,2026-09-02,2689
sz000720,新能泰山,2015-01-05,2026-09-02,2585
sz000719,中原传媒,2015-06-01,2026-09-02,2687
sz000721,西安饮食,2015-01-05,2026-09-02,2756
sz000717,中南股份,2015-01-05,2026-09-02,2749
sz000718,苏宁环球,2015-01-05,2026-09-02,2687
sz000722,湖南发展,2015-01-05,2026-09-02,2826
sz000723,美锦能源,2015-01-05,2026-09-02,2675
sz000726,鲁  泰Ａ,2015-01-05,2026-09-02,2834
sz000728,国元证券,2015-01-05,2026-09-02,2806
sz000727,冠捷科技,2015-01-05,2026-09-02,2766
sz000725,京东方Ａ,2015-01-05,2026-09-02,2832
sz000731,四川美丰,2015-01-05,2026-09-02,2836
sz000732,ST泰禾,2015-01-05,2023-06-02,2006
sz000729,燕京啤酒,2015-01-05,2026-09-02,2836
sz000733,振华科技,2015-01-05,2026-09-02,2808
sz000712,锦龙股份,2015-01-05,2026-09-02,2738
sz000736,中交发展,2015-01-05,2026-09-02,2749
sz000735,罗 牛 山,2015-01-05,2026-09-02,2828
sz000737,北方铜业,2015-01-05,2026-09-02,2775
sz000739,普洛药业,2015-01-05,2026-09-02,2822
sz000748,长城信息,2015-01-05,2016-10-31,263
sz000738,航发控制,2015-01-05,2026-09-02,2832
sz000751,锌业股份,2015-01-05,2026-09-02,2814
sz000750,国海证券,2015-01-05,2026-09-02,2798
sz000755,山西高速,2015-04-29,2026-09-02,2502
sz000756,新华制药,2015-01-05,2026-09-02,2774
sz000757,浩物股份,2015-01-05,2026-09-02,2564
sz000753,漳州发展,2015-01-05,2026-09-02,2808
sz000760,斯太退,2015-01-05,2021-07-22,1211
sz000758,中色股份,2015-01-05,2026-09-02,2826
sz000759,中百集团,2015-01-05,2026-09-02,2836
sz000766,通化金马,2015-01-05,2026-09-02,2425
sz000768,中航西飞,2015-01-05,2026-09-02,2831
sz000762,西藏矿业,2015-01-05,2026-09-02,2836
sz000761,本钢板材,2015-01-05,2026-09-02,2809
sz000767,晋控电力,2015-01-05,2026-09-02,2834
sz000777,中核科技,2015-01-05,2026-09-02,2821
sz000780,ST平能,2015-01-05,2021-12-16,1676
sz000779,甘咨询,2015-01-20,2026-09-02,2647
sz000782,恒申新材,2015-01-05,2026-09-02,2735
sz000776,广发证券,2015-01-05,2026-09-02,2836
sz000788,北大医药,2015-01-05,2026-09-02,2796
sz000786,北新建材,2015-01-05,2026-09-02,2697
sz000752,*ST西发,2015-01-05,2026-09-02,2769
sz000778,新兴铸管,2015-01-05,2026-09-02,2773
sz000783,长江证券,2015-01-05,2026-09-02,2823
sz000785,居然智家,2015-01-05,2026-09-02,2825
sz000790,华神科技,2015-01-05,2026-09-02,2738
sz000789,万年青,2015-01-05,2026-09-02,2836
sz000791,甘肃能源,2015-01-05,2026-09-02,2827
sz000796,凯撒旅业,2015-04-20,2026-09-02,2506
sz000798,中水渔业,2015-01-05,2026-09-02,2832
sz000792,盐湖股份,2015-01-05,2026-09-02,2512
sz000797,中国武夷,2015-01-05,2026-09-02,2814
sz000793,ST华闻,2015-01-05,2026-09-02,2641
sz000799,酒鬼酒,2015-01-05,2026-09-02,2743
sz000795,英洛华,2015-01-05,2026-09-02,2753
sz000801,四川九洲,2015-01-05,2026-09-02,2822
sz000807,云铝股份,2015-01-05,2026-09-02,2803
sz000806,银河退,2015-01-05,2023-07-05,1664
sz000802,北京文化,2015-01-05,2026-09-02,2768
sz000800,一汽解放,2015-01-05,2026-09-02,2822
sz000811,冰轮环境,2015-01-07,2026-09-02,2829
sz000803,山高环能,2015-01-05,2026-09-02,2542
sz000813,德展健康,2015-01-05,2026-09-02,2646
sz000810,创维数字,2015-01-05,2026-09-02,2746
sz000812,陕西金叶,2015-01-05,2026-09-02,2529
sz000815,美利云,2015-01-05,2026-09-02,2824
sz000809,和展能源,2015-01-05,2026-09-02,2826
sz000819,岳阳兴长,2015-01-05,2026-09-02,2834
sz000820,神雾节能,2015-01-05,2026-09-02,2553
sz000816,智慧农业,2015-01-05,2026-09-02,2823
sz000821,ST京机,2015-01-05,2026-09-02,2686
sz000822,山东海化,2015-01-05,2026-09-02,2835
sz000818,航锦科技,2015-01-05,2026-09-02,2607
sz000825,太钢不锈,2015-01-05,2026-09-02,2728
sz000829,天音控股,2015-01-05,2026-09-02,2597
sz000826,*ST启环,2015-01-05,2026-09-02,2772
sz000823,超声电子,2015-01-05,2026-09-02,2836
sz000831,中国稀土,2015-01-05,2026-09-02,2831
sz000830,鲁西化工,2015-01-05,2026-09-02,2826
sz000828,东莞控股,2015-01-05,2026-09-02,2792
sz000839,国安股份,2015-01-05,2026-09-02,2711
sz000835,长动退,2015-01-05,2022-05-20,1655
sz000837,秦川机床,2015-01-05,2026-09-02,2830
sz000833,粤桂股份,2015-01-05,2026-09-02,2760
sz000836,ST富通,2015-01-05,2024-06-17,2030
sz000838,*ST发展,2015-01-05,2026-09-02,2721
sz000856,冀东装备,2015-01-05,2026-09-02,2819
sz000850,华茂股份,2015-01-05,2026-09-02,2695
sz000848,承德露露,2015-01-05,2026-09-02,2836
sz000858,五 粮 液,2015-01-05,2026-09-01,2775
sz000852,石化机械,2015-01-05,2026-09-02,2831
sz000851,*ST高鸿,2015-01-05,2025-09-26,2507
sz000860,顺鑫农业,2015-01-05,2026-09-02,2803
sz000861,海印股份,2015-01-05,2024-08-05,2291
sz000859,国风新材,2015-01-05,2026-09-02,2815
sz000862,银星能源,2015-01-05,2026-09-02,2615
sz000868,安凯客车,2015-01-05,2026-09-02,2822
sz000863,三湘印象,2015-01-05,2026-09-02,2716
sz000875,电投绿能,2015-01-05,2026-09-02,2801
sz000876,新 希 望,2015-01-05,2026-09-02,2701
sz000878,云南铜业,2015-01-05,2026-09-02,2745
sz000881,中广核技,2015-01-05,2026-09-02,2662
sz000869,张  裕Ａ,2015-01-05,2026-09-02,2836
sz000877,天山股份,2015-01-05,2026-09-02,2804
sz000882,华联股份,2015-01-05,2026-09-02,2727
sz000888,峨眉山Ａ,2015-01-05,2026-09-02,2836
sz000880,潍柴重机,2015-01-05,2026-09-02,2826
sz000887,中鼎股份,2015-01-05,2026-09-02,2624
sz000885,城发环境,2015-01-05,2026-09-02,2762
sz000883,湖北能源,2015-05-11,2026-09-02,2753
sz000886,海南高速,2015-01-05,2026-09-02,2836
sz000889,中嘉博创,2015-01-05,2026-09-02,2566
sz000899,赣能股份,2015-01-05,2026-09-02,2771
sz000893,亚钾国际,2015-01-05,2026-09-02,2650
sz000895,双汇发展,2015-01-05,2026-09-01,2820
sz000897,津滨发展,2015-01-21,2026-09-02,2822
sz000892,欢瑞世纪,2015-01-05,2026-09-02,2694
sz000900,现代投资,2015-01-05,2026-09-02,2693
sz000901,航天科技,2015-01-05,2026-09-02,2703
sz000890,法尔胜,2015-01-05,2026-09-02,2661
sz000903,ST云动,2015-01-05,2026-09-02,2713
sz000902,新洋丰,2015-01-05,2026-09-02,2809
sz000898,鞍钢股份,2015-01-05,2026-09-02,2835
sz000909,*ST数源,2015-01-05,2026-09-02,2808
sz000905,厦门港务,2015-01-05,2026-09-02,2802
sz000906,浙商中拓,2015-01-30,2026-09-02,2791
sz000913,钱江摩托,2015-01-05,2026-09-02,2805
sz000908,石药景峰,2015-01-05,2026-09-02,2820
sz000911,*ST广糖,2015-01-05,2026-09-02,2806
sz000910,大亚圣象,2015-01-05,2026-09-02,2820
sz000917,电广传媒,2015-01-05,2026-09-02,2678
sz000916,华北高速,2015-01-05,2017-12-04,461
sz000912,泸天化,2015-01-05,2026-09-02,2473
sz000918,*ST嘉凯,2015-01-05,2023-05-31,1988
sz000919,金陵药业,2015-01-05,2026-09-02,2836
sz000922,佳电股份,2015-01-05,2026-09-02,2824
sz000921,海信家电,2015-01-05,2026-09-02,2836
sz000915,华特达因,2015-01-05,2026-09-02,2836
sz000920,沃顿科技,2015-01-05,2026-09-02,2735
sz000923,河钢资源,2015-01-05,2026-09-02,2689
sz000926,福星股份,2015-01-05,2026-09-02,2801
sz000925,众合科技,2015-01-12,2026-09-02,2690
sz000928,中钢国际,2015-01-05,2026-09-02,2800
sz000927,中国铁物,2015-01-05,2026-09-02,2753
sz000929,兰州黄河,2015-01-05,2026-09-02,2697
sz000930,中粮科技,2015-01-05,2026-09-02,2696
sz000932,华菱钢铁,2015-01-05,2026-09-02,2671
sz000931,中 关 村,2015-01-05,2026-09-02,2815
sz000933,神火股份,2015-01-05,2026-09-01,2814
sz000935,四川双马,2015-01-05,2026-09-02,2611
sz000939,凯迪退,2015-01-05,2020-12-16,877
sz000936,华西股份,2015-01-05,2026-09-02,2802
sz000948,南天信息,2015-01-05,2026-09-02,2797
sz000938,紫光股份,2015-05-26,2026-09-02,2693
sz000937,冀中能源,2015-01-05,2026-09-02,2836
sz000952,广济药业,2015-01-05,2026-09-02,2819
sz000951,中国重汽,2015-01-05,2026-09-02,2836
sz000950,重药控股,2015-01-05,2026-09-02,2366
sz000953,中哲精化,2015-01-05,2026-09-02,2589
sz000949,新乡化纤,2015-01-05,2026-09-02,2832
sz000961,ST中南,2015-01-05,2024-05-08,2242
sz000958,电投产融,2015-01-05,2026-09-02,2773
sz000959,首钢股份,2015-01-05,2026-09-02,2700
sz000955,欣龙控股,2015-01-05,2026-09-02,2727
sz000960,锡业股份,2015-01-05,2026-09-02,2809
sz000957,中通客车,2015-01-05,2026-09-02,2821
sz000965,天保基建,2015-01-05,2026-09-02,2836
sz000963,华东医药,2015-01-05,2026-09-02,2808
sz000968,蓝焰控股,2015-04-15,2026-09-02,2634
sz000969,安泰科技,2015-01-05,2026-09-02,2759
sz000967,盈峰环境,2015-03-31,2026-09-02,2712
sz000966,长源电力,2015-01-05,2026-09-02,2825
sz000971,*ST高升,2015-01-05,2024-06-04,2057
sz000972,中基健康,2015-01-05,2026-09-02,2591
sz000970,中科三环,2015-01-05,2026-09-02,2825
sz000976,*ST华铁,2015-02-16,2024-07-25,2234
sz000975,山金国际,2015-01-05,2026-09-02,2662
sz000973,佛塑科技,2015-01-05,2026-09-02,2774
sz000979,中弘退,2015-01-05,2018-12-27,671
sz000980,众泰汽车,2015-01-05,2026-09-02,2659
sz000982,中银绒业,2016-02-25,2024-06-21,1842
sz000977,浪潮信息,2015-01-19,2026-09-02,2796
sz000981,山子高科,2015-01-05,2026-09-02,2489
sz000985,大庆华科,2015-01-05,2026-09-02,2836
sz000987,越秀资本,2015-01-05,2026-09-02,2722
sz000989,九芝堂,2015-01-05,2026-09-02,2747
sz000990,诚志股份,2015-01-05,2026-09-02,2641
sz000996,中期退,2015-10-19,2024-06-27,2066
sz000988,华工科技,2015-01-05,2026-09-02,2833
sz000995,皇台酒业,2015-08-17,2026-09-02,2116
sz000978,桂林旅游,2015-01-05,2026-09-02,2771
sz000997,新 大 陆,2015-01-05,2026-09-02,2772
sz000998,隆平高科,2015-01-05,2026-09-02,2816
sz000993,闽东电力,2015-01-05,2026-09-02,2821
sz000999,华润三九,2015-01-05,2026-09-02,2836
sz000962,东方钽业,2015-01-05,2026-09-02,2670
sz000983,山西焦煤,2015-01-05,2026-09-01,2825
sz001202,炬申股份,2021-04-29,2026-09-02,1297
sz001210,金房能源,2021-07-29,2026-09-02,1236
sz001201,东瑞股份,2021-04-28,2026-09-02,1298
sz001212,中旗新材,2021-08-23,2026-09-02,1217
sz001205,盛航股份,2021-05-13,2026-09-02,1290
sz001208,华菱线缆,2021-06-24,2026-09-02,1261
sz001203,大中矿业,2021-05-10,2026-09-02,1293
sz001206,依依股份,2021-05-18,2026-09-02,1278
sz001209,洪兴股份,2021-07-23,2026-09-02,1240
sz001207,联科科技,2021-06-23,2026-09-02,1262
sz001211,双枪科技,2021-08-05,2026-09-02,1231
sz001220,世盟股份,2026-02-03,2026-09-02,141
sz001217,华尔泰,2021-09-29,2026-09-02,1194
sz001213,中铁特货,2021-09-08,2026-09-02,1207
sz001219,青岛食品,2021-10-21,2026-09-02,1183
sz001215,千味央厨,2021-09-06,2026-09-02,1209
sz001221,悍高集团,2025-07-30,2026-09-02,267
sz001222,源飞宠物,2022-08-18,2026-09-02,980
sz001225,和泰机电,2023-02-22,2026-09-02,858
sz001218,丽臣实业,2021-10-15,2026-09-02,1187
sz001223,欧克科技,2022-12-12,2026-09-02,904
sz001228,永泰运,2022-04-29,2026-09-02,1055
sz001232,嘉立创,2026-08-04,2026-09-02,22
sz001216,华瓷股份,2021-10-19,2026-09-02,1185
sz001229,魅视科技,2022-08-08,2026-09-02,988
sz001230,劲旅环境,2022-07-15,2026-09-02,1004
sz001234,泰慕士,2022-01-11,2026-09-02,1126
sz001227,兰州银行,2022-01-17,2026-09-02,1122
sz001237,惠康科技,2026-05-22,2026-09-02,73
sz001233,海安集团,2025-11-25,2026-09-02,189
sz001231,农心科技,2022-08-19,2026-09-02,979
sz001238,浙江正特,2022-09-19,2026-09-02,959
sz001226,拓山重工,2022-06-22,2026-09-02,1021
sz001236,弘业期货,2022-08-05,2026-09-02,989
sz001239,永达股份,2023-12-12,2026-09-02,661
sz001248,华润新能源,2026-07-02,2026-09-02,45
sz001255,博菲电气,2022-09-30,2026-09-02,950
sz001256,炜冈科技,2022-12-05,2026-09-02,909
sz001257,盛龙股份,2026-03-31,2026-09-02,107
sz001269,欧晶科技,2022-09-30,2026-09-02,950
sz001259,利仁科技,2022-08-31,2026-09-02,971
sz001267,汇绿生态,2021-11-17,2026-09-02,1160
sz001258,立新能源,2022-07-27,2026-09-02,996
sz001266,宏英智能,2022-02-28,2026-09-02,1097
sz001270,铖昌科技,2022-06-06,2026-09-02,1028
sz001277,速达股份,2024-09-03,2026-09-02,484
sz001260,坤泰股份,2023-02-16,2026-09-02,862
sz001268,联合精密,2022-06-30,2026-09-02,1015
sz001280,中国铀业,2025-12-03,2026-09-02,183
sz001278,一彬科技,2023-03-08,2026-09-02,848
sz001285,瑞立科密,2025-09-30,2026-09-02,213
sz001282,三联锻造,2023-05-24,2026-09-02,797
sz001286,陕西能源,2023-04-10,2026-09-02,826
sz001287,中电港,2023-04-10,2026-09-02,826
sz001289,龙源电力,2022-01-24,2026-09-02,1117
sz001279,强邦新材,2024-10-11,2026-09-02,463
sz001300,三柏硕,2022-10-19,2026-09-02,942
sz001298,好上好,2022-10-31,2026-09-02,934
sz001283,豪鹏科技,2022-09-05,2026-09-02,968
sz001296,长江材料,2021-12-24,2026-09-02,1137
sz001306,夏厦精密,2023-11-16,2026-09-02,679
sz001299,美能能源,2022-10-31,2026-09-02,934
sz001288,运机集团,2021-11-01,2026-09-02,1176
sz001312,福恩股份,2026-04-21,2026-09-02,93
sz001311,多利科技,2023-02-27,2026-09-02,855
sz001301,尚太科技,2022-12-28,2026-09-02,892
sz001313,粤海饲料,2022-02-16,2026-09-02,1105
sz001309,德明利,2022-07-01,2026-09-02,1014
sz001308,康冠科技,2022-03-18,2026-09-02,1083
sz001314,亿道信息,2023-02-14,2026-09-02,855
sz001318,阳光乳业,2022-05-20,2026-09-02,1043
sz001319,铭科精技,2022-05-12,2026-09-02,1049
sz001317,三羊马,2021-11-30,2026-09-02,1150
sz001325,元创股份,2025-12-18,2026-09-02,172
sz001324,长青科技,2023-05-22,2026-09-02,799
sz001323,慕思股份,2022-06-23,2026-09-02,1020
sz001316,润贝航科,2022-06-24,2026-09-02,1019
sz001335,信凯科技,2025-04-15,2026-09-02,339
sz001332,锡装股份,2022-09-20,2026-09-02,958
sz001326,联域股份,2023-11-09,2026-09-02,684
sz001322,箭牌家居,2022-10-26,2026-09-02,937
sz001331,胜通能源,2022-09-08,2026-09-02,936
sz001333,光华股份,2022-12-08,2026-09-02,906
sz001328,登康口腔,2023-04-10,2026-09-02,826
sz001336,楚环科技,2022-07-25,2026-09-02,998
sz001330,博纳影业,2022-08-18,2026-09-02,980
sz001337,四川黄金,2023-03-03,2026-09-02,851
sz001338,永顺泰,2022-11-16,2026-09-02,922
sz001339,智微智能,2022-08-15,2026-09-02,983
sz001356,富岭股份,2025-01-23,2026-09-02,390
sz001360,南矿集团,2023-04-10,2026-09-02,826
sz001365,天海电子,2026-05-18,2026-09-02,77
sz001369,双欣材料,2025-12-30,2026-09-02,164
sz001368,通达创智,2023-03-13,2026-09-02,845
sz001358,兴欣新材,2023-12-21,2026-09-02,654
sz001366,播恩集团,2023-03-07,2026-09-02,849
sz001367,海森药业,2023-04-10,2026-09-02,826
sz001379,腾达科技,2024-01-19,2026-09-02,634
sz001382,新亚电缆,2025-03-21,2026-09-02,355
sz001378,德冠新材,2023-10-30,2026-09-02,692
sz001376,百通能源,2023-11-03,2026-09-02,688
sz001389,广合科技,2024-04-02,2026-09-02,588
sz001387,雪祺电气,2024-01-11,2026-09-02,640
sz001380,华纬科技,2023-05-16,2026-09-02,803
sz001395,亚联机械,2025-01-27,2026-09-02,388
sz001359,平安电工,2024-03-28,2026-09-02,591
sz001388,信通电子,2025-07-01,2026-09-02,288
sz001386,马可波罗,2025-10-22,2026-09-02,213
sz001390,古麒绒材,2025-05-29,2026-09-02,310
sz001393,维通利,2026-05-15,2026-09-02,78
sz001391,国货航,2024-12-30,2026-09-02,407
sz001400,江顺科技,2025-04-24,2026-09-02,332
sz001396,誉帆科技,2025-12-30,2026-09-02,164
sz001399,惠科股份,2026-06-26,2026-09-02,49
sz001373,翔腾新材,2023-06-01,2026-09-02,791
sz001696,宗申动力,2015-01-05,2026-09-02,2720
sz001872,招商港口,2018-12-26,2026-09-02,1864
sz001896,豫能控股,2015-01-05,2026-09-02,2720
sz001914,招商积余,2015-01-05,2026-09-02,2756
sz001965,招商公路,2017-12-25,2026-09-02,2109
sz002002,ST鸿达,2015-01-05,2024-01-18,2046
sz002001,新 和 成,2015-01-05,2026-09-02,2822
sz002006,精工科技,2015-03-31,2026-09-02,2578
sz002008,大族激光,2015-01-05,2026-09-02,2830
sz002004,华邦健康,2015-01-05,2026-09-02,2769
sz002009,天奇股份,2015-01-28,2026-09-02,2807
sz001979,招商蛇口,2015-12-30,2026-09-02,2578
sz002003,伟星股份,2015-01-05,2026-09-02,2747
sz002005,德豪润达,2015-01-05,2026-09-02,2638
sz002011,盾安环境,2015-01-05,2026-09-02,2656
sz002007,华兰生物,2015-01-05,2026-09-02,2833
sz002013,中航机电,2015-01-05,2023-02-07,1895
sz002012,凯恩股份,2015-01-05,2026-09-02,2499
sz002016,世荣兆业,2015-01-05,2026-09-02,2817
sz002017,东信和平,2015-01-05,2026-09-02,2822
sz002015,协鑫能科,2016-01-11,2026-09-02,2466
sz002018,华信退,2015-03-06,2019-10-31,890
sz002010,传化智联,2015-06-23,2026-09-02,2699
sz002014,永新股份,2015-01-05,2026-09-02,2733
sz002019,亿帆医药,2015-01-05,2026-09-02,2809
sz002022,科华生物,2015-01-05,2026-09-02,2821
sz002020,京新药业,2015-01-05,2026-09-02,2735
sz002023,海特高新,2015-01-05,2026-09-02,2828
sz002024,ST易购,2015-01-05,2026-09-02,2809
sz002021,中捷资源,2015-06-23,2026-09-02,2663
sz002025,航天电器,2015-01-05,2026-09-02,2643
sz002029,七 匹 狼,2015-01-05,2026-09-02,2823
sz002028,思源电气,2015-01-05,2026-09-02,2836
sz002026,山东威达,2015-01-05,2026-09-02,2734
sz002031,巨轮智能,2015-01-05,2026-09-02,2783
sz002032,苏 泊 尔,2015-01-05,2026-09-02,2835
sz002027,分众传媒,2015-01-05,2026-09-02,2745
sz002033,丽江股份,2015-01-05,2026-09-02,2778
sz002030,达安基因,2015-01-05,2026-09-02,2781
sz002035,华帝股份,2015-01-05,2026-09-02,2817
sz002034,旺能环境,2015-01-05,2026-09-02,2702
sz002038,双鹭药业,2015-01-05,2026-09-02,2833
sz002037,保利联合,2015-01-05,2026-09-02,2696
sz002036,联创电子,2015-01-05,2026-09-02,2724
sz002039,黔源电力,2015-01-05,2026-09-02,2836
sz002045,国光电器,2015-01-05,2026-09-02,2787
sz002042,华孚时尚,2015-01-05,2026-09-02,2831
sz002040,南 京 港,2015-01-05,2026-09-02,2698
sz002043,兔 宝 宝,2015-01-05,2026-09-01,2737
sz002046,国机精工,2015-01-05,2026-09-02,2757
sz002047,宝鹰股份,2015-01-05,2026-09-02,2679
sz002044,美年健康,2015-03-26,2026-09-02,2595
sz002041,登海种业,2015-01-05,2026-09-02,2836
sz002048,宁波华翔,2015-01-05,2026-09-02,2727
sz002050,三花智控,2015-01-27,2026-09-02,2770
sz002049,紫光国微,2015-01-05,2026-09-02,2615
sz002053,云南能投,2015-01-05,2026-09-02,2583
sz002052,同洲电子,2015-01-05,2026-09-02,2571
sz002055,ST得润,2015-01-05,2026-09-02,2754
sz002051,中工国际,2015-01-05,2026-09-02,2717
sz002054,德美化工,2015-01-05,2026-09-02,2832
sz002056,横店东磁,2015-01-05,2026-09-02,2829
sz002058,紫竹高科,2015-01-05,2026-09-02,2803
sz002061,浙江交科,2015-01-05,2026-09-02,2607
sz002059,云南旅游,2015-01-05,2026-09-02,2589
sz002060,广东建工,2015-01-05,2026-09-02,2822
sz002057,中钢天源,2015-01-05,2026-09-02,2597
sz002064,华峰化学,2015-01-05,2026-09-02,2821
sz002062,宏润建设,2015-01-05,2026-09-02,2814
sz002063,远光软件,2015-01-05,2026-09-02,2822
sz002070,众和退,2015-03-11,2019-07-08,501
sz002066,瑞泰科技,2015-01-05,2026-09-02,2825
sz002069,獐子岛,2015-01-05,2026-09-02,2721
sz002067,景兴纸业,2015-01-05,2026-09-02,2831
sz002071,长城退,2015-02-16,2021-05-06,1255
sz002065,东华软件,2015-01-05,2026-09-02,2687
sz002072,凯瑞德,2015-02-10,2026-09-02,2449
sz002075,沙钢股份,2015-01-05,2026-09-02,2150
sz002076,星光股份,2015-01-05,2026-09-02,2582
sz002078,太阳纸业,2015-01-05,2026-09-02,2816
sz002077,大港股份,2015-01-05,2026-09-02,2754
sz002079,苏州固锝,2015-01-05,2026-09-02,2782
sz002068,黑猫股份,2015-01-09,2026-09-02,2826
sz002073,软控股份,2015-01-05,2026-09-02,2821
sz002074,国轩高科,2015-01-05,2026-09-02,2797
sz002081,金 螳 螂,2015-01-05,2026-09-02,2808
sz002080,中材科技,2015-01-05,2026-09-02,2712
sz002084,海鸥住工,2015-01-05,2026-09-02,2809
sz002086,东方海洋,2015-01-05,2026-09-02,2730
sz002085,万丰奥威,2015-01-05,2026-09-02,2757
sz002083,孚日股份,2015-01-05,2026-09-02,2836
sz002082,ST万邦,2015-01-05,2026-09-02,2457
sz002089,新海退,2015-01-05,2024-04-17,1994
sz002088,鲁阳节能,2015-01-05,2026-09-02,2823
sz002087,新纺退,2015-01-05,2024-06-27,2268
sz002090,金智科技,2015-01-05,2026-09-02,2764
sz002094,青岛金王,2015-01-05,2026-09-02,2679
sz002091,江苏国泰,2015-01-05,2026-09-02,2689
sz002092,中泰化学,2015-01-05,2026-09-02,2735
sz002093,国脉科技,2015-01-05,2026-09-02,2808
sz002095,生 意 宝,2015-01-05,2026-09-02,2836
sz002097,山河智能,2015-01-05,2026-09-02,2738
sz002098,浔兴股份,2015-01-19,2026-09-02,2523
sz002096,易普力,2015-01-05,2026-09-02,2825
sz002100,天康生物,2015-01-05,2026-09-02,2821
sz002099,海翔药业,2015-01-05,2026-09-02,2790
sz002101,广东鸿图,2015-01-05,2026-09-02,2727
sz002102,ST能特,2015-01-05,2026-09-02,2597
sz002105,信隆健康,2015-01-05,2026-09-02,2836
sz002106,莱宝高科,2015-01-05,2026-09-02,2684
sz002104,恒宝股份,2015-01-05,2026-09-02,2801
sz002103,广博股份,2015-01-05,2026-09-02,2591
sz002109,ST兴化,2015-01-05,2026-09-02,2656
sz002113,*ST天润,2015-01-05,2023-06-12,1716
sz002107,沃华医药,2015-01-05,2026-09-02,2818
sz002108,沧州明珠,2015-01-05,2026-09-02,2835
sz002110,三钢闽光,2015-01-05,2026-09-02,2558
sz002111,威海广泰,2015-01-05,2026-09-02,2784
sz002112,三变科技,2015-01-05,2026-09-02,2560
sz002114,罗平锌电,2015-01-05,2026-09-02,2766
sz002115,三维通信,2015-01-05,2026-09-02,2668
sz002116,中国海诚,2015-01-05,2026-09-02,2772
sz002120,韵达股份,2015-01-05,2026-09-02,2787
sz002117,东港股份,2015-01-05,2026-09-02,2826
sz002121,科陆电子,2015-01-05,2026-09-02,2668
sz002123,梦网科技,2015-03-26,2026-09-02,2710
sz002122,ST汇洲,2015-01-05,2026-09-02,2647
sz002119,康强电子,2015-01-05,2026-09-02,2750
sz002126,银轮股份,2015-01-05,2026-09-02,2804
sz002130,沃尔核材,2015-01-05,2026-09-02,2786
sz002124,天邦食品,2015-01-05,2026-09-02,2808
sz002125,湘潭电化,2015-01-05,2026-09-02,2801
sz002132,恒星科技,2015-01-05,2026-09-02,2739
sz002128,电投能源,2015-01-05,2026-09-02,2710
sz002127,南极电商,2015-01-05,2026-09-02,2624
sz002131,利欧股份,2015-01-05,2026-09-02,2687
sz002133,广宇集团,2015-01-05,2026-09-02,2833
sz002134,天津普林,2015-01-05,2026-09-02,2697
sz002118,*ST紫鑫,2015-01-05,2023-06-15,2012
sz002129,TCL中环,2015-01-05,2026-09-02,2400
sz002139,拓邦股份,2015-01-05,2026-09-02,2810
sz002135,东南网架,2015-01-06,2026-09-02,2822
sz002137,实益达,2015-01-14,2026-09-02,2666
sz002142,宁波银行,2015-01-05,2026-09-02,2829
sz002138,顺络电子,2015-01-05,2026-09-02,2833
sz002143,印纪退,2015-01-05,2019-11-28,919
sz002136,安 纳 达,2015-01-05,2026-09-02,2826
sz002140,东华科技,2015-01-05,2026-09-02,2821
sz002144,宏达高科,2015-01-05,2026-09-02,2836
sz002141,贤丰控股,2015-01-05,2026-09-02,2710
sz002147,新光退,2015-01-05,2022-06-22,1449
sz002145,钛能化学,2015-01-05,2026-09-02,2781
sz002150,正泰电源,2015-01-05,2026-09-02,2761
sz002148,北纬科技,2015-01-05,2026-09-02,2832
sz002152,广电运通,2015-03-11,2026-09-02,2785
sz002154,报 喜 鸟,2015-01-05,2026-09-01,2833
sz002146,荣盛发展,2015-01-05,2026-09-02,2803
sz002155,湖南黄金,2015-01-05,2026-09-02,2819
sz002149,西部材料,2015-01-05,2026-09-02,2813
sz002153,石基信息,2015-01-05,2026-09-02,2823
sz002151,北斗星通,2015-01-05,2026-09-02,2735
sz002157,正邦科技,2015-03-16,2026-09-02,2762
sz002159,三特索道,2015-01-05,2026-09-02,2683
sz002156,通富微电,2015-01-05,2026-09-02,2742
sz002160,常铝股份,2015-01-05,2026-09-02,2674
sz002163,海南发展,2015-01-05,2026-09-02,2716
sz002165,红 宝 丽,2015-01-05,2026-09-02,2751
sz002161,远 望 谷,2015-01-05,2026-09-02,2689
sz002158,汉钟精机,2015-01-05,2026-09-02,2828
sz002162,悦心健康,2015-01-05,2026-09-02,2699
sz002168,ST惠程,2015-01-28,2026-09-02,2450
sz002166,莱茵生物,2015-01-05,2026-09-02,2738
sz002167,东方锆业,2015-01-05,2026-09-02,2827
sz002164,宁波东力,2015-01-05,2026-09-02,2680
sz002169,智光电气,2015-01-05,2026-09-02,2761
sz002171,楚江新材,2015-05-11,2026-09-02,2680
sz002170,芭田股份,2015-01-05,2026-09-02,2783
sz002172,澳洋健康,2015-02-17,2026-09-02,2781
sz002173,创新医疗,2015-07-15,2026-09-02,2699
sz002174,游族网络,2015-01-05,2026-09-02,2639
sz002176,江特电机,2015-01-05,2026-09-02,2705
sz002175,*ST东智,2015-01-05,2026-09-02,2566
sz002178,延华智能,2015-01-16,2026-09-02,2791
sz002180,奔图科技,2015-05-18,2026-09-02,2625
sz002179,中航光电,2015-01-05,2026-09-02,2836
sz002177,御银股份,2015-01-05,2026-09-02,2806
sz002185,华天科技,2015-01-05,2026-09-02,2812
sz002187,广百股份,2015-01-05,2026-09-02,2830
sz002184,海得控制,2015-01-26,2026-09-02,2807
sz002182,宝武镁业,2015-01-05,2026-09-02,2830
sz002186,全 聚 德,2015-01-05,2026-09-02,2831
sz002189,中光学,2015-01-05,2026-09-02,2712
sz002181,粤 传 媒,2015-01-05,2026-09-02,2825
sz002183,怡 亚 通,2015-01-05,2026-09-02,2708
sz002192,融捷股份,2015-01-05,2026-09-02,2822
sz002191,劲嘉股份,2015-01-05,2026-09-02,2709
sz002194,武汉凡谷,2015-01-05,2026-09-02,2789
sz002190,成飞集成,2015-01-05,2026-09-02,2778
sz002193,ST如意,2015-01-05,2026-09-02,2743
sz002196,方正电机,2015-01-05,2026-09-02,2754
sz002195,岩山科技,2015-01-05,2026-09-02,2821
sz002197,证通电子,2015-01-05,2026-09-02,2799
sz002198,ST嘉应,2015-01-05,2026-09-02,2747
sz002188,中天服务,2015-05-25,2026-09-02,2700
sz002202,金风科技,2015-01-05,2026-09-02,2830
sz002201,九鼎新材,2015-01-05,2026-09-02,2695
sz002199,东晶电子,2015-01-05,2026-09-02,2609
sz002206,海 利 得,2015-01-05,2026-09-02,2815
sz002200,交投生态,2015-01-05,2026-09-02,2797
sz002207,*ST准油,2015-01-07,2026-09-02,2552
sz002205,国统股份,2015-01-05,2026-09-02,2819
sz002203,海亮股份,2015-01-05,2026-09-02,2673
sz002204,大连重工,2015-01-05,2026-09-02,2836
sz002209,达 意 隆,2015-01-05,2026-09-02,2670
sz002210,飞马国际,2015-01-05,2026-09-02,2600
sz002211,ST宏达,2015-09-01,2026-09-02,2579
sz002212,天融信,2015-01-05,2026-09-02,2592
sz002208,合肥城建,2015-01-05,2026-09-02,2806
sz002213,大为股份,2015-01-05,2026-09-02,2771
sz002215,诺 普 信,2015-01-05,2026-09-02,2822
sz002217,ST合力泰,2015-02-13,2026-09-02,2717
sz002218,拓日新能,2015-01-05,2026-09-02,2832
sz002214,大立科技,2015-01-05,2026-09-02,2770
sz002220,天宝退,2015-01-05,2020-08-10,1315
sz002222,福晶科技,2015-01-05,2026-09-02,2836
sz002221,东华能源,2015-01-05,2026-09-02,2802
sz002219,新里程,2015-01-05,2026-09-02,2408
sz002223,鱼跃医疗,2015-01-05,2026-09-02,2819
sz002227,*ST特迅,2015-01-05,2026-09-02,2810
sz002216,三全食品,2015-01-05,2026-09-02,2823
sz002224,三 力 士,2015-01-05,2026-09-02,2737
sz002228,合兴包装,2015-01-05,2026-09-02,2702
sz002226,江南化工,2015-01-05,2026-09-02,2526
sz002225,濮耐股份,2015-01-05,2026-09-02,2806
sz002230,科大讯飞,2015-01-05,2026-09-01,2774
sz002229,鸿博股份,2015-01-05,2026-09-02,2823
sz002235,安妮股份,2015-02-16,2026-09-02,2665
sz002231,*ST奥维,2015-01-05,2026-01-29,2566
sz002232,启明信息,2015-01-05,2026-09-02,2836
sz002233,塔牌集团,2015-01-05,2026-09-01,2794
sz002234,民和股份,2015-01-05,2026-09-02,2831
sz002236,大华股份,2015-01-05,2026-09-02,2831
sz002240,盛新锂能,2015-01-05,2026-09-02,2713
sz002239,奥特佳,2015-01-05,2026-09-02,2491
sz002238,天威视讯,2015-01-05,2026-09-02,2735
sz002237,恒邦股份,2015-01-05,2026-09-02,2820
sz002241,歌尔股份,2015-01-05,2026-09-02,2824
sz002244,滨江集团,2015-01-05,2026-09-02,2826
sz002247,聚力文化,2015-01-05,2026-09-02,2725
sz002248,华东数控,2015-01-05,2026-09-02,2602
sz002243,力合科创,2015-01-05,2026-09-02,2825
sz002245,蔚蓝锂芯,2015-01-05,2026-09-02,2805
sz002246,北化股份,2015-01-05,2026-09-02,2660
sz002242,九阳股份,2015-01-05,2026-09-02,2810
sz002249,大洋电机,2015-01-05,2026-09-02,2736
sz002253,川大智胜,2015-01-05,2026-09-02,2817
sz002260,德奥退,2015-01-05,2022-06-16,708
sz002254,泰和新材,2015-01-05,2026-09-02,2790
sz002250,联化科技,2015-01-05,2026-09-02,2832
sz002252,上海莱士,2015-01-05,2026-09-02,2521
sz002256,兆新股份,2015-03-02,2026-09-02,2568
sz002258,利尔化学,2015-01-05,2026-09-02,2830
sz002259,升达林业,2015-01-05,2026-09-02,2610
sz002255,海陆重工,2015-01-05,2026-09-02,2642
sz002264,新 华 都,2015-01-05,2026-09-02,2639
sz002266,浙富控股,2015-01-05,2026-09-02,2733
sz002263,大东南,2015-01-05,2026-09-02,2447
sz002265,建设工业,2015-01-05,2026-09-02,2731
sz002262,恩华药业,2015-01-05,2026-09-02,2836
sz002267,陕天然气,2015-01-05,2026-09-01,2832
sz002269,美邦服饰,2015-01-05,2026-09-02,2791
sz002261,拓维信息,2015-01-05,2026-09-02,2747
sz002268,电科网安,2015-01-05,2026-09-02,2775
sz002271,东方雨虹,2015-01-05,2026-09-02,2836
sz002270,华明装备,2015-03-10,2026-09-02,2698
sz002274,华昌化工,2015-01-05,2026-09-02,2810
sz002273,水晶光电,2015-01-05,2026-09-02,2836
sz002272,川润股份,2015-01-05,2026-09-02,2667
sz002278,神开股份,2015-01-05,2026-09-02,2629
sz002275,桂林三金,2015-01-05,2026-09-02,2834
sz002277,友阿股份,2015-01-05,2026-09-02,2816
sz002276,万马股份,2015-01-05,2026-09-02,2798
sz002280,ST联络,2015-01-05,2024-06-26,2107
sz002283,天润工业,2015-01-05,2026-09-02,2698
sz002279,久其软件,2015-01-05,2026-09-02,2783
sz002281,光迅科技,2015-01-05,2026-09-02,2833
sz002282,博深股份,2015-01-05,2026-09-02,2680
sz002286,保龄宝,2015-01-05,2026-09-02,2685
sz002287,奇正藏药,2015-01-05,2026-09-02,2831
sz002285,世联行,2015-01-05,2026-09-02,2813
sz002284,亚太股份,2015-01-05,2026-09-02,2821
sz002251,步步高,2015-01-05,2026-09-02,2791
sz002288,*ST超华,2015-01-05,2024-06-26,2149
sz002291,遥望科技,2015-01-05,2026-09-02,2713
sz002292,奥飞娱乐,2015-01-05,2026-09-02,2758
sz002289,宇顺电子,2015-01-05,2026-09-02,2459
sz002290,禾盛新材,2015-01-05,2026-09-02,2779
sz002295,精艺股份,2015-01-05,2026-09-02,2783
sz002296,辉煌科技,2015-01-05,2026-09-02,2793
sz002293,罗莱生活,2015-01-05,2026-09-02,2816
sz002299,圣农发展,2015-01-05,2026-09-02,2777
sz002300,太阳电缆,2015-01-05,2026-09-02,2834
sz002302,西部建设,2015-01-05,2026-09-02,2804
sz002298,中电鑫龙,2015-04-10,2026-09-02,2758
sz002303,美盈森,2015-01-05,2026-09-02,2750
sz002297,博云新材,2015-01-05,2026-09-02,2612
sz002294,信立泰,2015-01-05,2026-09-02,2836
sz002304,洋河股份,2015-01-05,2026-09-01,2835
sz002301,齐心集团,2015-01-05,2026-09-02,2583
sz002308,*ST威创,2015-02-04,2024-08-22,2199
sz002305,*ST南置,2015-01-05,2026-09-02,2807
sz002307,北新路桥,2015-01-05,2026-09-02,2825
sz002306,ST云网,2015-01-05,2026-09-02,2556
sz002309,中利集团,2015-01-05,2026-09-02,2610
sz002313,日海智能,2015-01-05,2026-09-02,2703
sz002311,海大集团,2015-01-05,2026-09-02,2836
sz002314,南山控股,2015-01-05,2026-09-02,2711
sz002310,东方新能,2015-01-05,2026-09-02,2624
sz002316,亚联发展,2015-01-06,2026-09-02,2435
sz002312,川发龙蟒,2015-03-06,2026-09-02,2505
sz002318,久立特材,2015-01-05,2026-09-02,2812
sz002323,*ST雅博,2015-01-21,2026-09-02,2448
sz002317,众生药业,2015-01-05,2026-09-02,2775
sz002315,焦点科技,2015-01-05,2026-09-02,2836
sz002322,理工能科,2015-01-05,2026-09-02,2817
sz002319,乐通股份,2015-01-05,2026-09-02,2638
sz002320,海峡股份,2015-01-05,2026-09-02,2685
sz002321,华英农业,2015-01-05,2026-09-02,2782
sz002325,*ST洪涛,2015-01-05,2024-06-28,2216
sz002324,普利特,2015-01-14,2026-09-02,2813
sz002326,永太科技,2015-01-05,2026-09-02,2727
sz002327,富安娜,2015-01-05,2026-09-02,2832
sz002329,皇氏集团,2015-01-30,2026-09-02,2766
sz002328,新朋股份,2015-01-05,2026-09-02,2832
sz002331,皖通科技,2015-03-25,2026-09-02,2614
sz002333,罗普斯金,2015-01-05,2026-09-02,2817
sz002335,科华数据,2015-01-30,2026-09-02,2748
sz002334,英威腾,2015-01-05,2026-09-02,2815
sz002332,仙琚制药,2015-01-05,2026-09-02,2835
sz002330,得利斯,2015-01-05,2026-09-02,2788
sz002337,赛象科技,2015-01-05,2026-09-02,2836
sz002336,人乐退,2015-01-05,2025-07-03,2455
sz002339,积成电子,2015-01-05,2026-09-02,2787
sz002341,ST新纶,2015-01-05,2024-07-02,2196
sz002342,巨力索具,2015-01-05,2026-09-02,2814
sz002344,海宁皮城,2015-01-05,2026-09-02,2745
sz002338,奥普光电,2015-01-05,2026-09-02,2785
sz002340,格林美,2015-01-05,2026-09-02,2810
sz002343,慈文传媒,2015-01-05,2026-09-02,2739
sz002349,精华制药,2015-01-05,2026-09-02,2635
sz002347,泰尔股份,2015-01-05,2026-09-02,2684
sz002345,潮宏基,2015-01-05,2026-09-02,2640
sz002348,高乐股份,2015-01-05,2026-09-02,2694
sz002353,杰瑞股份,2015-01-05,2026-09-02,2732
sz002346,柘中股份,2015-01-05,2026-09-02,2717
sz002351,漫步者,2015-01-16,2026-09-02,2827
sz002350,北京科锐,2015-01-05,2026-09-02,2799
sz002354,天娱数科,2015-03-24,2026-09-02,2634
sz002356,鹏飞绿能,2015-01-05,2026-09-02,2678
sz002358,森源电气,2015-01-05,2026-09-02,2659
sz002355,兴民智通,2015-01-05,2026-09-02,2716
sz002357,富临运业,2015-01-05,2026-09-02,2646
sz002361,神剑股份,2015-05-12,2026-09-02,2742
sz002364,中恒电气,2015-01-05,2026-09-02,2811
sz002359,北讯退,2015-07-03,2021-07-22,1165
sz002367,康力电梯,2015-01-05,2026-09-02,2772
sz002365,永安药业,2015-01-05,2026-09-02,2836
sz002362,汉王科技,2015-01-05,2026-09-02,2836
sz002370,亚太药业,2015-01-05,2026-09-02,2705
sz002366,融发核电,2015-01-05,2026-09-02,2697
sz002368,太极股份,2015-01-05,2026-09-02,2661
sz002363,隆基机械,2015-01-05,2026-09-02,2822
sz002371,北方华创,2015-01-05,2026-09-01,2764
sz002369,卓翼科技,2015-01-05,2026-09-02,2601
sz002372,伟星新材,2015-01-05,2026-09-02,2836
sz002373,千方科技,2015-01-05,2026-09-02,2667
sz002376,新北洋,2015-01-05,2026-09-02,2783
sz002378,章源钨业,2015-01-05,2026-09-02,2816
sz002380,科远智慧,2015-01-05,2026-09-02,2823
sz002352,顺丰控股,2015-01-05,2026-09-02,2788
sz002375,亚厦股份,2015-01-05,2026-09-02,2814
sz002374,中锐股份,2015-01-05,2026-09-02,2808
sz002377,国创高新,2015-01-05,2026-09-02,2668
sz002381,双箭股份,2015-01-05,2026-09-02,2821
sz002360,ST同德,2015-01-05,2026-09-02,2790
sz002379,宏桥控股,2015-01-05,2026-09-02,2486
sz002382,蓝帆医疗,2015-01-05,2026-09-02,2714
sz002383,合众思壮,2015-01-05,2026-09-02,2668
sz002384,东山精密,2015-01-05,2026-09-02,2635
sz002386,天原股份,2015-01-07,2026-09-02,2804
sz002387,维信诺,2015-01-05,2026-09-02,2692
sz002388,新亚制程,2015-01-05,2026-09-02,2749
sz002391,长青股份,2015-01-05,2026-09-02,2836
sz002390,信邦制药,2015-01-05,2026-09-02,2766
sz002385,大北农,2015-01-05,2026-09-02,2811
sz002396,星网锐捷,2015-02-09,2026-09-02,2698
sz002393,力生制药,2015-01-05,2026-09-02,2836
sz002395,双象股份,2015-01-05,2026-09-02,2799
sz002394,联发股份,2015-01-05,2026-09-02,2836
sz002389,航天彩虹,2015-01-05,2026-09-02,2631
sz002397,梦洁股份,2015-01-05,2026-09-02,2830
sz002398,垒知集团,2015-01-05,2026-09-02,2715
sz002392,北京利尔,2015-01-05,2026-09-02,2773
sz002400,省广集团,2015-01-05,2026-09-02,2667
sz002399,海普瑞,2015-01-05,2026-09-02,2669
sz002401,中远海科,2015-01-05,2026-09-02,2753
sz002402,和而泰,2015-01-05,2026-09-02,2818
sz002403,爱仕达,2015-01-05,2026-09-02,2803
sz002406,远东传动,2015-01-05,2026-09-02,2831
sz002408,齐翔腾达,2015-01-05,2026-09-02,2659
sz002407,多氟多,2015-01-05,2026-09-02,2806
sz002409,雅克科技,2015-01-05,2026-09-02,2538
sz002404,嘉欣丝绸,2015-01-05,2026-09-02,2795
sz002410,广联达,2015-01-05,2026-09-02,2799
sz002415,海康威视,2015-01-05,2026-09-01,2790
sz002411,必康退,2015-04-21,2023-07-11,1777
sz002405,四维图新,2015-01-05,2026-09-02,2759
sz002417,深南退,2015-01-05,2023-07-07,1811
sz002412,汉森制药,2015-01-05,2026-09-02,2730
sz002416,爱施德,2015-01-05,2026-09-01,2773
sz002414,高德红外,2015-01-05,2026-09-02,2751
sz002413,雷科防务,2015-01-05,2026-09-02,2663
sz002423,中粮资本,2015-01-05,2026-09-02,2685
sz002420,毅昌科技,2015-01-05,2026-09-02,2829
sz002419,天虹股份,2015-01-05,2026-09-02,2836
sz002421,达实智能,2015-01-05,2026-09-02,2744
sz002418,康盛股份,2015-01-05,2026-09-02,2645
sz002424,ST百灵,2015-01-05,2026-09-02,2833
sz002427,尤夫股份,2015-01-05,2026-09-02,2641
sz002425,凯撒文化,2015-01-08,2026-09-02,2701
sz002428,云南锗业,2015-01-05,2026-09-02,2828
sz002426,胜利精密,2015-01-05,2026-09-02,2575
sz002429,兆驰股份,2015-01-05,2026-09-02,2753
sz002430,杭氧股份,2015-01-05,2026-09-02,2822
sz002422,科伦药业,2015-01-05,2026-09-02,2832
sz002435,ST长康,2015-01-05,2024-07-01,2149
sz002434,万里扬,2015-01-05,2026-09-02,2701
sz002433,太安退,2015-01-05,2024-07-04,2235
sz002431,ST棕榈,2015-01-05,2026-09-02,2687
sz002436,兴森科技,2015-01-05,2026-09-02,2698
sz002432,九安医疗,2015-01-05,2026-09-02,2815
sz002439,启明星辰,2015-03-12,2026-09-02,2712
sz002440,闰土股份,2015-01-05,2026-09-02,2779
sz002442,龙星科技,2015-05-08,2026-09-02,2568
sz002437,誉衡药业,2015-01-26,2026-09-02,2679
sz002438,江苏神通,2015-01-05,2026-09-02,2725
sz002444,巨星科技,2015-01-05,2026-09-02,2831
sz002443,金洲管道,2015-01-05,2026-09-02,2672
sz002441,众业达,2015-01-05,2026-09-02,2791
sz002447,晨鑫退,2015-01-05,2022-06-24,1500
sz002445,中南文化,2015-01-05,2026-09-02,2569
sz002446,盛路通信,2015-01-05,2026-09-02,2765
sz002448,中原内配,2015-01-05,2026-09-02,2832
sz002449,国星光电,2015-01-05,2026-09-02,2832
sz002457,青龙管业,2015-01-05,2026-09-02,2836
sz002453,华软科技,2015-02-03,2026-09-02,2631
sz002454,松芝股份,2015-01-05,2026-09-02,2816
sz002451,摩恩电气,2015-01-05,2026-09-02,2747
sz002450,康得退,2015-01-05,2021-05-28,899
sz002452,长高电气,2015-01-05,2026-09-02,2701
sz002455,百川股份,2015-01-05,2026-09-02,2796
sz002458,益生股份,2015-01-05,2026-09-02,2760
sz002456,欧菲光,2015-01-05,2026-09-02,2803
sz002459,晶澳科技,2015-01-05,2026-09-02,2763
sz002460,赣锋锂业,2015-01-05,2026-09-02,2819
sz002463,沪电股份,2015-01-05,2026-09-02,2836
sz002464,众应退,2015-01-19,2022-06-27,1289
sz002465,海格通信,2015-01-05,2026-09-02,2708
sz002462,嘉事堂,2015-01-05,2026-09-02,2748
sz002461,珠江啤酒,2015-01-05,2026-09-02,2800
sz002469,三维化学,2015-01-05,2026-09-02,2747
sz002466,天齐锂业,2015-01-05,2026-09-02,2793
sz002471,中超控股,2015-01-05,2026-09-02,2741
sz002473,圣莱退,2015-01-05,2022-06-21,1444
sz002470,金正大,2015-01-05,2026-09-02,2733
sz002472,双环传动,2015-01-05,2026-09-02,2827
sz002475,立讯精密,2015-01-05,2026-09-01,2818
sz002467,二六三,2015-01-05,2026-09-02,2812
sz002468,申通快递,2015-01-05,2026-09-02,2743
sz002474,榕基软件,2015-01-05,2026-09-02,2776
sz002477,雏鹰退,2015-01-05,2019-10-15,1020
sz002476,新叶股份,2015-01-05,2026-09-02,2719
sz002480,新筑股份,2015-01-05,2026-09-02,2794
sz002479,富春环保,2015-01-05,2026-09-02,2813
sz002478,常宝股份,2015-01-05,2026-09-02,2754
sz002482,广田集团,2015-01-06,2026-09-02,2807
sz002481,双塔食品,2015-01-05,2026-09-02,2711
sz002484,江海股份,2015-01-05,2026-09-02,2836
sz002485,ST雪发,2015-01-05,2026-09-02,2518
sz002488,金固股份,2015-01-05,2026-09-02,2809
sz002486,嘉麟杰,2015-01-05,2026-09-02,2658
sz002487,大金重工,2015-01-05,2026-09-02,2816
sz002489,浙江永强,2015-01-05,2026-09-02,2803
sz002490,山东墨龙,2015-01-05,2026-09-02,2832
sz002492,恒基达鑫,2015-01-05,2026-09-02,2558
sz002491,通鼎互联,2015-01-05,2026-09-02,2642
sz002497,雅化集团,2015-01-05,2026-09-02,2836
sz002495,佳隆股份,2015-01-05,2026-09-02,2828
sz002483,润邦股份,2015-01-05,2026-09-02,2710
sz002494,华斯股份,2015-01-05,2026-09-02,2797
sz002496,辉丰股份,2015-01-05,2026-09-02,2815
sz002498,汉缆股份,2015-01-05,2026-09-02,2802
sz002502,ST鼎龙,2015-01-05,2024-07-16,2017
sz002493,荣盛石化,2015-01-05,2026-09-02,2832
sz002500,山西证券,2015-01-05,2026-09-02,2825
sz002505,鹏都农牧,2015-01-05,2024-07-02,2105
sz002503,*ST搜特,2015-01-05,2023-05-22,1997
sz002504,*ST弘高,2015-01-05,2023-06-12,1845
sz002499,科林退,2015-01-05,2023-04-17,1819
sz002501,*ST利源,2015-01-05,2026-09-02,2818
sz002509,天茂退,2015-04-15,2020-07-17,1008
sz002508,老板电器,2015-01-05,2026-09-02,2832
sz002510,天汽模,2015-01-05,2026-09-02,2749
sz002514,*ST宝馨,2015-01-05,2026-09-02,2700
sz002507,涪陵榨菜,2015-03-23,2026-09-02,2652
sz002512,ST达华,2015-06-08,2026-09-02,2470
sz002513,蓝丰生化,2015-01-05,2026-09-02,2630
sz002515,金字火腿,2015-01-05,2026-09-02,2596
sz002511,中顺洁柔,2015-01-05,2026-09-02,2806
sz002506,协鑫集成,2015-08-12,2026-09-02,2668
sz002519,银河电子,2015-01-05,2026-09-02,2784
sz002516,旷达科技,2015-01-05,2026-09-02,2815
sz002517,恺英网络,2015-04-17,2026-09-02,2724
sz002522,浙江众成,2015-01-05,2026-09-02,2810
sz002521,齐峰新材,2015-01-05,2026-09-02,2831
sz002523,天桥起重,2015-01-05,2026-09-02,2772
sz002518,科士达,2015-01-05,2026-09-02,2811
sz002520,日发精机,2015-01-05,2026-09-02,2679
sz002526,山东矿机,2015-01-05,2026-09-02,2635
sz002528,*ST英飞,2015-02-13,2026-09-02,2775
sz002527,新时达,2015-01-05,2026-09-02,2757
sz002529,海源复材,2015-02-03,2026-09-02,2771
sz002533,金杯电工,2015-01-05,2026-09-02,2815
sz002534,西子洁能,2015-01-05,2026-09-02,2836
sz002531,天顺风能,2015-01-26,2026-09-02,2807
sz002530,金财互联,2015-01-05,2026-09-02,2669
sz002532,天山铝业,2015-01-05,2026-09-02,2727
sz002537,海联金汇,2015-01-05,2026-09-02,2702
sz002538,ST司特,2015-01-05,2026-09-02,2788
sz002535,林州重机,2015-01-05,2026-09-02,2732
sz002536,飞龙股份,2015-01-05,2026-09-02,2830
sz002540,亚太科技,2015-01-05,2026-09-01,2825
sz002539,云图控股,2015-01-05,2026-09-02,2831
sz002543,万和电气,2015-01-05,2026-09-02,2803
sz002541,鸿路钢构,2015-01-05,2026-09-02,2831
sz002542,*ST中岩,2015-01-05,2026-09-02,2714
sz002548,金新农,2015-01-05,2026-09-02,2749
sz002547,*ST春兴,2015-01-05,2026-09-02,2639
sz002544,普天科技,2015-01-05,2026-09-02,2682
sz002546,新联电子,2015-01-05,2026-09-02,2816
sz002552,宝鼎科技,2015-01-07,2026-09-02,2755
sz002549,凯美特气,2015-01-05,2026-09-02,2730
sz002550,千红制药,2015-01-05,2026-09-02,2833
sz002545,东方铁塔,2015-01-05,2026-09-02,2606
sz002553,南方精工,2015-01-06,2026-09-02,2712
sz002551,尚荣医疗,2015-01-05,2026-09-02,2814
sz002554,惠博普,2015-01-05,2026-09-02,2788
sz002556,辉隆股份,2015-01-05,2026-09-02,2817
sz002558,巨人网络,2015-11-11,2026-09-02,2514
sz002560,通达股份,2015-01-05,2026-09-02,2771
sz002559,亚威股份,2015-01-05,2026-09-02,2825
sz002524,光正眼科,2015-01-05,2026-09-02,2681
sz002555,三七互娱,2015-01-05,2026-09-02,2638
sz002557,洽洽食品,2015-01-05,2026-09-02,2796
sz002561,徐家汇,2015-01-05,2026-09-02,2836
sz002565,顺灏股份,2015-01-05,2026-09-02,2793
sz002562,兄弟科技,2015-01-05,2026-09-02,2814
sz002567,唐人神,2015-01-05,2026-09-02,2633
sz002569,*ST步森,2015-01-05,2026-09-02,2378
sz002568,百润股份,2015-01-05,2026-09-02,2804
sz002566,益盛药业,2015-01-05,2026-09-02,2830
sz002564,天沃科技,2015-01-05,2026-09-02,2725
sz002570,贝因美,2015-01-05,2026-09-02,2786
sz002563,森马服饰,2015-01-05,2026-09-01,2834
sz002572,索菲亚,2015-01-05,2026-09-01,2810
sz002571,德力股份,2015-01-05,2026-09-02,2522
sz002573,清新环境,2015-01-05,2026-09-02,2654
sz002576,通达动力,2015-01-05,2026-09-02,2470
sz002575,群兴玩具,2015-01-05,2026-09-02,2487
sz002578,闽发铝业,2015-01-05,2026-09-02,2667
sz002577,雷柏科技,2015-01-09,2026-09-02,2727
sz002580,圣阳股份,2015-01-05,2026-09-02,2682
sz002579,中京电子,2015-01-05,2026-09-02,2697
sz002581,*ST未名,2015-01-05,2026-09-02,2814
sz002574,明牌珠宝,2015-01-05,2026-09-02,2654
sz002588,史丹利,2015-01-05,2026-09-02,2832
sz002584,西陇科学,2015-01-05,2026-09-02,2632
sz002582,好想你,2015-01-05,2026-09-02,2703
sz002585,双星新材,2015-01-05,2026-09-02,2831
sz002583,海能达,2015-01-05,2026-09-02,2796
sz002587,奥拓电子,2015-01-05,2026-09-02,2718
sz002589,瑞康医药,2015-01-05,2026-09-02,2740
sz002586,围海股份,2015-01-05,2026-09-02,2632
sz002592,ST八菱,2015-02-02,2026-09-02,2688
sz002593,日上集团,2015-01-05,2026-09-02,2826
sz002590,万安科技,2015-01-05,2026-09-02,2808
sz002594,比亚迪,2015-01-05,2026-09-01,2825
sz002597,金禾实业,2015-01-05,2026-09-02,2829
sz002595,豪迈科技,2015-01-05,2026-09-02,2836
sz002596,海南瑞泽,2015-01-05,2026-09-02,2635
sz002598,ST章鼓,2015-01-05,2026-09-02,2759
sz002591,恒大高新,2015-01-05,2026-09-02,2679
sz002599,盛通股份,2015-01-05,2026-09-02,2743
sz002601,龙佰集团,2015-01-05,2026-09-01,2745
sz002604,龙力退,2015-01-05,2020-07-14,889
sz002602,世纪华通,2015-12-08,2026-09-02,2464
sz002603,以岭药业,2015-01-05,2026-09-02,2822
sz002600,领益智造,2015-01-05,2026-09-02,2672
sz002605,姚记科技,2015-01-05,2026-09-02,2683
sz002609,捷顺科技,2015-01-05,2026-09-02,2811
sz002606,大连电瓷,2015-01-05,2026-09-02,2622
sz002608,江苏国信,2015-01-05,2026-09-02,2500
sz002610,ST爱康,2015-01-05,2024-06-18,2077
sz002607,中公教育,2015-01-05,2026-09-02,2663
sz002613,北玻股份,2015-01-05,2026-09-02,2829
sz002612,朗姿股份,2015-01-05,2026-09-02,2683
sz002611,东方精工,2015-01-05,2026-09-02,2697
sz002619,*ST艾格,2015-01-05,2022-03-31,1412
sz002615,哈尔斯,2015-01-05,2026-09-02,2826
sz002616,长青集团,2015-01-05,2026-09-02,2788
sz002614,奥佳华,2015-01-05,2026-09-02,2802
sz002618,丹邦退,2015-01-05,2022-06-21,1792
sz002620,*ST瑞和,2015-01-05,2026-09-02,2784
sz002617,露笑科技,2015-04-29,2026-09-02,2508
sz002621,*ST美吉,2015-01-05,2024-06-13,2062
sz002622,皓宸医疗,2015-01-05,2026-09-02,2495
sz002629,仁智股份,2015-01-05,2026-09-02,2629
sz002627,三峡旅游,2015-01-05,2026-09-02,2805
sz002625,光启技术,2015-03-26,2026-09-02,2598
sz002626,金达威,2015-01-05,2026-09-02,2769
sz002628,成都路桥,2015-01-05,2026-09-02,2811
sz002623,亚玛顿,2015-01-05,2026-09-02,2817
sz002631,德尔未来,2015-01-05,2026-09-02,2677
sz002630,*ST华西,2015-01-05,2026-09-02,2606
sz002624,完美世界,2015-01-05,2026-09-02,2559
sz002632,道明光学,2015-01-05,2026-09-02,2712
sz002634,*ST棒杰,2015-01-05,2026-09-02,2820
sz002633,申科股份,2015-01-05,2026-09-02,2634
sz002635,安洁科技,2015-01-05,2026-09-02,2763
sz002636,金安国纪,2015-01-05,2026-09-02,2715
sz002637,赞宇科技,2015-01-05,2026-09-02,2773
sz002638,勤上股份,2015-01-05,2026-09-02,2501
sz002643,万润股份,2015-01-05,2026-09-02,2722
sz002642,荣联科技,2015-01-05,2026-09-02,2700
sz002641,公元股份,2015-01-05,2026-09-02,2836
sz002639,雪人集团,2015-01-05,2026-09-02,2725
sz002645,华宏科技,2015-06-09,2026-09-02,2711
sz002646,天佑德酒,2015-01-05,2026-09-02,2836
sz002644,佛慈制药,2015-01-05,2026-09-02,2824
sz002648,卫星化学,2015-01-05,2026-09-02,2816
sz002647,仁东控股,2015-01-23,2026-09-02,2428
sz002640,跨境通,2015-01-05,2026-09-02,2746
sz002649,博彦科技,2015-01-05,2026-09-02,2781
sz002651,利君股份,2015-01-05,2026-09-02,2794
sz002650,ST加加,2015-01-05,2026-09-02,2506
sz002654,万润科技,2015-01-05,2026-09-02,2550
sz002653,海思科,2015-01-05,2026-09-02,2831
sz002655,共达电声,2015-01-05,2026-09-02,2619
sz002656,摩登大道,2015-01-05,2026-09-02,2470
sz002658,雪迪龙,2015-01-05,2026-09-02,2827
sz002659,凯文教育,2015-05-13,2026-09-02,2667
sz002663,普邦股份,2015-03-17,2026-09-02,2630
sz002664,信质集团,2015-01-05,2026-09-02,2655
sz002660,茂硕电源,2015-01-05,2026-09-02,2755
sz002661,克明食品,2015-01-05,2026-09-02,2770
sz002652,扬子新材,2015-01-19,2026-09-02,2568
sz002662,峰璟股份,2015-01-05,2026-09-02,2717
sz002665,ST航高,2015-01-05,2024-06-27,2139
sz002666,德联集团,2015-01-05,2026-09-02,2833
sz002668,TCL智家,2015-01-05,2026-09-02,2614
sz002667,*ST威领,2015-01-05,2026-09-02,2661
sz002671,龙泉股份,2015-01-05,2026-09-02,2738
sz002669,康达新材,2015-01-05,2026-09-02,2624
sz002672,东江环保,2015-01-05,2026-09-02,2760
sz002674,兴业科技,2015-01-05,2026-09-02,2814
sz002675,东诚药业,2015-04-23,2026-09-02,2515
sz002673,西部证券,2015-01-05,2026-09-02,2822
sz002670,国盛证券,2015-01-05,2026-09-02,2597
sz002676,顺威股份,2015-01-05,2026-09-02,2599
sz002678,珠江钢琴,2015-01-05,2026-09-02,2816
sz002680,长生退,2015-01-05,2019-11-26,882
sz002681,奋达科技,2015-01-05,2026-09-02,2751
sz002682,龙洲股份,2015-01-05,2026-09-02,2740
sz002677,浙江美大,2015-01-05,2026-09-02,2766
sz002684,猛狮退,2015-01-05,2022-06-24,1538
sz002686,亿利达,2015-01-05,2026-09-02,2739
sz002683,广东宏大,2015-01-05,2026-09-02,2664
sz002685,华东重机,2015-01-05,2026-09-02,2636
sz002688,金河生物,2015-01-05,2026-09-02,2804
sz002691,*ST冀凯,2015-01-05,2026-09-02,2631
sz002687,乔治白,2015-01-05,2026-09-02,2833
sz002690,美亚光电,2015-01-05,2026-09-02,2832
sz002689,ST远智,2015-01-05,2026-09-02,2827
sz002679,福建金森,2015-01-05,2026-09-02,2832
sz002695,煌上煌,2015-01-05,2026-09-02,2822
sz002657,中科金财,2015-01-05,2026-09-02,2821
sz002692,远程股份,2015-01-05,2026-09-02,2748
sz002693,双成药业,2015-02-03,2026-09-02,2755
sz002698,博实股份,2015-01-05,2026-09-02,2816
sz002694,*ST顾地,2015-03-17,2026-09-02,2578
sz002697,红旗连锁,2015-01-05,2026-09-02,2760
sz002700,万憬能源,2015-01-05,2026-09-02,2834
sz002699,*ST美盛,2015-01-05,2024-04-25,2053
sz002701,奥瑞金,2015-01-05,2026-09-02,2758
sz002696,百洋股份,2015-01-05,2026-09-02,2630
sz002703,浙江世宝,2015-01-05,2026-09-02,2674
sz002706,良信股份,2015-01-05,2026-09-02,2825
sz002705,新宝股份,2015-01-05,2026-09-02,2836
sz002702,海欣食品,2015-01-05,2026-09-02,2776
sz002707,众信旅游,2015-01-05,2026-09-02,2667
sz002712,思美传媒,2015-01-05,2026-09-02,2643
sz002711,欧浦退,2015-01-05,2021-07-14,1218
sz002709,天赐材料,2015-01-05,2026-09-02,2822
sz002708,光洋股份,2015-01-05,2026-09-02,2809
sz002714,牧原股份,2015-01-05,2026-09-01,2810
sz002715,登云股份,2015-01-05,2026-09-02,2818
sz002716,湖南白银,2015-01-05,2026-09-02,2645
sz002717,*ST岭南,2015-01-12,2026-09-02,2670
sz002723,小崧股份,2015-01-05,2026-09-02,2743
sz002719,ST麦趣,2015-01-05,2026-09-02,2606
sz002722,物产金轮,2015-04-13,2026-09-02,2754
sz002725,跃岭股份,2015-01-05,2026-09-02,2702
sz002726,ST龙大,2015-01-05,2026-09-02,2762
sz002724,海洋王,2015-01-05,2026-09-02,2764
sz002718,友邦吊顶,2015-01-05,2026-09-02,2801
sz002721,金一文化,2015-01-05,2026-09-02,2515
sz002727,一心堂,2015-01-05,2026-09-02,2739
sz002731,*ST萃华,2015-01-05,2026-08-31,2771
sz002730,电光科技,2015-01-05,2026-09-02,2704
sz002732,燕塘乳业,2015-01-05,2026-09-02,2824
sz002729,好利科技,2015-01-05,2026-09-02,2724
sz002734,利民股份,2015-01-27,2026-09-02,2810
sz002733,雄韬股份,2015-01-05,2026-09-02,2820
sz002735,王子新材,2015-01-05,2026-09-02,2611
sz002728,特一药业,2015-04-21,2026-09-02,2743
sz002713,东易日盛,2015-01-05,2026-09-02,2797
sz002737,葵花药业,2015-01-05,2026-09-01,2835
sz002736,国信证券,2015-01-05,2026-09-02,2819
sz002738,中矿资源,2015-01-05,2026-09-02,2708
sz002741,光华科技,2015-02-16,2026-09-02,2761
sz002740,*ST爱迪,2015-01-22,2024-01-19,2017
sz002743,富煌钢构,2015-02-17,2026-09-02,2773
sz002739,儒意电影,2015-01-22,2026-09-02,2373
sz002746,仙坛股份,2015-02-16,2026-09-02,2793
sz002747,埃斯顿,2015-03-20,2026-09-02,2728
sz002742,冀衡医药,2015-02-17,2026-09-02,2717
sz002745,木林森,2015-02-17,2026-09-02,2594
sz002750,龙津退,2015-03-24,2025-06-26,2464
sz002749,国光股份,2015-03-20,2026-09-02,2787
sz002757,南兴股份,2015-05-27,2026-09-02,2652
sz002756,永兴材料,2015-05-15,2026-09-01,2613
sz002753,永东股份,2015-05-19,2026-09-02,2747
sz002751,易尚退,2015-04-24,2023-07-12,1923
sz002755,奥赛康,2015-05-15,2026-09-02,2713
sz002748,世龙实业,2015-03-19,2026-09-02,2769
sz002752,昇兴股份,2015-04-22,2026-09-02,2703
sz002758,浙农股份,2015-05-27,2026-09-02,2720
sz002759,ST天际,2015-05-28,2026-09-02,2660
sz002760,凤形股份,2015-06-11,2026-09-02,2707
sz002762,金发拉比,2015-06-10,2026-09-02,2603
sz002761,浙江建投,2015-06-10,2026-09-02,2638
sz002765,蓝黛科技,2015-06-12,2026-09-02,2676
sz002769,普路通,2015-06-29,2026-09-02,2682
sz002763,汇洁股份,2015-06-10,2026-09-02,2731
sz002770,科迪退,2015-06-30,2022-06-22,1557
sz002767,先锋电子,2015-06-12,2026-09-02,2729
sz002771,真视通,2015-06-29,2026-09-02,2671
sz002766,索菱股份,2015-06-11,2026-09-02,2583
sz002768,国恩股份,2015-06-30,2026-09-02,2714
sz002773,康弘药业,2015-06-26,2026-09-02,2720
sz002772,众兴菌业,2015-06-26,2026-09-02,2710
sz002777,久远银海,2015-12-31,2026-09-02,2583
sz002776,*ST柏龙,2015-06-26,2023-12-26,2015
sz002774,快意电梯,2017-03-24,2026-09-02,2292
sz002775,文科股份,2015-06-29,2026-09-02,2708
sz002779,中坚科技,2015-12-09,2026-09-02,2565
sz002778,中晟高科,2016-01-06,2026-09-02,2524
sz002781,奇信退,2015-12-22,2023-07-04,1687
sz002782,可立克,2015-12-22,2026-09-02,2600
sz002783,凯龙股份,2015-12-09,2026-09-02,2609
sz002780,三夫户外,2015-12-09,2026-09-02,2599
sz002787,华源控股,2015-12-31,2026-09-02,2458
sz002786,银宝山新,2015-12-23,2026-09-02,2596
sz002785,万里石,2015-12-23,2026-09-02,2593
sz002788,鹭燕医药,2016-02-18,2026-09-02,2558
sz002789,*ST建艺,2016-03-11,2026-09-02,2547
sz002790,瑞尔特,2016-03-08,2026-09-02,2551
sz002792,通宇通讯,2016-03-28,2026-09-02,2537
sz002791,坚朗五金,2016-03-29,2026-09-02,2536
sz002796,世嘉科技,2016-05-10,2026-09-02,2446
sz002797,第一创业,2016-05-11,2026-09-02,2490
sz002793,罗欣药业,2016-04-15,2026-09-02,2513
sz002799,环球印务,2016-06-08,2026-09-02,2428
sz002798,帝欧水华,2016-05-25,2026-09-02,2427
sz002795,永和智控,2016-04-28,2026-09-02,2432
sz002800,天顺股份,2016-05-30,2026-09-02,2490
sz002801,微光股份,2016-06-22,2026-09-02,2479
sz002802,洪汇新材,2016-06-29,2026-09-02,2474
sz002809,红墙股份,2016-08-23,2026-09-02,2402
sz002808,恒久退,2016-08-12,2026-07-13,2370
sz002806,华锋股份,2016-07-26,2026-09-02,2294
sz002805,丰元股份,2016-07-07,2026-09-02,2468
sz002811,郑中设计,2016-09-08,2026-09-02,2423
sz002810,山东赫达,2016-08-26,2026-09-02,2432
sz002813,路畅科技,2016-10-12,2026-09-02,2350
sz002807,江阴银行,2016-09-02,2026-09-02,2419
sz002812,恩捷股份,2016-09-14,2026-09-02,2323
sz002803,吉宏股份,2016-07-12,2026-09-02,2409
sz002815,崇达技术,2016-10-12,2026-09-02,2406
sz002819,东方中科,2016-11-11,2026-09-02,2281
sz002820,桂发祥,2016-11-18,2026-09-02,2369
sz002816,*ST和科,2016-10-25,2026-09-02,2292
sz002818,富森美,2016-11-09,2026-09-02,2386
sz002817,黄山胶囊,2016-10-25,2026-09-02,2397
sz002821,凯莱英,2016-11-18,2026-09-02,2379
sz002826,易明医药,2016-12-09,2026-09-02,2359
sz002823,凯中精密,2016-11-24,2026-09-02,2358
sz002822,ST中装,2016-11-29,2026-09-02,2367
sz002825,纳尔股份,2016-11-29,2026-09-02,2357
sz002824,和胜股份,2017-01-12,2026-09-02,2341
sz002829,星网宇达,2016-12-13,2026-09-02,2362
sz002827,高争民爆,2016-12-09,2026-09-02,2364
sz002831,裕同科技,2016-12-16,2026-09-02,2359
sz002828,贝肯能源,2016-12-08,2026-09-02,2353
sz002830,名雕股份,2016-12-13,2026-09-02,2362
sz002833,弘亚数控,2016-12-28,2026-09-02,2351
sz002832,比音勒芬,2016-12-23,2026-09-02,2354
sz002837,英维克,2016-12-29,2026-09-02,2274
sz002838,道恩股份,2017-01-06,2026-09-02,2320
sz002841,视源股份,2017-01-19,2026-09-02,2336
sz002836,新宏泽,2016-12-29,2026-09-02,2340
sz002839,张家港行,2017-01-24,2026-09-02,2322
sz002845,同兴达,2017-01-25,2026-09-02,2332
sz002835,同为股份,2016-12-28,2026-09-02,2351
sz002843,泰嘉股份,2017-01-20,2026-09-02,2335
sz002840,华统股份,2017-01-10,2026-09-02,2343
sz002847,盐津铺子,2017-02-08,2026-09-02,2327
sz002842,翔鹭钨业,2017-01-19,2026-09-02,2332
sz002846,英联股份,2017-02-07,2026-09-02,2328
sz002849,威星智能,2017-02-17,2026-09-02,2320
sz002851,麦格米特,2017-03-06,2026-09-02,2229
sz002848,高斯贝尔,2017-02-13,2026-09-02,2319
sz002855,捷荣技术,2017-03-21,2026-09-02,2298
sz002856,*ST美芝,2017-03-20,2026-09-02,2168
sz002853,皮阿诺,2017-03-10,2026-09-02,2296
sz002850,科达利,2017-03-02,2026-09-02,2311
sz002858,力盛体育,2017-03-24,2026-09-02,2287
sz002852,道道全,2017-03-10,2026-09-02,2305
sz002859,洁美科技,2017-04-07,2026-09-02,2277
sz002862,实丰文化,2017-04-11,2026-09-02,2285
sz002865,钧达股份,2017-04-25,2026-09-02,2275
sz002860,星帅尔,2017-04-12,2026-09-02,2277
sz002861,瀛通通讯,2017-04-13,2026-09-02,2281
sz002857,三晖电气,2017-03-23,2026-09-02,2223
sz002867,周大生,2017-04-27,2026-09-01,2272
sz002864,盘龙药业,2017-11-16,2026-09-02,2130
sz002866,传艺科技,2017-04-26,2026-09-02,2198
sz002869,金溢科技,2017-05-15,2026-09-02,2262
sz002868,绿康生化,2017-05-03,2026-09-02,2264
sz002863,今飞凯达,2017-04-18,2026-09-02,2280
sz002873,新天药业,2017-05-19,2026-09-02,2248
sz002875,安奈儿,2017-06-01,2026-09-02,2246
sz002872,ST天圣,2017-05-19,2026-09-02,2196
sz002871,伟隆股份,2017-05-11,2026-09-02,2264
sz002877,智能自控,2017-06-05,2026-09-02,2249
sz002870,香山股份,2017-05-15,2026-08-31,2215
sz002879,长缆科技,2017-07-07,2026-09-02,2225
sz002882,金龙羽,2017-07-17,2026-09-02,2219
sz002878,元隆雅图,2017-06-06,2026-09-02,2244
sz002884,凌霄泵业,2017-07-11,2026-09-02,2217
sz002876,三利谱,2017-05-25,2026-09-02,2252
sz002881,美格智能,2017-06-22,2026-09-02,2236
sz002883,*ST中设,2017-06-20,2026-09-02,2222
sz002885,京泉华,2017-06-27,2026-09-02,2230
sz002886,沃特股份,2017-06-27,2026-09-02,2230
sz002890,弘宇股份,2017-08-02,2026-09-02,2197
sz002887,绿茵生态,2017-08-01,2026-09-02,2208
sz002888,惠威科技,2017-07-21,2026-09-02,2211
sz002891,中宠股份,2017-08-21,2026-09-02,2182
sz002889,东方嘉盛,2017-07-31,2026-09-02,2209
sz002896,中大力德,2017-08-29,2026-09-02,2186
sz002892,科力尔,2017-08-17,2026-09-02,2194
sz002893,京能热力,2017-09-15,2026-09-02,2168
sz002895,川恒股份,2017-08-25,2026-09-02,2186
sz002898,赛隆退,2017-09-12,2026-07-16,2107
sz002900,哈三联,2017-09-22,2026-09-02,2170
sz002899,英派斯,2017-09-15,2026-09-02,2173
sz002905,金逸影视,2017-10-16,2026-09-02,2159
sz002906,华阳集团,2017-10-13,2026-09-02,2156
sz002901,大博医疗,2017-09-22,2026-09-02,2170
sz002909,集泰股份,2017-10-26,2026-09-02,2149
sz002908,德生科技,2017-10-20,2026-09-02,2153
sz002903,宇环数控,2017-10-13,2026-09-02,2159
sz002902,铭普光磁,2017-09-29,2026-09-02,2155
sz002897,意华股份,2017-09-07,2026-09-02,2181
sz002910,庄园牧场,2017-10-31,2026-09-02,2146
sz002907,华森制药,2017-10-20,2026-09-02,2151
sz002880,卫光生物,2017-06-16,2026-09-02,2197
sz002912,中新赛克,2017-11-21,2026-09-02,2133
sz002915,中欣氟材,2017-12-05,2026-09-02,2118
sz002911,佛燃能源,2017-11-22,2026-09-02,2132
sz002916,深南电路,2017-12-13,2026-09-02,2115
sz002919,名臣健康,2017-12-18,2026-09-02,2112
sz002921,联诚精密,2017-12-27,2026-09-02,2107
sz002920,德赛西威,2017-12-26,2026-09-02,2108
sz002913,奥士康,2017-12-01,2026-09-02,2125
sz002918,蒙娜丽莎,2017-12-19,2026-09-02,2113
sz002922,伊戈尔,2017-12-29,2026-09-02,2103
sz002927,泰永长征,2018-02-23,2026-09-02,2069
sz002929,润建股份,2018-03-01,2026-09-02,2067
sz002923,润都股份,2018-01-05,2026-09-02,2101
sz002925,盈趣科技,2018-01-15,2026-09-02,2093
sz002917,金奥博,2017-12-08,2026-09-02,2110
sz002928,华夏航空,2018-03-02,2026-09-02,2066
sz002926,华西证券,2018-02-05,2026-09-02,2080
sz002932,*ST明德,2018-07-10,2026-09-02,1978
sz002930,宏川智慧,2018-03-28,2026-09-02,2039
sz002933,新兴装备,2018-08-28,2026-09-02,1941
sz002936,郑州银行,2018-09-19,2026-09-02,1928
sz002937,兴瑞科技,2018-09-26,2026-09-02,1924
sz002935,天奥电子,2018-09-03,2026-09-02,1940
sz002938,鹏鼎控股,2018-09-18,2026-09-02,1929
sz002941,新疆交建,2018-11-28,2026-09-02,1884
sz002939,长城证券,2018-10-26,2026-09-02,1907
sz002931,锋龙股份,2018-04-03,2026-09-02,2020
sz002945,华林证券,2019-01-17,2026-09-02,1850
sz002940,昂利康,2018-10-23,2026-09-02,1900
sz002946,新乳业,2019-01-25,2026-09-02,1844
sz002943,宇晶股份,2018-11-29,2026-09-02,1868
sz002942,新农股份,2018-12-05,2026-09-02,1879
sz002947,恒铭达,2019-02-01,2026-09-02,1839
sz002949,华阳国际,2019-02-26,2026-09-02,1827
sz002951,金时科技,2019-03-15,2026-09-02,1811
sz002948,青岛银行,2019-01-16,2026-09-02,1845
sz002952,亚世光电,2019-03-28,2026-09-02,1805
sz002953,日丰股份,2019-05-09,2026-09-02,1779
sz002955,鸿合科技,2019-05-23,2026-09-02,1765
sz002957,科瑞技术,2019-07-26,2026-09-02,1724
sz002956,西麦食品,2019-06-19,2026-09-02,1751
sz002960,青鸟智控,2019-08-09,2026-09-02,1714
sz002961,瑞达期货,2019-09-05,2026-09-02,1695
sz002950,奥美医疗,2019-03-11,2026-09-02,1818
sz002963,豪尔赛,2019-10-28,2026-09-02,1664
sz002965,祥鑫科技,2019-10-25,2026-09-02,1665
sz002958,青农商行,2019-03-26,2026-09-02,1807
sz002962,五方光电,2019-09-17,2026-09-02,1688
sz002966,苏州银行,2019-08-02,2026-09-02,1719
sz002959,小熊电器,2019-08-23,2026-09-02,1704
sz002972,科安达,2019-12-27,2026-09-02,1620
sz002973,侨银股份,2020-01-06,2026-09-02,1615
sz002968,新大正,2019-12-03,2026-09-02,1628
sz002969,嘉美包装,2019-12-02,2026-09-02,1622
sz002975,博杰股份,2020-02-05,2026-09-02,1599
sz002971,和远气体,2020-01-13,2026-09-02,1610
sz002967,广电计量,2019-11-08,2026-09-02,1655
sz002970,锐明技术,2019-12-17,2026-09-02,1628
sz002979,雷赛智能,2020-04-08,2026-09-02,1555
sz002977,*ST天箭,2020-03-17,2026-09-02,1569
sz002976,瑞玛精密,2020-03-06,2026-09-02,1577
sz002980,华盛昌,2020-04-15,2026-09-02,1550
sz002983,芯瑞达,2020-04-28,2026-09-02,1541
sz002981,朝阳科技,2020-04-17,2026-09-02,1548
sz002982,湘佳股份,2020-04-24,2026-09-02,1543
sz002985,北摩高科,2020-04-29,2026-09-02,1540
sz002986,宇新股份,2020-06-02,2026-09-02,1519
sz002984,森麒麟,2020-09-11,2026-09-02,1448
sz002991,甘源食品,2020-07-31,2026-09-02,1478
sz002987,京北方,2020-05-07,2026-09-02,1537
sz002990,盛视科技,2020-05-25,2026-09-02,1525
sz002988,豪美新材,2020-05-18,2026-09-02,1530
sz002992,宝明科技,2020-08-03,2026-09-02,1477
sz002989,中天精装,2020-06-10,2026-09-02,1511
sz002993,奥海科技,2020-08-17,2026-09-02,1467
sz002996,顺博合金,2020-08-28,2026-09-02,1458
sz002998,优彩资源,2020-09-25,2026-09-02,1438
sz002997,瑞鹄模具,2020-09-03,2026-09-02,1454
sz002995,天地在线,2020-08-05,2026-09-02,1466
sz002999,天禾股份,2020-09-03,2026-09-02,1454
sz003001,中岩大地,2020-10-13,2026-09-02,1432
sz003002,壶化股份,2020-09-22,2026-09-02,1441
sz003004,声迅股份,2020-11-26,2026-09-02,1398
sz003005,竞业达,2020-09-22,2026-09-02,1436
sz003000,劲仔食品,2020-09-14,2026-09-02,1447
sz003003,天元股份,2020-09-21,2026-09-02,1442
sz003006,百亚股份,2020-09-21,2026-09-02,1442
sz003009,中天火箭,2020-09-25,2026-09-02,1438
sz003007,直真科技,2020-09-23,2026-09-02,1440
sz003008,开普检测,2020-09-23,2026-09-02,1440
sz003011,海象新材,2020-09-30,2026-09-02,1435
sz003012,东鹏控股,2020-10-19,2026-09-02,1428
sz002978,安宁股份,2020-04-17,2026-09-02,1548
sz003017,大洋生物,2020-10-26,2026-09-02,1423
sz003010,若羽臣,2020-09-25,2026-09-02,1438
sz003013,地铁设计,2020-10-22,2026-09-02,1415
sz003022,联泓新科,2020-12-08,2026-09-02,1392
sz003019,宸展光电,2020-11-17,2026-09-02,1407
sz003021,兆威机电,2020-12-04,2026-09-02,1394
sz003018,金富科技,2020-11-06,2026-09-02,1414
sz003016,欣贺股份,2020-10-26,2026-09-02,1423
sz003027,同兴科技,2020-12-18,2026-09-02,1384
sz003023,彩虹集团,2020-12-11,2026-09-02,1389
sz003020,立方制药,2020-12-15,2026-09-02,1387
sz003028,振邦智能,2020-12-28,2026-09-02,1378
sz003030,祖名股份,2021-01-06,2026-09-02,1372
sz003031,中瓷电子,2021-01-04,2026-09-02,1364
sz003026,中晶科技,2020-12-18,2026-09-02,1384
sz003025,思进智能,2020-12-11,2026-09-02,1389
sz003029,吉大正元,2020-12-24,2026-09-02,1380
sz003041,真爱美家,2021-04-06,2026-09-02,1305
sz003035,南网能源,2021-01-19,2026-09-02,1363
sz003039,顺控发展,2021-03-08,2026-09-02,1329
sz003032,传智教育,2021-01-12,2026-09-02,1366
sz003037,三和管桩,2021-02-04,2026-09-02,1351
sz003036,泰坦股份,2021-01-28,2026-09-02,1356
sz003042,中农联合,2021-04-06,2026-09-02,1314
sz003038,鑫铂股份,2021-02-10,2026-09-02,1347
sz003043,华亚智能,2021-04-06,2026-09-02,1309
sz003015,日久光电,2020-10-21,2026-09-02,1426
sz003040,楚天龙,2021-03-22,2026-09-02,1324
sz003033,征和工业,2021-01-11,2026-09-02,1369
sz003816,中国广核,2019-08-26,2026-09-02,1703
sz300001,特锐德,2015-01-05,2026-09-02,2766
sz300008,天海防务,2015-01-05,2026-09-02,2689
sz300005,探路者,2015-01-05,2026-09-02,2764
sz300004,南风股份,2015-01-05,2026-09-02,2730
sz300002,神州泰岳,2015-01-05,2026-09-02,2825
sz300009,安科生物,2015-03-18,2026-09-02,2774
sz300010,ST豆神,2015-01-05,2026-09-02,2664
sz300006,莱美药业,2015-01-05,2026-09-02,2827
sz300012,华测检测,2015-01-05,2026-09-02,2802
sz300014,亿纬锂能,2015-01-05,2026-09-02,2816
sz300003,乐普医疗,2015-01-05,2026-09-02,2801
sz300013,新宁物流,2015-01-05,2026-09-02,2763
sz300011,鼎汉技术,2015-02-03,2026-09-02,2753
sz300007,汉威科技,2015-01-05,2026-09-02,2795
sz300016,北陆药业,2015-01-05,2026-09-02,2771
sz300015,爱尔眼科,2015-01-05,2026-09-02,2818
sz300019,硅宝科技,2015-01-05,2026-09-02,2760
sz300017,网宿科技,2015-01-05,2026-09-02,2792
sz300018,中元股份,2015-03-26,2026-09-02,2755
sz300020,ST银江,2015-01-05,2026-09-02,2743
sz300021,大禹节水,2015-01-05,2026-09-02,2813
sz300024,机器人,2015-01-05,2026-09-02,2836
sz300023,宝德退,2015-01-05,2022-06-28,1776
sz300022,吉峰科技,2015-01-05,2026-09-02,2643
sz300028,金亚退,2015-02-16,2020-07-31,616
sz300029,天龙退,2015-01-05,2026-07-09,2761
sz300025,华星创业,2015-05-26,2026-09-02,2546
sz300026,红日药业,2015-01-05,2026-09-02,2764
sz300030,阳普医疗,2015-01-05,2026-09-02,2645
sz300027,ST华谊,2015-01-05,2026-09-02,2728
sz300035,中科电气,2015-01-05,2026-09-02,2704
sz300038,数知退,2015-01-05,2022-06-29,1445
sz300031,宝通科技,2015-01-05,2026-09-02,2707
sz300033,同花顺,2015-01-05,2026-09-02,2835
sz300036,超图软件,2015-01-05,2026-09-02,2757
sz300034,钢研高纳,2015-01-05,2026-09-02,2747
sz300037,新宙邦,2015-01-05,2026-09-02,2819
sz300043,星辉娱乐,2015-01-05,2026-09-02,2697
sz300032,金龙机电,2015-01-05,2026-09-02,2679
sz300039,上海凯宝,2015-01-05,2026-09-02,2831
sz300047,天源迪科,2015-01-05,2026-09-02,2691
sz300040,九洲集团,2015-01-05,2026-09-02,2697
sz300041,回天新材,2015-01-05,2026-09-02,2812
sz300045,华力创通,2015-01-05,2026-09-02,2787
sz300046,台基股份,2015-01-05,2026-09-02,2690
sz300042,朗科科技,2015-01-05,2026-09-02,2824
sz300048,合康新能,2015-01-05,2026-09-02,2759
sz300052,中青宝,2015-01-05,2026-09-02,2693
sz300049,福瑞医科,2015-01-05,2026-09-02,2667
sz300050,世纪鼎利,2015-01-05,2026-09-02,2744
sz300051,琏升科技,2015-01-05,2026-09-02,2692
sz300054,鼎龙股份,2015-01-05,2026-09-02,2742
sz300055,万邦达,2015-01-05,2026-09-02,2821
sz300053,航宇微,2015-01-05,2026-09-02,2748
sz300056,中创环保,2015-01-05,2026-09-02,2662
sz300058,蓝色光标,2015-01-05,2026-09-02,2759
sz300059,东方财富,2015-01-05,2026-09-01,2779
sz300057,万顺新材,2015-01-05,2026-09-02,2661
sz300064,金刚退,2015-01-05,2022-06-24,1692
sz300062,中能电气,2015-01-05,2026-09-02,2726
sz300066,三川智慧,2015-01-05,2026-09-02,2833
sz300068,ST南都,2015-01-05,2026-09-02,2742
sz300061,旗天科技,2015-01-05,2026-09-02,2705
sz300065,海兰信,2015-01-05,2026-09-02,2609
sz300063,天龙集团,2015-04-27,2026-09-02,2587
sz300072,海新能科,2015-01-05,2026-09-02,2816
sz300069,金利华电,2015-01-05,2026-09-02,2699
sz300070,碧水源,2015-01-05,2026-09-02,2758
sz300067,安诺其,2015-01-05,2026-09-02,2755
sz300071,福石控股,2015-01-30,2026-09-02,2474
sz300073,当升科技,2015-04-10,2026-09-02,2739
sz300074,华平股份,2015-01-05,2026-09-02,2783
sz300077,国民技术,2015-01-05,2026-09-02,2809
sz300075,数字政通,2015-01-05,2026-09-02,2810
sz300076,*ST宁视,2015-01-05,2026-09-02,2704
sz300078,思创智联,2015-01-05,2026-09-02,2752
sz300080,易成新能,2015-01-05,2026-09-02,2555
sz300044,*ST赛为,2015-01-05,2026-09-02,2703
sz300079,数码视讯,2015-01-05,2026-09-02,2818
sz300084,海默科技,2015-01-05,2026-09-02,2784
sz300086,康芝药业,2015-01-05,2026-09-02,2702
sz300081,ST恒信,2015-03-05,2026-09-02,2666
sz300088,长信科技,2015-01-05,2026-09-02,2505
sz300082,奥克股份,2015-01-05,2026-09-02,2818
sz300085,银之杰,2015-01-05,2026-09-02,2708
sz300083,创世纪,2015-01-05,2026-09-02,2709
sz300090,盛运退,2015-01-05,2020-08-24,1172
sz300087,ST荃银,2015-01-05,2026-09-02,2634
sz300091,*ST金灵,2015-01-05,2026-09-02,2747
sz300089,文化退,2015-01-05,2023-07-12,1704
sz300094,国联水产,2015-01-05,2026-09-02,2730
sz300092,科新机电,2015-01-05,2026-09-02,2679
sz300093,金刚光伏,2015-01-05,2026-09-02,2656
sz300097,智云股份,2015-01-05,2026-09-02,2750
sz300095,华伍股份,2015-01-05,2026-09-02,2764
sz300096,ST易联众,2015-01-05,2026-09-02,2706
sz300098,高新兴,2015-01-05,2026-09-02,2690
sz300104,乐视退,2015-01-05,2020-07-20,722
sz300100,双林股份,2015-01-05,2026-09-02,2642
sz300101,振芯科技,2015-01-05,2026-09-02,2767
sz300099,尤洛卡,2015-01-05,2026-09-02,2721
sz300102,乾照光电,2015-01-05,2026-09-02,2806
sz300106,西部牧业,2015-01-05,2026-09-02,2817
sz300103,达刚控股,2015-01-05,2026-09-02,2777
sz300110,华仁药业,2015-01-05,2026-09-02,2604
sz300105,龙源技术,2015-01-05,2026-09-02,2836
sz300113,顺网科技,2015-01-05,2026-09-02,2741
sz300107,建新股份,2015-01-05,2026-09-02,2836
sz300109,新开源,2015-01-05,2026-09-02,2589
sz300108,*ST吉药,2015-01-05,2025-04-23,2223
sz300111,向日葵,2015-01-05,2026-09-02,2628
sz300112,万讯自控,2015-01-23,2026-09-02,2732
sz300117,*ST嘉寓,2015-01-05,2025-03-31,2437
sz300115,长盈精密,2015-01-05,2026-09-02,2814
sz300116,*ST保力,2015-01-05,2024-05-16,2073
sz300120,经纬辉开,2015-01-05,2026-09-02,2723
sz300121,阳谷华泰,2015-01-05,2026-09-02,2790
sz300114,,2015-01-05,2025-02-14,2447
sz300122,智飞生物,2015-01-05,2026-09-02,2832
sz300119,瑞普生物,2015-01-05,2026-09-02,2801
sz300124,汇川技术,2015-01-05,2026-09-01,2822
sz300123,ST亚光,2015-01-05,2026-09-02,2599
sz300118,东方日升,2015-01-05,2026-09-02,2739
sz300125,聆达股份,2015-01-05,2026-09-02,2726
sz300126,锐奇股份,2015-05-13,2026-09-02,2747
sz300128,锦富技术,2015-01-05,2026-09-02,2726
sz300127,银河磁体,2015-01-05,2026-09-02,2826
sz300136,信维通信,2015-02-11,2026-09-02,2796
sz300129,泰胜风能,2015-01-05,2026-09-02,2794
sz300132,诺斯贝尔,2015-01-05,2026-09-02,2725
sz300134,大富科技,2015-01-05,2026-09-02,2502
sz300130,新国都,2015-01-05,2026-09-02,2800
sz300135,宝利国际,2015-01-05,2026-09-02,2755
sz300137,先河环保,2015-01-05,2026-09-02,2820
sz300138,晨光生物,2015-01-05,2026-09-02,2836
sz300139,晓程科技,2015-01-05,2026-09-02,2836
sz300140,节能环境,2015-02-16,2026-09-02,2645
sz300143,盈康生命,2015-01-07,2026-09-02,2615
sz300144,宋城演艺,2015-03-18,2026-09-02,2761
sz300142,沃森生物,2015-01-05,2026-09-02,2588
sz300146,汤臣倍健,2015-01-05,2026-09-02,2714
sz300145,南方泵业,2015-01-05,2026-09-02,2688
sz300150,世纪瑞尔,2015-01-05,2026-09-02,2647
sz300141,和顺电气,2015-01-05,2026-09-02,2739
sz300148,天舟文化,2015-01-05,2026-09-02,2580
sz300152,*ST动力,2015-01-05,2026-09-02,2636
sz300151,昌红科技,2015-01-05,2026-09-02,2744
sz300147,*ST香雪,2015-01-05,2026-09-02,2824
sz300149,睿智医药,2015-01-05,2026-09-02,2428
sz300156,神雾退,2015-01-28,2020-08-24,1157
sz300161,华中数控,2015-01-05,2026-09-02,2744
sz300162,雷曼光电,2015-01-05,2026-09-02,2682
sz300153,科泰电源,2015-01-05,2026-09-02,2770
sz300160,秀强股份,2015-01-05,2026-09-02,2825
sz300154,瑞凌股份,2015-01-05,2026-09-02,2812
sz300157,新锦动力,2015-01-05,2026-09-02,2733
sz300155,安居宝,2015-01-05,2026-09-02,2812
sz300159,新研股份,2015-03-18,2026-09-02,2700
sz300163,先锋新材,2015-01-05,2026-09-02,2483
sz300164,通源石油,2015-01-05,2026-09-02,2613
sz300166,东方国信,2015-01-05,2026-09-02,2738
sz300131,英唐智控,2015-01-05,2026-09-02,2560
sz300165,天瑞仪器,2015-01-05,2026-09-02,2754
sz300169,天晟新材,2015-01-05,2026-09-02,2699
sz300167,ST迪威迅,2015-01-05,2026-09-02,2755
sz300168,万达信息,2015-01-08,2026-09-02,2674
sz300170,汉得信息,2015-01-28,2026-09-02,2809
sz300133,华策影视,2015-01-05,2026-09-02,2827
sz300172,中电环保,2015-01-05,2026-09-02,2834
sz300174,元力股份,2015-01-05,2026-09-02,2783
sz300171,东富龙,2015-01-05,2026-09-02,2832
sz300173,ST福能,2015-01-05,2026-09-02,2595
sz300175,朗源股份,2015-01-05,2026-09-02,2802
sz300176,鸿特科技,2015-01-05,2026-09-02,2693
sz300179,四方达,2015-01-05,2026-09-02,2694
sz300158,振东制药,2015-01-05,2026-09-02,2702
sz300178,腾邦退,2015-01-05,2022-06-21,1688
sz300186,大华农,2015-04-28,2015-10-16,108
sz300184,力源信息,2015-01-05,2026-09-02,2565
sz300181,佐力药业,2015-01-05,2026-09-02,2746
sz300177,中海达,2015-01-05,2026-09-02,2765
sz300180,华峰超纤,2015-01-05,2026-09-02,2672
sz300185,通裕重工,2015-01-05,2026-09-02,2792
sz300183,东软载波,2015-01-05,2026-09-02,2826
sz300182,捷成股份,2015-01-05,2026-09-02,2790
sz300191,潜能恒信,2015-01-05,2026-09-02,2769
sz300188,国投智能,2015-01-05,2026-09-02,2754
sz300189,神农种业,2015-01-05,2026-09-02,2594
sz300187,永清环保,2015-01-05,2026-09-02,2640
sz300193,佳士科技,2015-01-05,2026-09-02,2826
sz300190,维尔利,2015-01-05,2026-09-02,2670
sz300195,长荣股份,2015-01-05,2026-09-02,2772
sz300194,福安药业,2015-01-05,2026-09-02,2762
sz300198,*ST纳川,2015-01-05,2026-09-02,2604
sz300197,节能铁汉,2015-01-05,2026-09-02,2523
sz300196,长海股份,2015-02-16,2026-09-02,2737
sz300199,翰宇药业,2015-01-05,2026-09-02,2813
sz300200,高盟新材,2015-01-05,2026-09-02,2784
sz300201,海伦哲,2015-01-05,2026-09-02,2549
sz300192,科德教育,2015-05-26,2026-09-02,2579
sz300204,舒泰神,2015-01-05,2026-09-02,2836
sz300206,理邦仪器,2015-01-05,2026-09-02,2834
sz300203,聚光科技,2015-01-05,2026-09-02,2756
sz300208,中程退,2015-02-09,2025-07-18,2394
sz300202,聚龙退,2015-01-05,2022-07-01,1785
sz300209,行云科技,2015-01-05,2026-09-02,2567
sz300205,*ST天喻,2015-01-05,2026-09-02,2804
sz300211,*ST亿通,2015-01-05,2026-09-02,2817
sz300207,欣旺达,2015-01-05,2026-09-02,2813
sz300214,日科化学,2015-01-05,2026-09-02,2780
sz300212,*ST易录,2015-01-05,2026-09-02,2721
sz300213,佳讯飞鸿,2015-01-05,2026-09-02,2680
sz300216,千山退,2015-02-03,2020-09-15,994
sz300210,森远股份,2015-01-05,2026-09-02,2834
sz300215,电科院,2015-01-05,2026-09-02,2802
sz300218,安利股份,2015-01-05,2026-09-02,2824
sz300217,东方电热,2015-01-05,2026-09-02,2822
sz300223,君正股份,2015-01-05,2026-09-02,2614
sz300219,鸿利智汇,2015-01-05,2026-09-02,2707
sz300222,科大智能,2015-01-05,2026-09-02,2643
sz300225,金力泰,2015-01-05,2026-09-02,2623
sz300220,金运激光,2015-01-05,2026-09-02,2696
sz300221,银禧科技,2015-01-05,2026-09-02,2767
sz300224,正海磁材,2015-01-05,2026-09-02,2822
sz300226,上海钢联,2015-01-05,2026-09-02,2727
sz300228,富瑞特装,2015-01-05,2026-09-02,2770
sz300227,光韵达,2015-01-05,2026-09-02,2743
sz300230,永利股份,2015-01-05,2026-09-02,2772
sz300229,拓尔思,2015-01-05,2026-09-02,2753
sz300231,银信科技,2015-01-05,2026-09-02,2820
sz300233,金城医药,2015-05-15,2026-09-02,2736
sz300237,ST美晨,2015-01-13,2026-09-02,2794
sz300235,方直科技,2015-01-05,2026-09-02,2700
sz300232,洲明科技,2015-01-05,2026-09-02,2754
sz300234,开尔新材,2015-01-05,2026-09-02,2747
sz300238,冠昊生物,2015-01-05,2026-09-02,2609
sz300239,东宝生物,2015-01-05,2026-09-02,2772
sz300236,上海新阳,2015-01-05,2026-09-02,2832
sz300243,瑞丰高材,2015-01-05,2026-09-02,2732
sz300241,瑞丰光电,2015-01-05,2026-09-02,2768
sz300246,宝莱特,2015-01-05,2026-09-02,2827
sz300240,飞力达,2015-01-05,2026-09-02,2685
sz300244,迪安诊断,2015-01-09,2026-09-02,2818
sz300245,ST天玑,2015-01-05,2026-09-02,2824
sz300242,佳云科技,2015-01-05,2026-09-02,2642
sz300248,新开普,2015-02-16,2026-09-02,2778
sz300249,依米康,2015-01-05,2026-09-02,2781
sz300247,融捷健康,2015-03-16,2026-09-02,2654
sz300250,初灵信息,2015-01-05,2026-09-02,2773
sz300252,金信诺,2015-01-28,2026-09-02,2732
sz300253,卫宁健康,2015-01-05,2026-09-02,2817
sz300255,常山药业,2015-01-05,2026-09-02,2808
sz300251,光线传媒,2015-01-05,2026-09-02,2796
sz300254,仟源医药,2015-01-05,2026-09-02,2816
sz300257,开山股份,2015-01-05,2026-09-02,2786
sz300260,新莱应材,2015-01-05,2026-09-02,2758
sz300261,雅本化学,2015-01-05,2026-09-02,2756
sz300259,新天科技,2015-01-05,2026-09-02,2813
sz300262,*ST巴安,2015-01-05,2024-06-18,2197
sz300256,星星科技,2015-01-05,2026-09-02,2801
sz300258,精锻科技,2015-01-05,2026-09-02,2836
sz300263,隆华科技,2015-01-05,2026-09-02,2762
sz300266,兴源环境,2015-01-05,2026-09-02,2526
sz300264,佳创视讯,2015-01-05,2026-09-02,2821
sz300267,尔康制药,2015-01-05,2026-09-02,2701
sz300268,佳沃食品,2015-01-05,2026-09-02,2698
sz300265,通光线缆,2015-01-05,2026-09-02,2715
sz300271,华宇软件,2015-01-05,2026-09-02,2704
sz300273,和佳退,2015-01-05,2023-07-05,1936
sz300270,中威电子,2015-01-05,2026-09-02,2821
sz300269,联建光电,2015-01-07,2026-09-02,2684
sz300272,开能健康,2015-01-05,2026-09-02,2680
sz300278,华昌达,2015-02-03,2026-09-02,2480
sz300281,金明精机,2015-01-05,2026-09-02,2780
sz300274,阳光电源,2015-01-05,2026-09-01,2814
sz300280,紫天退,2015-01-05,2025-10-13,2208
sz300279,和晶科技,2015-01-05,2026-09-02,2665
sz300276,三丰智能,2015-01-05,2026-09-02,2698
sz300277,汽轮科技,2015-01-05,2026-09-02,2789
sz300283,温州宏丰,2015-01-05,2026-09-02,2799
sz300285,国瓷材料,2015-01-05,2026-09-02,2703
sz300275,梅安森,2015-01-05,2026-09-02,2827
sz300284,苏交科,2015-01-05,2026-09-02,2752
sz300287,飞利信,2015-01-05,2026-09-02,2751
sz300286,安科瑞,2015-01-05,2026-09-02,2831
sz300288,朗玛信息,2015-01-05,2026-09-02,2736
sz300291,百纳千成,2015-01-05,2026-09-02,2682
sz300296,利亚德,2015-01-05,2026-09-02,2764
sz300297,蓝盾退,2015-01-05,2023-07-28,1965
sz300294,博雅生物,2015-01-05,2026-09-02,2713
sz300295,*ST三六五,2015-01-05,2026-09-02,2778
sz300290,ST荣科,2015-01-05,2026-09-02,2607
sz300292,吴通控股,2015-01-20,2026-09-02,2635
sz300299,富春股份,2015-01-05,2026-09-02,2567
sz300298,三诺生物,2015-01-05,2026-09-02,2636
sz300289,利德曼,2015-01-05,2026-09-02,2802
sz300282,三盛退,2015-01-05,2024-07-17,2157
sz300305,裕兴股份,2015-01-05,2026-09-02,2836
sz300302,同有科技,2015-01-05,2026-09-02,2806
sz300300,海峡创新,2015-01-05,2026-09-02,2634
sz300303,聚飞光电,2015-01-05,2026-09-02,2820
sz300304,云意电气,2015-01-05,2026-09-02,2813
sz300301,ST长方,2015-01-05,2026-09-02,2747
sz300306,远方信息,2015-01-05,2026-09-02,2745
sz300307,慈星股份,2015-01-05,2026-09-02,2800
sz300309,吉艾退,2015-01-05,2023-05-29,1867
sz300311,任子行,2015-01-05,2026-09-02,2750
sz300312,邦讯退,2015-01-05,2022-07-01,1664
sz300308,中际旭创,2015-01-05,2026-09-02,2672
sz300316,晶盛机电,2015-01-05,2026-09-02,2733
sz300314,戴维医疗,2015-01-05,2026-09-02,2828
sz300315,掌趣科技,2015-02-16,2026-09-02,2684
sz300293,蓝英装备,2015-01-28,2026-09-02,2745
sz300313,天山生物,2015-01-29,2026-09-02,2593
sz300310,宜通世纪,2015-01-05,2026-09-02,2678
sz300317,珈伟新能,2015-01-05,2026-09-02,2626
sz300319,麦捷科技,2015-01-05,2026-09-02,2698
sz300318,博晖创新,2015-01-05,2026-09-02,2831
sz300320,海达股份,2015-01-05,2026-09-02,2741
sz300322,硕贝德,2015-01-05,2026-09-02,2578
sz300321,同大股份,2015-01-05,2026-09-02,2836
sz300323,华灿光电,2015-01-05,2026-09-02,2550
sz300325,德威退,2015-01-05,2022-06-27,1681
sz300330,计通退,2015-01-05,2023-05-23,1909
sz300326,ST凯利,2015-01-05,2026-09-02,2727
sz300327,中颖电子,2015-01-05,2026-09-02,2831
sz300329,海伦钢琴,2015-01-05,2026-09-02,2817
sz300324,旋极信息,2015-01-15,2026-09-02,2614
sz300331,苏大维格,2015-01-05,2026-09-02,2692
sz300328,宜安科技,2015-01-05,2026-09-02,2799
sz300333,兆日科技,2015-01-05,2026-09-02,2826
sz300332,天壕能源,2015-01-05,2026-09-02,2712
sz300334,津膜科技,2015-01-05,2026-09-02,2680
sz300335,迪森股份,2015-01-05,2026-09-02,2723
sz300337,银邦股份,2015-01-05,2026-09-02,2778
sz300338,*ST开元,2015-01-05,2026-09-02,2727
sz300340,科恒股份,2015-01-05,2026-09-02,2667
sz300341,麦克奥迪,2015-01-05,2026-09-02,2807
sz300336,新文退,2015-01-05,2023-07-04,1965
sz300342,天银机电,2015-01-05,2026-09-02,2772
sz300339,润和软件,2015-01-05,2026-09-02,2749
sz300345,华民股份,2015-01-05,2026-09-02,2761
sz300343,联创股份,2015-03-02,2026-09-02,2587
sz300350,华鹏飞,2015-01-28,2026-09-02,2756
sz300348,长亮科技,2015-01-05,2026-09-02,2723
sz300349,金卡智能,2015-01-05,2026-09-02,2676
sz300347,泰格医药,2015-01-22,2026-09-02,2790
sz300351,永贵电器,2015-01-05,2026-09-02,2733
sz300344,立方退,2015-01-05,2026-04-21,2588
sz300346,南大光电,2015-01-05,2026-09-02,2772
sz300355,蒙草生态,2015-01-05,2026-09-02,2778
sz300352,ST信源,2015-01-05,2026-09-02,2772
sz300354,东华测试,2015-01-05,2026-09-02,2836
sz300353,东土科技,2015-01-05,2026-09-02,2599
sz300356,光一退,2015-01-05,2023-07-12,1917
sz300358,楚天科技,2015-01-05,2026-09-02,2774
sz300362,天翔退,2015-05-04,2021-08-27,968
sz300359,全通教育,2015-01-28,2026-09-02,2743
sz300360,炬华科技,2015-01-05,2026-09-02,2748
sz300357,我武生物,2015-01-05,2026-09-02,2836
sz300363,博腾股份,2015-01-05,2026-09-02,2726
sz300367,网力退,2015-01-05,2022-06-29,1610
sz300369,绿盟科技,2015-01-05,2026-09-02,2818
sz300364,中文在线,2015-01-21,2026-09-02,2663
sz300372,欣泰退,2015-02-17,2017-08-25,352
sz300365,恒华科技,2015-01-05,2026-09-02,2773
sz300368,汇金股份,2015-01-05,2026-09-02,2733
sz300366,ST创意,2015-01-05,2026-09-02,2652
sz300370,安控科技,2015-02-11,2026-09-02,2784
sz300371,汇中股份,2015-01-05,2026-09-02,2836
sz300378,鼎捷数智,2015-01-05,2026-09-02,2831
sz300376,易事特,2015-01-05,2026-09-02,2720
sz300374,中铁装配,2015-03-19,2026-09-02,2656
sz300375,鹏翎股份,2015-01-05,2026-09-02,2794
sz300377,赢时胜,2015-01-05,2026-09-02,2789
sz300381,溢多利,2015-01-05,2026-09-02,2747
sz300382,斯莱克,2015-01-05,2026-09-02,2829
sz300380,安硕信息,2015-01-05,2026-09-02,2836
sz300383,光环新网,2015-01-05,2026-09-02,2648
sz300379,东通退,2015-01-05,2026-01-21,2596
sz300386,飞天诚信,2015-01-05,2026-09-02,2836
sz300373,扬杰科技,2015-01-05,2026-09-02,2794
sz300385,ST雪浪,2015-01-05,2026-09-02,2819
sz300390,天华新能,2015-01-05,2026-09-02,2766
sz300389,艾比森,2015-01-05,2026-09-02,2836
sz300391,长药退,2015-01-05,2026-04-10,2600
sz300392,腾信退,2015-01-05,2023-07-07,1782
sz300387,富邦科技,2015-01-05,2026-09-02,2745
sz300384,三联虹普,2015-01-05,2026-09-02,2721
sz300394,天孚通信,2015-02-17,2026-09-02,2793
sz300388,节能国祯,2015-01-05,2026-09-02,2791
sz300396,ST迪瑞,2015-01-05,2026-09-02,2773
sz300393,中来股份,2015-01-05,2026-09-02,2824
sz300397,天和防务,2015-01-05,2026-09-02,2797
sz300395,菲利华,2015-01-05,2026-09-02,2836
sz300400,劲拓股份,2015-01-05,2026-09-02,2836
sz300402,宝色股份,2015-01-05,2026-09-02,2749
sz300399,天利科技,2015-01-05,2026-09-02,2821
sz300401,花园生物,2015-01-05,2026-09-02,2819
sz300405,科隆股份,2015-01-05,2026-09-02,2749
sz300407,凯发电气,2015-01-05,2026-09-02,2717
sz300403,汉宇集团,2015-01-05,2026-09-02,2836
sz300406,九强生物,2015-01-05,2026-09-02,2836
sz300404,博济医药,2015-04-24,2026-09-02,2694
sz300409,道氏技术,2015-01-05,2026-09-02,2746
sz300408,三环集团,2015-01-05,2026-09-02,2826
sz300410,正业科技,2015-01-05,2026-09-02,2616
sz300411,金盾股份,2015-01-05,2026-09-02,2550
sz300413,芒果超媒,2015-01-21,2026-09-02,2564
sz300398,飞凯材料,2015-01-05,2026-09-02,2741
sz300412,迦南科技,2015-01-05,2026-09-02,2741
sz300415,伊之密,2015-01-23,2026-09-02,2813
sz300419,ST浩丰,2015-01-22,2026-09-02,2709
sz300417,南华仪器,2015-01-23,2026-09-02,2822
sz300418,昆仑万维,2015-01-21,2026-09-02,2753
sz300420,五洋自控,2015-02-17,2026-09-02,2649
sz300414,中光防雷,2015-05-13,2026-09-02,2542
sz300416,苏试试验,2015-01-22,2026-09-02,2814
sz300421,力星股份,2015-02-17,2026-09-02,2764
sz300422,博世科,2015-02-17,2026-09-02,2783
sz300424,航新科技,2015-04-22,2026-09-02,2700
sz300423,昇辉科技,2015-02-17,2026-09-02,2537
sz300431,暴风退,2015-03-24,2020-11-09,1080
sz300426,华智数媒,2015-02-17,2026-09-02,2720
sz300429,强力新材,2015-03-24,2026-09-02,2689
sz300428,立中集团,2015-03-19,2026-09-02,2617
sz300430,*ST益通,2015-03-19,2026-09-02,2716
sz300425,中建环能,2015-02-16,2026-09-02,2671
sz300432,富临精工,2015-03-19,2026-09-02,2701
sz300433,蓝思科技,2015-03-18,2026-09-02,2764
sz300434,金石亚药,2015-04-24,2026-09-02,2640
sz300435,中泰股份,2015-03-26,2026-09-02,2772
sz300427,红相股份,2015-02-17,2026-09-02,2599
sz300437,清水源,2015-04-23,2026-09-02,2642
sz300438,鹏辉能源,2015-04-24,2026-09-02,2714
sz300436,广生堂,2015-04-22,2026-09-02,2714
sz300441,鲍斯股份,2015-04-23,2026-09-02,2518
sz300439,美康生物,2015-04-22,2026-09-02,2761
sz300443,金雷股份,2015-04-22,2026-09-02,2754
sz300442,润泽科技,2015-04-24,2026-09-02,2747
sz300440,运达科技,2015-04-23,2026-09-02,2629
sz300444,双杰电气,2015-04-23,2026-09-02,2657
sz300448,浩云科技,2015-04-24,2026-09-02,2757
sz300446,航天智造,2015-04-23,2026-09-02,2751
sz300447,全信股份,2015-04-22,2026-09-02,2666
sz300445,康斯特,2015-04-24,2026-09-02,2763
sz300449,汉邦高科,2015-04-22,2026-09-02,2666
sz300451,创业慧康,2015-05-14,2026-09-02,2670
sz300453,三鑫医疗,2015-05-15,2026-09-02,2739
sz300450,先导智能,2015-05-18,2026-09-02,2599
sz300452,山河药辅,2015-05-15,2026-09-02,2749
sz300455,航天智装,2015-05-15,2026-09-02,2616
sz300457,赢合科技,2015-05-14,2026-09-02,2689
sz300461,田中精机,2015-05-19,2026-09-02,2534
sz300454,深信服,2018-05-16,2026-09-02,2017
sz300459,汤姆猫,2015-05-15,2026-09-02,2530
sz300458,全志科技,2015-05-15,2026-09-02,2739
sz300456,赛微电子,2015-05-14,2026-09-02,2599
sz300460,ST惠伦,2015-05-15,2026-09-02,2733
sz300462,ST华铭,2015-05-27,2026-09-02,2454
sz300463,迈克生物,2015-05-28,2026-09-02,2739
sz300466,赛摩智能,2015-05-28,2026-09-02,2383
sz300465,高伟达,2015-05-28,2026-09-02,2644
sz300471,厚普股份,2015-06-11,2026-09-02,2720
sz300464,星徽股份,2015-06-10,2026-09-02,2549
sz300468,四方精创,2015-05-27,2026-09-02,2708
sz300473,德尔股份,2015-06-12,2026-09-02,2654
sz300467,迅游科技,2015-05-27,2026-09-02,2539
sz300470,中密控股,2015-06-12,2026-09-02,2729
sz300472,*ST新元,2015-06-11,2026-09-01,2534
sz300469,信息发展,2015-06-11,2026-09-02,2622
sz300477,ST合纵,2015-06-10,2026-09-02,2622
sz300475,香农芯创,2015-06-10,2026-09-02,2702
sz300476,胜宏科技,2015-06-11,2026-09-02,2725
sz300482,万孚生物,2015-06-30,2026-09-02,2709
sz300480,光力科技,2015-07-02,2026-09-02,2649
sz300474,景嘉微,2016-03-31,2026-09-02,2527
sz300478,杭州高新,2015-06-10,2026-09-02,2634
sz300479,神思电子,2015-06-12,2026-09-02,2631
sz300481,濮阳惠成,2015-06-30,2026-09-02,2697
sz300485,赛升药业,2015-06-26,2026-09-02,2720
sz300484,蓝海华腾,2016-03-22,2026-09-02,2541
sz300483,首华燃气,2015-06-30,2026-09-02,2638
sz300486,东杰智能,2015-06-30,2026-09-02,2568
sz300491,通合科技,2015-12-31,2026-09-02,2504
sz300489,光智科技,2015-07-01,2026-09-02,2707
sz300487,蓝晓科技,2015-07-02,2026-09-02,2707
sz300490,华自科技,2015-12-31,2026-09-02,2450
sz300495,*ST美尚,2015-12-22,2024-05-08,1964
sz300488,恒锋工具,2015-07-01,2026-09-02,2577
sz300492,华图山鼎,2015-12-23,2026-09-02,2402
sz300499,高澜股份,2016-02-02,2026-09-02,2571
sz300493,润欣科技,2015-12-10,2026-09-02,2599
sz300498,温氏股份,2015-11-02,2026-09-01,2624
sz300496,中科创达,2015-12-10,2026-09-02,2546
sz300494,盛天网络,2015-12-31,2026-09-02,2593
sz300497,富祥股份,2015-12-22,2026-09-02,2600
sz300502,新易盛,2016-03-03,2026-09-02,2552
sz300500,启迪设计,2016-02-04,2026-09-02,2504
sz300504,天邑股份,2018-03-30,2026-09-02,2046
sz300501,海顺新材,2016-02-04,2026-09-02,2569
sz300506,名家汇,2016-03-24,2026-09-02,2513
sz300505,川金诺,2016-03-15,2026-09-02,2541
sz300508,维宏股份,2016-04-19,2026-09-02,2518
sz300507,苏奥传感,2016-04-29,2026-09-02,2506
sz300503,昊志机电,2016-03-09,2026-09-02,2545
sz300513,恒实科技,2016-05-30,2026-09-02,2395
sz300511,雪榕生物,2016-05-04,2026-09-02,2507
sz300510,金冠股份,2016-05-06,2026-09-02,2240
sz300509,新美星,2016-04-25,2026-09-02,2514
sz300512,中亚股份,2016-05-26,2026-09-02,2496
sz300514,友讯达,2017-04-26,2026-09-02,2274
sz300519,新光药业,2016-06-24,2026-09-02,2472
sz300515,三德科技,2016-06-08,2026-09-02,2485
sz300518,新迅达,2016-06-24,2026-09-02,2339
sz300516,久之洋,2016-06-02,2026-09-02,2491
sz300521,爱司凯,2016-07-05,2026-09-02,2445
sz300522,世名科技,2016-07-05,2026-09-02,2465
sz300517,海波重科,2016-07-19,2026-09-02,2460
sz300526,中潜退,2016-08-02,2023-07-11,1505
sz300520,科大国创,2016-07-08,2026-09-02,2456
sz300523,辰安科技,2016-07-26,2026-09-02,2370
sz300527,ST应急,2016-08-05,2026-09-02,2444
sz300531,优博讯,2016-08-09,2026-09-02,2440
sz300529,健帆生物,2016-08-02,2026-09-02,2450
sz300525,博思软件,2016-07-26,2026-09-02,2430
sz300535,达威股份,2016-08-12,2026-09-02,2369
sz300528,幸福蓝海,2016-08-08,2026-09-02,2446
sz300530,领湃科技,2016-08-09,2026-09-02,2433
sz300532,今天国际,2016-08-18,2026-09-02,2438
sz300533,冰川网络,2016-08-18,2026-09-02,2438
sz300538,同益股份,2016-08-26,2026-09-02,2432
sz300537,广信材料,2016-08-30,2026-09-02,2352
sz300536,农尚环境,2016-09-20,2026-09-02,2415
sz300534,陇神戎发,2016-09-13,2026-09-02,2405
sz300539,横河精密,2016-08-30,2026-09-02,2429
sz300541,先进数通,2016-09-13,2026-09-02,2420
sz300542,新晨科技,2016-09-20,2026-09-02,2407
sz300540,蜀道装备,2016-08-23,2026-09-02,2425
sz300545,联得装备,2016-09-28,2026-09-02,2411
sz300543,朗科智能,2016-09-08,2026-09-02,2341
sz300546,雄帝科技,2016-09-28,2026-09-02,2411
sz300547,川环科技,2016-09-30,2026-09-02,2409
sz300550,和仁科技,2016-10-18,2026-09-02,2397
sz300549,优德精密,2016-09-30,2026-09-02,2409
sz300551,古鳌科技,2016-10-18,2026-09-02,2389
sz300548,长芯博创,2016-10-12,2026-09-02,2402
sz300552,万集科技,2016-10-21,2026-09-02,2399
sz300554,三超新材,2017-04-21,2026-09-02,2274
sz300553,集智股份,2016-10-21,2026-09-02,2399
sz300557,理工光科,2016-11-01,2026-09-02,2392
sz300556,丝路视觉,2016-11-04,2026-09-02,2389
sz300560,中富通,2016-11-01,2026-09-02,2392
sz300559,佳发教育,2016-11-01,2026-09-02,2392
sz300558,贝达药业,2016-11-07,2026-09-02,2388
sz300561,汇金科技,2016-11-17,2026-09-02,2312
sz300555,ST路通,2016-10-18,2026-09-02,2401
sz300562,乐心医疗,2016-11-16,2026-09-02,2378
sz300567,精测电子,2016-11-22,2026-09-02,2372
sz300563,神宇股份,2016-11-14,2026-09-02,2383
sz300564,筑博设计,2019-11-08,2026-09-02,1655
sz300571,平治信息,2016-12-13,2026-09-02,2357
sz300565,科信技术,2016-11-22,2026-09-02,2377
sz300569,天能重工,2016-11-25,2026-09-02,2369
sz300566,激智科技,2016-11-15,2026-09-02,2372
sz300568,星源材质,2016-12-01,2026-09-02,2370
sz300572,安车检测,2016-12-06,2026-09-02,2362
sz300573,兴齐眼药,2016-12-08,2026-09-02,2365
sz300570,太辰光,2016-12-06,2026-09-02,2367
sz300575,中旗股份,2016-12-20,2026-09-02,2357
sz300582,英飞特,2016-12-28,2026-09-02,2309
sz300578,会畅科技,2017-01-25,2026-09-02,2258
sz300581,晨曦航空,2016-12-20,2026-09-02,2357
sz300580,贝斯特,2017-01-11,2026-09-02,2234
sz300585,奥联电子,2016-12-29,2026-09-02,2339
sz300577,开润股份,2016-12-21,2026-09-02,2356
sz300579,数字认证,2016-12-23,2026-09-02,2354
sz300576,容大感光,2016-12-20,2026-09-02,2347
sz300584,海辰药业,2017-01-12,2026-09-02,2341
sz300589,江龙船艇,2017-01-13,2026-09-02,2340
sz300583,赛托生物,2017-01-06,2026-09-02,2345
sz300586,美联新材,2017-01-04,2026-09-02,2255
sz300588,熙菱信息,2017-01-05,2026-09-02,2341
sz300591,万里马,2017-01-10,2026-09-02,2343
sz300587,天铁科技,2017-01-05,2026-09-02,2346
sz300594,ST朗进,2019-06-21,2026-09-02,1748
sz300590,移为通信,2017-01-11,2026-09-02,2238
sz300592,华凯易佰,2017-01-20,2026-09-02,2314
sz300596,利安隆,2017-01-19,2026-09-02,2326
sz300597,吉大通信,2017-01-23,2026-09-02,2329
sz300595,欧普康视,2017-01-17,2026-09-02,2338
sz300593,新雷能,2017-01-13,2026-09-02,2299
sz300598,诚迈科技,2017-01-20,2026-09-02,2330
sz300600,国瑞科技,2017-01-25,2026-09-02,2330
sz300601,康泰生物,2017-02-07,2026-09-02,2328
sz300599,雄塑科技,2017-01-23,2026-09-02,2324
sz300602,飞荣达,2017-01-26,2026-09-02,2331
sz300605,恒锋信息,2017-02-08,2026-09-02,2327
sz300607,拓斯达,2017-02-09,2026-09-02,2314
sz300606,金太阳,2017-02-08,2026-09-02,2327
sz300604,长川科技,2017-04-17,2026-09-02,2270
sz300603,立昂技术,2017-01-26,2026-09-02,2170
sz300609,汇纳科技,2017-02-15,2026-09-02,2319
sz300608,思特奇,2017-02-13,2026-09-02,2324
sz300610,晨化股份,2017-02-13,2026-09-02,2324
sz300614,百川畅银,2021-05-25,2026-09-02,1282
sz300612,宣亚国际,2017-02-15,2026-09-02,2151
sz300615,欣天科技,2017-02-15,2026-09-02,2317
sz300611,美力科技,2017-02-20,2026-09-02,2319
sz300618,寒锐钴业,2017-03-06,2026-09-02,2307
sz300613,富瀚微,2017-02-20,2026-09-02,2309
sz300616,尚品宅配,2017-03-07,2026-09-02,2308
sz300619,金银河,2017-03-01,2026-09-02,2312
sz300620,光库科技,2017-03-10,2026-09-02,2295
sz300621,维业股份,2017-03-16,2026-09-02,2301
sz300624,万兴科技,2018-01-18,2026-09-02,2082
sz300617,安靠智电,2017-02-28,2026-09-02,2313
sz300622,博士眼镜,2017-03-15,2026-09-02,2302
sz300625,三雄极光,2017-03-17,2026-09-02,2300
sz300626,华瑞股份,2017-03-20,2026-09-02,2299
sz300628,亿联网络,2017-03-17,2026-09-02,2300
sz300629,新劲刚,2017-03-24,2026-09-02,2252
sz300623,捷捷微电,2017-03-14,2026-09-02,2303
sz300631,久吾高科,2017-03-23,2026-09-02,2296
sz300630,普利退,2017-03-28,2025-05-21,1909
sz300632,光莆股份,2017-04-06,2026-09-02,2288
sz300636,同和药业,2017-03-31,2026-09-02,2289
sz300633,开立医疗,2017-04-06,2026-09-02,2288
sz300635,中达安,2017-03-31,2026-09-02,2282
sz300634,彩讯股份,2018-03-23,2026-09-02,2051
sz300639,凯普生物,2017-04-12,2026-09-02,2284
sz300641,正丹股份,2017-04-18,2026-09-02,2275
sz300637,扬帆新材,2017-04-12,2026-09-02,2284
sz300638,广和通,2017-04-13,2026-09-02,2276
sz300640,德艺文创,2017-04-17,2026-09-02,2262
sz300642,透景生命,2017-04-21,2026-09-02,2277
sz300643,万通智控,2017-05-05,2026-09-02,2268
sz300648,星云股份,2017-04-25,2026-09-02,2275
sz300647,超频三,2017-05-03,2026-09-02,2228
sz300644,南京聚隆,2018-02-06,2026-09-02,2076
sz300651,金陵体育,2017-05-09,2026-09-02,2266
sz300645,正元智慧,2017-04-21,2026-09-02,2267
sz300650,太龙股份,2017-05-03,2026-09-02,2270
sz300649,杭州园林,2017-05-05,2026-09-02,2263
sz300653,正海生物,2017-05-16,2026-09-02,2261
sz300652,雷迪克,2017-05-16,2026-09-02,2261
sz300654,世纪天鸿,2017-09-26,2026-09-02,2168
sz300659,中孚信息,2017-05-26,2026-09-02,2145
sz300660,江苏雷利,2017-06-02,2026-09-02,2240
sz300655,晶瑞电材,2017-05-23,2026-09-02,2249
sz300657,弘信电子,2017-05-23,2026-09-02,2214
sz300661,圣邦股份,2017-06-06,2026-09-02,2238
sz300656,民德电子,2017-05-19,2026-09-02,2190
sz300663,科蓝软件,2017-06-08,2026-09-02,2246
sz300662,科锐国际,2017-06-08,2026-09-02,2198
sz300658,延江股份,2017-06-02,2026-09-02,2240
sz300664,鹏鹞环保,2018-01-05,2026-09-02,2101
sz300665,飞鹿股份,2017-06-13,2026-09-02,2227
sz300627,华测导航,2017-03-21,2026-09-02,2298
sz300667,必创科技,2017-06-19,2026-09-02,2223
sz300666,江丰电子,2017-06-15,2026-09-02,2220
sz300670,大烨智能,2017-07-03,2026-09-02,2133
sz300668,杰恩股份,2017-06-19,2026-09-02,2239
sz300669,沪宁股份,2017-06-29,2026-09-02,2231
sz300673,佩蒂股份,2017-07-11,2026-09-02,2223
sz300672,国科微,2017-07-12,2026-09-02,2199
sz300675,建科院,2017-07-19,2026-09-02,2217
sz300674,宇信科技,2018-11-07,2026-09-02,1899
sz300677,英科医疗,2017-07-21,2026-09-02,2215
sz300676,华大基因,2017-07-14,2026-09-02,2210
sz300679,电连技术,2017-07-31,2026-09-02,2199
sz300681,英搏尔,2017-07-25,2026-09-02,2213
sz300678,中科信息,2017-07-28,2026-09-02,2185
sz300680,隆盛科技,2017-07-25,2026-09-02,2129
sz300682,朗新科技,2017-08-01,2026-09-02,2157
sz300683,海特生物,2017-08-08,2026-09-02,2145
sz300684,中石科技,2017-12-27,2026-09-02,2107
sz300687,赛意信息,2017-08-03,2026-09-02,2196
sz300686,智动力,2017-08-04,2026-09-02,2205
sz300671,富满微,2017-07-05,2026-09-02,2227
sz300688,创业黑马,2017-08-10,2026-09-02,2180
sz300685,艾德生物,2017-08-02,2026-09-02,2203
sz300691,联合光电,2017-08-11,2026-09-02,2190
sz300690,双一科技,2017-08-08,2026-09-02,2203
sz300692,中赋科技,2017-08-21,2026-09-02,2186
sz300689,澄天伟业,2017-08-09,2026-09-02,2202
sz300696,爱乐达,2017-08-22,2026-09-02,2193
sz300694,蠡湖股份,2018-10-15,2026-09-02,1916
sz300695,兆丰股份,2017-09-08,2026-09-02,2180
sz300697,电工合金,2017-09-07,2026-09-02,2177
sz300693,盛弘股份,2017-08-22,2026-09-02,2188
sz300699,光威复材,2017-09-01,2026-09-02,2185
sz300700,岱勒新材,2017-09-12,2026-09-02,2168
sz300698,万马科技,2017-08-31,2026-09-02,2186
sz300703,创源股份,2017-09-19,2026-09-02,2169
sz300701,森霸传感,2017-09-15,2026-09-02,2175
sz300706,阿石创,2017-09-26,2026-09-02,2168
sz300705,九典制药,2017-10-10,2026-09-02,2163
sz300702,天宇股份,2017-09-19,2026-09-02,2173
sz300712,永福股份,2017-10-31,2026-09-02,2148
sz300709,精研科技,2017-10-19,2026-09-02,2156
sz300707,威唐工业,2017-10-10,2026-09-02,2163
sz300711,广哈通信,2017-11-01,2026-09-02,2147
sz300715,凯伦股份,2017-10-26,2026-09-02,2145
sz300719,安达维尔,2017-11-09,2026-09-02,2141
sz300708,聚灿光电,2017-10-16,2026-09-02,2159
sz300710,万隆光电,2017-10-19,2026-09-02,2141
sz300718,长盛轴承,2017-11-06,2026-09-02,2144
sz300713,英可瑞,2017-11-01,2026-09-02,2147
sz300716,*ST泉为,2017-11-09,2026-09-02,2134
sz300722,新余国科,2017-11-10,2026-09-02,2138
sz300717,华信新材,2017-11-06,2026-09-02,2136
sz300726,宏达电子,2017-11-21,2026-09-02,2133
sz300723,一品红,2017-11-16,2026-09-02,2136
sz300724,捷佳伟创,2018-08-10,2026-09-02,1956
sz300720,海川智能,2017-11-06,2026-09-02,2134
sz300731,科创新源,2017-12-08,2026-09-02,2105
sz300725,药石科技,2017-11-10,2026-09-02,2135
sz300727,润禾材料,2017-11-27,2026-09-02,2129
sz300732,设研院,2017-12-12,2026-09-02,2074
sz300733,西菱动力,2018-01-16,2026-09-02,2094
sz300729,乐歌股份,2017-12-01,2026-09-02,2125
sz300730,科创信息,2017-12-05,2026-09-02,2118
sz300721,怡达股份,2017-11-15,2026-09-02,2137
sz300737,科顺股份,2018-01-25,2026-09-02,2077
sz300735,光弘科技,2017-12-29,2026-09-02,2105
sz300738,奥飞数据,2018-01-19,2026-09-02,2091
sz300736,百邦科技,2018-01-09,2026-09-02,2097
sz300739,明阳电路,2018-02-01,2026-09-02,2082
sz300740,水羊股份,2018-02-08,2026-09-02,1977
sz300741,华宝股份,2018-03-01,2026-09-02,2067
sz300743,天地数码,2018-04-27,2026-09-02,2028
sz300745,欣锐科技,2018-05-23,2026-09-02,2012
sz300748,金力永磁,2018-09-21,2026-09-02,1926
sz300742,越博退,2018-05-08,2024-07-19,1468
sz300750,宁德时代,2018-06-11,2026-09-01,1998
sz300751,迈为股份,2018-11-09,2026-09-02,1897
sz300746,汉嘉数智,2018-05-25,2026-09-02,1992
sz300755,华致酒行,2019-01-29,2026-09-02,1842
sz300747,锐科激光,2018-06-25,2026-09-02,1990
sz300749,顶固集创,2018-09-25,2026-09-02,1910
sz300753,爱朋医疗,2018-12-13,2026-09-02,1873
sz300752,隆利科技,2018-11-30,2026-09-02,1882
sz300760,迈瑞医疗,2018-10-16,2026-09-01,1914
sz300762,上海瀚讯,2019-03-14,2026-09-02,1815
sz300758,七彩化学,2019-02-22,2026-09-02,1829
sz300757,罗博特科,2019-01-08,2026-09-02,1837
sz300761,立华股份,2019-02-18,2026-09-02,1833
sz300759,康龙化成,2019-01-28,2026-09-02,1843
sz300756,金马游乐,2018-12-28,2026-09-02,1862
sz300763,锦浪科技,2019-03-19,2026-09-02,1812
sz300769,德方纳米,2019-04-15,2026-09-02,1794
sz300773,拉卡拉,2019-04-25,2026-09-02,1786
sz300766,每日互动,2019-03-25,2026-09-02,1808
sz300765,石药创新,2019-03-22,2026-09-02,1789
sz300768,迪普科技,2019-04-12,2026-09-02,1795
sz300770,新媒股份,2019-04-19,2026-09-02,1790
sz300775,三角防务,2019-05-21,2026-09-02,1771
sz300774,倍杰特,2021-08-04,2026-09-02,1232
sz300776,帝尔激光,2019-05-17,2026-09-02,1773
sz300771,智莱科技,2019-04-22,2026-09-02,1789
sz300767,震安科技,2019-03-29,2026-09-02,1804
sz300772,运达股份,2019-04-26,2026-09-02,1779
sz300778,新城市,2019-05-10,2026-09-02,1778
sz300777,中简科技,2019-05-16,2026-09-02,1774
sz300779,惠城环保,2019-05-22,2026-09-02,1770
sz300783,三只松鼠,2019-07-12,2026-09-02,1734
sz300784,利安科技,2024-06-07,2026-09-02,545
sz300781,因赛集团,2019-06-06,2026-09-02,1755
sz300780,德恩精工,2019-05-31,2026-09-02,1763
sz300782,卓胜微,2019-06-18,2026-09-02,1752
sz300786,国林科技,2019-07-23,2026-09-02,1727
sz300789,唐源电气,2019-08-28,2026-09-02,1701
sz300790,宇瞳光学,2019-09-20,2026-09-02,1685
sz300788,中信出版,2019-07-05,2026-09-02,1739
sz300787,海能实业,2019-08-15,2026-09-02,1710
sz300791,仙乐健康,2019-09-25,2026-09-02,1682
sz300796,贝斯美,2019-11-15,2026-09-02,1650
sz300799,左江退,2019-10-29,2024-07-26,1101
sz300792,壹网壹创,2019-09-27,2026-09-02,1680
sz300800,力合科技,2019-11-06,2026-09-02,1657
sz300795,米奥会展,2019-10-22,2026-09-02,1666
sz300797,钢研纳克,2019-11-01,2026-09-02,1660
sz300798,锦鸡股份,2019-11-22,2026-09-02,1645
sz300793,佳禾智能,2019-10-18,2026-09-02,1670
sz300802,矩子科技,2019-11-14,2026-09-02,1650
sz300801,泰和科技,2019-11-28,2026-09-02,1641
sz300804,广康生化,2023-06-27,2026-09-02,775
sz300805,电声股份,2019-11-21,2026-09-02,1646
sz300803,指南针,2019-11-18,2026-09-02,1649
sz300807,天迈科技,2019-12-19,2026-09-02,1611
sz300808,久量股份,2019-11-29,2026-09-02,1640
sz300811,铂科新材,2019-12-30,2026-09-02,1619
sz300806,斯迪克,2019-11-25,2026-09-02,1644
sz300810,中科海讯,2019-12-06,2026-09-02,1635
sz300809,华辰装备,2019-12-04,2026-09-02,1632
sz300814,中富电路,2021-08-12,2026-09-02,1226
sz300813,泰林生物,2020-01-14,2026-09-02,1609
sz300785,值得买,2019-07-15,2026-09-02,1733
sz300816,艾可蓝,2020-02-10,2026-09-02,1596
sz300812,易天股份,2020-01-09,2026-09-02,1612
sz300817,双飞集团,2020-02-18,2026-09-02,1590
sz300815,玉禾田,2020-01-23,2026-09-02,1602
sz300819,聚杰微纤,2020-03-12,2026-09-02,1573
sz300821,东岳硅材,2020-03-12,2026-09-02,1573
sz300822,贝仕达克,2020-03-13,2026-09-02,1572
sz300820,英杰电气,2020-02-13,2026-09-02,1593
sz300824,北鼎股份,2020-06-19,2026-09-02,1506
sz300829,金丹科技,2020-04-22,2026-09-02,1545
sz300823,建科智能,2020-03-19,2026-09-02,1568
sz300818,耐普矿机,2020-02-12,2026-09-02,1594
sz300830,金现代,2020-05-06,2026-09-02,1538
sz300826,测绘股份,2020-04-03,2026-09-02,1557
sz300832,新产业,2020-05-12,2026-09-02,1534
sz300827,上能电气,2020-04-10,2026-09-02,1538
sz300828,锐新科技,2020-04-21,2026-09-02,1536
sz300831,ST派瑞,2020-05-07,2026-09-02,1536
sz300837,浙矿股份,2020-06-05,2026-09-02,1516
sz300835,龙磁科技,2020-05-25,2026-09-02,1525
sz300836,佰奥智能,2020-05-28,2026-09-02,1522
sz300839,博汇股份,2020-06-30,2026-09-02,1496
sz300833,浩洋股份,2020-05-20,2026-09-02,1528
sz300841,康华生物,2020-06-16,2026-09-02,1504
sz300825,阿尔特,2020-03-27,2026-09-02,1562
sz300838,浙江力诺,2020-06-08,2026-09-02,1515
sz300843,胜蓝股份,2020-07-02,2026-09-02,1499
sz300847,中船汉光,2020-07-09,2026-09-02,1494
sz300834,星辉环材,2022-01-13,2026-09-02,1124
sz300840,酷特智能,2020-07-08,2026-09-02,1495
sz300842,帝科股份,2020-06-18,2026-09-02,1497
sz300844,山水比德,2021-08-13,2026-09-02,1225
sz300846,首都在线,2020-07-01,2026-09-02,1500
sz300845,捷安高科,2020-07-03,2026-09-02,1498
sz300848,美瑞新材,2020-07-20,2026-09-02,1487
sz300855,图南股份,2020-07-23,2026-09-02,1484
sz300849,锦盛新材,2020-07-10,2026-09-02,1493
sz300854,中兰环保,2021-09-16,2026-09-02,1201
sz300850,新强联,2020-07-13,2026-09-02,1486
sz300856,科思股份,2020-07-22,2026-09-02,1485
sz300851,交大思诺,2020-07-17,2026-09-02,1478
sz300852,四会富仕,2020-07-13,2026-09-02,1492
sz300861,美畅股份,2020-08-24,2026-09-02,1462
sz300853,申昊科技,2020-07-24,2026-09-02,1483
sz300859,西域旅游,2020-08-06,2026-09-02,1470
sz300860,锋尚文化,2020-08-24,2026-09-02,1462
sz300863,卡倍亿,2020-08-24,2026-09-02,1462
sz300857,协创数据,2020-07-27,2026-09-02,1482
sz300865,大宏立,2020-08-24,2026-09-02,1462
sz300858,科拓生物,2020-07-27,2026-09-02,1482
sz300864,南大环境,2020-08-24,2026-09-02,1462
sz300862,蓝盾光电,2020-08-24,2026-09-02,1449
sz300868,杰美特,2020-08-24,2026-09-02,1462
sz300866,安克创新,2020-08-24,2026-09-02,1462
sz300867,圣元环保,2020-08-24,2026-09-02,1462
sz300869,康泰医学,2020-08-24,2026-09-02,1462
sz300871,回盛生物,2020-08-24,2026-09-02,1462
sz300877,金春股份,2020-08-24,2026-09-02,1462
sz300870,欧陆通,2020-08-24,2026-09-02,1462
sz300879,大叶股份,2020-09-01,2026-09-02,1456
sz300876,蒙泰高新,2020-08-24,2026-09-02,1462
sz300875,捷强装备,2020-08-24,2026-09-02,1442
sz300872,天阳科技,2020-08-24,2026-09-02,1462
sz300882,万胜智能,2020-09-10,2026-09-02,1449
sz300873,海晨股份,2020-08-24,2026-09-02,1462
sz300884,狄耐克,2020-11-12,2026-09-02,1410
sz300880,迦南智能,2020-09-01,2026-09-02,1456
sz300878,维康药业,2020-08-24,2026-09-02,1462
sz300881,盛德鑫泰,2020-09-01,2026-09-02,1456
sz300886,华业香料,2020-09-16,2026-09-02,1435
sz300883,龙利得,2020-09-10,2026-09-02,1449
sz300885,海昌新材,2020-09-10,2026-09-02,1449
sz300893,松原安全,2020-09-24,2026-09-02,1439
sz300887,谱尼测试,2020-09-16,2026-09-02,1445
sz300890,翔丰华,2020-09-17,2026-09-02,1444
sz300894,火星人,2020-12-31,2026-09-02,1375
sz300888,稳健医疗,2020-09-17,2026-09-02,1444
sz300889,爱克股份,2020-09-16,2026-09-02,1435
sz300892,品渥食品,2020-09-24,2026-09-02,1439
sz300891,惠云钛业,2020-09-17,2026-09-02,1444
sz300898,熊猫乳品,2020-10-16,2026-09-02,1429
sz300896,爱美客,2020-09-28,2026-09-02,1437
sz300902,国安达,2020-10-29,2026-09-02,1420
sz300897,山科智能,2020-09-28,2026-09-02,1432
sz300899,上海凯鑫,2020-10-16,2026-09-02,1427
sz300895,铜牛信息,2020-09-24,2026-09-02,1439
sz300901,中胤时尚,2020-10-29,2026-09-02,1420
sz300900,广联航空,2020-10-29,2026-09-02,1420
sz300903,科翔股份,2020-11-05,2026-09-02,1415
sz300904,威力传动,2023-08-09,2026-09-02,744
sz300907,康平科技,2020-11-18,2026-09-02,1406
sz300910,瑞丰新材,2020-11-27,2026-09-02,1399
sz300912,凯龙高科,2020-12-07,2026-09-02,1383
sz300911,亿田智能,2020-12-03,2026-09-02,1395
sz300913,兆龙互连,2020-12-07,2026-09-02,1393
sz300908,仲景食品,2020-11-23,2026-09-02,1403
sz300906,日月明,2020-11-05,2026-09-02,1415
sz300905,宝丽迪,2020-11-05,2026-09-02,1405
sz300909,汇创达,2020-11-18,2026-09-02,1397
sz300920,润阳科技,2020-12-25,2026-09-02,1379
sz300915,海融科技,2020-12-02,2026-09-02,1396
sz300916,朗特智能,2020-12-02,2026-09-02,1396
sz300918,南山智尚,2020-12-22,2026-09-02,1382
sz300917,特发服务,2020-12-21,2026-09-02,1383
sz300922,天秦装备,2020-12-25,2026-09-02,1379
sz300925,法本信息,2020-12-30,2026-09-02,1376
sz300919,中伟新材,2020-12-23,2026-09-02,1381
sz300927,江天化学,2021-01-07,2026-09-02,1371
sz300923,研奥股份,2020-12-24,2026-09-02,1380
sz300928,华安鑫创,2021-01-06,2026-09-02,1372
sz300926,博俊科技,2021-01-07,2026-09-02,1371
sz300931,通用电梯,2021-01-21,2026-09-02,1361
sz300921,南凌科技,2020-12-22,2026-09-02,1382
sz300932,三友联众,2021-01-22,2026-09-02,1360
sz300938,信测标准,2021-01-27,2026-09-02,1357
sz300936,中英科技,2021-01-26,2026-09-02,1358
sz300933,中辰股份,2021-01-22,2026-09-02,1360
sz300935,盈建科,2021-01-20,2026-09-02,1362
sz300930,屹通新材,2021-01-21,2026-09-02,1361
sz300929,华骐环保,2021-01-20,2026-09-02,1362
sz300942,易瑞生物,2021-02-09,2026-09-02,1348
sz300939,秋田微,2021-01-28,2026-09-02,1356
sz300946,恒而达,2021-02-08,2026-09-02,1349
sz300941,创识科技,2021-02-09,2026-09-02,1348
sz300940,南极光,2021-02-03,2026-09-02,1352
sz300943,春晖智控,2021-02-10,2026-09-02,1337
sz300949,奥雅股份,2021-02-26,2026-09-02,1340
sz300937,药易购,2021-01-27,2026-09-02,1357
sz300950,德固特,2021-03-03,2026-09-02,1327
sz300956,英力股份,2021-03-26,2026-09-02,1310
sz300951,博硕科技,2021-02-26,2026-09-02,1340
sz300957,贝泰妮,2021-03-25,2026-09-02,1321
sz300947,德必集团,2021-02-10,2026-09-02,1347
sz300952,恒辉安防,2021-03-11,2026-09-02,1331
sz300948,冠中生态,2021-02-25,2026-09-02,1336
sz300955,嘉亨家化,2021-03-24,2026-09-02,1312
sz300945,曼卡龙,2021-02-10,2026-09-02,1347
sz300958,建工修复,2021-03-29,2026-09-02,1319
sz300953,震裕科技,2021-03-18,2026-09-02,1326
sz300963,中洲特材,2021-04-09,2026-09-02,1311
sz300960,通业科技,2021-03-29,2026-09-02,1319
sz300962,中金辐照,2021-04-09,2026-09-02,1311
sz300961,深水海纳,2021-03-30,2026-09-02,1318
sz300965,恒宇信通,2021-04-02,2026-09-02,1294
sz300964,本川智能,2021-08-05,2026-09-02,1231
sz300959,线上线下,2021-03-22,2026-09-02,1319
sz300967,晓鸣股份,2021-04-13,2026-09-02,1309
sz300968,格林精密,2021-04-15,2026-09-02,1307
sz300966,共同药业,2021-04-09,2026-09-02,1311
sz300976,达瑞电子,2021-04-19,2026-09-02,1305
sz300972,万辰集团,2021-04-19,2026-09-02,1305
sz300969,恒帅股份,2021-04-12,2026-09-02,1310
sz300970,华绿生物,2021-04-12,2026-09-02,1310
sz300971,博亚精工,2021-04-15,2026-09-02,1307
sz300973,立高食品,2021-04-15,2026-09-02,1307
sz300975,商络电子,2021-04-21,2026-09-02,1303
sz300980,祥源新材,2021-04-21,2026-09-02,1303
sz300983,尤安设计,2021-04-20,2026-09-02,1304
sz300979,华利集团,2021-04-26,2026-09-02,1300
sz300978,东箭科技,2021-04-26,2026-09-02,1300
sz300977,深圳瑞捷,2021-04-20,2026-09-02,1304
sz300982,苏文电能,2021-04-27,2026-09-02,1299
sz300981,中红医疗,2021-04-27,2026-09-02,1299
sz300984,金沃股份,2021-06-18,2026-09-02,1265
sz300987,川网传媒,2021-05-11,2026-09-02,1292
sz300989,蕾奥规划,2021-05-07,2026-09-02,1294
sz300985,致远新能,2021-04-29,2026-09-02,1297
sz300988,津荣天宇,2021-05-12,2026-09-02,1291
sz300995,奇德新材,2021-05-26,2026-09-02,1281
sz300994,久祺股份,2021-08-12,2026-09-02,1226
sz300986,志特新材,2021-04-30,2026-09-02,1293
sz300993,玉马科技,2021-05-24,2026-09-02,1283
sz300991,创益通,2021-05-20,2026-09-02,1285
sz300996,普联软件,2021-06-03,2026-09-02,1272
sz300997,欢乐家,2021-06-02,2026-09-02,1276
sz301000,肇民科技,2021-05-28,2026-09-02,1279
sz300992,泰福泵业,2021-05-25,2026-09-02,1277
sz300990,同飞股份,2021-05-12,2026-09-02,1291
sz300999,金龙鱼,2020-10-15,2026-09-02,1430
sz301004,嘉益股份,2021-06-25,2026-09-02,1260
sz301002,崧盛股份,2021-06-07,2026-09-02,1273
sz301001,凯淳股份,2021-05-28,2026-09-02,1279
sz301005,超捷股份,2021-06-01,2026-09-02,1277
sz300998,宁波方正,2021-06-02,2026-09-02,1276
sz301003,江苏博云,2021-06-01,2026-09-02,1277
sz301008,宏昌科技,2021-06-11,2026-09-02,1269
sz301010,晶雪节能,2021-06-18,2026-09-02,1265
sz301006,迈拓股份,2021-06-07,2026-09-02,1273
sz301009,可靠股份,2021-06-17,2026-09-02,1266
sz301015,百洋医药,2021-06-30,2026-09-02,1257
sz301007,德迈仕,2021-06-16,2026-09-02,1265
sz301011,华立科技,2021-06-17,2026-09-02,1266
sz301016,雷尔伟,2021-06-30,2026-09-02,1247
sz301012,扬电科技,2021-06-22,2026-09-02,1261
sz301017,漱玉平民,2021-07-05,2026-09-02,1254
sz301021,英诺激光,2021-07-06,2026-09-02,1253
sz301013,利和兴,2021-06-29,2026-09-02,1258
sz301023,奕帆传动,2021-07-07,2026-09-02,1252
sz301018,申菱环境,2021-07-07,2026-09-02,1252
sz301020,密封科技,2021-07-06,2026-09-02,1253
sz301022,海泰科,2021-07-02,2026-09-02,1245
sz301027,华蓝集团,2021-07-15,2026-09-02,1243
sz301019,宁波色母,2021-06-28,2026-09-02,1259
sz301024,霍普股份,2021-07-28,2026-09-02,1237
sz301029,怡合达,2021-07-23,2026-09-02,1240
sz301025,读客文化,2021-07-19,2026-09-02,1239
sz301031,中熔电气,2021-07-15,2026-09-02,1246
sz301032,新柴股份,2021-07-22,2026-09-02,1241
sz301026,浩通科技,2021-07-16,2026-09-02,1245
sz301028,鼎熔岩,2021-07-20,2026-09-02,1243
sz301035,润丰股份,2021-07-28,2026-09-02,1237
sz301038,深水规院,2021-08-04,2026-09-02,1232
sz301040,中环海陆,2021-08-03,2026-09-02,1228
sz301030,*ST仕净,2021-07-22,2026-09-02,1240
sz301033,迈普医学,2021-07-26,2026-09-02,1229
sz301039,中集车辆,2021-07-08,2026-09-02,1249
sz301036,双乐股份,2021-07-29,2026-09-02,1236
sz301046,能辉科技,2021-08-17,2026-09-02,1223
sz301042,安联锐视,2021-08-05,2026-09-02,1231
sz301047,义翘神州,2021-08-16,2026-09-02,1224
sz301041,金百泽,2021-08-11,2026-09-02,1227
sz301037,保立佳,2021-07-30,2026-09-02,1235
sz301043,绿岛风,2021-08-11,2026-09-02,1227
sz301045,天禄科技,2021-08-13,2026-09-02,1225
sz301049,超越科技,2021-08-24,2026-09-02,1218
sz301057,汇隆新材,2021-09-09,2026-09-02,1201
sz301050,雷电微力,2021-08-24,2026-09-02,1218
sz301053,远信工业,2021-09-01,2026-09-02,1212
sz301051,信濠光电,2021-08-27,2026-09-02,1215
sz301056,森赫股份,2021-09-07,2026-09-02,1208
sz301048,金鹰重工,2021-08-18,2026-09-02,1222
sz301052,果麦文化,2021-08-30,2026-09-02,1214
sz301058,中粮科工,2021-09-09,2026-09-02,1206
sz301055,张小泉,2021-09-06,2026-09-02,1209
sz301063,海锅股份,2021-09-24,2026-09-02,1197
sz301066,万事利,2021-09-22,2026-09-02,1199
sz301068,大地海洋,2021-09-28,2026-09-02,1185
sz301061,匠心家居,2021-09-13,2026-09-02,1204
sz301067,显盈科技,2021-09-22,2026-09-02,1199
sz301059,金三江,2021-09-13,2026-09-02,1204
sz301070,开勒股份,2021-09-23,2026-09-02,1198
sz301065,本立科技,2021-09-14,2026-09-02,1203
sz301072,中捷精工,2021-09-29,2026-09-02,1194
sz301060,兰卫医学,2021-09-13,2026-09-02,1204
sz301062,上海艾录,2021-09-14,2026-09-02,1203
sz301069,凯盛新材,2021-09-27,2026-09-02,1196
sz301073,君亭酒店,2021-09-30,2026-09-02,1188
sz301071,力量钻石,2021-09-24,2026-09-02,1197
sz301077,星华新材,2021-09-30,2026-09-02,1193
sz301076,新瀚新材,2021-10-11,2026-09-02,1191
sz301081,严牌股份,2021-10-20,2026-09-02,1184
sz301078,孩子王,2021-10-14,2026-09-02,1188
sz301085,亚康股份,2021-10-18,2026-09-02,1186
sz301079,邵阳液压,2021-10-19,2026-09-02,1175
sz301083,百胜智能,2021-10-21,2026-09-02,1183
sz301080,百普赛斯,2021-10-18,2026-09-02,1186
sz301075,多瑞医药,2021-09-29,2026-09-02,1187
sz301086,鸿富瀚,2021-10-20,2026-09-02,1184
sz301090,华润材料,2021-10-26,2026-09-02,1180
sz301087,可孚医疗,2021-10-25,2026-09-02,1181
sz301088,戎美股份,2021-10-28,2026-09-02,1178
sz301082,久盛电气,2021-10-27,2026-09-02,1179
sz301092,争光股份,2021-11-02,2026-09-02,1175
sz301091,深城交,2021-10-29,2026-09-02,1177
sz301089,拓新药业,2021-10-27,2026-09-02,1174
sz301097,天益医疗,2022-04-07,2026-09-02,1071
sz301095,广立微,2022-08-05,2026-09-02,989
sz301096,百诚医药,2021-12-20,2026-09-02,1136
sz301101,明月镜片,2021-12-16,2026-09-02,1143
sz301099,雅创电子,2021-11-22,2026-09-02,1161
sz301093,华兰股份,2021-11-01,2026-09-02,1176
sz301105,鸿铭股份,2022-12-30,2026-09-02,890
sz301102,兆讯传媒,2022-03-28,2026-09-02,1077
sz301100,风光股份,2021-12-17,2026-09-02,1142
sz301103,何氏眼科,2022-03-22,2026-09-02,1081
sz301098,金埔园林,2021-11-12,2026-09-02,1167
sz301107,瑜欣电子,2022-05-24,2026-09-02,1041
sz301106,骏成科技,2022-01-28,2026-09-02,1103
sz301111,粤万年青,2021-12-07,2026-09-02,1150
sz301110,青木科技,2022-03-11,2026-09-02,1088
sz301109,军信股份,2022-04-13,2026-09-01,1056
sz301112,信邦智能,2022-06-29,2026-09-02,1006
sz301108,洁雅股份,2021-12-03,2026-09-02,1152
sz301115,联检科技,2022-08-31,2026-09-02,971
sz301113,雅艺科技,2021-12-22,2026-09-02,1139
sz301120,新特电气,2022-04-19,2026-09-02,1063
sz301121,紫建电子,2022-08-08,2026-09-02,988
sz301118,恒光股份,2021-11-18,2026-09-02,1163
sz301122,采纳股份,2022-01-26,2026-09-02,1115
sz301117,ST佳缘,2022-01-17,2026-09-02,1121
sz301123,奕东电子,2022-01-25,2026-09-02,1116
sz301116,益客食品,2022-01-18,2026-09-02,1121
sz301125,腾亚精工,2022-06-08,2026-09-02,1031
sz301119,正强股份,2021-11-22,2026-09-02,1161
sz301127,武汉天源,2021-12-30,2026-09-02,1133
sz301128,强瑞技术,2021-11-10,2026-09-02,1169
sz301130,西点药业,2022-02-23,2026-09-02,1100
sz301132,满坤科技,2022-08-10,2026-09-02,986
sz301131,聚赛龙,2022-03-14,2026-09-02,1087
sz301126,达嘉维康,2021-12-07,2026-09-02,1150
sz301129,瑞纳智能,2021-11-02,2026-09-02,1175
sz301139,*ST元道,2022-07-08,2026-08-28,1005
sz301135,瑞德智能,2022-04-12,2026-09-02,1068
sz301136,招标股份,2022-01-11,2026-09-02,1126
sz301133,金钟股份,2021-11-26,2026-09-02,1157
sz301141,中科磁业,2023-04-03,2026-09-02,830
sz301137,哈焊华通,2022-03-22,2026-09-02,1081
sz301138,华研精机,2021-12-15,2026-09-02,1144
sz301149,隆华新材,2021-11-10,2026-09-02,1169
sz301148,嘉戎技术,2022-04-21,2026-09-02,1051
sz301152,天力锂能,2022-08-29,2026-09-02,973
sz301156,美农生物,2022-06-17,2026-09-02,1024
sz301155,海力风电,2021-11-24,2026-09-02,1159
sz301150,中一科技,2022-04-21,2026-09-02,1061
sz301151,冠龙节能,2022-04-11,2026-09-02,1069
sz301153,中科江南,2022-05-18,2026-09-02,1045
sz301157,华塑科技,2023-03-09,2026-09-02,847
sz301159,三维天地,2022-01-07,2026-09-02,1128
sz301158,德石股份,2022-01-17,2026-09-02,1122
sz301161,唯万密封,2022-09-14,2026-09-02,962
sz301162,国能日新,2022-04-29,2026-09-02,1055
sz301160,翔楼新材,2022-06-06,2026-09-02,1033
sz301163,宏德股份,2022-04-19,2026-09-02,1063
sz301166,优宁维,2021-12-28,2026-09-02,1135
sz301167,建研设计,2021-12-06,2026-09-02,1151
sz301165,锐捷网络,2022-11-21,2026-09-02,919
sz301171,易点天下,2022-08-19,2026-09-02,976
sz301168,通灵股份,2021-12-10,2026-09-02,1147
sz301173,毓恬冠佳,2025-03-03,2026-09-02,369
sz301172,君逸数码,2023-07-26,2026-09-02,754
sz301170,锡南科技,2023-06-27,2026-09-02,775
sz301177,迪阿股份,2021-12-15,2026-09-02,1144
sz301182,凯旺科技,2021-12-23,2026-09-02,1138
sz301175,中科环保,2022-07-08,2026-09-02,1009
sz301178,天亿马,2021-11-12,2026-09-02,1157
sz301176,逸豪新材,2022-09-28,2026-09-02,952
sz301169,零点有数,2021-11-03,2026-09-02,1174
sz301179,泽宇智能,2021-12-08,2026-09-02,1149
sz301180,万祥科技,2021-11-16,2026-09-02,1165
sz301183,东田微,2022-05-24,2026-09-02,1041
sz301181,标榜股份,2022-02-21,2026-09-02,1097
sz301188,力诺药包,2021-11-11,2026-09-02,1168
sz301190,善水科技,2021-12-24,2026-09-02,1137
sz301187,欧圣电气,2022-04-22,2026-09-02,1060
sz301193,家联科技,2021-12-09,2026-09-02,1148
sz301189,奥尼电子,2021-12-28,2026-09-02,1135
sz301186,超达装备,2021-12-23,2026-09-02,1136
sz301185,鸥玛软件,2021-11-19,2026-09-02,1162
sz301195,北路智控,2022-08-01,2026-09-02,993
sz301198,喜悦智行,2021-12-02,2026-09-02,1153
sz301191,菲菱科思,2022-05-26,2026-09-02,1039
sz301196,唯科科技,2022-01-11,2026-09-02,1126
sz301192,泰祥股份,2022-08-11,2026-09-02,985
sz301202,朗威股份,2023-07-05,2026-09-02,769
sz301199,迈赫股份,2021-12-07,2026-09-02,1150
sz301197,工大科雅,2022-08-08,2026-09-02,988
sz301200,大族数控,2022-02-28,2026-09-02,1097
sz301205,联特科技,2022-09-13,2026-09-02,963
sz301201,诚达药业,2022-01-20,2026-09-02,1119
sz301206,三元生物,2022-02-10,2026-09-02,1109
sz301210,金杨精密,2023-06-30,2026-09-02,772
sz301208,中亦科技,2022-07-07,2026-09-02,1010
sz301215,中汽股份,2022-03-08,2026-09-02,1091
sz301212,联盛化学,2022-04-19,2026-09-02,1063
sz301216,万凯新材,2022-03-29,2026-09-02,1076
sz301209,联合化学,2022-08-25,2026-09-02,975
sz301207,华兰疫苗,2022-02-18,2026-09-02,1103
sz301213,观想科技,2021-12-06,2026-09-02,1141
sz301211,亨迪药业,2021-12-22,2026-09-02,1139
sz301222,浙江恒威,2022-03-09,2026-09-02,1090
sz301203,国泰环保,2023-04-04,2026-09-02,829
sz301218,华是科技,2022-03-07,2026-09-02,1087
sz301217,铜冠铜箔,2022-01-27,2026-09-02,1114
sz301220,亚香股份,2022-06-22,2026-09-02,1021
sz301225,恒勃股份,2023-06-16,2026-09-02,780
sz301219,腾远钴业,2022-03-17,2026-09-02,1084
sz301221,光庭信息,2021-12-22,2026-09-02,1139
sz301223,中荣股份,2022-10-26,2026-09-02,937
sz301231,荣信文化,2022-09-08,2026-09-02,965
sz301226,祥明智能,2022-03-25,2026-09-02,1078
sz301227,森鹰窗业,2022-09-26,2026-09-02,954
sz301228,实朴检测,2022-01-28,2026-09-02,1113
sz301232,飞沃科技,2023-06-15,2026-09-02,781
sz301230,泓博医药,2022-11-01,2026-09-02,933
sz301234,五洲医疗,2022-07-05,2026-09-02,1002
sz301233,盛帮股份,2022-07-06,2026-09-02,1011
sz301238,瑞泰新材,2022-06-17,2026-09-02,1024
sz301237,和顺科技,2022-03-23,2026-09-02,1080
sz301251,威尔高,2023-09-06,2026-09-02,724
sz301252,同星科技,2023-05-25,2026-09-02,796
sz301236,软通动力,2022-03-15,2026-09-02,1086
sz301235,华康洁净,2022-01-28,2026-09-02,1113
sz301229,纽泰格,2022-02-22,2026-09-02,1101
sz301239,普瑞眼科,2022-07-05,2026-09-02,1012
sz301246,宏源药业,2023-03-20,2026-09-02,840
sz301256,华融化学,2022-03-22,2026-09-02,1081
sz301257,普蕊斯,2022-05-17,2026-09-02,1046
sz301248,杰创智能,2022-04-20,2026-09-02,1062
sz301261,恒工精密,2023-07-10,2026-09-02,766
sz301260,格力博,2023-02-08,2026-09-02,868
sz301255,通力科技,2022-12-27,2026-09-02,893
sz301262,海看股份,2023-06-20,2026-09-02,778
sz301259,艾布鲁,2022-04-26,2026-09-02,1058
sz301258,富士莱,2022-03-29,2026-09-02,1076
sz301266,宇邦新材,2022-06-08,2026-08-28,1028
sz301267,华厦眼科,2022-11-07,2026-09-02,929
sz301263,泰恩康,2022-03-29,2026-09-02,1076
sz301265,华新科技,2022-12-16,2026-09-02,900
sz301272,英华特,2023-07-13,2026-09-02,763
sz301268,铭利达,2022-04-07,2026-09-02,1071
sz301276,嘉曼服饰,2022-09-09,2026-09-02,964
sz301278,快可电子,2022-08-04,2026-09-02,990
sz301269,华大九天,2022-07-29,2026-09-02,984
sz301270,汉仪股份,2022-08-31,2026-09-02,971
sz301275,汉朔科技,2025-03-11,2026-09-02,363
sz301279,金道科技,2022-04-13,2026-09-02,1067
sz301277,新天地,2022-11-16,2026-09-02,922
sz301273,瑞晨环保,2022-10-25,2026-09-02,938
sz301280,珠城科技,2022-12-26,2026-09-02,894
sz301283,聚胶股份,2022-09-02,2026-09-02,969
sz301287,康力源,2023-06-14,2026-09-02,782
sz301288,清研环境,2022-04-22,2026-09-02,1058
sz301286,侨源股份,2022-06-14,2026-09-02,1027
sz301281,科源制药,2023-04-04,2026-09-02,819
sz301285,鸿日达,2022-09-28,2026-09-02,952
sz301291,明阳电气,2023-06-30,2026-09-02,772
sz301295,美硕科技,2023-06-28,2026-09-02,774
sz301282,金禄电子,2022-08-26,2026-09-02,974
sz301289,国缆检测,2022-06-22,2026-09-02,1021
sz301290,东星医疗,2022-11-30,2026-09-02,912
sz301292,海科新源,2023-07-07,2026-09-02,767
sz301296,新巨丰,2022-09-02,2026-09-02,969
sz301299,卓创资讯,2022-10-19,2026-09-02,942
sz301293,三博脑科,2023-05-05,2026-09-02,810
sz301298,东利机械,2022-06-06,2026-09-02,1033
sz301297,富乐德,2022-12-30,2026-09-02,880
sz301305,朗坤科技,2023-05-23,2026-09-02,798
sz301303,真兰仪表,2023-02-20,2026-09-02,860
sz301302,华如科技,2022-06-23,2026-09-02,1020
sz301301,川宁生物,2022-12-27,2026-09-02,893
sz301300,远翔新材,2022-08-19,2026-09-02,979
sz301307,美利信,2023-04-24,2026-09-02,816
sz301310,鑫宏业,2023-06-02,2026-09-02,790
sz301311,昆船智能,2022-11-30,2026-09-02,912
sz301306,西测测试,2022-07-26,2026-09-02,997
sz301308,江波龙,2022-08-05,2026-09-02,989
sz301316,慧博云通,2022-10-13,2026-09-02,936
sz301312,智立方,2022-07-11,2026-09-02,1008
sz301309,万得凯,2022-09-19,2026-09-02,949
sz301317,鑫磊股份,2023-01-19,2026-09-02,877
sz301313,凡拓数创,2022-09-30,2026-09-02,950
sz301315,威士顿,2023-06-21,2026-09-02,777
sz301319,唯特偶,2022-09-29,2026-09-02,951
sz301318,维海德,2022-08-10,2026-09-02,986
sz301322,绿通科技,2023-03-06,2026-09-02,850
sz301321,翰博高新,2022-08-18,2026-09-02,980
sz301320,豪江智能,2023-06-09,2026-09-02,785
sz301323,新莱福,2023-06-06,2026-09-02,778
sz301327,华宝新能,2022-09-19,2026-09-02,959
sz301331,恩威医药,2022-09-21,2026-09-02,957
sz301326,捷邦科技,2022-09-21,2026-09-02,957
sz301328,维峰电子,2022-09-08,2026-09-02,965
sz301329,信音电子,2023-07-17,2026-09-02,761
sz301332,德尔玛,2023-05-18,2026-09-02,801
sz301325,曼恩斯特,2023-05-12,2026-09-02,805
sz301337,亚华电子,2023-05-26,2026-09-02,795
sz301336,趣睡科技,2022-08-12,2026-09-02,984
sz301338,凯格精机,2022-08-16,2026-09-02,982
sz301333,诺思格,2022-08-02,2026-09-02,992
sz301330,熵基科技,2022-08-17,2026-09-02,981
sz301335,天元宠物,2022-11-18,2026-09-02,910
sz301348,蓝箭电子,2023-08-10,2026-09-02,743
sz301339,通行宝,2022-09-09,2026-09-02,964
sz301355,南王科技,2023-06-12,2026-09-02,784
sz301349,信德新材,2022-09-09,2026-09-02,964
sz301314,科瑞思,2023-03-28,2026-09-02,834
sz301353,普莱得,2023-05-30,2026-09-02,793
sz301345,涛涛车业,2023-03-21,2026-09-02,839
sz301357,北方长龙,2023-04-18,2026-09-02,810
sz301362,民爆光电,2023-08-04,2026-09-02,737
sz301360,荣旗科技,2023-04-25,2026-09-02,815
sz301356,天振股份,2022-11-14,2026-09-02,924
sz301361,众智科技,2022-11-16,2026-09-02,922
sz301365,矩阵股份,2022-11-22,2026-09-02,918
sz301358,湖南裕能,2023-02-09,2026-09-02,867
sz301359,东南电子,2022-11-09,2026-09-02,927
sz301367,瑞迈特,2022-11-01,2026-09-02,933
sz301366,一博科技,2022-09-26,2026-09-02,954
sz301369,联动科技,2022-09-22,2026-09-02,956
sz301370,国科恒泰,2023-07-12,2026-09-02,764
sz301363,美好医疗,2022-10-12,2026-09-02,947
sz301368,丰立智能,2022-12-15,2026-09-02,901
sz301371,敷尔佳,2023-08-01,2026-09-02,750
sz301376,致欧科技,2023-06-21,2026-09-02,777
sz301372,科净源,2023-08-11,2026-09-02,742
sz301381,赛维时代,2023-07-12,2026-09-02,764
sz301380,挖金客,2022-10-25,2026-09-02,938
sz301379,天山电子,2022-11-01,2026-09-02,933
sz301378,通达海,2023-03-20,2026-09-02,840
sz301373,凌玮科技,2023-02-08,2026-09-02,868
sz301377,鼎泰高科,2022-11-22,2026-09-02,918
sz301383,天键股份,2023-06-09,2026-09-02,785
sz301388,欣灵电气,2022-11-09,2026-09-02,927
sz301390,经纬股份,2023-05-08,2026-09-02,809
sz301392,汇成真空,2024-06-05,2026-09-02,547
sz301382,蜂助手,2023-05-17,2026-09-02,802
sz301386,未来电器,2023-03-29,2026-09-02,833
sz301395,仁信新材,2023-07-03,2026-09-02,771
sz301397,溯联股份,2023-06-28,2026-09-02,774
sz301387,光大同创,2023-04-18,2026-09-02,820
sz301389,隆扬电子,2022-10-31,2026-09-02,934
sz301396,宏景科技,2022-11-11,2026-09-02,925
sz301393,昊帆生物,2023-07-12,2026-09-02,764
sz301391,卡莱特,2022-12-01,2026-09-02,911
sz301399,英特科技,2023-05-23,2026-09-02,798
sz301398,星源卓镁,2022-12-15,2026-09-02,901
sz301421,波长光电,2023-08-23,2026-09-02,734
sz301418,协昌科技,2023-08-21,2026-09-02,736
sz301408,华人健康,2023-03-01,2026-09-02,853
sz301413,安培龙,2023-12-18,2026-09-02,657
sz301429,森泰股份,2023-04-17,2026-09-02,821
sz301419,阿莱德,2023-02-09,2026-09-02,867
sz301428,世纪恒通,2023-05-19,2026-09-02,800
sz301448,开创电气,2023-06-19,2026-09-02,779
sz301439,泓淋电力,2023-03-17,2026-09-02,841
sz301446,福事特,2023-07-25,2026-09-02,755
sz301449,天溯计量,2025-12-23,2026-09-02,169
sz301459,丰茂股份,2023-12-13,2026-09-02,660
sz301458,钧崴电子,2025-01-10,2026-09-02,399
sz301456,盘古智能,2023-07-14,2026-09-02,762
sz301469,恒达新材,2023-08-22,2026-09-02,735
sz301468,博盈特焊,2023-07-24,2026-09-02,756
sz301479,弘景光电,2025-03-18,2026-09-02,358
sz301487,盟固利,2023-08-09,2026-09-02,744
sz301486,致尚科技,2023-07-07,2026-09-02,757
sz301491,汉桑科技,2025-08-06,2026-09-02,262
sz301488,豪恩汽电,2023-07-04,2026-09-02,770
sz301501,恒鑫生活,2025-03-19,2026-09-02,357
sz301489,思泉新材,2023-10-24,2026-09-02,696
sz301498,乖宝宠物,2023-08-16,2026-09-02,739
sz301505,苏州规划,2023-07-19,2026-09-02,750
sz301502,华阳智能,2024-02-02,2026-09-02,624
sz301499,维科精密,2023-07-21,2026-09-02,757
sz301500,飞南资源,2023-09-21,2026-09-02,713
sz301509,金凯生科,2023-08-03,2026-09-02,748
sz301513,尚水智能,2026-04-17,2026-09-02,95
sz301512,智信精密,2023-07-20,2026-09-02,758
sz301511,德福科技,2023-08-17,2026-09-02,738
sz301503,智迪科技,2023-07-17,2026-09-02,761
sz301516,中远通,2023-12-08,2026-09-02,663
sz301508,中机认检,2023-12-01,2026-09-02,668
sz301507,民生健康,2023-09-05,2026-09-02,725
sz301510,固高科技,2023-08-15,2026-09-02,740
sz301520,万邦医药,2023-09-25,2026-09-02,711
sz301517,陕西华达,2023-10-17,2026-09-02,692
sz301519,舜禹股份,2023-07-27,2026-09-02,753
sz301525,儒竞科技,2023-08-30,2026-09-02,729
sz301515,港通医疗,2023-07-25,2026-09-02,755
sz301522,上大股份,2024-10-16,2026-09-02,460
sz301518,长华化学,2023-08-03,2026-09-02,748
sz301529,福赛科技,2023-09-11,2026-09-02,721
sz301535,浙江华远,2025-03-27,2026-09-02,351
sz301533,威马农机,2023-08-18,2026-09-02,737
sz301536,星宸科技,2024-03-28,2026-09-02,591
sz301539,宏鑫科技,2024-04-15,2026-09-02,581
sz301531,春光集团,2026-05-11,2026-09-02,82
sz301528,多浦乐,2023-08-28,2026-09-02,731
sz301552,科力装备,2024-07-22,2026-09-02,515
sz301538,骏鼎达,2024-03-20,2026-09-02,597
sz301548,崇德科技,2023-09-20,2026-09-02,714
sz301556,托普云农,2024-10-17,2026-09-02,459
sz301551,无线传媒,2024-09-26,2026-09-02,469
sz301550,斯菱智驱,2023-09-15,2026-09-02,717
sz301559,中集环科,2023-10-11,2026-09-02,705
sz301558,三态股份,2023-09-28,2026-09-02,708
sz301560,众捷汽车,2025-04-25,2026-09-02,331
sz301563,云汉芯城,2025-09-30,2026-09-02,223
sz301565,中仑新材,2024-06-20,2026-09-02,537
sz301555,惠柏新材,2023-10-31,2026-09-02,691
sz301557,常友科技,2025-03-04,2026-09-02,368
sz301568,思泰克,2023-11-28,2026-09-02,671
sz301575,艾芬达,2025-09-10,2026-09-02,237
sz301567,贝隆精密,2024-01-16,2026-09-02,637
sz301571,国科天成,2024-08-21,2026-09-02,493
sz301566,达利凯普,2023-12-29,2026-09-02,648
sz301577,美信科技,2024-01-24,2026-09-02,631
sz301580,爱迪特,2024-06-26,2026-09-02,533
sz301585,蓝宇股份,2024-12-20,2026-09-02,413
sz301587,中瑞股份,2024-04-08,2026-09-02,586
sz301588,美新科技,2024-03-13,2026-09-02,602
sz301589,诺瓦星云,2024-02-08,2026-09-02,620
sz301591,肯特股份,2024-02-28,2026-09-02,612
sz301578,辰奕智能,2023-12-28,2026-09-02,649
sz301526,国际复材,2023-12-26,2026-09-02,651
sz301584,建发致新,2025-09-25,2026-09-02,226
sz301581,黄山谷捷,2025-01-03,2026-09-02,404
sz301586,佳力奇,2024-08-28,2026-09-02,488
sz301583,托伦斯,2026-07-10,2026-09-02,39
sz301598,博科测试,2024-12-20,2026-09-02,413
sz301590,优优绿能,2025-06-05,2026-09-02,306
sz301596,瑞迪智驱,2024-05-13,2026-09-02,564
sz301592,六九一二,2024-10-24,2026-09-02,454
sz301599,理奇智能,2026-04-30,2026-09-02,86
sz301603,乔锋智能,2024-07-10,2026-09-02,523
sz301600,慧翰股份,2024-09-11,2026-09-02,478
sz301595,太力科技,2025-05-19,2026-09-02,318
sz301608,博实结,2024-08-01,2026-09-02,507
sz301601,惠通科技,2025-01-15,2026-09-02,396
sz301602,超研股份,2025-01-22,2026-09-02,391
sz301607,富特科技,2024-09-04,2026-09-02,483
sz301606,绿联科技,2024-07-26,2026-09-02,511
sz301616,浙江华业,2025-03-27,2026-09-02,351
sz301617,博苑新材,2024-12-11,2026-09-02,420
sz301611,珂玛科技,2024-08-16,2026-09-02,496
sz301609,山大电力,2025-07-23,2026-09-02,272
sz301618,长联科技,2024-09-30,2026-09-02,467
sz301613,新铝时代,2024-10-25,2026-09-02,443
sz301626,苏州天脉,2024-10-24,2026-09-02,454
sz301622,英思特,2024-12-04,2026-09-02,425
sz301628,强达电路,2024-10-31,2026-09-02,449
sz301630,同宇新材,2025-07-10,2026-09-02,281
sz301632,广东建科,2025-08-12,2026-09-02,258
sz301633,港迪技术,2024-11-07,2026-09-02,444
sz301629,矽电股份,2025-03-24,2026-09-02,354
sz301631,壹连科技,2024-11-22,2026-09-02,433
sz301636,泽润新能,2025-05-16,2026-09-02,319
sz301638,南网数字,2025-11-18,2026-09-02,194
sz301655,绿控传动,2026-08-20,2026-09-02,10
sz301658,首航新能,2025-04-02,2026-09-02,347
sz301662,宏工科技,2025-04-17,2026-09-02,337
sz301668,昊创瑞通,2025-09-26,2026-09-02,225
sz301669,高特电子,2026-06-09,2026-09-02,61
sz301667,纳百川,2025-12-23,2026-09-02,169
sz301656,联合动力,2025-09-25,2026-09-02,226
sz301678,新恒汇,2025-06-20,2026-09-02,295
sz301665,泰禾股份,2025-04-11,2026-09-02,341
sz301677,欣兴工具,2026-07-30,2026-09-02,25
sz301666,大普微-UW,2026-04-16,2026-09-02,93
sz301680,固德电材,2026-03-06,2026-09-02,124
sz301688,N格林生物,2026-09-02,2026-09-02,1
sz301682,宏明电子,2026-03-25,2026-09-02,111
sz301683,慧谷新材,2026-04-01,2026-09-02,106
sz301687,新广益,2025-12-31,2026-09-02,163
sz301697,C贝特利,2026-09-01,2026-09-02,2
sz301707,展芯股份,2026-08-07,2026-09-02,19
sz301696,三瑞智能,2026-04-10,2026-09-02,100
sz301717,超纯应材,2026-08-11,2026-09-02,17
sz302132,中航成飞,2015-01-05,2026-09-02,2826
