date,ret
2006-07-17,0.0
2006-07-18,0.0
2006-07-19,0.0
2006-07-20,-0.0
2006-07-21,-0.007349403549689415
2006-07-24,0.01823339268875812
2006-07-25,-0.0003
2006-07-26,0.001042240194535327
2006-07-27,-0.0003
2006-07-28,0.0
2006-07-31,-0.001315624973096263
2006-08-01,-0.004927820074112521
2006-08-02,0.006759866384099755
2006-08-03,0.0026546328586583012
2006-08-04,-0.00171293375231929
2006-08-07,-0.0023403423856194205
2006-08-08,-0.0038310697412856642
2006-08-09,-0.0033745903370301367
2006-08-10,0.003071129259105021
2006-08-11,-0.0028264351355454798
2006-08-14,0.0007873366152906236
2006-08-15,0.011957824121897165
2006-08-16,0.008318729566039629
2006-08-17,0.002544340556130953
2006-08-18,0.005076020836893846
2006-08-21,-0.004285471482797454
2006-08-22,-7.611780563965276e-05
2006-08-23,-0.002766953144865747
2006-08-24,-0.0008483438656697873
2006-08-25,0.001234546603050779
2006-08-28,0.0047758368982142585
2006-08-29,0.0011502072121607476
2006-08-30,0.0006128346975646792
2006-08-31,-0.00015305159584311223
2006-09-01,0.005970516316574637
2006-09-05,0.0019023748287916309
2006-09-06,-0.00880965295428271
2006-09-07,-0.004597583733743749
2006-09-08,0.002848013124947313
2006-09-11,0.0009980331954924093
2006-09-12,0.009815092982401241
2006-09-13,0.004024604950256583
2006-09-14,7.599789739143326e-05
2006-09-15,0.0023470066936395195
2006-09-18,0.0013639903067572678
2006-09-19,-0.0024971319924365076
2006-09-20,0.005310035446009609
2006-09-21,-0.004829652909882465
2006-09-22,-0.003032974320456905
2006-09-25,0.007681933605084401
2006-09-26,0.00830343512098275
2006-09-27,0.0011975769576437756
2006-09-28,-0.00037361572503058493
2006-09-29,-0.0008228361820794561
2006-10-02,-0.00374309522933558
2006-10-03,0.0021039428898697032
2006-10-04,0.01169718069344583
2006-10-05,0.0019275182562168425
2006-10-06,-0.0012574107709019122
2006-10-09,0.000592568060622245
2006-10-10,0.0013325494488718448
2006-10-11,-0.0011828580464919858
2006-10-12,0.008659314399698026
2006-10-13,0.0025683363656932023
2006-10-16,0.0015371183779462338
2006-10-17,-0.0031420678838975924
2006-10-18,0.0013190914666048048
2006-10-19,0.0016102507357158569
2006-10-20,0.00021986080774238914
2006-10-23,0.004603957153721749
2006-10-24,0.002982276945665996
2006-10-25,0.0034085250360147423
2006-10-26,0.003108568365708164
2006-10-27,-0.0062690892189783964
2006-10-30,-0.0007252735067799776
2006-10-31,-0.0001455898262561206
2006-11-01,-0.006748979488828022
2006-11-02,-0.0005848788029644281
2006-11-03,-0.001754139454728576
2006-11-06,0.011278613504384971
2006-11-07,0.003838232555597232
2006-11-08,0.002164832948007289
2006-11-09,-0.0052550858720278315
2006-11-10,0.00043377383394282987
2006-11-13,0.002459631055341527
2006-11-14,0.00750446097590074
2006-11-15,0.002864856298735896
2006-11-16,0.0025713419896595813
2006-11-17,0.0002851455574688355
2006-11-20,0.000568722363647689
2006-11-21,0.0009968845795353953
2006-11-22,0.001991081589339805
2006-11-24,-0.004044465455418589
2006-11-27,-0.013751812241148076
2006-11-28,0.0043346578385339285
2006-11-29,0.010429974986966517
2006-11-30,0.0004270149592680017
2006-12-01,-0.002205978780139062
2006-12-04,0.0076311297270148515
2006-12-05,0.004317261499369174
2006-12-06,-0.0008456553384363907
2006-12-07,-0.0043726722184089795
2006-12-08,0.001841689464687768
2006-12-11,0.002899212870221435
2006-12-12,-0.000775534294556679
2006-12-13,0.001058353492078945
2006-12-14,0.008811241682677107
2006-12-15,9.105715284962734e-05
2006-12-18,-0.0027397430352792407
2006-12-19,0.0019017550541640116
2006-12-20,-0.0005625554530178656
2006-12-21,-0.0036582081587597237
2006-12-22,-0.006143073553424805
2006-12-26,0.0058968288249383605
2006-12-27,0.006568748641479161
2006-12-28,-0.0021046391623943395
2006-12-29,-0.0041492700077048195
2007-01-03,-0.0017653758629875282
2007-01-04,0.002122151212051504
2007-01-05,-0.007976501173794115
2007-01-08,0.004625499129313315
2007-01-09,-0.0008498342363514322
2007-01-10,0.0033315482899347604
2007-01-11,0.004380402427603736
2007-01-12,0.007597241164656987
2007-01-16,-0.001955227104277646
2007-01-17,0.00042007601658977656
2007-01-18,-0.0033564510770024425
2007-01-19,0.001964982819889327
2007-01-22,-0.0030809779477414256
2007-01-23,0.002949750800878226
2007-01-24,0.008053255473024823
2007-01-25,-0.011740341121628362
2007-01-26,-0.0009139911267939116
2007-01-29,-0.0005629883405766645
2007-01-30,0.005209442888965077
2007-01-31,0.006723182522857751
2007-02-01,0.005982763091582077
2007-02-02,0.0013829937707570128
2007-02-05,0.0002761715481833793
2007-02-06,0.000276170610928439
2007-02-07,0.002208679602619945
2007-02-08,-0.0013081636231496718
2007-02-09,-0.007447260575435766
2007-02-12,-0.0034042683483227476
2007-02-13,0.00843479703786243
2007-02-14,0.006566968379808413
2007-02-15,0.0013049448028126243
2007-02-16,-0.0004802055860524401
2007-02-20,0.0021274539548823412
2007-02-21,-0.0004107682381956357
2007-02-22,-0.0007535713933419785
2007-02-23,-0.00390748162812804
2007-02-26,-0.0008946430208420786
2007-02-27,-0.039057926051915826
2007-02-28,0.010251098622455102
2007-03-01,-0.0003
2007-03-02,-0.0
2007-03-05,-0.0
2007-03-06,0.0
2007-03-07,-0.0
2007-03-08,0.0
2007-03-09,0.0
2007-03-12,0.0011919870207821263
2007-03-13,-0.01943448379596957
2007-03-14,0.007450633104966187
2007-03-15,-0.0003
2007-03-16,-0.0
2007-03-19,0.0
2007-03-20,0.0
2007-03-21,0.01615740853933475
2007-03-22,-0.000767718687974428
2007-03-23,0.0014666466519914767
2007-03-26,-0.0013251417591747527
2007-03-27,-0.0023740334598568724
2007-03-28,-0.007279835406596713
2007-03-29,0.001057552200693923
2007-03-30,0.00021147068100213495
2007-04-02,0.0011266869313193428
2007-04-03,0.010762487380693742
2007-04-04,0.0011138137021995398
2007-04-05,0.0027108475598447423
2007-04-09,0.0013865628007632136
2007-04-10,0.0011769389476743441
2007-04-11,-0.004079992468029925
2007-04-12,0.004443914972827034
2007-04-13,0.0045624626076139485
2007-04-16,0.009496224973541967
2007-04-17,0.002658405913421813
2007-04-18,0.0012238455373518864
2007-04-19,-0.00027181359430994423
2007-04-20,0.009441153110004707
2007-04-23,-0.0037682651116818233
2007-04-24,0.00040517811911944257
2007-04-25,0.009182102767336442
2007-04-26,-0.0003
2007-04-27,-0.0
2007-04-30,-0.0
2007-05-01,0.002263075966672823
2007-05-02,-0.0003
2007-05-03,0.0
2007-05-04,0.003491032692886942
2007-05-07,0.00019828185960735212
2007-05-08,-0.0013249282522486139
2007-05-09,0.0027199009461595924
2007-05-10,-0.010452289424171757
2007-05-11,0.0085575355390195
2007-05-14,-0.002187585688902538
2007-05-15,0.0002659991639615278
2007-05-16,0.006840097705784531
2007-05-17,-0.0019789425035853236
2007-05-18,0.008724827973226157
2007-05-21,-0.0005242858474218126
2007-05-22,-0.0007868413008910169
2007-05-23,0.00013138606308249479
2007-05-24,-0.009052686231850737
2007-05-25,0.004170489801473165
2007-05-29,0.0036258120685093154
2007-05-30,0.008144859679675598
2007-05-31,-0.0010422008881326716
2007-06-01,0.00495677061869082
2007-06-04,0.0001297589811553035
2007-06-05,-0.003958475180045551
2007-06-06,-0.010749876272818426
2007-06-07,-0.018045459613312942
2007-06-08,0.013011831740383784
2007-06-11,-0.0003
2007-06-12,-0.011205191117160373
2007-06-13,0.014968227486794383
2007-06-14,-0.0003
2007-06-15,0.00538956431969303
2007-06-18,-0.0011762168819247076
2007-06-19,0.002485411775029256
2007-06-20,-0.013896420412777277
2007-06-21,0.005557027013097127
2007-06-22,-0.009409097888831375
2007-06-25,-0.004781753877009187
2007-06-26,-0.010278486241049656
2007-06-27,-0.0003
2007-06-28,-0.0
2007-06-29,3.339887635808199e-05
2007-07-02,0.009039765170940184
2007-07-03,0.003623627178244604
2007-07-05,-0.0010504653019400845
2007-07-06,0.0052571387458058005
2007-07-09,0.0007847474405358046
2007-07-10,-0.014239318726588124
2007-07-11,0.007090523809247351
2007-07-12,-0.0003
2007-07-13,0.0026796978998386515
2007-07-16,-0.00012890899046236193
2007-07-17,-0.0005166108594634178
2007-07-18,-0.0018097367824020383
2007-07-19,0.0038843478809016396
2007-07-20,-0.010124638956438003
2007-07-23,0.0030619601112065187
2007-07-24,-0.017340981566691283
2007-07-25,0.002048796847608614
2007-07-26,-0.0003
2007-07-27,-0.0
2007-07-30,0.0
2007-07-31,-0.0
2007-08-01,0.0
2007-08-02,0.0
2007-08-03,-0.0
2007-08-06,0.0
2007-08-07,0.0
2007-08-08,0.0
2007-08-09,-0.0
2007-08-10,-0.0
2007-08-13,0.0
2007-08-14,-0.0
2007-08-15,-0.0
2007-08-16,0.0
2007-08-17,0.0
2007-08-20,-0.0
2007-08-21,0.0
2007-08-22,0.0
2007-08-23,-0.0
2007-08-24,0.0
2007-08-27,-0.0
2007-08-28,-0.0
2007-08-29,0.0
2007-08-30,-0.0
2007-08-31,0.0
2007-09-04,0.0
2007-09-05,-0.0
2007-09-06,0.0
2007-09-07,-0.0
2007-09-10,-0.0
2007-09-11,0.0
2007-09-12,0.0
2007-09-13,0.0
2007-09-14,-0.0
2007-09-17,-0.0
2007-09-18,0.0
2007-09-19,0.0
2007-09-20,-0.007342614708014816
2007-09-21,0.0026987086213168254
2007-09-24,-0.0018427159788401148
2007-09-25,-0.001977729881283974
2007-09-26,0.005284444880069072
2007-09-27,0.005913979559751592
2007-09-28,-0.0033315335943002733
2007-10-01,0.011273006438048183
2007-10-02,-0.0013611324253302026
2007-10-03,-0.0020118463360027095
2007-10-04,0.0015608203150603295
2007-10-05,0.011881502109801323
2007-10-08,-0.005325365126932047
2007-10-09,0.009417821243528968
2007-10-10,-0.001661678602992489
2007-10-11,-0.004800881527569523
2007-10-12,0.00553134650168885
2007-10-15,-0.00844310925187064
2007-10-16,-0.007935224989529366
2007-10-17,0.003056098781089478
2007-10-18,-0.0036301896402523015
2007-10-19,-0.02615684113505634
2007-10-22,0.00581332730519879
2007-10-23,0.008104108205466476
2007-10-24,-0.0003
2007-10-25,0.0020768500097884893
2007-10-26,0.011722602287502548
2007-10-29,0.0033201804670823787
2007-10-30,-0.006942347544527716
2007-10-31,0.01038828446902218
2007-11-01,-0.02340808212147416
2007-11-02,0.0011258011083756791
2007-11-05,-0.0003
2007-11-06,0.013162134378637858
2007-11-07,-0.0003
2007-11-08,-0.005370680480952383
2007-11-09,-0.0003
2007-11-12,-0.0
2007-11-13,0.0
2007-11-14,-0.0
2007-11-15,-0.014723636449019894
2007-11-16,-0.0003
2007-11-19,-0.0
2007-11-20,0.0058215982849995854
2007-11-21,-0.0003
2007-11-23,0.01699302375849828
2007-11-26,-0.022063758890682017
2007-11-27,0.011493351035079202
2007-11-28,-0.0003
2007-11-29,4.054518700910033e-05
2007-11-30,0.010055576374604858
2007-12-03,-0.006592310675516022
2007-12-04,-0.00893800619900098
2007-12-05,0.016739837762053122
2007-12-06,0.01431305263739846
2007-12-07,-0.00019861296240653026
2007-12-10,0.0077532240345450365
2007-12-11,-0.02742007146455605
2007-12-12,0.009870754797544512
2007-12-13,-0.002075275393737974
2007-12-14,-0.012679387038224244
2007-12-17,-0.014269074754580502
2007-12-18,0.005583319947636722
2007-12-19,0.0
2007-12-20,0.006306786638322626
2007-12-21,0.01441499224918008
2007-12-24,0.00742570087047989
2007-12-26,0.0021446373765527937
2007-12-27,-0.012571625598291614
2007-12-28,-0.0025049478413919912
2007-12-31,-0.007399696083001728
2008-01-02,-0.008754564644657958
2008-01-03,-0.00048327773311329647
2008-01-04,-0.024506833526779626
2008-01-07,-0.000848433203186727
2008-01-08,-0.0003
2008-01-09,0.0
2008-01-10,0.00625377931987533
2008-01-11,-0.008068341529644085
2008-01-14,0.008062814996701473
2008-01-15,-0.022012985831432963
2008-01-16,-0.008612561779938077
2008-01-17,-0.025916310957884492
2008-01-18,-0.0003
2008-01-22,-0.0
2008-01-23,0.0
2008-01-24,0.0
2008-01-25,-0.0
2008-01-28,0.0
2008-01-29,0.0
2008-01-30,-0.0
2008-01-31,0.0
2008-02-01,0.0
2008-02-04,-0.0
2008-02-05,-0.027074231881789625
2008-02-06,-0.0003
2008-02-07,0.0
2008-02-08,-0.0
2008-02-11,0.0
2008-02-12,0.0
2008-02-13,0.0
2008-02-14,-0.0
2008-02-15,-0.0005219609301218339
2008-02-19,-0.0003
2008-02-20,0.002651624934970809
2008-02-21,-0.0003
2008-02-22,0.00585812734059773
2008-02-25,-0.0003
2008-02-26,0.007200434248803201
2008-02-27,-0.0010123747073078615
2008-02-28,-0.009766603221601944
2008-02-29,-0.02228384178866738
2008-03-03,-0.002391841261527139
2008-03-04,-0.0003
2008-03-05,0.0
2008-03-06,-0.020997867512325942
2008-03-07,-0.010300327813116184
2008-03-10,-0.0003
2008-03-11,0.0
2008-03-12,-0.0
2008-03-13,0.0
2008-03-14,-0.015795438263391394
2008-03-17,-0.0003
2008-03-18,0.0
2008-03-19,-0.0
2008-03-20,0.018222343517459293
2008-03-24,-0.0003
2008-03-25,0.0006653797205066984
2008-03-26,-0.012235582828292846
2008-03-27,-0.003153160290009005
2008-03-28,-0.009564938811154389
2008-03-31,0.0034975290606378273
2008-04-01,0.035159974345760014
2008-04-02,0.0006586608399914429
2008-04-03,0.002486948316526405
2008-04-04,-0.0010940128501788493
2008-04-07,0.0005110880967473808
2008-04-08,-0.0010221209733947134
2008-04-09,-0.007236174453128741
2008-04-10,0.0013989625799479821
2008-04-11,-0.019408916952688426
2008-04-14,-0.003374016461255791
2008-04-15,0.0023322501029734433
2008-04-16,0.027094329020999952
2008-04-17,0.0014609679414969712
2008-04-18,0.010434360478857707
2008-04-21,0.0005059127834992072
2008-04-22,-0.004402977444837752
2008-04-23,-0.0015949222115151374
2008-04-24,0.004356919434448603
2008-04-25,0.009253582703158791
2008-04-28,0.00021477481208331817
2008-04-29,-0.003939237199406587
2008-04-30,-0.005895783677801969
2008-05-01,0.020685776707243475
2008-05-02,0.002763661301755427
2008-05-05,-0.00480528350705689
2008-05-06,0.008663089640545074
2008-05-07,-0.017810881752360785
2008-05-08,-0.0025800747154435255
2008-05-09,-0.0018684669716773072
2008-05-12,0.011231250905959556
2008-05-13,0.000142281231792607
2008-05-14,0.0020648708600250476
2008-05-15,0.01250187776136924
2008-05-16,0.0009124811523137932
2008-05-19,0.002733528319591061
2008-05-20,-0.008108935766910852
2008-05-21,-0.016914296256638983
2008-05-22,0.00014273574761003438
2008-05-23,-0.013403709025960664
2008-05-27,0.007410589250916866
2008-05-28,0.004615486909501643
2008-05-29,0.00502582810740515
2008-05-30,0.002499662542130743
2008-06-02,-0.01033148574637266
2008-06-03,-0.005831597766165597
2008-06-04,-0.0005069557055171758
2008-06-05,0.019997607574028686
2008-06-06,-0.03189424228309934
2008-06-09,0.0024212302477353287
2008-06-10,-0.00497743458964417
2008-06-11,-0.014712034955490116
2008-06-12,0.0038078496563456188
2008-06-13,0.012643943232187649
2008-06-16,0.0005876893677700945
2008-06-17,-0.004844983226226063
2008-06-18,-0.00973643516167566
2008-06-19,0.0012664844639704853
2008-06-20,-0.01623183951597007
2008-06-23,-0.0009881724781711787
2008-06-24,-0.0019778157713907785
2008-06-25,0.004726285850237044
2008-06-26,-0.027160548262286532
2008-06-27,-0.005459161410082403
2008-06-30,0.003528772305245731
2008-07-01,0.0031253897414456056
2008-07-02,-0.0003
2008-07-03,0.0007302943348687866
2008-07-07,-0.0003
2008-07-08,0.0
2008-07-09,-0.0
2008-07-10,0.0
2008-07-11,-0.0
2008-07-14,-0.0
2008-07-15,-0.0
2008-07-16,0.0
2008-07-17,0.0
2008-07-18,0.0
2008-07-21,0.0
2008-07-22,0.0
2008-07-23,0.005112827176630275
2008-07-24,-0.02075412152403755
2008-07-25,-0.00023854195854189353
2008-07-28,-0.014664153278689196
2008-07-29,0.021352585457304896
2008-07-30,-0.0003
2008-07-31,-0.01352633576568133
2008-08-01,-0.0052827769063643615
2008-08-04,-0.0003
2008-08-05,0.02666199219235251
2008-08-06,-0.0003
2008-08-07,-0.01519198866287289
2008-08-08,0.018581088979871874
2008-08-11,0.010358199088467357
2008-08-12,-0.01040478927332078
2008-08-13,-0.006030021957987408
2008-08-14,0.007544217040635681
2008-08-15,0.004863691060688513
2008-08-18,-0.013674664384514257
2008-08-19,-0.010904056871854584
2008-08-20,0.004645501663653517
2008-08-21,0.0017250818690666136
2008-08-22,0.014475293033566095
2008-08-25,-0.020284982328484413
2008-08-26,0.00291263619375437
2008-08-27,0.009733706315270485
2008-08-28,0.012128046966087824
2008-08-29,-0.01075337840837598
2008-09-02,-0.006211794916727187
2008-09-03,-0.000859528955262534
2008-09-04,-0.03010624185956634
2008-09-05,0.0031442905457172987
2008-09-08,0.02065605602636289
2008-09-09,-0.029687616007049944
2008-09-10,0.0040577628502063146
2008-09-11,-0.0003
2008-09-12,0.0043212751373200246
2008-09-15,-0.0003
2008-09-16,0.0
2008-09-17,-0.0
2008-09-18,0.0
2008-09-19,0.0
2008-09-22,-0.0
2008-09-23,-0.0
2008-09-24,0.0
2008-09-25,0.0
2008-09-26,0.0
2008-09-29,-0.0
2008-09-30,0.0
2008-10-01,0.0
2008-10-02,-0.0
2008-10-03,-0.0
2008-10-06,-0.0
2008-10-07,-0.0
2008-10-08,-0.0
2008-10-09,-0.0
2008-10-10,-0.0
2008-10-13,0.0
2008-10-14,-0.0
2008-10-15,-0.0
2008-10-16,0.0
2008-10-17,-0.0
2008-10-20,0.0
2008-10-21,-0.0
2008-10-22,-0.0
2008-10-23,0.0
2008-10-24,-0.0
2008-10-27,-0.0
2008-10-28,0.0
2008-10-29,-0.0
2008-10-30,0.0
2008-10-31,0.0
2008-11-03,0.0
2008-11-04,0.0
2008-11-05,-0.0
2008-11-06,-0.0
2008-11-07,0.0
2008-11-10,-0.0
2008-11-11,-0.0
2008-11-12,-0.0
2008-11-13,0.0
2008-11-14,-0.0
2008-11-17,-0.0
2008-11-18,0.0
2008-11-19,-0.0
2008-11-20,-0.0
2008-11-21,0.0
2008-11-24,0.0
2008-11-25,0.0
2008-11-26,0.0
2008-11-28,0.0
2008-12-01,-0.0
2008-12-02,0.0
2008-12-03,0.0
2008-12-04,-0.0
2008-12-05,0.0
2008-12-08,0.0
2008-12-09,-0.0
2008-12-10,0.0
2008-12-11,-0.0
2008-12-12,0.011639587306950772
2008-12-15,-0.013934274134016378
2008-12-16,0.04706544675001312
2008-12-17,-0.0003
2008-12-18,-0.01898330020917475
2008-12-19,-0.004301996391325447
2008-12-22,-0.012812844689557013
2008-12-23,-0.0003
2008-12-24,0.0
2008-12-26,0.0
2008-12-29,-0.0
2008-12-30,0.023403461399781743
2008-12-31,0.014274144408957357
2009-01-02,0.030141769987491074
2009-01-05,-0.0011830039885034616
2009-01-06,0.006676895312959452
2009-01-07,-0.0299561306182502
2009-01-08,0.004080703190502133
2009-01-09,-0.021418827115601613
2009-01-12,-0.024020818665087762
2009-01-13,0.001839840138588622
2009-01-14,-0.031454406060340445
2009-01-15,0.0003559259312060359
2009-01-16,0.007819529080860477
2009-01-20,-0.05278561795851666
2009-01-21,0.04319142691010658
2009-01-22,-0.0003
2009-01-23,0.004050427449278493
2009-01-26,0.006858696665147823
2009-01-27,0.010157715517093324
2009-01-28,0.03383382287205339
2009-01-29,-0.03249849177473396
2009-01-30,-0.020342505399584043
2009-02-02,-0.003018226481456887
2009-02-03,-0.0003
2009-02-04,-0.0
2009-02-05,0.0
2009-02-06,0.0
2009-02-09,0.0
2009-02-10,-0.04610925262433766
2009-02-11,-0.0003
2009-02-12,0.0
2009-02-13,-0.011057269730652497
2009-02-17,-0.04277482684062561
2009-02-18,-0.0003
2009-02-19,-0.0
2009-02-20,-0.0
2009-02-23,-0.0
2009-02-24,0.0
2009-02-25,-0.0
2009-02-26,-0.0
2009-02-27,-0.0
2009-03-02,-0.0
2009-03-03,-0.0
2009-03-04,0.0
2009-03-05,-0.0
2009-03-06,0.0
2009-03-09,-0.0
2009-03-10,0.0
2009-03-11,0.0
2009-03-12,0.0
2009-03-13,0.0
2009-03-16,-0.0
2009-03-17,0.0
2009-03-18,0.0
2009-03-19,-0.0
2009-03-20,-0.0
2009-03-23,0.0
2009-03-24,-0.020003290481466908
2009-03-25,-0.0003
2009-03-26,0.020081235064823143
2009-03-27,-0.0003
2009-03-30,-0.034854701324019945
2009-03-31,0.009264537728730149
2009-04-01,-0.0003
2009-04-02,0.02893808181620191
2009-04-03,0.009948513178296148
2009-04-06,-0.007833305098266963
2009-04-07,-0.023325631560774496
2009-04-08,0.010777959097494128
2009-04-09,0.039742551999393694
2009-04-13,0.0002334594889996655
2009-04-14,-0.017243051376505725
2009-04-15,0.010669596123415337
2009-04-16,0.01466263406262347
2009-04-17,0.006705150928927761
2009-04-20,-0.04191489364239598
2009-04-21,0.019536972123773477
2009-04-22,-0.006113207892716521
2009-04-23,0.00981776984340721
2009-04-24,0.015110616834176582
2009-04-27,-0.009461830490811507
2009-04-28,-0.003145880094814979
2009-04-29,0.02126943517683566
2009-04-30,0.0003428474592626074
2009-05-01,0.005376761792345697
2009-05-04,0.03401963330586466
2009-05-05,-0.0034114310652205715
2009-05-06,0.01733501356492706
2009-05-07,-0.01389182095667607
2009-05-08,0.023332405221747843
2009-05-11,-0.018713332459146526
2009-05-12,-0.0029589530068726555
2009-05-13,-0.02517379900140926
2009-05-14,0.008570642600865819
2009-05-15,-0.008162008904094131
2009-05-18,0.028407062810783312
2009-05-19,-0.001206091221704897
2009-05-20,-0.0066944526093685175
2009-05-21,-0.014362420604632553
2009-05-22,-0.0021302498977889828
2009-05-26,0.02561197082563904
2009-05-27,-0.01785330587137557
2009-05-28,0.013940235748826302
2009-05-29,0.017707582786162135
2009-06-01,0.02420876278332873
2009-06-02,0.0008441234031049127
2009-06-03,-0.01265182884408067
2009-06-04,0.009396962272091303
2009-06-05,0.00021159410450044547
2009-06-08,-0.004124992489778712
2009-06-09,0.005097773126816474
2009-06-10,-0.0025358490864183514
2009-06-11,0.00444882541613878
2009-06-12,0.00274220191464547
2009-06-15,-0.022928053297268214
2009-06-16,-0.013562870121307302
2009-06-17,-0.0009818617363245297
2009-06-18,0.007318111543347605
2009-06-19,0.0036860771308149243
2009-06-22,-0.029986873688168214
2009-06-23,0.0007834250259473041
2009-06-24,0.008617979543567467
2009-06-25,0.02174875107543417
2009-06-26,-0.002606402981079059
2009-06-29,0.009364054565798918
2009-06-30,-0.008090199564642964
2009-07-01,0.004132338145971248
2009-07-02,-0.027293463876255086
2009-07-06,-0.00011107675576305098
2009-07-07,-0.019376537178104725
2009-07-08,-0.0006808776120733606
2009-07-09,0.0019314846908216055
2009-07-10,-0.0023816208303627517
2009-07-13,0.024329299426395945
2009-07-14,0.005660088655581319
2009-07-15,0.029246225107868007
2009-07-16,-0.0016081686952683638
2009-07-17,0.01095478095872715
2009-07-20,0.010623457970511785
2009-07-21,0.00462502103269169
2009-07-22,-0.0002090884876526644
2009-07-23,0.02208241646600051
2009-07-24,0.004096295188730004
2009-07-27,0.0029571665794680957
2009-07-28,-0.004677090394697214
2009-07-29,-0.0024521281685322416
2009-07-30,0.010445787690163577
2009-07-31,0.0014193099627060057
2009-08-03,0.016495676722611652
2009-08-04,0.0025889267551699735
2009-08-05,-0.0028798453690606074
2009-08-06,-0.005178576130170365
2009-08-07,0.013114321585181665
2009-08-10,-0.002075587297324155
2009-08-11,-0.012476153702679627
2009-08-12,0.01072899555237461
2009-08-13,0.007638946445620132
2009-08-14,-0.0076790479839080605
2009-08-17,-0.024606101453318763
2009-08-18,0.007934109422452096
2009-08-19,0.00877949382375598
2009-08-20,0.010304191638542015
2009-08-21,0.0196063193096927
2009-08-24,-9.728180593537861e-05
2009-08-25,0.0019426158031916607
2009-08-26,9.710263748785586e-05
2009-08-27,0.002229240070467542
2009-08-28,-0.00019355474678039997
2009-08-31,-0.008899548115008149
2009-09-01,-0.0220571353007899
2009-09-02,-0.0037923077660374505
2009-09-03,0.008314915689556557
2009-09-04,0.014009105949647882
2009-09-08,0.008622255401823375
2009-09-09,0.0076742609393178896
2009-09-10,0.010219098295765061
2009-09-11,-0.00019138150543140942
2009-09-14,0.004868447341628945
2009-09-15,0.004179025595697938
2009-09-16,0.015134617685772511
2009-09-17,-0.0014913017501577697
2009-09-18,0.0006375782818632825
2009-09-21,-0.0025297155136655425
2009-09-22,0.0058244024348867995
2009-09-23,-0.0083124084827767
2009-09-24,-0.011019138416958008
2009-09-25,-0.005332579296461248
2009-09-28,0.017903327952780268
2009-09-29,-0.003010014919086701
2009-09-30,-0.003867906873919469
2009-10-01,-0.024812626034962593
2009-10-02,-0.004661862501157854
2009-10-05,0.014928463932823544
2009-10-06,0.014324027608007217
2009-10-07,0.0027482900264728105
2009-10-08,0.007656207787373193
2009-10-09,0.006096880835340546
2009-10-12,0.003915705770894062
2009-10-13,-0.002043374752524252
2009-10-14,0.017215924665755722
2009-10-15,0.0036596728070852347
2009-10-16,-0.007474401831914168
2009-10-19,0.0082653146463052
2009-10-20,-0.0052827716544396885
2009-10-21,-0.008973756055040805
2009-10-22,0.010163718997912685
2009-10-23,-0.011433888554322813
2009-10-26,-0.010824861873199088
2009-10-27,-0.004583310941524088
2009-10-28,-0.018887612111575303
2009-10-29,0.021453684493614622
2009-10-30,-0.0003
2009-11-02,0.007038877371890762
2009-11-03,-0.0003
2009-11-04,0.0
2009-11-05,0.018095119790843626
2009-11-06,0.0026203264264359483
2009-11-09,0.022776432817558145
2009-11-10,0.00018178954642578127
2009-11-11,0.005110283901222479
2009-11-12,-0.010168043499803048
2009-11-13,0.005411696345464678
2009-11-16,0.014504560574605474
2009-11-17,0.0011689203595373066
2009-11-18,-0.0006285488570961784
2009-11-19,-0.013031401947888765
2009-11-20,-0.003551520491200666
2009-11-23,0.012701918549668179
2009-11-24,0.0015345532781483318
2009-11-25,0.003513526502900266
2009-11-27,-0.01625021604666843
2009-11-30,0.0033766141912723313
2009-12-01,0.012370104507231972
2009-12-02,-0.00044897979914104713
2009-12-03,-0.00782021063488414
2009-12-04,0.005707535723776802
2009-12-07,-0.0015315557706839789
2009-12-08,-0.01109721222821447
2009-12-09,0.0037405182489862465
2009-12-10,0.005635316731648965
2009-12-11,0.004248299012919787
2009-12-14,0.0068398246854379785
2009-12-15,-0.00464809761225482
2009-12-16,0.0015268794753782178
2009-12-17,-0.01201595922289711
2009-12-18,0.005657449492888267
2009-12-21,0.010162352572979483
2009-12-22,0.0035928534108096155
2009-12-23,0.0019692832798854365
2009-12-24,0.004734322721096307
2009-12-28,0.0021335623675045046
2009-12-29,-0.0014196187263064708
2009-12-30,-0.0003551140556413701
2009-12-31,-0.009598117935569195
2010-01-04,0.016959554330550075
2010-01-05,0.0026470633337754013
2010-01-06,0.0007040799480710902
2010-01-07,0.004221507409709169
2010-01-08,0.003327574752258311
2010-01-11,0.0013968741071561652
2010-01-12,-0.009326532072462035
2010-01-13,0.008446188579378067
2010-01-14,0.0027042317034242647
2010-01-15,-0.01122422775895171
2010-01-19,0.012496277951348445
2010-01-20,-0.010169078002942866
2010-01-21,-0.01922895501491073
2010-01-22,-0.02229173973113252
2010-01-25,0.005127468265739843
2010-01-26,-0.0003
2010-01-27,0.0
2010-01-28,-0.011772604939206987
2010-01-29,-0.010868576540100316
2010-02-01,0.015550856973030491
2010-02-02,0.012103374314386572
2010-02-03,-0.0049824479316733505
2010-02-04,-0.03086636708724322
2010-02-05,0.002067347407431086
2010-02-08,-0.0003
2010-02-09,0.0
2010-02-10,-0.0
2010-02-11,0.01016624400581897
2010-02-12,-0.0008323556809740618
2010-02-16,0.015734919318478147
2010-02-17,0.004738279549177715
2010-02-18,0.005895659400965814
2010-02-19,0.002073526497467615
2010-02-22,0.00018010152280534264
2010-02-23,-0.012144823372269187
2010-02-24,0.009197651809152996
2010-02-25,-0.0013534627086984052
2010-02-26,0.0006326628621911023
2010-03-01,0.01038456425651657
2010-03-02,0.0027705773890953633
2010-03-03,0.0008914534271620145
2010-03-04,0.003027368206024894
2010-03-05,0.014293305501038134
2010-03-08,0.00017502002529745653
2010-03-09,0.0016627571386906848
2010-03-10,0.0044558048359446545
2010-03-11,0.004175063876592278
2010-03-12,8.633476513275617e-05
2010-03-15,0.000259690262916612
2010-03-16,0.007966606111608376
2010-03-17,0.0059269403240862495
2010-03-18,-0.0005124557297614407
2010-03-19,-0.005061675577952562
2010-03-22,0.005346670145488952
2010-03-23,0.00703247395524742
2010-03-24,-0.004854467010600216
2010-03-25,-0.001626049272752228
2010-03-26,-0.0006002991371419908
2010-03-29,0.006347885023705535
2010-03-30,0.0006816546217875974
2010-03-31,-0.0034072522353534307
2010-04-01,0.006837889605948444
2010-04-05,0.00814946393771021
2010-04-06,0.0023575914384308394
2010-04-07,-0.0057124422657780505
2010-04-08,0.00346408523273678
2010-04-09,0.006567201435437431
2010-04-12,0.0015895301020296682
2010-04-13,0.0007514584696757254
2010-04-14,0.011349564531489609
2010-04-15,0.0008253839547542885
2010-04-16,-0.01591261788430076
2010-04-19,0.0037701929996605266
2010-04-20,0.008930826332146147
2010-04-21,-0.001819996156017134
2010-04-22,0.002983421582411605
2010-04-23,0.006527717054752413
2010-04-26,-0.0037763556938912313
2010-04-27,-0.023650203875860587
2010-04-28,0.0075961321157616
2010-04-29,-0.0003
2010-04-30,-0.017261815361378864
2010-05-03,0.012961856432756935
2010-05-04,-0.023514764900993246
2010-05-05,-0.0059563000213461725
2010-05-06,-0.03321312865827841
2010-05-07,-0.014875482501924608
2010-05-10,-0.0003
2010-05-11,-0.0
2010-05-12,0.013685927319305702
2010-05-13,-0.012430871938917787
2010-05-14,-0.018104954597173872
2010-05-17,0.0005268838130010334
2010-05-18,-0.0003
2010-05-19,-0.0
2010-05-20,-0.0
2010-05-21,0.0
2010-05-24,-0.0
2010-05-25,0.0
2010-05-26,-0.0
2010-05-27,0.03319820652195601
2010-05-28,-0.0003
2010-06-01,-0.017124009612602777
2010-06-02,-0.0003
2010-06-03,0.0
2010-06-04,-0.03543689581432422
2010-06-07,-0.01245089518329845
2010-06-08,-0.0003
2010-06-09,-0.0
2010-06-10,0.0
2010-06-11,0.00455572549900426
2010-06-14,-0.00154942769012556
2010-06-15,0.022737055561206088
2010-06-16,-0.00035724398537029245
2010-06-17,0.0016081724440992762
2010-06-18,0.0010838302477429451
2010-06-21,-0.002863807792408468
2010-06-22,-0.016515870850386527
2010-06-23,-0.0031025371464759033
2010-06-24,-0.016570624903349818
2010-06-25,0.004189042214912897
2010-06-28,-0.0031520888506552103
2010-06-29,-0.030875276795328532
2010-06-30,-0.009499600950251819
2010-07-01,-0.004456580489880291
2010-07-02,-0.005449577846547982
2010-07-06,0.006555377862735412
2010-07-07,0.03149626464758137
2010-07-08,0.00989548836395615
2010-07-09,0.007465981263041321
2010-07-12,0.0006478936744815922
2010-07-13,0.015088127492102643
2010-07-14,-9.101585708759519e-05
2010-07-15,0.0002737192972566138
2010-07-16,-0.027534520351354952
2010-07-19,0.0059066753839409625
2010-07-20,0.0110911930894948
2010-07-21,-0.012997673512556984
2010-07-22,0.022321563767189856
2010-07-23,0.008679337190014236
2010-07-26,0.010415909529756462
2010-07-27,-9.010148860921774e-05
2010-07-28,-0.006454282318305804
2010-07-29,-0.0048723865880777595
2010-07-30,-0.0001817268423224272
2010-08-02,0.022581045330618332
2010-08-03,-0.004788812738200532
2010-08-04,0.006683198288170766
2010-08-05,-0.0010621625187584582
2010-08-06,-0.004076012172277044
2010-08-09,0.00533866896700208
2010-08-10,-0.00539892139947773
2010-08-11,-0.027407037662451006
2010-08-12,-0.00613010537729386
2010-08-13,-0.002945533102501341
2010-08-16,-0.00046196757021332857
2010-08-17,0.01228561181057053
2010-08-18,0.0018249928227243029
2010-08-19,-0.01739694140989445
2010-08-20,-0.0032444084392941885
2010-08-23,-0.003812635087757976
2010-08-24,-0.014843321597828418
2010-08-25,0.0038851796570329444
2010-08-26,-0.006701853093130539
2010-08-27,0.015489886037677536
2010-08-30,-0.014505266138331807
2010-08-31,0.0
2010-09-01,0.029911793438481826
2010-09-02,0.009312244624931632
2010-09-03,0.012971580336484045
2010-09-07,-0.011272533553612685
2010-09-08,0.007023361700031483
2010-09-09,0.004619085797102684
2010-09-10,0.005048579733531122
2010-09-13,0.01112297975951071
2010-09-14,-0.000621073791548965
2010-09-15,0.0038170888032631467
2010-09-16,-0.0002649686925645378
2010-09-17,0.00037322355804314533
2010-09-20,0.015290095453675434
2010-09-21,-0.0020137368996570038
2010-09-22,-0.004913143246218721
2010-09-23,-0.008111584809701866
2010-09-24,0.020622368416573167
2010-09-27,-0.004790210278214246
2010-09-28,0.0035003812968892323
2010-09-29,-0.0017437341065215106
2010-09-30,-0.002970292060669455
2010-10-01,0.004205768167991231
2010-10-04,-0.007503676561438244
2010-10-05,0.020131610472130523
2010-10-06,-8.581426007170379e-05
2010-10-07,-0.001206888314621346
2010-10-08,0.0056090627216620614
2010-10-11,0.0009437983763693758
2010-10-12,0.003085945073702856
2010-10-13,0.0077773509235554705
2010-10-14,-0.0039010165241695205
2010-10-15,0.00204296674226212
2010-10-18,0.004927924353775204
2010-10-19,-0.013104356044193133
2010-10-20,0.009766268357299213
2010-10-21,0.0022058500988173524
2010-10-22,0.0018622754041428546
2010-10-25,0.0029572230972536584
2010-10-26,0.00016846166647987992
2010-10-27,-0.0028636206501932993
2010-10-28,0.00016866158729378355
2010-10-29,0.0007604239714782413
2010-11-01,0.00033760544428540484
2010-11-02,0.007930157540252392
2010-11-03,0.0040177813292667786
2010-11-04,0.01925791908736474
2010-11-05,0.0037626210041008523
2010-11-08,-0.0018743405067797037
2010-11-09,-0.007183790532760526
2010-11-10,0.004029044526188352
2010-11-11,-0.003767385568139936
2010-11-12,-0.011838232966786766
2010-11-15,-0.0014142224526806357
2010-11-16,-0.015579318105902296
2010-11-17,0.0005070974017675756
2010-11-18,0.014718832321599207
2010-11-19,0.0027507575085430336
2010-11-22,-0.0008314260443895716
2010-11-23,-0.014476821915115456
2010-11-24,0.014774142752811192
2010-11-26,-0.011647085340015462
2010-11-29,0.003030011236874852
2010-11-30,-0.0003
2010-12-01,0.02096727165721065
2010-12-02,0.012809053074572585
2010-12-03,0.002691991590229703
2010-12-06,-0.0010573386412409125
2010-12-07,0.0005700335427341052
2010-12-08,0.003663679641005446
2010-12-09,0.0038937742860138957
2010-12-10,0.005817966702076127
2010-12-13,0.0006422337167195646
2010-12-14,0.0008829496213802468
2010-12-15,-0.004572137504802121
2010-12-16,0.0058018670287574015
2010-12-17,0.0010714310803510152
2010-12-20,0.0024135238642195578
2010-12-21,0.006340262072319414
2010-12-22,0.003110498373786852
2010-12-23,-0.0014313776114750487
2010-12-27,0.00039817039585554603
2010-12-28,0.0014326992804505334
2010-12-29,0.0007151255955761826
2010-12-30,-0.0015884746964340835
2010-12-31,0.00023861041968320507
2011-01-03,0.01033816871919413
2011-01-04,-0.0005512974983118424
2011-01-05,0.005197893586214253
2011-01-06,-0.0019583263194864475
2011-01-07,-0.0019627198143089553
2011-01-10,-0.0012587434645804363
2011-01-11,0.0035437994248370686
2011-01-12,0.009025147484386098
2011-01-13,-0.001633588386254936
2011-01-14,0.007244927941236545
2011-01-18,0.001701335549569416
2011-01-19,-0.009805252711661216
2011-01-20,-0.0013257905785610813
2011-01-21,0.0022641709121826725
2011-01-24,0.005686769745144815
2011-01-25,0.0005422327641702029
2011-01-26,0.0038709589283734136
2011-01-27,0.002467749385653084
2011-01-28,-0.01746272586882469
2011-01-31,0.007516199979102911
2011-02-01,0.016008806889057814
2011-02-02,-0.00191204530258271
2011-02-03,0.002222123191417902
2011-02-04,0.002829357454654735
2011-02-07,0.006252419088443428
2011-02-08,0.00454597115898614
2011-02-09,-0.0022625103412893255
2011-02-10,0.00037786435010933594
2011-02-11,0.0059704263291293636
2011-02-14,0.0024038242453023884
2011-02-15,-0.0031472937218909314
2011-02-16,0.006315290070971757
2011-02-17,0.0029883548168541108
2011-02-18,0.0020856531529007682
2011-02-22,-0.020069940498481986
2011-02-23,-0.006144191367056684
2011-02-24,-0.0006872570332886463
2011-02-25,0.010692776043329744
2011-02-28,0.00619681895263291
2011-03-01,-0.016673148681866645
2011-03-02,0.0021387696216608187
2011-03-03,0.017224173291642275
2011-03-04,-0.007492272155345314
2011-03-07,-0.007850740862202832
2011-03-08,0.008750011347353981
2011-03-09,-0.00143328328349146
2011-03-10,-0.018505994759980937
2011-03-11,0.006926761526026448
2011-03-14,-0.006038034961230898
2011-03-15,-0.011457353996119801
2011-03-16,-0.018512805195230575
2011-03-17,-0.0003
2011-03-18,0.0
2011-03-21,0.0
2011-03-22,-0.0
2011-03-23,0.0025617076294239486
2011-03-24,0.009563672135358026
2011-03-25,0.003055906828206556
2011-03-28,-0.002437368605965551
2011-03-29,0.0067185690710012125
2011-03-30,0.00690153377259084
2011-03-31,-0.001356018708020601
2011-04-01,0.004223784060282121
2011-04-04,0.00082620902983499
2011-04-05,-0.00015019796541315689
2011-04-06,0.003152308481188859
2011-04-07,-0.00254393157189281
2011-04-08,-0.0034502286287509953
2011-04-11,-0.0030106742222675287
2011-04-12,-0.007474163288469171
2011-04-13,-7.615946135886009e-05
2011-04-14,0.000760817308696371
2011-04-15,0.0036483727745997285
2011-04-18,-0.01120873001118261
2011-04-19,0.005744585209843445
2011-04-20,0.013631973584938839
2011-04-21,0.0051088954422100485
2011-04-25,-0.0010464038272576248
2011-04-26,0.008604991979973553
2011-04-27,0.006528587073514558
2011-04-28,0.003243672399609654
2011-04-29,0.002350867205450191
2011-05-02,-0.0015392274711272247
2011-05-03,-0.0035974338905843117
2011-05-04,-0.00663054405808694
2011-05-05,-0.009048505369967819
2011-05-06,0.004416133254164789
2011-05-09,0.0038741482411979167
2011-05-10,0.008536457227237948
2011-05-11,-0.010524451129481194
2011-05-12,0.004760436296845416
2011-05-13,-0.007699593899003321
2011-05-16,-0.006341392535452517
2011-05-17,-0.00014975232404668137
2011-05-18,0.008935885611069061
2011-05-19,0.002381710047902441
2011-05-20,-0.007944827823396894
2011-05-23,-0.011600848678212317
2011-05-24,-0.0008332552211681721
2011-05-25,0.003334816936866103
2011-05-26,0.0046077122004275495
2011-05-27,0.003834420813385586
2011-05-31,0.010411400731668463
2011-06-01,-0.022461299700177628
2011-06-02,-0.0010616356562417328
2011-06-03,-0.009944693686565476
2011-06-06,-0.010581303470543535
2011-06-07,-0.0006195888959210638
2011-06-08,-0.004187469191001991
2011-06-09,0.007631017188852951
2011-06-10,-0.01391033557428023
2011-06-13,0.000784145597757524
2011-06-14,0.012685653819767273
2011-06-15,-0.017785280697686034
2011-06-16,0.00220450115911186
2011-06-17,0.002983841693435574
2011-06-20,-0.0003
2011-06-21,0.013404091259276963
2011-06-22,-0.006025701834077024
2011-06-23,-0.002875439120918255
2011-06-24,-0.01161350972978592
2011-06-27,0.0089110002133026
2011-06-28,0.013053213189412327
2011-06-29,0.0085639823157726
2011-06-30,0.009562426488613607
2011-07-01,0.014776111123196323
2011-07-05,-0.0008214858264210534
2011-07-06,0.0011957156455015827
2011-07-07,0.010375628554381233
2011-07-08,-0.007092287060766478
2011-07-11,-0.018080353348376543
2011-07-12,-0.004319038930287511
2011-07-13,0.0033486586730571144
2011-07-14,-0.006902657787709265
2011-07-15,0.005804638840301246
2011-07-18,-0.008201144527483661
2011-07-19,0.01623157102167938
2011-07-20,-0.0006026851032078229
2011-07-21,0.013871539500653451
2011-07-22,0.0006688797704124116
2011-07-25,-0.005573027856060286
2011-07-26,-0.0037357283560636168
2011-07-27,-0.02047558696635443
2011-07-28,-0.0029096140939290915
2011-07-29,-0.0003
2011-08-01,-0.0
2011-08-02,-0.0
2011-08-03,0.0
2011-08-04,-0.0
2011-08-05,-0.0
2011-08-08,-0.0
2011-08-09,0.0
2011-08-10,-0.0
2011-08-11,0.0
2011-08-12,0.0
2011-08-15,0.0
2011-08-16,-0.0
2011-08-17,0.0
2011-08-18,-0.0
2011-08-19,-0.0
2011-08-22,0.0
2011-08-23,0.0
2011-08-24,0.0
2011-08-25,-0.0
2011-08-26,0.0
2011-08-29,0.0
2011-08-30,0.0
2011-08-31,0.0
2011-09-01,-0.0
2011-09-02,-0.025849863461754254
2011-09-06,-0.0072974267838219475
2011-09-07,-0.0003
2011-09-08,-0.0
2011-09-09,-0.0
2011-09-12,0.0
2011-09-13,0.0
2011-09-14,0.0
2011-09-15,0.0
2011-09-16,0.005618290016907246
2011-09-19,-0.00995693544301246
2011-09-20,-0.0011639351291394817
2011-09-21,-0.029458107402207667
2011-09-22,-0.032324716256013075
2011-09-23,-0.0003
2011-09-26,0.0
2011-09-27,0.0
2011-09-28,-0.0
2011-09-29,0.0
2011-09-30,-0.0
2011-10-03,-0.0
2011-10-04,0.0
2011-10-05,0.0
2011-10-06,0.0
2011-10-07,-0.006995641580675704
2011-10-10,0.0334455230117805
2011-10-11,0.0010036075824932933
2011-10-12,0.00877160610480554
2011-10-13,-0.001987275771628605
2011-10-14,0.01709391686631334
2011-10-17,-0.019090929174178872
2011-10-18,0.01954575011283355
2011-10-19,-0.011829003398038829
2011-10-20,0.004375390026085002
2011-10-21,-0.0003
2011-10-24,0.0
2011-10-25,-0.01974396866215692
2011-10-26,0.010158874311949395
2011-10-27,0.034834791716406244
2011-10-28,-0.00023347968004583386
2011-10-31,-0.02410566350802501
2011-11-01,-0.027888417352827988
2011-11-02,0.016311322885247614
2011-11-03,-0.0003
2011-11-04,-0.006399040585230031
2011-11-07,0.006216089929167223
2011-11-08,0.012830710990717975
2011-11-09,-0.03690908691871564
2011-11-10,0.009418006620760755
2011-11-11,-0.0003
2011-11-14,-0.009774224949273524
2011-11-15,0.004941890117991843
2011-11-16,-0.01586264834123996
2011-11-17,-0.015876923537639143
2011-11-18,-0.0010644719752038734
2011-11-21,-0.01901960981294315
2011-11-22,-0.003928167489714696
2011-11-23,-0.022065303521359825
2011-11-25,-0.0018874492846565616
2011-11-28,0.02896693410367135
2011-11-29,0.0028399707599082724
2011-11-30,0.041149557697470085
2011-12-01,-0.00015979078713213024
2011-12-02,-0.0008806899573586824
2011-12-05,0.01089228572581824
2011-12-06,0.0003170154044902507
2011-12-07,0.003722596035048875
2011-12-08,-0.02193668676981808
2011-12-09,0.016942571552652108
2011-12-12,-0.014597198756571061
2011-12-13,-0.009339270333304839
2011-12-14,-0.010646045393165271
2011-12-15,0.0036141158164935128
2011-12-16,0.001482596956623894
2011-12-19,-0.010691443090007025
2011-12-20,0.03026035904475921
2011-12-21,0.001936361173474177
2011-12-22,0.008858713274546348
2011-12-23,0.008940765478719248
2011-12-27,0.0007912627314707876
2011-12-28,-0.013123768947943981
2011-12-29,0.010333938628384054
2011-12-30,-0.004915958950310051
2012-01-03,0.015936625019865147
2012-01-04,0.0015685939849356956
2012-01-05,0.0026625719165103146
2012-01-06,-0.0025772721471766236
2012-01-09,0.0024269918588160078
2012-01-10,0.008670468132253584
2012-01-11,0.000542374572457982
2012-01-12,0.0023989269054678353
2012-01-13,-0.00517338199877182
2012-01-17,0.003881311427929024
2012-01-18,0.011056206705457594
2012-01-19,0.005276274098316547
2012-01-20,0.003727088720458571
2012-01-23,-0.002576515898561782
2012-01-24,-0.0011396695898340248
2012-01-25,0.008367386636563667
2012-01-26,-0.005129911254046493
2012-01-27,-0.00045459212884713107
2012-01-30,-0.003413710685039595
2012-01-31,-0.00038040941591421795
2012-02-01,0.008756709520203465
2012-02-02,0.0015852091035657434
2012-02-03,0.014019005280626384
2012-02-06,-0.0006690267266907801
2012-02-07,0.0025288991218019863
2012-02-08,0.0029673705083006485
2012-02-09,0.001257673687212968
2012-02-10,-0.007387767891194774
2012-02-13,0.0074427532244887296
2012-02-14,-0.0012560939309272934
2012-02-15,-0.004659872052005243
2012-02-16,0.011073205718999946
2012-02-17,0.002645971815037118
2012-02-21,0.000440143474966348
2012-02-22,-0.003224212006600835
2012-02-23,0.004410408373177743
2012-02-24,0.00219580853636292
2012-02-27,0.001679877124561635
2012-02-28,0.0029160250788609066
2012-02-29,-0.003925391364810071
2012-03-01,0.005181880396985861
2012-03-02,-0.0030496930343109074
2012-03-05,-0.004078362401540803
2012-03-06,-0.014625206464062068
2012-03-07,0.006975864755587757
2012-03-08,0.009949191629084808
2012-03-09,0.003867480793193545
2012-03-12,7.259592906017076e-05
2012-03-13,0.018025823859372014
2012-03-14,-0.0010709820993493047
2012-03-15,0.00578922303715057
2012-03-16,0.0013851538638036676
2012-03-19,0.003920161202369599
2012-03-20,-0.0029110258714508674
2012-03-21,-0.001637777045390365
2012-03-22,-0.007203117724909336
2012-03-23,0.0032322455298496866
2012-03-26,0.014035110811115636
2012-03-27,-0.0031070907910266676
2012-03-28,-0.004958360699132136
2012-03-29,-0.001708631785325987
2012-03-30,0.004136098141307665
2012-04-02,0.007314559092337358
2012-04-03,-0.004089013100282646
2012-04-04,-0.009910541694513997
2012-04-05,-0.0005003963043654913
2012-04-09,-0.01123140094942443
2012-04-10,-0.01678484066157815
2012-04-11,0.008094240158933674
2012-04-12,0.013065666467601211
2012-04-13,-0.01188822548882984
2012-04-16,-0.0006561880947061338
2012-04-17,0.014811879809337958
2012-04-18,-0.003379359719207553
2012-04-19,-0.0064208366153946095
2012-04-20,0.0016700523492265695
2012-04-23,-0.008409128440724611
2012-04-24,0.003801606828782944
2012-04-25,0.013691758314137381
2012-04-26,0.006968815623060509
2012-04-27,0.0016412581379283697
2012-04-30,-0.0037040514045952877
2012-05-01,0.00621990444918219
2012-05-02,-0.002984091468325789
2012-05-03,-0.007625432256823106
2012-05-04,-0.016158165202983965
2012-05-07,0.0007300809926020779
2012-05-08,-0.004011945480843826
2012-05-09,-0.005931498354195375
2012-05-10,0.0020624093288639234
2012-05-11,-0.003013892413047614
2012-05-14,-0.011061226399661228
2012-05-15,-0.0057416720020658785
2012-05-16,-0.003824735444982852
2012-05-17,-0.014830801187576848
2012-05-18,-0.00855907345392426
2012-05-21,0.017188230876236554
2012-05-22,0.0017430397688966703
2012-05-23,0.0005293164939146333
2012-05-24,0.0019658690538282286
2012-05-25,-0.003244494285967625
2012-05-29,0.012111701116661822
2012-05-30,-0.01451001398575813
2012-05-31,-0.0022009161925842236
2012-06-01,-0.025177023155240064
2012-06-04,-0.00046795842722635594
2012-06-05,0.0075721263563333086
2012-06-06,0.022468394056030405
2012-06-07,0.0006065485012094474
2012-06-08,0.007951578983688146
2012-06-11,-0.012697469174182019
2012-06-12,0.011490720893187145
2012-06-13,-0.006394848049077417
2012-06-14,0.010600527261317216
2012-06-15,0.010227011676125164
2012-06-18,0.0019382607746054603
2012-06-19,0.009672845426404342
2012-06-20,-0.0016211627213857938
2012-06-21,-0.022438627729757354
2012-06-22,0.007701632167286254
2012-06-25,-0.01603476762669276
2012-06-26,0.005025776250296321
2012-06-27,0.00901622357180365
2012-06-28,-0.0028534824727795005
2012-06-29,0.024926891251877192
2012-07-02,0.0030124591353353214
2012-07-03,0.006593097775504653
2012-07-05,-0.004512666044874547
2012-07-06,-0.00950327358997849
2012-07-09,-0.0012546028187069291
2012-07-10,-0.00872036522055164
2012-07-11,0.00014937587713026446
2012-07-12,-0.0048451457263058995
2012-07-13,0.016777932828819342
2012-07-16,-0.0023575119342681417
2012-07-17,0.006866816482284488
2012-07-18,0.007407332905055686
2012-07-19,0.002620587194214874
2012-07-20,-0.009148081833647348
2012-07-23,-0.010112710637519173
2012-07-24,-0.00858689062367246
2012-07-25,0.0002242699280317062
2012-07-26,0.016497279666807252
2012-07-27,0.018433057269397146
2012-07-30,0.0
2012-07-31,-0.006994440667086321
2012-08-01,-0.0008715372217166228
2012-08-02,-0.006904574800408514
2012-08-03,0.019833373861809278
2012-08-06,0.0019372694370862753
2012-08-07,0.00501382740434364
2012-08-08,0.0012112790500922177
2012-08-09,0.0008545684796124053
2012-08-10,0.0016353195825371536
2012-08-13,-0.0004964940160351317
2012-08-14,0.00014164950922590513
2012-08-15,0.001136628131712003
2012-08-16,0.007378383714460313
2012-08-17,0.0013381503274270123
2012-08-20,7.032764472980624e-05
2012-08-21,-0.003023876061305053
2012-08-22,0.00042342179150445247
2012-08-23,-0.008179740719852613
2012-08-24,0.006042931387727268
2012-08-27,0.000211638175017681
2012-08-28,-0.0009891080599697677
2012-08-29,0.0007782844736377026
2012-08-30,-0.007208207904435104
2012-08-31,0.0047691886210499135
2012-09-04,-0.0009210035176049347
2012-09-05,-0.000850882453454882
2012-09-06,0.020296715724903658
2012-09-07,0.003895063319135028
2012-09-10,-0.005681770317460866
2012-09-11,0.00278737497055892
2012-09-12,0.003335687708471813
2012-09-13,0.015236550205591337
2012-09-14,0.004434371612006327
2012-09-17,-0.0033961992428082066
2012-09-18,-0.0008175075069103421
2012-09-19,0.0005454509148243858
2012-09-20,6.829337960656545e-05
2012-09-21,-0.0004180197611630687
2012-09-24,-0.0015080209122494415
2012-09-25,-0.010642303316771073
2012-09-26,-0.005621008355910395
2012-09-27,0.00942150705625533
2012-09-28,-0.004632235920410843
2012-10-01,0.0026395240859513613
2012-10-02,0.0010391021588969096
2012-10-03,0.004083196151030144
2012-10-04,0.007167531658404336
2012-10-05,6.812953377544062e-05
2012-10-08,-0.0034208759166323155
2012-10-09,-0.00988723797477431
2012-10-10,-0.006380388547909233
2012-10-11,0.0005586462407289883
2012-10-12,-0.0032784679138629924
2012-10-15,0.008327945252357472
2012-10-16,0.010133227216069907
2012-10-17,0.004534587531160872
2012-10-18,-0.0025985362139634427
2012-10-19,-0.01666471044217155
2012-10-22,0.0001398748993446386
2012-10-23,-0.013876577428886705
2012-10-24,-0.002828462696351619
2012-10-25,0.0029072896712283303
2012-10-26,-0.0005655431464886007
2012-10-31,0.0
2012-11-01,0.010470419360939509
2012-11-02,-0.008891782405251236
2012-11-05,0.002048698258151793
2012-11-06,0.007825271258177446
2012-11-07,-0.02266413417212909
2012-11-08,-0.012023770275605195
2012-11-09,0.0008693930404402028
2012-11-12,0.0007962980509079731
2012-11-13,-0.00347192678011643
2012-11-14,-0.013498711028030463
2012-11-15,-0.001691823366209655
2012-11-16,0.0049374820417280585
2012-11-19,0.020238923218677263
2012-11-20,0.0004313604544061711
2012-11-21,0.0018680982891485787
2012-11-23,0.013624767859768294
2012-11-26,-0.002122517349794517
2012-11-27,-0.005104355514582104
2012-11-28,0.008051990207469384
2012-11-29,0.0046657856905281125
2012-11-30,0.0002112447708750853
2012-12-03,-0.004924441663835322
2012-12-04,-0.0014138973710645653
2012-12-05,0.0017696172708618896
2012-12-06,0.0033923332980283494
2012-12-07,0.003028896770962186
2012-12-10,0.00042135734132631164
2012-12-11,0.006808418164655494
2012-12-12,0.0004879412279714668
2012-12-13,-0.006131617854766125
2012-12-14,-0.0037163607991704817
2012-12-17,0.011752390114968536
2012-12-18,0.01112871806042981
2012-12-19,-0.0074292021474562375
2012-12-20,0.005752206336740784
2012-12-21,-0.009077088347353102
2012-12-24,-0.0030814683721585023
2012-12-26,-0.004215088851880933
2012-12-27,-0.0013399040365743575
2012-12-28,-0.010808198537660685
2012-12-31,0.016996301873542397
2013-01-02,-0.0003
2013-01-03,-0.0025596227178578453
2013-01-04,0.004392029596542724
2013-01-07,-0.0027329247663970824
2013-01-08,-0.0028771123230180162
2013-01-09,0.0025420553295869563
2013-01-10,0.007949185363054445
2013-01-11,-6.793127262516574e-05
2013-01-14,-0.000679620167839512
2013-01-15,0.0006800823655308541
2013-01-16,-0.00013600242113054328
2013-01-17,0.006460667055216751
2013-01-18,0.002229678646242572
2013-01-22,0.0053936900879214544
2013-01-23,0.0016086467905496171
2013-01-24,0.00026807382269411484
2013-01-25,0.005622190255170301
2013-01-28,-0.0011979875905724358
2013-01-29,0.003931674543437902
2013-01-30,-0.003916277016785985
2013-01-31,-0.0024658108646630206
2013-02-01,0.010287886126232992
2013-02-04,-0.011240952583738584
2013-02-05,0.01009755195637796
2013-02-06,0.0007284948529300284
2013-02-07,-0.0013234158811049612
2013-02-08,0.005564528754329112
2013-02-11,-0.0001968875439863904
2013-02-12,0.0016462432364736657
2013-02-13,0.0008552942486486081
2013-02-14,0.0009202309884597248
2013-02-15,-0.001182192521755332
2013-02-19,0.007494712679627646
2013-02-20,-0.012463211894160997
2013-02-21,-0.00607902639088298
2013-02-22,0.009772850959232748
2013-02-25,-0.019027063992396176
2013-02-26,0.006845441158891186
2013-02-27,-0.0003
2013-02-28,-0.0022751653565406312
2013-03-01,0.003298055935844868
2013-03-04,0.005325657629221325
2013-03-05,0.00895876509126703
2013-03-06,0.0013607026363808838
2013-03-07,0.0018125303057379138
2013-03-08,0.004264454657839201
2013-03-11,0.0037953516336921567
2013-03-12,-0.0022431840011821746
2013-03-13,0.0014132877434591684
2013-03-14,0.005323808038985245
2013-03-15,-0.0013197202928539875
2013-03-18,-0.00551927683681841
2013-03-19,-0.002323267671072715
2013-03-20,0.006985662265812209
2013-03-21,-0.008542937690327213
2013-03-22,0.008033482478809306
2013-03-25,-0.004177403174728145
2013-03-26,0.008002767812391287
2013-03-27,0.0
2013-03-28,0.0030728402137172317
2013-04-01,-0.003956875399907522
2013-04-02,0.004934070806386082
2013-04-03,-0.010139280006460138
2013-04-04,0.004058462363534909
2013-04-05,-0.004491073083262687
2013-04-08,0.006767524684118786
2013-04-09,0.0034564718259155747
2013-04-10,0.012249100951368108
2013-04-11,0.003277020469623526
2013-04-12,-0.0024499778416305906
2013-04-15,-0.023173637947299763
2013-04-16,0.014762403493240539
2013-04-17,-0.0003
2013-04-18,-0.006553712097145092
2013-04-19,0.00869362608069224
2013-04-22,-0.0003
2013-04-23,0.010009359167608001
2013-04-24,0.0006334712381022012
2013-04-25,0.004053466746972489
2013-04-26,-0.0017660437867839107
2013-04-29,0.006698782882381904
2013-04-30,0.0023850028513401345
2013-05-01,-0.008766910477471468
2013-05-02,0.009286901043799034
2013-05-03,0.010140536334631856
2013-05-06,0.0025412906385127165
2013-05-07,0.005068397051591678
2013-05-08,0.004551318596536902
2013-05-09,-0.002816183563592367
2013-05-10,0.0032540933953459916
2013-05-13,0.0007951984203260487
2013-05-14,0.010333459464296313
2013-05-15,0.005386992007903935
2013-05-16,-0.004695314128318251
2013-05-17,0.009676730782913978
2013-05-20,-5.992857842651578e-05
2013-05-21,0.0014373407442955788
2013-05-22,-0.0074169176943783555
2013-05-23,-0.002892927556454983
2013-05-24,-0.0008462089515240967
2013-05-28,0.005988767444914833
2013-05-29,-0.006494318405990462
2013-05-30,0.003691962848813457
2013-05-31,-0.014351897352275267
2013-06-03,0.005506277582443486
2013-06-04,-0.004807103633058141
2013-06-05,-0.014000932592420967
2013-06-06,0.009053398754970798
2013-06-07,0.012720624918008516
2013-06-10,0.0
2013-06-11,-0.01031596996280748
2013-06-12,-0.008277083925617545
2013-06-13,0.015208605658239893
2013-06-14,-0.006272235986952479
2013-06-17,0.007721239187029605
2013-06-18,0.007905786191879871
2013-06-19,-0.013816659420476385
2013-06-20,-0.02477830763741029
2013-06-21,0.0032105908034307795
2013-06-24,-0.0003
2013-06-25,0.009313994847837093
2013-06-26,0.009900924752707763
2013-06-27,0.005870099482275792
2013-06-28,-0.0040979186377095855
2013-07-01,0.005859974333922047
2013-07-02,-0.0009290109677068115
2013-07-03,0.0004336583055835064
2013-07-05,0.010788385071725637
2013-07-08,0.005704999823746837
2013-07-09,0.007197689719870892
2013-07-10,0.0003632125597796687
2013-07-11,0.01362070923756975
2013-07-12,0.0004178641290408791
2013-07-15,0.003820661333144404
2013-07-16,-0.003746822104145564
2013-07-17,0.0025674397345119004
2013-07-18,0.005477370794040315
2013-07-19,0.001776293401662743
2013-07-22,0.0019505256442211572
2013-07-23,-0.002123765052176374
2013-07-24,-0.0036652672725719926
2013-07-25,0.002433192224218228
2013-07-26,0.0010652394688062117
2013-07-29,-0.003074958989107257
2013-07-30,0.0
2013-07-31,0.0007118554347684825
2013-08-01,0.011558548076458841
2013-08-02,0.0016990136733918693
2013-08-05,-0.0014623822806195674
2013-08-06,-0.005682081028595687
2013-08-07,-0.0032405217122242203
2013-08-08,0.0036646232041439575
2013-08-09,-0.002886075330891802
2013-08-12,-0.0011811931129360742
2013-08-13,0.0029572625933735885
2013-08-14,-0.005129939737848699
2013-08-15,-0.013985610232222556
2013-08-16,-0.0033062257664195904
2013-08-19,-0.006391813191617413
2013-08-20,0.00491593097463805
2013-08-21,-0.0061602466259131905
2013-08-22,0.009115121291160655
2013-08-23,0.0033721837069522476
2013-08-26,-0.0037210433722020264
2013-08-27,-0.016083986945186424
2013-08-28,0.003550875060785108
2013-08-29,0.001586255486274224
2013-08-30,-0.0031672547171244236
2013-09-03,0.004521684329738429
2013-09-04,0.008273197716970548
2013-09-05,0.001266603579483938
2013-09-06,0.00048201446272710946
2013-09-09,0.009576510663500404
2013-09-10,0.007396789238161006
2013-09-11,0.003138711792902482
2013-09-12,-0.0026564403429817363
2013-09-13,0.00224893584383401
2013-09-16,0.0057872750519900595
2013-09-17,0.004463297123883825
2013-09-18,0.011574164191957559
2013-09-19,-0.0016765378278812415
2013-09-20,-0.006991119154012182
2013-09-23,-0.0046275257700055805
2013-09-24,-0.002354161185491699
2013-09-25,-0.0028898315393077745
2013-09-26,0.003844560132247432
2013-09-27,-0.004596361276295147
2013-09-30,-0.005328008986516863
2013-10-01,0.007916367239733102
2013-10-02,-0.0009449003448830373
2013-10-03,-0.009220988076055758
2013-10-04,0.007576557779796378
2013-10-07,-0.008644714370797724
2013-10-08,-0.011646739141498719
2013-10-09,-0.0003
2013-10-10,0.0
2013-10-11,0.0
2013-10-14,0.003693515528188052
2013-10-15,-0.007254050050552574
2013-10-16,0.013966023819680817
2013-10-17,-0.0003
2013-10-18,0.006454531252169294
2013-10-21,5.733256962292543e-05
2013-10-22,0.005791560499820214
2013-10-23,-0.004788901743688734
2013-10-24,0.0033227276218112944
2013-10-25,0.004567026078202252
2013-10-28,0.001591186730417471
2013-10-29,0.005334713287098003
2013-10-30,-0.004967166297572545
2013-10-31,-0.002836376338567481
2013-11-01,0.0023892211440685873
2013-11-04,0.003518764091068327
2013-11-05,-0.0031670700955336306
2013-11-06,0.005106078619494969
2013-11-07,-0.012643861209203688
2013-11-08,0.01349131803288195
2013-11-11,0.0001695046863721128
2013-11-12,-0.0020302942282062197
2013-11-13,0.00802448500548092
2013-11-14,0.004988780419140415
2013-11-15,0.004351687041895369
2013-11-18,-0.003499352304836667
2013-11-19,-0.0021739180910554934
2013-11-20,-0.0031275186525724363
2013-11-21,0.008068210019617217
2013-11-22,0.005002771833039876
2013-11-25,-0.0009954480636885643
2013-11-26,0.00027665492639195044
2013-11-27,0.002435336303206137
2013-11-29,-0.000662426482004097
2013-12-02,-0.002597165098829901
2013-12-03,-0.004320370090271641
2013-12-04,-0.00011135124258820905
2013-12-05,-0.00439575583357954
2013-12-06,0.01117738477789687
2013-12-09,0.0025424556286863798
2013-12-10,-0.0035830220041018768
2013-12-11,-0.011231392542025098
2013-12-12,-0.0033013028480756157
2013-12-13,-0.00011247022674976126
2013-12-16,0.006232274378271674
2013-12-17,-0.0031804123537059192
2013-12-18,0.01707242488787042
2013-12-19,-0.0011560671955068713
2013-12-20,0.005817179428590613
2013-12-23,0.005342669866072347
2013-12-24,0.002191272714965997
2013-12-26,0.00508366995731957
2013-12-27,-5.4085936406766955e-05
2013-12-30,-0.0001631885547968004
2013-12-31,0.004733138042038565
2014-01-02,-0.009584332221770908
2014-01-03,-0.0001638123910534528
2014-01-06,-0.002897513773153615
2014-01-07,0.006141427686483514
2014-01-08,0.0002181261943692281
2014-01-09,0.0006539280014186133
2014-01-10,0.0027228168544917164
2014-01-13,-0.013305154599317803
2014-01-14,0.010897554241322327
2014-01-15,0.005390090150321658
2014-01-16,-0.0012997820131750437
2014-01-17,-0.004229278724817265
2014-01-21,0.0029406504075046858
2014-01-22,0.0006515845765882045
2014-01-23,-0.008193664798992084
2014-01-24,-0.02133558444454131
2014-01-27,-0.004919692435260914
2014-01-28,-0.0003
2014-01-29,-0.0
2014-01-30,0.010300546482325335
2014-01-31,-0.0003
2014-02-03,-0.022805512300410315
2014-02-04,-0.0003
2014-02-05,-0.0
2014-02-06,0.0
2014-02-07,0.0
2014-02-10,0.0015362090615942074
2014-02-11,0.010943806677376156
2014-02-12,0.0004951138042468273
2014-02-13,0.005162296584257042
2014-02-14,0.005518716771255372
2014-02-18,0.0011953035286988989
2014-02-19,-0.006621572844099144
2014-02-20,0.005900915901014603
2014-02-21,-0.0011401549690041035
2014-02-24,0.005546587091433963
2014-02-25,-0.0003784885676285654
2014-02-26,5.4104823969725047e-05
2014-02-27,0.005247272668363667
2014-02-28,0.002529009313914088
2014-03-03,-0.00703196132830719
2014-03-04,0.014055901257937542
2014-03-05,0.000906447180877068
2014-03-06,0.00228994646492775
2014-03-07,0.0004251562809634013
2014-03-10,-0.0005311194585603252
2014-03-11,-0.004942866560319614
2014-03-12,0.0002673727668263126
2014-03-13,-0.011213480513302954
2014-03-14,-0.0028079814245453028
2014-03-17,0.009043398583192808
2014-03-18,0.0071384032306827105
2014-03-19,-0.005328877564579448
2014-03-20,0.005839723173894695
2014-03-21,-0.003878704661507637
2014-03-24,-0.004135294960003533
2014-03-25,0.004745343896114695
2014-03-26,-0.007192640813108775
2014-03-27,-0.002108160729109798
2014-03-28,0.0049302464401947965
2014-03-31,0.008194488235700348
2014-04-01,0.006630790285402366
2014-04-02,0.0033461985773726166
2014-04-03,-0.0013236314020604878
2014-04-04,-0.011821510216046938
2014-04-07,-0.011051835708865032
2014-04-08,0.0041228050902213376
2014-04-09,0.01075119696085447
2014-04-10,-0.021006277167760712
2014-04-11,-0.009008499900235445
2014-04-14,0.00787851076890278
2014-04-15,-0.0003
2014-04-16,0.010177871097418268
2014-04-17,0.0013965796642769757
2014-04-21,0.003487334381797158
2014-04-22,0.004544797443027715
2014-04-23,-0.0023420559315051603
2014-04-24,0.002027151120939985
2014-04-25,-0.008199118043999531
2014-04-28,0.0031672115795171596
2014-04-29,0.004655648565959902
2014-04-30,0.0029826857414738672
2014-05-01,0.00010584852428929814
2014-05-02,-0.0014334336016669225
2014-05-05,0.0019142875004773963
2014-05-06,-0.008703970077975631
2014-05-07,0.005889034255002645
2014-05-08,-0.0010641019102635152
2014-05-09,0.001492048949676139
2014-05-12,0.009735844682191797
2014-05-13,0.0008959074674204093
2014-05-14,-0.004738294654172748
2014-05-15,-0.008780234000059672
2014-05-16,0.00346884002481862
2014-05-19,0.0036691376534370157
2014-05-20,-0.006305148315289055
2014-05-21,0.008424614824118715
2014-05-22,0.002432190013010649
2014-05-23,0.004009132704606788
2014-05-27,0.006146214959812157
2014-05-28,-0.0007310665798302418
2014-05-29,0.005172942367306144
2014-05-30,0.0016116307219276038
2014-06-02,0.0011415271823604911
2014-06-03,-0.0005184964419712168
2014-06-04,0.0020229322714495623
2014-06-05,0.006522238778503553
2014-06-06,0.004782402333168845
2014-06-09,0.001023830253780833
2014-06-10,0.00010220161060536803
2014-06-11,-0.0034764169437938586
2014-06-12,-0.007079829220620448
2014-06-13,0.003048470339299225
2014-06-16,0.0008242993479690153
2014-06-17,0.0027791157883521045
2014-06-18,0.007339973138575928
2014-06-19,0.0011205134795058136
2014-06-20,0.0020303753698813765
2014-06-23,-0.0003061059372265751
2014-06-24,-0.006024054489440656
2014-06-25,0.004519807368562612
2014-06-26,-0.0007157207816842481
2014-06-27,0.0019442667096221111
2014-06-30,-0.0005107114556515135
2014-07-01,0.006693271430568304
2014-07-02,0.0010149607256799698
2014-07-03,0.004918173939042925
2014-07-07,-0.0034815844735475165
2014-07-08,-0.006429755317627128
2014-07-09,0.004483957385287507
2014-07-10,-0.003956408409348855
2014-07-11,0.0013749549475565725
2014-07-14,0.005035338489595809
2014-07-15,-0.0018725820666551929
2014-07-16,0.003701191057418285
2014-07-17,-0.011365704937943755
2014-07-18,0.010219302164301114
2014-07-21,-0.0018719174997102739
2014-07-22,0.004358252167541821
2014-07-23,0.0022200903345803713
2014-07-24,5.0355504223054126e-05
2014-07-25,-0.00468179272350755
2014-07-28,0.00040462417379782956
2014-07-29,-0.00429726329200486
2014-07-30,0.00015236281755992565
2014-07-31,-0.01974834785422841
2014-08-01,-0.0030556940026460477
2014-08-04,-0.0003
2014-08-05,-0.0
2014-08-06,1.2176749577286498e-05
2014-08-07,-0.0054145568682471
2014-08-08,0.011569255861875849
2014-08-11,0.00289774287790312
2014-08-12,-0.0013932646070347054
2014-08-13,0.006768819958703931
2014-08-14,0.004721814815095149
2014-08-15,-0.00020419470451249477
2014-08-18,0.008379413656531609
2014-08-19,0.0052188369443693094
2014-08-20,0.0026716405850444325
2014-08-21,0.0029154759640925842
2014-08-22,-0.0015537304497492688
2014-08-25,0.005070457635010683
2014-08-26,0.0006492410311755847
2014-08-27,-0.0003993525402622433
2014-08-28,-0.0005489912995456647
2014-08-29,0.002847725875358087
2014-09-02,-0.0004984547530743066
2014-09-03,-0.0005480062192333435
2014-09-04,-0.0014462973568378779
2014-09-05,0.0044953380022907385
2014-09-08,-0.002585491110617011
2014-09-09,-0.006331210711359447
2014-09-10,0.003762279088753928
2014-09-11,0.0011495256387870079
2014-09-12,-0.00584099828682183
2014-09-15,-0.000753380206783616
2014-09-16,0.007538169156005692
2014-09-17,0.0013469346113976766
2014-09-18,0.005330293188435586
2014-09-19,-0.0009011789669673975
2014-09-22,-0.0077227381162160436
2014-09-23,-0.005724648305857727
2014-09-24,0.007827841152403536
2014-09-25,-0.016135465194584198
2014-09-26,0.007945508941701318
2014-09-29,-0.0018189951525374726
2014-09-30,-0.0026324761957239318
2014-10-01,-0.01355160972269076
2014-10-02,0.00015377825233353626
2014-10-03,0.011009556197691506
2014-10-06,-0.0011702335901936367
2014-10-07,-0.015436300420589077
2014-10-08,0.017489274284405942
2014-10-09,-0.019832898813572086
2014-10-10,-0.011414800122701019
2014-10-13,-0.0003
2014-10-14,0.0
2014-10-15,-0.0
2014-10-16,-0.0
2014-10-17,0.0
2014-10-20,0.0
2014-10-21,0.0
2014-10-22,-0.007411189552184927
2014-10-23,0.011625215700832303
2014-10-24,0.007694528669740075
2014-10-27,-0.001374078270168666
2014-10-28,0.011470321928064742
2014-10-29,-0.0015118392771331646
2014-10-30,0.006410644672347532
2014-10-31,0.011435063534600332
2014-11-03,0.0005454717280399812
2014-11-04,-0.003469157419323965
2014-11-05,0.0063162731540331585
2014-11-06,0.004003114216678316
2014-11-07,0.0009350019146234789
2014-11-10,0.0031476823729239545
2014-11-11,0.0009806439158006608
2014-11-12,-0.0010776606122323562
2014-11-13,0.0011276370993880125
2014-11-14,0.0002448861147663628
2014-11-17,0.0006363479358071356
2014-11-18,0.005773932125213932
2014-11-19,-0.001605355897416949
2014-11-20,0.0017540228072745467
2014-11-21,0.005350978198172429
2014-11-24,0.0028061676372408417
2014-11-25,-0.0007236867281589232
2014-11-26,0.0025588184753670973
2014-11-28,-0.0021191385432109966
2014-12-01,-0.006949495782574644
2014-12-02,0.0064638878349401185
2014-12-03,0.0038627707329954575
2014-12-04,-0.001105873468489893
2014-12-05,0.0016370771223257474
2014-12-08,-0.006683167852639227
2014-12-09,-0.000677416324250002
2014-12-10,-0.0160311489877748
2014-12-11,0.005069845577757137
2014-12-12,-0.016161573893611947
2014-12-15,-0.006869126728365593
2014-12-16,-0.0003
2014-12-17,0.019305117670781878
2014-12-18,-0.0003
2014-12-19,0.003955184979277793
2014-12-22,0.00459950923421637
2014-12-23,0.0013497351815834335
2014-12-24,9.656551325409879e-05
2014-12-26,0.0032244076975731506
2014-12-29,0.0013436311079004781
2014-12-30,-0.00536616217490693
2014-12-31,-0.009923356486348789
2015-01-02,-0.000534843801972773
2015-01-05,-0.01805962630641955
2015-01-06,-0.009419013689502598
2015-01-07,0.012461249556599663
2015-01-08,0.01774499199489843
2015-01-09,-0.008013741123020113
2015-01-12,-0.007833743322990028
2015-01-13,-0.0028121723215335237
2015-01-14,-0.006037214206334851
2015-01-15,-0.009160994195492544
2015-01-16,-0.0003
2015-01-20,0.0
2015-01-21,0.004747706508408245
2015-01-22,0.014871130513374853
2015-01-23,-0.005482599922398079
2015-01-26,0.0023415242068955955
2015-01-27,-0.013190555978400909
2015-01-28,-0.012824095541129066
2015-01-29,0.009243423062573974
2015-01-30,-0.01257494208210308
2015-02-02,0.012384152404606441
2015-02-03,0.01446098152398001
2015-02-04,-0.0038074717891320997
2015-02-05,0.010094687884482534
2015-02-06,-0.002765187424930593
2015-02-09,-0.004475625406662576
2015-02-10,0.010653080756884314
2015-02-11,0.000580150699838633
2015-02-12,0.009616794065129497
2015-02-13,0.004116241900235407
2015-02-17,0.0015734218164427105
2015-02-18,9.53929261002795e-05
2015-02-19,-0.0007140160775813698
2015-02-20,0.006000542624720051
2015-02-23,-0.00014228022645901284
2015-02-24,0.002841024133093173
2015-02-25,-0.0008495525393431569
2015-02-26,-0.0011816211087440909
2015-02-27,-0.00340634661678596
2015-03-02,0.006313959055681551
2015-03-03,-0.0041043822456384715
2015-03-04,-0.004215621713859918
2015-03-05,0.0010940641200130052
2015-03-06,-0.0140641312165396
2015-03-09,0.004144231469451531
2015-03-10,-0.01622170152278435
2015-03-11,-0.0023415904971600954
2015-03-12,0.012713813809012375
2015-03-13,-0.006132333345256091
2015-03-16,0.013360686112233289
2015-03-17,-0.0029724955376698725
2015-03-18,0.012021276605194586
2015-03-19,-0.004561503539819434
2015-03-20,0.008826746530393947
2015-03-23,-0.001948503328660367
2015-03-24,-0.005618981195565587
2015-03-25,-0.014653752820214194
2015-03-26,-0.0023811596563035886
2015-03-27,0.002289455683120778
2015-03-30,0.012199701461291568
2015-03-31,-0.008739416719307336
2015-04-01,-0.0035363155661405354
2015-04-02,0.0035974127095230735
2015-04-06,0.006733676489191209
2015-04-07,-0.00264653665884218
2015-04-08,0.0033769267207521825
2015-04-09,0.004423129978353479
2015-04-10,0.005457531797966819
2015-04-13,-0.004523169785971781
2015-04-14,0.0019133080500723931
2015-04-15,0.004486937000721669
2015-04-16,-0.00028517298017916026
2015-04-17,-0.011503363736857897
2015-04-20,0.009136994245060093
2015-04-21,-0.0011916067138717512
2015-04-22,0.0049141676786979005
2015-04-23,0.002516621330869384
2015-04-24,0.0023200910443474942
2015-04-27,-0.00415787752304464
2015-04-28,0.0031790476381605703
2015-04-29,-0.004114777127691038
2015-04-30,-0.010020444914671356
2015-05-01,0.01084158450344197
2015-05-04,0.0028474555088349174
2015-05-05,-0.011452342463279641
2015-05-06,-0.0041166544780733005
2015-05-07,0.003989844610518434
2015-05-08,0.013165830703172565
2015-05-11,-0.004772534838496267
2015-05-12,-0.0029913641028972426
2015-05-13,0.00019075630671627763
2015-05-14,0.010427423668903257
2015-05-15,0.0010838058554114571
2015-05-18,0.0031064436544152585
2015-05-19,-0.0003282888410186535
2015-05-20,-0.0007038427674134207
2015-05-21,0.002912383157385401
2015-05-22,-0.0023887270619836753
2015-05-26,-0.010751999265027234
2015-05-27,0.00949230583114491
2015-05-28,-0.0011282586910676962
2015-05-29,-0.006213081238004237
2015-06-01,0.002036707597669274
2015-06-02,-0.000992423006376697
2015-06-03,0.0026493223989036974
2015-06-04,-0.008446613518226398
2015-06-05,-0.0017131305408272235
2015-06-08,-0.006149412973120438
2015-06-09,-0.00014414064739787236
2015-06-10,0.011993542556206105
2015-06-11,0.003223672779558928
2015-06-12,-0.007655225309134983
2015-06-15,-0.004285448320927809
2015-06-16,0.005451696751346935
2015-06-17,0.0016168093591604205
2015-06-18,0.010399203484589004
2015-06-19,-0.004438737326335818
2015-06-22,0.005122931161518629
2015-06-23,0.0007079181281801628
2015-06-24,-0.007262679868798028
2015-06-25,-0.0030403432130069463
2015-06-26,-0.00019055188797678646
2015-06-29,-0.02097045943881759
2015-06-30,0.0020930869062727453
2015-07-01,-0.0003
2015-07-02,-0.0012153499727458935
2015-07-06,-0.002845852370569557
2015-07-07,0.0062883760659244725
2015-07-08,-0.01677726696294979
2015-07-09,0.00180914237005525
2015-07-10,-0.0003
2015-07-13,0.0
2015-07-14,0.004038247175044163
2015-07-15,-0.0003322765346919221
2015-07-16,0.008024473414299127
2015-07-17,0.0008474989771563024
2015-07-20,0.000517836370769853
2015-07-21,-0.00395140883707501
2015-07-22,-0.001794129244030107
2015-07-23,-0.005630346690679855
2015-07-24,-0.010372186976616682
2015-07-27,-0.005817304231971354
2015-07-28,0.012283183278012588
2015-07-29,0.00687933646979455
2015-07-30,0.00023705293704678887
2015-07-31,-0.001517734172110874
2015-08-03,-0.0033731646782874103
2015-08-04,-0.0019543107242386837
2015-08-05,0.0032956708133229373
2015-08-06,-0.008187892718410472
2015-08-07,-0.0019196806798202903
2015-08-10,0.012599175292464126
2015-08-11,-0.009023433775554257
2015-08-12,0.0011982457303616467
2015-08-13,-0.00124420406593595
2015-08-14,0.0036418329521283876
2015-08-17,0.00558699350010583
2015-08-18,-0.002896343291637238
2015-08-19,-0.007905518671211809
2015-08-20,-0.020881614478444166
2015-08-21,-0.03010211969406895
2015-08-24,-0.0003
2015-08-25,-0.0
2015-08-26,0.0
2015-08-27,0.0
2015-08-28,0.0
2015-08-31,-0.0
2015-09-01,-0.0
2015-09-02,0.0
2015-09-03,0.0
2015-09-04,-0.015436459775510924
2015-09-08,0.025130506153766774
2015-09-09,-0.013371659113028511
2015-09-10,0.005442030503783224
2015-09-11,0.004544260540719325
2015-09-14,-0.003710573758444302
2015-09-15,0.012499332395387697
2015-09-16,-0.0003
2015-09-17,-0.002547531856567564
2015-09-18,-0.016341780082144597
2015-09-21,-0.0003
2015-09-22,-0.013279774661117771
2015-09-23,-0.0015986449169833605
2015-09-24,-0.0036155476165128375
2015-09-25,-0.00025965570465280585
2015-09-28,-0.0003
2015-09-29,0.00028491872292876226
2015-09-30,-0.0003
2015-10-01,0.0
2015-10-02,0.01463758498571296
2015-10-05,0.017794822064851168
2015-10-06,-0.0034262864949416993
2015-10-07,0.00819073337620524
2015-10-08,0.009026462167535998
2015-10-09,0.0005963145768419498
2015-10-12,0.0009440391600357145
2015-10-13,-0.006302084260347396
2015-10-14,-0.004794294489516293
2015-10-15,0.015354621332826612
2015-10-16,0.004546498290238121
2015-10-19,0.0004919226427460011
2015-10-20,-0.0012782625799149239
2015-10-21,-0.00620371651079088
2015-10-22,0.0168933640557567
2015-10-23,0.010962109790342067
2015-10-26,-0.0024577893197594847
2015-10-27,-0.0019321462805458323
2015-10-28,0.011374645233583003
2015-10-29,-0.0005743998558424002
2015-10-30,-0.004309864553092568
2015-11-02,0.01183059886074811
2015-11-03,0.0028997672951456277
2015-11-04,-0.0030330700415690526
2015-11-05,-0.0009982024911699972
2015-11-06,-0.0005235554465837788
2015-11-09,-0.009331328743488299
2015-11-10,0.0023064180354033237
2015-11-11,-0.003931678862754251
2015-11-12,-0.013959848432926414
2015-11-13,-0.011228037366231458
2015-11-16,0.01520648916638434
2015-11-17,-0.0007292738916671038
2015-11-18,0.01586610556544521
2015-11-19,-0.0008624208091927432
2015-11-20,0.0036441164643592483
2015-11-23,-0.0011464762599822098
2015-11-24,0.0013392069870761247
2015-11-25,-0.0001429777446095848
2015-11-27,0.001146160068033808
2015-11-30,-0.004151322530853152
2015-12-01,0.009535645689752625
2015-12-02,-0.01020477916867557
2015-12-03,-0.014003349264750775
2015-12-04,0.01950318058924938
2015-12-07,-0.006058390933545987
2015-12-08,-0.006719522881891815
2015-12-09,-0.007779982506454508
2015-12-10,0.002581563988871549
2015-12-11,-0.01938143275916626
2015-12-14,0.005052573441246766
2015-12-15,-0.0003
2015-12-16,0.014331882976904764
2015-12-17,-0.015238239439793855
2015-12-18,-0.017814930135803597
2015-12-21,0.008248940073501299
2015-12-22,0.009074526948819495
2015-12-23,0.01238296471627054
2015-12-24,-0.0016503057831687151
2015-12-28,-0.0022846801386208204
2015-12-29,0.01067208467531855
2015-12-30,-0.0070882331611918925
2015-12-31,-0.010003368850847405
2016-01-04,-0.013979286664155377
2016-01-05,0.0016910834738141922
2016-01-06,-0.012613984863829364
2016-01-07,-0.023991853571850297
2016-01-08,-0.010976190769329541
2016-01-11,-0.0003
2016-01-12,0.0
2016-01-13,-0.025240272488110373
2016-01-14,0.01641658485883135
2016-01-15,-0.0003
2016-01-19,0.0
2016-01-20,-0.0
2016-01-21,0.005302263835585264
2016-01-22,0.02051509557288167
2016-01-25,-0.015116630126632669
2016-01-26,0.013643469505020267
2016-01-27,-0.010883578483150469
2016-01-28,0.005209680224861568
2016-01-29,0.024377001192999348
2016-02-01,-0.0003613887005488037
2016-02-02,-0.018022319053163205
2016-02-03,0.005995357333862028
2016-02-04,0.001568293080067562
2016-02-05,-0.019050769651207222
2016-02-08,-0.01346034232066562
2016-02-09,5.358931259258348e-05
2016-02-10,-0.0003
2016-02-11,-0.01330852037129463
2016-02-12,0.020617170992124123
2016-02-16,-0.0003
2016-02-17,0.016034699350625257
2016-02-18,-0.0040957151370863976
2016-02-19,-0.0004687603056600098
2016-02-22,0.014479373122017414
2016-02-23,-0.01262976080784084
2016-02-24,0.004576123448894132
2016-02-25,0.012111465238755947
2016-02-26,-0.0023010605426985187
2016-02-29,-0.007842856021614164
2016-03-01,0.023506877531309422
2016-03-02,0.0044924462165851775
2016-03-03,0.003919824500131064
2016-03-04,0.003253675627909347
2016-03-07,0.0007982739943643846
2016-03-08,-0.010917975820402437
2016-03-09,0.0049395483249863315
2016-03-10,0.0008024780959337008
2016-03-11,0.01613701285937763
2016-03-14,-0.0012823782430240183
2016-03-15,-0.0016294763339812501
2016-03-16,0.005787452956689698
2016-03-17,0.006343932426331689
2016-03-18,0.0039294374711214
2016-03-21,0.0014190726822120858
2016-03-22,-0.00053754562649444
2016-03-23,-0.006599698759731987
2016-03-24,-0.00044287340661275376
2016-03-28,0.0005911141047023616
2016-03-29,0.009250059935880461
2016-03-30,0.004387582004356183
2016-03-31,-0.002426965325807995
2016-04-01,0.00681200044052388
2016-04-04,-0.0032377168692044878
2016-04-05,-0.009988192129978257
2016-04-06,0.010921427486755064
2016-04-07,-0.011966330139619452
2016-04-08,0.0026968644381970552
2016-04-11,-0.002347003834540229
2016-04-12,0.009313016741365532
2016-04-13,0.010100999501744479
2016-04-14,4.778636585722751e-05
2016-04-15,-0.0011057859944854087
2016-04-18,0.007027009694787978
2016-04-19,0.00315414194981245
2016-04-20,0.0009528239344018807
2016-04-21,-0.005378283489893554
2016-04-22,0.0
2016-04-25,-0.0017230086888890828
2016-04-26,0.001486281951630808
2016-04-27,0.002058090219145825
2016-04-28,-0.0090761675406702
2016-04-29,-0.005398294918955715
2016-05-02,0.007948132186754275
2016-05-03,-0.008703138130704557
2016-05-04,-0.0055780204473264705
2016-05-05,-0.00019542642441050528
2016-05-06,0.0036592734478921862
2016-05-09,0.0008261860088782935
2016-05-10,0.012434159300843017
2016-05-11,-0.009354720058961319
2016-05-12,0.0002905448745338379
2016-05-13,-0.008714337519962645
2016-05-16,0.009865387723702268
2016-05-17,-0.009333698373810817
2016-05-18,0.0002926214477896316
2016-05-19,-0.0034647351509279334
2016-05-20,0.00631760469275533
2016-05-23,-0.0013625109949879644
2016-05-24,0.01296217275719358
2016-05-25,0.0067829779684884794
2016-05-26,0.0002865993672960254
2016-05-27,0.004299307051446766
2016-05-31,-0.0019024804274820895
2016-06-01,0.0020489810999986258
2016-06-02,0.0030435517952296376
2016-06-03,-0.002986848135441811
2016-06-06,0.005088700312578354
2016-06-07,0.0015609854843343651
2016-06-08,0.003259758455819828
2016-06-09,-0.00136568284142069
2016-06-10,-0.009477506057271379
2016-06-13,-0.007711483789255014
2016-06-14,-0.0019670187680075335
2016-06-15,-0.0013935878686103242
2016-06-16,0.002983827561011676
2016-06-17,-0.0037239166827112147
2016-06-20,0.0064400106064232965
2016-06-21,0.0028385495646037207
2016-06-22,-0.001631052475304151
2016-06-23,0.013022220929105544
2016-06-24,-0.0003
2016-06-27,-0.01820951454363077
2016-06-28,-0.0003
2016-06-29,0.0
2016-06-30,0.013344998938602937
2016-07-01,0.0021005466090204816
2016-07-05,-0.007193141401881764
2016-07-06,0.005997746848153129
2016-07-07,-0.0006198656561874349
2016-07-08,0.014890277709620925
2016-07-11,0.003526979552970211
2016-07-12,0.007263366628520451
2016-07-13,-0.00013967294030958755
2016-07-14,0.0055836973241312204
2016-07-15,-0.0013418399693588823
2016-07-18,0.002687119851720432
2016-07-19,-0.0010164751753254375
2016-07-20,0.004163171394660825
2016-07-21,-0.0037773968126554314
2016-07-22,0.0044852420453651565
2016-07-25,-0.002716020654554563
2016-07-26,0.0004612892799729096
2016-07-27,-0.001060831531259021
2016-07-28,0.0011547015472523903
2016-07-29,0.00161456890192202
2016-08-01,-0.0008288367878787062
2016-08-02,-0.006407633671619561
2016-08-03,0.0029226403655626676
2016-08-04,0.0010640428507400213
2016-08-05,0.008178900293056124
2016-08-08,-0.0005958239123176057
2016-08-09,0.0005961791300992392
2016-08-10,-0.0024745945593568353
2016-08-11,0.004640551694030659
2016-08-12,-0.0008692436367843115
2016-08-15,0.0028837913036747764
2016-08-16,-0.005157567024864695
2016-08-17,0.0018812420931741958
2016-08-18,0.0022437359023090853
2016-08-19,-0.0014620549553578943
2016-08-22,-4.5656216720924014e-05
2016-08-23,0.002013555679150736
2016-08-24,-0.005115152072431295
2016-08-25,-0.0006888214402476223
2016-08-26,-0.0018830780117625734
2016-08-29,0.0049243657713995415
2016-08-30,-0.001648752406002818
2016-08-31,-0.0028438604816460877
2016-09-01,4.5899849659525316e-05
2016-09-02,0.004508196619998017
2016-09-06,0.00302205435218883
2016-09-07,-9.094460778236169e-05
2016-09-08,-0.0022833098767055526
2016-09-09,-0.02393477067713723
2016-09-12,0.014347525842344666
2016-09-13,-0.014376016545087467
2016-09-14,-0.0003747656454580195
2016-09-15,0.009992875018342229
2016-09-16,-0.0038655726636712684
2016-09-19,0.00018769692201292543
2016-09-20,4.676927065139225e-05
2016-09-21,0.011245479251532853
2016-09-22,0.006301403349110002
2016-09-23,-0.005479273081682168
2016-09-26,-0.008102371702201738
2016-09-27,0.0062081128336963776
2016-09-28,0.004963677965073243
2016-09-29,-0.009047464573332165
2016-09-30,0.007546165082292777
2016-10-03,-0.0024041228696637384
2016-10-04,-0.005097779789162038
2016-10-05,0.00442543192046152
2016-10-06,0.0006953909786804324
2016-10-07,-0.0034293569241283794
2016-10-10,0.005208317360988701
2016-10-11,-0.01262957244925833
2016-10-12,0.001312089486640744
2016-10-13,-0.003275758610667534
2016-10-14,0.0005165160029174665
2016-10-17,-0.0034722431297772305
2016-10-18,0.006262566737616826
2016-10-19,0.0026671937503879306
2016-10-20,-0.0018670015502615378
2016-10-21,0.0004674984416719319
2016-10-24,0.004252997546988491
2016-10-25,-0.0033506653141696097
2016-10-26,-0.0020075211096383105
2016-10-27,-0.002666902598015941
2016-10-28,-0.002955718074110436
2016-10-31,4.704459324300636e-05
2016-11-01,-0.007245029670660541
2016-11-02,-0.006018827407714866
2016-11-03,-0.00457733672338656
2016-11-04,-0.0003
2016-11-07,0.0
2016-11-08,0.0
2016-11-09,0.0
2016-11-10,0.0
2016-11-11,-0.0026048153888146627
2016-11-14,0.0007854195430860855
2016-11-15,0.007802607156035535
2016-11-16,-0.0018781063958174249
2016-11-17,0.00514041784833319
2016-11-18,-0.002237451823082659
2016-11-21,0.007551275142843261
2016-11-22,0.00195339523456739
2016-11-23,0.0005442812292062449
2016-11-25,0.0037149437065013835
2016-11-28,-0.004694379746476907
2016-11-29,0.0019501473968353
2016-11-30,-0.002399295621410502
2016-12-01,-0.003675129903735086
2016-12-02,0.0005005158170223734
2016-12-05,0.006008945550659783
2016-12-06,0.00316730002451715
2016-12-07,0.013080690385312899
2016-12-08,0.0024488352617675346
2016-12-09,0.006040438999521891
2016-12-12,-0.0011477995525099871
2016-12-13,0.006673978212517584
2016-12-14,-0.008254297469918348
2016-12-15,0.004117311662186429
2016-12-16,-0.0019559155956017094
2016-12-19,0.002177454811612245
2016-12-20,0.0038574784320530853
2016-12-21,-0.0027827340260062616
2016-12-22,-0.0017271491969035324
2016-12-23,0.0014641740801093484
2016-12-27,0.0024807623361227105
2016-12-28,-0.008264510700997763
2016-12-29,-0.00022259095236887294
2016-12-30,-0.003655047949057688
2017-01-03,0.007650022337799101
2017-01-04,0.005949545213397078
2017-01-05,-0.0007948370935865201
2017-01-06,0.0035778120710676653
2017-01-09,-0.0033006898422274222
2017-01-10,0.0
2017-01-11,0.002826046542488303
2017-01-12,-0.002509816943620735
2017-01-13,0.002295321213171775
2017-01-17,-0.003523398694932345
2017-01-18,0.002210057421552003
2017-01-19,-0.003704661963368383
2017-01-20,0.003673965917656119
2017-01-23,-0.002602029046574472
2017-01-24,0.006411922350529009
2017-01-25,0.00865521243444567
2017-01-26,-0.0010453626734672206
2017-01-27,-0.0015697621636865389
2017-01-30,-0.0062017079169764955
2017-01-31,-8.799069510068147e-05
2017-02-01,0.0003954478485821422
2017-02-02,0.0006593381785997554
2017-02-03,0.0068926620916809345
2017-02-06,-0.0017874901647865205
2017-02-07,4.349794027214138e-05
2017-02-08,0.0013105312910726141
2017-02-09,0.005932531626500426
2017-02-10,0.003946013646422442
2017-02-13,0.005442701168053343
2017-02-14,0.003995320650249434
2017-02-15,0.005220346652307306
2017-02-16,-0.0008513217511235682
2017-02-17,0.001576215452346652
2017-02-21,0.0059553957702105365
2017-02-22,-0.0008879271946151679
2017-02-23,0.0006770921916250394
2017-02-24,0.0012688106176312886
2017-02-27,0.0015627661679686877
2017-02-28,-0.002699187643160794
2017-03-01,0.013997633991633451
2017-03-02,-0.006297435830739828
2017-03-03,0.0006295700719074482
2017-03-06,-0.0029782089990157967
2017-03-07,-0.0029866579842786622
2017-03-08,-0.0018566649291739123
2017-03-09,0.0012683920213691913
2017-03-10,0.003504268798452559
2017-03-13,0.0005046762691824913
2017-03-14,-0.0038264521123499984
2017-03-15,0.008653283324684846
2017-03-16,-0.0019671283130036077
2017-03-17,-0.0017559840465052323
2017-03-20,-0.0010969458045656522
2017-03-21,-0.012839448293045841
2017-03-22,0.0023533349189295283
2017-03-23,-0.0010672752387099749
2017-03-24,-0.0007263989323234021
2017-03-27,-0.001026267592107999
2017-03-28,0.0072768131091227595
2017-03-29,0.000934808625129735
2017-03-30,0.003184249182909271
2017-03-31,-0.0023273904936716994
2017-04-03,-0.0017393622343462312
2017-04-04,0.0006373730454773963
2017-04-05,-0.0029724380262592387
2017-04-06,0.0028110256467672734
2017-04-07,-0.0010195301544064783
2017-04-10,0.0005954203935760738
2017-04-11,-0.0011899072654960596
2017-04-12,-0.004381925846802859
2017-04-13,-0.006494847738913623
2017-04-17,-0.0003
2017-04-18,-0.0
2017-04-19,-0.002138587649666712
2017-04-20,0.008139133636507534
2017-04-21,-0.0031869544243704473
2017-04-24,0.010997969344181291
2017-04-25,0.0058184581547082725
2017-04-26,-0.0006286957414349814
2017-04-27,0.0008390350046616479
2017-04-28,-0.002179603047244294
2017-05-01,0.0025201180021967584
2017-05-02,0.0003771894059965142
2017-05-03,-0.0012144865031810115
2017-05-04,0.001174018200463145
2017-05-05,0.003936883365692534
2017-05-08,-0.00016663197620514492
2017-05-09,-0.0009181744809770853
2017-05-10,0.0017960386501976178
2017-05-11,-0.0020427365432504896
2017-05-12,-0.0016711263199782334
2017-05-15,0.005523394402694892
2017-05-16,-0.0009154355994837049
2017-05-17,-0.017744154350899932
2017-05-18,0.00402845835608856
2017-05-19,0.006504629995288003
2017-05-22,0.005076974499270692
2017-05-23,0.0022128474492002503
2017-05-24,0.0023329003103478296
2017-05-25,0.004779369092191343
2017-05-26,-0.00020666111386569153
2017-05-30,-0.0008687837946530497
2017-05-31,-0.0002485232699086515
2017-06-01,0.007952602532746766
2017-06-02,0.003328115716268787
2017-06-05,-0.0007370557696381175
2017-06-06,-0.0031969631236443696
2017-06-07,0.0018502390795853696
2017-06-08,0.0004925679297369534
2017-06-09,-0.0015177199521554385
2017-06-12,-0.00020526016871347252
2017-06-13,0.00488963116048291
2017-06-14,-0.0012676618326658007
2017-06-15,-0.0019242758449424802
2017-06-16,0.00021849058540057698
2017-06-19,0.008325140218752303
2017-06-20,-0.006744378393017003
2017-06-21,-0.0002465752019327194
2017-06-22,-0.0004526598317728947
2017-06-23,0.0011941201025855719
2017-06-26,0.0006577627156927335
2017-06-27,-0.008056103350890909
2017-06-28,0.00895043114580063
2017-06-29,-0.008788761552594782
2017-06-30,0.001864542636027755
2017-07-03,0.001695600348021964
2017-07-05,0.002312037585234572
2017-07-06,-0.009144592840314214
2017-07-07,0.006485274388165596
2017-07-10,0.0010740111208118464
2017-07-11,-0.0007428375932467812
2017-07-12,0.007514724989989174
2017-07-13,0.001680243472337306
2017-07-14,0.004664150828469715
2017-07-17,-0.00012225753471029055
2017-07-18,0.0005294184019943859
2017-07-19,0.005413947781685691
2017-07-20,0.00044554014527831143
2017-07-21,-0.0008901861049543935
2017-07-24,-0.00024320767887708872
2017-07-25,0.002430961296671974
2017-07-26,4.016231820846983e-05
2017-07-27,-0.0009295145564106599
2017-07-28,-0.001172775139808846
2017-07-31,-0.0005670601009046816
2017-08-01,0.0022285478084120847
2017-08-02,0.0004851951932807186
2017-08-03,-0.0019396976674174171
2017-08-04,0.001822258396141141
2017-08-07,0.00185932063055394
2017-08-08,-0.0024611773845365503
2017-08-09,-4.061433296864703e-05
2017-08-10,-0.014115119043882629
2017-08-11,0.0014770596602318165
2017-08-14,0.009913016674974129
2017-08-15,-0.0001217715582657597
2017-08-16,0.0017443229381886027
2017-08-17,-0.015590449519283789
2017-08-18,-0.0015634633747076965
2017-08-21,0.0007826664694328134
2017-08-22,0.010457050072079754
2017-08-23,-0.0035853995183988685
2017-08-24,-0.002330525083152013
2017-08-25,0.00233596911777445
2017-08-28,4.1062726329643695e-05
2017-08-29,0.001144755959593624
2017-08-30,0.004737485809089392
2017-08-31,0.00601598658568947
2017-09-01,0.001414221968295326
2017-09-05,-0.007182044174101732
2017-09-06,0.0034138293838767986
2017-09-07,-0.00012145180126954536
2017-09-08,-0.0011749115527208698
2017-09-11,0.010666243834177358
2017-09-12,0.003370466728238597
2017-09-13,0.0004799681069760364
2017-09-14,-0.0003197316612033596
2017-09-15,0.0013461666577629927
2017-09-18,0.0021268825886919807
2017-09-19,0.0010010208887993866
2017-09-20,0.00036020003472003737
2017-09-21,-0.002679289388544226
2017-09-22,0.00020055312875144615
2017-09-25,-0.0020449095702860243
2017-09-26,0.0006027011792395509
2017-09-27,0.00389422695214936
2017-09-28,0.0011999333486802932
2017-09-29,0.003515027769500856
2017-10-02,0.004338758467689052
2017-10-03,0.0021397557902014253
2017-10-04,0.001186598832594088
2017-10-05,0.00592513434079156
2017-10-06,-0.0011386290078051475
2017-10-09,-0.0016511015837142873
2017-10-10,0.002638316777010541
2017-10-11,0.0015708520124297909
2017-10-12,-0.0014899517652946503
2017-10-13,0.0012173404048476666
2017-10-16,0.0013333760912697112
2017-10-17,0.0007052508064433471
2017-10-18,0.0009785587586923494
2017-10-19,0.00027353730809109855
2017-10-20,0.005160409595474258
2017-10-23,-0.0038890650595734266
2017-10-24,0.0017570041081347298
2017-10-25,-0.004950244928142111
2017-10-26,0.0012929370014496122
2017-10-27,0.008175772025066808
2017-10-30,-0.003724910458166142
2017-10-31,0.001557956604883337
2017-11-01,0.0013225122882838392
2017-11-02,0.0003878777779955378
2017-11-03,0.003338782450551081
2017-11-06,0.001547844056485559
2017-11-07,-0.0006954162525878438
2017-11-08,0.001700781692314024
2017-11-09,-0.003627652929792391
2017-11-10,-0.000309782739985609
2017-11-13,0.0009299746485618154
2017-11-14,-0.0023229455625990436
2017-11-15,-0.005005114245257403
2017-11-16,0.008501151639715543
2017-11-17,-0.0029388283149685
2017-11-20,0.0017063955042269097
2017-11-21,0.00654260852156896
2017-11-22,-0.0008844077344084544
2017-11-24,0.0023097543000880627
2017-11-27,-0.0004991459029169976
2017-11-28,0.010144791034436773
2017-11-29,-0.0006088201768097434
2017-11-30,0.008754902172666057
2017-12-01,-0.002075132875677621
2017-12-04,-0.001209989171729764
2017-12-05,-0.0035967323717487343
2017-12-06,0.00018977192388436315
2017-12-07,0.003153372454724801
2017-12-08,0.005452827327752097
2017-12-11,0.003013109665506164
2017-12-12,0.001765082577158461
2017-12-13,-0.0001125011647932217
2017-12-14,-0.004086321285905914
2017-12-15,0.008327568383700967
2017-12-18,0.006341093174176526
2017-12-19,-0.003840394351341092
2017-12-20,-0.0005238934239569781
2017-12-21,0.002059310592438246
2017-12-22,-0.0002613830227828906
2017-12-26,-0.001196217947518452
2017-12-27,0.00048677526640417135
2017-12-28,0.0020568813686274723
2017-12-29,-0.0037702488009931923
2018-01-02,0.00715720974788403
2018-01-03,0.0063256709445689285
2018-01-04,0.004214361061388505
2018-01-05,0.0066642153374540936
2018-01-08,0.0018287414872903973
2018-01-09,0.002263733593150352
2018-01-10,-0.0015300578690827793
2018-01-11,0.007295778100402828
2018-01-12,0.006518981640684762
2018-01-16,-0.0034182117006067436
2018-01-17,0.00953161609994635
2018-01-18,-0.001680718028003847
2018-01-19,0.004549401642601314
2018-01-22,0.008131121926353346
2018-01-23,0.0021226140881245303
2018-01-24,-0.0003881856581504639
2018-01-25,0.0004236899323770693
2018-01-26,0.011577548679779781
2018-01-29,-0.006629534625579692
2018-01-30,-0.010257540855823088
2018-01-31,0.0004969505029650545
2018-02-01,-0.0011355252499456459
2018-02-02,-0.02176950119283294
2018-02-05,-0.04182288151464486
2018-02-06,-0.0003
2018-02-07,-0.0
2018-02-08,-0.0
2018-02-09,0.0
2018-02-12,0.0
2018-02-13,0.0
2018-02-14,0.0
2018-02-15,0.0
2018-02-16,-6.912062669372761e-06
2018-02-20,-0.0003
2018-02-21,-0.0
2018-02-22,0.0
2018-02-23,0.015638771831895514
2018-02-26,0.011612408739173352
2018-02-27,-0.012485814275443818
2018-02-28,-0.010130309721510078
2018-03-01,-0.014540984591472794
2018-03-02,0.005155130143029263
2018-03-05,-0.0003
2018-03-06,0.002235013440379652
2018-03-07,-0.00036662488102690016
2018-03-08,0.004839171631075612
2018-03-09,0.017402230871185642
2018-03-12,-0.0012550018392482043
2018-03-13,-0.006462681867260178
2018-03-14,-0.005131933173882719
2018-03-15,-0.0010896386407489578
2018-03-16,0.0010844437062287327
2018-03-19,-0.013530255358655263
2018-03-20,0.0017006310741625175
2018-03-21,-0.0019191942425449415
2018-03-22,-0.02499679604581495
2018-03-23,-0.021314912461486868
2018-03-26,-0.0003
2018-03-27,-0.0
2018-03-28,-0.0
2018-03-29,0.0
2018-04-02,-0.0
2018-04-03,0.012517250947878334
2018-04-04,-0.0003
2018-04-05,0.0
2018-04-06,-0.02258596945172734
2018-04-09,0.004928658660709573
2018-04-10,-0.0003
2018-04-11,-0.0
2018-04-12,0.0
2018-04-13,-0.0032330049079577813
2018-04-16,0.008221816148574534
2018-04-17,0.010698310065137884
2018-04-18,0.0007402871114567944
2018-04-19,-0.005547598017083266
2018-04-20,-0.008479198659006593
2018-04-23,-0.00014992861995133389
2018-04-24,-0.013467414339702666
2018-04-25,0.0024715987655041793
2018-04-26,0.010165792178269628
2018-04-27,0.0009386132381064005
2018-04-30,-0.0076902684362387674
2018-05-01,0.001776710659131986
2018-05-02,-0.006717274340728219
2018-05-03,-0.002203938939025818
2018-05-04,0.012946517444091032
2018-05-07,0.003383120812625817
2018-05-08,0.0
2018-05-09,0.009665943036992752
2018-05-10,0.009350893647531944
2018-05-11,0.003050879472218826
2018-05-14,0.00047667953398966567
2018-05-15,-0.006886839728458272
2018-05-16,0.00420478121689416
2018-05-17,-0.000844785953750038
2018-05-18,-0.00249996945125297
2018-05-21,0.007518704886287475
2018-05-22,-0.0027802274615268407
2018-05-23,0.0027511468509646697
2018-05-24,-0.002048563909076373
2018-05-25,-0.0023830093565102572
2018-05-29,-0.011500651944057583
2018-05-30,0.013344701077408816
2018-05-31,-0.00612589460852575
2018-06-01,0.009817846197491154
2018-06-04,0.004751132624612797
2018-06-05,0.0007272884822606684
2018-06-06,0.008360602300158337
2018-06-07,-0.00010827549955116922
2018-06-08,0.0029565844998604707
2018-06-11,0.0013301534110268243
2018-06-12,0.0012924656406239077
2018-06-13,-0.0031910257776515127
2018-06-14,0.0025178803877927702
2018-06-15,-0.0012757152265742144
2018-06-18,-0.0020569976851080307
2018-06-19,-0.003832641985448526
2018-06-20,0.0017060924383940357
2018-06-21,-0.006269185673448141
2018-06-22,0.0018234678731621212
2018-06-25,-0.01361304008461428
2018-06-26,0.0022143096077851254
2018-06-27,-0.008284600915557494
2018-06-28,0.005717713817933179
2018-06-29,0.0014398631900935932
2018-07-02,0.002137694215132324
2018-07-03,-0.0035312186339916396
2018-07-05,0.008157906824326266
2018-07-06,0.008458273095740099
2018-07-09,0.009004250545397552
2018-07-10,0.0035988429079116813
2018-07-11,-0.007314741898503452
2018-07-12,0.009065980136900187
2018-07-13,0.0007877137627454456
2018-07-16,-0.000894349074879508
2018-07-17,0.00404560259661868
2018-07-18,0.002103166049282512
2018-07-19,-0.003771217081794509
2018-07-20,-0.001143058607189551
2018-07-23,0.0018591722182201842
2018-07-24,0.005032118551187459
2018-07-25,0.008522919736171808
2018-07-26,-0.002359242646640891
2018-07-27,-0.006776167384058951
2018-07-30,-0.00522396806987846
2018-07-31,0.00492943331493656
2018-08-01,-0.0016707988420434638
2018-08-02,0.005447989507539441
2018-08-03,0.00428502430023503
2018-08-06,0.0036667649105324163
2018-08-07,0.00330261784504704
2018-08-08,-0.0004200829967169195
2018-08-09,-0.0013661302808196663
2018-08-10,-0.006700584114112895
2018-08-13,-0.0037429446616067397
2018-08-14,0.006380442083829374
2018-08-15,-0.007467589191415214
2018-08-16,0.008091600999140969
2018-08-17,0.00352049569666657
2018-08-20,0.0021399166306135253
2018-08-21,0.0023452923030553574
2018-08-22,-0.0005938138631282897
2018-08-23,-0.0013278113852599471
2018-08-24,0.006018252735377594
2018-08-27,0.007895390378395595
2018-08-28,0.00048304311692115576
2018-08-29,0.005380934751351152
2018-08-30,-0.004048276591160471
2018-08-31,3.4432792176186666e-05
2018-09-04,-0.0017225301674299587
2018-09-05,-0.0026910725113006295
2018-09-06,-0.003010186981249774
2018-09-07,-0.001943453429724351
2018-09-10,0.0017387014815246626
2018-09-11,0.00329723063493903
2018-09-12,0.00024231041550204502
2018-09-13,0.0059146018592461935
2018-09-14,0.0001720872368513593
2018-09-17,-0.005294326968504515
2018-09-18,0.005425908890666298
2018-09-19,0.0010654153407723133
2018-09-20,0.008104138613188816
2018-09-21,-0.0009134281451397275
2018-09-24,-0.003322136546275334
2018-09-25,-0.0009279222535564235
2018-09-26,-0.0029925258253904463
2018-09-27,0.002794360427395892
2018-09-28,0.00010352120839129952
2018-10-01,0.003474034032880935
2018-10-02,-0.0005826860840472126
2018-10-03,0.0005487786291973329
2018-10-04,-0.007815953347760196
2018-10-05,-0.005596978873811165
2018-10-08,0.0
2018-10-09,-0.0014595758991986507
2018-10-10,-0.03166272873907139
2018-10-11,-0.022026582714072207
2018-10-12,-0.0003
2018-10-15,-0.0
2018-10-16,0.0
2018-10-17,0.0
2018-10-18,-0.014741042975838147
2018-10-19,-0.0005426283883782634
2018-10-22,-0.0003
2018-10-23,-0.0
2018-10-24,-0.030598743605410074
2018-10-25,-0.0003
2018-10-26,-0.0
2018-10-29,-0.0
2018-10-30,0.0
2018-10-31,0.0
2018-11-01,0.0
2018-11-02,-0.0
2018-11-05,0.005217177146793895
2018-11-06,0.006327631242135423
2018-11-07,0.021409014370415758
2018-11-08,-0.0003
2018-11-09,-0.010068219697692482
2018-11-12,-0.01868541088021003
2018-11-13,-0.001870747646332882
2018-11-14,-0.0003
2018-11-15,0.010136855661265954
2018-11-16,-0.0003
2018-11-19,-0.01721454640711998
2018-11-20,-0.01850573204501793
2018-11-21,0.003407143074286134
2018-11-23,-0.0003
2018-11-26,0.015844552668440946
2018-11-27,0.003364285443537618
2018-11-28,0.023025245944561012
2018-11-29,-0.0021848384446089275
2018-11-30,0.006094961495157536
2018-12-03,0.013241754572314912
2018-12-04,-0.032402275130601454
2018-12-06,-0.0015176473964086945
2018-12-07,-0.02323553770555742
2018-12-10,-0.0003
2018-12-11,0.0
2018-12-12,0.0
2018-12-13,-0.0
2018-12-14,-0.018764765660947237
2018-12-17,-0.0196182812208332
2018-12-18,-0.0010964035625086188
2018-12-19,-0.0003
2018-12-20,-0.0
2018-12-21,-0.0
2018-12-24,-0.0
2018-12-26,0.0
2018-12-27,0.0
2018-12-28,-0.0
2018-12-31,0.0
2019-01-02,0.0
2019-01-03,-0.0
2019-01-04,0.0
2019-01-07,0.0
2019-01-08,0.009095125316950859
2019-01-09,0.004673402552196393
2019-01-10,0.003527559942269498
2019-01-11,0.00038636385948231933
2019-01-14,-0.006100860901675498
2019-01-15,0.011460749566817308
2019-01-16,0.002420007985017625
2019-01-17,0.00758666827358323
2019-01-18,0.01330993518416923
2019-01-22,-0.01351035264954803
2019-01-23,0.0020923067818541252
2019-01-24,-0.0003
2019-01-25,0.008161353661258109
2019-01-28,-0.007600149660536237
2019-01-29,-0.0013269307314220935
2019-01-30,0.015830552459219716
2019-01-31,0.008782557937848212
2019-02-01,0.00048176225904539294
2019-02-04,0.007035559027659843
2019-02-05,0.004191667842639246
2019-02-06,-0.0013182743478377112
2019-02-07,-0.009532722250489956
2019-02-08,0.001221843179259885
2019-02-11,0.0005540805929331594
2019-02-12,0.012859640160509889
2019-02-13,0.003246791230608226
2019-02-14,-0.0022181646602533744
2019-02-15,0.010896905818094327
2019-02-19,0.001730722695411302
2019-02-20,0.002015340010125488
2019-02-21,-0.0035554846508981663
2019-02-22,0.006200061803869117
2019-02-25,0.0013611815417524653
2019-02-26,-0.0007155466951274114
2019-02-27,-0.00042978199952337093
2019-02-28,-0.0018623341393019244
2019-03-01,0.006243763856311979
2019-03-04,-0.003637782771218623
2019-03-05,-0.0013596103838068307
2019-03-06,-0.0060567947844002434
2019-03-07,-0.008365602996332155
2019-03-08,-0.0020000543321113673
2019-03-11,0.01450150287601959
2019-03-12,0.0037704858983216294
2019-03-13,0.00661930587549886
2019-03-14,-0.0006396806434857405
2019-03-15,0.004940723871465824
2019-03-18,0.003625885282140473
2019-03-19,0.0002477575952681832
2019-03-20,-0.0030099391192862646
2019-03-21,0.011294824046559127
2019-03-22,-0.01924647596753659
2019-03-25,-0.0007518965715304082
2019-03-26,0.00745384427985285
2019-03-27,-0.005228688601041975
2019-03-28,0.0037903582182128304
2019-03-29,0.006305609663463274
2019-04-01,0.01185887470184488
2019-04-02,0.0004900418365494374
2019-04-03,0.0015738030616652132
2019-04-04,0.0026530351122491247
2019-04-05,0.004840009101923171
2019-04-08,0.0007626867287802153
2019-04-09,-0.0051249241422784975
2019-04-10,0.0034112037283975383
2019-04-11,-0.00027780264937493637
2019-04-12,0.006765985338597513
2019-04-15,-0.0006545636382875308
2019-04-16,0.0006549923724779028
2019-04-17,-0.002447005160658433
2019-04-18,0.0019692119080645387
2019-04-22,0.0008619303515773336
2019-04-23,0.008991926712895504
2019-04-24,-0.0022195985448989486
2019-04-25,-0.0006158734018120171
2019-04-26,0.0046569602855859316
2019-04-29,0.0015676971278140162
2019-04-30,0.00051026723556169
2019-05-01,-0.00751656742997131
2019-05-02,-0.0021590667710312816
2019-05-03,0.009788146096085137
2019-05-06,-0.004115378928594482
2019-05-07,-0.01669969876167654
2019-05-08,-0.0013888630031854143
2019-05-09,-0.0003
2019-05-10,0.0
2019-05-13,-0.0
2019-05-14,0.008743534393208264
2019-05-15,-0.0003
2019-05-16,0.008960997933977944
2019-05-17,-0.006465134327674593
2019-05-20,-0.006612065276893175
2019-05-21,0.009015692281689969
2019-05-22,-0.003071258459652504
2019-05-23,-0.012218477614361123
2019-05-24,0.0022682764638073394
2019-05-28,-0.009300596020051066
2019-05-29,-0.006710775958247872
2019-05-30,0.002731043396988042
2019-05-31,-0.013475305761205814
2019-06-03,-0.0025426009350386636
2019-06-04,0.02170628813201647
2019-06-05,-0.0003
2019-06-06,0.0062025556621571835
2019-06-07,0.010006997379038873
2019-06-10,0.00458910257575873
2019-06-11,-0.00024259349369892824
2019-06-12,-0.0017648726851035024
2019-06-13,0.00412637687222106
2019-06-14,-0.0011053221661077028
2019-06-17,0.00038043364033790716
2019-06-18,0.010470857599740535
2019-06-19,0.0022572765603439127
2019-06-20,0.009553942293428319
2019-06-21,-0.0014531192816001903
2019-06-24,-0.0012243830891196517
2019-06-25,-0.009807993178329366
2019-06-26,-0.0009973960755138567
2019-06-27,0.0035455711197116546
2019-06-28,0.005146162756586303
2019-07-01,0.00907843785068807
2019-07-02,0.0026040970028706756
2019-07-03,0.007995075112178895
2019-07-05,-0.0011375222037977029
2019-07-08,-0.005494885682799655
2019-07-09,0.0012465709903219935
2019-07-10,0.004777975026149628
2019-07-11,0.002343839845118989
2019-07-12,0.004477290859598471
2019-07-15,0.00033254626221035366
2019-07-16,-0.0032253456718907003
2019-07-17,-0.0068049630284907625
2019-07-18,0.0036610671448795706
2019-07-19,-0.005555155281147028
2019-07-22,0.0024565393959059545
2019-07-23,0.00715016642951527
2019-07-24,0.004699402703268962
2019-07-25,-0.004777103452142328
2019-07-26,0.006700262996870876
2019-07-29,-0.0018212155665414675
2019-07-30,-0.0024547683095174078
2019-07-31,-0.010940563155931948
2019-08-01,-0.008707762222385118
2019-08-02,-0.0075295402132428135
2019-08-05,-0.030073134884864183
2019-08-06,0.0140228641602691
2019-08-07,-0.0003
2019-08-08,0.0
2019-08-09,-0.007111775966773403
2019-08-12,-0.01217314969063521
2019-08-13,0.015551907568545742
2019-08-14,-0.0003
2019-08-15,0.0023417240484750693
2019-08-16,-0.0003
2019-08-19,0.0
2019-08-20,-0.007962524264795079
2019-08-21,0.008135670238826886
2019-08-22,-0.00030789145208265367
2019-08-23,-0.02568748919042152
2019-08-26,0.011058735247484908
2019-08-27,-0.0039239531195867094
2019-08-28,0.0070415723051910906
2019-08-29,0.012773027678598226
2019-08-30,-0.0004441879822024708
2019-09-03,-0.005847510517313137
2019-09-04,0.011350640941058199
2019-09-05,0.012855423699063007
2019-09-06,0.0007721923589727453
2019-09-09,0.0005031707582603406
2019-09-10,-0.0002346269210928842
2019-09-11,0.007111090855145941
2019-09-12,0.0034635158395033283
2019-09-13,-0.0006641285438746536
2019-09-16,-0.003088229400550091
2019-09-17,0.0025318374277505384
2019-09-18,0.0005980012784467803
2019-09-19,-6.634251258519352e-05
2019-09-20,-0.004724663673908225
2019-09-23,-0.0002347264799217319
2019-09-24,-0.007846736925141928
2019-09-25,0.005914709870028512
2019-09-26,-0.0020831965015682963
2019-09-27,-0.005387198979382002
2019-09-30,0.004637451983402707
2019-10-01,-0.011894674763631263
2019-10-02,-0.017664402511566868
2019-10-03,0.008192715753583935
2019-10-04,0.013531944264719487
2019-10-07,-0.004314292647460083
2019-10-08,-0.015524707493282719
2019-10-09,0.009496090472717267
2019-10-10,0.006763323638989682
2019-10-11,0.0103671088733448
2019-10-14,-0.0011136482148015325
2019-10-15,0.009900430688288386
2019-10-16,-0.0016060160254891542
2019-10-17,0.002949080222062639
2019-10-18,-0.004377337313534846
2019-10-21,0.006779259890899558
2019-10-22,-0.0032669901431778836
2019-10-23,0.0029095339502263062
2019-10-24,0.0016340947216215707
2019-10-25,0.004094981527835051
2019-10-28,0.005636682151767047
2019-10-29,-0.0002968437061313667
2019-10-30,0.00306729711793019
2019-10-31,-0.0026631084805746053
2019-11-01,0.009263800700508362
2019-11-04,0.004017580334572335
2019-11-05,-0.0011058674020872905
2019-11-06,0.00022770825991424992
2019-11-07,0.0035169520771185514
2019-11-08,0.0024658587677670596
2019-11-11,-0.0019097239427392498
2019-11-12,0.00210803275044924
2019-11-13,0.0003237058869067777
2019-11-14,0.0014559329922514408
2019-11-15,0.0072362577619835555
2019-11-18,0.0007375482751512674
2019-11-19,-0.00028844002469263774
2019-11-20,-0.003718983751017868
2019-11-21,-0.001608878332162278
2019-11-22,0.0022242441966819904
2019-11-25,0.007749941817822181
2019-11-26,0.0022657998851209893
2019-11-27,0.004457404158472844
2019-11-29,-0.003708702215505899
2019-12-02,-0.008494673942840869
2019-12-03,-0.006706337472177526
2019-12-04,0.006170241718703062
2019-12-05,0.0017978084948855333
2019-12-06,0.009134221656724062
2019-12-09,-0.00314433487599175
2019-12-10,-0.0011153023230338066
2019-12-11,0.0028390677702012646
2019-12-12,0.00861903569054201
2019-12-13,0.0005990934136961279
2019-12-16,0.006869916268322784
2019-12-17,0.00021892621902108722
2019-12-18,6.253665737765424e-05
2019-12-19,0.004099158408185755
2019-12-20,0.004384375234916638
2019-12-23,0.0015275926511457705
2019-12-24,3.126819743948239e-05
2019-12-26,0.005322931493625616
2019-12-27,-0.00024767294730287936
2019-12-30,-0.0055130993272494155
2019-12-31,0.002429242840970236
2020-01-02,0.00935223780489336
2020-01-03,-0.007572575322803199
2020-01-06,0.003814763016570355
2020-01-07,-0.002811716769294037
2020-01-08,0.005329937864074541
2020-01-09,0.006780594971153242
2020-01-10,-0.0028775393067257404
2020-01-13,0.006877301543656511
2020-01-14,-0.001524588351446754
2020-01-15,0.0022598033617309277
2020-01-16,0.00831799811458156
2020-01-17,0.003112866606361342
2020-01-21,-0.001958364704452542
2020-01-22,0.0001207621089531763
2020-01-23,0.00114705098667911
2020-01-24,-0.008893085258580569
2020-01-27,-0.016029455223778744
2020-01-28,0.010479260366401455
2020-01-29,-0.0003
2020-01-30,0.0029453837514323514
2020-01-31,-0.018157902372896495
2020-02-03,0.007428161245482068
2020-02-04,-0.0003
2020-02-05,0.011247951520580302
2020-02-06,0.0033647878417431
2020-02-07,-0.005329738672688822
2020-02-10,0.007465555856670969
2020-02-11,0.0017333161939070418
2020-02-12,0.0064426272138011775
2020-02-13,-0.001066947190529688
2020-02-14,0.0016019811802969741
2020-02-18,-0.0025768416275754324
2020-02-19,0.004780825156661672
2020-02-20,-0.004107656602243326
2020-02-21,-0.010298630270648035
2020-02-24,-0.03316546197052528
2020-02-25,-0.030302416706515012
2020-02-26,-0.0003
2020-02-27,-0.0
2020-02-28,-0.0
2020-03-02,0.0
2020-03-03,-0.0
2020-03-04,0.0
2020-03-05,-0.0
2020-03-06,-0.0
2020-03-09,-0.0
2020-03-10,0.0
2020-03-11,-0.0
2020-03-12,-0.0
2020-03-13,0.0
2020-03-16,-0.0
2020-03-17,0.0
2020-03-18,-0.0
2020-03-19,0.0
2020-03-20,-0.0
2020-03-23,-0.0
2020-03-24,0.0
2020-03-25,0.0
2020-03-26,0.0
2020-03-27,-0.0
2020-03-30,0.0
2020-03-31,-0.0
2020-04-01,-0.0
2020-04-02,0.0
2020-04-03,-0.0
2020-04-06,0.0
2020-04-07,0.0
2020-04-08,0.0
2020-04-09,0.0
2020-04-13,-0.0
2020-04-14,0.0
2020-04-15,-0.0
2020-04-16,0.0
2020-04-17,0.0
2020-04-20,-0.0
2020-04-21,-0.0
2020-04-22,0.0
2020-04-23,-0.0
2020-04-24,0.0
2020-04-27,0.0
2020-04-28,-0.0048985623970270505
2020-04-29,0.026178633774738502
2020-04-30,-0.009310852520464152
2020-05-01,-0.026473462256458746
2020-05-04,0.002758047778149031
2020-05-05,0.009239570593192692
2020-05-06,-0.006778604057648963
2020-05-07,0.012066847515594947
2020-05-08,0.016546291887964415
2020-05-11,0.00020509535625179431
2020-05-12,-0.01993147669441786
2020-05-13,-0.017686114228563476
2020-05-14,0.011967294980482768
2020-05-15,0.004597204955450573
2020-05-18,0.03045941651075612
2020-05-19,-0.010271274010308806
2020-05-20,0.016988308183519152
2020-05-21,-0.00690389197241803
2020-05-22,0.0018987602524531688
2020-05-26,0.01232091751877773
2020-05-27,0.014878944218955414
2020-05-28,-0.0018448687340366643
2020-05-29,0.004455797095399117
2020-06-01,0.00404174390629497
2020-06-02,0.008280249850844745
2020-06-03,0.013307944533575311
2020-06-04,-0.002626548514808591
2020-06-05,0.025629653194997104
2020-06-08,0.012087427713959542
2020-06-09,-0.007456705855213852
2020-06-10,-0.005579838705744744
2020-06-11,-0.05764912535142708
2020-06-12,0.011975705792694136
2020-06-15,-0.0003
2020-06-16,0.018947592059144834
2020-06-17,-0.004153716877867475
2020-06-18,0.0003850012073338682
2020-06-19,-0.0057148274214355865
2020-06-22,0.006415294491543655
2020-06-23,0.004603650958080463
2020-06-24,-0.025508831123649767
2020-06-25,0.01072057204281962
2020-06-26,-0.02375157847886411
2020-06-29,0.014697615385651952
2020-06-30,0.012809412224663808
2020-07-01,0.007004879407576103
2020-07-02,0.005506909516232561
2020-07-06,0.015437254802902034
2020-07-07,-0.010313916062587913
2020-07-08,0.007648923029609733
2020-07-09,-0.005692883816622807
2020-07-10,0.010210508329755674
2020-07-13,-0.00865902408439112
2020-07-14,0.012958945551061918
2020-07-15,0.009187134561865928
2020-07-16,-0.003293346618193471
2020-07-17,0.002899180120332856
2020-07-20,0.0080815682273927
2020-07-21,0.0021275493527179723
2020-07-22,0.005692280194203203
2020-07-23,-0.011932076422794036
2020-07-24,-0.00644010422946073
2020-07-27,0.0072923371903517165
2020-07-28,-0.006342239159010443
2020-07-29,0.012298756277604905
2020-07-30,-0.003568141441383399
2020-07-31,0.007902223234226069
2020-08-03,0.006952234469187024
2020-08-04,0.0038623277355567254
2020-08-05,0.00621120881022974
2020-08-06,0.0066845461379563265
2020-08-07,0.0007179167153175126
2020-08-10,0.0029889590663059185
2020-08-11,-0.008254616132550852
2020-08-12,0.013942104474424122
2020-08-13,-0.001807662793257836
2020-08-14,2.981005681124138e-05
2020-08-17,0.003176693205024783
2020-08-18,0.002159960019409768
2020-08-19,-0.004163627793125624
2020-08-20,0.003113765394035628
2020-08-21,0.0035472769107549595
2020-08-24,0.01013331969325848
2020-08-25,0.0034991822678720474
2020-08-26,0.01002567134248844
2020-08-27,0.0021864046286335093
2020-08-28,0.006459663161387796
2020-08-31,-0.00362255139383727
2020-09-01,0.009418402118972047
2020-09-02,0.014463960818925203
2020-09-03,-0.03441450957783665
2020-09-04,-0.008164419384525834
2020-09-08,-0.027323154989340348
2020-09-09,0.019747662731620874
2020-09-10,-0.01736371891493771
2020-09-11,0.0005089504514701471
2020-09-14,0.013171619415788482
2020-09-15,0.005052114618381731
2020-09-16,-0.003968672629563463
2020-09-17,-0.008795425377278843
2020-09-18,-0.011512285092532437
2020-09-21,-0.011129881020866095
2020-09-22,0.010184518756227057
2020-09-23,-0.023191000160784236
2020-09-24,0.0026655416340497506
2020-09-25,0.01616703294909394
2020-09-28,0.016609542758389884
2020-09-29,-0.0054459918809377506
2020-09-30,0.007581490220379017
2020-10-01,0.006420293576010483
2020-10-02,-0.00949467590509323
2020-10-05,0.017733435510551177
2020-10-06,-0.014216106620119628
2020-10-07,0.017406786454054357
2020-10-08,0.008862261691414908
2020-10-09,0.00893015473219072
2020-10-12,0.016087646886528306
2020-10-13,-0.006526136152597228
2020-10-14,-0.006283278549192639
2020-10-15,-0.0012358955366602586
2020-10-16,-0.0006043701575826343
2020-10-19,-0.015203356259051892
2020-10-20,0.0040057965733202305
2020-10-21,-0.0018930182288793285
2020-10-22,0.005485083588875561
2020-10-23,0.003395348650107044
2020-10-26,-0.018479689780764086
2020-10-27,-0.003447569278880347
2020-10-28,-0.0003
2020-10-29,0.0
2020-10-30,-0.0
2020-11-02,0.0
2020-11-03,0.0
2020-11-04,0.0
2020-11-05,0.0
2020-11-06,-0.0005281523616738389
2020-11-09,0.012565194027020166
2020-11-10,-0.0014662715649254032
2020-11-11,0.007428451937689262
2020-11-12,-0.009701149586966329
2020-11-13,0.013844847032746577
2020-11-16,0.012482455360944833
2020-11-17,-0.005378385011564957
2020-11-18,-0.012034708623567258
2020-11-19,0.0042103601466176865
2020-11-20,-0.006847928748329846
2020-11-23,0.005994402140755639
2020-11-24,0.016113458842444084
2020-11-25,-0.001541720738815533
2020-11-27,0.002785043277338861
2020-11-30,-0.004427211577330503
2020-12-01,0.010937384052899013
2020-12-02,0.0021039875939397046
2020-12-03,-0.0002725697714274222
2020-12-04,0.008617587370773006
2020-12-07,-0.0020548909143497385
2020-12-08,0.002926196306975992
2020-12-09,-0.008969022903558055
2020-12-10,-0.0003268683047330523
2020-12-11,-0.0011726285861630714
2020-12-14,-0.004477421236042223
2020-12-15,0.013519286733713498
2020-12-16,0.0015697141703832074
2020-12-17,0.005591807586821762
2020-12-18,-0.003992775231492995
2020-12-21,-0.0035754092464594933
2020-12-22,-0.0016854768805106835
2020-12-23,0.000898439950623775
2020-12-24,0.003890609425089009
2020-12-28,0.008590529353105447
2020-12-29,-0.0019077496246184822
2020-12-30,0.0014269775557169684
2020-12-31,0.005080781294921621
2021-01-04,-0.013613759119762925
2021-01-05,0.006887279680484193
2021-01-06,0.005978266738111415
2021-01-07,0.014857552507073324
2021-01-08,0.005697778956831989
2021-01-11,-0.00674089289396429
2021-01-12,0.00021133126110095546
2021-01-13,0.002692928102680847
2021-01-14,-0.003501832218223755
2021-01-15,-0.007292709400853581
2021-01-19,0.00785191644427874
2021-01-20,0.01383858090532053
2021-01-21,0.0009117828282270146
2021-01-22,-0.0035396268072458437
2021-01-25,0.003943970654647133
2021-01-26,-0.0015609252928466821
2021-01-27,-0.0244406039681363
2021-01-28,0.008600356970774659
2021-01-29,-0.0003
2021-02-01,0.01634541133507158
2021-02-02,0.014140308155270231
2021-02-03,0.0007862719400062446
2021-02-04,0.01136590648081226
2021-02-05,0.00393569714586639
2021-02-08,0.007221970455660198
2021-02-09,-0.0006658061375525159
2021-02-10,-0.0004355762365371163
2021-02-11,0.0016149968227499034
2021-02-12,0.004939467133111997
2021-02-16,-0.0008659337075641593
2021-02-17,0.00022971948502958917
2021-02-18,-0.004256205210486419
2021-02-19,-0.0017656968778515525
2021-02-22,-0.00769185200964706
2021-02-23,0.0012142542700581682
2021-02-24,0.011019443097521897
2021-02-25,-0.024095623444391312
2021-02-26,-0.005152691720732183
2021-03-01,0.02424011112754787
2021-03-02,-0.007803323547507679
2021-03-03,-0.013245510049194609
2021-03-04,-0.01237507713096675
2021-03-05,0.018396661212243037
2021-03-08,-0.004978710218144333
2021-03-09,0.014277378565050292
2021-03-10,0.006224761697796621
2021-03-11,0.010139250396020927
2021-03-12,0.0013467822252473116
2021-03-15,0.005963460263184173
2021-03-16,-0.0012613842958897337
2021-03-17,0.0034100555713372227
2021-03-18,-0.014549752399559801
2021-03-19,-0.0018503360240444966
2021-03-22,0.007985072304448337
2021-03-23,-0.007870748992406473
2021-03-24,-0.0050835489080583995
2021-03-25,0.005625522476518263
2021-03-26,0.016114961416526796
2021-03-29,-0.0005049748794851983
2021-03-30,-0.002653202474567684
2021-03-31,0.004053505307367367
2021-04-01,0.010799018780478065
2021-04-05,0.014353182356950489
2021-04-06,-0.0005906684065600798
2021-04-07,0.001157352138342782
2021-04-08,0.004746603422665752
2021-04-09,0.007270263280816147
2021-04-12,0.0003645355547154949
2021-04-13,0.002963766321326222
2021-04-14,-0.003415136542778252
2021-04-15,0.010742383201741923
2021-04-16,0.0033422889031045067
2021-04-19,-0.004912884756082425
2021-04-20,-0.007321330147365579
2021-04-21,0.00946180838423305
2021-04-22,-0.009132983093139702
2021-04-23,0.010842431466030922
2021-04-26,0.0020874975592408695
2021-04-27,-0.00021532775944288485
2021-04-28,-0.0002874793560556643
2021-04-29,0.006372748035784248
2021-04-30,-0.0065705628365977375
2021-05-03,0.002156996737068706
2021-05-04,-0.006169423803280449
2021-05-05,0.00031283342987364904
2021-05-06,0.007985434353418253
2021-05-07,0.007278048824720829
2021-05-10,-0.009902386229925675
2021-05-11,-0.008924695034512653
2021-05-12,-0.021245120596990463
2021-05-13,0.012012353670648457
2021-05-14,0.015355326980379669
2021-05-17,-0.0025444760366534203
2021-05-18,-0.008615751394844606
2021-05-19,-0.002621725169595246
2021-05-20,0.010757969369694864
2021-05-21,-0.0008186554361464538
2021-05-24,0.010194050356112205
2021-05-25,-0.0022187264104015503
2021-05-26,0.001984610768232642
2021-05-27,0.000525148294983957
2021-05-28,0.0017885360092098068
2021-06-01,-0.0008808169776342023
2021-06-02,0.0015727240872278614
2021-06-03,-0.003711546085777284
2021-06-04,0.009145988967895535
2021-06-07,-0.0009703623975656495
2021-06-08,0.00021337981444036203
2021-06-09,-0.0014920212586457815
2021-06-10,0.00464839153424168
2021-06-11,0.0016527513182300613
2021-06-14,0.002238789203999225
2021-06-15,-0.001834220683455401
2021-06-16,-0.0055833107727869535
2021-06-17,-0.00033146100420644586
2021-06-18,-0.013490611753369741
2021-06-21,0.014315750938119765
2021-06-22,0.005346549724743355
2021-06-23,-0.0012054180531804182
2021-06-24,0.005915685792742487
2021-06-25,0.0035523181933256875
2021-06-28,0.0020159426244314993
2021-06-29,0.0005377456586777019
2021-06-30,0.0008417609308870588
2021-07-01,0.0055365633398085645
2021-07-02,0.007643635348504096
2021-07-06,-0.001821412033229275
2021-07-07,0.0035340771301888285
2021-07-08,-0.008147971950503985
2021-07-09,0.010674718788241444
2021-07-12,0.0035818101175058015
2021-07-13,-0.0034087845341137513
2021-07-14,0.0014920122548298664
2021-07-15,-0.0034154980469341956
2021-07-16,-0.007843468601678838
2021-07-19,-0.014768120299658904
2021-07-20,0.014330637853413819
2021-07-21,0.00809619291910546
2021-07-22,0.002093846648613118
2021-07-23,0.010288094540754855
2021-07-26,0.002454876175558729
2021-07-27,-0.0045574526596788845
2021-07-28,-0.0004100374916921057
2021-07-29,0.004147296359065411
2021-07-30,-0.004856344083886133
2021-08-02,-0.002097946514314941
2021-08-03,0.008135357326843451
2021-08-04,-0.004919007973783085
2021-08-05,0.0063329205652522536
2021-08-06,0.0016524096198977656
2021-08-09,-0.0008134041446787865
2021-08-10,0.0012438088348090126
2021-08-11,0.002484969951704885
2021-08-12,0.002996939636962237
2021-08-13,0.0018197716684282828
2021-08-16,0.0023546620250503025
2021-08-17,-0.006555094955078
2021-08-18,-0.0109451597091057
2021-08-19,0.0015482906462354062
2021-08-20,0.007957157604010057
2021-08-23,0.008796513622363333
2021-08-24,0.0015874109782492152
2021-08-25,0.002098324139619967
2021-08-26,-0.005903199142759941
2021-08-27,0.008941001521239
2021-08-30,0.004397670172489043
2021-08-31,-0.00148144532688399
2021-09-01,0.0005312568015982677
2021-09-02,0.0030767191616396516
2021-09-03,-0.00024280607741444804
2021-09-07,-0.0035755932591329254
2021-09-08,-0.0012181764687333452
2021-09-09,-0.004280295369273546
2021-09-10,-0.00788446808875809
2021-09-13,0.0025592952137571956
2021-09-14,-0.0053965975311308645
2021-09-15,0.008352702632965059
2021-09-16,-0.0015852863266229145
2021-09-17,-0.009740986139487151
2021-09-20,-0.016674339055586018
2021-09-21,-0.000944622490698932
2021-09-22,0.009754866230590187
2021-09-23,0.012150063049827686
2021-09-24,0.0016472163336529455
2021-09-27,-0.002860896033312188
2021-09-28,-0.02015189288893182
2021-09-29,0.00168306923749717
2021-09-30,-0.012222279408960812
2021-10-01,0.011884165713622163
2021-10-04,-0.012896024481564461
2021-10-05,0.010405117795355245
2021-10-06,0.004155980246806745
2021-10-07,0.008645470595146865
2021-10-08,-0.001823641450929614
2021-10-11,-0.007239654461373646
2021-10-12,-0.00246161531862088
2021-10-13,0.003597575905331052
2021-10-14,0.016820823078489866
2021-10-15,0.007615509170960211
2021-10-18,0.002960664868475238
2021-10-19,0.007714905075203671
2021-10-20,0.0039277723813220256
2021-10-21,0.00260822226709867
2021-10-22,-0.001036154695025715
2021-10-25,0.005362777815329123
2021-10-26,0.0009000910379424187
2021-10-27,-0.004430236077481831
2021-10-28,0.009648884622866394
2021-10-29,0.0020289786527243336
2021-11-01,0.00172040617886271
2021-11-02,0.0040429267353954135
2021-11-03,0.006105362387334612
2021-11-04,0.004712530789279246
2021-11-05,0.0034696166133940665
2021-11-08,0.0008537590615511625
2021-11-09,-0.0033054422114333626
2021-11-10,-0.008044942596461269
2021-11-11,0.00032363811361801886
2021-11-12,0.007546750050793305
2021-11-15,0.0003422852226402373
2021-11-16,0.00395791151284941
2021-11-17,-0.002429082181739317
2021-11-18,0.0033963282111466597
2021-11-19,-0.0017885217810660325
2021-11-22,-0.002814965038013595
2021-11-23,0.0013261481455957291
2021-11-24,0.00266977811727398
2021-11-26,-0.022303357387305933
2021-11-29,0.01226690671786912
2021-11-30,-0.019457747381206536
2021-12-01,-0.0111072141521672
2021-12-02,0.01531651326600536
2021-12-03,-0.0003
2021-12-06,0.011543295345892457
2021-12-07,0.02068501014620705
2021-12-08,0.0026477183429316486
2021-12-09,-0.00675134219943796
2021-12-10,0.009413195698771082
2021-12-13,-0.008858223482198668
2021-12-14,-0.006879972509129972
2021-12-15,0.015625108656965203
2021-12-16,-0.008818528779886425
2021-12-17,-0.010642961091477221
2021-12-20,-0.010633322634207798
2021-12-21,0.017758887570411108
2021-12-22,0.009998611060817009
2021-12-23,0.006222263030212449
2021-12-27,0.014152119589032175
2021-12-28,-0.0008174028241716425
2021-12-29,0.001279341973414505
2021-12-30,-0.002764494081891833
2021-12-31,-0.0025201990902108395
2022-01-03,0.005789886140274314
2022-01-04,-0.0003347190339234585
2022-01-05,-0.019202258432429287
2022-01-06,-0.0009393322258470782
2022-01-07,-0.003953756512282469
2022-01-10,-0.0012440762333842947
2022-01-11,0.009108160291804612
2022-01-12,0.0027035181777697037
2022-01-13,-0.013778682549692278
2022-01-14,0.0004092888031026476
2022-01-18,-0.017709957526614972
2022-01-19,-0.010383449119451105
2022-01-20,-0.011068127703654063
2022-01-21,-0.019630598079265704
2022-01-24,0.004246651779515664
2022-01-25,-0.012208836691784741
2022-01-26,-0.0025088844504480567
2022-01-27,-0.0049377386761415565
2022-01-28,-0.0003
2022-01-31,0.01771086434829324
2022-02-01,0.006757023682852248
2022-02-02,0.009714170858762028
2022-02-03,-0.023504944637743885
2022-02-04,0.004702028506442746
2022-02-07,-0.0032092618264095707
2022-02-08,0.008228029484690813
2022-02-09,0.014635988319404047
2022-02-10,-0.01796561821918241
2022-02-11,-0.01971884117538658
2022-02-14,-0.0032692263935412136
2022-02-15,0.016126989896482424
2022-02-16,0.0011208234766277858
2022-02-17,-0.021361494522458058
2022-02-18,-0.006474960019888121
2022-02-22,-0.01073176619674765
2022-02-23,-0.01773858437128495
2022-02-24,0.015048988134050978
2022-02-25,-0.0003
2022-02-28,-0.0
2022-03-01,-0.01553043088150633
2022-03-02,-0.0003
2022-03-03,-0.0
2022-03-04,-0.008424490511899562
2022-03-07,-0.029479348253211857
2022-03-08,-0.007581727669779825
2022-03-09,-0.0003
2022-03-10,-0.0
2022-03-11,-0.0130150269297015
2022-03-14,-0.007308432755948391
2022-03-15,0.021990427284587888
2022-03-16,0.02217434690991138
2022-03-17,0.012510859164271082
2022-03-18,0.010953015518837095
2022-03-21,-0.00029255085653323576
2022-03-22,0.011701311443563123
2022-03-23,-0.012878395275083387
2022-03-24,0.015074277093169108
2022-03-25,0.0048837724737940125
2022-03-28,0.007112850514216618
2022-03-29,0.01237087066439213
2022-03-30,-0.006174685987143436
2022-03-31,-0.015391363901915311
2022-04-01,0.002834215131311213
2022-04-04,0.008566494596236485
2022-04-05,-0.012631382545144287
2022-04-06,-0.009999230072976761
2022-04-07,0.005038852225553336
2022-04-08,-0.002673875968092987
2022-04-11,-0.017092310454174586
2022-04-12,-0.0037051200421115427
2022-04-13,0.011453553857235566
2022-04-14,-0.012451886724539452
2022-04-18,0.00041115548206072106
2022-04-19,0.016142681638574574
2022-04-20,-0.0007415659137449682
2022-04-21,-0.01495363863803112
2022-04-22,-0.02743899041048803
2022-04-25,0.005797447256245647
2022-04-26,-0.028960650738605542
2022-04-27,0.0028116257379031673
2022-04-28,-0.0003
2022-04-29,-0.037255745085245685
2022-05-02,0.006019496853815864
2022-05-03,-0.0003
2022-05-04,0.03015312976112857
2022-05-05,-0.03554286919161587
2022-05-06,-0.005968788992174789
2022-05-09,-0.032017667869243205
2022-05-10,0.00231084799278114
2022-05-11,-0.015886109874240995
2022-05-12,-0.0010440522200642066
2022-05-13,0.023907840800644786
2022-05-16,-0.004057363930412894
2022-05-17,0.020570291709663735
2022-05-18,-0.0403116835893057
2022-05-19,-0.006124491248475361
2022-05-20,0.00043652428043849945
2022-05-23,0.018709990459243375
2022-05-24,-0.007633837764655427
2022-05-25,0.008834969961807992
2022-05-26,0.019981469166227228
2022-05-27,0.024549045479764997
2022-05-31,-0.0056108010177614576
2022-06-01,-0.008088543551630245
2022-06-02,0.019043511120819145
2022-06-03,-0.016411540351995657
2022-06-06,0.003044787596924614
2022-06-07,0.009592039554109366
2022-06-08,-0.01087204465477376
2022-06-09,-0.02378296069888841
2022-06-10,-0.028995630036379838
2022-06-13,-0.03796812850789466
2022-06-14,-0.0030134680033071515
2022-06-15,0.014256701752480394
2022-06-16,-0.03309631029023008
2022-06-17,0.0021555272478910315
2022-06-21,0.025173686885610502
2022-06-22,-0.0018129294720564681
2022-06-23,0.009802921709052947
2022-06-24,0.0317936099063596
2022-06-27,-0.0038196044084904957
2022-06-28,-0.02043295539296175
2022-06-29,-0.0008144776403051779
2022-06-30,-0.008124159517530982
2022-07-01,0.010576534864845
2022-07-05,0.0018885553075462802
2022-07-06,0.0033772974540255962
2022-07-07,0.014977206954569278
2022-07-08,-0.0008227546065899816
2022-07-11,-0.011423349704509533
2022-07-12,-0.008849131161816737
2022-07-13,-0.005251532256966951
2022-07-14,-0.0024285718413481483
2022-07-15,0.01910503976642164
2022-07-18,-0.008256759101887168
2022-07-19,0.027019167625246032
2022-07-20,0.0063729516538437725
2022-07-21,0.010183316662745412
2022-07-22,-0.009278126136273324
2022-07-25,0.0012148738565078698
2022-07-26,-0.011830911864728177
2022-07-27,0.025966349242797504
2022-07-28,0.012542313993432863
2022-07-29,0.014578720077760288
2022-08-01,-0.0029611643922912156
2022-08-02,-0.006597409425226464
2022-08-03,0.015659504650205935
2022-08-04,-0.0006755011591726978
2022-08-05,-0.0016902053517106053
2022-08-08,-0.0011610247322170197
2022-08-09,-0.003970906265284069
2022-08-10,0.021003880766511163
2022-08-11,0.0
2022-08-12,0.016929076759436557
2022-08-15,0.004120732090829637
2022-08-16,0.0019587870249071493
2022-08-17,-0.0070980255474375475
2022-08-18,0.0029062761227174327
2022-08-19,-0.013437797031932264
2022-08-22,-0.020822635655202038
2022-08-23,-0.0024190689836162127
2022-08-24,0.003201079810102536
2022-08-25,0.014117478954684737
2022-08-26,-0.03384900253066325
2022-08-29,-0.0066122541444046945
2022-08-30,-0.010978023084281197
2022-08-31,-0.007608720697325877
2022-09-01,0.0031377157836431913
2022-09-02,-0.010544556127941584
2022-09-06,-0.0037729626613109968
2022-09-07,0.017965059042751585
2022-09-08,0.006536138676405567
2022-09-09,0.01553531974882394
2022-09-12,0.010747630917717244
2022-09-13,-0.043482525143137885
2022-09-14,0.0038157304636992073
2022-09-15,-0.011353257182625032
2022-09-16,-0.00762868799968297
2022-09-19,0.007754856910108465
2022-09-20,-0.011478325851104199
2022-09-21,-0.017444124042355402
2022-09-22,-0.008399698838325476
2022-09-23,-0.016754752623343916
2022-09-26,-0.009892906936214696
2022-09-27,-0.0025526142249541195
2022-09-28,-0.0003
2022-09-29,-0.0
2022-09-30,-0.015763723003575016
2022-10-03,-0.0003
2022-10-04,0.030686590758744546
2022-10-05,-0.0023281990405743525
2022-10-06,-0.010315732461303462
2022-10-07,-0.027893919632747788
2022-10-10,-0.007635308791475559
2022-10-11,-0.006333074739312328
2022-10-12,-0.0032984819167851676
2022-10-13,-0.0003
2022-10-14,-0.0
2022-10-17,0.0
2022-10-18,0.011449662653353088
2022-10-19,-0.007086456287198617
2022-10-20,-0.008385515131097199
2022-10-21,0.024301697251924548
2022-10-24,0.012236441509689833
2022-10-25,0.0159684077849247
2022-10-26,-0.007533938833882647
2022-10-27,-0.005339985213381637
2022-10-28,0.02379066697200849
2022-10-31,-0.007223268483452339
2022-11-01,-0.0043759047459098754
2022-11-02,-0.025096226493915186
2022-11-03,-0.010296767185619005
2022-11-04,0.014393112972917788
2022-11-07,0.009565525125008856
2022-11-08,0.005395406314085971
2022-11-09,-0.020601965570000824
2022-11-10,0.05495414374825325
2022-11-11,0.009678397055140397
2022-11-14,-0.008506787359440993
2022-11-15,0.00852921944768159
2022-11-16,-0.007628910655508081
2022-11-17,-0.0030596670340882204
2022-11-18,0.004540272502557174
2022-11-21,-0.003635992692553991
2022-11-22,0.013456707202819995
2022-11-23,0.006301872185203949
2022-11-25,-0.00022372569572481904
2022-11-28,-0.015957092432458353
2022-11-29,-0.0017173572943792736
2022-11-30,0.03150037852373466
2022-12-01,-0.0007357373133877187
2022-12-02,-0.001153805500031857
2022-12-05,-0.01798911223051136
2022-12-06,-0.014414876762632867
2022-12-07,-0.001701026827848784
2022-12-08,0.00783361978099495
2022-12-09,-0.007470101347811231
2022-12-12,0.014417314832894101
2022-12-13,0.007569804300587402
2022-12-14,-0.00639337107108473
2022-12-15,-0.024461796014319415
2022-12-16,-0.011806116040452341
2022-12-19,-0.008479681324532362
2022-12-20,0.0013684529846451632
2022-12-21,0.014952315533536709
2022-12-22,-0.014266142839588825
2022-12-23,0.00575237693489572
2022-12-27,-0.003943595572617364
2022-12-28,-0.01242799859482524
2022-12-29,0.018000613137306054
2022-12-30,-0.0026341693389582144
2023-01-03,-0.004209845667645373
2023-01-04,0.007719949718164143
2023-01-05,-0.011413202715190085
2023-01-06,0.022932029615311933
2023-01-09,-0.000566803677118255
2023-01-10,0.0070127836026780965
2023-01-11,0.012647837706034615
2023-01-12,0.0036407431092533304
2023-01-13,0.003879593585376373
2023-01-17,-0.0018319069772806396
2023-01-18,-0.015788063618273007
2023-01-19,-0.007279808932733833
2023-01-20,0.018628951725225384
2023-01-23,0.011998657831097548
2023-01-24,-0.001073320633208974
2023-01-25,0.00037490549606200574
2023-01-26,0.010990316298945091
2023-01-27,0.0022977163511388454
2023-01-30,-0.012546907719311884
2023-01-31,0.014703563648265305
2023-02-01,0.01062757180885665
2023-02-02,0.014557136931436787
2023-02-03,-0.010628970069647359
2023-02-06,-0.006111526062609118
2023-02-07,0.013078532718526326
2023-02-08,-0.010934726643364368
2023-02-09,-0.00866912440304668
2023-02-10,0.0023335089501874684
2023-02-13,0.011738936318460569
2023-02-14,-0.0004599963942466534
2023-02-15,0.003247444839613145
2023-02-16,-0.013768953936960537
2023-02-17,-0.002498138727568211
2023-02-21,-0.02006094338822695
2023-02-22,-0.0013782368452914806
2023-02-23,0.005319629430194928
2023-02-24,-0.010682375339295724
2023-02-27,0.0034056195460145933
2023-02-28,-0.0036960242161445667
2023-03-01,-0.003835866011690059
2023-03-02,0.0077774368465288735
2023-03-03,0.016037753332985183
2023-03-06,0.0006928204409035743
2023-03-07,-0.015328869758028052
2023-03-08,0.0016321427380827647
2023-03-09,-0.018449874810535727
2023-03-10,-0.014429370819408427
2023-03-13,-0.0014253078401110786
2023-03-14,0.01653013713798912
2023-03-15,-0.006254309492505827
2023-03-16,0.017545033361856754
2023-03-17,-0.011692521398338873
2023-03-20,0.00961560567864006
2023-03-21,0.013130501222641922
2023-03-22,-0.017046503375777178
2023-03-23,0.0027034103432284073
2023-03-24,0.006561910400293192
2023-03-27,0.0018699202341438959
2023-03-28,-0.0022446879914165274
2023-03-29,0.014534888860920026
2023-03-30,0.005855177924178445
2023-03-31,0.014094717871337092
2023-04-03,0.0038104826950544624
2023-04-04,-0.005548109677563584
2023-04-05,-0.002618292900103625
2023-04-06,0.003900931366962457
2023-04-10,0.001026358827913576
2023-04-11,0.0002685714644992121
2023-04-12,-0.004076068505204367
2023-04-13,0.01328277872583028
2023-04-14,-0.0024427152664936447
2023-04-17,0.0035881740111767257
2023-04-18,0.0006522692741461888
2023-04-19,-0.00016894828731650602
2023-04-20,-0.005457007487032595
2023-04-21,0.0007769576515235244
2023-04-24,0.0010430840856285872
2023-04-25,-0.015873755833157865
2023-04-26,-0.004235530775911878
2023-04-27,0.019907992360662652
2023-04-28,0.008535087846436973
2023-05-01,-0.0010098035026345764
2023-05-02,-0.011239049372221532
2023-05-03,-0.006864053510131862
2023-05-04,-0.007083083650939903
2023-05-05,0.018512607799374692
2023-05-08,0.0002665287508161196
2023-05-09,-0.004385190188346821
2023-05-10,0.004672136126014914
2023-05-11,-0.0017438744139337548
2023-05-12,-0.0013102677655305595
2023-05-15,0.0034500680249409665
2023-05-16,-0.006682646243847512
2023-05-17,0.012139014269973991
2023-05-18,0.009633118214163128
2023-05-19,-0.001455230061042645
2023-05-22,0.0004063387014601183
2023-05-23,-0.011222843874589938
2023-05-24,-0.007244844509494142
2023-05-25,0.00865994623468791
2023-05-26,0.012950585803238157
2023-05-30,0.00038091229706305185
2023-05-31,-0.005545188038641569
2023-06-01,0.009501040165452501
2023-06-02,0.014461139832323777
2023-06-05,-0.0019162841429363198
2023-06-06,0.002177536644827782
2023-06-07,-0.003457724968653264
2023-06-08,0.006048552856186884
2023-06-09,0.0017943356990339776
2023-06-12,0.00907194551345003
2023-06-13,0.006592665766526062
2023-06-14,0.001190862187864905
2023-06-15,0.012397798939964177
2023-06-16,-0.0034062534638480413
2023-06-20,-0.005188221050783204
2023-06-21,-0.005123765150788939
2023-06-22,0.003609855893445646
2023-06-23,-0.007559998055156614
2023-06-26,-0.004085741489031847
2023-06-27,0.010963307794132016
2023-06-28,0.0005041651727026863
2023-06-29,0.003941641837079013
2023-06-30,0.011800479229299832
2023-07-03,0.0011507997107564893
2023-07-05,-0.0014873819857185167
2023-07-06,-0.007830645378626766
2023-07-07,-0.0025246641262238745
2023-07-10,0.0025310541879335346
2023-07-11,0.006368614939907591
2023-07-12,0.00804582633721429
2023-07-13,0.007936864171265157
2023-07-14,-0.0006228157146854763
2023-07-17,0.0034722163467098
2023-07-18,0.007430577273401573
2023-07-19,0.0022237857265106076
2023-07-20,-0.006634425064858784
2023-07-21,0.0
2023-07-24,0.004467271138958173
2023-07-25,0.0027299966753795424
2023-07-26,0.00015378063536664044
2023-07-27,-0.0066299791777848505
2023-07-28,0.009790404925732021
2023-07-31,0.00190393367547248
2023-08-01,-0.002861579276229098
2023-08-02,-0.013910872349277015
2023-08-03,-0.002865659398987752
2023-08-04,-0.004522815286487569
2023-08-07,0.008728491157189211
2023-08-08,-0.0043485857485192625
2023-08-09,-0.006685311212118239
2023-08-10,0.00035901784315828245
2023-08-11,-0.000583372215342437
2023-08-14,0.005520250680879801
2023-08-15,-0.011648831285461014
2023-08-16,-0.007338300442465195
2023-08-17,-0.007619801627499201
2023-08-18,0.0004813736356088505
2023-08-21,0.006506157783379374
2023-08-22,-0.0027085588903544844
2023-08-23,0.011137738958379995
2023-08-24,-0.01385907206115422
2023-08-25,0.007049798194985968
2023-08-28,0.006341375928172521
2023-08-29,0.014454830942724817
2023-08-30,0.004118658552909382
2023-08-31,-0.001463290539658768
2023-09-01,0.0018652396366587443
2023-09-05,-0.004321984169855297
2023-09-06,-0.006722442933943085
2023-09-07,-0.0030701602754569235
2023-09-08,0.0015059124581215944
2023-09-11,0.006576860641868798
2023-09-12,-0.0054856405975830524
2023-09-13,0.0011660380014606453
2023-09-14,0.008622192924120586
2023-09-15,-0.012048177517261727
2023-09-18,0.0005864318869721608
2023-09-19,-0.0020737574585361074
2023-09-20,-0.009193547490084386
2023-09-21,-0.016528217888828634
2023-09-22,-0.0022485745369164034
2023-09-25,0.004205062796161618
2023-09-26,-0.01469118081478571
2023-09-27,0.00039920313539743013
2023-09-28,0.00579739716138028
2023-09-29,-0.0024268696144300606
2023-10-02,-0.00039770894247748156
2023-10-03,-0.01338602180173254
2023-10-04,0.007281911043239608
2023-10-05,-0.0003768611981554981
2023-10-06,0.011872777530366863
2023-10-09,0.006402271751563937
2023-10-10,0.005204766400337402
2023-10-11,0.004096329669438736
2023-10-12,-0.006096313020898969
2023-10-13,-0.0049810930715843416
2023-10-16,0.010521350603566182
2023-10-17,-4.575153557206946e-05
2023-10-18,-0.013325020458822001
2023-10-19,-0.00878637780529401
2023-10-20,-0.012287977572786657
2023-10-23,-0.0017333043549946359
2023-10-24,0.007539317059869877
2023-10-25,-0.014352193125238721
2023-10-26,-0.011974464434559962
2023-10-27,-0.004532737996863601
2023-10-30,0.011955795477490483
2023-10-31,0.0062802429185959685
2023-11-01,0.010664541557934948
2023-11-02,0.019164566757832624
2023-11-03,0.009123306394514419
2023-11-06,0.002300417421303269
2023-11-07,0.0028459735798713748
2023-11-08,0.0007324840304177016
2023-11-09,-0.007798684948302714
2023-11-10,0.015604642328524765
2023-11-13,-0.0009530378646107618
2023-11-14,0.0194007709739088
2023-11-15,0.002116945220050459
2023-11-16,0.001223232488369863
2023-11-17,0.0012437525796122895
2023-11-20,0.007697695690933148
2023-11-21,-0.0021794935403188775
2023-11-22,0.003860833660118468
2023-11-24,0.0006153992155273347
2023-11-27,-0.0018008993958916752
2023-11-28,0.0009900730160616877
2023-11-29,-0.0007035714159333573
2023-11-30,0.003937496923179573
2023-12-01,0.005915863686980938
2023-12-04,-0.005249277602951574
2023-12-05,-0.0001971255064646682
2023-12-06,-0.004029771543733407
2023-12-07,0.007630356698994367
2023-12-08,0.00429910986816151
2023-12-11,0.003889531169030347
2023-12-12,0.004567349426657374
2023-12-13,0.013790063422416399
2023-12-14,0.0032093653866887006
2023-12-15,-0.0016465288275291368
2023-12-18,0.0056251551127679544
2023-12-19,0.0060808128834979325
2023-12-20,-0.013857197336850313
2023-12-21,0.009481811623014202
2023-12-22,0.0020097300784456262
2023-12-26,0.004222601411330462
2023-12-27,0.0018079687840182324
2023-12-28,0.0003777782469400748
2023-12-29,-0.00289492035951755
2024-01-02,-0.00559638348657121
2024-01-03,-0.008166680634763557
2024-01-04,-0.003221075305737564
2024-01-05,0.0013696686415112236
2024-01-08,0.014276051819269053
2024-01-09,-0.0015171940600766654
2024-01-10,0.005655332229622001
2024-01-11,-0.0004406730687405158
2024-01-12,0.0006928481152590482
2024-01-16,-0.003671240950010146
2024-01-17,-0.0055586288622798685
2024-01-18,0.008892743767643818
2024-01-19,0.012466149622298195
2024-01-22,0.0021142566612704083
2024-01-23,0.0029166739824124654
2024-01-24,0.001093133070196206
2024-01-25,0.0054387768102091005
2024-01-26,-0.001270334286663788
2024-01-29,0.007919372812505543
2024-01-30,-0.0007734921111419713
2024-01-31,-0.016317325635504476
2024-02-01,0.013088180337325284
2024-02-02,0.010527360933223262
2024-02-05,-0.003641132568705019
2024-02-06,0.0029033178002926263
2024-02-07,0.008340368497273154
2024-02-08,0.0004417505034308711
2024-02-09,0.005779461760377247
2024-02-12,-0.00043901815743718764
2024-02-13,-0.01377311411314952
2024-02-14,0.00908766744333156
2024-02-15,0.006899667596438119
2024-02-16,-0.004979911580267116
2024-02-20,-0.005505381676902954
2024-02-21,0.0009058827445727058
2024-02-22,0.02069548839377333
2024-02-23,0.0006897198965358786
2024-02-26,-0.0036626406260920064
2024-02-27,0.0018577482984671878
2024-02-28,-0.0013216408439921112
2024-02-29,0.0035949680507312287
2024-03-01,0.009388268828250945
2024-03-04,-0.0010723989436863812
2024-03-05,-0.009994130268758838
2024-03-06,0.0050672532385656055
2024-03-07,0.009926451587278562
2024-03-08,-0.00600220881382052
2024-03-11,-0.0008598627131740644
2024-03-12,0.010757349449404208
2024-03-13,-0.0015674686798269333
2024-03-14,-0.001976821879233648
2024-03-15,-0.006866707066123912
2024-03-18,0.0059432174383393654
2024-03-19,0.005557089074327504
2024-03-20,0.009249281931174469
2024-03-21,0.0033048525344137047
2024-03-22,-0.0018959332501859993
2024-03-25,-0.0027628337497095368
2024-03-26,-0.0018468514044670536
2024-03-27,0.008403743596717028
2024-03-28,-0.0001911588063615577
2024-04-01,-0.001739751905003195
2024-04-02,-0.006358076191276374
2024-04-03,0.0010985353466099745
2024-04-04,-0.012206090452421381
2024-04-05,0.010446857229074125
2024-04-08,0.0005593746272674061
2024-04-09,0.001156731883506401
2024-04-10,-0.010013104941827389
2024-04-11,0.007546862940373655
2024-04-12,-0.013803028527343941
2024-04-15,-0.012528166703078103
2024-04-16,-0.0018239118905859497
2024-04-17,-0.005918114021135068
2024-04-18,-0.0020577684122999873
2024-04-19,-0.008728272490450606
2024-04-22,0.009209070379865736
2024-04-23,0.011866637582815809
2024-04-24,-0.0004745904155173397
2024-04-25,-0.0037988981322694126
2024-04-26,0.009473891460768158
2024-04-29,0.003541427118913587
2024-04-30,-0.01584116572162686
2024-05-01,-0.00324715015108501
2024-05-02,0.009353324390745765
2024-05-03,0.012395333312771761
2024-05-06,0.010326918770771076
2024-05-07,0.001103241341748662
2024-05-08,9.684540340382242e-05
2024-05-09,0.005761804102417667
2024-05-10,0.0012880481984767211
2024-05-13,0.00013436765336738432
2024-05-14,0.0045881622177876835
2024-05-15,0.012383067094086764
2024-05-16,-0.002057402828565036
2024-05-17,0.0014373061020953593
2024-05-20,0.0011521724820675594
2024-05-21,0.0024524666807941298
2024-05-22,-0.0028793967009798083
2024-05-23,-0.007304044594434456
2024-05-24,0.0066163943999355546
2024-05-28,0.0006987515410241674
2024-05-29,-0.007002393996021206
2024-05-30,-0.0066338162952710444
2024-05-31,0.009108094256703447
2024-06-03,0.0008155970879071273
2024-06-04,0.0011176521585258836
2024-06-05,0.011885181288487923
2024-06-06,-1.864024675468645e-05
2024-06-07,-0.0012155074268699328
2024-06-10,0.0030895357339006946
2024-06-11,0.002408338954078104
2024-06-12,0.008212875913243822
2024-06-13,0.002013625870837421
2024-06-14,0.0006087323276384726
2024-06-17,0.00795859442972291
2024-06-18,0.0025406055795478277
2024-06-20,-0.0027163301738238887
2024-06-21,-0.001340836794000877
2024-06-24,-0.0032506251621496896
2024-06-25,0.0038509844461762643
2024-06-26,0.001248041585025339
2024-06-27,0.0015763471193552814
2024-06-28,-0.00393506564198598
2024-07-01,0.002058253581938674
2024-07-02,0.00672966152911969
2024-07-03,0.004462520213184051
2024-07-05,0.005766597648471761
2024-07-08,0.001153871456714528
2024-07-09,0.0009723971750748017
2024-07-10,0.009895281643110376
2024-07-11,-0.008622676907853233
2024-07-12,0.006307739308701876
2024-07-15,0.002750064461609192
2024-07-16,0.005930003592828914
2024-07-17,-0.014021017533931812
2024-07-18,-0.007684978589016733
2024-07-19,-0.006640528727991368
2024-07-22,0.010309968244979206
2024-07-23,-0.0015687322354536182
2024-07-24,-0.022662536981121972
2024-07-25,-0.005210194216618613
2024-07-26,0.01119966931668226
2024-07-29,0.0005878019729350648
2024-07-30,-0.00506655567459402
2024-07-31,0.016254617127424487
2024-08-01,-0.014160871465467961
2024-08-02,-0.018618371424376612
2024-08-05,-0.029123751439333545
2024-08-06,-0.0003
2024-08-07,-0.0
2024-08-08,0.0
2024-08-09,0.0
2024-08-12,0.0002255222956614958
2024-08-13,0.016445375091212133
2024-08-14,0.0031548955749161056
2024-08-15,0.017140277998652476
2024-08-16,0.002241993397156694
2024-08-19,0.00956131738916266
2024-08-20,-0.0016260605567995912
2024-08-21,0.003436571382049669
2024-08-22,-0.00784840197833847
2024-08-23,0.010625160069914097
2024-08-26,-0.0023838081109496256
2024-08-27,0.0013731822465194998
2024-08-28,-0.005805296430382967
2024-08-29,8.952902139180985e-05
2024-08-30,0.009545960644327556
2024-09-03,-0.020579029118164005
2024-09-04,-0.002046831078605038
2024-09-05,-0.002432294263151391
2024-09-06,-0.016829866752518408
2024-09-09,0.01119613658708496
2024-09-10,0.004355686662705027
2024-09-11,0.010259077279622053
2024-09-12,0.008423234396241153
2024-09-13,0.005222670911050553
2024-09-16,0.0014768156945352828
2024-09-17,0.00040873357753001827
2024-09-18,-0.002965935955357324
2024-09-19,0.0170646033183659
2024-09-20,-0.0017287119378075477
2024-09-23,0.0024987947776549113
2024-09-24,0.002861268497158287
2024-09-25,-0.0022054649913506585
2024-09-26,0.0039645812385114
2024-09-27,-0.0014502902539623719
2024-09-30,0.004007306781378839
2024-10-01,-0.008958604559465067
2024-10-02,0.000422292856316675
2024-10-03,-0.0018282872845175602
2024-10-04,0.009087314968778681
2024-10-07,-0.009040375451706217
2024-10-08,0.00945755137938109
2024-10-09,-0.0003
2024-10-10,-0.0020499289570287457
2024-10-11,0.005988017478069985
2024-10-14,0.008178456240884868
2024-10-15,-0.007769603150609483
2024-10-16,0.004346306574101622
2024-10-17,8.60044084747269e-05
2024-10-18,0.003846440996529976
2024-10-21,-0.0016422800212634314
2024-10-22,-0.0005310730001248931
2024-10-23,-0.009137365781024864
2024-10-24,0.0021628023642212835
2024-10-25,-0.00034551232929502795
2024-10-28,0.003091322620721204
2024-10-29,0.0016184870427735643
2024-10-30,-0.0030253162524023214
2024-10-31,-0.0196031957578906
2024-11-01,0.004220808348551319
2024-11-04,-0.0003
2024-11-05,0.011791925525588465
2024-11-06,-0.0003
2024-11-07,0.0
2024-11-08,0.0040317116431220715
2024-11-11,0.0009529898599045517
2024-11-12,-0.0031065437781114813
2024-11-13,0.0004857686989643284
2024-11-14,-0.006429998524105307
2024-11-15,-0.012808639480448747
2024-11-18,0.004097409691839804
2024-11-19,0.003655474203944742
2024-11-20,0.00033861666072065866
2024-11-21,0.005368458783025609
2024-11-22,0.0030992892063126387
2024-11-25,0.003392210018917652
2024-11-26,0.005221380682413512
2024-11-27,-0.003029984694522536
2024-11-29,0.006212153757098493
2024-12-02,0.0017922238140926083
2024-12-03,0.00046394547237316175
2024-12-04,0.006209406835690379
2024-12-05,-0.0016455346383350555
2024-12-06,0.0018956944029322464
2024-12-09,-0.005149775023360559
2024-12-10,-0.0031091970652838974
2024-12-11,0.007730844472955134
2024-12-12,-0.00515274218354822
2024-12-13,-0.0001985151151840947
2024-12-16,0.00426995333865432
2024-12-17,-0.004119991479773488
2024-12-18,-0.02980366730952988
2024-12-19,-0.0003069403255522296
2024-12-20,-0.0003
2024-12-23,0.005688313845908255
2024-12-24,0.011114993282984376
2024-12-26,6.659179477574995e-05
2024-12-27,-0.010526377731204462
2024-12-30,-0.011411688320766777
2024-12-31,-0.00363813553785719
2025-01-02,-0.002456912408398071
2025-01-03,0.012503297047756545
2025-01-06,0.005760720256781537
2025-01-07,-0.0113040442551956
2025-01-08,0.0014610113619921705
2025-01-10,-0.015267637013657076
2025-01-13,0.001550691849189434
2025-01-14,0.001375736572713837
2025-01-15,0.018190030783588274
2025-01-16,-0.0019231018964384061
2025-01-17,0.010040006199192764
2025-01-21,0.00915327172145064
2025-01-22,0.005621641854193671
2025-01-23,0.005457956171128542
2025-01-24,-0.0029191634446454895
2025-01-27,-0.014145458332822769
2025-01-28,0.008592523358097237
2025-01-29,-0.0044829666982550975
2025-01-30,0.005367082266790391
2025-01-31,-0.005322013686878346
2025-02-03,-0.0067295534034903515
2025-02-04,0.006708369785656254
2025-02-05,0.004054423062778145
2025-02-06,0.0034757322910417
2025-02-07,-0.00915361540214743
2025-02-10,0.006791328320455037
2025-02-11,0.0007604384781254581
2025-02-12,-0.003221382513584947
2025-02-13,0.01055729452080878
2025-02-14,-4.9075162276368545e-05
2025-02-18,0.002935999487638341
2025-02-19,0.0023548170755354203
2025-02-20,-0.004160346116164559
2025-02-21,-0.017104107843856187
2025-02-24,-0.004550510344039749
2025-02-25,-0.004973079507837541
2025-02-26,0.0005049020314549235
2025-02-27,-0.015962013940292508
2025-02-28,0.015605596661077747
2025-03-03,-0.01751997766630431
2025-03-04,-0.01183676164866676
2025-03-05,-0.0003
2025-03-06,-0.0
2025-03-07,0.0
2025-03-10,-0.0
2025-03-11,-0.0
2025-03-12,0.0
2025-03-13,-0.0
2025-03-14,0.0
2025-03-17,0.0
2025-03-18,-0.01110870681801438
2025-03-19,0.010891069716766788
2025-03-20,-0.0028918084037365954
2025-03-21,0.00033011155289441874
2025-03-24,0.017908376041436913
2025-03-25,0.0024038215328545665
2025-03-26,-0.01193812074974343
2025-03-27,-0.0026557355920602266
2025-03-28,-0.020138428433983946
2025-03-31,0.006712800625198856
2025-04-01,0.0028245533885180585
2025-04-02,-0.0003
2025-04-03,-0.04958091072982521
2025-04-04,-0.0003
2025-04-07,-0.0
2025-04-08,-0.0
2025-04-09,0.0
2025-04-10,-0.0
2025-04-11,0.0
2025-04-14,0.0
2025-04-15,-0.0
2025-04-16,-0.0
2025-04-17,0.0
2025-04-21,-0.0
2025-04-22,0.0
2025-04-23,0.0
2025-04-24,0.0
2025-04-25,0.0
2025-04-28,0.0
2025-04-29,0.005999389544388578
2025-04-30,0.00039694175083582195
2025-05-01,0.007086756457844956
2025-05-02,0.014844248983960195
2025-05-05,-0.005734215590911473
2025-05-06,-0.00835843551316362
2025-05-07,0.00420552756227166
2025-05-08,0.006967762571935099
2025-05-09,-0.0012742213508586397
2025-05-12,0.03304754271395138
2025-05-13,0.0066040731540844
2025-05-14,0.0012778714349117593
2025-05-15,0.004884285134641564
2025-05-16,0.006334043929497213
2025-05-19,0.0010938196429841618
2025-05-20,-0.003362153676216839
2025-05-21,-0.016850775346555102
2025-05-22,0.00039470808698149895
2025-05-23,-0.0068258512570531504
2025-05-27,0.020790577842265234
2025-05-28,-0.005785347645933303
2025-05-29,0.003947442276660329
2025-05-30,-0.0011186108246576953
2025-06-02,0.005633026900562443
2025-06-03,0.005702557269405606
2025-06-04,-0.00026851243178294126
2025-06-05,-0.004832756264298466
2025-06-06,0.010269030973764526
2025-06-09,0.0009012287764704752
2025-06-10,0.005669821601985259
2025-06-11,-0.002852077351950366
2025-06-12,0.003974378305442006
2025-06-13,-0.0111801611547373
2025-06-16,0.009514136167775744
2025-06-17,-0.008544966880486782
2025-06-18,-0.00015071307483049967
2025-06-20,-0.0023484740098860257
2025-06-23,0.009877277029178178
2025-06-24,0.011047290002159427
2025-06-25,0.0005603844216792719
2025-06-26,0.007823809728070064
2025-06-27,0.004968423150459644
2025-06-30,0.004781078490475821
2025-07-01,-0.0003235144031829007
2025-07-02,0.004533265125870711
2025-07-03,0.007881399459640726
2025-07-07,-0.007452069870285016
2025-07-08,-0.0005477352950125081
2025-07-09,0.005996656078344209
2025-07-10,0.002820258275139098
2025-07-11,-0.0035154084840562927
2025-07-14,0.0019081841138897104
2025-07-15,-0.004273212189356279
2025-07-16,0.0033432733845384366
2025-07-17,0.0061196372725167425
2025-07-18,-0.0007324327901533367
2025-07-21,0.001896143492131186
2025-07-22,0.0001431954391026835
2025-07-23,0.008507476351847565
2025-07-24,0.00033102965109055305
2025-07-25,0.004224338152491125
2025-07-28,-0.0002510690047468067
2025-07-29,-0.0026375648019045794
2025-07-30,-0.0012594666428340506
2025-07-31,-0.003751164153554032
2025-08-01,-0.01639041762130744
2025-08-04,0.015199764160073403
2025-08-05,-0.0050698285705123025
2025-08-06,0.007659561420999328
2025-08-07,-0.0008375389073296269
2025-08-08,0.007797456463786601
2025-08-11,-0.0019774044951013092
2025-08-12,0.010646077812391797
2025-08-13,0.0034230360367946133
2025-08-14,9.301357079483097e-05
2025-08-15,-0.002341293610408912
2025-08-18,-0.00021752076014103228
2025-08-19,-0.005425196437217061
2025-08-20,-0.002657177257710863
2025-08-21,-0.004011713483852319
2025-08-22,0.015356833041096918
2025-08-25,-0.0044010200352035955
2025-08-26,0.004186968758527643
2025-08-27,0.002278548405594716
2025-08-28,0.003541419568318549
2025-08-29,-0.005963733924517545
2025-09-02,-0.007410347641911175
2025-09-03,0.005419642546478309
2025-09-04,0.00835741674721624
2025-09-05,-0.0028963839692857096
2025-09-08,0.0024568640068374226
2025-09-09,0.002311789068507597
2025-09-10,0.0028907101289483705
2025-09-11,0.008310290457562264
2025-09-12,-0.00033472424849623206
2025-09-15,0.0053240571686796745
2025-09-16,-0.0013768848246955567
2025-09-17,-0.001242457061691904
2025-09-18,0.004672499536354291
2025-09-19,0.004952868450893266
2025-09-22,0.004731049353107419
2025-09-23,-0.005443470649980853
2025-09-24,-0.0031816642308674092
2025-09-25,-0.004613467564511753
2025-09-26,0.005729127602591033
2025-09-29,0.0028103535347194786
2025-09-30,0.003766834755358328
2025-10-01,0.0034075722246513784
2025-10-02,0.0011517326256851312
2025-10-03,-1.4805406382656372e-05
2025-10-06,0.003586271966467658
2025-10-07,-0.0037075138893177817
2025-10-08,0.005963055269571305
2025-10-09,-0.002896974724933221
2025-10-10,-0.027027862178845674
2025-10-13,0.015344118135168339
2025-10-14,-0.0012216462876413203
2025-10-15,0.004439622839291779
2025-10-16,-0.006810318970138396
2025-10-17,0.0056762988463516795
2025-10-20,-0.0003
2025-10-21,-0.0003150345528860951
2025-10-22,-0.005198824867010954
2025-10-23,0.005929962705964353
2025-10-24,0.008172554694480416
2025-10-27,0.011797664492784632
2025-10-28,0.002656016019079832
2025-10-29,0.0004802810674313651
2025-10-30,-0.010998098598900663
2025-10-31,0.0032802220875831622
2025-11-03,0.0018767398754619968
2025-11-04,-0.01185354736001909
2025-11-05,0.0034653852011290454
2025-11-06,-0.010729363869237507
2025-11-07,0.000984565078659072
2025-11-10,0.01560437034633999
2025-11-11,0.002289177027853917
2025-11-12,0.0005563903663643455
2025-11-13,-0.016593996414786205
2025-11-14,-0.0001635496688257021
2025-11-17,-0.009316528985265693
2025-11-18,-0.0083974608943449
2025-11-19,0.0038631762831033978
2025-11-20,-0.0003
2025-11-21,0.009661232480063087
2025-11-24,-0.0003
2025-11-25,0.00910592893130443
2025-11-26,0.006903582418005261
2025-11-28,0.0054584342293309
2025-12-01,-0.004565470301164498
2025-12-02,0.0018522768711999316
2025-12-03,0.003462749080359595
2025-12-04,0.0007310498015529188
2025-12-05,0.0018994848443159018
2025-12-08,-0.0030042091058060105
2025-12-09,-0.000863208114894487
2025-12-10,0.006632325948745521
2025-12-11,0.0023269460314641055
2025-12-12,-0.010752075575282682
2025-12-15,-0.0015108085502177904
2025-12-16,-0.002732285145230273
2025-12-17,-0.011003593983400228
2025-12-18,0.00755126270975226
2025-12-19,0.009063506223587092
2025-12-22,0.00622989400678442
2025-12-23,0.0045704023396588855
2025-12-24,0.003517674396244841
2025-12-26,-0.00010140966545213459
2025-12-29,-0.0035636535074947684
2025-12-30,-0.0012211244085722495
2025-12-31,-0.0074089416209803804
2026-01-02,0.0018329931020035772
2026-01-05,0.006660117292359935
2026-01-06,0.0059472480516442605
2026-01-07,-0.003223412281198157
2026-01-08,-0.00010152731427326422
2026-01-09,0.006613382996888628
2026-01-12,0.00157043300066384
2026-01-13,-0.0019995067653818532
2026-01-14,-0.0049151644595419874
2026-01-15,0.002723208385480236
2026-01-16,-0.000837905189162047
2026-01-20,-0.02035680001149731
2026-01-21,0.0115411092816613
2026-01-22,0.005223257672714476
2026-01-23,0.00036273518897367296
2026-01-26,0.005078142735685631
2026-01-27,0.0039842543077575066
2026-01-28,-0.0001006645803248718
2026-01-29,-0.001984377154833794
2026-01-30,-0.002982572514766746
2026-02-02,0.004971400525214165
2026-02-03,-0.008455473390127866
2026-02-04,-0.004843853725993386
2026-02-05,-0.012489284060324235
2026-02-06,0.01918478647681998
2026-02-09,0.004821815563577747
2026-02-10,-0.0003
2026-02-11,-0.0005311221436644972
2026-02-12,-0.01544885969788623
2026-02-13,0.0007044991031190939
2026-02-17,0.0016134830190519533
2026-02-18,0.005037707550576753
2026-02-19,-0.002637433731113581
2026-02-20,0.007231939581382241
2026-02-23,-0.010211366038766267
2026-02-24,0.00726847527019836
2026-02-25,0.008438306300538434
2026-02-26,-0.005554445579207146
2026-02-27,-0.004801940858611298
2026-03-02,0.0005686124327104469
2026-03-03,-0.008814339520359149
2026-03-04,0.00705526576749449
2026-03-05,-0.0003
2026-03-06,-0.013407128730419859
2026-03-09,0.00875996072290297
2026-03-10,-0.0003
2026-03-11,-0.0
2026-03-12,-0.015484966271003186
2026-03-13,-0.00566013575260893
2026-03-16,-0.0003
2026-03-17,0.002330544991105488
2026-03-18,-0.013953644515257158
2026-03-19,-0.002464288275344284
2026-03-20,-0.014335787930812693
2026-03-23,0.010499991225476402
2026-03-24,-0.0033568144771775055
2026-03-25,-0.0003
2026-03-26,-0.0
2026-03-27,-0.017351894157425253
2026-03-30,-0.0003
2026-03-31,0.0
2026-04-01,0.0
2026-04-02,0.000600459531338882
2026-04-06,0.004726845083763864
2026-04-07,0.0004400005646272298
2026-04-08,0.02546963651219092
2026-04-09,-0.0003
2026-04-10,-0.0009617754265585417
2026-04-13,0.009772447246481741
2026-04-14,0.012184877209840739
2026-04-15,0.007890969227043909
2026-04-16,0.002457347646937613
2026-04-17,0.012085686101644066
2026-04-20,-0.0019997351150194964
2026-04-21,-0.006546892848539487
2026-04-22,0.01012671209511895
2026-04-23,-0.0038807408683984024
2026-04-24,0.007749309237231605
2026-04-27,0.001722787837563633
2026-04-28,-0.004865992267119479
2026-04-29,-0.00015450932498595193
2026-04-30,0.009949633527564838
2026-05-01,0.0027690952923506984
2026-05-04,-0.0036633921467564834
2026-05-05,0.008022228723942426
2026-05-06,0.013899399692774095
2026-05-07,-0.0030660824190705815
2026-05-08,0.00825609701116825
2026-05-11,0.002277563042387465
2026-05-12,-0.0015149526145865622
2026-05-13,0.00559483781461112
2026-05-14,0.0078943149045545
2026-05-15,-0.012029343756796207
2026-05-18,-0.0007035093177317764
2026-05-19,-0.0066607880874933745
2026-05-20,0.010248994582563453
2026-05-21,0.0019830877010671433
2026-05-22,0.003931549076803931
2026-05-26,0.006638641352187502
2026-05-27,-0.0001732421647460125
2026-05-28,0.005516578600909927
2026-05-29,0.0024914048034492264
2026-06-01,0.0027231134609038143
2026-06-02,0.0013579397972762752
2026-06-03,-0.00701718232049986
2026-06-04,0.0037786857621391334
2026-06-05,-0.025809371248925683
2026-06-08,0.002264172608771542
2026-06-09,-0.0029354505508077944
2026-06-10,-0.015765562508027298
2026-06-11,0.016996847886747934
2026-06-12,0.005408247901529384
2026-06-15,0.01763396989375332
2026-06-16,-0.005961562844234103
2026-06-17,-0.012487870885051433
2026-06-18,0.010396992441959574
2026-06-22,-0.003146979693962715
2026-06-23,-0.014521954010491611
2026-06-24,-0.0004635170636431152
2026-06-25,0.0014456352254532678
2026-06-26,-0.007231373616869652
2026-06-29,0.016474862380159383
2026-06-30,0.007786800986842035
2026-07-01,-0.001352504438058455
2026-07-02,-0.001314069480687241
2026-07-06,0.008727409093039817
2026-07-07,-0.004751899671231685
2026-07-08,-0.0030894297130047432
2026-07-09,0.00846525000257925
2026-07-10,0.0043101596888019955
2026-07-13,-0.007656174850540931
2026-07-14,0.00355064169730146
2026-07-15,0.003963635929681075
2026-07-16,-0.005418617756386079
2026-07-17,-0.009897156017872222
