date,ret
2007-04-18,-0.0015
2007-04-19,-0.004136282895001342
2007-04-20,-0.020174059138821532
2007-04-23,0.02947111541160763
2007-04-24,0.0017647088742722694
2007-04-25,0.009199475813258973
2007-04-26,-0.022304140714678677
2007-04-27,0.03233487548203029
2007-04-30,-0.000576529467069764
2007-05-01,-0.015573881652259036
2007-05-02,0.000976547584287113
2007-05-03,0.026926850109565637
2007-05-04,-0.005890202679072809
2007-05-07,-0.012805775475025372
2007-05-08,-0.016263313219207043
2007-05-09,0.012989565628294786
2007-05-10,-0.0033029333516743087
2007-05-11,0.023391828085497002
2007-05-14,0.005523826962425593
2007-05-15,-0.011744700432457567
2007-05-16,0.008242290976957278
2007-05-17,0.019962035783601895
2007-05-18,-0.01808017135349438
2007-05-21,0.0017084311326218682
2007-05-22,-0.011938621615504408
2007-05-23,-0.009014216076044579
2007-05-24,-0.007934969265366187
2007-05-25,-0.011314827064943134
2007-05-29,-0.003354419546544807
2007-05-30,0.026331456647221696
2007-05-31,-0.0019289829056087227
2007-06-01,-0.007344434785230836
2007-06-04,0.037383141474463644
2007-06-05,-0.015578041204459159
2007-06-06,0.008579614039918582
2007-06-07,-0.03780718227430657
2007-06-08,-0.0161100131678249
2007-06-11,-0.006589493190674256
2007-06-12,0.010251222543381067
2007-06-13,-0.01114201307789986
2007-06-14,0.022334015962013343
2007-06-15,0.015941695270638823
2007-06-18,-0.03118947391835558
2007-06-19,-0.015196927555303774
2007-06-20,-0.020710669193170994
2007-06-21,-0.004354117488405862
2007-06-22,-0.03477721715374493
2007-06-25,-0.019848936337268253
2007-06-26,-0.011446190937058565
2007-06-27,0.012024068522869635
2007-06-28,-0.055665622695811656
2007-06-29,0.03098792842020681
2007-07-02,-0.018079078803628135
2007-07-03,-0.007825089680502217
2007-07-05,-0.015077743369895202
2007-07-06,-0.020960890457812242
2007-07-09,-0.007938369467885953
2007-07-10,0.04073706164167579
2007-07-11,-0.013280515357445677
2007-07-12,-0.008500514961630512
2007-07-13,0.021433619319028763
2007-07-16,-0.037771017834888454
2007-07-17,-0.009934573367201938
2007-07-18,0.023984325198175727
2007-07-19,0.03154874976123945
2007-07-20,-0.047729411042028436
2007-07-23,-0.05474452757989101
2007-07-24,-0.029858427103538032
2007-07-25,0.02918552212519443
2007-07-26,-0.0010312171844092388
2007-07-27,0.023483867029989947
2007-07-30,0.04462936118440686
2007-07-31,-0.049963786617824746
2007-08-01,0.03048782378890147
2007-08-02,-0.03648913935222187
2007-08-03,-0.0020471296649509085
2007-08-06,0.017692272479717497
2007-08-07,-0.004031238421470684
2007-08-08,0.004047555081026388
2007-08-09,0.051650368422494264
2007-08-10,0.042165746304729135
2007-08-13,-0.003908003883800304
2007-08-14,0.02261711287383239
2007-08-15,-0.016023535932406796
2007-08-16,0.0025229498670018558
2007-08-17,0.010295144643444054
2007-08-20,-0.12364128404299857
2007-08-21,-0.0222222375554868
2007-08-22,-0.04069769844919047
2007-08-23,0.01707986074147838
2007-08-24,-0.03873230122967164
2007-08-27,-0.014370304652307375
2007-08-28,0.0394511459741147
2007-08-29,-0.04317930881379706
2007-08-30,0.016096508877750937
2007-08-31,-0.03960389735820058
2007-09-04,0.03888069705922237
2007-09-05,0.02863618679967672
2007-09-06,-0.03858869234528606
2007-09-07,-0.01548167714997506
2007-09-10,0.0774606824575581
2007-09-11,-0.0005405529125316333
2007-09-12,0.08031371707592827
2007-09-13,-0.05131412260102575
2007-09-14,0.03562001107570634
2007-09-17,0.03082800215216963
2007-09-18,-0.012852211308211126
2007-09-19,-0.0348021892198791
2007-09-20,0.014267165964864548
2007-09-21,-0.014066477200109673
2007-09-24,0.036316512414687585
2007-09-25,-0.012515644316678842
2007-09-26,-0.004309302417106253
2007-09-27,-0.021130296388779057
2007-09-28,-0.00520158020730721
2007-10-01,0.02771245420368662
2007-10-02,0.04909692795093901
2007-10-03,-0.024975813580821238
2007-10-04,0.020641677442245987
2007-10-05,-0.04678367302170683
2007-10-08,-0.020194200470342816
2007-10-09,-0.005739661106013316
2007-10-10,0.025452668726529737
2007-10-11,-0.020470906199448913
2007-10-12,0.0164577086782971
2007-10-15,0.06682082971773684
2007-10-16,-0.011804333499944919
2007-10-17,0.01633345103531081
2007-10-18,-0.00815543688624798
2007-10-19,-0.04207975642026951
2007-10-22,-0.022469057711043017
2007-10-23,-0.007489692830182082
2007-10-24,0.02784282295933549
2007-10-25,0.017215197599386833
2007-10-26,-0.003235467076352583
2007-10-29,0.023720369064585745
2007-10-30,0.0007316775438261924
2007-10-31,0.04728253714658037
2007-11-01,0.02699557399251873
2007-11-02,-0.025152970393956253
2007-11-05,-0.04602509347205286
2007-11-06,-0.009746625656812946
2007-11-07,-0.030511758917136644
2007-11-08,0.011167477402760584
2007-11-09,0.02133530298357389
2007-11-12,-0.000737251912247161
2007-11-13,0.003689166907078878
2007-11-14,-0.013967156962588767
2007-11-15,-0.016650148004370258
2007-11-16,0.03588582245625638
2007-11-19,-0.023176402147807584
2007-11-20,-0.037712340202392336
2007-11-21,0.003374022118710407
2007-11-23,0.020434581444527034
2007-11-26,0.0
2007-11-27,-0.024334577082556375
2007-11-28,-0.041829060538915885
2007-11-29,-0.0018980393925405181
2007-11-30,-0.019288314932938144
2007-12-03,-0.009695249000411854
2007-12-04,-0.018741207522945835
2007-12-05,0.009977150965005288
2007-12-06,0.016370251520226198
2007-12-07,-0.02360451301695321
2007-12-10,-0.008816876411728236
2007-12-11,0.005452007165720252
2007-12-12,0.040239720621334074
2007-12-13,-0.02661182991494948
2007-12-14,-0.025648248566881193
2007-12-17,0.0017356486497164259
2007-12-18,0.018769786056406224
2007-12-19,-0.002834423967717825
2007-12-20,-0.007959032884251593
2007-12-21,0.008022887308163806
2007-12-24,-0.018476450262658983
2007-12-26,0.004054427877141276
2007-12-27,0.0008653762785892916
2007-12-28,0.023919250665950464
2007-12-31,0.020264600209405792
2008-01-02,0.05517241379310356
2008-01-03,-0.024313733468647847
2008-01-04,0.011521980404394672
2008-01-07,0.007946999657233
2008-01-08,0.009198483464815999
2008-01-09,0.022135376050655964
2008-01-10,0.019363014561355474
2008-01-11,-0.015496099922380768
2008-01-14,0.025133325559963504
2008-01-15,-0.024021822561789308
2008-01-16,-0.0032986822790808112
2008-01-17,-0.008401171756943993
2008-01-18,-0.014120647658211749
2008-01-22,-0.032812554327148025
2008-01-23,0.0010770305919416412
2008-01-24,0.025820308676517634
2008-01-25,0.014158388153354462
2008-01-28,0.018097227440967423
2008-01-29,-0.014728334568896106
2008-01-30,0.011855646740149384
2008-01-31,0.0005094360320616609
2008-02-01,-0.04073315997566673
2008-02-04,0.018577514789544836
2008-02-05,0.012767010165005033
2008-02-06,0.0023154143313872666
2008-02-07,0.02412737329300607
2008-02-08,0.015037555167308314
2008-02-11,0.02790126094111689
2008-02-12,-0.018256116183781756
2008-02-13,0.00367021115241295
2008-02-14,0.0402242245921125
2008-02-15,-0.00703068314820976
2008-02-19,0.032806217245439084
2008-02-20,-0.004341833500836612
2008-02-21,-0.006655976992393509
2008-02-22,0.04390022133706206
2008-02-25,-0.006197405431730307
2008-02-26,-0.0008908889569700928
2008-02-27,-0.017610363459180323
2008-02-28,0.044020845022534116
2008-02-29,-0.00934571845609633
2008-03-03,-0.0032909504136242607
2008-03-04,0.003962146246238918
2008-03-05,0.043630735302333745
2008-03-06,0.0
2008-03-07,0.002521066185480425
2008-03-10,0.02472758329821345
2008-03-11,-0.002045036517339116
2008-03-12,0.0018442654507162537
2008-03-13,0.025158510075513618
2008-03-14,-0.03431758664527129
2008-03-17,-0.07045454008072338
2008-03-18,0.026894844172717258
2008-03-19,-0.0508658495673332
2008-03-20,0.011174497047154563
2008-03-24,0.027514686885537154
2008-03-25,0.009438110013487933
2008-03-26,0.01630789242504327
2008-03-27,-0.00021399520477716205
2008-03-28,0.01626368807351586
2008-03-31,0.021267599196383324
2008-04-01,-0.04164949397450868
2008-04-02,0.021514630160254233
2008-04-03,-0.04338671847413389
2008-04-04,-0.008366298298923769
2008-04-07,0.037966231121526084
2008-04-08,0.0038502739075032544
2008-04-09,0.03942038061135622
2008-04-10,-0.00676502715488958
2008-04-11,-0.011351893259024526
2008-04-14,0.0154488066846874
2008-04-15,0.01665298896906231
2008-04-16,0.020222446604074795
2008-04-17,-0.00673934880963678
2008-04-18,0.02953501345459153
2008-04-21,0.006008943058230631
2008-04-22,-0.011560737402275034
2008-04-23,0.025730988585875414
2008-04-24,-0.006081332218163871
2008-04-25,0.016634779054992332
2008-04-28,0.01542229711793408
2008-04-29,-0.04593449305119601
2008-04-30,0.014560280031818085
2008-05-01,-0.03195557257140602
2008-05-02,0.016999419010825356
2008-05-05,0.042954306155512656
2008-05-06,-0.012299661745972634
2008-05-07,0.02358490566037741
2008-05-08,-0.0029493059430804047
2008-05-09,0.028840846161772182
2008-05-12,-0.030009019548112303
2008-05-13,0.012967780082912883
2008-05-14,0.01079005393736332
2008-05-15,-0.012122344456186207
2008-05-16,-0.024725247469758793
2008-05-19,-0.01577465075282425
2008-05-20,0.04445719972979045
2008-05-21,0.024662010097309617
2008-05-22,-0.006061689279068472
2008-05-23,0.011659220195137321
2008-05-27,-0.011524849437825946
2008-05-28,0.020089666939637096
2008-05-29,-0.047652525679111046
2008-05-30,0.027141824683246663
2008-06-02,0.019234220281859615
2008-06-03,0.021164034334966164
2008-06-04,0.014680456851821955
2008-06-05,0.0073191541306516505
2008-06-06,0.015545761476869258
2008-06-09,-0.012146415320637094
2008-06-10,-0.007074249225221929
2008-06-11,0.019338411787861
2008-06-12,0.00832085203412114
2008-06-13,-0.013038470267995206
2008-06-16,0.025752523999581278
2008-06-17,-0.0052168192701043115
2008-06-18,0.030645672203479135
2008-06-19,-0.031006531751698763
2008-06-20,0.011486721015983914
2008-06-23,0.019630095659537883
2008-06-24,-0.015274448811131491
2008-06-25,-0.027468101142424484
2008-06-26,0.03322811174002105
2008-06-27,0.00337679536593094
2008-06-30,0.00913461027060758
2008-07-01,0.00809906799502369
2008-07-02,-0.0070888589506060695
2008-07-03,0.004759686777216832
2008-07-07,-0.042949646961313315
2008-07-08,-0.047021980863197865
2008-07-09,-0.03029778481395129
2008-07-10,0.04034997686049935
2008-07-11,-0.044963084113648466
2008-07-14,0.004672027213014518
2008-07-15,-0.03773923477213581
2008-07-16,-0.0009293538618881936
2008-07-17,-0.07013954340025441
2008-07-18,0.004401785168429484
2008-07-21,-0.008167327513564415
2008-07-22,-0.04699739123439428
2008-07-23,-0.03709171987211235
2008-07-24,-0.05384108466649451
2008-07-25,-0.01919958420417056
2008-07-28,0.0073112629112652705
2008-07-29,-0.004214476914873533
2008-07-30,0.020221035387619102
2008-07-31,-0.018206981485134888
2008-08-01,0.028403824941566125
2008-08-04,-0.07486880828983056
2008-08-05,-0.000986851764982255
2008-08-06,0.01432447498923839
2008-08-07,-0.025566088260596476
2008-08-08,-0.030734620893731468
2008-08-11,0.012374311186061027
2008-08-12,-0.00585687648472788
2008-08-13,0.01639342660450316
2008-08-14,-0.043598778450883
2008-08-15,-0.004479630572460924
2008-08-18,-0.030439326319190663
2008-08-19,0.019655948266749768
2008-08-20,0.0165998064768762
2008-08-21,0.02317611864963931
2008-08-22,-0.05791506018973924
2008-08-25,-0.0005463563907125435
2008-08-26,0.052760973041833914
2008-08-27,0.026486639891472707
2008-08-28,-0.06248412553201177
2008-08-29,-0.008095063158147231
2008-09-02,-0.09004346326791934
2008-09-03,0.006277999392613642
2008-09-04,0.009506824012918802
2008-09-05,0.008534459076930734
2008-09-08,0.019550573679479655
2008-09-09,-0.01974810113992198
2008-09-10,-0.0067153151017905754
2008-09-11,-0.022045855082545862
2008-09-12,0.02614965193611085
2008-09-15,-0.004100743765416914
2008-09-16,-0.014117633595186141
2008-09-17,0.0814438993124782
2008-09-18,-0.03365520608836203
2008-09-19,-0.0022837002325190037
2008-09-22,0.016022819638606745
2008-09-23,0.02647148650627318
2008-09-24,-0.035665273246916374
2008-09-25,0.006543372183554386
2008-09-26,-0.038439812586020694
2008-09-29,-0.06525576692626123
2008-09-30,0.047798757680227455
2008-10-01,0.037815190509326246
2008-10-02,-0.0433776726597197
2008-10-03,-0.008766653551243064
2008-10-06,-0.05489481836387533
2008-10-07,-0.0303323827363714
2008-10-08,-0.004658881637367163
2008-10-09,0.005349376403489092
2008-10-10,-0.019620889876146075
2008-10-13,0.008480325776186737
2008-10-14,0.017154397468365223
2008-10-15,-0.03439150185351525
2008-10-16,0.030821903938870854
2008-10-17,0.019269100211145362
2008-10-20,-0.022164286128154465
2008-10-21,0.014000002543131496
2008-10-22,-0.024326093664110093
2008-10-23,-0.04986521317448356
2008-10-24,-0.024822721418482963
2008-10-27,-0.016727239435369357
2008-10-28,0.02625736170241577
2008-10-29,0.07171170346371758
2008-10-30,-0.06523202921950377
2008-10-31,0.03956836013158238
2008-11-03,0.012456768688700492
2008-11-04,0.05946684065301722
2008-11-05,-0.003870994813980566
2008-11-06,-0.04209842203338565
2008-11-07,-0.017917535091700687
2008-11-10,0.06196217527306591
2008-11-11,-0.06807132432747409
2008-11-12,-0.05217391304347829
2008-11-13,0.00917431192660545
2008-11-14,-0.009818198464133565
2008-11-17,0.022769035977092678
2008-11-18,-0.011131039917279262
2008-11-19,0.02795927831581535
2008-11-20,-0.06322850731000973
2008-11-21,0.030920048290729474
2008-11-24,0.042428670114777134
2008-11-25,-0.06315786796703671
2008-11-26,0.06179773675589306
2008-11-28,-0.049382701929180484
2008-12-01,0.014100153989203612
2008-12-02,-0.016099543918255188
2008-12-03,-0.012644111576989414
2008-12-04,-0.05725041785663432
2008-12-05,-0.04155017526956062
2008-12-08,-0.030012476874689553
2008-12-09,0.007735294440689433
2008-12-10,0.009808082505473603
2008-12-11,-0.020692557635274333
2008-12-12,-0.006037140740529967
2008-12-15,0.02733193444545967
2008-12-16,0.019847943720328498
2008-12-17,-0.024016560367190243
2008-12-18,-0.015273679041693633
2008-12-19,-0.04049972700506643
2008-12-22,0.004490362793632796
2008-12-23,0.07241836705895643
2008-12-24,0.007086289200328055
2008-12-26,-0.0045530054241016416
2008-12-29,0.04740130283415356
2008-12-30,-0.0381103998200929
2008-12-31,-0.043747399338355475
2009-01-02,0.07078115598827206
2009-01-05,0.016928661238807985
2009-01-06,-0.01585412706253342
2009-01-07,-0.021345174719050175
2009-01-08,-0.04691355660249552
2009-01-09,-0.01338512383354018
2009-01-12,0.0026257971527667845
2009-01-13,-0.05892625012925179
2009-01-14,-0.04684602290817774
2009-01-15,-0.015571761883432123
2009-01-16,-0.019772596519102792
2009-01-20,-0.027735715540928574
2009-01-21,0.024377556878410367
2009-01-22,-0.025316455696202556
2009-01-23,-0.03948053137048502
2009-01-26,-0.004326658988444976
2009-01-27,-0.0032590693340400767
2009-01-28,0.002179782416740661
2009-01-29,0.027188690407540017
2009-01-30,-0.04023294089137508
2009-02-02,0.04578047226290982
2009-02-03,-0.018459836024344867
2009-02-04,0.02632991698267917
2009-02-05,0.006806238647655949
2009-02-06,0.033281399492048225
2009-02-09,0.002013035052305323
2009-02-10,-0.05976898760309601
2009-02-11,0.009081200989824234
2009-02-12,-0.0169401643813486
2009-02-13,-0.013462574265398541
2009-02-17,-0.06222704195625672
2009-02-18,0.013969718676073661
2009-02-19,-0.03386912456968316
2009-02-20,-0.016042808020656052
2009-02-23,0.016304375994634634
2009-02-24,0.02792628137166364
2009-02-25,-0.03988431544152038
2009-02-26,0.016255180041761852
2009-02-27,0.026066383645343416
2009-03-02,-0.01732097242185271
2009-03-03,0.039953013330595866
2009-03-04,0.00621461572099169
2009-03-05,-0.06120158255323205
2009-03-06,-0.031698492886513274
2009-03-09,-0.022853664424226316
2009-03-10,0.0018963771949580543
2009-03-11,-0.01261834436125786
2009-03-12,0.05814695652354085
2009-03-13,-0.024758445690491904
2009-03-16,-0.014860667293316365
2009-03-17,-0.01194214847300612
2009-03-18,-0.031170529037471417
2009-03-19,0.13328960917010169
2009-03-20,0.005214377253442315
2009-03-23,0.02651291494863295
2009-03-24,0.00786082544610922
2009-03-25,-0.01114210331134835
2009-03-26,-0.085633828606404
2009-03-27,-0.065927278188745
2009-03-30,0.002638519937706585
2009-03-31,0.0
2009-04-01,-0.025657854904097666
2009-04-02,0.0270087513299766
2009-04-03,0.00723206156484979
2009-04-06,-0.016318538184074582
2009-04-07,-0.043132025991580836
2009-04-08,0.021497882406534385
2009-04-09,-0.01493545961923981
2009-04-13,0.006202629301738316
2009-04-14,0.022602733909849126
2009-04-15,-0.006697949057312469
2009-04-16,-0.026298067790231805
2009-04-17,0.04224381080870998
2009-04-20,-0.05049835343854081
2009-04-21,-0.012596242523183365
2009-04-22,-0.0007086658717803118
2009-04-23,-0.035460991948418785
2009-04-24,-0.03529415312110251
2009-04-27,-0.0015243524591314062
2009-04-28,0.02290070445226111
2009-04-29,-0.029104432891858045
2009-04-30,0.009223665138197834
2009-05-01,0.048743361595165124
2009-05-04,0.05373999611604541
2009-05-05,-0.031702276422529097
2009-05-06,0.07971529326367244
2009-05-07,0.0692155063796851
2009-05-08,0.04377318260653196
2009-05-11,-0.015948048015163252
2009-05-12,0.0480191623281927
2009-05-13,-0.05899191485140809
2009-05-14,0.015216067885357454
2009-05-15,-0.040167869546503865
2009-05-18,0.009993744230151425
2009-05-19,-0.059987647647007813
2009-05-20,0.022368431371995623
2009-05-21,-0.09137709651092052
2009-05-22,-0.029745048137251873
2009-05-26,0.007299298019120881
2009-05-27,-0.005797095840604838
2009-05-28,0.0867346616051492
2009-05-29,-0.020791379551636235
2009-06-01,0.09315065898240338
2009-06-02,-0.020676686899580465
2009-06-03,-0.08509276480921046
2009-06-04,0.018881083950214927
2009-06-05,0.0006863575217086471
2009-06-08,-0.030864184610417622
2009-06-09,0.002830853611398787
2009-06-10,-0.009174319953491383
2009-06-11,0.05413107058025446
2009-06-12,-0.008783791403077168
2009-06-15,0.07089297589940857
2009-06-16,-0.014003836186798568
2009-06-17,0.025177556429014647
2009-06-18,-0.03715366173400436
2009-06-19,-0.008502296583731472
2009-06-22,-0.03364117638621844
2009-06-23,-0.011604101073075634
2009-06-24,-0.028314907484367824
2009-06-25,0.03482592291545883
2009-06-26,0.015796671401633544
2009-06-29,-0.03989182921633838
2009-06-30,-0.023239431559057944
2009-07-01,-0.013698599996465832
2009-07-02,-0.041666713142022194
2009-07-06,-0.04195265076001875
2009-07-07,-0.030254785170820475
2009-07-08,0.0016419953684940758
2009-07-09,0.023770489048105636
2009-07-10,-0.015212136418341293
2009-07-13,-0.02195125638835793
2009-07-14,0.043225309169249826
2009-07-15,-0.0231075663303274
2009-07-16,0.07177814828810791
2009-07-17,0.0015220322349167592
2009-07-20,0.006838917449196513
2009-07-21,0.0067924643462558
2009-07-22,0.03448276108585624
2009-07-23,-0.06666667127378889
2009-07-24,0.034937873079721626
2009-07-27,-0.009752446750560417
2009-07-28,-0.022727287505284077
2009-07-29,-0.03255814641192967
2009-07-30,0.04647443098194537
2009-07-31,-0.014548279322581625
2009-08-03,0.09090909764550625
2009-08-04,-0.020655267994370563
2009-08-05,0.021090906316583835
2009-08-06,-0.05982907085970002
2009-08-07,-0.005303007260279324
2009-08-10,-0.0038080876084586324
2009-08-11,-0.01911314995857938
2009-08-12,-0.017926698644117445
2009-08-13,-0.010317469087707587
2009-08-14,0.0016038094355326216
2009-08-17,-0.029623690339424025
2009-08-18,-0.004125428317407698
2009-08-19,-0.004970958364490352
2009-08-20,-0.04163197256213136
2009-08-21,-0.013900942157292429
2009-08-24,0.029955875549455113
2009-08-25,-0.007698819687264935
2009-08-26,0.0008620064550595163
2009-08-27,-0.008613215396427454
2009-08-28,-0.03301477905164507
2009-08-31,-0.03683736237164492
2009-09-01,-0.04197759310223037
2009-09-02,-0.07984426601253469
2009-09-03,-0.046560803096726944
2009-09-04,0.05882349828052846
2009-09-08,0.07756811049026768
2009-09-09,-0.017509664997767516
2009-09-10,0.1069306814767561
2009-09-11,-0.05277282079453527
2009-09-14,0.02455148490420922
2009-09-15,0.02304147384427413
2009-09-16,0.058558522179456673
2009-09-17,-0.04000002272585601
2009-09-18,0.03191494848171739
2009-09-21,-0.033505183146019135
2009-09-22,0.013333299424913125
2009-09-23,0.02456146456271613
2009-09-24,0.024828763208552207
2009-09-25,0.0
2009-09-28,-0.015037619144553371
2009-09-29,-0.0016963107849079506
2009-09-30,-0.0025489112556251747
2009-10-01,-0.0613287331679323
2009-10-02,0.033575305824820934
2009-10-05,0.062335383384180654
2009-10-06,-0.023966938240526092
2009-10-07,0.01185430860915937
2009-10-08,0.0050209556966001045
2009-10-09,-0.03497086330472521
2009-10-12,0.01984465394376822
2009-10-13,-0.043147147916665296
2009-10-14,-0.02740940832141947
2009-10-15,0.020000024275346195
2009-10-16,0.03119424415914862
2009-10-19,0.005185861814978265
2009-10-20,0.027515020780341848
2009-10-21,-0.020920502425963994
2009-10-22,-0.017094001070560583
2009-10-23,-0.018260872882345458
2009-10-26,-0.047829934781009276
2009-10-27,0.006511599518532085
2009-10-28,-0.043438015398403196
2009-10-29,0.009661780107220741
2009-10-30,-0.017224818639888784
2009-11-02,-0.030185044381604964
2009-11-03,0.010040198904289532
2009-11-04,-0.027833069082135897
2009-11-05,0.008179951522529372
2009-11-06,-0.033468553265372236
2009-11-09,0.007345293857286439
2009-11-10,-0.03854175255530068
2009-11-11,0.0021668969399348814
2009-11-12,-0.021621601001636348
2009-11-13,0.0011049976432127018
2009-11-16,0.037527503660751416
2009-11-17,-0.011702091610770182
2009-11-18,-0.033369259514492544
2009-11-19,-0.004454338963481241
2009-11-20,0.005592862760819051
2009-11-23,0.005561756619337999
2009-11-24,-0.0033185545462151023
2009-11-25,0.06104330485717635
2009-11-27,0.028242624711116937
2009-11-30,-0.0691760234438955
2009-12-01,-0.01202182090308268
2009-12-02,-0.03761063650692731
2009-12-03,-0.02183903270675469
2009-12-04,0.015276158747882906
2009-12-07,0.06712961813182061
2009-12-08,0.01735356212344996
2009-12-09,-0.028784696638542107
2009-12-10,0.07025251014731504
2009-12-11,-0.018461569761618613
2009-12-14,0.027168258847746207
2009-12-15,0.03255337714220197
2009-12-16,-0.008866916482367926
2009-12-17,0.039761391833571524
2009-12-18,0.0152963524692733
2009-12-21,-0.02448213104365282
2009-12-22,0.01254827401052383
2009-12-23,0.020019069850235827
2009-12-24,-0.0355140300200637
2009-12-28,0.05135665720138727
2009-12-29,-0.024884833942014795
2009-12-30,-0.02173908732465868
2009-12-31,-0.026086999788625276
2010-01-04,0.05555559760468798
2010-01-05,-0.030075247948591954
2010-01-06,0.04941862829100807
2010-01-07,-0.020313967551121137
2010-01-08,-0.01885012400912467
2010-01-11,-0.04610946678886396
2010-01-12,0.017119846029142183
2010-01-13,0.025742501523518202
2010-01-14,-0.02606172905761972
2010-01-15,0.014866166131008551
2010-01-19,-0.01464840057451433
2010-01-20,-0.01684837202409195
2010-01-21,0.016129016752173708
2010-01-22,0.026785759901514217
2010-01-25,-0.009661872249663306
2010-01-26,-0.039999985113376546
2010-01-27,-0.035569143906738376
2010-01-28,-0.01053734775629267
2010-01-29,-0.008519693373913784
2010-02-01,0.05263155199066438
2010-02-02,0.0071428258634522734
2010-02-03,-0.005065875513131424
2010-02-04,0.0010183532782701565
2010-02-05,0.01729400586097385
2010-02-08,-0.0189999580383301
2010-02-09,-0.019368045456723992
2010-02-10,-0.0010395248441580351
2010-02-11,0.01248698125350134
2010-02-12,0.013360752369679929
2010-02-16,-0.013184596244167346
2010-02-17,-0.0020554475878997724
2010-02-18,-0.02986611335877709
2010-02-19,-0.024416188327795907
2010-02-22,-0.01958643740155175
2010-02-23,-0.023307439823787246
2010-02-24,0.007954510603070064
2010-02-25,-0.01916573601886018
2010-02-26,0.0
2010-03-01,-0.01954023908286784
2010-03-02,0.0058616872567529565
2010-03-03,0.008158472662781024
2010-03-04,-0.0369941860042059
2010-03-05,0.002401015359766445
2010-03-08,-0.010778460895357389
2010-03-09,-0.008474654547075189
2010-03-10,0.017094059889585678
2010-03-11,-0.03241290594985158
2010-03-12,-0.01116633061283745
2010-03-15,0.0012547338952433318
2010-03-16,-0.010025053072035384
2010-03-17,-0.016455710490073328
2010-03-18,-0.04890606375466244
2010-03-19,0.017591355451910262
2010-03-22,-0.017287249304607233
2010-03-23,0.012178640624345594
2010-03-24,-0.013368971173472577
2010-03-25,-0.02981033382348064
2010-03-26,-0.02234634788015244
2010-03-29,0.004285744258335722
2010-03-30,0.009957282039132043
2010-03-31,-0.026760571798950084
2010-04-01,0.05499278188598433
2010-04-05,0.05075444272910956
2010-04-06,-0.040469967226471004
2010-04-07,-0.025850348256563294
2010-04-08,-0.02234634788015244
2010-04-09,0.04000002997262131
2010-04-12,-0.01785715806240895
2010-04-13,0.032167834406394924
2010-04-14,0.01219507782589635
2010-04-15,-0.042837979091296496
2010-04-16,0.004195766793154032
2010-04-19,-0.016713076382739778
2010-04-20,0.0042493215370393855
2010-04-21,-0.001410469487533872
2010-04-22,0.035310734843784664
2010-04-23,0.034106412360451976
2010-04-26,0.001319291422491986
2010-04-27,-0.006587640280588669
2010-04-28,0.007957552133036616
2010-04-29,-0.0802631764695918
2010-04-30,-0.018597945902788515
2010-05-03,0.01749269434745715
2010-05-04,0.004298024316099047
2010-05-05,-0.009985758826792868
2010-05-06,-0.018732004808222458
2010-05-07,0.022026445907165293
2010-05-10,0.0459770359062488
2010-05-11,-0.00412090782194352
2010-05-12,0.026206904444201262
2010-05-13,0.009408625150942429
2010-05-14,0.0
2010-05-17,0.01597867934778341
2010-05-18,-0.011795563727129199
2010-05-19,-0.04111405097452503
2010-05-20,-0.0110649963340258
2010-05-21,-0.01678320055363791
2010-05-24,-0.007112402452720046
2010-05-25,0.008595980317419372
2010-05-26,0.011363625588002968
2010-05-27,0.02949438785426106
2010-05-28,0.013642551933616964
2010-06-01,-0.03095558874661697
2010-06-02,0.04861116538077348
2010-06-03,0.060927155831263624
2010-06-04,0.021223479580059434
2010-06-07,0.02689478058030037
2010-06-08,-0.026190395636349395
2010-06-09,-0.024449911814275582
2010-06-10,0.0012531017569896719
2010-06-11,0.022528199040309893
2010-06-14,0.046511641480093235
2010-06-15,0.032748506049697035
2010-06-16,-0.038505113876058594
2010-06-17,0.02826852503984867
2010-06-18,-0.02290948679865612
2010-06-21,-0.032825292114477156
2010-06-22,-0.01575758962920215
2010-06-23,0.003694548447536805
2010-06-24,-0.009815942018471135
2010-06-25,0.02973986788951266
2010-06-28,-0.03971123753065153
2010-06-29,-0.03884711053115175
2010-06-30,0.010430237667573783
2010-07-01,0.04774192071730088
2010-07-02,-0.030788177773821257
2010-07-06,0.0
2010-07-07,-0.011435791240083093
2010-07-08,-0.044987194348462434
2010-07-09,0.0013459258563768284
2010-07-12,-0.005376338917391199
2010-07-13,-0.005405400180747089
2010-07-14,-0.010869554654186486
2010-07-15,0.06456040887999137
2010-07-16,-0.018064498901367188
2010-07-19,-0.0013140905001821634
2010-07-20,0.018421035295047794
2010-07-21,-0.02067181552241759
2010-07-22,0.02374674234663776
2010-07-23,-0.01288664671652151
2010-07-26,0.00783289085832184
2010-07-27,0.012953417640862996
2010-07-28,0.008951367428083667
2010-07-29,0.02788337058485202
2010-07-30,0.018495755678742842
2010-08-02,-0.03995162123474727
2010-08-03,-0.007566197235607253
2010-08-04,0.010165174697505552
2010-08-05,-0.023899318860595598
2010-08-06,-0.02448454273407108
2010-08-09,-0.035667103672899714
2010-08-10,-0.005479446686014411
2010-08-11,0.0027548182225876072
2010-08-12,-0.006868157870036584
2010-08-13,0.008298747250519378
2010-08-16,-0.02331962649979702
2010-08-17,0.008426958391001493
2010-08-18,-0.00696374862021043
2010-08-19,-0.012622742095839024
2010-08-20,-0.012784112652779345
2010-08-23,-0.012949593988585861
2010-08-24,-0.007288657399667997
2010-08-25,-0.036710719838561556
2010-08-26,-0.01676831318199612
2010-08-27,-0.03255814641192967
2010-08-30,0.025641078544558438
2010-08-31,-0.003124996973201677
2010-09-01,-0.017241399928100698
2010-09-02,0.014354091365498034
2010-09-03,0.02830185920753414
2010-09-07,-0.012232404307749856
2010-09-08,-0.012383889045456176
2010-09-09,-0.006269586384879289
2010-09-10,0.023659245255545525
2010-09-13,0.013867512444054375
2010-09-14,0.0030395108143479455
2010-09-15,0.012121200736670001
2010-09-16,0.0104790678832678
2010-09-17,-0.010370395801685528
2010-09-20,-0.04041915986001832
2010-09-21,0.017160707665042185
2010-09-22,0.006134963492337775
2010-09-23,0.010670757968286981
2010-09-24,-0.030165955150840973
2010-09-27,-0.029548998801381177
2010-09-28,0.016025702746429227
2010-09-29,-0.0015773231295197476
2010-09-30,-0.025276437494557435
2010-10-01,-0.016207439772453647
2010-10-04,-0.019769416639636717
2010-10-05,0.010084104460519328
2010-10-06,0.0282861219605004
2010-10-07,-0.06634301922340513
2010-10-08,0.010398603635680903
2010-10-11,-0.013722114022807652
2010-10-12,0.01043477265731152
2010-10-13,0.008605884892822102
2010-10-14,-0.003412965950654212
2010-10-15,-0.027397315080268658
2010-10-18,-0.019366137324236643
2010-10-19,0.007181321475811853
2010-10-20,0.0
2010-10-21,-0.03386810208530833
2010-10-22,-0.016605193970666954
2010-10-25,0.0018762155769191935
2010-10-26,0.013108556708616437
2010-10-27,0.007393708499300766
2010-10-28,0.03302758008720952
2010-10-29,0.03374778922883315
2010-11-01,-0.05154642300452461
2010-11-02,0.012681190562183309
2010-11-03,-0.012522391726406346
2010-11-04,0.012681190562183309
2010-11-05,0.0125223064245914
2010-11-08,0.040636046868207654
2010-11-09,0.02546690980774713
2010-11-10,-0.03145696331464354
2010-11-11,-0.03076920192700905
2010-11-12,-0.02821866759421443
2010-11-15,0.0072595209058901045
2010-11-16,-0.007207200086191579
2010-11-17,0.03992736498239591
2010-11-18,0.006980796111671683
2010-11-19,0.027729609695148927
2010-11-22,0.025295126426581493
2010-11-23,-0.008223637257420813
2010-11-24,0.0033167463069041503
2010-11-26,0.0016528515255240794
2010-11-29,-0.042904249917438686
2010-11-30,-0.0034482724601393455
2010-12-01,0.01730102093471797
2010-12-02,0.010204071702683226
2010-12-03,0.0
2010-12-06,0.04040400148252998
2010-12-07,-0.019417457749564604
2010-12-08,0.039604001686713186
2010-12-09,-0.0317460761979701
2010-12-10,-0.001639303639510481
2010-12-13,-0.006568138070740415
2010-12-14,-0.03140496714552676
2010-12-15,-0.006825931901308424
2010-12-16,-0.04811000026627499
2010-12-17,0.0072202097704794355
2010-12-20,0.03942657169118591
2010-12-21,-0.0344828068146934
2010-12-22,0.007142850452539706
2010-12-23,-0.005319101716554586
2010-12-27,0.005347545856901448
2010-12-28,0.03546104447461973
2010-12-29,0.0
2010-12-30,0.008561594621799617
2010-12-31,0.016977912886140034
2011-01-03,0.05342240131699394
2011-01-04,-0.006339138227536623
2011-01-05,-0.025518317049255557
2011-01-06,-0.01800329478080276
2011-01-07,0.005000034968058342
2011-01-10,-0.009950317998182356
2011-01-11,0.023450644596799908
2011-01-12,0.004909939822527631
2011-01-13,-0.026058607637020947
2011-01-14,0.020066870430825556
2011-01-18,-0.01639342724524051
2011-01-19,0.03500000635782885
2011-01-20,0.02576487060052446
2011-01-21,0.004709609159705197
2011-01-24,-0.025000050291418274
2011-01-25,-0.024038401287215794
2011-01-26,0.0
2011-01-27,-0.03448276402057804
2011-01-28,0.0
2011-01-31,0.018707424240876014
2011-02-01,-0.015024988178577559
2011-02-02,0.015254182084064372
2011-02-03,-0.016694475534829833
2011-02-04,-0.005093333387304666
2011-02-07,-0.04607508101959501
2011-02-08,-0.016100205747977547
2011-02-09,0.00545458360151807
2011-02-10,-0.025316516819373858
2011-02-11,-0.014842286769520152
2011-02-14,0.007532949582686577
2011-02-15,0.011214942775529257
2011-02-16,-0.020332654303098496
2011-02-17,-0.016981160254526673
2011-02-18,-0.0019194297137458127
2011-02-22,-0.001923029309897406
2011-02-23,0.01348750884192973
2011-02-24,-0.01520920096237699
2011-02-25,0.03474909481483768
2011-02-28,0.0055969649671485655
2011-03-01,-0.03896104700349423
2011-03-02,-0.01544400122725742
2011-03-03,-0.009803865653465582
2011-03-04,0.003960392113094846
2011-03-07,0.0335304918542203
2011-03-08,-0.015267161679471508
2011-03-09,0.014534939596928531
2011-03-10,-0.02387774533180076
2011-03-11,0.017612460547791642
2011-03-14,0.0019231210093542117
2011-03-15,0.01343573342588189
2011-03-16,-0.0047348663587153395
2011-03-17,0.055185529122272925
2011-03-18,0.0018033817686367026
2011-03-21,0.0
2011-03-22,0.022502250920390265
2011-03-23,0.01848591940964872
2011-03-24,-0.020743282406958663
2011-03-25,0.04148281290323874
2011-03-28,-0.018644090124807722
2011-03-29,-0.032815208717143274
2011-03-30,0.02410718413944224
2011-03-31,0.0026154954030321864
2011-04-01,-0.014782615329908322
2011-04-04,-0.009708707627357649
2011-04-05,-0.012477748662284793
2011-04-06,-0.020758081572206155
2011-04-07,-0.021198201642780856
2011-04-08,-0.0037664747913432883
2011-04-11,0.018903573790866268
2011-04-12,-0.005565813305066336
2011-04-13,0.012126876045027268
2011-04-14,0.01935484154504019
2011-04-15,-0.0036166329417204324
2011-04-18,-0.019963725761355744
2011-04-19,0.03333330095550213
2011-04-20,0.006272374173952322
2011-04-21,0.027604668945067967
2011-04-25,-0.008665544350111909
2011-04-26,0.0026224377400285714
2011-04-27,-0.007846569354196253
2011-04-28,0.0360281057371723
2011-04-29,0.022900802259310238
2011-05-02,0.004145873575528203
2011-05-03,-0.004954539029181526
2011-05-04,-0.022406676638169087
2011-05-05,-0.06706281661805868
2011-05-06,0.0009099389526938673
2011-05-09,-0.020909049294211668
2011-05-10,0.022284100363724413
2011-05-11,-0.01907357255053388
2011-05-12,0.0009259471023357335
2011-05-13,0.014801095393276897
2011-05-16,0.0136736203171397
2011-05-17,-0.027877650101863938
2011-05-18,0.001850092813415971
2011-05-19,-0.02400740819145486
2011-05-20,0.03689691150262986
2011-05-23,0.015510955812249039
2011-05-24,0.0008984931517530548
2011-05-25,0.007181321475811853
2011-05-26,-0.010695176711511767
2011-05-27,0.03423415745110869
2011-05-31,0.027003521949297005
2011-06-01,-0.0025445066215654677
2011-06-02,0.03486393192452275
2011-06-03,-0.019720605555760162
2011-06-06,0.025146624424677855
2011-06-07,0.0
2011-06-08,0.0073589661452622135
2011-06-09,-0.03571425253915794
2011-06-10,0.01683500061772092
2011-06-13,-0.02483445303225018
2011-06-14,-0.011884498541760657
2011-06-15,0.0
2011-06-16,-0.033505183146019135
2011-06-17,-0.01866667005750866
2011-06-20,-0.009058005599208552
2011-06-21,0.022851920437755746
2011-06-22,-0.02055402599295275
2011-06-23,-0.022810218898709822
2011-06-24,0.0018673673219533615
2011-06-27,0.0037279512799501813
2011-06-28,0.022284100363724413
2011-06-29,-0.012715743906662191
2011-06-30,0.013799500808078902
2011-07-01,-0.013611666603780659
2011-07-05,0.00827968293794168
2011-07-06,-0.027372280081267686
2011-07-07,-0.01594747455228296
2011-07-08,0.01143945549831904
2011-07-11,0.016022627878876428
2011-07-12,0.0064935668119205925
2011-07-13,0.015668209245806253
2011-07-14,0.002722298704630033
2011-07-15,0.035294061802410015
2011-07-18,-0.0026223543768859603
2011-07-19,-0.004382137721606005
2011-07-20,-0.007922464932529683
2011-07-21,-0.023070116976146804
2011-07-22,0.0036330573134866206
2011-07-25,-0.005429902134029607
2011-07-26,-0.0018197911288327928
2011-07-27,-0.0036463045468877464
2011-07-28,-0.021043045698885376
2011-07-29,-0.018691571292548725
2011-08-01,0.0076190403529576844
2011-08-02,-0.008506630740727328
2011-08-03,-0.01429929664472096
2011-08-04,-0.03578335397475585
2011-08-05,-0.001003031957271583
2011-08-08,0.002007982330598068
2011-08-09,0.01503011814477273
2011-08-10,-0.0029614740999286404
2011-08-11,0.029702893636613048
2011-08-12,-0.01346148026765237
2011-08-15,-0.009746625656812946
2011-08-16,-0.021653569914653614
2011-08-17,0.0
2011-08-18,-0.005030104544392677
2011-08-19,0.003033339932232204
2011-08-22,-0.01814519191445696
2011-08-23,0.026694069300988055
2011-08-24,-0.022000026702880815
2011-08-25,0.007157530716748628
2011-08-26,0.0030456580517121967
2011-08-29,-0.02125506434357527
2011-08-30,0.01861430235321837
2011-08-31,0.03756343870352974
2011-09-01,-0.003913890490010341
2011-09-02,-0.046168983589307766
2011-09-06,0.019567412938914952
2011-09-07,0.003030372505202328
2011-09-08,0.012084580248858057
2011-09-09,-0.0179104777870277
2011-09-12,-0.0030394866584633196
2011-09-13,0.019308900146036256
2011-09-14,0.01296112840497643
2011-09-15,-0.03444876309565692
2011-09-16,-0.014271186272612257
2011-09-19,0.0
2011-09-20,-0.016546002704214025
2011-09-21,-0.01682437892337696
2011-09-22,-0.00748670006872576
2011-09-23,-0.00538795174284501
2011-09-26,0.022751901252650697
2011-09-27,0.007415323263784801
2011-09-28,-0.024185119913260777
2011-09-29,-0.004310340840949611
2011-09-30,-0.024891725966838973
2011-10-03,-0.015538328497925913
2011-10-04,0.010146578776671245
2011-10-05,-0.02343750415769008
2011-10-06,0.007999965122767794
2011-10-07,-0.029478376893832925
2011-10-10,0.02102796059319867
2011-10-11,0.011441691543309096
2011-10-12,-0.031674177391187275
2011-10-13,0.012850426551985095
2011-10-14,0.04152245138515975
2011-10-17,-0.00553711984644889
2011-10-18,-0.028953150162719377
2011-10-19,0.005733966651803701
2011-10-20,0.002280445045091284
2011-10-21,0.00341293891938399
2011-10-24,-0.012471616834839216
2011-10-25,0.014925386207986113
2011-10-26,-0.018099529937821268
2011-10-27,-0.0011521000610879018
2011-10-28,0.03921570352894688
2011-10-31,0.0
2011-11-01,-0.035516164302944575
2011-11-02,-0.00690442679396952
2011-11-03,0.008111204391189508
2011-11-04,0.0011494516208134797
2011-11-07,-0.025258354312890807
2011-11-08,0.015312145812201416
2011-11-09,-0.02552207307999743
2011-11-10,-0.004761900436850985
2011-11-11,-0.01794253883855923
2011-11-14,-0.03410477570126136
2011-11-15,-0.011349265788015539
2011-11-16,-0.021683682778734448
2011-11-17,0.027379404961941356
2011-11-18,-0.024111682038210236
2011-11-21,0.020806221875366404
2011-11-22,-0.005095536603691109
2011-11-23,0.023047353349219257
2011-11-25,0.0037547794123791167
2011-11-28,-0.024937690110564348
2011-11-29,0.023017880356437592
2011-11-30,-0.016250014305114635
2011-12-01,0.019059793441652984
2011-12-02,-0.01371578604401169
2011-12-05,-0.03539819701296165
2011-12-06,0.006553042352263061
2011-12-07,-0.016927036524671535
2011-12-08,0.003973474465339022
2011-12-09,-0.030343010737265752
2011-12-12,-0.02857143413221186
2011-12-13,0.008403353487606458
2011-12-14,-0.040277773546583906
2011-12-15,-0.0014471421513015947
2011-12-16,-0.0014493085135679484
2011-12-19,-0.004354097757986342
2011-12-20,0.0043731388319701026
2011-12-21,0.008708264723108927
2011-12-22,-0.002877695176315309
2011-12-23,-0.018758966929862786
2011-12-27,0.004411725313194115
2011-12-28,-0.007320602409403021
2011-12-29,-0.02949856635888637
2011-12-30,-0.018237064886088006
2012-01-03,0.0015479492237813197
2012-01-04,0.03863987760540488
2012-01-05,-0.04464281596192565
2012-01-06,0.03426787968492495
2012-01-09,-0.016566213688113618
2012-01-10,-0.030627914192389416
2012-01-11,-0.05055287498911487
2012-01-12,-0.018302850137306925
2012-01-13,-0.03898305345013098
2012-01-17,-0.05291008583741519
2012-01-18,-0.0018621512584328093
2012-01-19,-0.061567148411558525
2012-01-20,0.011928417550071346
2012-01-23,0.09037328572831105
2012-01-24,-0.0018018429798490887
2012-01-25,0.07039708829802027
2012-01-26,-0.05227655172907353
2012-01-27,0.04626338686410336
2012-01-30,-0.040816367905486484
2012-01-31,-0.06914891413439217
2012-02-01,-0.03809520176478798
2012-02-02,0.07128705803570679
2012-02-03,-0.014787416998601755
2012-02-06,0.024390265722654236
2012-02-07,-0.03296700129689223
2012-02-08,-0.01704548276734963
2012-02-09,0.00963385613611778
2012-02-10,0.005725231129532604
2012-02-13,-0.017077827877348017
2012-02-14,0.03861009512165192
2012-02-15,-0.03531599501465876
2012-02-16,0.03660887381997724
2012-02-17,0.042750932003909003
2012-02-21,-0.016042807566122086
2012-02-22,0.003623184962974646
2012-02-23,-0.013989145671342684
2012-02-24,-0.023340971166039504
2012-02-27,-0.02952207420855313
2012-02-28,-0.029937178140660103
2012-02-29,0.023892460855680753
2012-03-01,-0.04958679984911829
2012-03-02,0.0025576033943977006
2012-03-05,-0.04489801280551031
2012-03-06,-0.0032050997939718773
2012-03-07,-0.020364371054338415
2012-03-08,-0.0021882338087966247
2012-03-09,0.007127251630840714
2012-03-12,-0.025585258531906407
2012-03-13,0.03240223106516904
2012-03-14,-0.020562725659062253
2012-03-15,-0.009944768032163154
2012-03-16,0.026785688626827175
2012-03-19,0.006521784876155623
2012-03-20,-0.0129589506039971
2012-03-21,0.007111551197127142
2012-03-22,-0.03150461317290998
2012-03-23,0.0
2012-03-26,-0.026360028904408472
2012-03-27,-0.009792630778628908
2012-03-28,-0.004653863945353276
2012-03-29,-0.0526009055390918
2012-03-30,-0.017890131064627668
2012-04-02,0.017587982745204123
2012-04-03,0.009259235275681288
2012-04-04,-0.01773705863982833
2012-04-05,-0.02054794113822167
2012-04-09,0.012714607041305781
2012-04-10,-0.043314533637104136
2012-04-11,-0.021653538626126068
2012-04-12,0.0013414123385888654
2012-04-13,0.0006697438046303628
2012-04-16,0.013386932299654264
2012-04-17,-0.031043610064123706
2012-04-18,-0.007498272399807271
2012-04-19,-0.021291236997427188
2012-04-20,0.010526289019668456
2012-04-23,0.04791670502336021
2012-04-24,-0.019880728144552995
2012-04-25,0.05341446679449824
2012-04-26,-0.022464722925779723
2012-04-27,0.030860162912375033
2012-04-30,0.045222932915449654
2012-05-01,0.029859827889970436
2012-05-02,-0.04260351062760015
2012-05-03,0.03399253564195592
2012-05-04,-0.01972504080905335
2012-05-07,0.018902406899578006
2012-05-08,0.04727713697252267
2012-05-09,0.0045714242117744774
2012-05-10,0.007394719074560463
2012-05-11,0.011857764126335102
2012-05-14,-0.03292411551763286
2012-05-15,0.03289092310061159
2012-05-16,0.05139665340224653
2012-05-17,0.004782154837794206
2012-05-18,0.027498702377559248
2012-05-21,-0.033968082194846816
2012-05-22,0.02290891287634067
2012-05-23,0.011458297115234606
2012-05-24,-0.0308960030439005
2012-05-25,-0.03347498251765968
2012-05-29,-0.045079696027985894
2012-05-30,-0.02648249681037973
2012-05-31,-0.007096329566385284
2012-06-01,-0.03633118386476297
2012-06-04,0.043263216464025644
2012-06-05,0.002369722601664348
2012-06-06,-0.004728127857288822
2012-06-07,-0.06116387907591003
2012-06-08,0.01201768344974563
2012-06-11,-0.041249990463256836
2012-06-12,0.0019556540203899964
2012-06-13,-0.007807409658592612
2012-06-14,0.14950824174724642
2012-06-15,-0.02110672132005509
2012-06-18,0.06643353145602537
2012-06-19,-0.03442618508369921
2012-06-20,-0.010752718349589685
2012-06-21,0.02288327397056089
2012-06-22,0.019015669381793998
2012-06-25,0.013721186027529697
2012-06-26,0.03789933887183894
2012-06-27,-0.007824706204136445
2012-06-28,-0.007360740989883818
2012-06-29,0.021716195603056043
2012-07-02,0.0005183162809057063
2012-07-03,0.014507808171714265
2012-07-05,0.024514787748041833
2012-07-06,-0.05333996626674142
2012-07-09,0.035808336670440255
2012-07-10,-0.04829693743033503
2012-07-11,0.03579060367892106
2012-07-12,0.010314634823878732
2012-07-13,0.0010209524046904672
2012-07-16,-0.0244773806550308
2012-07-17,-0.0036591582799323508
2012-07-18,0.05561392460608894
2012-07-19,0.021371688861397287
2012-07-20,0.025790788628823336
2012-07-23,0.00521824529173065
2012-07-24,0.01840487870784191
2012-07-25,-0.0315106722696874
2012-07-26,0.011483242846826558
2012-07-27,-0.01892145837649073
2012-07-30,0.05641273332718377
2012-07-31,0.005933412552286743
2012-08-01,-0.018148888805040952
2012-08-02,-0.07578555618781291
2012-08-03,-0.010999965667724654
2012-08-06,0.009605592523425077
2012-08-07,0.016524783928528963
2012-08-08,-0.010344782875128078
2012-08-09,-0.00995523949330035
2012-08-10,-0.044243297524915404
2012-08-13,-0.0142030749349209
2012-08-14,0.03148346637107169
2012-08-15,-0.023797159145795943
2012-08-16,-0.015368357320069137
2012-08-17,0.0069967255812921625
2012-08-20,0.012292969579877688
2012-08-21,0.011615591718642682
2012-08-22,0.013569949423405614
2012-08-23,-0.01029870041986225
2012-08-24,-0.04370448400610705
2012-08-27,-0.02285093011268824
2012-08-28,-0.015033327626863158
2012-08-29,0.02204631870403806
2012-08-30,0.02599553735275406
2012-08-31,0.014555281340618453
2012-09-04,0.017534533956278908
2012-09-05,-0.016710167164419976
2012-09-06,-0.010621389471577314
2012-09-07,-0.027375112426586745
2012-09-10,0.05077262879049993
2012-09-11,0.06039913672443342
2012-09-12,0.018325850524898657
2012-09-13,-0.010700355985851062
2012-09-14,-0.018682451586259474
2012-09-17,-0.025551019284862697
2012-09-18,-0.02005147977886912
2012-09-19,0.0015740129845813744
2012-09-20,0.0036668252626874676
2012-09-21,0.029227529770467386
2012-09-24,-0.0070993607770376554
2012-09-25,0.021961200554202698
2012-09-26,0.025487267518653933
2012-09-27,0.028265102863904268
2012-09-28,0.011374396529818753
2012-10-01,0.04639174152011938
2012-10-02,0.01209137746019584
2012-10-03,-0.02654868899744267
2012-10-04,-0.0027272484519265117
2012-10-05,-0.006381098158121934
2012-10-08,0.004128447510901134
2012-10-09,0.021471047684239908
2012-10-10,-0.0017889496616929623
2012-10-11,0.04614698479966184
2012-10-12,-0.008137067706791123
2012-10-15,-0.032383419902475064
2012-10-16,-0.009370775810018772
2012-10-17,0.007657660831153823
2012-10-18,0.02637452941908225
2012-10-19,0.0056620676523961855
2012-10-22,-0.03811178268946913
2012-10-23,0.020261178815358605
2012-10-24,-0.020741364365373882
2012-10-25,-0.0009013275025827605
2012-10-26,-0.01262971067577523
2012-10-31,-0.006852426802771205
2012-11-01,-0.004599833602693004
2012-11-02,-0.0365064246978033
2012-11-05,0.005755344349605673
2012-11-06,0.011921793428042227
2012-11-07,-0.00989628139810994
2012-11-08,0.008567363313415788
2012-11-09,-0.026427624312276632
2012-11-12,0.018419829547928757
2012-11-13,0.04807235687191569
2012-11-14,0.0022706283388345128
2012-11-15,-0.01585864913046675
2012-11-16,0.025782752808224174
2012-11-19,-0.015260329538126283
2012-11-20,0.025524131828214447
2012-11-21,0.020444403754340312
2012-11-23,0.0013066501673248965
2012-11-26,-0.03523268699462834
2012-11-27,-0.0018034677627127849
2012-11-28,-0.018518512137078225
2012-11-29,-0.04233778627126761
2012-11-30,-0.02018260870123123
2012-12-03,0.00490438374022184
2012-12-04,-0.013177182078071725
2012-12-05,0.038575702924497524
2012-12-06,-0.010952359154110858
2012-12-07,-0.023591707285447128
2012-12-10,-0.02958581662498805
2012-12-11,-0.012195110131936526
2012-12-12,-0.004629637351615146
2012-12-13,-0.0170542592868409
2012-12-14,-0.007886415085181842
2012-12-17,0.010598773009855567
2012-12-18,0.012585200574664945
2012-12-19,-0.015535952633746297
2012-12-20,0.031036304338992293
2012-12-21,-0.0015306472480414168
2012-12-24,-0.02452731475326886
2012-12-26,0.0031429788089472055
2012-12-27,0.0005222051739446343
2012-12-28,0.016179512965093013
2012-12-31,-0.029275794295136714
2013-01-02,-0.03492062755202496
2013-01-03,-0.016447326799618467
2013-01-04,0.026755826529942794
2013-01-07,-0.001085801177026724
2013-01-08,-0.012499975380689698
2013-01-09,-0.033021484807396084
2013-01-10,0.02162783578346761
2013-01-11,0.04289685335305493
2013-01-14,0.013888901624924621
2013-01-15,0.019494249112600448
2013-01-16,-0.0015504230518897932
2013-01-17,0.015528009790266584
2013-01-18,0.024464807426332502
2013-01-22,-0.006467714708855543
2013-01-23,0.0015022878155757091
2013-01-24,-0.02349996566772461
2013-01-25,-0.000512044471594586
2013-01-28,-0.04969268432149687
2013-01-29,-0.010242513990479929
2013-01-30,0.02233114563084193
2013-01-31,-0.0005327772316435775
2013-02-01,-0.011727042146609024
2013-02-04,0.007011820622820242
2013-02-05,0.02731656276367156
2013-02-06,0.009384791569956752
2013-02-07,-0.04235535480230179
2013-02-08,-0.009708753845045881
2013-02-11,0.004901968932242262
2013-02-12,-0.009756113698236146
2013-02-13,0.013683634030439595
2013-02-14,-0.03671707820561754
2013-02-15,-0.003363198734820605
2013-02-19,0.029246261548550256
2013-02-20,0.001092921234836286
2013-02-21,-0.009279480301627618
2013-02-22,0.01157030282286553
2013-02-25,0.0392156475718497
2013-02-26,-0.005241110160880025
2013-02-27,-0.00842991840205587
2013-02-28,0.019128619351177045
2013-03-01,-0.005735172502676078
2013-03-04,0.019926642590265553
2013-03-05,-0.0025707528250823453
2013-03-06,-0.011340171014454836
2013-03-07,0.027632886906360232
2013-03-08,0.01522075892157293
2013-03-11,0.0014992846727810427
2013-03-12,-0.002495066972299287
2013-03-13,0.013506776430971978
2013-03-14,0.03849953987332988
2013-03-15,0.006178667067959331
2013-03-18,0.004251306200450777
2013-03-19,0.022107211114513303
2013-03-20,-0.004601950463706039
2013-03-21,-0.005085469591808889
2013-03-22,0.0032527738538670192
2013-03-25,-0.01806389008300635
2013-03-26,0.024999941519973312
2013-03-27,0.023469868367486768
2013-03-28,-0.016187077970165942
2013-04-01,0.004113352652648672
2013-04-02,-0.016841098928021436
2013-04-03,-0.015740747527003385
2013-04-04,0.010818416733781255
2013-04-05,0.04513724167918043
2013-04-08,-0.009795161278816966
2013-04-09,-0.013039523883238369
2013-04-10,0.014578573289369068
2013-04-11,0.016614230995930512
2013-04-12,0.020318065557528797
2013-04-15,-0.022510841955691197
2013-04-16,0.007528789941025016
2013-04-17,0.005274762164105384
2013-04-18,0.050721460640356986
2013-04-19,-0.001248467989523605
2013-04-22,-0.032083352406819476
2013-04-23,-0.00860950751321321
2013-04-24,-0.011723857998851006
2013-04-25,-0.005711821915988624
2013-04-26,0.012372987053881124
2013-04-29,0.03317329698575633
2013-04-30,-0.00844954635803985
2013-05-01,-0.004686779131703678
2013-05-02,-0.06207194884647882
2013-05-03,0.0013692691398652368
2013-05-06,-0.008204206964187
2013-05-07,-0.021139751240017657
2013-05-08,0.009389707516583634
2013-05-09,-0.000930253849473095
2013-05-10,-0.015363125267166433
2013-05-13,0.0023641203456747917
2013-05-14,0.022169778133976026
2013-05-15,0.015228422821606857
2013-05-16,-0.03181821649724792
2013-05-17,0.026760639558197186
2013-05-20,0.008230379100134355
2013-05-21,0.025396888556340258
2013-05-22,-0.0022114614356218976
2013-05-23,0.016844019375483743
2013-05-24,-0.004359214435119885
2013-05-28,-0.015324009594197552
2013-05-29,-0.010226747202180753
2013-05-30,-0.03324347544965567
2013-05-31,-0.009758410193041023
2013-06-03,0.0
2013-06-04,0.0
2013-06-05,0.001877096036124959
2013-06-06,-0.03559719977998044
2013-06-07,-0.007770755037706967
2013-06-10,-0.007342125124309096
2013-06-11,-0.018737724617803764
2013-06-12,0.011557766163078798
2013-06-13,0.010929022845262093
2013-06-14,-0.018673270810415032
2013-06-17,0.036554906093401174
2013-06-18,0.005797049635843932
2013-06-19,0.011047048300077744
2013-06-20,-0.016627006499120855
2013-06-21,-0.02318847497070331
2013-06-24,-0.012363996463386928
2013-06-25,-0.021031551864555076
2013-06-26,0.014322286320846311
2013-06-27,-0.039334376684139305
2013-06-28,-0.0052492639436201305
2013-07-01,0.0015830489756782917
2013-07-02,0.018967366650902706
2013-07-03,-0.005170650500555762
2013-07-05,-0.00467776266416553
2013-07-08,0.02976499771167962
2013-07-09,-0.01572005460124193
2013-07-10,0.0010304202947399865
2013-07-11,-0.013896060397474708
2013-07-12,0.006263091867905635
2013-07-15,0.008298746976857396
2013-07-16,0.002057562092585119
2013-07-17,-0.012833675866262384
2013-07-18,0.04680185335176601
2013-07-19,-0.004470851912138363
2013-07-22,-0.024451180443167297
2013-07-23,0.012276301167921888
2013-07-24,-0.007579662402198983
2013-07-25,-0.013747380794591368
2013-07-26,-0.02219929202609161
2013-07-29,-0.02587115930841999
2013-07-30,-0.011382167107717334
2013-07-31,-0.0016447745077832199
2013-08-01,-0.01592526209548184
2013-08-02,-0.011160756812943928
2013-08-05,-0.0022572804587280837
2013-08-06,-0.006787377667537009
2013-08-07,-0.01993168520013633
2013-08-08,0.018593934874846507
2013-08-09,-0.025099858347000126
2013-08-12,0.022820326867544205
2013-08-13,0.0022883819550847395
2013-08-14,0.009703200448183402
2013-08-15,0.020915710611338012
2013-08-16,-0.011074134081121012
2013-08-19,0.02071662481748837
2013-08-20,0.0
2013-08-21,0.0065826024271351535
2013-08-22,0.01907358987431773
2013-08-23,-0.010695227528323081
2013-08-26,0.004324320200327358
2013-08-27,0.009687852847949818
2013-08-28,0.0010661224690649007
2013-08-29,0.01064956593601396
2013-08-30,-0.0015805468925390587
2013-09-03,0.01583109366661639
2013-09-04,0.0025973629641842244
2013-09-05,-0.02694293113838675
2013-09-06,-0.012779540060870676
2013-09-09,0.022114338034834313
2013-09-10,-0.007915647484946997
2013-09-11,-0.005319067988256432
2013-09-12,0.02245989621167932
2013-09-13,0.00679911898852259
2013-09-16,0.017662345588981276
2013-09-17,-0.0010209524046904672
2013-09-18,-0.003065889978437264
2013-09-19,-0.00256284694118869
2013-09-20,-0.0051386679766538546
2013-09-23,-0.022727299596382977
2013-09-24,-0.028012721168515164
2013-09-25,-0.005981441362355233
2013-09-26,0.004376363276862305
2013-09-27,0.006535889318931121
2013-09-30,-0.010822449163687464
2013-10-01,0.01422320673498545
2013-10-02,-0.017260063989794516
2013-10-03,-0.01042802600819659
2013-10-04,0.0016638257434506976
2013-10-07,0.03322261346691646
2013-10-08,0.023579878759679707
2013-10-09,-0.008376955194584035
2013-10-10,0.01267158206709662
2013-10-11,0.012513022278388464
2013-10-14,0.008238921049615433
2013-10-15,-0.002042850272449881
2013-10-16,-0.010235453099724512
2013-10-17,-0.0005170749122511697
2013-10-18,-0.0005173424170360486
2013-10-21,-0.02536230739431289
2013-10-22,-0.02124267765007759
2013-10-23,0.004340744567626897
2013-10-24,0.005402505685207615
2013-10-25,0.017195039458850037
2013-10-28,-0.03909137660794626
2013-10-29,-0.0076966076353292
2013-10-30,-0.0027700409514637148
2013-10-31,-0.012777752346462723
2013-11-01,-0.018007860809278187
2013-11-04,-0.020630406568012072
2013-11-05,0.009947341999771986
2013-11-06,0.005214377253442315
2013-11-07,0.005763710620809492
2013-11-08,0.01260740995620635
2013-11-11,0.0016978317213340866
2013-11-12,0.01920904734082196
2013-11-13,-0.01995568692248262
2013-11-14,0.011877776066054668
2013-11-15,0.010620488571260411
2013-11-18,-0.008849549119871458
2013-11-19,-0.018415174235551834
2013-11-20,0.030699204291892324
2013-11-21,0.0077220796181851625
2013-11-22,0.0213464356801758
2013-11-25,0.006430913194784615
2013-11-26,0.005324732186628767
2013-11-27,0.010593261219791872
2013-11-29,0.003668747122857585
2013-12-02,0.010443904277988914
2013-12-03,0.001550324480902976
2013-12-04,-0.001031916990766657
2013-12-05,0.04287189553404569
2013-12-06,-0.0009906120472822355
2013-12-09,0.026276682431371157
2013-12-10,0.002898524817921855
2013-12-11,0.021676245213368084
2013-12-12,0.00754369456233861
2013-12-13,0.0018717363878280047
2013-12-16,-0.0275572235774304
2013-12-17,0.004803092360015082
2013-12-18,-0.0004780224113465348
2013-12-19,0.04017217401806228
2013-12-20,0.0018391225529812427
2013-12-23,0.011932001404732828
2013-12-24,-0.012244832642045567
2013-12-26,0.0013773543779209696
2013-12-27,-0.028885794415097643
2013-12-30,0.0184135686510416
2013-12-31,-0.04079736547134771
2014-01-02,0.011599795308033123
2014-01-03,0.006211139936507903
2014-01-06,-0.00474835631555659
2014-01-07,0.0038168814193295653
2014-01-08,-0.02614073766523861
2014-01-09,-0.039043399023761416
2014-01-10,0.006094409783138577
2014-01-13,0.05754676061233499
2014-01-14,0.012887758500356172
2014-01-15,-0.006597520932073331
2014-01-16,0.009013308099870887
2014-01-17,-0.018335744645210705
2014-01-21,0.03160928071304148
2014-01-22,0.044568200727448826
2014-01-23,0.01377775404188375
2014-01-24,0.07891280958146285
2014-01-27,-0.05038601139231946
2014-01-28,0.03465979618548243
2014-01-29,0.10545902418846187
2014-01-30,-0.09277963279863366
2014-01-31,-0.002886585353575999
2014-02-03,0.005376309310416882
2014-02-04,0.07568902480502637
2014-02-05,-0.032122377240596744
2014-02-06,-0.022125621404928464
2014-02-07,-0.045656531748145546
2014-02-10,-0.0410669426857907
2014-02-11,0.06666667789462055
2014-02-12,-0.01697019246695175
2014-02-13,0.061052663702714005
2014-02-14,-0.008730206906448656
2014-02-18,0.048839121019211396
2014-02-19,0.02862595336489049
2014-02-20,-0.005936914392675519
2014-02-21,0.03359460947269466
2014-02-24,-0.05669915726051289
2014-02-25,-0.012251209490475645
2014-02-26,-0.02674413360903649
2014-02-27,-0.012743914259098044
2014-02-28,0.029043940571358284
2014-03-03,-0.0246962392184521
2014-03-04,0.028135079845311495
2014-03-05,-0.010946078478523247
2014-03-06,0.015810337468032953
2014-03-07,-0.005836635074938035
2014-03-10,0.006653623536996278
2014-03-11,-0.010497611105100058
2014-03-12,-0.018860567198251244
2014-03-13,-0.026431712677666197
2014-03-14,0.006170284731614961
2014-03-17,0.018397415363155867
2014-03-18,-0.009634675736182263
2014-03-19,0.002432082114180556
2014-03-20,-0.017387800773768114
2014-03-21,-0.013168712134615124
2014-03-24,-0.0020850391165556648
2014-03-25,0.026326751054421837
2014-03-26,-0.004478774649627426
2014-03-27,0.02658485064407512
2014-03-28,-0.00398407888246699
2014-03-31,-0.023199996948242152
2014-04-01,-0.023751020552579494
2014-04-02,0.019714736172242286
2014-04-03,0.01645411877078251
2014-04-04,-0.0008093302774586641
2014-04-07,0.009315493611232073
2014-04-08,0.013643665792414161
2014-04-09,0.00752179462929603
2014-04-10,0.013359534082332924
2014-04-11,-0.0019387802494832407
2014-04-14,-0.013986037822560693
2014-04-15,0.0023641203812081457
2014-04-16,-0.008254755794527169
2014-04-17,0.0424098182416921
2014-04-21,-0.0064638814154182045
2014-04-22,0.010332968482029914
2014-04-23,-0.002272707076111713
2014-04-24,-0.009491267978426254
2014-04-25,-0.010348810125893948
2014-04-28,0.024399731818801174
2014-04-29,0.014366697535186379
2014-04-30,-0.010436104638155697
2014-05-01,-0.016572453459614556
2014-05-02,-0.004595972287561811
2014-05-05,0.0015390887218011962
2014-05-06,0.023050267318237783
2014-05-07,-0.012392036579266352
2014-05-08,-0.035361156836713814
2014-05-09,-0.010248333475801785
2014-05-12,-0.023894877215669075
2014-05-13,-0.01223994865800404
2014-05-14,0.002891433491120976
2014-05-15,0.014415093254655398
2014-05-16,-0.007714114217739598
2014-05-19,0.01309327691618889
2014-05-20,0.015347300373743211
2014-05-21,-0.014319757825895674
2014-05-22,-0.024213089783854613
2014-05-23,0.007444181261538452
2014-05-27,0.019293895795502225
2014-05-28,0.025775247346553787
2014-05-29,-0.006674522217391954
2014-05-30,-0.003952508977731917
2014-06-02,0.012698400203813742
2014-06-03,-0.0027429347009640948
2014-06-04,0.009823182416719423
2014-06-05,0.007392942454031548
2014-06-06,0.00926997979050248
2014-06-09,-0.01607348219607152
2014-06-10,-0.02450405224429142
2014-06-11,-0.003987256051592003
2014-06-12,0.0500400329426145
2014-06-13,0.0007625031686129269
2014-06-16,-0.007238115583147353
2014-06-17,-0.0011511427441155409
2014-06-18,-0.008836013965337952
2014-06-19,-0.015116255859737526
2014-06-20,-0.005116063028227091
2014-06-23,-0.023338612996935848
2014-06-24,0.014985780635135448
2014-06-25,0.00558664405349818
2014-06-26,-0.027380972744745935
2014-06-27,-0.0044879889565215825
2014-06-30,0.00819675270763387
2014-07-01,-0.005284596182899226
2014-07-02,-0.018798491924011285
2014-07-03,0.0037484444702182707
2014-07-07,-0.031120331457615613
2014-07-08,-0.002141376599242184
2014-07-09,-0.013304698544766791
2014-07-10,-0.013049118749336786
2014-07-11,0.007051557675018527
2014-07-14,0.0017505036109823902
2014-07-15,-0.015727335631373296
2014-07-16,0.005770046906552473
2014-07-17,-0.03486315152243624
2014-07-18,-0.004572490975415566
2014-07-21,-0.021130040521301074
2014-07-22,-0.022524615404306503
2014-07-23,-0.0028804352454221416
2014-07-24,0.019740001847657895
2014-07-25,-0.016525041379918948
2014-07-28,-0.005280874256095136
2014-07-29,0.015444093280765792
2014-07-30,-0.01188212876053163
2014-07-31,0.014910988566184002
2014-08-01,-0.008530819996281136
2014-08-04,0.01290633158599408
2014-08-05,0.010854154621971812
2014-08-06,0.013538702481129317
2014-08-07,-0.014279110042160204
2014-08-08,0.02102807340939372
2014-08-11,0.003203647304445001
2014-08-12,-0.0018248592786550555
2014-08-13,-0.03747713557021404
2014-08-14,0.018043735885642453
2014-08-15,-0.027518663147916955
2014-08-18,0.00047962727572525843
2014-08-19,0.021572331851587467
2014-08-20,-0.011262307702153196
2014-08-21,0.014712836755215175
2014-08-22,-0.007951360288446785
2014-08-25,0.024045273498158437
2014-08-26,-0.003683237856129562
2014-08-27,0.01109056274895126
2014-08-28,0.010054900783433851
2014-08-29,0.007239811975128463
2014-09-02,-0.0426774821730167
2014-09-03,-0.01360858824244393
2014-09-04,-0.006184636788017728
2014-09-05,-0.006223033248675902
2014-09-08,0.018304390971920048
2014-09-09,0.02412489326426215
2014-09-10,-0.0050807715908124385
2014-09-11,-0.026926731959263095
2014-09-12,0.00047711017741614015
2014-09-15,0.020505499249203085
2014-09-16,0.016822458727514977
2014-09-17,0.0050551750548955
2014-09-18,-0.024234141120594743
2014-09-19,-0.01827551016212825
2014-09-22,0.0009545847105847383
2014-09-23,-0.007153057865612267
2014-09-24,0.017291095851507565
2014-09-25,0.014636424054565556
2014-09-26,0.004188001561026056
2014-09-29,0.023169601564768216
2014-09-30,0.001358726754944417
2014-10-01,-0.024875672963648787
2014-10-02,-0.012986956689826412
2014-10-03,0.016447296185509108
2014-10-06,-0.030975501723976895
2014-10-07,0.008110691017152005
2014-10-08,-0.0212966811861669
2014-10-09,0.0029013280975322964
2014-10-10,-0.002410763626438106
2014-10-13,0.013533048432549322
2014-10-14,-0.02241293890053586
2014-10-15,-0.003902435302734375
2014-10-16,-0.0004897271716197693
2014-10-17,-0.009309188411468994
2014-10-20,-0.024727992926773745
2014-10-21,0.008113582808481956
2014-10-22,-0.014084446233250114
2014-10-23,-0.004081628681073313
2014-10-24,-0.00819671330225158
2014-10-27,-0.018078531530757558
2014-10-28,0.030510253378369878
2014-10-29,0.012761612968490654
2014-10-30,0.0110886749829886
2014-10-31,0.010967159848465524
2014-11-03,0.04142012446483956
2014-11-04,0.029356008865919714
2014-11-05,0.010119563738301585
2014-11-06,0.05464484576358397
2014-11-07,-0.01122626211549338
2014-11-10,-0.019650605374975205
2014-11-11,-0.01648110586455731
2014-11-12,-0.013134013096954611
2014-11-13,-0.04359801390657547
2014-11-14,0.022072892567399194
2014-11-17,0.053990683900024816
2014-11-18,-0.008017830693036188
2014-11-19,0.03861691447352977
2014-11-20,0.01642892701698817
2014-11-21,-0.04381117297396542
2014-11-24,-0.028024874270256683
2014-11-25,0.032951913079374506
2014-11-26,-0.02038099648615166
2014-11-28,-0.03844415911376187
2014-12-01,-0.03762940431780304
2014-12-02,-0.03470181408812878
2014-12-03,-0.019746804539161444
2014-12-04,-0.04132237185888454
2014-12-05,0.0420259002742327
2014-12-08,-0.04498453114629286
2014-12-09,0.00324858557236829
2014-12-10,0.01780895366851687
2014-12-11,-0.011664963604633982
2014-12-12,0.03111587675416727
2014-12-15,-0.010405768092398238
2014-12-16,-0.025762342761571966
2014-12-17,0.014570887232056462
2014-12-18,-0.003191461083897562
2014-12-19,-0.05549621242693625
2014-12-22,-0.07570622004681515
2014-12-23,-0.00794627526070979
2014-12-24,-0.038200856626373514
2014-12-26,-0.008328002389501266
2014-12-29,0.038113706074609954
2014-12-30,-0.02177967855893237
2014-12-31,-0.060432556814752014
2015-01-02,0.012863884529091596
2015-01-05,-0.006016052965133523
2015-01-06,0.004034997987792055
2015-01-07,-0.023442757824217342
2015-01-08,0.024691334606381732
2015-01-09,0.0033467330749137325
2015-01-12,-0.05403598921349173
2015-01-13,0.0535965626834376
2015-01-14,0.11646591523852234
2015-01-15,-0.033573108854717204
2015-01-16,-0.026675014668953723
2015-01-20,-0.06373486467458345
2015-01-21,0.02246432177037283
2015-01-22,-0.0312916280096297
2015-01-23,0.028865984246611243
2015-01-26,-0.02805611682045106
2015-01-27,0.01580752846881639
2015-01-28,-0.015561538998085656
2015-01-29,-0.04604811460556457
2015-01-30,-0.015129685620714484
2015-02-02,0.0
2015-02-03,0.029992673381408208
2015-02-04,-0.036221607361173636
2015-02-05,-0.021370668266384674
2015-02-06,-0.008283106844056642
2015-02-09,0.009870927387078732
2015-02-10,0.031578952651935
2015-02-11,0.049562633984461923
2015-02-12,-0.03611107762948884
2015-02-13,0.024495688024825713
2015-02-17,-0.0021097528890394734
2015-02-18,0.011980273525093121
2015-02-19,0.006267420246492739
2015-02-20,0.04013840355445297
2015-02-23,-0.029274756367298926
2015-02-24,0.0027416011949754626
2015-02-25,-0.008885858743951647
2015-02-26,-0.05931032115015478
2015-02-27,0.0073313361641051955
2015-03-02,-0.005094592139030629
2015-03-03,0.0029261127746733617
2015-03-04,0.02479942754499387
2015-03-05,0.02419929878805993
2015-03-06,-0.0013898858433978312
2015-03-09,-0.05219206722149672
2015-03-10,0.013215881548327424
2015-03-11,0.038405777220715365
2015-03-12,-0.030006999823107616
2015-03-13,-0.006474762689460567
2015-03-16,0.005792897992415558
2015-03-17,0.03671700954656121
2015-03-18,0.018750032285850038
2015-03-19,-0.02794818304566027
2015-03-20,-0.01122018547293202
2015-03-23,-0.014184450888546918
2015-03-24,0.014388544491240607
2015-03-25,-0.019858204189376005
2015-03-26,-0.02387843205449869
2015-03-27,-0.011860626399317509
2015-03-30,-0.00450108524274484
2015-03-31,-0.0022607901741219516
2015-04-01,-0.01057397221062173
2015-04-02,0.03816793781985406
2015-04-06,-0.019117663352134162
2015-04-07,0.0022488555193436177
2015-04-08,-0.014210888706777003
2015-04-09,-0.032625212080376054
2015-04-10,-0.010980419084137272
2015-04-13,-0.001586003539561509
2015-04-14,0.008737065555526335
2015-04-15,0.02598424635135066
2015-04-16,0.03300079155701807
2015-04-17,-0.01634474490381177
2015-04-20,-0.03474320589872093
2015-04-21,0.011737134220558998
2015-04-22,0.009280733389545714
2015-04-23,-0.022222218974289554
2015-04-24,-0.003918510175390466
2015-04-27,-0.025177001877560334
2015-04-28,0.008878099566520747
2015-04-29,0.02239997863769516
2015-04-30,0.053208162706095186
2015-05-01,0.018573551210362194
2015-05-04,0.013858466801943248
2015-05-05,-0.007913644582450585
2015-05-06,-0.008701949665774866
2015-05-07,-0.008778338324019641
2015-05-08,0.04280442181120003
2015-05-11,-0.015569728609129418
2015-05-12,0.02947518705317531
2015-05-13,0.01117317394007622
2015-05-14,0.02486192139036225
2015-05-15,0.0026954151914919677
2015-05-18,0.0013440526838401912
2015-05-19,-0.018791928868439278
2015-05-20,-0.010943902097437563
2015-05-21,0.007607168491497562
2015-05-22,-0.028826361365206
2015-05-26,-0.02332155000724534
2015-05-27,-0.0028943533094294427
2015-05-28,-0.044267029644253775
2015-05-29,-0.02277905763074861
2015-06-01,0.0015540371360931449
2015-06-02,0.014740075665065522
2015-06-03,-0.02140670753856222
2015-06-04,-0.003906264842953311
2015-06-05,-0.016470591227213505
2015-06-08,0.04625198767706773
2015-06-09,0.047256089250542255
2015-06-10,0.020378507373346233
2015-06-11,-0.02425107999191345
2015-06-12,-0.021929838014795866
2015-06-15,0.04857994117868003
2015-06-16,0.0007127747022215303
2015-06-17,-0.012820534591513
2015-06-18,-0.025252484593446645
2015-06-19,0.006661743231912709
2015-06-22,-0.024264699591897365
2015-06-23,-0.004521508481304837
2015-06-24,0.012869044345422243
2015-06-25,0.02541107247233354
2015-06-26,-0.029154560088883397
2015-06-29,0.010510536526300074
2015-06-30,0.0074294488251347435
2015-07-01,-0.016224207980889416
2015-07-02,0.016491773951451627
2015-07-06,-0.025073756789566803
2015-07-07,-0.011346487834701158
2015-07-08,-0.013006892139505122
2015-07-09,0.015503935570056804
2015-07-10,0.015267160568029015
2015-07-13,0.03082705575430955
2015-07-14,-0.00729397382870034
2015-07-15,0.024246872302024602
2015-07-16,-0.014347189044867648
2015-07-17,0.00873361627060043
2015-07-20,-0.01948048418307735
2015-07-21,0.020603364961542914
2015-07-22,0.0014419940828187539
2015-07-23,-0.025198011002064646
2015-07-24,-0.014032465355878765
2015-07-27,0.0014980901511520983
2015-07-28,0.008227349111353144
2015-07-29,0.017062351908098794
2015-07-30,-0.027717003164376308
2015-07-31,-0.02175543612249331
2015-08-03,0.01226992698467555
2015-08-04,0.0189393942130609
2015-08-05,-0.008178413251833105
2015-08-06,0.008995493567202528
2015-08-07,-0.003714724412567816
2015-08-10,0.014168570933599689
2015-08-11,0.004411725313194115
2015-08-12,0.025622282970671817
2015-08-13,-0.04139899459176111
2015-08-14,0.0014891663168203895
2015-08-17,-0.024535310660653842
2015-08-18,-0.007621907672840544
2015-08-19,-0.004608326997478707
2015-08-20,0.015432084002812152
2015-08-21,-0.028875388970133087
2015-08-24,-0.011737059598153743
2015-08-25,0.01108474600587539
2015-08-26,-0.0023493097549003306
2015-08-27,-0.0078492487905778
2015-08-28,0.017405008495170682
2015-08-31,-0.01244166809359415
2015-09-01,0.000787419608820894
2015-09-02,-0.019669551475190117
2015-09-03,0.03049760138663915
2015-09-04,-0.023364500558389678
2015-09-08,0.018341347417090148
2015-09-09,-0.017227898131754293
2015-09-10,0.007968081774949898
2015-09-11,0.007905168734016366
2015-09-14,0.021960763370289405
2015-09-15,-0.010744389295279766
2015-09-16,-0.021722318013013164
2015-09-17,-0.003965046663111926
2015-09-18,-0.018312140782369757
2015-09-21,-0.013787516410855849
2015-09-22,-0.003289470588401122
2015-09-23,0.0008251014006817048
2015-09-24,0.012366003059776975
2015-09-25,-0.016286629773137995
2015-09-28,0.01572852113059664
2015-09-29,-0.031784867870643496
2015-09-30,-0.02272731104063419
2015-10-01,-0.03789832845776597
2015-10-02,0.009847775821478777
2015-10-05,0.002659635403874816
2015-10-06,0.005304992371027328
2015-10-07,0.0017590552299895368
2015-10-08,0.004389748512154901
2015-10-09,0.012237792697372019
2015-10-12,0.007772033953441282
2015-10-13,-0.017994861762988146
2015-10-14,0.01570683286008845
2015-10-15,-0.028350508073254455
2015-10-16,-0.014146843072517568
2015-10-19,0.00538120373717188
2015-10-20,0.008920640600306173
2015-10-21,-0.031830291511497855
2015-10-22,-0.008219192160326627
2015-10-23,-0.031307477869442324
2015-10-26,-0.050380291215136985
2015-10-27,0.0
2015-10-28,-0.03203200221779401
2015-10-29,-0.017580152528716253
2015-10-30,0.03263162311754719
2015-11-02,-0.03261984044961319
2015-11-03,0.0073762539712145525
2015-11-04,0.0010459492435797024
2015-11-05,0.04597706876579988
2015-11-06,-0.01198800028124336
2015-11-09,-0.01921137790312577
2015-11-10,0.009278366428618456
2015-11-11,-0.023493313905263213
2015-11-12,0.006276094488371298
2015-11-13,0.033264001936692544
2015-11-16,-0.006036163830508867
2015-11-17,0.0
2015-11-18,-0.016194316352106997
2015-11-19,-0.03703709881292083
2015-11-20,-0.04166660298648828
2015-11-23,0.015607512316698102
2015-11-24,-0.006586110669982936
2015-11-25,-0.00773487812411322
2015-11-27,-0.030066761453544144
2015-11-30,0.0011481318987414113
2015-12-01,0.0
2015-12-02,-0.0275230180553947
2015-12-03,0.008254793900622559
2015-12-04,-0.002339234773976351
2015-12-07,-0.05275496170600602
2015-12-08,0.0037128382740665433
2015-12-09,-0.006165134300515129
2015-12-10,-0.028536040190625944
2015-12-11,-0.014048548478444944
2015-12-14,-0.040155434093845255
2015-12-15,-0.04993250920083392
2015-12-16,0.015625019049779976
2015-12-17,-0.03216783440639481
2015-12-18,0.005780341244511877
2015-12-21,0.06752870511718867
2015-12-22,-0.017496586891957988
2015-12-23,0.03972602113368362
2015-12-24,0.013175217736784095
2015-12-28,0.09492848031750789
2015-12-29,0.026128297510139786
2015-12-30,-0.028935184035404293
2015-12-31,0.0333730299777677
2016-01-04,-0.01614767498163594
2016-01-05,0.01289573432533353
2016-01-06,-0.019675933974392268
2016-01-07,0.047225455244358505
2016-01-08,0.03833147203772036
2016-01-11,-0.04017371162069239
2016-01-12,-0.05090495492054947
2016-01-13,0.0071513067326789415
2016-01-14,-0.05798813990278395
2016-01-15,-0.018844232996052868
2016-01-19,-0.011523707201956723
2016-01-20,0.016839393519943346
2016-01-21,0.008917219428253409
2016-01-22,0.0012625949429732053
2016-01-25,-0.0088272000428129
2016-01-26,0.00508905358442302
2016-01-27,-0.00253164312469345
2016-01-28,0.0368020250813923
2016-01-29,0.03916764893953051
2016-02-01,-0.07302707918417584
2016-02-02,-0.04955525694494867
2016-02-03,0.009358311695572219
2016-02-04,-0.035761585974242616
2016-02-05,0.035714250625210164
2016-02-08,0.03713530652850805
2016-02-09,-0.0179028568094024
2016-02-10,-0.023437478172126602
2016-02-11,-0.026666641235351674
2016-02-12,-0.010958958692185772
2016-02-16,-0.02631573211974536
2016-02-17,0.019914631907160585
2016-02-18,-0.047419825518834724
2016-02-19,-0.03074671163876419
2016-02-22,-0.0015105365887529976
2016-02-23,-0.01815436610777177
2016-02-24,0.004622528638884793
2016-02-25,-0.030674817461688875
2016-02-26,0.00632910771622841
2016-02-29,-0.05345914236640348
2016-03-01,0.02657804782708384
2016-03-02,-0.043689318515579334
2016-03-03,-0.020304549688208384
2016-03-04,0.024179597134365016
2016-03-07,0.02866780458939311
2016-03-08,-0.00327868544904808
2016-03-09,0.026315764707210976
2016-03-10,0.028846203810601434
2016-03-11,0.0015575937579193067
2016-03-14,0.001555245590795007
2016-03-15,0.01863352243677996
2016-03-16,0.006097555213709249
2016-03-17,0.03484848824195419
2016-03-18,-0.021961946858418124
2016-03-21,-0.03892211956977565
2016-03-22,0.02336450055838979
2016-03-23,-0.04109588643408513
2016-03-24,0.015873000254767344
2016-03-28,0.024999975785613415
2016-03-29,0.024390220854836775
2016-03-30,0.005952446419502655
2016-03-31,-0.014792955337853075
2016-04-01,-0.007507464721209223
2016-04-04,0.0317700505151608
2016-04-05,-0.030791793674664336
2016-04-06,-0.02420579743077833
2016-04-07,0.06201552049549641
2016-04-08,-0.016058413875307154
2016-04-11,-0.032640919534504986
2016-04-12,0.050613485379053635
2016-04-13,0.008759115856186384
2016-04-14,-0.03328509756185105
2016-04-15,-0.028443123069317955
2016-04-18,0.015408379814549233
2016-04-19,0.07283763398472654
2016-04-20,0.0014143920511853203
2016-04-21,0.0056497121870151545
2016-04-22,0.022471956014182393
2016-04-25,-0.026098908206688365
2016-04-26,-0.014104425855791414
2016-04-27,-0.007153035126595819
2016-04-28,-0.03602305445803233
2016-04-29,0.03587440494251326
2016-05-02,-0.04617600328295146
2016-05-03,0.021180009630523244
2016-05-04,0.02666664123535134
2016-05-05,-0.027417036353088675
2016-05-06,0.005934783389992537
2016-05-09,0.0014748896364651376
2016-05-10,0.030927840843413268
2016-05-11,0.0014286041259765625
2016-05-12,-0.009985758826792868
2016-05-13,-0.02305473286641313
2016-05-16,-0.030973455995351284
2016-05-17,0.010654443378274037
2016-05-18,-0.02710840842740736
2016-05-19,0.02321982886713103
2016-05-20,0.006051431323006451
2016-05-23,0.0
2016-05-24,-0.022556404994930057
2016-05-25,0.0076923370361325905
2016-05-26,-0.01068704879740201
2016-05-27,0.007716078794396619
2016-05-31,0.05513011410574076
2016-06-01,0.0449927356729638
2016-06-02,0.006944471119363138
2016-06-03,-0.0013793419147359876
2016-06-06,0.027624349782459534
2016-06-07,0.006720391601231279
2016-06-08,-0.0066755294293208145
2016-06-09,0.05645162272362336
2016-06-10,-0.012722633961057772
2016-06-13,0.009020578963862436
2016-06-14,0.003831444457300881
2016-06-15,-0.005089053584423131
2016-06-16,-0.005115084523652946
2016-06-17,0.021850847669961038
2016-06-20,0.028930880682864313
2016-06-21,0.0097799414084907
2016-06-22,-0.03147702441614009
2016-06-23,0.011250019073486328
2016-06-24,-0.01606923510370173
2016-06-27,0.026381914213641
2016-06-28,0.04528762326853242
2016-06-29,-0.011709646594427858
2016-06-30,0.02369677403827186
2016-07-01,0.02430555900489839
2016-07-05,-0.07909612799623444
2016-07-06,0.01472403004296563
2016-07-07,-0.010882726433636525
2016-07-08,0.01711483917180967
2016-07-11,-0.03725955256167013
2016-07-12,0.01248432271385469
2016-07-13,0.0012330738970627309
2016-07-14,-0.0024629931491653156
2016-07-15,0.004938266662867674
2016-07-18,-0.011056529335618293
2016-07-19,0.0
2016-07-20,-0.027329225070331975
2016-07-21,0.012771380026429968
2016-07-22,0.031525912011215684
2016-07-25,-0.012224985053662207
2016-07-26,-0.014851471125267302
2016-07-27,-0.0012563101550139288
2016-07-28,0.07295596699638995
2016-07-29,0.0023447196236552337
2016-08-01,-0.03157900020356208
2016-08-02,-0.014492740269210325
2016-08-03,0.04044116787706953
2016-08-04,-0.00588930413225186
2016-08-05,-0.023696661043679068
2016-08-08,-0.004854364437391179
2016-08-09,-0.045121938312854715
2016-08-10,-0.019157100489016976
2016-08-11,-0.010416656965389515
2016-08-12,0.017105278430553206
2016-08-15,0.0
2016-08-16,0.01293659823878679
2016-08-17,-0.0012771075532710396
2016-08-18,0.02046033809461112
2016-08-19,-0.0375940087741623
2016-08-22,0.03255208406092902
2016-08-23,0.032786854687631095
2016-08-24,0.013431088643159006
2016-08-25,0.0192770896066623
2016-08-26,0.004728127857288822
2016-08-29,0.0011764975155101887
2016-08-30,-0.021151621660935316
2016-08-31,0.014405748698457899
2016-09-01,-0.02485207608131712
2016-09-02,-0.004854364437391179
2016-09-06,-0.02439022120941492
2016-09-07,-0.013750016689300648
2016-09-08,0.044359937966446106
2016-09-09,-0.0036407443937489514
2016-09-12,0.03775888162927066
2016-09-13,0.001173623787591227
2016-09-14,-0.002344607821269995
2016-09-15,0.007050465843555731
2016-09-16,0.011668656362977536
2016-09-19,-0.005767034636086854
2016-09-20,0.03828305430245971
2016-09-21,0.0044692695760304435
2016-09-22,-0.026696304474801202
2016-09-23,-0.006857190813337022
2016-09-26,0.010356749934839593
2016-09-27,-0.005694782717031277
2016-09-28,-0.013745692079193628
2016-09-29,-0.011614335863284087
2016-09-30,-0.01762638873915745
2016-10-03,-0.0023922852763973435
2016-10-04,0.01918463363126688
2016-10-05,0.021176506491268343
2016-10-06,0.0034561903129546323
2016-10-07,0.04822044482829857
2016-10-10,0.025191625339909596
2016-10-11,-0.012820501064172207
2016-10-12,-0.003246724427955372
2016-10-13,0.038002212814338465
2016-10-14,-0.013598337733768617
2016-10-17,-0.008483554731397613
2016-10-18,0.004278070611879459
2016-10-19,-0.01597450124815547
2016-10-20,-0.0021644485481340237
2016-10-21,-0.024945823129001177
2016-10-24,-0.008898768158267067
2016-10-25,-0.05274975028931328
2016-10-26,-0.029620854553247034
2016-10-27,0.002442058460122132
2016-10-28,0.01705241689065229
2016-10-31,-0.03233538268607217
2016-11-01,-0.043316820289279634
2016-11-02,-0.03104789745965464
2016-11-03,-0.0106808980174522
2016-11-04,0.00809715843658143
2016-11-07,0.016064305992860017
2016-11-08,-0.07641632569774015
2016-11-09,0.028530642330241163
2016-11-10,-0.009708761621500361
2016-11-11,-0.011204471316808462
2016-11-14,0.043909340692925625
2016-11-15,-0.01492532678226799
2016-11-16,0.017906285606795525
2016-11-17,-0.020297712865692485
2016-11-18,0.038674063350848
2016-11-21,0.035904252873847575
2016-11-22,-0.010269566636432303
2016-11-23,0.028534343593145328
2016-11-25,0.01891552315441336
2016-11-28,0.04331687930377992
2016-11-29,-0.005931220513024749
2016-11-30,0.005966609791412836
2016-12-01,0.051008224903320354
2016-12-02,-0.01805867422258045
2016-12-05,0.03908047816573568
2016-12-06,0.01216810366608656
2016-12-07,-0.01530048038088605
2016-12-08,0.039955565763833745
2016-12-09,0.005336199716706735
2016-12-12,-0.06157111666757442
2016-12-13,-0.013574647453366007
2016-12-14,0.028669723892701615
2016-12-15,-0.03678928805822235
2016-12-16,-0.010416683913380353
2016-12-19,0.0023391232331231304
2016-12-20,-0.029171529626889625
2016-12-21,0.08173080890841877
2016-12-22,-0.013333320617675781
2016-12-23,0.033783804827546504
2016-12-27,0.016339827183415423
2016-12-28,0.03215436154212714
2016-12-29,-0.013499492512567324
2016-12-30,-0.016842089201274724
2017-01-03,-0.1070663794071699
2017-01-04,-0.023980792039083765
2017-01-05,0.01474200006115689
2017-01-06,-0.010895901948428155
2017-01-09,-0.046511641480093235
2017-01-10,0.044929445851559446
2017-01-11,0.00614241215623057
2017-01-12,0.02564103161250042
2017-01-13,0.013095311350836525
2017-01-17,-0.007050577908689792
2017-01-18,-0.018934893612266745
2017-01-19,-0.001206300232551638
2017-01-20,-0.027777723388137776
2017-01-23,0.017391228115692492
2017-01-24,0.010989030183036874
2017-01-25,0.013285098296988762
2017-01-26,0.009535151422219279
2017-01-27,-0.0035419935891018994
2017-01-30,-0.040284267276958
2017-01-31,-0.029629658845988116
2017-02-01,0.00508905358442302
2017-02-02,0.006329077632166946
2017-02-03,-0.035220093042627965
2017-02-06,-0.0052151188337870025
2017-02-07,0.02883352383904536
2017-02-08,0.0
2017-02-09,-0.006369390382820139
2017-02-10,-0.025641061693801204
2017-02-13,-0.030263160784158583
2017-02-14,-0.0040705201407092995
2017-02-15,0.004087156995578045
2017-02-16,-0.027137016603897224
2017-02-17,-0.0013947320467817548
2017-02-21,-0.0851954845917664
2017-02-22,0.0030534321136059805
2017-02-23,0.01217654819114311
2017-02-24,0.01654137322359328
2017-02-27,-0.03402367030859266
2017-02-28,0.024502272935884806
2017-03-01,0.011958134980837754
2017-03-02,0.004431345626716432
2017-03-03,0.005882347166332069
2017-03-06,0.011695895017749036
2017-03-07,-0.010115631631447353
2017-03-08,0.02773723501688874
2017-03-09,0.02130683184378168
2017-03-10,0.022253107946978545
2017-03-13,-0.009523768126867505
2017-03-14,-0.02197806588435236
2017-03-15,0.009831484941924096
2017-03-16,-0.022253107946978656
2017-03-17,0.012802229454440761
2017-03-20,0.043539318505929625
2017-03-21,0.004037713391853215
2017-03-22,-0.022788213863893292
2017-03-23,0.019204371360519
2017-03-24,0.006729500927329601
2017-03-27,-0.006684517460877948
2017-03-28,0.008075362606429382
2017-03-29,0.02002671561431013
2017-03-30,-0.009162263880564292
2017-03-31,0.0
2017-04-03,-0.017173066247419655
2017-04-04,0.047042997572680934
2017-04-05,-0.0025673916591080204
2017-04-06,0.0064350309984044785
2017-04-07,-0.011508970666527563
2017-04-10,-0.0064683299626766555
2017-04-11,-0.02083331393077914
2017-04-12,0.0026595719384630012
2017-04-13,0.015915104266073676
2017-04-17,-0.016971232401222558
2017-04-18,-0.005312143104336475
2017-04-19,0.009345817596857708
2017-04-20,-0.005291000285156167
2017-04-21,-0.01595743163077734
2017-04-24,-0.010810800361493955
2017-04-25,0.0013660863128650558
2017-04-26,0.027285168920052838
2017-04-27,-0.00664013138668107
2017-04-28,0.012032105930267045
2017-05-01,-0.013210089722861973
2017-05-02,-0.014725523395821005
2017-05-03,0.00951082792858493
2017-05-04,-0.005383575070952773
2017-05-05,0.020297712865692707
2017-05-08,-0.025198946708451242
2017-05-09,0.012244918878320687
2017-05-10,0.017473133527029283
2017-05-11,0.02642005346497145
2017-05-12,0.01415703137508717
2017-05-15,-0.015228411651818208
2017-05-16,-0.0373711894505927
2017-05-17,-0.005354747386412173
2017-05-18,-0.0026917875354761645
2017-05-19,0.018893434035851753
2017-05-22,0.01986749864117221
2017-05-23,-0.02727273290244603
2017-05-24,-0.008010673513089372
2017-05-25,-0.004037649214575945
2017-05-26,0.005405400180747089
2017-05-30,-0.04435482811398528
2017-05-31,-0.02672293300317352
2017-06-01,-0.007225461009191303
2017-06-02,-0.014556027117667347
2017-06-05,-0.005908413879722518
2017-06-06,0.01931651026337078
2017-06-07,-0.010204106457577633
2017-06-08,0.004418293074653246
2017-06-09,0.005865096898272304
2017-06-12,-0.013119555515487158
2017-06-13,-0.013293966446300431
2017-06-14,-0.00898202759302491
2017-06-15,0.036253814517257066
2017-06-16,-0.004373208341758583
2017-06-19,-0.04392382390173166
2017-06-20,0.0
2017-06-21,-0.0015314285697595187
2017-06-22,0.0
2017-06-23,0.01226992698467555
2017-06-26,0.03636367445806532
2017-06-27,0.0
2017-06-28,0.007309899529576391
2017-06-29,-0.01015960757339196
2017-06-30,-0.005865096898272415
2017-07-03,-0.01769916794731652
2017-07-05,-0.042042002910854914
2017-07-06,0.010971738803856601
2017-07-07,-0.00930231698508821
2017-07-10,0.020344306284378222
2017-07-11,0.03987733583472952
2017-07-12,-0.011799468741531705
2017-07-13,-0.010447715942830449
2017-07-14,0.0045248465238862945
2017-07-17,0.015015072636763271
2017-07-18,0.01627213801077665
2017-07-19,0.0
2017-07-20,-0.011644821694133833
2017-07-21,-0.025036830228133078
2017-07-24,-0.022658625069562843
2017-07-25,0.017001566782299138
2017-07-26,-0.00455922998769509
2017-07-27,0.013740408111443836
2017-07-28,-0.004518032164821051
2017-07-31,-0.04387291316117414
2017-08-01,0.0015822392045992117
2017-08-02,-0.004739294365366797
2017-08-03,-0.003174600050953269
2017-08-04,-0.00477710331306902
2017-08-07,0.008000030517578027
2017-08-08,0.0015872621812591525
2017-08-09,0.02377180613750629
2017-08-10,0.035603717912586985
2017-08-11,0.0
2017-08-14,-0.005979067490418877
2017-08-15,-0.010526341452256616
2017-08-16,-0.013677834898393137
2017-08-17,0.009245057277769586
2017-08-18,-0.006106864227211406
2017-08-21,0.019969221664080994
2017-08-22,-0.007530077545644387
2017-08-23,-0.0030348984011264735
2017-08-24,0.0076103063304884255
2017-08-25,-0.019637479862273377
2017-08-28,0.01232671854615952
2017-08-29,0.004566169282702592
2017-08-30,-0.012121200736670112
2017-08-31,0.029141113155871423
2017-09-01,0.011922492287816278
2017-09-05,-0.029455053076400395
2017-09-06,0.012139593604507004
2017-09-07,-0.007496280384249099
2017-09-08,-0.027190306865605418
2017-09-11,0.015527935363983447
2017-09-12,0.01834860646162495
2017-09-13,0.016516536942136284
2017-09-14,0.007385552566577802
2017-09-15,-0.013196502979847757
2017-09-18,0.03417533706116549
2017-09-19,-0.007183935411036901
2017-09-20,-0.008683059928288217
2017-09-21,-0.039416056158470325
2017-09-22,-0.0030395108143480565
2017-09-25,-0.007621907672840544
2017-09-26,0.0030721935826949487
2017-09-27,0.019908060249139936
2017-09-28,-0.012012000831672864
2017-09-29,-0.0015197191733468118
2017-10-02,-0.028919338242941794
2017-10-03,-0.010971813543221298
2017-10-04,0.012678276455073023
2017-10-05,-0.010954569058968633
2017-10-06,-0.01107597622785772
2017-10-09,-0.012799987792968759
2017-10-10,0.016207439772453647
2017-10-11,0.006379579262313806
2017-10-12,0.030110944365042913
2017-10-13,0.0015384967510516656
2017-10-16,-0.010752714162868826
2017-10-17,-0.007764004703510019
2017-10-18,-0.007824681524634225
2017-10-19,0.0031545710481335476
2017-10-20,0.0015722880243325132
2017-10-23,0.010989038134846307
2017-10-24,0.004658343587676805
2017-10-25,-0.018547123562662082
2017-10-26,-0.014173177496439648
2017-10-27,-0.02396167570016583
2017-10-30,0.003273319229046834
2017-10-31,-0.02446983565531491
2017-11-01,-0.0016722790718962655
2017-11-02,0.010050321897042025
2017-11-03,0.01492531884233439
2017-11-06,0.04248369832413523
2017-11-07,0.014106531996296079
2017-11-08,0.0
2017-11-09,0.018547197262379633
2017-11-10,0.0030348984011270286
2017-11-13,-0.02269290353065101
2017-11-14,-0.020123856605766877
2017-11-15,0.0
2017-11-16,-0.003159554686819721
2017-11-17,0.014263098796201579
2017-11-20,-0.025000050291418274
2017-11-21,-0.006410250532085993
2017-11-22,-0.016129017372408905
2017-11-24,-0.042622910837625594
2017-11-27,0.03253425552330924
2017-11-28,0.03316746306904239
2017-11-29,0.012841079207243977
2017-11-30,-0.041204398478987825
2017-12-01,0.008264415259734426
2017-12-04,-0.029508169041433052
2017-12-05,-0.020270250677801638
2017-12-06,-0.0034482724601391235
2017-12-07,-0.04844294111498548
2017-12-08,0.00545458360151807
2017-12-11,0.005424906298915122
2017-12-12,-0.03597118908694685
2017-12-13,0.0
2017-12-14,-0.0037313396321504433
2017-12-15,-0.02247197733469819
2017-12-18,0.03831423259404998
2017-12-19,-0.011070099987999904
2017-12-20,-0.024253752090054648
2017-12-21,-0.017208442114658773
2017-12-22,0.021400804741579682
2017-12-26,-0.0057143256777808515
2017-12-27,0.032567065733100975
2017-12-28,0.06864570900954203
2017-12-29,0.012152724312965324
2018-01-02,0.030874838341568456
2018-01-03,-0.01663899794698187
2018-01-04,-0.040609099376416546
2018-01-05,-0.026455042918707594
2018-01-08,0.009963737052294697
2018-01-09,0.04484305086154872
2018-01-10,-0.013304698544766791
2018-01-11,0.06133100745757569
2018-01-12,0.03606561810955644
2018-01-16,-0.026898745518428857
2018-01-17,0.04065040587370339
2018-01-18,-0.01601561880088409
2018-01-19,-0.013100433374738985
2018-01-22,-0.00040226181159741525
2018-01-23,0.04386318454146543
2018-01-24,-0.008481157138539142
2018-01-25,0.017496142105486223
2018-01-26,0.022927030176558283
2018-01-29,0.002614855944237382
2018-01-30,-0.0026080363050025035
2018-01-31,-0.06313038868729237
2018-02-01,-0.02910683989063012
2018-02-02,-0.006160148508433938
2018-02-05,-0.03966946122131776
2018-02-06,0.0025817326391264217
2018-02-07,-0.021459228170476075
2018-02-08,-0.002631555611846692
2018-02-09,-0.031222475444983022
2018-02-12,-0.016341379896996244
2018-02-13,0.015228422821606857
2018-02-14,-0.0004545558582652598
2018-02-15,-0.005456977404900809
2018-02-16,-0.008230466313145834
2018-02-20,0.022591044677420236
2018-02-21,0.00541023129998619
2018-02-22,-0.007174881295341273
2018-02-23,0.0036133661206629863
2018-02-26,0.007650768746503722
2018-02-27,0.0
2018-02-28,-0.005806126141598034
2018-03-01,0.008535513571607867
2018-03-02,0.0057906083006109554
2018-03-05,-0.0022143152005971167
2018-03-06,0.01864181373695617
2018-03-07,0.011764642328511155
2018-03-08,-0.01291986416588764
2018-03-09,-0.007853416430044224
2018-03-12,0.02066839569415624
2018-03-13,0.001292575951266528
2018-03-14,-0.018072292617485552
2018-03-15,-0.018404911564885107
2018-03-16,0.003571425226269964
2018-03-19,-0.015569412304129782
2018-03-20,0.0072300840862391524
2018-03-21,-0.010318593097263684
2018-03-22,-0.008159578854644911
2018-03-23,-0.009140715871207239
2018-03-26,0.016143928807333507
2018-03-27,0.014979569379046875
2018-03-28,-0.0026834244925395545
2018-03-29,0.011210762715387235
2018-04-02,-0.02261633431432819
2018-04-03,0.00862062698804733
2018-04-04,0.004498442803821501
2018-04-05,-0.010747862603589842
2018-04-06,0.006790385581445957
2018-04-09,0.00044965058384671686
2018-04-10,-0.013932560267073346
2018-04-11,0.0036463045468877464
2018-04-12,0.007720257618523796
2018-04-13,0.017124792772464037
2018-04-16,0.005316829457508554
2018-04-17,-0.003966511699847852
2018-04-18,0.00044248799615198564
2018-04-19,-0.022998692778698815
2018-04-20,0.02127656451371407
2018-04-23,0.002659635403874816
2018-04-24,0.01282046849776064
2018-04-25,0.0008730012176727531
2018-04-26,0.005233272145124257
2018-04-27,-0.01952272756986906
2018-04-30,-0.0017699519846090528
2018-05-01,0.011968105680644214
2018-05-02,-0.015330721972815042
2018-05-03,-0.007562281127921788
2018-05-04,-0.007171665228247082
2018-05-07,0.006771991923863796
2018-05-08,0.0013453223171258077
2018-05-09,-0.0013435148566058874
2018-05-10,0.02600896607844483
2018-05-11,0.003059510696699741
2018-05-14,0.007843067182717434
2018-05-15,0.0
2018-05-16,-0.007782032181499976
2018-05-17,0.013507601552806392
2018-05-18,-0.003009445147695966
2018-05-21,-0.00258738128112157
2018-05-22,0.025508005793128286
2018-05-23,0.008431735612524083
2018-05-24,0.004180617941085485
2018-05-25,-0.002081646272118154
2018-05-29,-0.020859408190363693
2018-05-30,-0.004260693525635961
2018-05-31,0.02225068599664204
2018-06-01,0.0058602469892792275
2018-06-04,-0.014981298379722174
2018-06-05,-0.01267423895621378
2018-06-06,0.003423188739118288
2018-06-07,0.01108734810551093
2018-06-08,-0.00927875672076961
2018-06-11,0.01447425099620192
2018-06-12,-0.0016785148261339033
2018-06-13,0.0067255082494628304
2018-06-14,0.0029227429058180654
2018-06-15,0.020815986281065735
2018-06-18,-0.021207196087103752
2018-06-19,-0.014583349227905273
2018-06-20,0.016067698699559374
2018-06-21,0.0029130126019145663
2018-06-22,-0.009543549319325884
2018-06-25,-0.005446211292190695
2018-06-26,0.0037910763881887632
2018-06-27,0.015526682350733845
2018-06-28,-0.011157043357500784
2018-06-29,-0.009611347233730916
2018-07-02,-0.01983127449675348
2018-07-03,0.009040077312075345
2018-07-05,-0.020477877075452122
2018-07-06,0.008710834970141912
2018-07-09,-0.008635611582778147
2018-07-10,-0.016550486756055083
2018-07-11,0.014171820013527237
2018-07-12,-0.008296966690945817
2018-07-13,-0.013210006567796917
2018-07-16,0.0
2018-07-17,-0.009370775810018883
2018-07-18,-0.002252303724811222
2018-07-19,0.013092592348612708
2018-07-20,-0.002673857926159595
2018-07-23,-0.012957954381298431
2018-07-24,0.010411930314513151
2018-07-25,0.012544833802593525
2018-07-26,0.0008849759923044154
2018-07-27,0.008399585307682145
2018-07-30,0.006576046560379911
2018-07-31,-0.0065330846912672325
2018-08-01,-0.006576046560379578
2018-08-02,0.01853486668676707
2018-08-03,0.011265174598843242
2018-08-06,0.0038560476435092195
2018-08-07,0.013230877588759737
2018-08-08,0.01642794411998727
2018-08-09,0.0033153720053222813
2018-08-10,-0.0033044166349168735
2018-08-13,-0.0037297243418717985
2018-08-14,0.007487453867395022
2018-08-15,-0.0033030522697801157
2018-08-16,-0.011598955525116916
2018-08-17,0.013411554343606857
2018-08-20,-0.0012407231706728084
2018-08-21,0.009523790719228487
2018-08-22,-0.008203398788982241
2018-08-23,0.002067793069872259
2018-08-24,-0.014444919029388714
2018-08-27,-0.015075323101115923
2018-08-28,-0.007227894259578038
2018-08-29,0.008565261341474839
2018-08-30,0.004246300836916905
2018-08-31,0.012685038023176887
2018-09-04,-0.035073074147359495
2018-09-05,-0.007788849001377773
2018-09-06,-0.005233355326485278
2018-09-07,-0.0004384142532208868
2018-09-10,0.009649176669511261
2018-09-11,0.008253632620798257
2018-09-12,0.0
2018-09-13,-0.0064627154005630905
2018-09-14,-0.016045053792443253
2018-09-17,0.011899451038344777
2018-09-18,0.038327574181410196
2018-09-19,-0.0029362287909475704
2018-09-20,0.025241917118842938
2018-09-21,0.009027464332307833
2018-09-24,0.019926790080422085
2018-09-25,0.004784722472027214
2018-09-26,-0.02261911051253318
2018-09-27,0.024766570488692574
2018-09-28,-0.01624405115412353
2018-10-01,0.03544096510151151
2018-10-02,0.015558208483970049
2018-10-03,0.028341622130211297
2018-10-04,-0.019739317657935018
2018-10-05,-0.00987842826354468
2018-10-08,0.038756724849584145
2018-10-09,0.0014776843730437417
2018-10-10,-0.004795317786366549
2018-10-11,-0.012972586634844685
2018-10-12,-0.02140442030745504
2018-10-15,0.03146583697731353
2018-10-16,-0.002976187730794888
2018-10-17,0.025000003558486084
2018-10-18,-0.030942791968249672
2018-10-19,0.007137438794853734
2018-10-22,-0.028347640582659595
2018-10-23,0.02341653083366424
2018-10-24,-0.01050265147217122
2018-10-25,-0.0041697765922042995
2018-10-26,0.0034259669211880173
2018-10-29,-0.01669197738503947
2018-10-30,0.005401211004488982
2018-10-31,0.024558760940631696
2018-11-01,-0.01123599759688354
2018-11-02,0.013257590398753738
2018-11-05,0.08149533851124424
2018-11-06,-0.0058762555997461385
2018-11-07,-0.002781638493372318
2018-11-08,0.009065558790629424
2018-11-09,0.044920498032840595
2018-11-12,0.04365078388938781
2018-11-13,0.0478453819529161
2018-11-14,0.18899304680000295
2018-11-15,-0.191251284743869
2018-11-16,0.1141509797234439
2018-11-19,0.04995767548737784
2018-11-20,-0.013978506642444044
2018-11-21,-0.01035989817212768
2018-11-23,0.0022039072379100855
2018-11-26,-0.05002747777320249
2018-11-27,-0.012152834691932846
2018-11-28,0.1054482235846177
2018-11-29,-0.01722314512375278
2018-11-30,0.006201120013214156
2018-12-03,-0.05841372784036003
2018-12-04,0.03357997511870714
2018-12-06,-0.026707082292221407
2018-12-07,0.033097653016848305
2018-12-10,-0.0008214342530353802
2018-12-11,-0.03178952573456961
2018-12-12,-0.05915652545341232
2018-12-13,0.006016755058461554
2018-12-14,-0.08044254596830169
2018-12-17,-0.06634149318788107
2018-12-18,0.07070709687843224
2018-12-19,-0.01951855517036971
2018-12-20,-0.0013271071330032136
2018-12-21,0.004983375967749781
2018-12-24,-0.031074397820086586
2018-12-26,-0.036847490391836546
2018-12-27,0.022316722576373182
2018-12-28,-0.05058908388579897
2018-12-31,-0.09817520333972574
2019-01-02,-0.008903250566801302
2019-01-03,-0.011433266200995273
2019-01-04,0.036348661767592993
2019-01-07,-0.028298166102165512
2019-01-08,0.01476622734798494
2019-01-09,0.006063040417057186
2019-01-10,-0.005624724511108847
2019-01-11,0.054141420306581534
2019-01-14,0.14028362690711105
2019-01-15,-0.03462187182001719
2019-01-16,-0.01740947116831948
2019-01-17,0.001771833650807908
2019-01-18,0.0049522245271131915
2019-01-22,-0.061950025988548374
2019-01-23,-0.012757979641826567
2019-01-24,0.024705421198190525
2019-01-25,0.016320495140930147
2019-01-28,-0.0609489087424856
2019-01-29,0.004663849256445252
2019-01-30,-0.011218603916742342
2019-01-31,-0.010954569058968633
2019-02-01,-0.03362343189803607
2019-02-04,-0.02619727309265918
2019-02-05,0.007145782362469655
2019-02-06,-0.0037561873404904356
2019-02-07,-0.03854210489937693
2019-02-08,0.013943341358879868
2019-02-11,0.014611093506637918
2019-02-12,0.008470938179609089
2019-02-13,-0.02687943737940368
2019-02-14,-0.007768679524517874
2019-02-15,0.017398852653873753
2019-02-19,0.0136810475918967
2019-02-20,-0.005482883415703577
2019-02-21,0.018235806046100977
2019-02-22,0.00041650265666404174
2019-02-25,0.03122397942159849
2019-02-26,-0.012918840892629957
2019-02-27,0.011451892456432855
2019-02-28,0.0
2019-03-01,0.014152866475874992
2019-03-04,0.002392323210721914
2019-03-05,0.011535438447414892
2019-03-06,-0.01297679590034806
2019-03-07,0.006772911303198459
2019-03-08,-0.0015829408311327509
2019-03-11,-0.029726516591665475
2019-03-12,0.00653594160147164
2019-03-13,0.00974025069249751
2019-03-14,0.008038616144924848
2019-03-15,-0.017543880996654937
2019-03-18,0.017045458064028463
2019-03-19,0.0039904382921329695
2019-03-20,-0.007551690588629478
2019-03-21,-0.004405234522537604
2019-03-22,-0.018101397903911187
2019-03-25,-0.0008193550958087714
2019-03-26,-0.00861004877932825
2019-03-27,-0.008684904432211371
2019-03-28,-0.0025031067025917952
2019-03-29,-0.017984119946463317
2019-04-01,0.012776880334666618
2019-04-02,-0.004625761445555376
2019-04-03,-0.007182090230080096
2019-04-04,-0.010638297872340385
2019-04-05,0.010752688172043001
2019-04-08,0.014893633254030814
2019-04-09,-0.0008385936035125718
2019-04-10,-0.0037767584085620642
2019-04-11,-0.008845791343609632
2019-04-12,-0.007649821501192866
2019-04-15,-0.02355465248067623
2019-04-16,-0.006140324312856826
2019-04-17,-0.025154443895078704
2019-04-18,-0.006790385581446068
2019-04-22,0.009571516835046312
2019-04-23,-0.02257336381991215
2019-04-24,-0.0004619043444821225
2019-04-25,0.014787416998601755
2019-04-26,0.019125687331695618
2019-04-29,0.004021454690028126
2019-04-30,-0.006230502622455947
2019-05-01,0.012987054031266432
2019-05-02,-0.010168056633580336
2019-05-03,-0.008932508309191234
2019-05-06,-0.01261832717019351
2019-05-07,0.004107720365799983
2019-05-08,0.025454521179198997
2019-05-09,-0.006205646851179414
2019-05-10,0.012934835289556634
2019-05-13,0.0
2019-05-14,0.011008366802222058
2019-05-15,-0.0174215868676052
2019-05-16,0.0132979233825814
2019-05-17,-0.004811925083752944
2019-05-20,0.013186779651013225
2019-05-21,-0.01648586435333277
2019-05-22,-0.030436723940691635
2019-05-23,0.009099215973828123
2019-05-24,0.0063119651813425826
2019-05-28,-0.008960522326404763
2019-05-29,0.01446653176688173
2019-05-30,-0.02317292537379656
2019-05-31,-0.03968981916995007
2019-06-03,-0.02185268889049574
2019-06-04,0.007285071268511967
2019-06-05,-0.018322042669247085
2019-06-06,-0.017190587965492332
2019-06-07,0.0019989509106039804
2019-06-10,0.007481373146470904
2019-06-11,0.015841568452379162
2019-06-12,-0.008284603923077727
2019-06-13,-0.01916468253986847
2019-06-14,0.024048169919925755
2019-06-17,-0.006849378343400603
2019-06-18,-0.020689659708320374
2019-06-19,-0.01911464672073704
2019-06-20,-0.03589747502253604
2019-06-21,-0.005850995078025778
2019-06-24,0.0481540713115689
2019-06-25,-0.006125617064762778
2019-06-26,0.0030817347409899387
2019-06-27,0.019969246079705183
2019-06-28,-0.001506058560773349
2019-07-01,-0.022121600815029563
2019-07-02,-0.00976866460692638
2019-07-03,0.016614729544206064
2019-07-05,0.05617979498242609
2019-07-08,-0.002417850274241351
2019-07-09,0.007271038874503422
2019-07-10,0.012512041399927787
2019-07-11,-0.01758559045310404
2019-07-12,0.020319306954218908
2019-07-15,-0.019440485748967617
2019-07-16,-0.03433273604176834
2019-07-17,-0.005007435030517149
2019-07-18,-0.00956218047472146
2019-07-19,-0.013719535242723624
2019-07-22,0.02472949747603037
2019-07-23,-0.009049789376537665
2019-07-24,-0.025875106302514994
2019-07-25,0.003124972060323916
2019-07-26,-0.024922094316309096
2019-07-29,-0.020234347935112362
2019-07-30,0.0076087662988904015
2019-07-31,0.04854366634774654
2019-08-01,-0.03034980125408171
2019-08-02,-0.013262599201099179
2019-08-05,-0.026881719878786958
2019-08-06,0.010497266853769505
2019-08-07,-0.008748045202387478
2019-08-08,0.016547223292673108
2019-08-09,0.0005426060073925321
2019-08-12,-0.005423014022425399
2019-08-13,0.019083990106746995
2019-08-14,0.0016050710775641353
2019-08-15,0.029914604371353848
2019-08-16,-0.009336115081181484
2019-08-19,0.0
2019-08-20,0.007329810829965311
2019-08-21,-0.017671525812504307
2019-08-22,-0.009523825862901236
2019-08-23,-0.0010682986724669385
2019-08-26,0.03262025016661241
2019-08-27,-0.012946660119847908
2019-08-28,0.01521515863867351
2019-08-29,0.024806177404316454
2019-08-30,-0.0030256916880093687
2019-09-03,0.027314061490911756
2019-09-04,0.039389520701401004
2019-09-05,0.0014210695608489754
2019-09-06,0.02081364932645502
2019-09-09,0.04170526513957973
2019-09-10,-0.0035587155398179027
2019-09-11,-0.013392823311138558
2019-09-12,0.009049721816227319
2019-09-13,0.019282525555479157
2019-09-16,0.023757189898922837
2019-09-17,-0.010313698598922283
2019-09-18,-0.011723857998851117
2019-09-19,-0.030316367623846707
2019-09-20,-0.007249653358610275
2019-09-23,0.0
2019-09-24,-0.014605189276713504
2019-09-25,-0.0018527519798349212
2019-09-26,-0.027842157557446567
2019-09-27,-0.01957039773179381
2019-09-30,-0.029698178342846604
2019-10-01,-0.01404920634009188
2019-10-02,-0.014758219532240435
2019-10-03,0.03305781867105084
2019-10-04,0.005000019073486239
2019-10-07,-0.018408001602552404
2019-10-08,-0.00557520048429061
2019-10-09,-0.022935817721251195
2019-10-10,-0.015127851558329741
2019-10-11,0.0079449964272571
2019-10-14,0.028376194886722272
2019-10-15,0.023505416402379797
2019-10-16,-0.019470857894532845
2019-10-17,0.011201691829943794
2019-10-18,0.010573971702860785
2019-10-21,-0.03288489573730857
2019-10-22,-0.0020607423231919775
2019-10-23,-0.007227738303113629
2019-10-24,0.01404058576135947
2019-10-25,-0.0010256645007010734
2019-10-28,0.04004110395148208
2019-10-29,0.0236919810865579
2019-10-30,0.024590175241566037
2019-10-31,-0.02070590748506429
2019-11-01,0.025949107611036082
2019-11-04,0.04309133769816875
2019-11-05,0.018859455216020393
2019-11-06,-0.01498458107471412
2019-11-07,-0.013422869766834933
2019-11-08,0.0
2019-11-11,-0.05532876895995431
2019-11-12,-0.004800786453960537
2019-11-13,0.0159189547029992
2019-11-14,-0.010921156128625542
2019-11-15,0.009601572907921074
2019-11-18,-0.044222552297221274
2019-11-19,-0.01741295397150311
2019-11-20,0.01569617549075364
2019-11-21,0.005982095833907408
2019-11-22,0.027254669412442034
2019-11-25,-0.04341532264371595
2019-11-26,-0.019667140249567394
2019-11-27,-0.012345666899427288
2019-11-29,-0.071354207541378
2019-12-02,0.007291035407900326
2019-12-03,0.040089156871149445
2019-12-04,-0.009100646333867646
2019-12-05,0.0005402608729432323
2019-12-06,-0.02645787035673397
2019-12-09,-0.04048815428640884
2019-12-10,0.004046335564159564
2019-12-11,-0.008635666012180021
2019-12-12,0.04065045243042409
2019-12-13,-0.013392844313413588
2019-12-16,0.019796401325132607
2019-12-17,-0.013311134885087839
2019-12-18,-0.014614964333976244
2019-12-19,0.003993137026945259
2019-12-20,0.013636350336153846
2019-12-23,-0.03755605776700366
2019-12-24,-0.008736145478378421
2019-12-26,0.027614530006672355
2019-12-27,-0.008576307632546243
2019-12-30,-0.025374886400560404
2019-12-31,-0.002366805271099115
2020-01-02,-0.023131748687934217
2020-01-03,-0.004857311902932926
2020-01-06,0.012202609541631215
2020-01-07,0.001808359636502388
2020-01-08,0.0006015836960489018
2020-01-09,0.002405346815754106
2020-01-10,0.02219561113017443
2020-01-13,-0.005868566672352915
2020-01-14,-0.00531287778928613
2020-01-15,-0.02492581998727006
2020-01-16,-0.02130251825737761
2020-01-17,-0.03358208733924983
2020-01-21,-0.04311454812989923
2020-01-22,0.00268997728048892
2020-01-23,0.002012054545821984
2020-01-24,-0.022088348927355894
2020-01-27,0.0020534351369267956
2020-01-28,0.017759512917368436
2020-01-29,-0.016107367601519207
2020-01-30,-0.023874449620625016
2020-01-31,0.004192834673864443
2020-02-03,-0.01113429705541602
2020-02-04,0.03096408016904384
2020-02-05,-0.0013651538983016076
2020-02-06,-0.0047846680981993295
2020-02-07,-0.007554986756961757
2020-02-10,-0.04221450966982876
2020-02-11,0.01372829322893998
2020-02-12,0.027797601621205592
2020-02-13,-0.006934839177575536
2020-02-14,0.0013966800411944202
2020-02-18,0.05299862069699368
2020-02-19,0.011920486553255616
2020-02-20,-0.024214652619443222
2020-02-21,-0.007377575976054707
2020-02-24,-0.029729765431561916
2020-02-25,-0.005571025460913148
2020-02-26,-0.013305292992730866
2020-02-27,-0.04400283029416485
2020-02-28,-0.02746843936334209
2020-03-02,0.0366411853632691
2020-03-03,0.025773224111639736
2020-03-04,0.018664699893144565
2020-03-05,-0.038054966724561545
2020-03-06,-0.024175819262153397
2020-03-09,0.05855861145016328
2020-03-10,0.0617021178738717
2020-03-11,-0.028724134769913867
2020-03-12,-0.023383779469044796
2020-03-13,0.03873240831848479
2020-03-16,-0.05627118126820707
2020-03-17,-0.039511507738532625
2020-03-18,-0.04712042781102643
2020-03-19,0.02590266323663304
2020-03-20,-0.041315988864703
2020-03-23,0.009577006234350982
2020-03-24,0.04426880920979537
2020-03-25,-0.012869044345422465
2020-03-26,-0.018404890477013436
2020-03-27,-0.010156258789356665
2020-03-30,0.01183895956014469
2020-03-31,-0.02106080425246526
2020-04-01,-0.04302788475267805
2020-04-02,-0.021648644789912908
2020-04-03,0.06127661847053689
2020-04-06,0.06174815457905525
2020-04-07,0.08081576034711446
2020-04-08,-0.05310972792425628
2020-04-09,-0.030996315157333365
2020-04-13,-0.0015232640966755806
2020-04-14,-0.050343239107253024
2020-04-15,-0.03293171515609117
2020-04-16,0.060631270616573474
2020-04-17,0.03367261833103874
2020-04-20,0.08030306325252212
2020-04-21,-0.042075762401076355
2020-04-22,0.03660322149232864
2020-04-23,-0.048728784450474794
2020-04-24,-0.03637718745944496
2020-04-27,0.02157170235132888
2020-04-28,0.01508294161485102
2020-04-29,-0.03417533706116549
2020-04-30,0.031538449800931456
2020-05-01,-0.029828458097071908
2020-05-04,0.059185202962562355
2020-05-05,0.051523951517079336
2020-05-06,-0.06901311358149398
2020-05-07,-0.02446255962231947
2020-05-08,-0.03951364058652418
2020-05-11,0.011867058105699657
2020-05-12,-0.077404204383964
2020-05-13,-0.039830530460316815
2020-05-14,0.009708707627357649
2020-05-15,-0.013111855247572302
2020-05-18,0.07174494440686896
2020-05-19,0.012396662297629923
2020-05-20,-0.037551023522201854
2020-05-21,-0.021204410585995204
2020-05-22,0.008665544350111798
2020-05-26,0.02577312957148159
2020-05-27,-0.028475645800873584
2020-05-28,-0.028448268349474226
2020-05-29,0.004436489354896711
2020-06-01,-0.029151937509056647
2020-06-02,-0.0036396690342203053
2020-06-03,0.019178086009580042
2020-06-04,0.008960607781093755
2020-06-05,-0.012433422777705982
2020-06-08,0.002697817741000863
2020-06-09,-0.022421525430774247
2020-06-10,0.01376152086735738
2020-06-11,0.012669627803791661
2020-06-12,-0.039320786137887365
2020-06-15,-0.03534884785496917
2020-06-16,-0.03567983506676131
2020-06-17,0.011999988555908114
2020-06-18,0.0009881649204468435
2020-06-19,0.011845990543279061
2020-06-22,-0.010731673822170329
2020-06-23,-0.023668709730421678
2020-06-24,-0.018181753377500165
2020-06-25,-0.07510292961481468
2020-06-26,0.0066741291595424634
2020-06-29,0.09834247192166856
2020-06-30,0.032193225554059346
2020-07-01,-0.03606236620907033
2020-07-02,0.01921128147498785
2020-07-06,0.06250001182631859
2020-07-07,0.022408942134764853
2020-07-08,-0.020091348937071207
2020-07-09,-0.031686785966321906
2020-07-10,0.020211745063312803
2020-07-13,-0.04528306402231386
2020-07-14,0.011857696335581869
2020-07-15,0.01953123181010552
2020-07-16,-0.032566974384982794
2020-07-17,-0.00891090586026233
2020-07-20,-0.039960096209635476
2020-07-21,0.010405867330103957
2020-07-22,0.013388271259546336
2020-07-23,0.060975550659682964
2020-07-24,0.016283532866550265
2020-07-27,-0.04241280149165083
2020-07-28,0.04330713982930723
2020-07-29,0.024528232627428315
2020-07-30,-0.04051561641742474
2020-07-31,-0.015355071616181437
2020-08-03,0.16959061718342605
2020-08-04,0.0366666316986084
2020-08-05,0.01205792421738705
2020-08-06,-0.028594170451822
2020-08-07,0.04742443982743727
2020-08-10,-0.039032004966551015
2020-08-11,-0.007311141309505609
2020-08-12,0.0008182712756970023
2020-08-13,0.022076898435786863
2020-08-14,0.06559997558593755
2020-08-17,-0.0007506963541002998
2020-08-18,0.03005256242822818
2020-08-19,0.006564562533732499
2020-08-20,-0.02681158553950569
2020-08-21,0.024571847818862347
2020-08-24,0.019622056656847686
2020-08-25,-0.011404123339796124
2020-08-26,-0.02090843289443456
2020-08-27,0.06627390453509352
2020-08-28,-0.011049713568388464
2020-08-31,-0.01256978738390091
2020-09-01,-0.04526169220533138
2020-09-02,-0.0029629601372612724
2020-09-03,-0.008915296078676804
2020-09-04,0.040479756797324296
2020-09-08,-0.07925074729108061
2020-09-09,0.000782490539184888
2020-09-10,-0.030492599256134123
2020-09-11,-0.025806427795853848
2020-09-14,0.026490041129573427
2020-09-15,0.013709683993853083
2020-09-16,-0.0342083820159933
2020-09-17,-0.05354205550431501
2020-09-18,0.032201905389861674
2020-09-21,0.026981505713482345
2020-09-22,-0.04187193892475649
2020-09-23,0.07883462470259994
2020-09-24,0.023034150781437335
2020-09-25,-0.01863352243678007
2020-09-28,-0.01265829088137238
2020-09-29,-0.09535253397694121
2020-09-30,0.010628865010145372
2020-10-01,-0.015775662364851506
2020-10-02,-0.014247538195379605
2020-10-05,0.07226740856270308
2020-10-06,-0.04465035704136644
2020-10-07,0.031746001043491345
2020-10-08,0.013675200856448244
2020-10-09,0.04384489652753998
2020-10-12,0.030694677780952473
2020-10-13,-0.01097181354322141
2020-10-14,-0.06576861578705828
2020-10-15,0.05089061776175141
2020-10-16,-0.008878176537811311
2020-10-19,0.017100980676989286
2020-10-20,-0.00880701831008912
2020-10-21,0.021001633802777864
2020-10-22,-0.01977848047544284
2020-10-23,-0.023405968831091695
2020-10-26,0.01652890933552542
2020-10-27,0.018699149485345457
2020-10-28,-0.005586567942218124
2020-10-29,0.007223126188792062
2020-10-30,0.01513940856539353
2020-11-02,-0.038461521186915815
2020-11-03,-0.0522449259855311
2020-11-04,-0.002583956404678789
2020-11-05,-0.038860087411910715
2020-11-06,-0.013477140221226702
2020-11-09,-0.014571935708798778
2020-11-10,0.03604439503905987
2020-11-11,0.027653917802121786
2020-11-12,-0.026041682188708948
2020-11-13,0.008912604760738851
2020-11-16,-0.08922255321873529
2020-11-17,-0.0009699542652596982
2020-11-18,-0.0019417919799324945
2020-11-19,-0.036964992637318894
2020-11-20,0.015151573533783713
2020-11-23,0.015920382524929
2020-11-24,0.025465252488777068
2020-11-25,0.02101235030979831
2020-11-27,-0.03928897465911496
2020-11-30,0.03213241567643643
2020-12-01,-0.01603774246943701
2020-12-02,-0.04506234451360236
2020-12-03,-0.08734938576575979
2020-12-04,0.020902043695698813
2020-12-07,-0.053879311895186244
2020-12-08,0.006833760984226611
2020-12-09,-0.005656130075996191
2020-12-10,0.05915818657797245
2020-12-11,0.007518763874244883
2020-12-14,0.025586329231347626
2020-12-15,0.0020790496883160703
2020-12-16,0.0062240107682094425
2020-12-17,-0.00824741497722925
2020-12-18,0.01351352557041774
2020-12-21,-0.0010256645007010734
2020-12-22,0.016427089442707432
2020-12-23,-0.05252520445718478
2020-12-24,-0.01705755282089849
2020-12-28,-0.08026037997403979
2020-12-29,0.043632176793233945
2020-12-30,-0.006779708139033391
2020-12-31,0.04664389638127786
2021-01-04,0.027173913606849176
2021-01-05,0.03492062755202485
2021-01-06,0.005112494079759333
2021-01-07,-0.013224833718198603
2021-01-08,0.005154658940003776
2021-01-11,0.03589747502253604
2021-01-12,-0.01782181172052466
2021-01-13,0.0020160790257601757
2021-01-14,-0.026156869837362096
2021-01-15,0.028925591337169543
2021-01-19,-0.07028110507872742
2021-01-20,0.0021597736063738715
2021-01-21,-0.009698292583794621
2021-01-22,-0.01958643740155175
2021-01-25,0.05882349828052846
2021-01-26,0.013626846431943562
2021-01-27,0.015511852879712018
2021-01-28,0.0010183532782699345
2021-01-29,-0.04272635600749819
2021-02-01,0.09670561765868402
2021-02-02,0.006783008776021671
2021-02-03,-0.02406159689500542
2021-02-04,0.06903350942449338
2021-02-05,-0.02859782428533375
2021-02-08,0.0056980456921407185
2021-02-09,-0.026440012175331984
2021-02-10,0.05237632782493162
2021-02-11,-0.037788090937457386
2021-02-12,0.022030699727499492
2021-02-16,0.04029993459242176
2021-02-17,0.018018000215478835
2021-02-18,-0.027433664989747197
2021-02-19,0.015468615089575088
2021-02-22,-0.02060927825995107
2021-02-23,-0.021957979697295182
2021-02-24,-0.019644531935467335
2021-02-25,-0.016221291034842267
2021-02-26,0.0009698617653299824
2021-03-01,0.004844979865642696
2021-03-02,0.026036688596271507
2021-03-03,-0.013157926579449142
2021-03-04,-0.02285712105887272
2021-03-05,-0.017543889001978896
2021-03-08,-0.013888923053808955
2021-03-09,0.0030181778583486807
2021-03-10,0.006018000434844906
2021-03-11,-0.005982000751719729
2021-03-12,-0.028084320877250213
2021-03-15,-0.035087638146226285
2021-03-16,0.021390353059397293
2021-03-17,-0.012565432791876052
2021-03-18,-0.014846271345920647
2021-03-19,0.02152850485321678
2021-03-22,0.013698642526479343
2021-03-23,-0.02079000121043284
2021-03-24,0.003184685002995735
2021-03-25,0.020105877025662355
2021-03-26,0.0020746372797806334
2021-03-29,0.007246345334360527
2021-03-30,-0.007194213578362585
2021-03-31,-0.008281565731855234
2021-04-01,0.012526084187343134
2021-04-05,-0.04639173382615025
2021-04-06,-0.02054049517657308
2021-04-07,0.020971255141656986
2021-04-08,0.00324321437526387
2021-04-09,0.0
2021-04-12,0.01508624432663952
2021-04-13,0.02441608708848486
2021-04-14,-0.002072487552325919
2021-04-15,0.01765317489861884
2021-04-16,0.008163257362146625
2021-04-19,0.02125506434357516
2021-04-20,-0.004955420215929207
2021-04-21,-0.008964158658351207
2021-04-22,0.020100483728542562
2021-04-23,-0.008866916482367704
2021-04-26,0.024850893595641077
2021-04-27,0.020368577070802862
2021-04-28,0.0057033710391241055
2021-04-29,-0.015122859032692948
2021-04-30,0.00863725066496368
2021-05-03,0.011417686293604179
2021-05-04,0.002822176166342283
2021-05-05,-0.009380809495948217
2021-05-06,-0.0028409740012678153
2021-05-07,0.0056980456921407185
2021-05-10,-0.008498597855628676
2021-05-11,0.008571443103608578
2021-05-12,0.008498597855628676
2021-05-13,-0.0028090529764283056
2021-05-14,-0.0009388991141483505
2021-05-17,0.04887213226601883
2021-05-18,-0.03136195632445027
2021-05-19,-0.012951002579860926
2021-05-20,-0.0074976497782595075
2021-05-21,-0.01227574245210461
2021-05-24,-0.0038240881173183805
2021-05-25,0.011516303712135967
2021-05-26,0.007590125616280252
2021-05-27,-0.019774015104513043
2021-05-28,0.010566821514306657
2021-06-01,0.03802277577232216
2021-06-02,-0.011904772301525313
2021-06-03,-0.0027803274399678113
2021-06-04,0.012081794765391729
2021-06-07,-0.006427974866084818
2021-06-08,0.016635888193405668
2021-06-09,0.008181832053444582
2021-06-10,0.0
2021-06-11,0.040577078726200755
2021-06-14,0.0233969201608486
2021-06-15,-0.04318376043702021
2021-06-16,0.011504434712090283
2021-06-17,-0.0008749106399680295
2021-06-18,-0.00963219404048754
2021-06-21,-0.004420883190078384
2021-06-22,0.01865009181867716
2021-06-23,0.014821279192348547
2021-06-24,0.031786930811503966
2021-06-25,0.02581177852077743
2021-06-28,0.020292208294861336
2021-06-29,0.0182975737068114
2021-06-30,0.02187497881241174
2021-07-01,-0.02217125103551676
2021-07-02,0.00938232102556591
2021-07-06,-0.0038729815124581846
2021-07-07,-0.024883336187187632
2021-07-08,0.025518317049255446
2021-07-09,0.0023328683861925104
2021-07-12,0.016291701516963686
2021-07-13,-0.014503857139300358
2021-07-14,-0.008520500230625228
2021-07-15,-0.011718794528860044
2021-07-16,0.014229273565519396
2021-07-19,0.024941519620195196
2021-07-20,0.033460117629022124
2021-07-21,0.005886675703298039
2021-07-22,0.020482789422712422
2021-07-23,0.008602142451599404
2021-07-26,0.012082450602787231
2021-07-27,-0.035112360114928465
2021-07-28,0.008005866971176223
2021-07-29,0.024548677945775976
2021-07-30,-0.03030298549803412
2021-08-02,0.0072674001549442035
2021-08-03,0.02813855360630324
2021-08-04,0.022456118935032965
2021-08-05,0.0013727150434172941
2021-08-06,-0.007539452309878958
2021-08-09,-0.022790050700173592
2021-08-10,0.01696118242138933
2021-08-11,-0.011813764575261398
2021-08-12,-0.03586499432523549
2021-08-13,-0.015317289391879263
2021-08-16,0.025925954182942634
2021-08-17,-0.030324914420643223
2021-08-18,-0.0029784036443850637
2021-08-19,0.009708746161888326
2021-08-20,-0.0029586474980016764
2021-08-23,0.025222564104886214
2021-08-24,-0.010853807658653736
2021-08-25,0.005852225549346501
2021-08-26,0.06909089521928258
2021-08-27,0.04353743888618111
2021-08-30,-0.016297261897864068
2021-08-31,0.015241851551398788
2021-09-01,0.05091388395451624
2021-09-02,0.005590071456860191
2021-09-03,0.014206271442208873
2021-09-07,-0.027405591179918143
2021-09-08,0.07576706436537162
2021-09-09,0.018044206078913216
2021-09-10,-0.008004539249887421
2021-09-13,0.0432276647556169
2021-09-14,0.0204419295075573
2021-09-15,0.03248513285194887
2021-09-16,-0.0314630514458043
2021-09-17,-0.04439630348179435
2021-09-20,-0.02266286839521081
2021-09-21,-0.02202893685603491
2021-09-22,-0.013040972718358357
2021-09-23,0.058858832714065557
2021-09-24,0.025524718341500163
2021-09-27,0.12334068316628732
2021-09-28,-0.00837026493176507
2021-09-29,-0.06454812693433942
2021-09-30,0.07006367750177023
2021-10-01,-0.04365075235253857
2021-10-04,0.057572544785840174
2021-10-05,0.06817073754807201
2021-10-06,-0.09320480361096639
2021-10-07,0.007594917393937806
2021-10-08,-0.0261306767704389
2021-10-11,-0.03715166896457245
2021-10-12,0.010718154586008222
2021-10-13,0.03711552666687701
2021-10-14,0.0025562957962366184
2021-10-15,-0.03926570289636866
2021-10-18,-0.07377916021181696
2021-10-19,0.018911169586130594
2021-10-20,0.021934722980149424
2021-10-21,-0.0005503703269039706
2021-10-22,0.012114499735849105
2021-10-25,0.10990209738831247
2021-10-26,-0.022548975150706307
2021-10-27,0.025576740984071256
2021-10-28,-0.05721271553271923
2021-10-29,-0.042531201917478834
2021-11-01,-0.057963149939927794
2021-11-02,0.059229483772071045
2021-11-03,0.05537461745596772
2021-11-04,-0.02109052655085153
2021-11-05,-0.01418814755761666
2021-11-08,-0.0367804118144589
2021-11-09,-0.08356393217396374
2021-11-10,-0.010869583996423016
2021-11-11,0.04517714996220823
2021-11-12,-0.06133183954073895
2021-11-15,0.044804059388689366
2021-11-16,0.02322807435273977
2021-11-17,-0.05122241283372497
2021-11-18,0.004294577021432655
2021-11-19,0.021991367412769636
2021-11-22,-0.047220560876801265
2021-11-23,0.049560852111015574
2021-11-24,-0.001793112977746425
2021-11-26,0.04431136151564541
2021-11-29,-0.08944956260581871
2021-11-30,-0.05037784540110679
2021-12-01,-0.07758621234836227
2021-12-02,-0.03235081338615953
2021-12-03,-0.00965825513168539
2021-12-06,-0.09602398651892274
2021-12-07,0.014107889925566663
2021-12-08,0.0229132346033305
2021-12-09,-0.009599990844726514
2021-12-10,0.026655890198346466
2021-12-13,-0.012588500938780167
2021-12-14,-0.00796815776493398
2021-12-15,0.0
2021-12-16,-0.00883531392469461
2021-12-17,-0.024311198300264847
2021-12-20,0.03903656715265247
2021-12-21,0.0
2021-12-22,0.01678657348559809
2021-12-23,-0.04874212834461711
2021-12-27,0.07768591328499808
2021-12-28,-0.0076687409326891
2021-12-29,-0.01545593630221842
2021-12-30,-0.06436418442354874
2021-12-31,0.04781876603824964
2022-01-03,0.0224179897339134
2022-01-04,-0.025841884538049698
2022-01-05,0.028938956792189163
2022-01-06,0.0
2022-01-07,0.017187520605511653
2022-01-10,0.05529948448850974
2022-01-11,0.024017462096304065
2022-01-12,0.1350391338603596
2022-01-13,-0.11083283833238011
2022-01-14,-0.0021126572798696452
2022-01-18,0.011291450003573678
2022-01-19,-0.061409638459602345
2022-01-20,-0.046096646420172416
2022-01-21,0.021044462928233587
2022-01-24,0.016793840225049816
2022-01-25,0.0187687691987819
2022-01-26,0.030213696140942936
2022-01-27,0.08726754699404293
2022-01-28,0.07039478038982061
2022-01-31,0.04548246775033449
2022-02-01,0.005291014190292431
2022-02-02,0.10994146893726664
2022-02-03,-0.09167543799177291
2022-02-04,-0.08120647547082138
2022-02-07,-0.053661639727374366
2022-02-08,-0.01801197519759634
2022-02-09,-0.04551630870514811
2022-02-10,-0.01138788934092827
2022-02-11,0.004319615871804183
2022-02-14,0.0430107806217479
2022-02-15,0.039175236244133105
2022-02-16,0.04629628403196606
2022-02-17,-0.009481644843479353
2022-02-18,-0.016592228948050347
2022-02-22,0.016872175954336432
2022-02-23,0.02871734274081006
2022-02-24,0.010545909891033878
2022-02-25,-0.028852129790559178
2022-02-28,-0.022755983794046974
2022-03-01,0.042044021384264996
2022-03-02,0.056486642640310336
2022-03-03,-0.022326736656572588
2022-03-04,0.04206735508505588
2022-03-07,-0.022491314083998626
2022-03-08,-0.0519174648085754
2022-03-09,-0.009956431266370358
2022-03-10,0.025769946658974918
2022-03-11,0.028799094944357284
2022-03-14,-0.01905905805382746
2022-03-15,-0.01578629263639486
2022-03-16,0.029611442115672126
2022-03-17,0.04074297683742856
2022-03-18,-0.008635666012180021
2022-03-21,0.012775913442256037
2022-03-22,0.0372706191872485
2022-03-23,-0.0033167200351736925
2022-03-24,0.05213525185305312
2022-03-25,0.027411727811587294
2022-03-28,-0.013853281730858757
2022-03-29,-0.03225801009545182
2022-03-30,0.041935417381708806
2022-03-31,0.017543868282316355
2022-04-01,0.01014202687137078
2022-04-04,0.006526062262484977
2022-04-05,0.05037407817028461
2022-04-06,0.00807217856623721
2022-04-07,0.05369765998953868
2022-04-08,-0.01251679374792114
2022-04-11,0.05477587488069369
2022-04-12,0.0042918620061869195
2022-04-13,0.05213680515349317
2022-04-14,0.03980501660563074
2022-04-18,0.05976557642570768
2022-04-19,-0.07887944916500944
2022-04-20,-0.03961583754243736
2022-04-21,0.008333365122477066
2022-04-22,-0.06198346912026309
2022-04-25,0.06696028631402617
2022-04-26,-0.01651526134890169
2022-04-27,0.05751472950400949
2022-04-28,-0.053195717514026075
2022-04-29,0.04821801258434211
2022-05-02,0.040000000000000036
2022-05-03,0.03038465059720563
2022-05-04,0.08286671285881853
2022-05-05,0.037573255566634156
2022-05-06,-0.08039867261210254
2022-05-09,-0.12174858389012577
2022-05-10,0.019745020984366146
2022-05-11,0.06413869247755266
2022-05-12,0.003790765149775055
2022-05-13,-0.007930479157966297
2022-05-16,0.043014813135743735
2022-05-17,0.037956238321405156
2022-05-18,0.0017580603418296814
2022-05-19,-0.017901026078590787
2022-05-20,-0.008934953684420877
2022-05-23,0.08438514934065422
2022-05-24,0.0016628249057744071
2022-05-25,0.01361221235020893
2022-05-26,-0.026203770927496817
2022-05-27,-0.0050453959246510305
2022-05-31,-0.056457068309711866
2022-06-01,0.06735940803989471
2022-06-02,-0.03356831048228581
2022-06-03,0.005904764277156582
2022-06-06,0.09564919010128192
2022-06-07,-0.00031516637334116915
2022-06-08,-0.07282470100716054
2022-06-09,0.03264199241081478
2022-06-10,-0.021402749684458544
2022-06-13,-0.010430668677811283
2022-06-14,-0.15946958716051507
2022-06-15,0.029530803797012783
2022-06-16,-0.007072703331227337
2022-06-17,-0.06292046394084627
2022-06-21,-0.020270250677801638
2022-06-22,0.00043096212087978536
2022-06-23,-0.08056867753759556
2022-06-24,-0.0023429820385677536
2022-06-27,0.038515719096384515
2022-06-28,0.024423292323469736
2022-06-29,-0.03443703277852361
2022-06-30,-0.13077277094662487
2022-07-01,0.015781127482826562
2022-07-05,-0.03366129655656891
2022-07-06,0.01018223663511808
2022-07-07,0.12148535606555577
2022-07-08,-0.02696308946457815
2022-07-11,0.07097720046095346
2022-07-12,-0.03722204160755804
2022-07-13,0.05752009775409461
2022-07-14,0.012037470088726021
2022-07-15,0.06784136371893656
2022-07-18,0.04537955411948369
2022-07-19,-0.016179946524989997
2022-07-20,0.07420779618224249
2022-07-21,0.008961903098002377
2022-07-22,0.047372270822042095
2022-07-25,0.049823317506158205
2022-07-26,0.01380012680562559
2022-07-27,-0.012616236969696826
2022-07-28,-0.04707463447561544
2022-07-29,0.009880052404302342
2022-08-01,-0.004192901317769948
2022-08-02,-0.07333333868729441
2022-08-03,0.08027265624695334
2022-08-04,-0.012618317619602304
2022-08-05,-0.021299268010107286
2022-08-08,-0.046789953661874106
2022-08-09,0.025875128617203424
2022-08-10,0.05304155614750661
2022-08-11,0.060584757227232
2022-08-12,0.004981720873121098
2022-08-15,0.009914052702954201
2022-08-16,0.05595553081494664
2022-08-17,-0.012085568375107991
2022-08-18,-0.0037640820277198284
2022-08-19,0.009130951073325067
2022-08-22,0.05429022526948368
2022-08-23,-0.05267838253227708
2022-08-24,-0.0046859643563536
2022-08-25,0.013810377221588288
2022-08-26,-0.009597506912219833
2022-08-29,-0.0015629645957573324
2022-08-30,-0.0169067284439004
2022-08-31,0.007961783536215794
2022-09-01,0.0028436067511103946
2022-09-02,-0.03245118758894128
2022-09-06,-0.09475740586665915
2022-09-07,-0.028417231289904366
2022-09-08,0.019252145625961115
2022-09-09,0.013076596223172698
2022-09-12,0.04015779360859684
2022-09-13,0.004136467802068333
2022-09-14,0.0796430370412613
2022-09-15,-0.08871226861193171
2022-09-16,-0.05966500675425046
2022-09-19,0.014842285981688796
2022-09-20,-0.024862899294015972
2022-09-21,0.011248565286927192
2022-09-22,-0.06748237824103398
2022-09-23,-0.042942343542236916
2022-09-26,0.005816343640359101
2022-09-27,-0.03304416634916918
2022-09-28,0.02904742885980638
2022-09-29,-0.01618926472304505
2022-09-30,-0.013502176872215332
2022-10-03,-0.03934987636089293
2022-10-04,0.04585933787315155
2022-10-05,0.019157120788598325
2022-10-06,-0.0041771252814913895
2022-10-07,-0.03775166160947241
2022-10-10,-0.02136005927247886
2022-10-11,0.007572386214551141
2022-10-12,-0.022546428380199823
2022-10-13,0.04206242783821401
2022-10-14,-0.029513900961588457
2022-10-17,-0.06797855171166622
2022-10-18,-0.03838767904045359
2022-10-19,-0.04840325231480158
2022-10-20,-0.012585200574665056
2022-10-21,-0.05363782437461906
2022-10-24,0.042648722889853774
2022-10-25,0.0764262692209261
2022-10-26,-0.008500003814697288
2022-10-27,-0.046394356017829264
2022-10-28,-0.011634019837636345
2022-10-31,0.09042260986720718
2022-11-01,-0.07556423314988903
2022-11-02,0.05679403854342557
2022-11-03,-0.04068304732044814
2022-11-04,0.09005231827236959
2022-11-07,0.04226710283449231
2022-11-08,-0.06912442153282261
2022-11-09,-0.051485191893428706
2022-11-10,0.03757825256202918
2022-11-11,-0.03621727081233583
2022-11-14,0.018789176055248547
2022-11-15,0.012807376748834365
2022-11-16,0.016186124806009117
2022-11-17,0.02538577526173591
2022-11-18,-0.0019417919799324945
2022-11-21,0.05982497478282811
2022-11-22,0.04864614141374535
2022-11-23,0.028884019098193825
2022-11-25,-0.034453401023250896
2022-11-28,-0.01497797978681037
2022-11-29,-0.009839052535681736
2022-11-30,-0.04155375346234613
2022-12-01,-0.01649380233018327
2022-12-02,-0.08576908689731966
2022-12-05,-0.10377356132880622
2022-12-06,-0.04152052491125535
2022-12-07,0.08236732347423747
2022-12-08,0.02874860402829027
2022-12-09,0.055342478294895026
2022-12-12,0.033748681765618516
2022-12-13,0.06830741440353827
2022-12-14,-0.08462628611520173
2022-12-15,0.07447359086165428
2022-12-16,-0.03919692599587621
2022-12-19,-0.10447762893605339
2022-12-20,-0.07722218831380212
2022-12-21,0.014449112721199642
2022-12-22,-0.06172106458803028
2022-12-23,0.006325074328988212
2022-12-27,0.013199308223466044
2022-12-28,-0.06637720798961322
2022-12-29,-0.03388705796799951
2022-12-30,-0.030261319225424965
2023-01-03,-0.09361706473662834
2023-01-04,0.035211253416866706
2023-01-05,-0.0959939189744432
2023-01-06,-0.005852817274327071
2023-01-09,0.04541631171241156
2023-01-10,-0.08045052095321392
2023-01-11,0.025371824506575713
2023-01-12,0.003412965950654101
2023-01-13,-0.062074870893098155
2023-01-17,0.04714419495489852
2023-01-18,-0.08051950561193977
2023-01-19,-0.010357783226233597
2023-01-20,-0.023786869129935106
2023-01-23,0.07309941357396421
2023-01-24,-0.04722983169424355
2023-01-25,-0.0648235811571406
2023-01-26,-0.019368045456723992
2023-01-27,0.019750575500820267
2023-01-30,-0.070336442868835
2023-01-31,0.021929803922676072
2023-02-01,-0.08798280275476833
2023-02-02,-0.014117633595186141
2023-02-03,-0.022673094446645226
2023-02-06,0.03785109102559825
2023-02-07,0.0435293983010685
2023-02-08,-0.07215336545434625
2023-02-09,0.014580904727582888
2023-02-10,0.05269455811759549
2023-02-13,-0.05233220024383245
2023-02-14,0.06242502551336404
2023-02-15,-0.04858760301029175
2023-02-16,-0.019002357002653736
2023-02-17,-0.060532685973991196
2023-02-21,-0.07087631114852622
2023-02-22,0.05131759828037041
2023-02-23,0.06464376992745291
2023-02-24,0.052044621087571574
2023-02-27,0.055359279116553806
2023-02-28,0.017857125751218117
2023-03-01,0.019736875815185018
2023-03-02,-0.013978506642444044
2023-03-03,0.07742639391928119
2023-03-06,-0.12449397587686639
2023-03-07,0.013872930002948092
2023-03-08,-0.021664826013711114
2023-03-09,-0.039627057763542584
2023-03-10,-0.024271822186955783
2023-03-13,0.07587060442431337
2023-03-14,-0.009248546501051447
2023-03-15,-0.05484239557655346
2023-03-16,0.029629599977206045
2023-03-17,-0.06474819568024426
2023-03-20,-0.04358976208638499
2023-03-21,0.03619302674877467
2023-03-22,-0.045278124679037135
2023-03-23,-0.027100309349716967
2023-03-24,0.020891378684355866
2023-03-27,-0.03547063502740411
2023-03-28,-0.03394628601528371
2023-03-29,0.010248927151289555
2023-03-30,-0.0318840962301602
2023-03-31,0.03892219095258609
2023-04-03,-0.03314121284973082
2023-04-04,-0.014903115359770402
2023-04-05,0.027231440953529917
2023-04-06,-0.055964671071546346
2023-04-10,0.0686427562705949
2023-04-11,0.03065694030228383
2023-04-12,-0.058073633248599044
2023-04-13,-0.03609026233285495
2023-04-14,0.04368178104113274
2023-04-17,0.06576981367071433
2023-04-18,0.03085551005056364
2023-04-19,-0.048979610637478355
2023-04-20,0.004291875649596655
2023-04-21,-0.0028490001397226683
2023-04-24,0.027142865317208553
2023-04-25,-0.02642559884678375
2023-04-26,-0.034285681588309136
2023-04-27,0.017751461759777376
2023-04-28,0.018895365156760935
2023-05-01,-0.035663336924010025
2023-05-02,-0.039940894766557156
2023-05-03,-0.027734951415508413
2023-05-04,-0.03169569113768289
2023-05-05,0.009819957687141612
2023-05-08,0.05834686046400206
2023-05-09,0.015313920584927976
2023-05-10,-0.03469080167472682
2023-05-11,-0.001562535739503268
2023-05-12,0.039123631490386224
2023-05-15,0.045180752525172396
2023-05-16,-0.011527366433206732
2023-05-17,0.00583089811581905
2023-05-18,0.0840579587956034
2023-05-19,-0.002673794234694493
2023-05-22,-0.06166220318964433
2023-05-23,-0.017142840794154623
2023-05-24,0.02616276531170536
2023-05-25,-0.04249287766702081
2023-05-26,-0.01775153229781612
2023-05-30,-0.046686739309170666
2023-05-31,-0.02053714312919075
2023-06-01,-0.04193544516826264
2023-06-02,0.0067340002470881455
2023-06-05,0.03344478405137585
2023-06-06,0.00485440301645057
2023-06-07,0.028985479425590155
2023-06-08,0.004694868612704628
2023-06-09,-0.031152692169086116
2023-06-12,0.0032154311255849777
2023-06-13,0.028846203810601434
2023-06-14,0.004672855547457999
2023-06-15,0.08837212225070079
2023-06-16,0.024216535150404672
2023-06-20,-0.04728792070682242
2023-06-21,0.04233576144386553
2023-06-22,0.004201710135761649
2023-06-23,0.05299862069699368
2023-06-26,0.019867498641171988
2023-06-27,-0.02987013308711195
2023-06-28,-0.050870100170914645
2023-06-29,0.012693889113370771
2023-06-30,0.03342621917734179
2023-07-03,-0.02425880098719424
2023-07-05,-0.017955751617887428
2023-07-06,-0.009845312285075347
2023-07-07,-0.025568157573007233
2023-07-10,0.036443147978763024
2023-07-11,0.0267229330031733
2023-07-12,-0.030137022093236654
2023-07-13,-0.036723129215597505
2023-07-14,-0.00439885763243919
2023-07-17,-0.0029455053076401505
2023-07-18,0.033973415025329246
2023-07-19,0.0
2023-07-20,0.04000002997262131
2023-07-21,-0.0013736577738505673
2023-07-24,-0.004126576325592435
2023-07-25,0.013812207821973566
2023-07-26,-0.016348822874878377
2023-07-27,-0.030470885953559068
2023-07-28,0.012857164655412756
2023-07-31,0.002820871720180973
2023-08-01,-0.0267229330031733
2023-08-02,-0.0361271672317508
2023-08-03,0.03148426323012199
2023-08-04,0.010174374078467219
2023-08-07,0.06474824438158877
2023-08-08,0.016216200542241044
2023-08-09,0.0598404003200137
2023-08-10,-0.06148052497080192
2023-08-11,0.0013368652432057537
2023-08-14,0.004005368588131386
2023-08-15,-0.046542540627698914
2023-08-16,-0.023709912759417362
2023-08-17,0.010000024523053819
2023-08-18,-0.01838756878139769
2023-08-21,0.004322728058190561
2023-08-22,-0.027259624978851926
2023-08-23,-0.02507375678956658
2023-08-24,0.019667115730395812
2023-08-25,0.017804208675266997
2023-08-28,-0.0014577592838487252
2023-08-29,0.0014598874483298108
2023-08-30,0.0495626339844617
2023-08-31,-0.012499955296515264
2023-09-01,-0.008438810359049032
2023-09-05,-0.05673760064476496
2023-09-06,-0.025563920880598445
2023-09-07,0.026234579597771646
2023-09-08,0.009022547657005164
2023-09-11,0.0
2023-09-12,0.05067066328687897
2023-09-13,-0.01418445088854714
2023-09-14,-0.002877695176315309
2023-09-15,-0.01731600123110677
2023-09-18,0.02055798350395488
2023-09-19,0.01151084931492563
2023-09-20,-0.03413943681260079
2023-09-21,-0.02503683022813319
2023-09-22,0.012084580829157865
2023-09-25,0.005970143730110733
2023-09-26,-0.019287780714893565
2023-09-27,0.016641400068892587
2023-09-28,0.017857197342682873
2023-09-29,-0.0014620217337351082
2023-10-02,-0.029282549267821034
2023-10-03,0.034690801674726934
2023-10-04,0.01749269434745715
2023-10-05,0.06160455976556012
2023-10-06,0.04453440357644589
2023-10-09,0.018087900188985317
2023-10-10,0.002538068608636479
2023-10-11,0.0
2023-10-12,-0.012658215623466695
2023-10-13,-0.03846156197421824
2023-10-16,-0.029333305358886674
2023-10-17,-0.01373631574007328
2023-10-18,0.0
2023-10-19,-0.03760445506709531
2023-10-20,-0.018813262007877918
2023-10-23,0.004424739239357489
2023-10-24,0.022026445907165293
2023-10-25,0.015804616797630233
2023-10-26,0.03394621857014268
2023-10-27,-0.01504789799937778
2023-10-30,-0.03472222314204698
2023-10-31,0.07913672026316476
2023-11-01,-0.030666669209798325
2023-11-02,0.0027510290204932897
2023-11-03,-0.0041151897295163
2023-11-06,-0.06060606657697398
2023-11-07,-0.030791793674664336
2023-11-08,-0.010590040884637553
2023-11-09,-0.030581010769374695
2023-11-10,-0.0015773231295196366
2023-11-13,0.06161135405784668
2023-11-14,-0.03869044050033554
2023-11-15,0.015479861306820109
2023-11-16,-0.028963423609414507
2023-11-17,-0.032967039547841415
2023-11-20,-0.02759741566639251
2023-11-21,-0.016694475534829833
2023-11-22,0.015280162076063197
2023-11-24,-0.011705714287308933
2023-11-27,-0.01861246353930346
2023-11-28,-0.04827589665525067
2023-11-29,-0.0018115492897154972
2023-11-30,0.0018148369563146804
2023-12-01,-0.012681190562183087
2023-12-04,-0.020183423949895363
2023-12-05,0.0
2023-12-06,-0.05243449472050188
2023-12-07,0.001976329840893687
2023-12-08,-0.009861970225235606
2023-12-11,-0.04183267708065075
2023-12-12,-0.06029105307752802
2023-12-13,0.017699098239743583
2023-12-14,0.034782679905739355
2023-12-15,0.0147058175332615
2023-12-18,0.012422348597782795
2023-12-19,0.0020450366369892947
2023-12-20,-0.040816384124437
2023-12-21,0.06170212204718584
2023-12-22,0.010020078763181894
2023-12-26,-0.021825423481543482
2023-12-27,0.004056791404241089
2023-12-28,0.03838385142254497
2023-12-29,-0.013618618023832796
2024-01-02,0.023668615679703242
2024-01-03,0.048169556309001216
2024-01-04,0.06066175004319119
2024-01-05,0.01213174556200558
2024-01-08,0.029109601344550207
2024-01-09,0.07820295712020209
2024-01-10,-0.050925914002271644
2024-01-11,0.022764205579614893
2024-01-12,0.08426076518642978
2024-01-16,-0.15249265919001864
2024-01-17,0.006920408373887188
2024-01-18,-0.04467357752802548
2024-01-19,-0.0647482261185841
2024-01-22,-0.053846104469523204
2024-01-23,0.02235775036761045
2024-01-24,0.04671961170478767
2024-01-25,-0.045584003267670536
2024-01-26,0.001990000369133771
2024-01-29,-0.05014897018323439
2024-01-30,0.01411398168366973
2024-01-31,0.01185564674014894
2024-02-01,-0.0366785198235523
2024-02-02,0.023796973377608666
2024-02-05,-0.005681849529113325
2024-02-06,-0.03688306932325491
2024-02-07,-0.01618129070090424
2024-02-08,-0.04495612418387385
2024-02-09,-0.01549945215735693
2024-02-12,-0.057142831722133414
2024-02-13,-0.04019787355988991
2024-02-14,-0.04059278968163749
2024-02-15,-0.005372728130387805
2024-02-16,0.012153905901518103
2024-02-20,-0.014676405384499991
2024-02-21,0.12525391497176952
2024-02-22,-0.020457288533059614
2024-02-23,-0.06572485278678508
2024-02-26,0.02695593993319023
2024-02-27,0.03521128007455032
2024-02-28,0.034632001440950466
2024-02-29,-0.011356762218033278
2024-03-01,-0.007255189394865469
2024-03-04,0.0535931276904853
2024-03-05,0.01213878618973685
2024-03-06,-0.012564209621860223
2024-03-07,-0.07287450330614431
2024-03-08,0.006238207725368428
2024-03-11,-0.02727833870280183
2024-03-12,-0.02421919508791459
2024-03-13,-0.026126751224126
2024-03-14,0.044265583780449536
2024-03-15,-0.02825944694973681
2024-03-18,0.013879711603342004
2024-03-19,0.019556726711261074
2024-03-20,-0.017263455999791177
2024-03-21,-0.003253102869690938
2024-03-22,-0.013707574564634117
2024-03-25,-0.004632673488730754
2024-03-26,-0.00531914387692578
2024-03-27,-0.04077537801616227
2024-03-28,0.015330962195553521
2024-04-01,0.05628007314165062
2024-04-02,0.005847901033519065
2024-04-03,-0.0012919576667161925
2024-04-04,-0.03622253675516951
2024-04-05,-0.002013404948942421
2024-04-08,0.03631472535365954
2024-04-09,0.02855292267452625
2024-04-10,-0.011356485857642262
2024-04-11,-0.05232927191013459
2024-04-12,0.0026936000555890516
2024-04-15,-0.05036937425836452
2024-04-16,0.024045204431280665
2024-04-17,-0.006906038049498853
2024-04-18,0.002781638493372096
2024-04-19,0.006934839177575647
2024-04-22,0.03581263689363845
2024-04-23,0.026595719384628902
2024-04-24,-0.06994818348817877
2024-04-25,0.0006963947855795904
2024-04-26,-0.02157268395345724
2024-04-29,0.06045514953253339
2024-04-30,-0.03152248637416222
2024-05-01,-0.020775571037280005
2024-05-02,0.05091932785521425
2024-05-03,0.0545087778149933
2024-05-06,0.024888282562196107
2024-05-07,0.006849353300716787
2024-05-08,-0.013605458626517852
2024-05-09,0.060815064490806314
2024-05-10,-0.02364063928644422
2024-05-13,0.047820761881846474
2024-05-14,-0.008087775503626604
2024-05-15,0.025043698501170608
2024-05-16,0.03238634559487541
2024-05-17,0.05118328570560293
2024-05-20,0.037696298375627935
2024-05-21,-0.01664984504476208
2024-05-22,0.054386838296077045
2024-05-23,-0.020924497021473143
2024-05-24,-0.05467198487013769
2024-05-28,0.017875927676390013
2024-05-29,-0.05888436265789809
2024-05-30,-0.03622392273793085
2024-05-31,0.0017084674007932232
2024-06-03,0.07561113770146166
2024-06-04,-0.04756869000534203
2024-06-05,0.05105438695466713
2024-06-06,0.019007322748253674
2024-06-07,0.04559591206746916
2024-06-10,0.0004955514732707389
2024-06-11,0.06636949564847727
2024-06-12,-0.03251280727425376
2024-06-13,-0.03456549764722183
2024-06-14,-0.012431625679380276
2024-06-17,-0.035246764422282584
2024-06-18,0.040709848270215954
2024-06-20,-0.04563690185754132
2024-06-21,-0.0036784865815573387
2024-06-24,0.03902962627634432
2024-06-25,-0.03604065808753554
2024-06-26,-0.035808336670440144
2024-06-27,-0.018022934643983635
2024-06-28,-0.030589502283832615
2024-07-01,-0.04934025216833693
2024-07-02,-0.009655995797156591
2024-07-03,-0.003656274619152078
2024-07-05,-0.04587155856277603
2024-07-08,0.016666619798058058
2024-07-09,-0.008196728704605416
2024-07-10,-0.0139859707410529
2024-07-11,-0.018697611706865458
2024-07-12,0.01839682838756307
2024-07-15,-0.06580648114604337
2024-07-16,0.008977908739687734
2024-07-17,-0.05954824818640314
2024-07-18,0.026928667519837246
2024-07-19,0.013465665391969361
2024-07-22,0.04965035165572873
2024-07-23,-0.00999337574398984
2024-07-24,-0.03701206256848122
2024-07-25,-0.03913350127153237
2024-07-26,-0.017454528808593772
2024-07-29,0.005921533852755179
2024-07-30,0.03090508252966906
2024-07-31,-0.033547484607451716
2024-08-01,-0.03323484568190149
2024-08-02,-0.003055764811822348
2024-08-05,-0.008429165420982931
2024-08-06,0.029366315824074007
2024-08-07,0.04054053860548179
2024-08-08,0.023088070449148068
2024-08-09,0.007052145673009047
2024-08-12,0.008403353487606235
2024-08-13,-0.004861090047123207
2024-08-14,0.02861129445882593
2024-08-15,-0.011533248231593962
2024-08-16,-0.034317090629563785
2024-08-19,0.044065380171056656
2024-08-20,-0.002722938257019747
2024-08-21,-0.0061432901881947055
2024-08-22,-0.051510987526451224
2024-08-23,-0.006517027505665296
2024-08-26,-0.028425680446958923
2024-08-27,-0.01875468877951003
2024-08-28,0.009174303230812253
2024-08-29,0.017424280245004642
2024-08-30,-0.004467640971949516
2024-09-03,0.03889307869967329
2024-09-04,-0.030957544603841036
2024-09-05,0.053491847324536046
2024-09-06,0.00987301739319002
2024-09-09,-0.05865922978277016
2024-09-10,0.04376855879996655
2024-09-11,0.012793198939584416
2024-09-12,0.04070174903200385
2024-09-13,-0.022926510744237794
2024-09-16,0.02553484412722873
2024-09-17,-0.014804799356481602
2024-09-18,-0.013661253978772825
2024-09-19,0.011772858811221143
2024-09-20,0.049965811982549235
2024-09-23,0.048891785693592205
2024-09-24,-0.017402096352755914
2024-09-25,0.0025300417957863086
2024-09-26,-0.023974770050174787
2024-09-27,0.058177152984461245
2024-09-30,-0.0024435499985726583
2024-10-01,0.002449535561189764
2024-10-02,0.0024434334836958005
2024-10-03,0.016453410132496238
2024-10-04,-0.04436455103438208
2024-10-07,-0.035131711460742565
2024-10-08,-0.008452543138725677
2024-10-09,-0.025573793004770695
2024-10-10,0.01816961399742345
2024-10-11,-0.021810966372107554
2024-10-14,-0.05472975737688013
2024-10-15,0.0014296253102850098
2024-10-16,-0.04068527046298476
2024-10-17,-0.009672556906649366
2024-10-18,-0.021036865350720357
2024-10-21,0.01688413442343517
2024-10-22,0.018867924528301883
2024-10-23,0.0237036810980904
2024-10-24,0.03617945087128027
2024-10-25,0.00907822047565432
2024-10-28,-0.0768165862511313
2024-10-29,0.005247353375077646
2024-10-30,-0.013422841702009247
2024-10-31,-0.03930457460933956
2024-11-01,-0.01809602637453467
2024-11-04,0.04647443098194537
2024-11-05,-0.04058198082822595
2024-11-06,0.027134889052967903
2024-11-07,-0.016317019426131063
2024-11-08,-0.010268571564595375
2024-11-11,0.10135678250828839
2024-11-12,-0.010144952274475205
2024-11-13,0.03294288538007484
2024-11-14,-0.06803685765454115
2024-11-15,0.016730058814511173
2024-11-18,0.028421848742972378
2024-11-19,0.00872726440429683
2024-11-20,0.06344629572471305
2024-11-21,0.027118618205442147
2024-11-22,-0.0554454930735544
2024-11-25,0.03354294396653734
2024-11-26,0.019607840608587557
2024-11-27,-0.08421747417205838
2024-11-29,0.04489499396961549
2024-12-02,-0.038115050526893346
2024-12-03,-0.04827089847044519
2024-12-04,0.0037850257827762857
2024-12-05,0.0045248465238860724
2024-12-06,0.003753768159190818
2024-12-09,0.029917769306537556
2024-12-10,0.0029048627830998708
2024-12-11,0.05430847047148868
2024-12-12,0.03296700057711699
2024-12-13,-0.05385641101536953
2024-12-16,-0.0196767211509824
2024-12-17,0.036559156692110406
2024-12-18,0.005532498167012845
2024-12-19,0.05914715673545601
2024-12-20,0.030519498615004803
2024-12-23,-0.015122859032692948
2024-12-24,0.032629511930477806
2024-12-26,-0.047707529938520454
2024-12-27,0.025374127926258483
2024-12-30,0.1440355599490195
2024-12-31,-0.06766506790023352
2025-01-02,0.01189772571644987
2025-01-03,-0.08348030906448078
2025-01-06,0.10070555993956187
2025-01-07,-0.06818182323412969
2025-01-08,0.07004383084835264
2025-01-10,0.07656337926427836
2025-01-13,-0.010857804674868188
2025-01-14,0.013721186027529697
2025-01-15,0.03519228749558945
2025-01-16,0.042887011445188694
2025-01-17,-0.08024073914827223
2025-01-21,-0.03326066550034834
2025-01-22,0.0456853578231311
2025-01-23,-0.015641904056459155
2025-01-24,-0.0071232416858412195
2025-01-27,-0.05353207371838964
2025-01-28,-0.050145698083498225
2025-01-29,0.0288520127034797
2025-01-30,-0.03699288966386627
2025-01-31,0.003097964454772395
2025-02-03,0.08956138404940583
2025-02-04,-0.032312908987894184
2025-02-05,0.04276505889204385
2025-02-06,0.005056188564351416
2025-02-07,-0.02291782344326654
2025-02-10,0.041761988635780956
2025-02-11,0.020318553423151364
2025-02-12,0.0113025292079445
2025-02-13,0.019159057235885957
2025-02-14,0.026109661094519288
2025-02-18,0.06615782033823803
2025-02-19,0.07923626668065076
2025-02-20,-0.03892087768066399
2025-02-21,0.016566986559380048
2025-02-24,-0.038478966754110555
2025-02-25,0.024011310469754577
2025-02-26,-0.027586224435389384
2025-02-27,-0.013711537277033448
2025-02-28,-0.024928113257370876
2025-03-03,0.07915440502819848
2025-03-04,0.052847371621538075
2025-03-05,0.022068377992746413
2025-03-06,-0.03598646703085018
2025-03-07,0.018445325772961985
2025-03-10,0.027598075675268285
2025-03-11,-0.023080119128049414
2025-03-12,-0.07001722594665871
2025-03-13,-0.010161631280870886
2025-03-14,0.016798908316609573
2025-03-17,-0.02615886086386887
2025-03-18,0.00895384261101495
2025-03-19,0.04390474267897937
2025-03-20,-0.052796433334923454
2025-03-21,-0.015588092702729206
2025-03-24,-0.00863725066496357
2025-03-25,-0.015972890907227866
2025-03-26,-0.009345820697030938
2025-03-27,0.013406180037048188
2025-03-28,0.04507594724017561
2025-03-31,0.013127083340226164
2025-04-01,-0.042110125946789645
2025-04-02,0.01690813822324677
2025-04-03,0.024703110527821925
2025-04-04,-0.07093179420229678
2025-04-07,-0.04840325231480158
2025-04-08,-0.041426272722653756
2025-04-09,0.07330416314299315
2025-04-10,-0.05861373479553034
2025-04-11,0.00866268832486794
2025-04-14,-0.060118034478681026
2025-04-15,-0.008566511511682195
2025-04-16,-0.019009211526713865
2025-04-17,0.0
2025-04-21,-0.05930711615730311
2025-04-22,-0.0149813182231322
2025-04-23,-0.003168579948096717
2025-04-24,-0.014621713218666121
2025-04-25,0.012903213500976562
2025-04-28,0.05859879242962385
2025-04-29,0.015643700866695864
2025-04-30,-0.008293803116639409
2025-05-01,0.03464754669272696
2025-05-02,0.057736721571584715
2025-05-05,-0.018558960603255237
2025-05-06,-0.033926513822761684
2025-05-07,0.04605637296537135
2025-05-08,-0.005503598296633716
2025-05-09,0.05035970463645101
2025-05-12,-0.033192791146525624
2025-05-13,-0.008719337552367645
2025-05-14,-0.043430505350904425
2025-05-15,-0.03448278130022209
2025-05-16,-0.005357152183040115
2025-05-19,-0.06343504033625968
2025-05-20,0.08562301503197967
2025-05-21,-0.00412005272320326
2025-05-22,-0.015957473791147314
2025-05-23,0.010810829387374543
2025-05-27,0.014260236019378203
2025-05-28,-0.053895728924523545
2025-05-29,-0.009907111528877577
2025-05-30,-0.017510927891127293
2025-06-02,0.07383837035453311
2025-06-03,0.005334809766574189
2025-06-04,-0.0029480683820509723
2025-06-05,-0.0124186331382371
2025-06-06,0.028742486245961096
2025-06-09,-0.03608852317928146
2025-06-10,-0.03019323768870341
2025-06-11,-0.0068492939187524415
2025-06-12,0.0075235038867760284
2025-06-13,0.018046105851560634
2025-06-16,0.03789724381137671
2025-06-17,0.03533571246437761
2025-06-18,0.028441410817400703
2025-06-20,-0.02323009281339916
2025-06-23,-0.046432599202110514
2025-06-24,-0.035035638197261076
2025-06-25,-0.024615361140324366
2025-06-26,-0.011987415109450006
2025-06-27,0.056194193913779555
2025-06-30,-0.07617902737679383
2025-07-01,-0.011125659637749807
2025-07-02,0.020516242664486484
2025-07-03,-0.011024648213542765
2025-07-07,-0.009180350381819968
2025-07-08,-0.018530757070365333
2025-07-09,-0.042481464442481354
2025-07-10,0.03873240831848479
2025-07-11,0.011525428901284274
2025-07-14,0.024798919816828136
2025-07-15,0.016350555959694146
2025-07-16,0.016731031500648363
2025-07-17,-0.006329137991299971
2025-07-18,0.009554176689611893
2025-07-21,-0.07381703773722292
2025-07-22,-0.014305179412900326
2025-07-23,-0.05252247511104502
2025-07-24,0.01094089118256103
2025-07-25,-0.002164482951970137
2025-07-28,-0.011569041814516345
2025-07-29,0.017556676648039282
2025-07-30,-0.040258768661781574
2025-07-31,0.017977510431482102
2025-08-01,0.002207485845059365
2025-08-04,-0.04845813898367868
2025-08-05,0.017746878206739147
2025-08-06,0.02653528374559322
2025-08-07,-0.0007385693434276419
2025-08-08,-0.024390238744933512
2025-08-11,-0.009848493660558177
2025-08-12,-0.06044376283848518
2025-08-13,0.00977197786388273
2025-08-14,0.008871017236740997
2025-08-15,0.025579511508356134
2025-08-18,-0.00857362878654433
2025-08-19,-0.04402518929722532
2025-08-20,-0.0024670833345097343
2025-08-21,0.022258821231824655
2025-08-22,-0.03951611178970671
2025-08-25,0.003358519090302048
2025-08-26,0.0016736785006612465
2025-08-27,0.0183792237633007
2025-08-28,0.031173103160104576
2025-08-29,0.020684187366280637
2025-09-02,-0.0038971310235536016
2025-09-03,0.021909287362747998
2025-09-04,0.003062784116985684
2025-09-05,-0.012213801253987189
2025-09-08,0.017001566782299138
2025-09-09,0.0075988132696971356
2025-09-10,-0.028657625028786438
2025-09-11,-0.03571428835867996
2025-09-12,0.007246389052740554
2025-09-15,0.031974389385444946
2025-09-16,0.0240124262804573
2025-09-17,-0.009077146984509898
2025-09-18,-0.03282444982093513
2025-09-19,-0.00789268988694225
2025-09-22,-0.03341289470889064
2025-09-23,0.017283954299611493
2025-09-24,0.0
2025-09-25,0.01860845487858831
2025-09-26,-0.009531364901089079
2025-09-29,0.028067315180483554
2025-09-30,0.01950078049541082
2025-10-01,0.04208111733565412
2025-10-02,-0.012481650346722217
2025-10-03,-0.02973974901135168
2025-10-06,0.019157087842611054
2025-10-07,0.036090190628020435
2025-10-08,-0.04934683343094992
2025-10-09,-0.02748096182201598
2025-10-10,-0.03218209221177426
2025-10-13,-0.012165419258590826
2025-10-14,-0.018883455677164984
2025-10-15,-0.005857715141547204
2025-10-16,-0.02525254106438868
2025-10-17,0.02504317476370188
2025-10-20,0.08930079442597827
2025-10-21,0.017014641002477626
2025-10-22,-0.0068440457432979995
2025-10-23,-0.009954066635836645
2025-10-24,0.003093577796515312
2025-10-27,-0.006168074175713301
2025-10-28,-0.04266874911448493
2025-10-29,-0.010534855172887103
2025-10-30,0.04995902168480448
2025-10-31,0.03354136625677007
2025-11-03,0.038490583311836746
2025-11-04,0.012354656501903039
2025-11-05,-0.021536265912599717
2025-11-06,0.03961848549662883
2025-11-07,-0.01552577740608918
2025-11-10,0.010752729337312639
2025-11-11,0.03262411529800424
2025-11-12,0.006181263483503452
2025-11-13,0.010921556672537358
2025-11-14,-0.01688048567972089
2025-11-17,-0.030219816028631663
2025-11-18,0.007082180048173958
2025-11-19,0.033755241436195904
2025-11-20,-0.019047601129539737
2025-11-21,0.015950037518684956
2025-11-24,-0.01638223736296862
2025-11-25,-0.040249821641060946
2025-11-26,0.030368769241568838
2025-11-28,0.03368417840254945
2025-12-01,0.03258659272420927
2025-12-02,-0.016436554856870123
2025-12-03,0.03409092430356764
2025-12-04,0.012281808474706057
2025-12-05,0.045338505666628004
2025-12-08,-0.07941362723045875
2025-12-09,-0.06436624638337829
2025-12-10,0.011347506601657953
2025-12-11,-0.08274896817924571
2025-12-12,-0.026758439106363552
2025-12-15,-0.02120970257646404
2025-12-16,-0.028892428216299004
2025-12-17,0.04462809461394701
2025-12-18,-0.048259540647386356
2025-12-19,0.013300070736792291
2025-12-22,-0.027891649763525428
2025-12-23,0.08860752770121971
2025-12-24,-0.0395348287045626
2025-12-26,0.03389831030313828
2025-12-29,0.0187353445165106
2025-12-30,0.005363961210814061
2025-12-31,-0.06554875489166967
2026-01-02,-0.01631319784105567
2026-01-05,-0.03565508210732282
2026-01-06,-0.030094615479421383
2026-01-07,0.04432624218407666
2026-01-08,-0.04329365762038828
2026-01-09,-0.07719616716023059
2026-01-12,0.07500006877459264
2026-01-13,0.012522306424591845
2026-01-14,-0.09540635625633975
2026-01-15,0.005859416109161408
2026-01-16,0.002912595380161198
2026-01-20,0.19748305681701717
2026-01-21,0.10266778249903541
2026-01-22,-0.015395896837332335
2026-01-23,0.040208484704569836
2026-01-26,0.06156046100492718
2026-01-27,-0.008766022596744083
2026-01-28,-0.011564631190457364
2026-01-29,0.03647630394946533
2026-01-30,0.12217789825004566
2026-02-02,-0.24852070438273743
2026-02-03,0.022047223399713767
2026-02-04,0.03698000869327811
2026-02-05,0.004457683465575846
2026-02-06,-0.01849112363427774
2026-02-09,-0.0828937711773905
2026-02-10,-0.0032867675926265827
2026-02-11,0.015663609117126498
2026-02-12,0.00892862119126292
2026-02-13,0.0008044468995995757
2026-02-17,-0.043408358526358604
2026-02-18,-0.0025209860447789056
2026-02-19,-0.005897194229073199
2026-02-20,0.017796613114621884
2026-02-23,-0.02248130329876019
2026-02-24,-0.023850062898640334
2026-02-25,0.012216434804252607
2026-02-26,-0.01896553963741643
2026-02-27,0.012302314755260557
2026-03-02,0.04166662527455389
2026-03-03,0.023333311080932617
2026-03-04,-0.040716613263233614
2026-03-05,0.022920243114094907
2026-03-06,0.05809126955892996
2026-03-09,-0.03450977101045494
2026-03-10,-0.0032493875296125685
2026-03-11,0.04971472159084378
2026-03-12,0.012422348291186713
2026-03-13,-0.030674817461688986
2026-03-16,-0.03401901056141465
2026-03-17,-0.0008190195618831275
2026-03-18,0.038524612653835444
2026-03-19,-0.008681898659421261
2026-03-20,-0.013535037469300737
2026-03-23,-0.0532688283129964
2026-03-24,0.0
2026-03-25,0.011082704135906063
2026-03-26,-0.0016862988759106523
2026-03-27,0.03716212624263604
2026-03-30,-0.04885988931941454
2026-03-31,0.00428075648580184
2026-04-01,-0.026427917991485583
2026-04-02,-0.006129570434025067
2026-04-06,0.0017620707856542683
2026-04-07,0.0158311615644251
2026-04-08,-0.04069266314002573
2026-04-09,-0.01805052442619892
2026-04-10,-0.010110262455902408
2026-04-13,-0.00835655977368277
2026-04-14,-0.011235944019676203
2026-04-15,0.0018938923574478572
2026-04-16,0.018903573790866046
2026-04-17,0.0055659017720737225
2026-04-20,0.0009225303266671148
2026-04-21,0.009216536799961261
2026-04-22,0.0
2026-04-23,-0.039269347853104875
2026-04-24,-0.019961979943831087
2026-04-27,0.01745871427502399
2026-04-28,-0.015252607331091794
2026-04-29,-0.017425005470010357
2026-04-30,0.044335052202161274
2026-05-01,0.010377325728170739
2026-05-04,0.022408942134764853
2026-05-05,-0.02831045400385146
2026-05-06,-0.01785719247432671
2026-05-07,0.022009617235277057
2026-05-08,-0.010299682322878811
2026-05-11,0.061494852504383024
2026-05-12,-0.02762927025302031
2026-05-13,0.006416104106621301
2026-05-14,0.016393471100192736
2026-05-15,0.015232981955046299
2026-05-18,0.01853486668676685
2026-05-19,0.031195810907042487
2026-05-20,-0.034453769794552724
2026-05-21,-0.01392513930368311
2026-05-22,-0.03442191932470784
2026-05-26,-0.0027422060440462914
2026-05-27,0.024747979976160517
2026-05-28,0.06350626285924865
2026-05-29,0.0033641682672860274
2026-06-01,-0.032690723666918275
2026-06-02,-0.006065831460624893
2026-06-03,0.020924129514456657
2026-06-04,0.035012796419852776
2026-06-05,-0.037128697484668405
2026-06-08,-0.025706957050006585
2026-06-09,0.0017590552299893147
2026-06-10,0.01316941299463692
2026-06-11,-0.032928952833367275
2026-06-12,0.017025137693140513
2026-06-15,0.007048451190949878
2026-06-16,0.028871383630377112
2026-06-17,-0.016156507683646626
2026-06-18,0.01469317897821476
2026-06-22,0.0025554248066779195
2026-06-23,-0.022939715145514294
2026-06-24,0.019999960194463373
2026-06-25,0.001705068929598541
2026-06-26,0.010212756217794272
2026-06-29,-0.037068204264989246
2026-06-30,0.025371824506575935
2026-07-01,-0.01706482975327095
2026-07-02,0.005208286767206527
2026-07-06,0.011226262115493268
2026-07-07,0.004269871099229716
2026-07-08,-0.013605428936910857
2026-07-09,-0.06637934762430686
2026-07-10,-0.021237261667276353
2026-07-13,-0.021698159210703394
2026-07-14,0.014464857652841001
2026-07-15,0.0028516855195621638
2026-07-16,-0.012322285506220831
2026-07-17,0.00863725066496368
2026-07-20,-0.020932470241460166
2026-07-21,0.01068995695675734
2026-07-22,0.01923084329571556
2026-07-23,0.0009433278158175185
2026-07-24,-0.005654992260496705
2026-07-27,-0.04170621100500371
2026-07-28,-0.030662658404507548
2026-07-29,0.013265317541913957
2026-07-30,0.00805638683257226
2026-07-31,0.004995023935224108
2026-08-03,0.004970102880219596
2026-08-04,-0.033629991143374394
2026-08-05,-0.003070694497426363
2026-08-06,-0.011293599513567343
2026-08-07,0.011422601803741772
2026-08-10,0.04106782151994537
2026-08-11,-0.006903416777952032
2026-08-12,0.01290964432776831
2026-08-13,-0.022548975150706307
2026-08-14,-0.00501506413196573
2026-08-17,-0.009072595957228091
2026-08-18,0.027466984726270294
2026-08-19,-0.008910905860262552
2026-08-20,0.0
2026-08-21,-0.0019980476829525307
2026-08-24,0.016016001108896782
2026-08-25,0.007881766178592375
2026-08-26,0.017595338536685157
2026-08-27,0.0019212735885527632
2026-08-28,-0.009587764002279009
2026-08-31,0.02032914227473004
2026-09-01,0.003795062808140459
2026-09-02,0.014568060257073747
